OBJECTID;LAND;BEZ;LOR_ab_2021;UJAHR;UMONAT;USTUNDE;UWOCHENTAG;UKATEGORIE;UART;UTYP1;ULICHTVERH;IstRad;IstPKW;IstFuss;IstKrad;IstGkfz;IstSonstige;USTRZUSTAND
218288;11;1;1200625;2021;12;14;1;2;5;3;0;0;1;0;1;0;0;1
218286;11;10;10200629;2021;12;9;4;3;5;2;0;1;1;0;0;0;0;1
218285;11;7;7400822;2021;12;9;7;3;1;3;0;0;1;0;0;0;0;1
218283;11;4;4500938;2021;12;8;5;3;2;6;0;0;1;0;0;0;0;2
218280;11;5;5100313;2021;12;17;2;3;3;6;2;0;1;0;0;0;1;0
218279;11;11;11200512;2021;12;14;3;3;5;2;0;0;1;0;0;0;0;1
218278;11;7;7400928;2021;12;15;5;3;5;7;1;0;1;0;0;0;1;0
218277;11;11;11400930;2021;12;6;3;3;5;3;2;1;1;0;0;0;0;1
218274;11;5;5100315;2021;12;14;7;3;5;2;0;0;1;0;0;0;0;1
218273;11;9;9200715;2021;11;15;3;3;2;6;0;0;1;0;0;0;0;1
218272;11;6;6200420;2021;12;17;2;2;6;4;2;0;1;1;0;0;0;0
218271;11;4;4501043;2021;12;15;2;3;6;2;1;0;1;1;0;0;0;1
218269;11;9;9200819;2021;12;15;4;3;6;4;1;0;1;1;0;0;0;1
218267;11;1;1200521;2021;12;13;4;3;1;5;0;1;1;0;0;0;0;1
218265;11;9;9100203;2021;12;16;5;3;2;2;1;0;1;0;0;0;0;1
218264;11;7;7100205;2021;12;12;2;3;0;2;0;0;1;0;0;0;1;0
218263;11;9;9200715;2021;12;15;7;3;2;1;0;0;1;0;0;0;0;0
218262;11;8;8401246;2021;12;7;4;3;6;2;1;0;1;1;0;0;0;1
218261;11;6;6300632;2021;12;11;3;3;6;4;0;0;1;1;0;0;0;0
218259;11;1;1100206;2021;12;17;4;3;5;7;1;1;1;0;0;0;0;1
218258;11;11;11100309;2021;12;17;5;3;6;2;2;0;1;1;0;0;0;0
218257;11;6;6100208;2021;12;19;6;2;1;1;2;0;1;0;0;0;0;0
218255;11;1;1100309;2021;12;21;6;2;5;2;2;0;1;0;0;0;0;1
218252;11;6;6400843;2021;12;17;3;3;5;3;2;1;1;0;0;0;0;0
218251;11;4;4400727;2021;12;11;3;3;2;6;0;0;1;0;0;0;0;0
218250;11;11;11501341;2021;12;9;4;2;6;4;0;0;1;1;0;0;0;0
218248;11;4;4400834;2021;12;19;5;3;5;3;2;1;1;0;0;0;0;1
218247;11;7;7100102;2021;12;20;7;3;6;7;2;0;0;1;0;0;1;0
218245;11;8;8100521;2021;11;16;2;3;6;2;1;0;1;1;0;0;0;1
218244;11;4;4300622;2021;12;10;1;3;3;2;0;0;1;0;0;1;0;1
218243;11;6;6300629;2021;12;9;4;3;6;4;0;0;0;1;1;0;0;0
218242;11;7;7300619;2021;12;20;1;3;5;3;2;0;1;0;0;0;0;1
218240;11;9;9401329;2021;12;12;5;3;0;7;0;0;1;0;0;0;0;0
218239;11;2;2200208;2021;12;14;3;3;5;2;0;1;1;0;0;0;0;1
218236;11;1;1100312;2021;12;13;5;3;2;6;0;0;1;0;0;0;0;1
218235;11;3;3601450;2021;12;21;6;3;2;6;2;0;1;0;0;0;0;1
218234;11;12;12500824;2021;12;21;2;3;5;3;2;0;1;0;1;0;0;2
218233;11;11;11300826;2021;11;16;3;3;5;3;2;1;0;0;0;0;0;1
218232;11;7;7601442;2021;12;10;2;2;6;2;0;0;1;1;0;0;0;0
218230;11;9;9502043;2021;12;14;4;3;6;4;0;0;1;1;0;0;0;0
218228;11;10;10100207;2021;12;10;5;3;2;1;0;0;1;0;0;0;0;2
218225;11;6;6300633;2021;12;14;2;3;0;7;0;0;0;0;1;0;0;1
218224;11;9;9502043;2021;12;18;4;3;6;4;2;0;0;1;0;0;1;0
218223;11;12;12500825;2021;12;10;5;3;5;3;0;0;0;0;0;0;1;0
218222;11;3;3400721;2021;12;6;4;2;2;7;2;1;0;0;0;0;0;0
218220;11;10;10400940;2021;12;17;5;3;5;3;2;0;1;0;0;0;1;0
218219;11;11;11400931;2021;12;14;5;3;5;2;0;1;1;0;0;0;0;0
218217;11;6;6300632;2021;12;14;6;2;5;3;0;0;1;0;0;0;0;1
218215;11;8;8200727;2021;12;16;3;3;5;7;2;0;1;0;0;0;0;1
218214;11;12;12200307;2021;12;8;5;3;3;6;0;0;1;0;0;0;0;0
218213;11;7;7501133;2021;12;11;5;3;5;2;0;0;1;0;0;0;0;0
218212;11;5;5100315;2021;12;7;4;3;5;3;1;1;1;0;0;0;0;1
218211;11;1;1100416;2021;12;14;3;3;1;5;0;1;1;0;0;0;0;0
218209;11;1;1300834;2021;12;4;5;3;2;6;2;0;1;0;1;0;0;1
218208;11;6;6100103;2021;12;18;5;3;1;5;2;1;1;0;0;0;0;1
218207;11;4;4501042;2021;12;19;6;3;2;6;2;0;1;0;0;0;0;0
218205;11;2;2200211;2021;12;15;7;3;6;7;1;0;1;1;0;0;0;1
218202;11;1;1100308;2021;12;17;2;3;6;2;2;1;0;1;0;0;0;0
218201;11;6;6300527;2021;12;8;5;1;6;7;1;0;0;1;0;1;0;1
218200;11;1;1400938;2021;12;9;4;3;5;7;1;0;1;0;0;0;0;0
218198;11;4;4501147;2021;12;12;5;3;5;7;0;1;1;0;0;0;0;0
218196;11;11;11300722;2021;11;7;2;3;5;2;1;1;0;0;0;0;1;1
218195;11;4;4501150;2021;12;19;7;3;6;2;2;0;1;1;0;0;0;0
218194;11;3;3300413;2021;12;0;3;3;1;5;2;0;1;0;0;0;1;0
218193;11;7;7100102;2021;12;22;1;3;2;6;2;0;1;0;0;0;0;1
218191;11;2;2200209;2021;12;16;4;3;5;2;1;0;1;0;1;0;0;0
218187;11;2;2200211;2021;12;8;6;3;5;7;0;1;1;0;0;0;0;0
218186;11;2;2400623;2021;12;13;7;3;2;1;0;0;1;0;0;0;0;0
218185;11;10;10300731;2021;12;22;4;3;0;1;2;0;0;0;0;0;1;1
218184;11;1;1300732;2021;12;8;2;2;2;6;0;0;1;0;0;0;0;0
218182;11;6;6200314;2021;12;15;5;2;1;5;0;0;1;0;0;0;1;0
218180;11;1;1200627;2021;12;16;7;2;6;4;2;0;1;1;0;0;0;0
218177;11;1;1200629;2021;12;18;3;3;2;6;2;0;1;0;0;0;0;0
218176;11;4;4501045;2021;12;0;3;3;1;5;2;0;1;0;0;0;0;2
218175;11;1;1400940;2021;12;14;4;3;6;4;0;0;1;1;0;0;0;0
218173;11;7;7300619;2021;12;18;5;3;2;6;2;0;1;0;1;0;0;0
218172;11;10;10200420;2021;12;10;6;3;5;3;0;0;1;0;0;0;0;0
218170;11;11;11300721;2021;11;18;3;3;5;2;2;0;1;0;0;0;1;1
218168;11;10;10400938;2021;12;13;4;3;5;3;0;0;1;0;0;1;0;0
218167;11;3;3500934;2021;12;17;5;3;5;3;2;1;1;0;0;0;0;1
218166;11;7;7400823;2021;12;17;6;3;1;5;2;1;1;0;0;0;0;1
218165;11;10;10200422;2021;12;14;6;3;6;7;0;1;0;1;0;0;0;0
218163;11;10;10400835;2021;12;16;6;3;5;3;2;1;1;0;0;0;0;0
218162;11;11;11100204;2021;12;5;4;3;5;2;2;1;1;0;0;0;0;1
218161;11;4;4200308;2021;12;15;1;2;5;3;1;0;1;0;0;0;0;1
218160;11;5;5100210;2021;12;15;2;3;2;6;0;0;1;0;0;0;0;1
218158;11;1;1300834;2021;12;11;3;3;5;3;0;1;1;0;0;0;0;0
218157;11;1;1401049;2021;12;9;7;2;6;2;0;0;0;1;0;0;1;1
218155;11;12;12601235;2021;12;7;6;3;6;2;1;0;1;1;0;0;0;2
218153;11;9;9501737;2021;12;10;6;3;5;3;0;0;1;0;0;0;0;1
218152;11;1;1100310;2021;12;8;2;2;0;1;0;0;0;0;0;0;1;1
218151;11;6;6100206;2021;12;16;1;3;0;3;2;0;1;0;0;0;1;0
218150;11;12;12400616;2021;10;8;7;2;9;1;0;0;0;0;1;0;0;1
218149;11;8;8100417;2021;10;14;7;3;5;2;0;1;1;0;0;0;0;0
218148;11;8;8100415;2021;11;9;3;3;5;3;0;1;1;0;0;0;0;1
218147;11;3;3601142;2021;11;18;5;3;5;2;1;1;0;0;1;0;0;1
218146;11;11;11100102;2021;10;16;6;3;5;3;0;1;1;0;0;0;0;0
218145;11;4;4100102;2021;10;22;6;3;5;3;2;0;1;0;0;0;1;0
218144;11;2;2500831;2021;10;11;3;3;5;3;0;0;1;0;1;0;0;0
218143;11;8;8100311;2021;10;21;3;3;6;7;2;0;1;1;0;0;0;0
218142;11;6;6200419;2021;10;20;2;3;1;5;2;0;1;0;0;0;0;0
218141;11;11;11501339;2021;11;12;3;2;5;2;0;1;1;0;0;0;0;1
218140;11;4;4400835;2021;10;8;4;3;6;2;0;0;1;1;0;0;0;1
218139;11;3;3601450;2021;11;12;6;3;0;2;0;1;1;0;0;0;0;1
218138;11;9;9301126;2021;11;11;1;3;0;7;0;0;0;0;1;0;0;1
218137;11;9;9502042;2021;11;10;4;3;1;5;0;1;1;0;0;0;0;0
218136;11;1;1300733;2021;11;16;7;3;5;3;2;1;1;0;0;0;0;1
218135;11;5;5200423;2021;10;3;5;3;9;1;2;0;0;0;0;0;1;0
218134;11;2;2200209;2021;10;11;2;2;5;5;0;0;1;0;1;0;0;0
218133;11;1;1100313;2021;10;7;1;3;5;3;0;0;1;0;1;0;0;0
218132;11;10;10200417;2021;11;16;4;2;5;3;2;0;1;0;1;0;0;0
218131;11;7;7300517;2021;11;17;6;3;3;6;2;1;1;0;0;0;0;0
218130;11;7;7400823;2021;10;8;2;3;5;3;0;0;1;0;1;0;0;1
218129;11;12;12500926;2021;10;7;4;3;2;6;0;0;0;0;1;1;0;1
218128;11;6;6100103;2021;11;13;4;3;1;5;0;0;0;0;1;0;1;1
218127;11;1;1300733;2021;11;8;4;3;2;6;0;1;1;0;0;0;0;1
218126;11;4;4300624;2021;10;19;4;3;1;5;2;1;1;0;0;0;0;0
218125;11;5;5100208;2021;10;13;5;3;0;4;0;1;0;1;0;0;0;1
218124;11;4;4200308;2021;10;10;6;3;0;7;0;0;1;0;1;0;0;0
218123;11;11;11401034;2021;11;9;2;3;5;2;0;1;1;0;0;0;0;0
218122;11;5;5100210;2021;11;18;5;3;5;3;2;0;1;0;0;0;1;1
218121;11;3;3601141;2021;11;7;3;3;2;6;0;0;1;0;0;0;0;0
218120;11;11;11200411;2021;10;16;7;3;5;3;0;1;0;0;1;0;0;0
218119;11;2;2400623;2021;10;13;5;3;5;3;0;0;1;0;1;0;0;0
218118;11;6;6200313;2021;10;17;3;2;5;2;0;0;1;0;0;0;0;1
218117;11;10;10400940;2021;11;17;2;3;6;2;2;0;0;1;0;0;1;1
218116;11;1;1100205;2021;11;10;5;3;5;3;0;1;1;0;0;0;0;0
218115;11;3;3601450;2021;11;21;1;3;2;6;2;0;1;0;0;0;0;1
218114;11;1;1300733;2021;10;10;3;3;2;6;0;0;1;0;0;0;0;1
218113;11;3;3100101;2021;11;18;7;3;1;5;2;0;1;0;0;0;0;1
218112;11;10;10100314;2021;10;15;5;3;5;7;0;0;1;0;0;0;0;0
218111;11;11;11300620;2021;10;13;6;3;2;6;0;0;1;0;0;0;0;1
218110;11;1;1300834;2021;10;16;6;3;0;7;0;0;1;0;1;0;0;1
218109;11;1;1100309;2021;10;16;6;3;6;7;0;0;0;1;0;0;1;0
218108;11;1;1401049;2021;11;14;2;3;5;2;0;0;1;0;0;0;1;0
218107;11;9;9100203;2021;11;8;6;3;5;2;0;0;1;0;0;0;0;1
218106;11;3;3400725;2021;11;8;4;3;6;4;0;0;0;1;0;0;1;1
218105;11;5;5200524;2021;10;15;6;3;2;6;0;0;1;0;0;0;0;0
218104;11;7;7601341;2021;10;11;3;3;5;2;0;0;1;0;0;0;1;0
218103;11;5;5100314;2021;10;6;4;3;5;3;1;1;1;0;0;0;0;0
218102;11;12;12200309;2021;11;9;2;3;6;4;0;0;1;1;0;0;0;1
218101;11;4;4501040;2021;10;11;3;3;0;6;0;1;0;0;0;0;1;1
218100;11;3;3601449;2021;10;12;4;3;2;6;0;1;0;0;0;0;0;0
218099;11;8;8100209;2021;11;16;7;3;5;3;2;1;1;0;0;0;0;0
218098;11;8;8100209;2021;11;16;2;3;5;3;2;1;1;0;0;0;0;1
218097;11;8;8100419;2021;11;6;3;2;5;3;1;0;1;0;0;0;0;1
218096;11;11;11200512;2021;11;15;2;3;2;6;0;0;1;0;0;0;0;0
218095;11;10;10100313;2021;10;10;7;3;5;3;0;0;1;0;0;0;0;0
218094;11;9;9200819;2021;10;10;7;2;6;4;0;0;1;1;0;0;0;0
218093;11;4;4400835;2021;11;14;3;3;2;2;0;0;1;0;0;0;0;0
218092;11;12;12200414;2021;11;18;5;3;5;2;1;1;1;0;0;0;0;1
218091;11;8;8100417;2021;10;0;1;3;2;6;2;0;1;0;0;0;0;0
218090;11;7;7300619;2021;10;12;4;3;2;6;0;0;1;0;0;0;0;1
218089;11;4;4500939;2021;10;4;3;3;0;2;2;0;0;0;1;1;0;0
218088;11;7;7100103;2021;10;16;2;2;7;7;0;1;0;0;0;0;0;0
218087;11;12;12200515;2021;11;18;4;3;0;2;2;1;1;0;0;0;0;0
218086;11;4;4300619;2021;11;18;3;3;6;4;1;0;1;1;0;0;0;0
218085;11;3;3501037;2021;10;15;4;3;5;3;0;1;1;0;0;0;0;0
218084;11;8;8401139;2021;10;13;6;3;1;1;0;0;1;0;0;0;1;1
218083;11;12;12200411;2021;11;15;6;3;2;6;0;0;1;0;0;0;0;0
218082;11;2;2500728;2021;11;13;2;3;0;6;0;1;1;0;0;0;0;0
218081;11;2;2200209;2021;11;14;4;3;3;6;0;1;1;0;0;0;0;0
218080;11;4;4501149;2021;11;9;3;3;5;2;0;1;1;0;0;0;0;0
218079;11;6;6300528;2021;10;11;7;3;5;3;0;1;1;0;0;0;0;0
218078;11;11;11300620;2021;10;8;4;3;2;6;0;0;1;0;1;0;0;0
218077;11;3;3601450;2021;10;11;2;3;1;1;0;0;1;0;0;0;0;0
218076;11;12;12100204;2021;11;7;2;3;5;3;0;1;1;0;0;0;0;0
218075;11;7;7200307;2021;11;17;4;3;2;6;2;0;1;0;0;0;0;0
218074;11;8;8100521;2021;11;13;6;3;2;6;0;0;1;0;0;0;0;0
218073;11;4;4300412;2021;10;15;3;2;5;3;0;0;1;0;0;0;1;1
218072;11;2;2500832;2021;10;16;5;3;0;1;0;1;1;0;0;0;0;1
218071;11;5;5300841;2021;11;14;6;2;6;4;0;0;1;1;0;0;0;0
218070;11;10;10200629;2021;11;6;3;3;1;5;1;0;1;0;0;1;0;1
218069;11;1;1100310;2021;10;9;5;3;2;2;0;0;1;0;1;0;0;0
218068;11;1;1100205;2021;10;20;7;3;5;7;2;0;1;0;1;0;0;0
218067;11;5;5100105;2021;10;12;1;2;4;1;0;0;1;0;0;0;0;0
218066;11;5;5100317;2021;10;6;6;3;2;6;1;0;1;0;1;0;0;0
218065;11;4;4501042;2021;11;15;2;3;2;2;0;0;1;0;1;0;0;0
218064;11;3;3400827;2021;11;13;5;3;5;3;0;0;1;0;0;0;0;1
218063;11;8;8100103;2021;11;10;5;3;0;5;0;0;1;0;0;0;1;1
218062;11;1;1100309;2021;10;23;1;3;5;3;2;1;0;0;0;0;0;0
218061;11;4;4200309;2021;10;13;5;3;5;3;0;0;1;0;0;0;0;0
218060;11;8;8200623;2021;10;13;3;2;2;7;0;0;1;0;0;0;0;0
218059;11;4;4300416;2021;11;19;2;3;0;2;2;1;1;0;0;0;0;1
218058;11;3;3400619;2021;11;9;5;3;5;2;0;1;1;0;0;0;0;0
218057;11;3;3701660;2021;11;18;7;3;5;7;2;0;1;0;0;0;0;0
218056;11;8;8401241;2021;10;7;3;2;5;3;1;1;1;0;0;0;0;1
218055;11;3;3701554;2021;10;7;4;3;2;6;0;1;0;0;0;0;0;0
218054;11;5;5100104;2021;11;17;7;3;6;2;2;0;1;1;0;0;0;1
218053;11;2;2200209;2021;11;20;1;3;6;4;2;0;1;1;0;0;0;1
218052;11;4;4300623;2021;10;19;5;3;1;5;2;1;1;0;0;0;0;0
218051;11;1;1100309;2021;10;12;6;3;5;3;0;1;1;0;0;0;0;1
218050;11;8;8200623;2021;10;9;4;3;1;5;0;1;1;0;0;0;1;1
218049;11;1;1200623;2021;11;20;6;3;6;4;2;1;0;1;0;0;0;0
218048;11;7;7601236;2021;11;17;3;3;2;6;2;1;1;0;0;0;0;0
218047;11;11;11501340;2021;10;15;5;3;5;2;0;1;1;0;0;0;0;0
218046;11;2;2400624;2021;10;8;6;3;5;7;0;0;1;0;0;0;0;0
218045;11;11;11300620;2021;10;10;1;3;2;6;0;0;1;0;1;0;0;0
218044;11;3;3601245;2021;10;9;6;3;5;3;0;1;1;0;0;0;0;0
218043;11;1;1300834;2021;11;11;2;2;3;6;0;0;1;0;1;0;0;0
218042;11;11;11501238;2021;11;13;5;3;3;6;0;0;1;0;0;0;0;1
218041;11;3;3200206;2021;11;8;3;3;5;3;0;0;1;0;1;0;0;0
218040;11;5;5400942;2021;10;16;1;2;8;1;0;1;1;0;0;0;0;0
218039;11;1;1400938;2021;10;17;5;3;2;7;1;0;0;0;1;0;1;0
218038;11;10;10400836;2021;10;11;2;2;6;7;0;0;1;1;0;0;0;0
218037;11;9;9100304;2021;11;16;2;3;2;6;2;0;1;0;0;0;0;1
218036;11;4;4200308;2021;11;20;5;3;2;6;2;0;1;0;0;0;0;1
218035;11;1;1300733;2021;11;16;1;3;2;6;1;0;1;0;0;0;0;1
218034;11;1;1401046;2021;10;9;2;3;5;2;0;0;1;0;0;0;1;1
218033;11;6;6300632;2021;10;16;1;3;5;3;0;0;1;0;0;0;0;0
218032;11;9;9100203;2021;11;20;7;3;6;2;2;0;1;1;0;0;0;1
218031;11;7;7601341;2021;11;19;1;2;5;3;2;0;1;0;0;0;0;1
218030;11;10;10300731;2021;10;7;5;3;5;3;0;0;1;0;0;0;1;0
218029;11;3;3601450;2021;10;12;6;3;6;4;0;0;1;1;0;0;0;0
218028;11;11;11300721;2021;10;7;2;3;5;3;0;0;0;0;0;1;1;0
218027;11;8;8100312;2021;10;18;6;3;2;7;1;0;1;0;0;0;1;0
218026;11;10;10100209;2021;11;9;3;3;2;7;0;0;1;0;0;0;0;1
218025;11;6;6300633;2021;11;8;4;3;0;7;0;1;0;0;0;0;0;1
218024;11;4;4501040;2021;10;12;6;3;2;7;0;0;1;0;1;0;0;0
218023;11;9;9200715;2021;10;14;3;3;5;3;0;0;1;0;0;0;0;0
218022;11;8;8100102;2021;10;6;4;3;5;7;1;0;1;1;0;0;0;0
218021;11;1;1100309;2021;10;10;3;2;5;2;0;1;0;0;0;1;0;1
218020;11;4;4501045;2021;10;9;2;3;5;3;0;1;1;0;0;0;0;0
218019;11;12;12200310;2021;11;16;2;3;5;2;1;1;1;0;0;0;0;0
218018;11;8;8100209;2021;10;20;3;3;2;6;2;1;1;0;0;0;0;0
218017;11;11;11200514;2021;10;16;4;3;2;2;0;0;0;0;1;0;1;0
218016;11;12;12200414;2021;11;14;1;3;3;6;0;0;1;0;0;0;0;0
218015;11;12;12100204;2021;11;7;3;3;5;3;0;0;1;0;0;0;0;1
218014;11;11;11100203;2021;11;16;7;2;0;1;2;0;0;0;1;0;0;1
218013;11;5;5300735;2021;10;22;7;3;5;2;2;0;1;0;0;0;0;0
218012;11;10;10100312;2021;10;15;7;2;5;2;0;0;1;0;0;0;0;0
218011;11;4;4300415;2021;11;17;4;3;6;2;2;0;1;1;0;0;0;0
218010;11;10;10300734;2021;11;8;7;3;0;1;0;0;0;0;1;0;0;1
218009;11;1;1100309;2021;10;22;1;3;6;4;2;0;1;1;0;0;0;1
218008;11;4;4400728;2021;10;14;4;3;3;6;0;0;1;0;0;0;1;0
218007;11;9;9501737;2021;10;8;3;3;0;1;0;0;1;0;1;0;0;1
218006;11;9;9501737;2021;11;19;4;2;5;3;0;1;0;0;1;0;0;1
218005;11;4;4501148;2021;11;19;3;3;6;2;2;0;1;1;0;0;0;1
218004;11;2;2100102;2021;10;16;5;3;5;3;0;1;1;0;0;0;0;0
218003;11;8;8100102;2021;10;12;5;3;5;3;0;0;1;0;1;0;0;1
218002;11;7;7200413;2021;11;17;6;3;2;6;1;0;1;0;0;0;0;1
218001;11;5;5100315;2021;11;12;2;3;2;2;0;0;1;0;0;0;0;1
218000;11;9;9401431;2021;11;18;4;3;0;1;2;1;0;0;0;0;0;0
217999;11;3;3601142;2021;11;18;2;3;5;2;2;1;1;0;0;0;0;0
217998;11;1;1200627;2021;10;9;7;3;0;1;0;0;0;0;1;0;0;0
217997;11;7;7400721;2021;10;14;4;3;2;6;0;0;1;0;0;0;1;0
217996;11;4;4200309;2021;10;8;2;3;5;3;0;0;1;0;0;0;0;0
217995;11;1;1100311;2021;10;16;1;3;4;6;0;1;0;0;0;0;1;1
217994;11;1;1100206;2021;11;2;5;3;5;3;2;0;1;0;0;0;0;0
217993;11;11;11300722;2021;11;15;7;3;5;3;1;0;1;0;1;0;0;0
217992;11;7;7400824;2021;10;21;2;3;5;2;2;0;1;0;0;0;1;0
217991;11;5;5300841;2021;10;11;5;1;6;4;0;0;0;1;0;1;0;0
217990;11;5;5200633;2021;11;12;6;3;2;7;0;0;1;0;1;0;0;0
217989;11;3;3400725;2021;11;15;4;3;5;2;0;0;1;0;0;0;0;1
217988;11;3;11300617;2021;10;18;5;3;5;3;1;1;1;0;0;0;0;0
217987;11;1;1100310;2021;10;18;4;3;1;5;2;1;1;0;0;0;0;1
217986;11;8;8300935;2021;10;22;7;3;2;6;2;0;1;0;0;0;0;0
217985;11;3;3601450;2021;10;8;6;3;5;2;0;1;1;0;0;0;0;0
217984;11;1;1300733;2021;11;19;2;2;2;6;2;0;1;0;1;0;0;0
217983;11;6;6200313;2021;11;17;5;3;6;4;2;0;1;1;0;0;0;1
217982;11;2;2500835;2021;11;6;3;3;0;2;1;0;1;0;1;0;0;0
217981;11;11;11100203;2021;10;10;1;3;5;2;0;0;1;0;1;0;0;0
217980;11;8;8401243;2021;10;14;5;3;5;2;0;0;1;0;1;0;0;0
217979;11;12;12500927;2021;10;14;3;3;5;2;0;1;1;0;0;0;0;1
217978;11;3;3400721;2021;10;8;3;3;0;1;0;0;0;0;1;0;0;1
217977;11;5;5200629;2021;11;15;2;3;6;7;0;0;0;1;0;0;1;0
217976;11;3;3500932;2021;11;19;7;3;0;5;2;1;0;0;0;0;1;0
217975;11;4;4300620;2021;11;8;2;3;5;2;0;1;1;0;0;0;0;0
217974;11;3;3300514;2021;10;11;3;3;5;3;0;0;1;0;0;0;0;1
217973;11;6;6100209;2021;10;8;4;3;5;2;0;1;1;0;0;0;0;0
217972;11;6;6200314;2021;11;18;7;3;1;5;2;0;1;0;0;0;0;1
217971;11;3;3601245;2021;11;14;1;3;1;5;0;1;1;0;0;0;0;0
217970;11;8;8100416;2021;11;8;3;3;0;7;0;1;1;0;0;0;0;1
217969;11;12;12100101;2021;11;13;7;3;1;5;0;1;1;0;0;0;0;0
217968;11;11;11200410;2021;10;11;6;3;5;2;0;0;1;0;1;0;0;0
217967;11;2;2200210;2021;10;2;6;2;0;1;2;0;0;0;1;0;0;1
217966;11;3;3300514;2021;10;14;2;3;6;4;0;0;1;1;0;0;0;0
217965;11;3;3601346;2021;10;23;6;3;1;5;2;1;1;0;0;0;0;0
217964;11;11;11200410;2021;11;9;3;3;2;6;0;0;1;0;0;0;0;1
217963;11;10;10100316;2021;11;8;5;3;5;2;0;1;1;0;0;0;0;0
217962;11;9;9100304;2021;10;14;6;3;5;2;0;1;1;0;0;0;0;0
217961;11;4;4300623;2021;10;14;6;3;2;6;0;1;1;0;0;0;0;0
217960;11;5;5100316;2021;10;16;3;2;5;2;0;1;1;0;0;0;0;0
217959;11;11;11200512;2021;10;16;3;3;1;5;0;1;0;0;0;0;1;0
217958;11;1;1100310;2021;11;8;3;3;0;3;0;1;0;0;1;0;0;1
217957;11;8;8100105;2021;10;21;4;3;6;4;2;0;1;1;0;0;0;0
217956;11;12;12100205;2021;10;8;4;3;2;6;0;0;1;0;0;0;0;0
217955;11;4;4100102;2021;10;20;1;3;5;2;2;0;1;0;0;0;0;1
217954;11;8;8100415;2021;11;14;6;3;6;4;0;0;1;1;0;0;0;0
217953;11;10;11200515;2021;11;21;7;3;6;4;2;0;1;1;0;0;0;0
217952;11;7;7300619;2021;11;9;4;3;1;5;0;1;1;0;0;0;0;0
217951;11;11;11401137;2021;11;14;7;3;2;6;0;0;1;0;0;0;0;0
217950;11;7;7501031;2021;10;16;1;3;2;1;0;0;1;0;0;0;0;0
217949;11;10;10100104;2021;10;4;1;3;9;1;2;0;1;0;0;0;0;0
217948;11;12;12100101;2021;11;7;5;3;6;4;0;0;1;1;0;0;0;1
217947;11;1;1100414;2021;11;14;6;3;0;6;0;1;0;0;0;0;1;1
217946;11;12;12100101;2021;10;19;1;3;5;2;2;0;1;0;0;0;0;0
217945;11;6;6100209;2021;10;13;4;3;0;3;0;0;1;0;1;0;0;1
217944;11;4;4501149;2021;11;21;5;3;5;2;2;0;1;0;1;0;0;0
217943;11;6;6400838;2021;10;12;2;3;5;2;0;1;1;0;0;0;0;0
217942;11;1;1200628;2021;10;14;6;3;2;2;0;0;1;0;0;0;0;0
217941;11;9;9501736;2021;11;7;4;3;5;3;0;0;1;0;0;0;0;1
217940;11;8;8100206;2021;11;14;5;3;6;7;0;0;0;1;0;0;1;0
217939;11;7;7100102;2021;10;7;7;3;0;7;1;0;1;0;0;0;1;0
217938;11;2;2500832;2021;10;18;3;3;6;7;0;1;0;1;0;0;0;0
217937;11;8;8100314;2021;10;15;4;3;4;6;0;0;1;0;0;0;0;0
217936;11;5;5200524;2021;10;18;2;3;2;6;1;0;1;0;0;0;0;0
217935;11;6;6100210;2021;11;14;2;3;1;5;0;0;1;0;1;0;0;0
217934;11;7;7601236;2021;10;13;4;2;6;4;0;1;0;1;0;0;0;0
217933;11;3;3501037;2021;11;17;1;3;2;6;1;0;1;0;0;0;0;1
217932;11;4;4300619;2021;11;15;4;3;5;2;0;1;1;0;0;0;0;0
217931;11;9;9301025;2021;11;13;7;3;2;6;0;1;1;0;0;0;0;0
217930;11;3;3400721;2021;10;11;7;2;1;5;0;1;1;0;0;0;0;0
217929;11;5;5300736;2021;10;14;7;3;4;6;0;1;0;0;0;0;0;0
217928;11;4;4500939;2021;11;19;5;3;1;5;2;1;1;0;0;0;0;1
217927;11;1;1200628;2021;11;6;6;3;0;7;1;0;1;0;0;0;1;1
217926;11;11;11300721;2021;10;13;1;3;1;5;0;1;1;0;0;0;0;0
217925;11;3;3400620;2021;10;16;4;3;5;3;0;1;1;0;0;0;0;1
217924;11;1;1100415;2021;11;11;5;3;2;2;0;0;0;0;1;1;0;0
217923;11;11;11400931;2021;11;23;3;3;1;5;2;0;1;0;0;0;0;1
217922;11;8;8100415;2021;10;14;5;3;5;3;0;1;1;0;0;0;0;0
217921;11;2;2500833;2021;10;9;5;3;0;1;0;0;0;0;1;0;0;1
217920;11;10;10100209;2021;10;4;2;3;5;3;2;0;1;0;0;0;0;1
217919;11;7;7300619;2021;11;10;6;3;6;4;0;0;0;1;0;0;1;0