OBJECTID;LAND;BEZ;LOR_ab_2021;UJAHR;UMONAT;USTUNDE;UWOCHENTAG;UKATEGORIE;UART;UTYP1;ULICHTVERH;IstRad;IstPKW;IstFuss;IstKrad;IstGkfz;IstSonstige;USTRZUSTAND
217918;11;8;8100105;2021;11;17;1;3;2;6;2;0;1;0;0;0;0;1
217917;11;1;1401048;2021;11;13;5;3;2;6;0;0;0;0;0;0;1;1
217916;11;10;10400941;2021;11;15;2;3;5;3;0;0;1;0;0;0;1;0
217915;11;2;2100106;2021;10;15;7;3;5;3;0;0;1;0;0;0;1;0
217914;11;4;4200308;2021;10;12;5;3;5;2;0;1;1;0;0;0;0;0
217913;11;11;11401032;2021;10;6;2;3;5;3;2;1;1;0;0;0;0;2
217912;11;12;12601235;2021;11;6;2;3;5;2;0;1;1;0;0;0;0;0
217911;11;11;11100204;2021;11;11;5;2;5;3;0;0;1;0;0;0;1;0
217910;11;2;2100102;2021;11;11;7;2;5;2;0;1;1;0;0;0;0;0
217909;11;4;4300622;2021;10;19;3;3;1;1;2;0;1;0;0;0;0;0
217908;11;1;1200623;2021;10;1;5;3;1;5;2;1;1;0;0;0;0;0
217907;11;5;5100208;2021;11;17;6;2;5;3;1;0;1;0;1;0;1;0
217906;11;2;2100104;2021;10;20;5;3;5;3;2;1;1;0;0;0;0;0
217905;11;9;9501838;2021;10;15;4;3;2;6;0;0;1;0;0;0;0;1
217904;11;5;5100101;2021;10;10;7;3;2;6;0;0;1;0;0;0;0;1
217903;11;6;6300632;2021;10;8;5;3;5;3;0;0;1;0;0;0;0;0
217902;11;2;2400623;2021;11;13;2;2;5;3;0;1;1;0;0;0;0;0
217901;11;8;8200831;2021;11;16;5;3;2;6;2;0;1;0;0;0;0;1
217900;11;2;2500833;2021;11;22;4;3;1;5;2;1;1;0;0;0;0;1
217899;11;11;11100101;2021;10;13;7;2;3;6;0;0;1;0;1;0;0;0
217898;11;1;1300834;2021;10;8;5;3;2;6;0;0;1;0;0;0;0;0
217897;11;9;9300920;2021;10;14;3;2;5;3;0;0;1;0;1;0;0;0
217896;11;8;8200730;2021;11;15;3;3;5;7;0;0;1;0;0;0;1;0
217895;11;3;3601245;2021;11;10;6;3;0;7;0;1;0;0;0;0;0;1
217894;11;11;11100204;2021;11;14;2;3;6;4;0;0;0;1;0;0;1;0
217893;11;1;1100101;2021;10;9;2;3;0;1;0;1;0;0;0;0;0;0
217892;11;9;9301228;2021;10;7;4;3;8;1;0;0;1;0;0;0;0;1
217891;11;4;4501152;2021;10;18;2;3;0;1;1;0;0;0;0;0;1;0
217890;11;7;7601237;2021;11;14;7;3;6;4;0;0;1;1;0;0;0;1
217889;11;1;1200520;2021;11;18;2;3;2;2;2;0;1;0;1;0;0;1
217888;11;5;5300737;2021;11;21;3;3;8;7;2;0;1;0;0;0;0;0
217887;11;1;1100101;2021;11;9;6;3;2;6;0;0;1;0;0;0;1;1
217886;11;8;8401244;2021;10;18;6;2;5;2;1;0;1;0;1;0;0;0
217885;11;8;8200832;2021;10;12;1;3;5;5;0;0;1;0;1;0;0;0
217884;11;10;10300734;2021;10;12;7;3;0;7;0;0;1;0;0;0;0;0
217883;11;3;3601243;2021;11;9;3;3;4;6;0;1;1;0;0;0;0;1
217882;11;3;3400830;2021;11;12;5;3;5;3;0;1;1;0;0;0;0;0
217881;11;7;7400823;2021;10;9;7;3;5;3;0;0;1;0;0;0;1;0
217880;11;3;3501038;2021;10;22;6;3;6;4;2;0;0;1;0;0;1;0
217879;11;9;9300920;2021;10;12;3;3;0;2;0;0;1;0;1;0;0;0
217878;11;1;1401046;2021;10;8;4;3;5;2;0;1;1;0;0;0;0;0
217877;11;2;2500726;2021;10;19;2;3;1;5;1;1;1;0;0;0;0;1
217876;11;8;8401241;2021;11;10;3;3;5;3;0;0;1;0;1;0;0;1
217875;11;1;1300834;2021;10;6;4;3;6;4;1;0;0;1;1;0;0;1
217874;11;1;1100310;2021;10;9;4;3;6;7;0;0;0;1;0;0;1;0
217873;11;5;5200527;2021;11;17;6;2;6;4;1;0;1;1;0;0;0;0
217872;11;9;9200512;2021;11;10;1;2;5;2;0;0;1;0;0;0;1;1
217871;11;4;4300412;2021;11;14;4;3;5;3;0;1;1;0;0;0;0;0
217870;11;11;11400927;2021;11;1;1;3;0;1;2;1;0;0;0;0;0;0
217869;11;6;6200313;2021;10;15;4;2;6;4;0;0;1;1;0;0;0;0
217868;11;10;10400835;2021;10;16;2;3;5;2;0;1;1;0;0;0;0;0
217867;11;1;1200517;2021;10;19;1;3;5;3;2;0;1;0;0;0;0;0
217866;11;12;12500930;2021;11;7;4;3;1;5;0;0;1;0;0;0;1;0
217865;11;3;3601142;2021;11;9;6;3;6;4;0;0;1;1;0;0;0;1
217864;11;1;1100103;2021;10;9;2;3;5;2;0;0;1;0;0;0;0;1
217863;11;1;1100308;2021;10;12;4;3;5;3;0;1;0;0;0;0;1;1
217862;11;4;4100101;2021;11;16;5;3;6;4;2;0;1;1;0;0;0;1
217861;11;2;2100106;2021;11;14;4;2;0;3;0;0;1;0;1;0;0;1
217860;11;8;8100314;2021;10;9;5;2;6;2;0;0;0;1;1;0;0;0
217859;11;9;9100101;2021;10;6;5;2;6;4;2;1;0;1;0;0;0;1
217858;11;1;1100102;2021;10;11;6;2;0;1;0;0;0;0;1;0;0;0
217857;11;1;1300836;2021;11;19;2;3;1;5;1;1;1;0;0;0;0;0
217856;11;4;4300518;2021;11;17;5;3;6;2;2;0;1;1;0;0;0;1
217855;11;1;1100102;2021;11;7;2;3;0;2;1;1;1;0;0;0;0;1
217854;11;11;11400931;2021;10;17;7;3;5;7;0;1;1;0;0;0;0;0
217853;11;7;7200413;2021;10;8;5;3;5;3;0;1;1;0;0;0;0;0
217852;11;2;2400624;2021;10;8;3;2;0;2;0;0;1;0;1;0;0;1
217851;11;4;4501044;2021;11;17;2;3;6;7;2;0;1;1;0;0;0;1
217850;11;2;2100103;2021;11;19;5;3;0;4;2;0;0;1;1;0;0;1
217849;11;12;12400616;2021;11;10;7;3;5;3;0;0;1;0;0;0;0;1
217848;11;1;1100415;2021;10;10;3;3;6;4;0;0;1;1;0;0;0;1
217847;11;8;8100209;2021;11;13;5;3;5;3;0;1;1;0;0;0;0;0
217846;11;10;10100315;2021;10;19;5;2;6;4;2;0;0;1;0;0;1;0
217845;11;6;6200313;2021;10;18;6;3;6;2;1;0;1;1;0;0;0;1
217844;11;4;4300412;2021;10;16;6;3;2;6;0;0;1;0;0;0;0;1
217843;11;2;2300316;2021;10;20;6;3;5;2;2;1;1;0;0;0;0;0
217842;11;4;4501043;2021;11;16;3;3;0;1;0;0;0;0;1;0;0;0
217841;11;2;2300417;2021;11;18;5;3;8;1;2;0;1;0;0;0;0;1
217840;11;5;5200629;2021;11;17;4;3;5;3;2;0;1;0;1;0;0;0
217839;11;5;5100104;2021;10;18;1;3;2;7;0;1;0;0;1;0;0;0
217838;11;1;1100308;2021;11;8;4;3;5;2;0;1;1;0;0;0;0;1
217837;11;1;1100308;2021;10;16;5;3;3;6;0;0;1;0;0;0;1;0
217836;11;1;1100103;2021;10;14;5;3;2;6;0;0;1;0;0;0;0;1
217835;11;1;1100310;2021;10;12;6;3;2;6;0;1;0;0;0;0;0;0
217834;11;11;11200410;2021;11;9;2;3;2;6;0;0;1;0;0;0;1;1
217833;11;5;5100316;2021;11;18;5;3;5;2;2;0;1;0;0;0;1;1
217832;11;4;4500939;2021;11;10;2;3;5;3;0;1;1;0;0;0;0;0
217831;11;9;9401330;2021;10;17;7;3;0;1;0;1;0;0;0;0;0;0
217830;11;1;1200520;2021;10;11;5;3;6;4;0;0;1;1;0;0;0;0
217829;11;5;5300840;2021;10;7;2;3;5;3;0;0;1;0;1;0;0;0
217828;11;9;9100304;2021;11;10;2;2;6;4;0;0;0;1;1;0;0;0
217827;11;11;11300616;2021;11;12;5;3;5;3;0;1;1;0;0;0;0;1
217826;11;9;9501940;2021;11;21;7;3;5;2;2;0;1;0;0;0;0;0
217825;11;10;10100311;2021;10;9;3;3;5;2;0;0;0;0;0;1;1;1
217824;11;4;4300622;2021;10;17;5;3;1;3;0;0;1;0;0;0;0;1
217823;11;6;6100207;2021;11;15;7;3;5;3;2;0;1;0;0;0;1;1
217822;11;1;1200522;2021;10;8;6;3;1;5;0;1;0;0;0;1;0;0
217821;11;2;2100102;2021;10;18;6;3;3;2;1;0;0;0;0;0;1;1
217820;11;10;10400939;2021;10;16;6;3;5;3;0;0;1;0;0;0;1;1
217819;11;4;4501040;2021;10;17;7;3;5;3;0;0;1;0;1;0;0;0
217818;11;2;2300316;2021;11;7;3;3;5;3;0;1;1;0;0;0;0;1
217817;11;11;11300620;2021;11;6;6;1;6;4;2;0;0;1;0;0;1;1
217816;11;5;5100211;2021;11;16;4;3;5;2;1;0;1;0;0;0;0;0
217815;11;3;3601451;2021;10;12;1;2;6;4;0;0;0;1;1;0;0;0
217814;11;3;3601346;2021;10;16;5;3;0;1;0;1;0;0;0;0;0;0
217813;11;9;9100407;2021;10;16;3;3;6;4;0;0;0;1;0;0;1;1
217812;11;8;8100104;2021;11;19;6;3;2;6;1;0;1;0;0;0;1;0
217811;11;3;3500933;2021;11;20;2;2;6;7;2;0;1;1;0;0;0;0
217810;11;2;2400521;2021;10;9;3;3;2;7;0;0;1;0;0;0;1;0
217809;11;2;2200213;2021;11;20;7;3;5;2;2;0;1;1;0;0;0;1
217808;11;12;12500926;2021;11;12;1;2;5;3;0;1;1;0;0;0;0;1
217807;11;1;1401048;2021;11;16;4;3;5;3;0;0;1;0;0;0;0;0
217806;11;6;6300524;2021;11;16;6;3;5;2;0;1;1;0;0;0;0;0
217805;11;8;8100314;2021;10;11;6;3;1;5;0;1;0;0;0;1;0;0
217804;11;3;3300413;2021;10;11;7;2;5;3;0;0;1;0;1;0;0;0
217803;11;4;4300416;2021;10;18;7;3;5;2;1;1;1;0;0;0;0;0
217802;11;4;4501042;2021;11;18;3;3;2;6;2;0;1;0;0;0;0;0
217801;11;10;10100311;2021;11;18;5;3;6;4;1;0;1;1;0;0;0;1
217800;11;3;3601142;2021;10;12;7;3;5;3;0;0;1;0;0;0;0;0
217799;11;7;7601546;2021;10;14;6;3;5;2;0;0;1;0;0;0;0;0
217798;11;11;11300721;2021;10;15;3;3;2;6;0;0;1;0;0;1;0;0
217797;11;11;11200410;2021;10;4;4;2;5;2;2;0;1;0;1;0;0;0
217796;11;1;1100415;2021;10;8;3;3;0;1;0;1;0;0;0;0;0;1
217795;11;2;2100105;2021;11;17;5;3;3;6;2;1;1;0;0;0;0;1
217794;11;8;8100312;2021;11;18;3;3;5;3;2;1;1;0;0;0;0;1
217793;11;5;5200527;2021;10;7;4;3;5;2;0;1;1;0;0;0;0;1
217792;11;2;2500834;2021;10;18;4;3;1;5;0;0;1;0;0;0;0;0
217791;11;8;8401242;2021;11;23;6;3;2;6;2;0;1;0;0;0;0;0
217790;11;9;9200717;2021;11;16;7;3;3;7;1;0;1;0;0;0;0;0
217789;11;7;7601340;2021;11;15;4;3;5;2;0;1;0;0;0;1;0;0
217788;11;12;12100101;2021;11;21;1;3;5;3;2;0;1;0;0;0;0;0
217787;11;8;8401243;2021;10;8;7;2;5;2;0;0;1;0;0;0;0;0
217786;11;2;2500728;2021;10;17;4;3;5;3;1;0;1;0;0;0;0;0
217785;11;4;4300517;2021;10;5;1;3;8;1;2;0;1;0;0;0;0;0
217784;11;5;5200423;2021;10;20;1;3;2;6;2;0;1;0;0;0;0;0
217783;11;5;5200423;2021;11;15;5;3;2;2;0;0;1;0;0;0;0;0
217782;11;10;10100311;2021;11;15;6;3;5;2;0;0;1;0;0;0;0;0
217781;11;2;2200210;2021;10;18;7;3;2;2;1;0;1;0;0;0;0;0
217780;11;3;3400723;2021;10;18;5;3;6;2;2;0;1;1;0;0;0;1
217779;11;3;3400829;2021;11;18;5;2;5;2;2;1;0;0;0;0;0;0
217778;11;1;1401045;2021;11;5;3;3;2;6;2;0;1;0;0;0;0;1
217777;11;4;4300622;2021;10;14;5;3;5;2;0;1;1;0;0;0;0;0
217776;11;10;10400941;2021;10;14;5;3;5;3;0;1;1;0;0;0;0;1
217775;11;3;3100101;2021;10;15;5;3;2;6;0;1;1;0;0;0;0;0
217774;11;1;1200624;2021;11;7;2;3;2;6;0;0;1;0;0;0;0;1
217773;11;7;7300517;2021;11;16;5;3;1;5;1;1;1;0;0;0;0;1
217772;11;7;7601340;2021;11;12;3;3;5;7;0;0;1;0;0;1;0;0
217771;11;11;11300722;2021;10;12;2;3;5;7;0;0;1;0;0;0;1;0
217770;11;12;12500930;2021;10;8;5;3;5;2;0;0;1;0;1;0;0;0
217769;11;11;11300620;2021;10;7;3;3;6;4;0;0;1;1;0;0;0;0
217768;11;4;4200204;2021;11;16;3;3;2;7;1;0;1;0;0;0;0;0
217767;11;10;10200423;2021;11;12;5;3;5;3;0;1;1;0;0;0;0;0
217766;11;3;3400619;2021;11;16;1;3;5;3;1;0;1;0;0;0;0;1
217765;11;1;1100101;2021;10;8;2;3;6;4;0;1;0;1;0;0;0;0
217764;11;2;2400521;2021;10;19;2;3;5;3;1;0;1;0;0;0;1;0
217763;11;1;2100101;2021;11;16;7;3;6;4;2;0;1;1;0;0;0;1
217762;11;6;6400843;2021;10;18;5;3;6;2;1;0;1;1;0;0;0;0
217761;11;4;4300619;2021;10;0;7;2;8;1;2;0;1;0;0;0;0;0
217760;11;12;12500928;2021;10;20;6;3;0;3;2;0;1;0;1;0;0;1
217759;11;1;1200629;2021;10;15;6;3;6;4;0;1;0;1;0;0;0;0
217758;11;5;5100316;2021;11;15;2;3;5;2;0;0;1;0;0;0;0;1
217757;11;4;4300416;2021;11;7;6;3;1;5;0;1;1;0;0;0;0;1
217756;11;9;9200510;2021;11;17;4;3;6;4;2;0;0;1;0;0;1;0
217755;11;4;4501042;2021;10;0;6;3;0;1;2;1;0;0;0;0;0;0
217754;11;11;11300721;2021;10;10;3;3;5;3;0;0;1;0;0;0;0;0
217753;11;8;8100312;2021;10;19;3;3;1;5;2;1;1;0;0;0;0;1
217752;11;12;12500929;2021;11;12;3;3;5;3;0;0;1;0;1;0;0;1
217751;11;4;4501044;2021;10;7;3;3;1;5;1;1;1;0;0;0;0;1
217750;11;1;1300732;2021;10;13;4;3;4;1;0;0;1;0;1;0;0;0
217749;11;1;1100313;2021;11;12;1;3;5;3;0;0;1;0;0;0;0;1
217748;11;7;7601236;2021;11;6;2;2;5;5;2;0;1;0;1;0;0;1
217747;11;3;3300514;2021;11;14;4;3;8;1;0;0;1;0;0;0;0;0
217746;11;5;5200629;2021;11;15;7;3;6;4;0;0;1;1;0;0;0;0
217745;11;1;1100206;2021;10;9;7;3;5;3;0;1;1;0;0;0;0;0
217744;11;12;12500926;2021;10;10;7;2;5;2;0;0;1;0;0;0;0;0
217743;11;3;3601142;2021;11;15;3;3;0;6;0;1;0;0;0;0;1;0
217742;11;10;10100315;2021;11;13;5;3;5;3;0;0;1;0;0;0;0;0
217741;11;4;4100101;2021;10;20;7;3;0;7;2;1;0;0;0;0;0;0
217740;11;6;6400840;2021;10;9;4;3;1;5;0;0;1;0;0;0;0;0
217739;11;1;1100207;2021;10;8;3;2;5;3;0;0;1;0;0;0;1;1
217738;11;6;6200421;2021;11;16;4;3;5;2;2;1;1;0;0;0;0;1
217737;11;4;4100101;2021;11;20;3;2;5;2;2;0;1;0;0;0;0;1
217736;11;4;4200311;2021;10;16;4;3;3;6;0;0;1;0;0;1;0;0
217735;11;7;7400822;2021;10;14;3;3;2;6;0;0;1;0;0;0;0;0
217734;11;2;2200213;2021;10;13;4;3;1;5;0;1;1;0;0;0;0;0
217733;11;7;7400720;2021;11;10;2;3;6;2;0;0;1;1;0;0;0;0
217732;11;6;6200311;2021;10;7;3;3;6;2;2;0;1;1;0;0;0;1
217731;11;12;12200412;2021;11;4;7;2;1;5;2;1;1;0;0;0;0;0
217730;11;4;4300622;2021;11;13;2;3;5;2;0;1;1;0;0;0;0;1
217729;11;8;8200832;2021;11;6;3;3;2;6;2;0;1;0;0;0;0;1
217728;11;8;8401243;2021;11;8;6;3;2;6;0;1;1;0;0;0;0;0
217727;11;8;8100102;2021;10;2;7;3;0;1;2;0;0;0;0;0;1;0
217726;11;7;7601442;2021;10;11;7;3;5;3;0;0;1;0;0;0;1;0
217725;11;11;11300721;2021;11;10;3;3;0;2;0;1;1;0;0;0;0;1
217724;11;1;1100308;2021;11;18;5;3;5;7;2;0;1;0;0;0;1;1
217723;11;1;1300733;2021;10;14;7;2;6;7;0;0;0;1;0;0;1;0
217722;11;10;10200526;2021;10;15;6;3;6;2;0;0;1;1;0;0;0;0
217721;11;7;7100103;2021;10;21;3;3;0;7;2;1;0;0;0;0;0;1
217720;11;9;9200717;2021;10;6;3;2;6;4;2;0;1;1;0;0;0;1
217719;11;2;2300314;2021;11;19;4;3;0;6;2;0;1;0;1;0;0;1
217718;11;6;6100103;2021;11;20;3;3;0;7;2;0;0;0;0;0;1;1
217717;11;7;7601238;2021;10;11;4;2;5;2;0;0;1;0;1;0;0;0
217716;11;4;4100101;2021;10;9;6;3;2;6;0;0;1;0;0;0;1;1
217715;11;3;3200207;2021;11;21;6;2;2;6;2;0;1;0;0;0;0;0
217714;11;2;2100102;2021;11;10;7;3;5;2;0;0;1;0;0;0;0;0
217713;11;12;12200309;2021;11;18;4;3;0;7;1;0;1;0;0;0;1;0
217712;11;7;7200307;2021;11;16;2;3;6;2;0;0;1;1;0;0;0;0
217711;11;3;3400826;2021;10;10;7;3;0;2;0;1;1;0;0;0;0;0
217710;11;1;1200522;2021;10;17;4;2;6;4;0;0;0;1;0;0;1;0
217709;11;6;6400838;2021;10;17;2;3;0;1;1;1;0;0;0;0;0;0
217708;11;2;2500726;2021;11;9;2;3;5;2;0;0;1;0;0;0;1;0
217707;11;3;3300514;2021;11;8;4;3;5;2;0;1;0;0;0;0;1;0
217706;11;11;11300617;2021;11;10;6;3;5;3;0;0;1;0;0;0;0;1
217705;11;2;2200210;2021;10;13;1;3;5;3;0;0;1;0;1;0;0;0
217704;11;7;7100102;2021;10;23;4;3;0;1;2;0;0;0;0;0;1;0
217703;11;2;2500726;2021;11;14;6;3;0;7;0;0;0;0;1;0;0;0
217702;11;1;1100102;2021;11;9;4;3;5;2;0;1;1;0;0;0;0;1
217701;11;2;2300314;2021;10;18;4;3;6;4;2;0;1;1;0;0;0;0
217700;11;10;10100104;2021;10;8;7;3;5;3;0;0;1;0;0;0;0;1
217699;11;11;11200514;2021;10;14;6;3;5;2;0;0;0;0;0;0;1;0
217698;11;11;11401032;2021;11;6;3;3;5;3;1;0;1;0;1;0;0;1
217697;11;1;1300834;2021;11;19;5;2;6;2;1;0;1;1;0;0;0;1
217696;11;2;2100102;2021;11;9;4;3;5;2;0;1;1;0;0;0;0;1
217695;11;2;2200210;2021;10;5;7;2;1;5;2;1;1;0;0;0;0;0
217694;11;8;8401243;2021;10;16;5;3;6;7;0;0;1;1;0;0;0;0
217693;11;6;6200313;2021;10;9;3;3;0;2;0;1;1;0;0;0;0;1
217692;11;7;7400826;2021;10;22;2;3;5;7;2;0;0;0;1;0;1;0
217691;11;11;11100309;2021;11;16;2;3;3;6;1;1;0;0;0;0;0;1
217690;11;6;6400737;2021;11;15;6;3;9;1;0;0;1;0;0;0;0;1
217689;11;3;3200205;2021;11;5;7;3;0;6;2;0;1;0;0;0;0;0
217688;11;10;10400940;2021;10;13;3;3;1;5;0;0;1;0;0;0;0;1
217687;11;1;1300834;2021;11;16;7;3;3;6;2;0;1;0;1;0;0;1
217686;11;2;2200209;2021;11;17;2;3;6;2;2;0;1;1;0;0;0;1
217685;11;10;10100311;2021;10;6;5;3;5;2;0;0;1;0;0;0;0;0
217684;11;2;2400522;2021;10;7;6;3;1;5;2;1;1;0;0;0;0;0
217683;11;1;1300733;2021;10;16;2;3;6;4;0;1;0;1;0;0;0;0
217682;11;4;4501148;2021;10;14;6;3;1;5;0;0;1;0;1;0;0;0
217681;11;1;1100207;2021;11;9;4;3;3;6;0;0;0;0;1;0;1;0
217680;11;8;8100416;2021;11;17;5;3;1;5;2;0;1;0;0;0;0;1
217679;11;4;4300416;2021;10;14;6;3;2;6;0;0;1;0;0;0;0;0
217678;11;7;7400824;2021;10;8;3;2;5;2;0;1;1;0;0;0;0;0
217677;11;4;4501153;2021;10;23;3;3;2;6;2;0;1;0;0;0;0;0
217676;11;1;1100312;2021;10;10;2;3;1;5;0;1;0;0;0;0;1;1
217675;11;9;9301126;2021;11;16;2;2;5;3;1;0;1;0;1;0;0;0
217674;11;7;7601544;2021;10;18;4;2;0;7;1;0;1;0;0;0;0;0
217673;11;1;1100309;2021;10;2;1;3;0;1;2;1;0;0;0;0;0;0
217672;11;7;7100206;2021;11;18;7;3;2;6;2;0;1;0;1;0;0;0
217671;11;11;11200411;2021;11;11;3;3;5;3;0;0;1;0;0;0;0;1
217670;11;6;6100102;2021;11;21;2;3;5;7;2;0;1;0;1;0;0;0
217669;11;11;11300721;2021;10;0;1;1;5;2;2;0;1;0;0;0;1;0
217668;11;8;8401244;2021;10;20;7;3;2;6;2;0;1;0;0;0;0;0
217667;11;1;1401046;2021;11;11;4;3;5;2;0;0;1;0;0;1;0;0
217666;11;8;8100417;2021;11;12;7;3;2;6;0;0;1;0;1;0;0;0
217665;11;3;3601450;2021;10;4;2;3;0;1;2;0;0;0;1;0;0;1
217664;11;1;1100206;2021;10;10;4;3;1;7;0;0;1;0;1;0;0;0
217663;11;1;1401049;2021;11;8;4;3;5;2;0;1;1;0;0;0;0;1
217662;11;7;7601341;2021;11;16;3;3;5;3;2;1;1;0;0;0;0;1
217661;11;7;7200307;2021;10;10;5;3;2;7;0;0;0;0;1;0;1;0
217660;11;11;11300620;2021;10;15;5;3;2;6;1;0;1;0;1;0;0;1
217659;11;7;7400823;2021;11;14;6;3;5;3;0;0;1;0;0;0;1;0
217658;11;10;10400938;2021;11;7;2;3;5;3;0;1;1;0;0;0;0;1
217657;11;11;11200513;2021;11;8;4;3;6;4;0;1;0;1;0;0;0;0
217656;11;7;7601442;2021;11;13;2;3;5;3;0;0;1;0;0;0;1;0
217655;11;8;8200831;2021;10;10;7;3;2;6;0;0;1;0;0;0;0;0
217654;11;7;7300517;2021;10;9;4;3;5;3;0;0;0;0;0;0;1;0
217653;11;5;5300737;2021;10;3;1;2;8;1;2;0;1;0;0;0;0;0
217652;11;9;9300920;2021;11;7;2;2;6;4;0;0;0;1;0;0;1;0
217651;11;2;2400521;2021;11;14;5;3;3;6;0;0;1;0;1;0;0;0
217650;11;8;8100415;2021;11;16;7;3;5;2;2;1;1;0;0;0;0;0
217649;11;3;3601141;2021;10;11;2;3;2;2;0;1;1;0;0;0;0;1
217648;11;7;7100101;2021;10;15;5;3;1;5;0;1;1;0;0;0;0;0
217647;11;2;2200208;2021;11;17;6;3;6;7;1;1;0;1;0;0;0;0
217646;11;4;4500939;2021;11;16;4;3;2;7;2;0;1;0;0;0;0;1
217645;11;4;4200310;2021;10;10;5;3;1;5;0;1;1;0;0;0;0;0
217644;11;1;1100415;2021;10;20;4;3;6;7;2;0;1;1;0;0;0;0
217643;11;1;1400942;2021;10;10;7;3;2;6;0;0;1;0;0;0;1;1
217642;11;11;11300722;2021;10;7;6;3;3;6;0;0;1;0;0;1;0;0
217641;11;7;7100102;2021;11;11;3;3;0;3;0;1;1;0;0;0;0;0
217640;11;12;12100101;2021;11;17;5;3;6;4;2;0;0;1;0;0;1;1
217639;11;9;9100407;2021;11;19;3;2;0;1;2;0;1;0;0;0;0;0
217638;11;12;12100102;2021;10;23;1;2;1;5;2;1;1;0;0;0;0;0
217637;11;7;7100102;2021;10;8;5;3;6;2;0;0;1;1;0;0;0;0
217636;11;1;1100207;2021;10;14;3;3;5;3;0;1;1;0;0;0;0;0
217635;11;2;2400625;2021;10;9;6;2;2;7;0;0;1;0;0;0;1;0
217634;11;2;2100102;2021;10;8;2;3;5;2;0;1;1;0;0;0;0;0
217633;11;8;8100206;2021;11;15;6;3;5;2;0;1;1;0;0;0;0;0
217632;11;5;5300737;2021;11;20;2;3;2;6;2;0;1;0;0;0;0;1
217631;11;1;1100308;2021;11;12;5;3;1;5;0;1;1;0;0;0;0;1
217630;11;1;1100102;2021;11;22;3;2;3;2;2;0;1;0;1;0;0;0
217629;11;7;7601341;2021;10;11;7;3;6;4;0;1;0;1;0;0;0;0
217628;11;7;7501031;2021;10;12;5;3;2;6;0;0;1;0;0;0;0;0
217627;11;11;11300620;2021;10;10;2;3;6;2;0;0;1;1;0;0;0;0
217626;11;8;8100104;2021;10;11;1;3;2;6;0;1;1;0;0;0;0;0
217625;11;1;1100309;2021;11;17;4;3;5;2;2;0;1;0;0;0;1;0
217624;11;7;7300618;2021;11;0;7;3;1;5;2;1;1;0;0;0;0;0
217623;11;1;1100205;2021;10;8;2;3;1;5;0;1;0;0;0;0;1;1
217622;11;3;3601453;2021;10;11;5;3;5;2;0;0;1;0;0;0;1;1
217621;11;3;3100103;2021;10;4;4;3;0;1;2;0;0;0;1;0;0;1
217620;11;2;2100106;2021;11;18;5;3;2;6;2;0;1;0;0;0;0;0
217619;11;10;10300734;2021;11;1;3;3;9;1;2;0;1;0;0;0;0;0
217618;11;10;10100311;2021;10;13;5;3;5;2;0;1;1;0;0;0;0;0
217617;11;3;3501038;2021;10;14;6;3;5;2;0;0;0;0;0;1;1;1
217616;11;12;12500926;2021;10;8;6;3;0;4;0;0;0;1;1;0;0;0
217615;11;1;1100102;2021;11;6;3;3;2;6;1;0;1;0;0;0;0;0
217614;11;2;2300419;2021;11;18;5;3;1;5;2;1;1;0;0;0;0;1
217613;11;3;3601141;2021;11;18;3;3;2;6;2;0;1;0;0;0;0;0
217612;11;11;11400929;2021;10;17;1;2;5;2;0;1;0;0;1;0;0;0
217611;11;3;3601142;2021;10;8;5;3;5;3;0;1;1;0;0;0;0;0
217610;11;2;2400521;2021;10;18;2;3;1;5;2;1;1;0;0;0;0;0
217609;11;4;4501042;2021;10;19;2;3;5;2;1;0;1;0;1;0;0;0
217608;11;5;5200528;2021;11;18;2;3;5;2;2;1;1;0;0;0;0;1
217607;11;3;3601450;2021;11;9;5;3;6;2;0;0;1;1;0;0;0;0
217606;11;1;1100415;2021;11;21;1;2;0;1;2;1;0;0;0;0;0;1
217605;11;6;6100209;2021;10;19;3;3;0;7;2;0;1;0;1;0;0;1
217604;11;8;8100520;2021;10;18;2;3;6;2;2;0;1;1;0;0;0;0
217603;11;1;1300733;2021;11;18;7;3;6;4;2;0;0;1;1;0;0;1
217602;11;4;4300621;2021;11;14;2;3;6;7;0;0;1;1;0;0;0;0
217601;11;7;4501153;2021;11;15;2;3;0;1;1;1;0;0;0;0;0;1
217600;11;10;10200630;2021;10;7;6;3;5;2;0;1;1;0;0;0;0;0
217599;11;1;1100312;2021;10;12;6;3;5;3;0;0;1;0;1;0;0;0
217598;11;5;5200528;2021;10;23;6;2;0;6;2;0;1;0;0;0;0;0
217597;11;5;5100104;2021;11;7;4;2;5;2;0;0;1;0;1;0;0;0
217596;11;1;1100308;2021;11;8;5;3;2;6;0;1;1;0;0;0;0;0
217595;11;3;3400721;2021;10;1;7;2;0;1;2;0;0;0;0;0;1;0