OBJECTID;LAND;BEZ;LOR_ab_2021;UJAHR;UMONAT;USTUNDE;UWOCHENTAG;UKATEGORIE;UART;UTYP1;ULICHTVERH;IstRad;IstPKW;IstFuss;IstKrad;IstGkfz;IstSonstige;USTRZUSTAND
217594;11;5;5100313;2021;10;1;2;2;1;7;2;0;1;0;0;0;1;1
217593;11;2;2100102;2021;10;18;3;3;0;1;2;0;0;0;1;0;0;1
217592;11;7;7501029;2021;10;14;2;3;2;6;0;0;0;0;1;0;1;0
217591;11;8;8200624;2021;11;20;3;2;5;3;2;0;1;0;0;0;0;1
217590;11;1;1400939;2021;10;21;4;3;5;3;2;0;1;0;0;0;1;0
217589;11;7;7501030;2021;10;18;4;3;2;6;2;0;1;0;0;0;0;0
217588;11;7;7501031;2021;11;16;1;3;2;2;2;0;1;0;0;0;0;1
217587;11;4;4400728;2021;11;16;4;3;5;2;1;1;1;0;0;0;0;0
217586;11;12;12601235;2021;11;16;7;3;5;2;2;0;1;0;0;0;0;0
217585;11;7;7400826;2021;10;13;1;3;5;3;0;0;1;0;1;0;0;0
217584;11;2;2200210;2021;10;20;7;3;5;3;2;0;1;0;0;0;0;0
217583;11;1;1401048;2021;11;18;5;3;4;6;1;1;0;0;0;0;1;1
217582;11;7;7300619;2021;11;15;6;3;5;3;0;0;1;0;0;0;0;0
217581;11;11;11400929;2021;10;7;2;3;6;4;0;1;0;1;0;0;0;1
217580;11;6;6300528;2021;10;14;4;3;2;6;0;0;1;0;0;0;0;0
217579;11;7;7300517;2021;11;14;5;3;0;7;0;0;1;0;0;0;0;0
217578;11;4;4501044;2021;11;8;4;3;5;2;0;1;1;0;0;0;0;1
217577;11;6;6300525;2021;10;16;5;3;5;3;0;0;1;0;0;0;0;0
217576;11;2;2400521;2021;10;17;5;3;5;2;0;1;1;0;0;0;0;1
217575;11;2;2500836;2021;10;15;6;2;0;7;0;1;0;0;0;0;0;0
217574;11;10;10400835;2021;11;11;1;3;8;1;0;0;1;0;0;0;0;1
217573;11;1;1100310;2021;11;16;5;3;3;6;2;0;0;0;1;0;1;1
217572;11;12;12601235;2021;11;18;3;3;2;2;1;0;1;0;0;0;0;0
217571;11;5;5100317;2021;10;17;7;3;5;2;0;1;1;0;0;0;0;0
217570;11;2;2400520;2021;10;11;5;3;5;3;0;1;1;0;0;0;0;0
217569;11;2;2200208;2021;10;6;2;3;5;2;1;1;0;0;0;0;1;0
217568;11;7;9100306;2021;11;10;2;3;2;6;0;0;1;0;0;0;0;0
217567;11;9;9100407;2021;11;12;5;3;6;3;0;0;1;1;0;0;0;0
217566;11;1;1100103;2021;11;23;7;3;5;7;2;0;1;0;1;0;0;0
217565;11;6;6300634;2021;10;16;2;2;6;4;0;0;1;1;0;0;0;0
217564;11;11;11401135;2021;10;15;3;3;5;3;0;1;1;0;0;0;0;1
217563;11;1;1100310;2021;10;13;5;3;3;6;0;0;0;0;1;0;1;1
217562;11;8;8100311;2021;11;14;6;2;0;6;0;0;1;0;0;0;1;0
217561;11;5;5300737;2021;10;19;5;2;0;3;0;0;1;0;1;0;0;0
217560;11;10;10200629;2021;10;15;6;3;5;3;0;1;1;0;0;0;0;1
217559;11;4;4100101;2021;10;17;7;3;5;2;0;0;1;0;0;0;0;0
217558;11;1;1100102;2021;10;14;6;3;5;3;0;1;1;0;0;0;0;0
217557;11;10;10100205;2021;11;14;3;3;0;7;0;0;0;0;1;1;0;1
217556;11;1;1401045;2021;11;7;6;3;2;6;0;0;1;0;0;0;1;1
217555;11;12;12500928;2021;11;7;5;3;6;4;0;0;1;1;0;0;0;1
217554;11;6;6300632;2021;10;10;1;3;5;3;0;1;1;0;0;0;0;0
217553;11;1;1100103;2021;10;10;5;3;2;6;0;0;1;0;1;0;0;0
217552;11;1;1200628;2021;10;0;2;3;5;3;2;0;1;0;0;0;1;0
217551;11;7;7200409;2021;10;9;3;3;1;5;0;0;1;0;0;0;1;1
217550;11;8;8200832;2021;11;17;2;3;5;2;2;0;1;0;0;0;0;1
217549;11;8;8100102;2021;11;12;7;3;3;6;0;0;1;0;1;0;0;0
217548;11;11;11401136;2021;11;21;2;3;1;5;2;0;1;0;0;0;1;0
217547;11;3;3601243;2021;10;14;3;3;5;3;0;0;1;0;0;0;0;1
217546;11;6;6100101;2021;11;16;7;3;5;3;2;0;1;0;0;0;0;1
217545;11;12;12100101;2021;11;0;2;3;3;6;2;0;1;0;0;0;1;1
217544;11;11;11300721;2021;11;7;3;2;6;4;0;0;1;1;0;0;0;1
217543;11;2;2500833;2021;11;2;7;3;5;3;2;0;1;0;1;0;0;0
217542;11;4;4300414;2021;10;16;6;3;3;6;0;1;1;0;0;0;1;0
217541;11;5;5100104;2021;10;15;1;2;0;7;0;1;0;0;0;0;0;0
217540;11;2;2500833;2021;10;2;1;3;0;1;2;0;0;0;0;0;1;0
217539;11;11;11100205;2021;11;17;3;3;5;3;2;1;1;0;0;0;0;0
217538;11;1;1300732;2021;11;16;5;3;2;4;2;0;1;1;1;0;0;1
217537;11;1;1400940;2021;10;12;7;3;0;7;0;0;0;0;1;0;0;0
217536;11;3;3400831;2021;10;11;6;3;2;6;0;1;1;0;0;0;0;0
217535;11;9;9501939;2021;10;6;3;2;6;2;2;0;1;1;0;0;0;0
217534;11;9;9200613;2021;10;11;4;2;5;3;0;0;1;0;0;0;0;0
217533;11;1;1200520;2021;10;16;2;3;5;2;0;1;0;0;0;0;1;0
217532;11;3;3300516;2021;11;12;3;3;5;3;0;0;1;0;0;0;0;1
217531;11;4;4501045;2021;10;8;4;3;1;5;0;1;1;0;0;0;0;1
217530;11;7;7300517;2021;10;9;4;2;5;3;0;1;1;0;0;0;0;0
217529;11;2;2300418;2021;11;17;6;3;0;6;1;1;1;0;0;0;0;0
217528;11;6;6200317;2021;11;10;1;2;0;3;0;1;1;0;0;0;0;1
217527;11;1;1200517;2021;11;8;4;3;2;2;0;1;1;0;0;0;0;0
217526;11;1;1400940;2021;11;17;7;2;6;4;1;0;1;1;0;0;0;0
217525;11;9;9100101;2021;11;15;3;3;3;6;0;1;1;0;0;0;0;0
217524;11;1;1401045;2021;11;3;7;3;2;6;2;0;1;0;0;0;0;0
217523;11;8;8100419;2021;11;20;1;2;5;3;2;0;1;0;1;0;0;1
217522;11;1;1300835;2021;10;15;3;3;5;2;0;1;1;0;0;0;0;0
217521;11;1;1100313;2021;10;20;2;3;5;2;2;1;1;0;0;0;0;0
217520;11;7;7100205;2021;11;18;7;3;5;2;2;1;1;0;0;0;0;1
217519;11;4;4501042;2021;11;9;2;3;3;6;0;1;1;0;0;0;0;1
217518;11;7;7400823;2021;11;19;3;3;5;2;2;1;1;0;0;0;0;0
217517;11;12;12500930;2021;11;10;6;3;2;6;0;0;1;0;0;0;0;1
217516;11;4;4501043;2021;10;14;6;3;3;6;0;1;1;0;0;0;0;0
217515;11;11;11300721;2021;10;15;6;3;2;6;0;0;1;0;0;0;0;1
217514;11;3;3601141;2021;10;19;6;3;2;7;2;0;1;0;0;0;0;0
217513;11;3;3500936;2021;11;15;4;3;6;4;0;0;1;1;0;0;0;0
217512;11;1;1100310;2021;11;11;5;3;2;6;0;0;1;0;0;0;0;0
217511;11;11;11401136;2021;10;16;6;3;5;3;0;1;1;0;0;0;0;0
217510;11;12;12100103;2021;10;16;6;3;5;3;0;1;1;0;0;0;0;0
217509;11;8;8401243;2021;10;19;3;3;2;2;2;0;1;0;0;0;0;0
217508;11;9;9200715;2021;10;18;3;3;2;6;2;0;1;0;1;0;0;1
217507;11;5;5200423;2021;11;7;3;3;6;4;0;0;1;1;0;0;0;1
217506;11;2;2200208;2021;10;22;4;3;2;6;2;1;1;0;0;0;0;0
217505;11;2;2500833;2021;10;23;4;3;5;3;2;0;1;0;0;0;1;0
217504;11;6;6100205;2021;11;11;7;3;6;4;0;0;1;1;0;0;0;0
217503;11;1;1300733;2021;11;9;1;3;0;6;0;0;1;0;1;0;0;1
217502;11;1;1401046;2021;11;7;4;3;5;7;0;0;1;0;1;0;0;0
217501;11;9;9100407;2021;11;23;7;3;9;1;2;0;1;0;0;0;0;0
217500;11;12;12500929;2021;10;18;7;3;1;5;2;0;1;0;0;0;1;0
217499;11;2;2100104;2021;10;0;7;3;2;6;2;0;1;0;0;0;0;0
217498;11;4;4300517;2021;11;18;5;3;3;6;1;0;0;0;1;0;1;0
217497;11;11;11300721;2021;11;20;5;2;2;6;2;0;1;0;1;0;1;1
217496;11;8;8100207;2021;10;18;7;3;0;3;1;0;0;0;1;0;1;0
217495;11;5;5100316;2021;10;13;4;3;0;6;0;0;0;0;0;0;1;0
217494;11;1;1100310;2021;11;22;5;3;1;5;2;0;1;0;0;0;1;0
217493;11;10;10400835;2021;11;15;3;3;5;3;0;0;1;0;0;0;0;1
217492;11;6;6200421;2021;10;17;5;3;2;6;0;0;1;0;0;0;0;0
217491;11;5;5200629;2021;10;15;5;3;5;3;0;1;1;0;0;0;0;1
217490;11;11;11100101;2021;10;7;6;3;5;3;0;0;1;0;0;0;0;0
217489;11;7;7501133;2021;11;6;2;3;5;2;2;0;1;0;0;0;1;1
217488;11;12;12400720;2021;11;16;5;2;5;3;2;1;1;0;0;0;0;1
217487;11;7;7400721;2021;11;12;3;3;3;6;0;0;1;0;1;0;0;0
217486;11;9;9100306;2021;10;7;6;3;6;7;1;0;0;1;0;0;1;0
217485;11;10;10100311;2021;10;11;5;3;2;1;0;0;1;0;0;0;0;0
217484;11;8;8100314;2021;10;18;2;3;5;2;2;0;0;0;1;0;0;0
217483;11;5;5100315;2021;10;15;1;3;2;6;0;0;1;0;0;0;1;0
217482;11;1;1300733;2021;11;1;5;3;5;2;2;0;1;0;0;0;0;0
217481;11;1;1100416;2021;11;13;1;3;5;3;0;0;1;0;0;0;0;1
217480;11;4;4501042;2021;10;17;2;2;5;2;0;1;1;0;0;0;0;0
217479;11;6;6200311;2021;10;17;3;3;2;6;0;0;1;0;0;0;0;1
217478;11;1;1100102;2021;11;18;5;3;2;6;2;0;1;0;1;0;0;0
217477;11;4;4100101;2021;10;8;5;3;5;2;0;1;1;0;0;0;0;0
217476;11;10;10100312;2021;10;16;6;2;5;3;0;0;1;0;0;0;0;1
217475;11;1;1100101;2021;10;10;7;3;5;3;0;0;1;0;0;0;1;0
217474;11;1;1100308;2021;10;15;6;3;0;2;0;1;1;0;0;0;0;0
217473;11;6;6400737;2021;11;19;2;3;5;2;2;0;0;0;0;1;1;1
217472;11;10;10400837;2021;11;16;5;3;2;2;1;1;1;0;0;0;0;1
217471;11;9;9301025;2021;11;10;4;3;6;7;0;0;1;1;0;0;0;0
217470;11;4;4501043;2021;10;2;1;3;1;5;2;0;1;0;0;0;1;0
217469;11;1;1200520;2021;10;8;2;2;0;1;0;1;0;0;0;0;0;1
217468;11;7;7400927;2021;10;3;4;3;5;3;2;1;1;0;0;0;0;0
217467;11;10;10200421;2021;11;11;6;3;5;2;0;0;1;0;0;0;0;1
217466;11;5;5100101;2021;11;12;2;3;6;7;0;0;0;1;0;0;1;1
217465;11;11;11100203;2021;10;23;3;2;9;7;2;0;1;0;0;0;0;1
217464;11;4;4200311;2021;11;19;7;2;6;4;2;0;1;1;0;0;0;1
217463;11;1;1300733;2021;11;19;1;3;5;2;1;1;1;0;0;0;0;1
217462;11;11;11501341;2021;11;15;4;2;0;1;0;1;0;0;0;0;0;0
217461;11;7;7100103;2021;11;14;6;3;6;7;0;1;0;1;0;0;0;0
217460;11;8;8301036;2021;10;16;6;3;0;5;0;0;1;0;0;0;1;0
217459;11;4;4300623;2021;10;14;7;2;0;1;0;1;0;0;0;0;0;0
217458;11;9;9300922;2021;10;21;7;3;5;3;2;0;1;0;0;0;0;0
217457;11;2;2200208;2021;11;20;3;3;5;3;2;1;0;0;0;0;1;0
217456;11;9;9200511;2021;11;19;5;3;6;2;2;0;1;1;0;0;0;1
217455;11;8;8100104;2021;10;13;7;3;2;6;0;1;1;0;0;0;0;0
217454;11;4;4300415;2021;10;15;6;2;4;2;0;1;1;0;0;0;0;0
217453;11;6;6200313;2021;10;14;4;3;2;6;0;0;1;0;0;0;0;0
217452;11;9;9401329;2021;10;12;3;2;3;6;0;1;0;0;0;0;1;0
217451;11;5;5100313;2021;11;17;4;3;2;6;2;0;1;0;0;1;0;0
217450;11;5;5100104;2021;11;15;3;3;5;2;1;0;1;0;1;0;0;1
217449;11;10;10400939;2021;10;12;4;3;5;3;0;0;1;0;0;0;0;0
217448;11;9;9501736;2021;10;18;4;2;5;3;1;1;1;0;0;0;0;0
217447;11;8;8100311;2021;11;20;6;3;1;5;2;1;1;0;0;0;0;1
217446;11;1;1100206;2021;11;3;7;2;0;7;2;0;1;0;0;0;0;0
217445;11;3;3300514;2021;11;15;4;3;1;5;0;1;0;0;0;0;1;1
217444;11;12;12200308;2021;11;17;1;3;5;3;2;0;1;0;0;0;0;0
217443;11;9;9100408;2021;10;9;7;2;0;3;0;1;0;0;0;0;1;0
217442;11;8;8401241;2021;10;12;5;3;2;6;0;0;1;0;0;0;0;0
217441;11;5;5100312;2021;10;15;2;3;5;2;0;0;1;0;0;0;1;0
217440;11;4;4200206;2021;10;15;1;3;0;6;0;1;1;0;0;0;0;0
217439;11;10;10100315;2021;11;9;5;3;5;3;0;1;1;0;0;0;0;0
217438;11;2;2100104;2021;11;13;6;3;2;6;0;0;1;0;0;0;0;1
217437;11;7;7501029;2021;10;15;1;2;5;2;0;0;1;0;1;0;0;0
217436;11;8;8100102;2021;10;17;5;3;0;4;0;1;0;1;0;0;0;1
217435;11;4;4200308;2021;11;15;5;2;5;7;0;0;1;0;0;0;0;0
217434;11;6;6400842;2021;11;8;4;3;5;3;0;0;1;0;0;0;1;0
217433;11;11;11300721;2021;10;9;5;3;2;6;0;0;1;0;0;0;0;0
217432;11;12;12500926;2021;10;14;5;3;5;3;0;0;1;0;1;0;0;1
217431;11;1;1200517;2021;10;10;6;3;5;3;0;1;1;0;0;0;0;0
217430;11;11;11501341;2021;11;3;2;2;0;1;2;0;0;0;1;0;0;1
217429;11;6;6400737;2021;11;14;5;3;5;3;0;0;1;0;0;0;0;1
217428;11;1;1100207;2021;11;9;3;3;0;6;0;1;1;0;0;0;0;0
217427;11;10;10400837;2021;10;12;1;3;5;3;0;1;1;0;0;0;0;0
217426;11;9;9100306;2021;10;7;5;2;5;3;0;0;1;0;0;0;0;0
217425;11;4;4200309;2021;10;15;3;3;5;2;0;0;1;0;1;0;0;0
217424;11;8;8200832;2021;11;15;3;2;5;2;0;0;1;0;0;0;0;0
217423;11;5;5200631;2021;11;13;5;3;6;7;0;0;0;1;0;0;1;1
217422;11;1;1100313;2021;11;16;1;3;5;3;1;1;1;0;0;0;0;1
217421;11;1;1100206;2021;10;22;2;3;0;4;2;0;0;1;0;0;1;0
217420;11;7;7100205;2021;10;10;5;3;5;3;0;1;1;0;0;0;0;0
217419;11;10;10200524;2021;10;11;2;1;6;7;0;0;0;1;0;0;1;0
217418;11;4;4500937;2021;11;8;2;2;5;2;0;0;1;0;0;0;0;0
217417;11;1;1300836;2021;11;17;4;3;1;5;1;1;1;0;0;0;0;0
217416;11;12;12200412;2021;11;8;6;3;0;1;0;0;0;0;1;0;0;1
217415;11;12;12400723;2021;10;17;2;3;5;3;0;1;1;0;0;0;0;1
217414;11;11;11501340;2021;10;7;4;3;5;2;0;1;1;0;0;0;0;0
217413;11;12;12500824;2021;11;13;4;3;6;4;0;0;0;1;1;0;0;1
217412;11;1;1100312;2021;11;17;3;3;5;2;2;1;1;0;0;0;0;1
217411;11;1;1200627;2021;10;21;4;2;0;1;2;0;0;0;0;0;1;0
217410;11;5;5100208;2021;10;5;5;3;2;6;2;0;1;0;0;0;0;1
217409;11;1;1200628;2021;10;15;6;3;0;2;0;0;1;0;0;0;1;0
217408;11;4;4200308;2021;11;8;2;3;0;1;0;0;0;0;1;0;0;1
217407;11;12;12601236;2021;11;18;5;3;6;2;2;0;1;1;0;0;0;1
217406;11;11;11300722;2021;11;17;2;3;1;5;2;1;1;0;0;0;0;0
217405;11;10;10100205;2021;10;9;6;3;0;2;0;1;1;0;0;0;0;0
217404;11;9;9300920;2021;10;9;5;3;5;3;0;1;0;0;0;1;0;0
217403;11;3;3200308;2021;10;22;2;3;5;3;2;1;1;0;0;0;0;0
217402;11;5;5300736;2021;11;14;2;3;5;2;0;1;1;0;0;0;0;1
217401;11;2;2500833;2021;11;22;6;3;5;3;2;0;1;0;0;0;0;0
217400;11;4;4300624;2021;11;23;7;3;0;5;2;0;1;0;0;0;1;0
217399;11;7;7400720;2021;10;4;3;3;1;7;2;0;1;0;0;0;0;0
217398;11;10;10200421;2021;10;8;4;3;3;6;0;0;1;0;0;1;0;0
217397;11;11;11300722;2021;10;15;1;3;5;2;0;0;1;0;0;0;0;0
217396;11;7;7601339;2021;11;11;6;3;1;5;0;0;1;0;0;0;0;0
217395;11;5;5100314;2021;10;15;5;3;6;4;0;0;1;1;0;0;0;0
217394;11;8;8200833;2021;10;15;6;2;5;3;0;1;1;0;0;0;0;1
217393;11;8;8200726;2021;10;14;6;3;5;3;0;0;1;0;0;0;0;1
217392;11;9;9200510;2021;10;15;6;3;0;1;0;1;0;0;0;0;0;0
217391;11;4;4500938;2021;11;16;2;3;0;4;0;1;0;1;0;0;0;0
217390;11;9;9100407;2021;11;9;5;2;0;7;0;0;0;0;0;0;1;0
217389;11;2;2100104;2021;11;10;5;3;5;2;0;1;1;0;0;0;0;1
217388;11;12;12200309;2021;10;14;1;2;5;3;0;1;1;0;0;0;0;0
217387;11;9;9100306;2021;10;18;3;3;2;2;2;0;1;0;0;0;0;0
217386;11;1;1100102;2021;10;11;4;3;5;5;0;1;1;0;0;0;0;0
217385;11;7;7601238;2021;11;14;2;3;6;2;0;0;1;1;0;0;0;0
217384;11;5;5300840;2021;10;8;3;3;5;3;0;0;1;0;1;0;0;1
217383;11;6;6300630;2021;11;16;7;3;2;7;1;0;1;0;0;0;0;0
217382;11;8;8100103;2021;11;12;2;3;5;3;0;0;1;0;0;0;1;0
217381;11;2;2200213;2021;11;10;3;3;5;7;0;1;1;0;0;0;0;1
217380;11;7;7601339;2021;11;16;1;3;5;2;1;0;1;0;0;0;0;0
217379;11;7;7601443;2021;10;12;7;3;5;3;0;0;1;0;0;0;0;0
217378;11;3;3701554;2021;10;2;1;3;0;7;2;1;0;0;0;0;0;0
217377;11;8;8100417;2021;11;14;3;3;5;3;0;0;1;0;0;0;1;0
217376;11;5;5100312;2021;11;16;5;3;6;2;2;0;1;1;0;0;0;1
217375;11;12;12400723;2021;10;23;1;2;1;1;2;0;1;0;0;0;0;0
217374;11;2;2300316;2021;10;14;6;3;5;2;0;1;1;0;0;0;0;0
217373;11;8;8200730;2021;10;8;4;3;5;2;0;1;1;0;0;0;0;1
217372;11;3;3601449;2021;10;15;3;3;3;6;0;1;0;0;0;0;0;0
217371;11;4;4501153;2021;11;15;4;3;5;3;0;1;1;0;0;0;0;1
217370;11;1;1400938;2021;11;11;3;3;2;6;0;0;1;0;0;0;0;1
217369;11;6;6300629;2021;10;9;4;3;2;2;0;0;1;1;0;0;0;0
217368;11;2;2300315;2021;10;12;6;3;3;5;0;1;1;0;0;0;0;1
217367;11;1;1300835;2021;11;13;6;3;5;3;0;0;1;0;0;0;0;1
217366;11;8;8100209;2021;11;9;2;3;0;3;0;1;1;0;0;0;0;0
217365;11;4;4501043;2021;11;10;5;3;5;2;0;1;1;0;0;0;0;1
217364;11;1;1100310;2021;11;8;2;3;5;2;0;1;0;0;1;0;0;0
217363;11;6;6300631;2021;10;15;6;3;5;2;0;1;1;0;0;0;0;0
217362;11;3;3400829;2021;10;12;5;3;5;3;0;1;1;0;0;0;0;0
217361;11;9;9502043;2021;10;7;2;3;5;3;1;1;1;0;0;0;0;1
217360;11;6;6100210;2021;11;8;2;3;5;3;0;0;1;0;1;0;0;0
217359;11;7;7601546;2021;11;17;4;3;0;1;2;0;0;0;1;0;0;0
217358;11;1;1200522;2021;11;19;6;3;5;2;2;1;1;0;0;0;0;0
217357;11;1;1100308;2021;10;12;2;3;6;4;0;0;1;1;0;0;0;0
217356;11;2;2200210;2021;10;19;5;3;2;6;2;0;1;0;0;0;0;1
217355;11;10;10100312;2021;11;6;6;3;5;2;1;0;1;0;0;0;0;0
217354;11;5;5100315;2021;11;13;4;3;5;2;0;0;1;0;0;0;1;1
217353;11;3;3701556;2021;10;18;4;3;6;4;0;0;1;1;0;0;0;0
217352;11;5;5200420;2021;10;14;6;3;5;3;0;0;1;0;0;0;1;1
217351;11;8;8100311;2021;10;20;5;3;1;5;2;0;1;0;1;0;0;0
217350;11;6;6100205;2021;11;18;2;2;5;2;2;0;1;0;1;0;0;0
217349;11;1;1401043;2021;11;18;5;3;6;2;2;0;1;1;0;0;0;1
217348;11;1;1401048;2021;11;10;4;3;5;2;0;1;0;0;0;1;0;0
217347;11;2;2500833;2021;10;20;7;3;5;3;2;0;1;0;1;0;0;0
217346;11;7;7400720;2021;10;5;5;3;5;2;2;0;0;0;1;0;1;0
217345;11;1;1200520;2021;10;11;3;3;1;6;0;0;1;0;1;0;0;0
217344;11;4;4501148;2021;11;14;2;3;5;2;0;0;1;0;0;0;0;1
217343;11;9;9401534;2021;11;15;5;3;5;2;1;1;1;0;0;0;0;0
217342;11;10;10200629;2021;11;16;7;3;5;2;2;0;1;0;0;0;0;0
217341;11;5;5200632;2021;10;15;3;3;0;1;0;0;0;0;1;0;0;1
217340;11;8;8100310;2021;11;18;7;3;6;2;2;0;1;1;0;0;0;1
217339;11;1;1100102;2021;11;13;1;2;6;4;0;0;1;1;0;0;0;1
217338;11;2;2300314;2021;10;17;5;3;3;5;0;1;1;0;0;0;0;0
217337;11;8;8100312;2021;10;16;6;3;2;6;0;0;1;0;0;0;0;1
217336;11;10;10100206;2021;10;16;2;2;6;4;0;0;1;1;0;0;0;0
217335;11;9;9200512;2021;10;17;6;3;1;5;0;0;1;0;0;0;0;0
217334;11;8;8401242;2021;11;11;4;3;5;3;0;0;1;0;0;0;0;0
217333;11;7;7501029;2021;11;19;5;3;2;2;2;0;1;0;0;0;0;1
217332;11;2;2100106;2021;10;22;6;3;5;3;2;0;1;0;0;0;0;0
217331;11;7;7400927;2021;10;10;3;3;0;6;0;0;1;0;1;0;0;0
217330;11;7;7300619;2021;10;21;3;3;5;3;2;1;1;0;0;0;0;0
217329;11;10;10100311;2021;10;17;2;2;5;2;0;1;1;0;0;0;0;0
217328;11;1;1100312;2021;11;14;2;3;6;4;0;1;0;1;0;0;0;0
217327;11;2;2100105;2021;10;15;4;3;6;7;0;0;1;1;0;0;0;0
217326;11;2;2100102;2021;10;14;4;3;6;2;0;0;1;1;0;0;0;0
217325;11;5;5100316;2021;11;15;1;3;2;6;0;0;1;0;0;0;0;1
217324;11;10;10300734;2021;11;22;3;3;5;3;2;0;1;0;0;0;1;0
217323;11;10;10400940;2021;11;9;2;3;5;2;0;0;1;0;0;0;1;0
217322;11;7;7400824;2021;10;11;7;3;5;3;0;0;1;0;0;0;1;0
217321;11;8;8100418;2021;11;17;7;2;5;2;2;0;1;0;0;0;1;1
217320;11;6;6400844;2021;10;17;5;3;1;5;0;0;1;0;0;0;1;0
217319;11;5;5300737;2021;10;1;7;3;0;1;2;0;0;0;0;0;1;1
217318;11;11;11200514;2021;10;18;6;3;0;7;1;0;1;0;1;0;0;1
217317;11;1;1100310;2021;10;19;6;3;6;7;2;0;0;1;0;0;1;0
217316;11;4;4100102;2021;11;21;2;3;3;6;2;0;1;0;1;0;0;1
217315;11;6;6100101;2021;11;14;3;3;0;7;0;0;1;0;0;0;0;0
217314;11;2;2200213;2021;10;4;7;3;0;1;2;0;0;0;0;0;1;0
217313;11;4;4200308;2021;10;14;3;2;2;6;0;0;1;0;1;0;0;0
217312;11;10;10100314;2021;10;13;3;3;3;6;0;1;1;0;0;0;0;0
217311;11;10;10200629;2021;11;15;2;3;2;2;0;0;1;0;0;0;0;0
217310;11;4;4200311;2021;10;5;3;3;2;6;2;0;1;0;0;0;0;1
217309;11;1;1400937;2021;10;8;5;3;2;6;0;0;1;0;0;0;0;1
217308;11;6;6200312;2021;10;18;1;3;2;6;1;0;1;0;0;0;0;0
217307;11;5;5200528;2021;11;16;7;3;6;4;2;0;1;1;0;0;0;0
217306;11;2;2200210;2021;11;21;3;3;5;3;2;1;1;0;0;0;0;0
217305;11;7;7400822;2021;11;11;7;3;0;3;0;0;1;0;1;0;0;0
217304;11;2;2200210;2021;10;12;7;3;2;2;0;1;1;0;0;0;0;0
217303;11;1;1401047;2021;10;14;7;3;5;2;0;1;1;0;0;0;0;0
217302;11;1;1100206;2021;11;23;4;3;8;1;2;0;0;0;0;0;1;0
217301;11;2;2200211;2021;11;13;5;3;1;5;0;1;1;0;0;0;0;0
217300;11;4;4200311;2021;10;16;1;3;2;2;0;0;1;0;0;0;0;0
217299;11;2;2500835;2021;10;7;4;3;0;3;1;0;1;0;1;0;0;1
217298;11;1;1100309;2021;10;11;3;3;0;1;0;0;0;0;1;0;0;1
217297;11;12;12200309;2021;11;17;4;3;2;6;2;0;1;0;0;0;0;1
217296;11;1;1300733;2021;11;15;3;3;6;7;0;1;0;1;0;0;0;1
217295;11;5;5100313;2021;10;14;4;3;0;1;0;0;0;0;0;0;1;0
217294;11;4;4100101;2021;10;15;5;3;5;2;0;1;1;0;0;0;0;1
217293;11;8;8200725;2021;10;14;2;3;0;1;0;0;0;0;1;0;0;0
217292;11;8;8300935;2021;11;1;7;2;5;2;2;0;1;0;0;0;0;0
217291;11;6;6400840;2021;11;13;2;3;5;3;0;0;1;0;0;0;0;0
217290;11;10;10100311;2021;11;13;4;3;0;4;0;0;0;1;0;0;1;0
217289;11;4;4501040;2021;11;10;3;3;6;7;0;0;1;1;0;0;0;0
217288;11;9;9401534;2021;10;11;7;3;2;3;0;0;1;0;0;0;0;0
217287;11;12;12400618;2021;10;14;4;3;2;1;0;0;1;0;0;0;0;0
217286;11;4;4300412;2021;10;2;2;3;0;7;2;1;0;0;0;0;0;0
217285;11;2;2300419;2021;10;16;1;3;5;3;0;1;1;0;0;0;1;0
217284;11;1;1100207;2021;11;18;5;3;1;5;2;0;1;0;1;0;0;1
217283;11;7;7601236;2021;11;10;7;2;6;4;0;0;1;1;0;0;0;0
217282;11;6;6200313;2021;10;17;3;3;1;1;0;0;1;0;0;0;1;1
217281;11;2;2400623;2021;10;20;4;3;5;2;2;1;1;0;0;0;0;0
217280;11;2;2400521;2021;11;19;5;3;6;4;2;0;1;1;0;0;0;0
217279;11;12;12400618;2021;11;10;4;3;5;2;0;1;1;0;0;0;0;0
217278;11;5;5300840;2021;10;8;6;3;2;2;0;0;1;0;0;0;0;0
217277;11;2;2500833;2021;10;8;5;3;5;3;0;0;1;0;0;0;0;0
217276;11;11;11200410;2021;10;13;6;3;5;7;0;0;0;0;0;1;1;1
217275;11;1;1401046;2021;10;20;1;3;2;2;2;0;1;0;0;0;0;1
217274;11;7;7601339;2021;10;13;6;3;2;6;0;0;1;0;1;0;0;0
217273;11;8;8100102;2021;11;16;2;3;5;2;2;0;1;0;1;0;0;1
217272;11;11;11501339;2021;11;13;5;3;5;2;0;0;1;0;0;0;1;1
217271;11;7;7400927;2021;11;20;3;3;5;2;2;0;1;0;0;0;0;0
217270;11;2;2100101;2021;10;11;1;3;2;6;0;1;0;0;0;0;0;0