OBJECTID;LAND;BEZ;LOR_ab_2021;UJAHR;UMONAT;USTUNDE;UWOCHENTAG;UKATEGORIE;UART;UTYP1;ULICHTVERH;IstRad;IstPKW;IstFuss;IstKrad;IstGkfz;IstSonstige;USTRZUSTAND
217269;11;11;11501238;2021;10;18;5;2;5;7;2;0;1;0;0;0;1;0
217268;11;2;2500835;2021;10;9;3;3;5;3;0;0;1;0;0;0;0;0
217267;11;2;2400623;2021;11;11;2;3;0;1;0;0;0;0;1;0;0;1
217266;11;4;4501041;2021;11;11;7;3;0;2;0;1;1;0;0;0;0;1
217265;11;9;9401329;2021;11;8;2;3;6;4;0;0;1;1;0;0;0;0
217264;11;5;5300735;2021;10;21;3;3;5;2;2;0;1;0;0;0;0;0
217263;11;7;7601443;2021;11;17;7;3;6;4;2;0;1;1;0;0;0;1
217262;11;4;4501042;2021;11;2;1;3;1;5;2;0;1;0;0;0;1;1
217261;11;2;2200209;2021;11;7;3;3;5;7;0;0;1;0;1;0;0;0
217260;11;7;7400721;2021;10;13;6;3;5;5;0;0;0;0;1;0;1;0
217259;11;11;11501339;2021;10;18;6;3;6;3;1;0;1;1;0;0;0;1
217258;11;1;1100207;2021;10;15;2;3;2;2;0;0;1;0;1;0;0;0
217257;11;11;11300617;2021;10;12;6;3;0;3;0;0;1;0;0;0;1;0
217256;11;2;2500834;2021;11;19;3;3;5;3;2;1;0;0;1;0;0;0
217255;11;4;4501146;2021;11;8;5;3;5;2;0;1;1;0;0;0;0;1
217254;11;5;5200527;2021;10;11;7;2;6;2;0;0;1;1;0;0;0;0
217253;11;11;11300721;2021;10;11;3;3;9;1;0;0;1;0;0;0;0;0
217252;11;7;7601339;2021;10;19;3;3;5;7;2;0;1;0;0;0;0;1
217251;11;4;4501040;2021;10;9;2;3;1;5;0;0;1;0;1;0;0;0
217250;11;6;6200317;2021;11;18;3;3;5;3;0;0;1;0;0;0;0;1
217249;11;1;1100415;2021;10;12;4;3;0;1;0;1;0;0;0;0;0;0
217248;11;5;5100316;2021;10;13;4;3;2;6;0;0;1;0;1;0;0;0
217247;11;10;10200421;2021;11;15;6;3;5;2;0;0;1;0;0;0;1;0
217246;11;7;7100101;2021;11;16;7;3;3;6;0;0;1;0;1;0;0;0
217245;11;4;4100101;2021;11;13;5;2;5;3;0;0;1;0;0;1;0;1
217244;11;1;1300836;2021;11;17;7;3;5;3;0;0;1;0;1;0;0;0
217243;11;9;9401534;2021;10;16;1;3;5;7;0;1;1;0;0;0;0;0
217242;11;8;8100521;2021;10;20;7;3;6;2;2;0;1;1;0;0;0;0
217241;11;7;7601238;2021;11;15;4;3;5;3;1;0;1;0;0;0;0;0
217240;11;1;1100102;2021;11;16;6;3;2;6;2;0;1;0;0;0;0;0
217239;11;2;2500834;2021;10;3;1;2;5;3;2;1;0;0;0;0;1;0
217238;11;1;1200627;2021;10;9;4;3;0;7;0;1;0;0;0;0;0;0
217237;11;12;12100204;2021;11;18;4;3;1;5;2;0;1;0;0;0;1;1
217236;11;2;2500830;2021;11;8;3;3;0;1;0;1;0;0;0;0;0;1
217235;11;7;7601340;2021;10;16;5;3;6;2;0;0;1;1;0;0;0;0
217234;11;7;7400822;2021;10;17;5;3;5;5;1;0;1;0;0;0;0;1
217233;11;4;4100101;2021;10;11;2;3;5;2;0;0;1;0;1;0;0;0
217232;11;4;4300622;2021;10;13;6;3;2;6;0;0;1;0;1;0;0;0
217231;11;11;11200411;2021;11;9;2;3;2;6;0;0;1;0;0;0;1;1
217230;11;2;2300315;2021;11;18;5;3;5;2;2;1;0;0;0;1;0;1
217229;11;10;10300731;2021;11;10;3;3;5;2;0;0;1;0;0;1;0;0
217228;11;7;7601341;2021;10;1;7;3;8;7;2;0;1;0;0;0;0;0
217227;11;1;1300731;2021;10;2;5;3;0;7;2;1;0;0;0;0;0;0
217226;11;2;2200209;2021;10;3;1;3;0;1;2;0;0;0;0;0;1;1
217225;11;8;8200832;2021;11;10;2;3;5;3;0;0;1;0;0;0;0;0
217224;11;1;1300835;2021;11;5;5;3;6;2;2;0;1;1;0;0;0;1
217223;11;7;7400721;2021;11;0;1;3;5;3;2;0;1;0;0;0;0;0
217222;11;6;6200315;2021;10;8;2;3;0;7;0;1;0;0;0;0;0;0
217221;11;1;1100416;2021;10;1;6;3;5;3;2;1;1;0;0;0;0;1
217220;11;6;6200313;2021;11;7;6;3;3;6;1;1;1;0;0;0;0;0
217219;11;9;9200511;2021;10;17;7;3;6;4;0;0;0;1;1;0;0;0
217218;11;2;2500835;2021;11;19;4;2;6;4;2;0;1;1;0;0;0;0
217217;11;7;7200412;2021;11;19;6;3;5;2;2;1;1;0;0;0;0;1
217216;11;1;1200518;2021;10;15;7;2;6;7;0;0;0;1;0;0;1;0
217215;11;2;2100106;2021;10;19;4;3;5;3;2;1;1;0;0;0;0;1
217214;11;5;5400943;2021;11;18;4;3;5;2;2;1;1;0;0;0;0;1
217213;11;1;1100102;2021;11;18;3;3;5;3;2;1;1;0;0;0;0;1
217212;11;1;1100206;2021;10;14;5;3;3;6;0;1;1;0;0;0;0;0
217211;11;1;1100313;2021;10;14;5;3;5;2;0;1;1;0;0;0;0;1
217210;11;1;1400938;2021;10;14;2;3;5;7;0;0;1;0;1;0;0;0
217209;11;5;5200629;2021;11;11;7;3;2;7;0;1;0;0;0;0;1;0
217208;11;4;4400728;2021;11;10;2;3;2;6;0;0;1;0;0;0;0;1
217207;11;12;12500927;2021;11;11;5;3;5;3;0;0;1;0;0;0;0;1
217206;11;9;9200819;2021;11;18;3;3;5;2;1;1;0;0;0;0;1;0
217205;11;2;2500834;2021;10;12;7;2;5;3;0;0;1;0;1;0;0;0
217204;11;7;7300619;2021;10;18;4;3;5;2;1;1;1;0;0;0;0;0
217203;11;2;2300314;2021;10;8;2;3;5;3;0;0;1;0;0;0;0;0
217202;11;1;1100416;2021;10;16;1;2;0;1;1;1;0;0;0;0;0;0
217201;11;9;9200818;2021;11;13;5;3;2;6;0;0;1;0;0;0;0;0
217200;11;4;4200308;2021;11;18;7;3;1;5;2;0;1;0;0;0;0;1
217199;11;7;7100102;2021;10;18;3;3;5;2;2;0;1;0;0;0;1;1
217198;11;5;5200524;2021;10;20;4;3;2;6;2;0;1;0;0;0;0;1
217197;11;10;10400940;2021;11;16;7;3;6;4;2;0;1;1;0;0;0;1
217196;11;1;1400938;2021;10;18;5;3;0;1;0;0;0;0;1;0;0;0
217195;11;12;12100205;2021;10;12;4;2;2;6;0;0;1;0;0;0;0;0
217194;11;11;11300618;2021;10;12;7;3;5;2;0;1;1;0;0;0;0;0
217193;11;11;11300620;2021;10;12;6;3;5;2;0;0;1;0;0;0;1;0
217192;11;5;5300839;2021;11;18;2;2;0;1;2;1;0;0;0;0;0;0
217191;11;1;1401043;2021;11;18;5;3;6;2;2;0;0;1;0;0;1;1
217190;11;2;2200210;2021;11;19;4;3;5;2;1;1;1;0;0;0;0;0
217189;11;5;5100105;2021;10;16;1;3;6;4;0;0;0;1;1;0;0;0
217188;11;7;7400721;2021;10;15;5;3;5;7;0;0;1;0;1;0;0;0
217187;11;3;3400725;2021;10;15;3;3;5;3;0;0;1;0;1;0;0;0
217186;11;9;9501939;2021;11;15;3;3;2;6;0;0;1;0;0;0;0;0
217185;11;2;2200209;2021;11;16;6;3;2;6;1;0;1;0;0;0;0;0
217184;11;3;3300516;2021;11;6;2;3;0;7;1;0;1;0;1;0;0;1
217183;11;4;4400830;2021;10;10;3;3;6;4;0;0;1;1;0;0;0;1
217182;11;1;1300733;2021;10;0;1;3;2;6;2;0;1;0;0;0;0;0
217181;11;12;12100205;2021;11;16;7;2;6;2;2;0;1;1;0;0;0;1
217180;11;1;1100309;2021;11;16;2;2;0;1;2;1;0;0;0;0;0;1
217179;11;3;3701556;2021;11;18;3;3;3;6;2;1;0;0;0;0;0;0
217178;11;3;3500933;2021;11;9;6;3;5;3;0;0;1;0;0;0;0;1
217177;11;5;5200423;2021;10;17;6;3;5;3;0;1;1;0;0;0;0;0
217176;11;4;4400835;2021;10;11;6;3;0;1;0;0;0;0;0;0;1;1
217175;11;9;9300920;2021;10;23;6;3;5;3;2;0;1;0;0;0;0;0
217174;11;10;10400941;2021;11;12;3;2;5;3;0;1;1;0;0;0;0;0
217173;11;12;12500927;2021;11;7;5;3;5;2;0;0;1;0;0;0;0;1
217172;11;9;9200613;2021;10;13;6;3;0;1;0;0;0;0;1;0;0;0
217171;11;2;2300419;2021;10;18;6;3;1;5;2;1;1;0;0;0;0;0
217170;11;10;10100312;2021;10;7;3;3;5;3;0;0;1;0;0;0;0;0
217169;11;4;4501149;2021;10;18;3;3;3;6;2;1;1;0;0;0;0;1
217168;11;5;5100208;2021;10;14;2;3;5;2;0;0;1;0;0;0;0;0
217167;11;8;8100209;2021;11;10;3;2;8;1;0;0;1;0;0;0;0;1
217166;11;1;1100309;2021;10;1;4;3;8;1;2;0;0;0;0;0;1;0
217165;11;7;7601340;2021;10;16;4;2;5;2;0;1;1;0;0;0;0;0
217164;11;7;7400826;2021;11;18;6;3;5;2;1;0;1;0;1;0;0;0
217163;11;4;4200309;2021;11;15;7;3;5;3;0;0;1;0;0;0;0;0
217162;11;1;1300834;2021;11;8;4;3;5;2;0;1;1;0;0;0;0;0
217161;11;1;1100308;2021;11;15;7;3;1;5;0;1;1;0;0;0;0;0
217160;11;8;8100415;2021;10;14;4;3;5;3;0;1;1;0;0;0;0;0
217159;11;6;6400839;2021;10;10;2;2;5;2;0;1;1;0;0;0;0;0
217158;11;11;11300723;2021;11;12;2;3;0;2;0;1;1;0;0;0;0;1
217157;11;1;1100310;2021;11;11;4;3;0;1;0;1;0;0;0;0;0;0
217156;11;6;6200316;2021;11;10;6;2;4;6;0;1;0;0;0;0;0;1
217155;11;8;8401244;2021;10;23;1;3;1;5;2;1;1;0;0;0;0;0
217154;11;3;3200308;2021;10;16;4;3;2;6;0;1;0;0;0;1;0;0
217153;11;5;5100313;2021;11;16;5;3;6;2;2;0;1;1;0;0;0;0
217152;11;4;4200308;2021;11;15;3;3;5;3;0;1;1;0;0;0;0;1
217151;11;2;2500726;2021;10;19;4;3;5;2;2;0;1;0;1;0;0;0
217150;11;7;7501134;2021;10;8;6;3;5;3;0;0;1;0;1;0;0;0
217149;11;4;4300412;2021;10;15;6;2;5;2;0;0;1;0;0;0;1;0
217148;11;2;2100102;2021;11;19;2;3;5;3;2;1;1;0;0;0;0;0
217147;11;7;7601544;2021;11;17;5;3;0;1;2;0;0;0;1;0;0;1
217146;11;10;10400941;2021;11;15;3;3;5;3;0;1;1;0;0;0;0;0
217145;11;5;5300839;2021;10;20;7;2;0;1;2;0;0;0;0;0;1;0
217144;11;6;6200420;2021;10;16;5;2;3;6;0;0;1;0;0;0;1;0
217143;11;8;8200832;2021;10;14;3;3;2;6;0;0;1;0;0;0;0;1
217142;11;10;10400940;2021;11;16;2;3;5;2;2;1;1;0;0;0;0;1
217141;11;11;11300722;2021;11;17;5;2;5;2;2;0;1;0;1;0;0;0
217140;11;4;4501148;2021;11;16;7;3;5;2;2;0;1;0;0;0;0;1
217139;11;9;9501838;2021;10;15;3;3;5;3;0;0;1;0;1;0;0;1
217138;11;1;1200522;2021;11;17;6;3;5;3;2;1;0;0;0;0;1;0
217137;11;2;2500836;2021;10;18;5;3;0;1;2;0;1;0;1;0;0;0
217136;11;7;7300619;2021;10;20;6;3;5;5;2;0;1;0;1;0;0;1
217135;11;4;4300416;2021;10;20;7;3;6;7;0;0;1;1;0;0;0;0
217134;11;8;8100418;2021;10;17;6;3;5;3;2;0;1;0;0;0;0;0
217133;11;4;4501045;2021;11;19;2;3;6;4;2;1;0;1;0;0;0;1
217132;11;3;3601243;2021;11;8;6;3;5;2;0;1;1;0;0;0;0;1
217131;11;3;3601450;2021;11;16;4;3;0;2;2;0;1;0;0;0;1;1
217130;11;11;11300722;2021;10;16;1;3;5;2;0;0;1;0;0;0;0;0
217129;11;2;2400521;2021;10;11;3;3;3;6;0;1;1;0;0;0;0;0
217128;11;12;12500824;2021;10;13;4;2;6;4;0;0;1;1;0;0;0;0
217127;11;3;3200205;2021;11;6;2;3;5;3;2;0;1;0;0;0;0;0
217126;11;5;5100105;2021;10;7;4;3;2;3;0;1;1;0;0;0;0;1
217125;11;10;10300733;2021;11;18;7;3;5;2;2;0;1;0;0;0;0;1
217124;11;7;7400720;2021;11;13;2;3;5;3;0;0;1;0;0;0;0;0
217123;11;9;9100101;2021;11;11;4;3;5;3;0;1;0;0;1;0;0;0
217122;11;5;5200629;2021;11;12;6;3;5;2;0;0;1;0;0;0;0;1
217121;11;12;12200412;2021;10;14;1;2;1;5;0;0;1;0;1;0;0;0
217120;11;7;7501135;2021;10;1;1;3;1;5;2;1;1;0;0;0;0;0
217119;11;3;3601245;2021;11;9;4;3;5;3;0;1;1;0;0;0;0;0
217118;11;5;5200423;2021;11;10;5;2;5;3;0;0;1;0;0;0;0;0
217117;11;12;12200412;2021;10;17;6;3;5;2;0;0;1;0;0;0;0;0
217116;11;9;9301227;2021;10;15;6;3;1;5;0;1;1;0;0;0;0;0
217115;11;1;1400938;2021;10;8;6;2;5;3;0;1;1;0;0;0;0;0
217114;11;1;1300733;2021;10;18;6;3;6;2;1;0;1;1;0;0;0;1
217113;11;2;2200209;2021;10;8;7;3;5;3;0;1;0;0;0;0;0;1
217112;11;3;3400619;2021;10;16;6;3;5;3;0;1;1;0;0;0;0;0
217111;11;3;3400725;2021;11;17;3;3;5;2;2;0;1;0;1;0;0;0
217110;11;4;4501043;2021;11;19;5;3;5;2;2;1;1;0;0;0;0;1
217109;11;1;1100416;2021;11;8;3;3;5;7;0;1;1;0;0;0;0;0
217108;11;4;4300621;2021;10;18;1;3;5;7;1;0;1;0;0;0;1;0
217107;11;1;1300732;2021;10;20;5;3;5;2;2;1;0;0;0;0;1;0
217106;11;2;2500727;2021;10;14;3;3;0;1;0;1;0;0;0;0;0;0
217105;11;4;4300621;2021;11;10;2;3;1;5;0;1;0;0;0;0;1;0
217104;11;4;4400835;2021;11;17;6;3;6;7;1;0;1;1;0;0;0;0
217103;11;12;12400723;2021;11;16;2;3;0;7;2;0;0;0;1;0;0;1
217102;11;5;5100317;2021;10;7;3;3;0;1;2;0;0;0;1;0;0;1
217101;11;6;6400838;2021;11;19;7;3;6;2;2;0;1;1;0;0;0;1
217100;11;10;10300731;2021;11;16;2;3;6;2;1;0;1;1;0;0;0;1
217099;11;6;6100207;2021;11;12;4;3;5;2;0;0;1;0;1;0;0;0
217098;11;7;7100206;2021;11;17;6;3;6;7;2;0;1;1;0;0;0;0
217097;11;8;8100310;2021;10;15;6;3;6;7;0;1;1;1;0;0;0;0
217096;11;4;4200310;2021;10;16;7;3;5;2;0;0;1;0;1;0;0;0
217095;11;4;4300412;2021;10;12;7;3;2;6;0;0;1;0;0;0;0;0
217094;11;2;2200209;2021;11;12;3;2;1;5;0;1;0;0;0;0;1;1
217093;11;1;1100313;2021;11;17;5;3;5;3;1;0;1;0;0;0;0;1
217092;11;4;4501040;2021;10;11;7;3;5;7;0;1;1;0;0;0;0;0
217091;11;10;10300732;2021;10;16;6;3;6;6;2;0;1;1;0;0;0;0
217090;11;10;10200524;2021;10;8;2;3;5;3;0;1;1;0;0;0;0;0
217089;11;4;4300622;2021;10;11;4;3;6;4;0;0;0;1;1;0;0;0
217088;11;4;4501150;2021;10;17;3;3;5;7;1;0;1;0;1;0;0;0
217087;11;4;4501042;2021;11;10;3;3;2;6;0;0;1;0;1;0;0;1
217086;11;7;7601442;2021;10;11;4;2;6;2;0;0;0;1;0;1;0;0
217085;11;11;11300721;2021;10;13;4;3;3;6;0;0;1;0;0;1;0;0
217084;11;1;1200626;2021;11;15;6;2;5;3;0;0;1;0;0;0;0;0
217083;11;6;6100208;2021;11;2;7;3;6;4;2;0;0;1;0;0;1;0
217082;11;1;1300730;2021;11;14;4;3;5;3;0;0;1;0;1;0;0;0
217081;11;12;12200309;2021;11;23;2;3;5;3;2;1;1;0;0;0;0;0
217080;11;7;7300618;2021;10;14;4;3;5;3;0;1;1;0;0;0;0;0
217079;11;6;6300528;2021;10;11;2;3;5;3;0;0;1;0;1;0;0;0
217078;11;10;10200420;2021;10;14;1;3;5;2;0;0;1;0;0;0;0;0
217077;11;4;4100102;2021;11;13;4;3;5;2;0;0;1;0;0;0;0;0
217076;11;1;1100206;2021;11;21;6;3;6;2;2;0;1;1;0;0;0;0
217075;11;3;3601348;2021;10;15;1;3;5;7;0;1;0;0;0;0;0;0
217074;11;9;9301227;2021;10;18;4;3;5;3;2;1;1;0;0;0;0;1
217073;11;2;2100102;2021;11;12;6;3;5;3;0;0;1;0;0;0;0;0
217072;11;8;8100312;2021;11;15;3;3;6;2;0;0;1;1;0;0;0;0
217071;11;10;10400835;2021;10;12;5;3;5;3;0;1;1;0;0;0;0;0
217070;11;11;11300723;2021;10;18;5;2;0;1;0;1;0;0;0;0;0;1
217069;11;5;5100314;2021;10;18;5;3;0;5;2;0;1;0;1;0;0;0
217068;11;6;6300633;2021;11;8;2;3;6;2;0;0;1;1;0;0;0;1
217067;11;5;5100208;2021;11;12;5;2;2;6;0;0;1;0;0;1;0;1
217066;11;9;9301025;2021;11;9;3;3;6;7;0;0;1;1;0;0;0;0
217065;11;3;3500934;2021;10;15;1;3;5;3;0;0;0;0;1;0;0;0
217064;11;3;3400828;2021;10;10;5;3;1;5;0;1;1;0;0;0;0;0
217063;11;7;7400721;2021;10;13;2;3;2;6;0;0;1;0;0;0;0;0
217062;11;11;11200514;2021;11;8;2;3;2;6;0;1;0;0;0;0;0;0
217061;11;1;1100310;2021;11;9;5;3;2;6;0;0;1;0;0;0;0;0
217060;11;3;3300516;2021;11;0;1;3;0;1;2;0;0;0;0;0;1;0
217059;11;10;10300732;2021;10;12;2;3;9;1;0;0;1;0;0;0;0;0
217058;11;9;9200510;2021;11;17;7;3;5;3;2;1;1;0;0;0;0;1
217057;11;9;9501939;2021;10;19;5;3;1;5;2;1;1;0;0;0;0;0
217056;11;1;1100309;2021;10;18;6;3;6;2;2;0;1;1;0;0;0;1
217055;11;12;12100205;2021;10;14;6;3;5;3;0;0;1;0;0;0;0;1
217054;11;10;10200526;2021;10;18;6;3;9;1;2;0;0;0;1;0;0;0
217053;11;4;4300622;2021;11;16;3;3;2;6;2;0;1;0;1;0;0;0
217052;11;1;1400937;2021;11;7;6;3;5;3;0;0;1;0;0;0;0;1
217051;11;7;7100102;2021;11;17;4;3;5;3;2;0;1;0;1;0;0;0
217050;11;5;5100315;2021;10;17;6;2;5;3;0;0;1;0;0;0;1;0
217049;11;9;9200715;2021;10;15;3;2;5;2;0;0;1;0;0;0;1;0
217048;11;5;5200629;2021;10;23;3;2;5;3;2;0;1;0;0;0;0;0
217047;11;4;4300619;2021;10;16;2;3;5;2;0;1;1;0;0;0;0;0
217046;11;8;8401244;2021;11;0;3;2;9;1;2;0;1;0;0;0;0;0
217045;11;6;6100103;2021;10;12;3;3;5;2;0;0;1;0;0;0;0;1
217044;11;2;2400625;2021;10;17;4;3;2;6;0;0;1;0;0;0;0;0
217043;11;2;2500833;2021;11;10;1;3;0;1;0;1;0;0;0;0;0;1
217042;11;1;1100309;2021;11;10;2;3;5;3;0;1;1;0;0;0;0;1
217041;11;9;9401534;2021;11;20;3;3;9;1;2;0;0;0;0;0;1;0
217040;11;6;6200313;2021;11;9;2;3;2;6;0;0;1;0;0;0;0;0
217039;11;12;12400618;2021;10;14;7;2;0;7;0;0;0;0;1;0;0;1
217038;11;7;7400721;2021;10;0;7;2;2;1;2;0;1;0;0;0;0;0
217037;11;9;9200819;2021;11;17;3;3;5;2;1;1;1;0;0;0;0;0
217036;11;1;1100308;2021;11;8;5;3;2;6;0;1;1;0;0;0;0;1
217035;11;1;1200628;2021;10;19;7;3;1;5;2;1;1;0;0;0;0;0
217034;11;3;3400619;2021;10;7;4;3;0;2;0;1;1;0;0;0;0;1
217033;11;8;8200831;2021;10;14;3;3;0;5;0;0;1;0;0;0;0;0
217032;11;7;7200413;2021;11;14;5;3;5;7;0;0;1;0;0;0;0;1
217031;11;7;7501133;2021;11;8;3;3;0;2;0;1;1;0;0;0;0;1
217030;11;1;1100310;2021;10;15;4;3;5;7;0;0;1;0;1;0;0;0
217029;11;4;4200308;2021;10;6;6;2;4;6;2;0;1;0;0;1;0;0
217028;11;3;3500934;2021;11;18;6;3;1;5;1;1;1;0;0;0;0;0
217027;11;10;10400941;2021;11;12;2;2;5;3;0;1;1;0;0;0;0;1
217026;11;3;3400620;2021;11;6;5;3;5;3;2;1;1;0;0;0;0;0
217025;11;2;2500835;2021;11;10;3;2;0;1;0;0;0;0;1;0;0;0
217024;11;11;11501238;2021;10;11;7;3;5;2;0;0;1;0;1;0;0;0
217023;11;1;1100310;2021;10;15;4;3;0;2;0;1;1;0;0;0;0;0
217022;11;11;11300722;2021;10;14;2;3;5;2;0;1;1;0;0;0;0;0
217021;11;7;7601339;2021;10;12;1;3;0;2;0;0;1;0;1;0;0;0
217020;11;4;4501042;2021;11;15;4;3;0;2;0;0;1;0;0;0;1;0
217019;11;5;5200525;2021;11;14;6;2;6;4;0;0;1;1;0;0;0;1
217018;11;11;11200513;2021;10;17;2;3;5;2;0;1;1;0;0;0;0;0
217017;11;8;8100417;2021;10;13;5;2;5;3;0;1;1;0;0;0;0;1
217016;11;8;8100418;2021;11;14;6;3;6;4;0;0;1;1;0;0;0;0
217015;11;9;9501737;2021;11;7;4;3;1;5;0;1;1;0;0;0;0;1
217014;11;1;1300834;2021;10;9;5;3;0;2;0;1;1;0;0;0;0;0
217013;11;4;4501152;2021;10;13;4;3;0;7;0;1;0;0;0;1;0;1
217012;11;4;4100101;2021;10;6;3;2;2;7;2;0;1;0;1;0;0;1
217011;11;11;11300620;2021;11;18;4;3;5;2;2;0;1;0;0;0;0;0
217010;11;11;11501341;2021;11;18;3;3;0;7;2;0;1;0;0;0;0;1
217009;11;5;5100317;2021;10;2;4;2;0;7;2;0;0;0;0;0;1;1
217008;11;4;4400729;2021;10;17;4;3;0;1;0;1;0;0;0;0;0;0
217007;11;8;8200832;2021;11;10;6;2;6;4;0;0;1;1;0;0;0;1
217006;11;12;12500824;2021;11;15;7;3;5;2;0;1;1;0;0;0;0;1
217005;11;10;10100208;2021;11;19;4;3;2;7;2;1;1;0;0;0;0;1
217004;11;8;8401242;2021;11;21;7;3;5;3;2;0;1;0;0;0;0;0
217003;11;6;6400735;2021;10;10;7;2;5;3;0;0;1;0;0;0;0;0
217002;11;3;3501038;2021;10;20;4;3;5;7;2;1;1;0;0;0;0;0
217001;11;2;2100106;2021;10;17;1;3;5;2;0;1;1;0;0;0;0;0
217000;11;12;12200309;2021;11;12;2;2;5;3;0;0;1;0;1;0;0;1
216999;11;4;4300621;2021;11;10;4;3;1;5;0;1;1;0;0;0;0;0
216998;11;8;8200623;2021;11;13;7;3;3;6;0;0;1;0;0;0;0;0
216997;11;8;8100102;2021;10;23;7;3;6;7;2;0;1;1;0;0;0;0
216996;11;7;7200307;2021;10;22;4;3;0;1;2;0;0;0;0;0;1;0
216995;11;9;9100407;2021;11;10;6;2;0;7;0;1;0;0;0;0;0;0
216994;11;4;4501042;2021;11;16;3;3;6;4;2;0;1;1;0;0;0;1
216993;11;12;12601031;2021;10;22;4;3;5;3;2;0;1;0;0;0;1;0
216992;11;3;3400828;2021;10;16;6;3;5;3;0;0;1;0;0;0;0;1
216991;11;2;2500833;2021;10;22;1;2;6;2;2;0;1;1;0;0;0;0
216990;11;12;12500928;2021;10;8;6;3;2;6;0;0;1;0;0;0;0;0
216989;11;10;10200418;2021;11;18;2;3;5;2;1;0;1;0;0;0;1;1
216988;11;4;4300416;2021;11;21;5;3;5;7;2;0;1;0;1;0;0;1
216987;11;7;7400823;2021;11;8;3;2;5;3;0;0;0;0;1;0;1;0
216986;11;9;9200715;2021;10;12;2;3;6;2;0;0;1;1;0;0;0;1
216985;11;4;4100102;2021;10;5;5;3;2;2;2;0;1;0;0;0;1;0
216984;11;5;5200420;2021;10;20;2;2;2;2;2;0;1;0;1;0;1;0
216983;11;3;3400831;2021;11;13;2;3;6;4;0;0;0;1;0;0;1;1
216982;11;8;8300934;2021;11;20;6;3;0;2;2;1;1;0;0;0;0;0
216981;11;1;1100205;2021;11;19;1;3;5;2;2;1;1;0;0;0;0;1
216980;11;1;1300733;2021;10;16;2;3;2;6;0;0;1;0;0;0;1;0
216979;11;10;10400836;2021;10;11;2;3;5;3;0;1;1;0;0;0;0;0
216978;11;12;12601235;2021;11;2;7;3;2;7;2;0;1;0;0;0;0;0
216977;11;1;1100311;2021;11;14;1;3;1;7;0;0;1;0;0;0;0;1
216976;11;11;11200513;2021;10;7;5;2;0;2;1;0;1;0;0;0;1;0
216975;11;12;12200309;2021;10;14;6;3;0;6;0;0;1;0;1;0;0;0
216974;11;9;9501737;2021;10;16;2;3;5;3;0;1;1;0;0;0;0;0
216973;11;9;9100304;2021;10;14;6;3;0;4;0;0;0;1;1;0;0;0
216972;11;1;1200519;2021;11;12;4;3;0;5;0;1;1;0;0;0;0;1
216971;11;10;10200421;2021;11;15;5;3;5;2;0;1;1;0;0;0;0;0
216970;11;2;2300315;2021;10;12;6;3;5;2;0;1;1;0;0;0;0;0
216969;11;1;1100416;2021;10;7;3;3;5;3;0;1;1;0;0;0;0;0
216968;11;6;6300526;2021;10;13;4;3;2;3;0;0;1;0;1;0;0;0
216967;11;2;2400521;2021;10;12;2;2;5;3;0;0;1;0;1;0;0;0
216966;11;5;5100104;2021;11;9;1;3;5;3;0;0;1;0;0;0;0;1
216965;11;2;2300315;2021;10;17;4;3;5;3;0;1;0;0;0;0;1;0
216964;11;9;9100101;2021;10;15;4;3;1;5;0;1;1;0;0;0;0;0
216963;11;6;7300619;2021;11;13;7;3;0;7;0;0;0;0;1;0;0;1
216962;11;8;8100314;2021;11;19;3;3;2;6;2;0;1;0;0;0;0;0
216961;11;1;1401043;2021;11;12;7;3;2;2;0;0;1;0;1;0;0;0
216960;11;5;5200631;2021;10;12;1;3;2;6;0;0;1;0;1;0;0;0
216959;11;4;4501041;2021;10;13;7;3;5;7;0;0;1;0;0;0;0;0
216958;11;1;1200624;2021;11;18;4;3;5;2;2;1;1;0;0;0;0;0
216957;11;6;6100103;2021;11;6;5;3;6;4;2;0;0;1;0;0;1;0
216956;11;6;6400838;2021;10;18;7;3;2;6;0;0;1;0;0;0;0;0
216955;11;3;3701554;2021;10;10;4;3;5;5;0;0;1;0;0;0;1;0
216954;11;10;10100315;2021;11;17;4;2;2;7;2;0;1;0;0;0;0;0
216953;11;12;12500824;2021;11;16;3;3;1;5;1;0;1;0;0;1;1;1
216952;11;9;9401329;2021;10;10;5;3;2;6;0;0;1;0;0;0;0;0
216951;11;1;1100102;2021;10;3;5;3;9;1;2;0;0;0;1;0;0;0
216950;11;7;7400721;2021;10;15;2;3;5;3;0;0;1;0;1;0;0;0
216949;11;6;6100205;2021;11;11;6;2;0;1;0;0;0;0;1;0;0;1
216948;11;4;4200311;2021;11;18;1;2;5;2;2;0;1;0;0;0;0;1
216947;11;8;8100103;2021;11;12;5;3;2;6;0;0;1;0;0;0;0;1
216946;11;6;6100101;2021;11;16;2;3;1;5;1;1;1;0;0;0;0;0