OBJECTID;LAND;BEZ;LOR_ab_2021;UJAHR;UMONAT;USTUNDE;UWOCHENTAG;UKATEGORIE;UART;UTYP1;ULICHTVERH;IstRad;IstPKW;IstFuss;IstKrad;IstGkfz;IstSonstige;USTRZUSTAND
216945;11;2;2100106;2021;10;19;7;3;5;2;2;1;1;0;0;0;0;0
216944;11;3;3400724;2021;10;16;4;3;2;6;1;0;1;0;0;0;0;0
216943;11;9;9501939;2021;10;9;2;3;5;2;0;1;0;0;0;0;1;0
216942;11;9;9502043;2021;11;9;2;3;5;3;0;0;1;0;0;0;0;0
216941;11;7;7601341;2021;11;13;5;3;5;2;0;1;0;0;0;0;1;0
216940;11;6;6200317;2021;11;11;7;2;6;4;0;0;1;1;0;0;0;0
216939;11;11;11300722;2021;10;17;3;3;5;2;0;1;1;0;0;0;0;0
216938;11;9;9501940;2021;10;21;5;3;5;2;2;1;0;0;0;0;1;1
216937;11;12;12601032;2021;11;7;6;3;1;5;0;0;1;0;0;0;1;0
216936;11;10;10200629;2021;11;15;4;3;6;2;1;0;1;1;0;0;0;1
216935;11;1;1200627;2021;10;22;5;3;3;6;2;0;1;0;0;0;0;0
216934;11;12;12200309;2021;10;0;5;3;5;7;2;0;1;0;0;0;1;0
216933;11;11;11200513;2021;10;8;7;3;5;3;0;0;1;0;0;0;0;1
216932;11;2;2200208;2021;10;3;6;2;0;1;2;0;0;0;0;0;1;0
216931;11;6;6300524;2021;11;15;2;3;5;2;0;1;0;0;0;1;0;1
216930;11;10;10100210;2021;11;16;5;2;6;4;2;0;1;1;0;0;0;1
216929;11;4;4300619;2021;11;12;3;3;2;6;0;0;1;0;0;0;0;0
216928;11;7;7400822;2021;10;3;1;3;5;3;2;1;1;0;0;0;0;0
216927;11;1;1100312;2021;10;19;5;2;4;6;2;1;1;0;0;0;1;0
216926;11;2;2200212;2021;10;14;3;3;2;6;0;0;1;0;0;0;0;0
216925;11;4;4501153;2021;11;17;3;3;5;2;2;1;1;0;0;0;0;0
216924;11;4;4300624;2021;11;8;6;3;6;4;0;0;1;1;0;0;0;1
216923;11;2;2300315;2021;11;22;1;2;6;2;2;0;1;1;0;0;0;0
216922;11;3;3500934;2021;10;7;3;3;6;4;0;0;0;1;0;0;1;1
216921;11;1;1100309;2021;10;8;4;3;5;3;0;1;1;0;0;0;0;0
216920;11;1;1100313;2021;10;15;1;3;1;5;0;0;1;0;1;0;0;0
216919;11;7;7601340;2021;11;17;7;3;6;4;2;0;1;1;0;0;0;1
216918;11;1;1100207;2021;11;10;1;3;5;3;0;0;1;0;0;0;0;0
216917;11;9;9401330;2021;11;12;4;3;6;2;0;0;1;1;0;0;0;0
216916;11;10;10400938;2021;11;16;6;3;6;7;1;0;1;1;0;0;0;0
216915;11;3;3501038;2021;10;13;6;3;6;7;0;0;0;1;0;0;1;0
216914;11;1;1100205;2021;10;17;6;3;6;4;1;0;1;1;0;0;0;1
216913;11;3;3500932;2021;10;6;2;3;5;2;2;0;0;0;0;0;1;0
216912;11;5;5300737;2021;10;14;6;3;2;6;0;0;1;0;0;0;0;0
216911;11;6;6200422;2021;11;1;3;2;8;1;2;0;1;0;0;0;0;1
216910;11;6;6200312;2021;11;7;5;3;2;6;2;0;1;0;0;0;0;1
216909;11;1;1100103;2021;10;17;6;3;3;2;0;0;1;0;1;0;0;0
216908;11;1;1300733;2021;10;9;6;3;0;1;0;1;0;0;0;0;0;0
216907;11;1;1300834;2021;10;14;3;3;5;3;0;0;1;0;0;0;1;0
216906;11;4;4300623;2021;10;17;3;3;1;5;0;1;1;0;0;0;0;0
216905;11;11;11400931;2021;10;19;2;3;6;4;1;1;0;1;0;0;0;1
216904;11;4;4200206;2021;10;17;7;2;5;3;1;1;1;0;0;0;0;0
216903;11;3;3400725;2021;10;13;6;3;2;6;0;0;1;0;0;0;1;0
216902;11;6;6200312;2021;11;19;2;3;2;2;2;0;1;0;0;0;0;0
216901;11;4;4501150;2021;11;17;5;3;1;5;2;0;1;0;0;0;0;1
216900;11;6;6400842;2021;11;17;3;3;1;5;2;0;1;0;0;0;0;0
216899;11;1;1100206;2021;10;23;7;3;5;3;2;1;1;0;0;0;0;0
216898;11;12;12500825;2021;10;14;5;3;2;2;0;0;1;0;0;1;0;0
216897;11;1;1300733;2021;10;14;3;3;6;7;0;0;1;1;0;0;0;0
216896;11;7;7501029;2021;11;13;2;3;5;3;0;0;1;0;0;0;0;1
216895;11;4;4501149;2021;11;9;5;3;5;7;0;1;0;0;0;0;1;0
216894;11;4;4501042;2021;11;14;7;3;0;5;0;1;0;0;0;0;1;1
216893;11;7;7400927;2021;10;8;3;2;5;7;0;0;1;0;0;0;0;1
216892;11;4;4501043;2021;11;17;7;2;6;2;2;0;1;1;0;0;0;1
216891;11;5;5200632;2021;11;18;2;2;1;1;1;0;1;0;0;1;0;1
216890;11;4;4501041;2021;10;14;5;3;5;2;0;1;1;0;0;0;0;0
216889;11;7;7100206;2021;10;11;6;3;0;2;0;0;1;0;0;1;1;1
216888;11;4;4300620;2021;10;19;2;3;5;3;1;1;1;0;0;0;0;1
216887;11;4;4200310;2021;10;20;6;3;5;7;2;0;1;0;0;0;0;0
216886;11;4;4300412;2021;11;19;3;3;2;6;2;0;1;0;0;0;0;0
216885;11;8;8100311;2021;11;19;5;3;5;2;2;1;1;0;0;0;0;1
216884;11;1;1100309;2021;10;18;6;3;1;5;1;1;0;0;0;0;1;0
216883;11;6;6200422;2021;10;14;3;3;3;2;0;0;1;0;1;0;0;0
216882;11;6;6400841;2021;10;14;3;3;0;6;0;0;0;0;0;0;1;0
216881;11;2;2100105;2021;10;16;2;3;5;3;0;0;1;0;0;0;1;0
216880;11;1;1300835;2021;11;7;3;3;1;7;0;0;0;0;0;1;1;1
216879;11;11;11300616;2021;10;16;4;3;5;2;0;0;1;0;1;0;0;0
216878;11;1;1100309;2021;10;20;4;3;5;2;2;1;0;1;0;0;1;0
216877;11;7;7501031;2021;11;11;7;2;5;3;0;0;0;0;1;0;0;0
216876;11;7;7400927;2021;11;13;3;3;0;1;0;0;0;0;1;0;0;1
216875;11;2;2300419;2021;11;18;7;3;6;7;2;0;0;1;0;0;1;0
216874;11;3;3200207;2021;10;11;1;2;5;3;0;0;1;0;1;0;0;0
216873;11;5;5200630;2021;10;13;7;3;5;3;0;1;1;0;0;0;0;0
216872;11;5;5100208;2021;11;17;4;3;5;2;2;0;1;0;0;0;1;0
216871;11;11;11400931;2021;11;12;6;3;5;2;0;0;1;0;0;0;0;0
216870;11;5;5100101;2021;10;5;2;3;1;1;2;0;1;0;0;0;0;1
216869;11;5;5100316;2021;10;15;4;3;6;4;0;0;1;1;0;0;0;0
216868;11;1;1100310;2021;11;15;5;3;2;2;0;0;1;0;0;0;0;0
216867;11;8;8200726;2021;11;17;4;3;2;6;1;0;1;0;0;0;0;1
216866;11;1;1401048;2021;10;14;5;3;5;2;0;1;1;0;0;0;0;0
216865;11;3;3601347;2021;10;8;5;3;1;5;0;1;1;0;0;0;0;1
216864;11;2;2500835;2021;10;13;2;3;1;5;0;0;1;0;0;0;0;0
216863;11;3;3200309;2021;11;6;6;3;6;4;1;0;1;1;0;0;0;1
216862;11;1;1401045;2021;11;10;2;3;0;1;0;1;0;0;0;0;0;1
216861;11;7;7501029;2021;11;17;4;2;2;6;2;0;1;0;0;0;0;0
216860;11;8;8301037;2021;11;18;2;3;1;5;2;0;1;0;0;0;0;0
216859;11;3;3601245;2021;10;20;7;3;5;2;2;1;1;0;0;0;0;0
216858;11;7;7100206;2021;10;14;4;3;5;2;0;1;0;0;0;0;1;0
216857;11;1;1100205;2021;10;8;2;3;2;6;0;0;1;0;0;0;0;0
216856;11;10;10100313;2021;11;6;2;2;5;2;1;1;1;0;0;0;0;0
216855;11;11;11100102;2021;11;14;5;3;2;6;0;0;1;0;0;0;0;0
216854;11;9;9501737;2021;11;9;1;2;8;1;0;0;0;0;1;0;0;1
216853;11;5;5300735;2021;10;19;3;3;5;2;2;0;1;0;0;0;0;1
216852;11;3;3500933;2021;10;15;5;3;5;2;0;0;1;0;0;0;0;1
216851;11;1;1100309;2021;11;22;6;3;1;5;2;1;1;0;0;0;0;0
216850;11;8;8100312;2021;10;19;5;3;1;5;2;0;1;0;0;1;0;0
216849;11;3;3701660;2021;10;12;6;3;1;7;0;1;1;0;0;0;0;0
216848;11;5;5200420;2021;10;10;7;3;5;3;0;0;1;0;0;0;0;0
216847;11;5;5400944;2021;10;14;6;2;5;2;0;0;1;0;1;0;0;0
216846;11;5;5100101;2021;11;14;3;2;8;1;0;0;1;0;0;0;0;0
216845;11;7;7200308;2021;11;7;6;3;2;6;0;0;1;0;0;0;0;1
216844;11;1;1100309;2021;11;23;5;3;6;6;2;0;1;1;0;0;0;1
216843;11;4;4501153;2021;10;14;1;2;1;5;0;0;1;0;1;0;0;0
216842;11;3;3501037;2021;10;14;5;3;1;5;0;0;1;0;0;0;1;0
216841;11;4;4501043;2021;10;17;3;3;5;2;0;1;1;0;0;0;0;0
216840;11;8;8100206;2021;11;14;2;3;5;3;0;1;0;0;0;0;1;1
216839;11;5;5300735;2021;11;11;7;3;4;6;0;0;1;0;1;0;0;0
216838;11;2;2300315;2021;11;15;2;3;5;3;0;0;1;0;0;0;0;0
216837;11;11;11200410;2021;10;6;3;2;0;1;0;0;0;0;1;0;0;1
216836;11;4;4200308;2021;11;14;7;3;2;6;0;0;1;0;0;0;0;1
216835;11;3;3601245;2021;11;17;2;3;5;2;2;1;0;0;0;1;0;1
216834;11;1;1300731;2021;11;21;3;3;1;5;2;1;1;0;0;0;0;1
216833;11;4;4300518;2021;11;6;6;3;1;5;1;1;1;0;0;0;0;1
216832;11;9;9501737;2021;10;19;6;3;5;2;2;0;1;0;1;0;0;0
216831;11;7;7400720;2021;10;15;1;3;5;3;0;0;1;0;1;0;0;0
216830;11;7;7501134;2021;10;19;7;3;1;5;2;0;1;0;0;0;0;0
216829;11;3;3100103;2021;11;22;3;2;0;1;2;0;0;0;1;0;0;1
216828;11;2;2200208;2021;11;14;5;3;5;2;0;1;1;0;0;0;0;1
216827;11;1;1100309;2021;10;11;7;3;0;1;0;1;0;0;0;0;0;0
216826;11;2;2300316;2021;10;16;6;3;5;3;0;1;1;0;0;0;0;0
216825;11;2;2100102;2021;10;12;3;3;2;6;0;0;1;0;0;0;0;0
216824;11;8;8200832;2021;10;6;4;3;5;2;2;0;1;0;1;0;0;0
216823;11;10;10300734;2021;10;17;2;3;5;2;1;1;1;0;0;0;0;0
216822;11;8;8200726;2021;11;10;3;3;5;2;0;0;1;0;0;0;0;1
216821;11;12;12100102;2021;10;13;4;3;2;6;0;0;1;0;1;0;0;0
216820;11;1;1300835;2021;10;19;1;3;8;1;2;0;1;0;0;0;0;1
216819;11;4;4500937;2021;11;16;6;3;2;6;1;0;1;0;0;0;0;1
216818;11;1;1401044;2021;11;6;7;3;1;7;2;0;1;0;0;0;0;0
216817;11;2;2100104;2021;11;12;4;3;5;2;0;1;0;0;1;0;0;0
216816;11;4;4501043;2021;11;7;1;3;1;5;0;0;1;0;0;0;1;0
216815;11;1;1401048;2021;10;13;5;3;1;5;0;0;1;0;0;1;0;0
216814;11;8;8100417;2021;10;15;2;3;3;6;0;0;1;0;0;0;0;0
216813;11;8;8100102;2021;11;8;2;3;3;6;0;1;1;0;0;0;0;0
216812;11;6;6100207;2021;11;12;4;3;5;3;0;1;0;0;1;0;0;0
216811;11;9;9200715;2021;11;8;6;3;2;6;0;0;1;0;0;0;0;1
216810;11;7;7501029;2021;10;16;2;3;0;2;0;1;1;0;0;0;0;0
216809;11;2;2500726;2021;10;19;3;3;0;2;1;1;1;0;0;0;0;1
216808;11;4;4501040;2021;11;22;4;3;3;2;2;0;1;0;0;0;0;0
216807;11;7;7501135;2021;11;7;4;3;0;2;0;0;1;0;0;0;1;1
216806;11;9;9100203;2021;10;11;5;2;6;7;0;0;1;1;0;0;0;0
216805;11;12;12500824;2021;10;23;5;3;0;1;2;1;0;0;0;0;0;0
216804;11;8;8100417;2021;10;15;6;3;3;6;0;0;1;0;0;0;1;0
216803;11;8;8100103;2021;11;18;1;3;1;5;2;1;1;0;0;0;0;1
216802;11;1;1401048;2021;11;21;5;3;5;3;2;1;0;0;0;0;1;1
216801;11;8;8100312;2021;11;9;2;3;5;7;0;0;1;0;1;0;0;0
216800;11;10;10100101;2021;10;9;7;3;6;4;0;0;1;1;0;0;0;0
216799;11;3;3200309;2021;11;12;3;3;0;6;0;0;0;0;0;0;1;0
216798;11;9;9200819;2021;10;22;4;3;5;2;2;1;1;0;0;0;0;0
216797;11;1;1100207;2021;10;6;4;2;5;2;1;0;1;0;0;0;0;0
216796;11;6;6200313;2021;10;19;1;3;6;2;2;0;1;1;0;0;0;0
216795;11;7;7300619;2021;11;11;7;3;2;2;0;1;1;0;0;0;0;0
216794;11;8;8100209;2021;11;15;7;3;2;3;0;1;1;0;0;0;0;0
216793;11;7;7200307;2021;11;13;4;3;6;7;0;0;1;1;0;0;0;0
216792;11;4;4501042;2021;11;14;7;3;0;2;0;0;1;0;0;0;1;0
216791;11;12;12200310;2021;10;12;1;3;5;2;0;0;1;0;0;0;0;0
216790;11;8;8401242;2021;10;12;7;3;5;3;0;0;1;0;0;0;0;0
216789;11;10;10200629;2021;11;8;5;3;2;6;0;0;1;0;0;0;0;0
216788;11;2;2300314;2021;11;18;6;3;6;2;2;0;1;1;0;0;0;1
216787;11;4;4400834;2021;10;8;2;3;0;7;0;0;0;0;1;0;0;1
216786;11;9;9301228;2021;10;15;4;3;8;1;0;0;1;0;0;0;0;1
216785;11;2;2200208;2021;11;8;4;3;5;2;0;0;0;0;0;1;1;1
216784;11;10;10400835;2021;11;11;4;3;5;3;0;0;1;0;0;0;0;1
216783;11;3;3601449;2021;10;16;5;3;5;2;1;1;1;0;0;0;0;0
216782;11;10;10300733;2021;10;12;5;3;3;6;0;0;1;0;0;0;1;1
216781;11;7;7400824;2021;10;10;2;3;1;5;0;1;1;0;0;0;0;0
216780;11;10;10300731;2021;10;9;6;3;5;7;0;1;0;0;0;0;0;0
216779;11;8;8100313;2021;11;7;2;3;6;2;0;0;1;1;0;0;0;1
216778;11;1;1300836;2021;11;16;5;3;5;2;2;0;1;0;0;0;0;1
216777;11;1;1100312;2021;11;9;3;3;5;3;0;1;0;0;1;0;0;0
216776;11;11;11400927;2021;10;19;7;3;0;7;2;1;0;0;0;0;0;0
216775;11;2;2300316;2021;10;13;5;3;5;2;0;1;1;0;0;0;0;0
216774;11;4;4400833;2021;10;8;2;3;0;2;0;0;1;0;1;0;0;0
216773;11;4;4100101;2021;10;22;1;3;5;2;2;0;1;0;1;0;0;0
216772;11;2;2200213;2021;11;16;5;3;0;3;0;1;1;0;0;0;0;0
216771;11;9;9200715;2021;11;17;1;3;2;6;1;0;1;0;0;0;0;1
216770;11;9;9200512;2021;10;11;2;3;2;6;0;0;1;0;0;0;0;1
216769;11;8;8301037;2021;11;17;7;3;6;2;1;0;1;1;0;0;0;1
216768;11;6;6100209;2021;10;9;6;3;3;2;0;0;1;0;1;0;0;0
216767;11;4;4501041;2021;10;16;6;3;5;7;0;1;1;0;0;0;0;1
216766;11;10;10200421;2021;10;16;7;3;3;6;0;0;1;0;0;0;0;0
216765;11;1;1100206;2021;10;16;6;3;2;2;0;1;1;0;0;0;0;0
216764;11;10;10400939;2021;11;15;3;3;5;3;0;0;1;0;1;0;0;0
216763;11;5;5100208;2021;11;12;5;3;2;6;0;0;1;0;0;1;0;1
216762;11;11;11400929;2021;11;20;4;3;6;4;2;0;1;1;0;0;0;1
216761;11;7;7601442;2021;10;21;1;2;6;2;2;0;0;1;0;0;1;1
216760;11;2;2100102;2021;10;20;5;3;5;3;2;0;1;0;0;0;0;0
216759;11;2;2400625;2021;10;13;3;3;1;5;0;1;1;0;0;0;0;0
216758;11;1;1200520;2021;11;19;6;3;1;5;2;0;1;0;0;0;1;0
216757;11;3;3501038;2021;11;13;2;3;5;3;0;1;1;0;0;0;0;0
216756;11;10;10300733;2021;10;7;4;3;0;1;0;1;0;0;0;0;0;0
216755;11;11;11501340;2021;10;12;1;3;2;6;0;0;1;0;0;0;0;0
216754;11;7;7400721;2021;11;17;7;3;6;4;2;0;0;1;0;0;1;1
216753;11;12;12100102;2021;11;15;7;3;1;5;0;1;1;0;0;0;0;0
216752;11;6;6300524;2021;11;21;3;3;0;2;2;0;1;0;1;0;0;0
216751;11;3;3400619;2021;11;6;6;2;5;2;2;1;0;0;0;0;1;1
216750;11;5;5100209;2021;10;15;6;1;6;4;0;0;0;1;1;0;0;0
216749;11;10;10100315;2021;10;13;7;3;2;6;0;0;1;0;0;0;0;0
216748;11;12;12200412;2021;10;12;7;3;2;6;0;0;1;0;0;0;1;0
216747;11;7;7300516;2021;11;15;4;3;6;7;0;1;0;1;0;0;0;0
216746;11;1;1300733;2021;11;19;5;2;6;2;2;0;1;1;0;0;0;1
216745;11;10;10300734;2021;10;13;7;3;2;2;0;0;1;0;1;0;0;0
216744;11;3;3100103;2021;10;11;6;3;6;4;0;0;1;1;0;0;0;0
216743;11;2;2500835;2021;10;16;4;3;2;6;0;0;0;0;1;0;1;1
216742;11;1;1100416;2021;10;14;4;2;1;5;0;1;0;0;0;0;1;0
216741;11;4;4500937;2021;10;13;3;3;2;6;0;1;0;0;0;0;0;0
216740;11;4;4100102;2021;11;15;4;2;5;3;0;0;1;0;0;0;0;1
216739;11;11;11501340;2021;11;14;3;2;3;6;0;1;0;0;0;1;0;1
216738;11;6;6300634;2021;10;10;4;2;5;2;0;1;1;0;0;0;0;0
216737;11;9;9200715;2021;10;17;4;3;5;2;1;1;0;0;0;0;1;0
216736;11;5;5100105;2021;10;8;2;3;1;5;0;0;0;0;0;0;1;0
216735;11;6;6200314;2021;11;23;6;2;0;1;2;0;0;0;0;0;1;1
216734;11;1;1200628;2021;11;13;7;3;2;2;0;0;1;0;0;0;0;0
216733;11;3;3601451;2021;11;7;4;3;1;5;0;1;1;0;0;0;0;0
216732;11;11;11200514;2021;11;10;1;2;0;6;0;0;1;0;0;0;1;0
216731;11;1;1401046;2021;10;14;7;3;0;6;0;0;1;0;0;0;1;0
216730;11;12;12200307;2021;10;13;5;3;0;6;0;1;1;0;0;0;0;0
216729;11;2;2400625;2021;10;9;2;3;8;1;0;0;1;0;0;0;0;1
216728;11;2;2500830;2021;11;13;2;3;0;1;0;1;0;0;1;0;0;1
216727;11;5;5200423;2021;11;13;5;3;5;3;0;0;1;0;0;0;0;0
216726;11;12;12500825;2021;11;14;6;3;5;2;0;1;1;0;0;0;0;0
216725;11;1;1300733;2021;10;17;7;3;5;2;0;1;1;0;0;0;0;0
216724;11;1;1100312;2021;10;9;5;3;0;7;0;1;0;0;0;0;0;0
216723;11;3;3601452;2021;11;15;6;3;2;6;0;0;1;0;0;0;0;0
216722;11;1;1100102;2021;11;16;4;3;2;6;2;0;1;0;0;0;0;1
216721;11;1;1100312;2021;10;16;4;3;0;1;0;1;1;0;0;0;0;0
216720;11;2;2500727;2021;10;8;5;3;0;7;0;0;0;0;1;0;1;1
216719;11;9;9200510;2021;10;12;6;3;5;2;0;1;1;0;0;0;0;0
216718;11;3;3501037;2021;11;7;2;3;5;2;0;1;1;0;0;0;0;1
216717;11;1;1100310;2021;11;16;5;3;5;2;1;1;0;0;0;0;1;1
216716;11;11;11400927;2021;11;7;3;3;5;3;0;1;1;0;0;0;0;0
216715;11;1;1100102;2021;10;22;7;3;2;6;2;0;1;0;0;0;0;0
216714;11;5;5100209;2021;10;14;5;3;4;6;0;1;0;0;0;0;1;0
216713;11;12;12500824;2021;10;15;2;3;3;6;0;0;0;0;1;0;1;0
216712;11;12;12500930;2021;11;12;2;3;0;7;0;0;0;1;0;0;1;0
216711;11;1;1100310;2021;11;17;5;3;5;3;2;0;0;0;0;0;1;1
216710;11;2;2500836;2021;11;15;1;3;6;4;0;0;1;1;0;0;0;1
216709;11;3;3400830;2021;10;15;2;3;4;6;0;1;0;0;0;0;0;0
216708;11;12;12200309;2021;10;17;1;3;2;6;0;0;1;0;0;0;0;0
216707;11;4;4300517;2021;11;21;7;3;1;5;2;0;1;0;0;0;1;1
216706;11;12;12400722;2021;10;7;6;3;2;6;0;0;1;0;0;0;0;0
216705;11;6;6100209;2021;10;14;7;3;5;2;0;0;1;0;0;0;1;0
216704;11;8;8100104;2021;10;21;6;3;3;6;2;1;1;0;0;0;0;1
216703;11;6;6400838;2021;10;18;6;3;1;5;2;0;1;0;0;0;0;0
216702;11;4;4501041;2021;11;11;3;3;2;6;0;1;1;0;0;0;0;0
216701;11;5;5100104;2021;11;18;5;3;5;7;1;1;1;0;0;0;0;1
216700;11;1;1300835;2021;10;9;7;3;1;6;0;1;1;0;0;0;1;0
216699;11;1;1200623;2021;10;5;3;3;6;2;2;0;0;1;0;0;1;0
216698;11;4;4500936;2021;10;1;4;3;0;1;2;0;0;0;0;0;1;0
216697;11;7;7200307;2021;11;16;1;3;0;6;2;1;0;0;0;0;0;1
216696;11;8;8100416;2021;10;8;3;3;0;7;0;0;0;0;0;0;1;0
216695;11;8;8300935;2021;10;13;5;3;6;4;0;0;1;1;0;0;0;0
216694;11;12;12500926;2021;10;11;3;3;6;4;0;0;1;1;0;0;0;0
216693;11;1;1100101;2021;11;18;2;3;5;2;2;1;1;0;0;0;0;1
216692;11;4;4300624;2021;11;14;5;3;2;6;0;1;1;0;0;0;0;0
216691;11;8;8401241;2021;11;13;7;3;5;3;0;0;1;0;0;0;0;0
216690;11;6;6100209;2021;10;18;3;3;2;6;1;0;1;0;0;0;0;0
216689;11;11;11200513;2021;11;7;6;3;5;3;1;1;1;0;0;0;0;0
216688;11;11;11200411;2021;10;17;5;2;5;3;0;1;1;0;0;0;0;0
216687;11;2;2300314;2021;10;20;6;3;4;6;2;0;1;0;0;0;0;1
216686;11;10;10100205;2021;10;15;6;2;0;3;0;0;1;0;1;0;0;1
216685;11;1;1100415;2021;10;23;6;2;5;3;2;0;1;0;0;0;0;0
216684;11;12;12500930;2021;11;5;3;3;5;2;2;1;1;0;0;0;0;1
216683;11;2;2500830;2021;11;8;6;3;0;1;0;0;0;0;1;0;0;1
216682;11;5;5100317;2021;11;6;4;3;2;6;1;0;1;0;0;0;0;1
216681;11;8;8100521;2021;10;22;1;3;6;7;2;0;1;1;0;0;0;0
216680;11;2;2500832;2021;10;14;2;2;5;3;0;0;1;0;1;0;0;0
216679;11;11;11200411;2021;10;5;3;3;5;3;2;1;1;0;0;0;0;0
216678;11;8;8100417;2021;11;16;2;3;6;2;0;1;0;1;0;1;0;0
216677;11;6;6100208;2021;10;12;3;3;2;6;0;0;1;0;0;0;0;1
216676;11;1;1401046;2021;10;9;4;3;5;3;0;1;1;0;0;0;0;0
216675;11;1;1300834;2021;11;18;7;3;6;2;2;0;1;1;0;0;0;1
216674;11;3;3400619;2021;11;18;2;3;0;3;2;0;1;0;1;0;0;1
216673;11;1;1200520;2021;11;11;3;3;2;3;0;1;1;0;0;0;0;1
216672;11;6;6400842;2021;11;14;6;3;6;4;0;1;0;1;0;0;0;0
216671;11;5;5200423;2021;10;13;7;3;6;7;0;0;1;1;0;0;0;0
216670;11;11;11401033;2021;10;11;7;3;6;4;0;0;0;1;0;0;1;0
216669;11;2;2100101;2021;11;17;3;3;5;2;2;0;1;0;0;0;1;0
216668;11;6;6400838;2021;11;13;5;3;6;4;0;0;0;1;0;0;1;0
216667;11;5;5100105;2021;10;15;6;3;2;6;0;0;1;0;0;0;0;0
216666;11;5;5100315;2021;10;11;6;2;2;4;0;0;1;1;0;0;0;0
216665;11;2;2400521;2021;10;21;3;3;5;2;2;0;1;0;0;0;1;1
216664;11;12;12500928;2021;10;18;3;3;0;3;2;0;1;0;1;0;0;0
216663;11;11;11501238;2021;11;9;4;3;5;3;0;1;1;0;0;0;0;0
216662;11;12;12200309;2021;11;18;3;3;2;2;1;0;1;0;1;0;0;1
216661;11;1;1300834;2021;10;13;4;3;2;2;0;0;1;0;1;0;0;0
216660;11;1;1200627;2021;10;9;6;3;0;7;0;0;1;0;1;0;0;0
216659;11;12;12200309;2021;10;0;2;3;1;1;2;0;1;0;0;0;0;1
216658;11;4;4300517;2021;11;13;6;3;3;6;0;0;1;0;0;0;0;1
216657;11;6;6200313;2021;11;18;1;3;6;2;2;0;1;1;0;0;0;1
216656;11;8;8100208;2021;11;17;4;2;0;4;2;1;0;1;0;0;0;0
216655;11;12;12500824;2021;11;13;3;2;6;4;0;0;1;1;0;0;0;0
216654;11;7;7601339;2021;10;12;6;3;5;2;0;1;1;0;0;0;0;0
216653;11;12;12200412;2021;10;13;5;3;5;7;0;0;1;0;1;0;0;0
216652;11;6;6400735;2021;10;15;1;3;5;7;0;1;1;0;0;0;0;0
216651;11;5;5100317;2021;10;6;1;3;2;6;0;0;1;0;0;0;0;0
216650;11;4;4200311;2021;11;10;4;3;2;6;0;0;1;0;0;0;0;0
216649;11;11;11401136;2021;11;10;6;3;5;2;0;0;1;0;0;0;1;0
216648;11;1;1100310;2021;10;16;3;3;6;4;0;1;0;1;0;0;0;1
216647;11;9;9100101;2021;10;9;5;3;5;3;0;1;0;0;0;0;0;0
216646;11;4;4400728;2021;11;9;6;3;5;7;0;0;1;0;1;0;0;0
216645;11;5;5300840;2021;11;20;4;3;2;6;2;0;1;0;0;0;0;0
216644;11;12;12200310;2021;10;18;4;2;0;1;0;0;0;0;1;0;0;0
216643;11;7;7400721;2021;10;5;7;3;9;1;2;0;0;0;1;0;0;1
216642;11;4;4500937;2021;10;12;6;3;1;5;0;1;1;0;0;0;0;0
216641;11;1;1100310;2021;11;9;3;2;5;3;0;1;0;0;0;0;1;1
216640;11;1;1300835;2021;11;17;5;3;6;4;1;0;1;1;0;0;0;1
216639;11;6;6400844;2021;11;13;3;3;3;6;0;0;1;0;0;0;1;0
216638;11;4;4501045;2021;10;21;7;3;0;3;0;0;1;0;0;0;1;0
216637;11;11;11501341;2021;10;14;5;3;5;3;0;0;1;0;1;0;0;0
216636;11;12;12601235;2021;10;7;3;3;5;2;2;1;1;0;0;0;0;0
216635;11;7;7100205;2021;11;16;2;3;2;6;1;0;1;0;0;0;0;1
216634;11;1;1300730;2021;11;8;5;3;0;2;0;1;1;0;0;0;0;0
216633;11;1;1100313;2021;11;19;1;3;5;2;2;1;1;0;0;0;0;1
216632;11;1;1100205;2021;10;6;3;3;5;3;0;0;1;0;0;0;1;1
216631;11;11;11400929;2021;11;17;7;3;5;2;2;0;1;0;1;0;0;1
216630;11;6;6400843;2021;11;9;2;3;5;3;0;0;1;0;0;0;0;1
216629;11;3;3100103;2021;10;8;5;3;1;5;0;0;1;0;0;1;0;0
216628;11;12;12200307;2021;10;17;6;3;5;2;1;0;1;0;0;0;0;1
216627;11;8;8100209;2021;10;15;2;3;5;2;0;1;1;0;0;0;0;0
216626;11;8;8100104;2021;10;13;6;3;4;6;0;1;0;0;0;0;1;0
216625;11;5;5300737;2021;11;8;4;3;5;3;0;1;1;0;0;0;0;0
216624;11;10;10400938;2021;11;9;5;3;5;3;0;1;0;0;0;0;1;0
216623;11;10;10300733;2021;10;17;6;3;2;6;0;0;1;0;0;0;0;0
216622;11;5;5300840;2021;10;15;3;3;4;6;0;0;1;0;0;0;1;0