OBJECTID;LAND;BEZ;LOR_ab_2021;UJAHR;UMONAT;USTUNDE;UWOCHENTAG;UKATEGORIE;UART;UTYP1;ULICHTVERH;IstRad;IstPKW;IstFuss;IstKrad;IstGkfz;IstSonstige;USTRZUSTAND
216621;11;7;7601236;2021;10;18;3;3;5;3;2;0;1;0;0;0;0;1
216620;11;1;1300835;2021;10;8;2;3;5;2;0;1;1;0;0;0;0;0
216619;11;1;1300835;2021;11;8;2;3;5;2;0;1;1;0;0;0;0;0
216618;11;4;4300517;2021;10;15;4;3;5;3;0;1;1;0;0;0;0;0
216617;11;1;1400942;2021;10;15;4;3;5;2;0;0;1;0;0;0;0;0
216616;11;1;1401043;2021;11;18;7;3;0;1;2;1;0;0;0;0;0;0
216615;11;1;1401047;2021;11;9;3;3;5;3;0;1;1;0;0;0;0;1
216614;11;3;3200207;2021;11;21;7;3;1;5;2;0;1;0;1;0;0;0
216613;11;9;9200715;2021;10;11;1;3;2;2;0;0;1;0;0;0;0;0
216612;11;8;8200730;2021;10;13;7;2;1;5;0;0;0;0;1;0;1;0
216611;11;8;8100314;2021;11;22;5;3;5;3;2;0;1;0;0;0;0;1
216610;11;9;9200613;2021;11;19;5;3;2;6;2;0;1;0;0;0;0;0
216609;11;3;3701659;2021;10;9;2;3;6;7;0;0;1;1;0;0;0;0
216608;11;11;11300722;2021;10;7;4;3;5;2;0;1;1;0;0;0;0;0
216607;11;2;2400623;2021;11;11;5;3;5;2;0;1;1;0;0;0;0;0
216606;11;4;4400835;2021;11;11;3;3;5;2;0;0;1;0;1;0;0;1
216605;11;6;6200317;2021;10;13;5;3;5;3;0;0;1;0;0;0;1;0
216604;11;3;3400721;2021;10;15;5;3;1;5;0;1;1;0;0;0;0;1
216603;11;1;1100312;2021;10;15;2;3;1;5;0;1;1;0;0;0;0;0
216602;11;5;5100314;2021;11;14;6;3;5;3;0;0;1;0;1;0;0;1
216601;11;4;4501043;2021;11;7;2;3;1;5;0;0;1;0;1;0;0;1
216600;11;7;7601341;2021;11;13;5;2;6;4;0;0;1;1;0;0;0;1
216599;11;6;6400838;2021;11;8;2;3;5;3;0;0;1;0;0;0;0;1
216598;11;3;3400724;2021;10;12;7;3;2;6;0;1;1;0;0;0;0;0
216597;11;10;10300734;2021;10;12;5;3;5;2;0;0;1;0;0;0;0;0
216596;11;5;5100314;2021;10;10;2;3;2;6;0;0;1;0;0;0;0;0
216595;11;5;5300736;2021;10;21;4;3;5;2;2;0;1;0;0;0;0;0
216594;11;4;4501149;2021;11;13;7;3;5;2;0;1;1;0;0;0;0;0
216593;11;9;9200715;2021;11;9;2;3;5;3;0;1;1;0;0;0;0;1
216592;11;11;11300620;2021;11;19;3;3;5;2;2;0;1;0;0;0;0;0
216591;11;1;1200517;2021;11;16;2;3;5;3;0;0;1;0;0;0;0;0
216590;11;5;5400944;2021;10;8;7;3;7;7;0;1;0;0;0;0;0;0
216589;11;1;1100207;2021;10;11;7;2;5;2;0;0;1;0;1;0;0;0
216588;11;5;5100209;2021;11;20;3;3;5;3;2;1;1;0;0;0;0;1
216587;11;8;2200212;2021;11;19;5;3;0;6;2;0;1;0;1;0;0;1
216586;11;2;2200209;2021;10;5;1;3;9;7;2;0;1;0;0;0;0;0
216585;11;4;4200311;2021;10;7;4;3;5;2;0;0;1;0;0;0;0;0
216584;11;4;4100101;2021;10;12;3;3;5;2;0;0;1;0;0;0;0;0
216583;11;3;3300412;2021;11;10;5;3;1;5;0;1;1;0;0;0;0;0
216582;11;6;6400844;2021;11;7;3;3;1;5;0;1;1;0;0;0;0;1
216581;11;6;6300528;2021;10;10;4;3;5;3;0;1;1;0;0;0;0;0
216580;11;4;4200310;2021;10;10;5;3;2;7;0;0;1;0;1;0;0;1
216579;11;1;1100101;2021;11;20;7;3;5;2;2;0;1;0;0;0;1;0
216578;11;10;10300734;2021;11;22;1;3;4;6;2;0;1;0;0;0;0;1
216577;11;2;2200211;2021;11;16;4;3;6;4;1;0;0;1;0;0;1;0
216576;11;8;8100417;2021;11;17;3;3;1;5;1;1;0;0;0;0;1;0
216575;11;1;1300834;2021;10;15;7;3;6;4;0;1;0;1;0;0;0;0
216574;11;9;9200716;2021;10;14;4;2;0;3;0;1;1;0;0;0;0;0
216573;11;5;5400943;2021;10;6;1;2;8;1;2;0;1;0;0;0;0;0
216572;11;3;3501037;2021;10;15;1;3;2;1;0;1;0;0;0;0;0;0
216571;11;12;12100204;2021;11;7;4;3;2;3;0;0;1;0;0;0;1;0
216570;11;3;3601142;2021;11;18;5;3;5;2;2;1;0;0;1;0;0;1
216569;11;5;5300735;2021;10;15;2;3;5;3;0;0;1;0;0;0;1;0
216568;11;2;2500830;2021;10;20;4;3;5;2;2;1;1;0;0;0;0;0
216567;11;6;6200312;2021;11;17;6;2;6;4;1;0;1;1;0;0;0;0
216566;11;1;1401049;2021;11;9;4;3;5;3;0;1;1;0;0;0;0;1
216565;11;5;5100315;2021;10;18;4;3;6;4;1;0;1;1;0;0;0;0
216564;11;1;1100310;2021;10;23;5;3;5;3;2;0;1;0;0;0;0;0
216563;11;8;8200729;2021;10;21;6;3;1;7;2;0;1;0;0;0;0;1
216562;11;9;9200717;2021;10;21;1;3;5;2;2;1;1;0;0;0;0;1
216561;11;7;7601341;2021;10;12;6;3;2;6;0;0;1;0;1;0;0;0
216560;11;4;4400833;2021;11;18;2;2;6;2;2;0;1;1;0;0;0;0
216559;11;11;11400931;2021;11;14;5;3;0;3;0;0;1;0;1;0;0;1
216558;11;3;3501038;2021;11;14;4;3;5;2;0;0;1;0;0;0;1;0
216557;11;3;3200204;2021;10;18;1;3;2;2;1;0;1;0;1;0;0;0
216556;11;9;9501737;2021;10;15;5;3;1;5;0;0;1;0;0;0;0;0
216555;11;1;1100310;2021;10;7;3;3;5;3;0;1;1;0;0;0;0;0
216554;11;8;8100419;2021;11;13;2;3;6;4;0;0;1;1;0;0;0;1
216553;11;6;6100206;2021;11;11;7;2;5;7;0;1;1;0;0;0;0;0
216552;11;6;6200313;2021;11;7;2;3;2;6;0;0;1;0;0;0;0;1
216551;11;9;9301024;2021;10;11;3;3;2;7;0;0;1;0;0;0;1;0
216550;11;2;2300315;2021;11;18;7;3;5;3;2;1;1;0;0;0;0;1
216549;11;11;11200411;2021;11;22;2;2;6;6;2;1;0;1;0;0;0;1
216548;11;4;4500939;2021;11;15;2;3;6;4;0;0;1;1;0;0;0;1
216547;11;1;1100206;2021;10;14;6;3;6;2;0;0;1;1;0;0;0;0
216546;11;2;2100101;2021;10;17;6;3;5;2;0;1;0;0;0;0;1;1
216545;11;11;11200410;2021;10;12;2;3;5;2;0;0;1;0;0;0;0;0
216544;11;7;7400927;2021;10;16;6;3;5;2;0;0;1;0;1;0;0;0
216543;11;3;3601450;2021;11;17;3;2;6;7;2;0;1;1;0;0;0;0
216542;11;6;6100207;2021;11;16;5;2;5;3;1;1;1;0;0;0;0;1
216541;11;9;9301025;2021;10;9;7;2;6;4;0;0;1;1;0;0;0;0
216540;11;3;3300516;2021;10;15;3;2;2;6;0;0;1;0;0;0;1;0
216539;11;12;12400619;2021;10;17;3;2;4;6;0;1;0;0;0;0;0;0
216538;11;7;7200307;2021;10;21;2;3;5;3;2;1;1;0;0;0;0;1
216537;11;11;11401137;2021;11;18;3;3;3;6;1;0;1;0;0;0;0;0
216536;11;5;5200629;2021;10;15;4;2;6;4;0;0;1;1;0;0;0;0
216535;11;4;4200309;2021;10;16;4;3;2;6;0;0;1;0;1;0;0;0
216534;11;6;6100207;2021;11;10;6;3;5;3;0;0;1;0;0;0;0;1
216533;11;3;3601245;2021;11;17;1;2;5;3;2;0;1;0;1;0;0;1
216532;11;1;1200623;2021;11;9;5;3;5;2;0;0;1;0;0;0;0;1
216531;11;1;1200629;2021;11;12;7;3;5;2;0;1;1;0;0;0;0;0
216530;11;1;1100308;2021;10;16;1;3;9;1;1;0;1;0;0;0;0;0
216529;11;9;9501941;2021;10;19;7;3;4;6;2;1;0;0;0;0;0;0
216528;11;5;5400943;2021;11;12;5;3;2;7;0;0;1;0;0;0;0;0
216527;11;4;4200308;2021;11;9;6;3;5;3;0;0;1;0;0;0;0;0
216526;11;6;6200312;2021;10;21;7;3;1;7;2;0;1;0;0;0;1;0
216525;11;9;9200512;2021;10;18;4;3;5;2;1;1;1;0;0;0;0;0
216524;11;12;12500825;2021;11;16;5;3;2;6;1;0;1;0;0;0;0;0
216523;11;3;3400724;2021;11;8;3;2;5;2;0;1;1;0;0;0;0;1
216522;11;8;8401243;2021;10;15;5;3;5;3;0;0;1;0;0;0;0;0
216521;11;3;3601450;2021;10;10;5;3;0;1;0;0;0;0;1;0;0;1
216520;11;4;4400830;2021;10;15;6;3;0;1;0;0;0;0;1;0;0;1
216519;11;9;9501736;2021;11;23;1;2;9;1;2;0;1;0;0;0;0;1
216518;11;7;7400822;2021;11;18;5;3;2;6;2;0;1;0;0;0;0;1
216517;11;1;1300732;2021;11;17;3;3;0;3;1;1;1;0;0;0;0;0
216516;11;8;8100207;2021;10;15;6;3;5;7;0;0;1;0;0;0;0;0
216515;11;4;4501146;2021;10;11;5;3;3;6;0;1;1;0;0;0;0;0
216514;11;11;11100204;2021;10;7;2;3;6;4;1;0;1;1;0;0;0;0
216513;11;10;10200422;2021;10;14;1;3;5;3;0;1;0;0;0;0;0;0
216512;11;7;7501029;2021;11;22;5;3;2;6;2;0;1;0;0;0;1;1
216511;11;5;5300736;2021;11;4;7;3;0;1;2;0;0;0;0;0;1;0
216510;11;6;6200422;2021;10;10;2;3;2;6;0;0;1;0;0;1;0;0
216509;11;7;7400822;2021;10;9;5;3;5;2;0;0;1;0;1;0;0;0
216508;11;1;1200519;2021;11;0;6;3;0;7;2;1;0;0;0;0;0;1
216507;11;1;1401045;2021;10;1;5;3;8;1;2;0;1;0;0;0;0;0
216506;11;6;6400737;2021;10;19;6;3;5;7;2;0;1;0;0;0;0;1
216505;11;3;3701554;2021;10;13;7;2;6;4;0;1;0;1;0;0;0;0
216504;11;8;8100311;2021;10;17;7;3;6;7;0;0;0;1;0;0;1;0
216503;11;3;3601346;2021;11;17;2;3;2;6;2;1;1;0;0;0;1;1
216502;11;4;4501147;2021;11;9;6;3;6;4;0;1;0;1;0;0;0;1
216501;11;4;4200311;2021;11;7;4;3;5;2;0;0;1;0;0;0;0;1
216500;11;4;4300517;2021;10;2;1;3;8;1;2;0;1;0;0;0;1;0
216499;11;8;8100104;2021;10;7;5;3;2;6;0;0;0;0;0;0;1;1
216498;11;3;3500933;2021;10;9;3;3;2;7;0;0;1;0;1;0;0;0
216497;11;7;7100206;2021;11;13;2;3;1;5;0;1;1;0;0;0;0;1
216496;11;1;1401047;2021;11;14;7;3;5;2;0;0;1;0;0;0;1;0
216495;11;12;12500929;2021;11;10;2;3;2;2;0;0;1;0;0;0;0;1
216494;11;12;12601031;2021;10;7;4;3;2;2;0;0;1;0;0;0;0;1
216493;11;5;5100208;2021;11;19;7;2;6;2;2;0;1;1;0;0;0;1
216492;11;1;1100310;2021;11;20;1;3;5;2;2;0;1;0;0;0;0;1
216491;11;8;8100209;2021;11;16;4;3;5;2;0;1;1;0;0;0;0;0
216490;11;4;4500938;2021;11;4;6;3;8;1;2;0;1;0;0;0;0;1
216489;11;4;4300416;2021;11;7;2;3;5;2;1;0;0;0;1;0;1;0
216488;11;9;9200715;2021;11;10;5;3;2;7;0;0;1;0;0;0;0;2
216487;11;1;1401046;2021;11;22;7;3;6;2;2;0;1;1;0;0;0;0
216486;11;9;9200819;2021;10;18;2;3;0;7;0;0;0;0;0;0;1;0
216485;11;5;5100314;2021;10;12;5;3;6;4;0;0;1;1;0;0;0;1
216484;11;9;9200510;2021;11;10;7;3;5;3;0;1;1;0;0;0;0;0
216483;11;6;6100210;2021;10;14;5;3;0;7;0;0;0;0;0;1;1;0
216482;11;12;12100205;2021;10;7;5;3;5;3;0;1;0;0;0;0;1;1
216481;11;9;9501737;2021;10;14;7;2;4;1;0;0;1;0;0;0;0;0
216480;11;4;4300412;2021;10;5;1;2;5;3;2;1;1;0;0;0;0;0
216479;11;1;1100206;2021;10;11;6;3;2;6;0;0;1;0;1;0;0;0
216478;11;6;6100101;2021;11;14;2;2;6;4;0;0;0;1;0;1;0;0
216477;11;4;4300620;2021;11;17;5;3;6;4;2;0;1;1;0;0;0;1
216476;11;7;7501031;2021;11;15;4;3;1;4;0;0;1;1;0;0;0;0
216475;11;2;2200209;2021;10;16;1;3;3;6;0;0;1;0;1;0;0;0
216474;11;6;6400841;2021;10;19;5;3;5;3;2;0;1;0;0;0;0;0
216473;11;2;2500835;2021;10;14;3;3;6;4;0;0;1;1;0;0;0;0
216472;11;1;1300733;2021;11;16;3;3;2;6;1;0;1;0;0;0;0;0
216471;11;11;11300619;2021;11;1;7;3;9;1;2;0;1;0;0;0;0;0
216470;11;1;1100207;2021;11;11;2;3;5;3;0;1;1;0;0;0;0;0
216469;11;5;5200629;2021;10;15;3;2;1;5;0;1;0;0;0;0;1;1
216468;11;11;11300722;2021;11;12;7;2;4;6;0;0;1;0;0;0;0;0
216467;11;3;3500932;2021;11;20;1;3;2;6;2;0;1;0;0;0;0;1
216466;11;9;9501939;2021;11;14;3;3;6;4;0;1;0;1;0;0;0;1
216465;11;1;1400940;2021;11;18;6;3;3;6;1;1;1;0;0;0;0;1
216464;11;10;10100311;2021;10;10;6;3;5;3;0;0;1;0;0;0;0;0
216463;11;5;5100208;2021;10;16;6;3;3;1;0;1;1;0;0;0;0;1
216462;11;6;6400844;2021;10;17;7;2;6;4;1;0;1;1;0;0;0;0
216461;11;9;9200510;2021;11;15;4;3;6;4;0;1;0;1;0;0;0;0
216460;11;11;11400927;2021;11;9;5;3;5;3;0;0;1;0;0;0;0;1
216459;11;3;3601451;2021;10;9;6;3;1;5;0;1;1;0;0;0;0;0
216458;11;3;3500936;2021;10;16;6;3;0;7;0;0;1;0;0;0;0;0
216457;11;4;4300619;2021;10;13;3;3;5;2;0;0;1;0;1;0;0;0
216456;11;8;8100104;2021;10;11;4;3;1;5;0;1;1;0;0;1;0;0
216455;11;12;12601235;2021;10;11;2;3;5;3;0;0;1;0;0;0;0;0
216454;11;6;6100205;2021;11;15;3;3;2;2;0;0;1;0;1;0;0;1
216453;11;12;12500930;2021;10;14;4;3;5;2;0;0;1;0;0;0;1;0
216452;11;8;8200622;2021;11;23;6;3;5;3;1;0;1;0;0;0;1;1
216451;11;4;4200203;2021;11;13;7;3;5;3;0;1;1;0;0;0;0;0
216450;11;5;5300735;2021;11;18;4;3;5;2;1;0;1;0;0;0;0;0
216449;11;3;3400724;2021;11;15;1;2;6;4;0;0;1;1;0;0;0;0
216448;11;5;5200420;2021;10;13;7;3;2;6;0;0;1;0;0;0;0;0
216447;11;6;6200421;2021;10;15;7;3;1;1;0;1;1;0;0;0;0;1
216446;11;2;2200210;2021;11;19;4;3;5;3;2;0;1;0;0;0;0;0
216445;11;8;8100417;2021;11;14;6;3;5;3;0;1;1;0;0;0;0;0
216444;11;3;3200205;2021;10;18;7;3;5;2;1;1;1;0;0;0;0;0
216443;11;6;6200313;2021;10;22;3;3;6;4;2;0;1;1;0;0;0;1
216442;11;11;11300721;2021;11;13;5;3;5;3;0;1;1;0;0;0;0;0
216441;11;6;6100102;2021;11;2;4;3;8;1;2;0;1;0;0;0;0;1
216440;11;3;3601453;2021;10;10;5;3;5;3;0;1;1;0;0;0;0;0
216439;11;2;2300417;2021;10;19;5;3;5;3;1;1;1;0;0;0;0;1
216438;11;1;1200628;2021;10;21;6;3;9;1;2;0;0;0;1;0;0;0
216437;11;10;10200419;2021;11;6;2;3;6;2;1;0;1;1;0;0;0;1
216436;11;9;9200613;2021;11;16;5;3;5;3;1;1;1;0;0;0;0;1
216435;11;6;6300632;2021;11;16;2;3;2;6;2;0;1;0;0;0;0;0
216434;11;8;8100105;2021;10;15;7;3;6;4;0;0;1;1;0;0;0;0
216433;11;6;6100206;2021;10;18;5;2;5;3;2;1;1;0;0;0;0;0
216432;11;1;1401046;2021;10;15;3;3;5;7;0;1;1;0;0;0;0;0
216431;11;1;1100312;2021;11;15;2;3;1;5;0;1;1;0;0;0;0;1
216430;11;5;5200524;2021;11;9;5;3;5;3;0;0;1;0;0;0;1;0
216429;11;1;1100206;2021;11;1;1;3;5;3;2;0;1;0;0;0;0;0
216428;11;10;10100311;2021;10;10;3;3;2;6;0;0;1;0;0;0;0;1
216427;11;6;6400843;2021;11;11;5;3;2;2;0;0;1;0;0;0;0;0
216426;11;10;10100311;2021;10;14;5;3;5;2;0;1;1;0;0;0;0;0
216425;11;1;1100416;2021;10;9;6;3;5;3;0;1;1;0;0;0;0;0
216424;11;1;1401046;2021;10;23;7;3;5;2;2;0;1;0;0;0;0;0
216423;11;1;1300733;2021;10;16;6;2;6;7;0;1;0;1;0;0;0;0
216422;11;3;3601244;2021;11;10;3;3;5;3;0;1;1;0;0;0;0;0
216421;11;10;10200524;2021;11;7;6;2;6;7;0;0;1;1;0;0;0;1
216420;11;1;1100206;2021;11;13;4;3;5;2;0;1;1;0;0;0;0;0
216419;11;4;4400830;2021;10;22;1;3;6;4;2;0;1;1;0;0;0;0
216418;11;7;7200308;2021;10;17;3;3;5;5;0;0;0;0;1;0;1;0
216417;11;7;7400927;2021;10;12;4;3;6;7;0;0;0;1;0;0;1;0
216416;11;11;11100204;2021;11;15;2;3;2;6;0;0;1;0;0;0;0;0
216415;11;5;5200631;2021;10;7;3;3;0;7;1;0;1;0;0;0;0;1
216414;11;1;1100102;2021;10;17;1;3;5;2;0;1;1;0;0;0;0;0
216413;11;1;1100206;2021;11;9;7;3;5;3;0;0;1;0;0;1;0;0
216412;11;5;5100105;2021;11;9;2;3;5;3;0;0;1;0;1;0;0;1
216411;11;4;4501042;2021;11;9;3;3;0;7;0;1;0;0;0;0;0;0
216410;11;8;8100417;2021;11;16;6;3;6;7;2;0;0;1;0;0;1;1
216409;11;8;8100314;2021;10;22;7;3;5;3;2;0;1;0;0;0;0;1
216408;11;11;11401136;2021;10;9;1;3;5;2;0;1;1;0;0;0;0;0
216407;11;11;11401137;2021;11;12;4;3;6;4;0;0;0;1;0;0;1;0
216406;11;11;11400929;2021;11;18;5;3;6;4;2;0;1;1;0;0;0;1
216405;11;2;2500831;2021;10;18;7;3;0;3;0;0;1;0;1;0;0;0
216404;11;5;5200629;2021;10;15;6;3;6;7;0;0;0;1;0;0;1;0
216403;11;7;7601236;2021;10;11;4;3;5;2;0;1;1;0;0;0;0;0
216402;11;10;10100205;2021;10;16;3;3;5;7;0;0;1;0;0;0;0;0
216401;11;4;4501149;2021;11;17;5;3;1;5;2;1;1;0;0;0;0;1
216400;11;4;4501043;2021;11;7;3;3;0;2;2;0;1;0;1;0;0;1
216399;11;9;9501941;2021;10;7;4;3;2;2;1;0;1;0;0;0;0;0
216398;11;7;7501133;2021;10;10;4;3;5;2;0;1;1;0;0;0;0;0
216397;11;1;1401045;2021;10;8;2;3;0;6;0;0;1;0;1;0;0;0
216396;11;5;5300736;2021;11;17;6;3;2;6;1;0;1;0;1;0;0;1
216395;11;11;11200512;2021;11;9;7;3;0;1;0;1;0;0;0;0;0;1
216394;11;2;2200208;2021;11;14;4;3;4;6;0;1;0;0;0;0;0;0
216393;11;6;6400844;2021;11;20;2;2;0;1;2;0;0;0;1;0;0;0
216392;11;5;5300736;2021;10;16;7;3;2;6;0;0;1;0;1;0;0;0
216391;11;4;4501041;2021;10;12;5;3;2;6;0;0;1;0;0;0;0;0
216390;11;12;12500930;2021;10;11;2;3;5;2;0;1;1;0;0;0;0;0
216389;11;4;4200308;2021;10;20;1;3;1;5;2;0;1;0;0;0;0;0
216388;11;10;10200526;2021;11;13;4;3;2;6;0;1;1;0;0;0;0;0
216387;11;7;7300517;2021;11;15;6;3;0;1;0;0;0;0;1;0;0;1
216386;11;3;3400722;2021;10;16;2;2;5;7;0;1;1;0;0;0;0;0
216385;11;1;1100313;2021;9;7;4;3;3;6;0;1;1;0;0;0;0;0
216384;11;10;10400941;2021;9;16;2;3;6;4;0;0;1;1;0;0;0;0
216383;11;4;4400835;2021;9;7;3;3;5;2;0;1;0;0;0;0;1;0
216382;11;1;1100103;2021;9;20;2;3;1;5;1;1;1;0;0;0;0;0
216381;11;1;1401048;2021;9;12;6;3;6;7;0;1;0;1;0;0;0;0
216380;11;4;4501153;2021;9;16;4;3;0;1;0;1;0;0;0;0;0;0
216379;11;4;4300413;2021;8;20;2;3;0;3;2;0;1;0;1;0;0;1
216378;11;2;2300316;2021;8;14;6;3;5;2;0;1;1;0;0;0;0;0
216377;11;4;4400832;2021;9;15;2;3;1;5;0;1;1;0;0;0;0;0
216376;11;10;10300732;2021;9;12;7;3;5;3;0;0;1;0;0;1;0;0
216375;11;8;8100312;2021;9;16;7;3;3;6;0;1;0;0;0;0;1;0
216374;11;6;6200423;2021;10;14;6;3;5;2;0;1;1;0;0;0;0;0
216373;11;7;7300517;2021;9;19;3;3;6;4;2;0;0;1;0;0;1;0
216372;11;2;2200210;2021;9;14;3;2;5;3;0;1;0;0;0;0;1;0
216371;11;5;5100316;2021;8;12;5;3;2;2;0;0;1;0;1;0;0;1
216370;11;10;10100316;2021;8;13;3;3;5;2;0;1;1;0;0;0;0;0
216369;11;11;11401137;2021;9;20;6;3;0;7;2;0;0;0;0;0;1;0
216368;11;5;5100316;2021;9;8;5;3;6;4;0;1;0;1;0;0;0;0
216367;11;3;3400619;2021;9;17;3;3;5;2;0;1;1;0;0;0;0;0
216366;11;1;1200623;2021;9;17;7;3;5;7;0;1;1;0;0;0;0;0
216365;11;7;7100101;2021;9;1;4;2;5;3;2;0;1;0;0;0;0;0
216364;11;1;1300835;2021;9;19;7;3;3;7;1;1;0;0;0;0;0;0
216363;11;2;2200210;2021;8;23;7;3;5;3;2;0;1;0;0;0;0;0
216362;11;1;1200626;2021;9;9;5;2;3;5;0;1;0;0;1;0;0;0
216361;11;1;1100104;2021;9;16;5;3;6;7;0;0;1;1;0;0;0;0
216360;11;1;1100308;2021;9;12;4;3;5;3;0;0;1;0;0;0;0;0
216359;11;3;3300411;2021;9;12;4;3;4;6;0;1;0;0;0;0;0;0
216358;11;1;1100207;2021;8;9;6;3;0;1;0;0;0;0;1;0;0;1
216357;11;3;3200308;2021;8;17;4;2;5;2;0;0;1;0;1;0;0;0
216356;11;1;1401044;2021;9;17;7;3;0;1;0;0;0;0;0;0;1;0
216355;11;5;5400944;2021;9;8;6;3;2;1;0;0;1;0;0;0;0;0
216354;11;2;2300314;2021;9;12;3;3;6;2;0;0;1;1;0;0;0;0
216353;11;6;6400737;2021;9;7;3;2;5;3;0;1;1;0;0;0;0;0
216352;11;4;4300412;2021;9;10;5;3;3;6;0;1;0;0;1;0;0;0
216351;11;8;8100206;2021;9;13;3;3;2;6;0;0;1;0;0;0;0;0
216350;11;4;4501150;2021;9;15;3;3;6;7;0;0;1;1;0;0;0;0
216349;11;3;3601450;2021;8;22;1;3;1;1;2;0;1;0;0;0;1;0
216348;11;2;2200210;2021;9;15;6;3;5;2;0;1;1;0;0;0;0;1
216347;11;9;9100305;2021;9;14;7;3;5;2;0;0;1;0;0;0;0;0
216346;11;2;2200210;2021;9;6;5;3;4;6;0;1;0;0;0;0;0;1
216345;11;6;6200421;2021;9;10;5;3;6;6;0;0;0;1;0;0;1;0
216344;11;10;10200629;2021;8;12;7;3;5;2;0;0;1;0;0;0;1;0
216343;11;10;10100206;2021;8;7;4;3;2;6;0;0;1;0;0;1;1;0
216342;11;6;6100101;2021;9;15;2;3;6;2;0;0;1;1;0;0;0;0
216341;11;2;2500834;2021;9;12;1;2;5;2;0;1;1;0;0;0;0;0
216340;11;6;6100206;2021;8;22;3;3;2;6;2;0;1;0;0;0;0;0
216339;11;4;4400830;2021;9;13;6;3;0;1;0;1;0;0;0;0;0;0
216338;11;10;10200420;2021;9;7;5;3;2;6;0;0;1;0;0;0;0;0
216337;11;9;9502042;2021;9;16;3;3;5;3;0;1;1;0;0;0;0;0
216336;11;2;2400625;2021;9;16;3;3;5;2;0;1;1;0;0;0;0;0
216335;11;2;2500835;2021;9;18;3;3;1;5;1;1;1;0;0;0;0;0
216334;11;2;2400623;2021;8;15;2;2;5;3;0;1;1;0;0;0;0;1
216333;11;1;1401046;2021;9;7;6;3;2;7;0;0;1;0;1;0;0;0
216332;11;8;8100207;2021;8;17;2;3;5;3;0;0;1;0;0;0;0;1
216331;11;2;2200213;2021;8;12;2;3;0;1;0;0;0;0;0;0;1;1
216330;11;1;1200522;2021;8;16;6;3;8;1;0;0;0;0;0;0;1;0
216329;11;9;9200715;2021;9;14;2;3;5;3;0;0;1;0;0;0;0;0
216328;11;12;12500824;2021;9;12;6;3;5;3;0;0;1;0;0;0;0;0
216327;11;3;3601141;2021;8;17;3;3;5;2;0;1;0;0;0;0;1;0
216326;11;3;3400619;2021;9;14;1;3;5;2;0;1;1;0;0;0;0;0
216325;11;1;1100205;2021;8;18;6;3;5;3;0;0;1;0;1;0;0;0
216324;11;8;8200833;2021;9;18;5;3;6;4;0;0;1;1;0;0;0;0
216323;11;3;3601243;2021;9;11;6;3;0;1;0;0;0;0;1;0;0;0
216322;11;9;9100409;2021;9;7;4;3;5;2;0;1;1;0;0;0;0;0
216321;11;9;9100101;2021;9;22;4;3;5;3;2;0;1;0;1;0;0;0
216320;11;4;4100101;2021;8;15;5;3;5;3;0;0;1;0;0;0;0;0
216319;11;9;9501939;2021;8;17;3;3;6;4;0;1;0;1;0;0;0;0
216318;11;1;1100310;2021;9;15;7;2;1;5;0;0;1;0;1;0;0;0
216317;11;5;5300737;2021;9;14;4;3;0;3;0;1;1;0;0;0;0;0
216316;11;7;7601341;2021;9;14;3;3;2;6;0;0;1;0;0;0;0;0
216315;11;1;1300733;2021;9;19;1;3;5;2;1;1;1;0;0;0;0;0
216314;11;11;11100204;2021;9;15;5;2;4;6;0;0;1;0;0;0;1;0
216313;11;11;11501340;2021;9;21;2;2;1;5;2;1;1;0;0;0;0;0
216312;11;1;1100310;2021;9;15;5;3;0;7;0;1;0;0;0;0;0;0
216311;11;4;4501042;2021;9;17;1;3;5;2;0;1;0;0;0;0;1;0
216310;11;2;2400625;2021;8;14;6;2;3;6;0;1;0;0;0;0;0;0
216309;11;3;3601245;2021;9;6;5;3;5;2;0;1;0;0;0;0;1;0
216308;11;4;4400830;2021;9;15;6;2;5;2;0;1;1;0;0;0;0;0
216307;11;6;6100205;2021;9;16;4;3;6;2;0;0;1;1;0;0;0;1
216306;11;12;12400617;2021;9;14;4;3;0;7;0;1;1;0;0;0;0;0
216305;11;2;2100106;2021;8;10;6;3;2;2;0;1;0;0;0;1;0;1
216304;11;7;7300619;2021;8;11;4;3;5;2;0;1;1;0;0;0;0;0
216303;11;6;6400737;2021;9;15;7;3;0;3;0;0;0;0;1;0;0;0
216302;11;7;7400927;2021;8;15;2;3;0;6;0;0;1;0;0;0;1;1
216301;11;1;1401047;2021;9;13;6;2;6;4;0;0;1;1;0;0;0;0
216300;11;7;7200409;2021;9;10;4;3;5;3;0;0;1;0;1;0;0;0
216299;11;1;1401047;2021;9;8;2;3;1;5;0;0;1;0;0;0;0;0
216298;11;2;2200210;2021;9;13;5;3;3;6;0;0;1;0;1;0;0;0
216297;11;9;9200715;2021;9;8;3;3;5;2;0;1;1;0;0;0;0;0
216296;11;1;1100313;2021;9;16;7;3;1;5;0;0;0;0;0;0;1;1
216295;11;6;6200423;2021;8;19;3;3;3;6;2;1;1;0;0;0;0;0