OBJECTID;LAND;BEZ;LOR_ab_2021;UJAHR;UMONAT;USTUNDE;UWOCHENTAG;UKATEGORIE;UART;UTYP1;ULICHTVERH;IstRad;IstPKW;IstFuss;IstKrad;IstGkfz;IstSonstige;USTRZUSTAND
216294;11;1;1300733;2021;9;10;2;3;6;7;0;1;0;1;0;0;0;0
216293;11;10;10200423;2021;9;15;5;3;3;6;0;1;1;0;0;0;0;0
216292;11;11;11200410;2021;9;18;1;3;5;2;1;0;1;0;0;0;1;0
216291;11;6;6400735;2021;8;14;7;2;5;3;0;1;0;0;0;0;0;0
216290;11;8;8301037;2021;9;9;6;3;5;3;0;0;1;0;1;0;0;0
216289;11;7;7601442;2021;9;4;7;3;5;3;2;0;1;0;0;0;0;0
216288;11;2;2400625;2021;9;18;4;3;0;1;0;0;1;0;1;0;0;1
216287;11;8;8100105;2021;9;21;4;3;5;2;2;1;1;0;0;0;0;1
216286;11;5;5100316;2021;8;9;6;3;3;6;0;0;1;0;1;0;0;1
216285;11;8;8100208;2021;8;22;4;3;6;2;2;0;1;1;0;0;0;1
216284;11;3;3400620;2021;9;2;7;2;5;3;2;1;1;0;0;0;0;0
216283;11;1;1300834;2021;9;16;5;3;5;2;0;1;1;0;0;0;0;0
216282;11;4;4501043;2021;9;12;6;3;3;6;0;0;1;0;0;0;0;0
216281;11;5;5200629;2021;9;12;4;3;2;6;0;0;1;0;1;0;0;0
216280;11;7;7601442;2021;9;11;2;3;0;6;0;0;1;0;0;0;1;0
216279;11;11;11401137;2021;8;17;1;3;2;6;1;0;1;0;1;0;0;1
216278;11;6;6200317;2021;9;18;3;3;5;3;1;1;1;0;0;0;0;0
216277;11;7;7601340;2021;9;10;3;3;4;1;0;0;1;0;0;0;0;1
216276;11;12;12100101;2021;8;10;2;3;5;3;0;0;1;0;0;0;0;0
216275;11;5;5100316;2021;9;11;6;3;0;2;0;0;1;0;0;0;1;0
216274;11;4;4501045;2021;9;12;7;3;5;7;0;1;1;0;0;0;0;0
216273;11;2;2200210;2021;9;16;5;3;5;3;0;0;1;0;0;0;1;0
216272;11;4;4501146;2021;8;16;2;2;5;3;0;0;1;0;0;0;0;1
216271;11;8;8100415;2021;8;21;1;3;4;6;2;1;1;0;0;0;0;1
216270;11;2;2500831;2021;9;23;5;3;5;3;2;0;1;0;0;0;0;1
216269;11;8;8100206;2021;8;22;6;3;6;4;2;0;1;1;0;0;0;0
216268;11;2;2500831;2021;9;17;7;3;6;4;0;0;1;1;0;0;0;0
216267;11;9;9301126;2021;9;9;7;3;2;6;0;1;0;0;0;0;0;1
216266;11;1;1100416;2021;8;7;3;3;0;1;0;0;0;0;0;0;1;1
216265;11;4;4200311;2021;9;3;7;3;4;6;2;0;1;0;0;0;0;0
216264;11;6;6200421;2021;10;6;6;3;3;6;2;1;1;0;0;0;0;0
216263;11;1;1401045;2021;9;16;3;3;6;7;0;0;0;1;0;0;1;0
216262;11;2;2500830;2021;9;17;3;3;5;3;0;1;0;0;0;0;0;0
216261;11;6;6100205;2021;9;7;3;3;5;3;0;1;1;0;0;0;0;0
216260;11;5;5100317;2021;8;23;2;2;2;6;2;0;1;0;0;0;0;0
216259;11;11;11401034;2021;9;10;6;3;1;5;0;1;1;0;0;0;0;0
216258;11;5;5200419;2021;8;16;2;3;5;3;0;0;1;0;0;0;1;1
216257;11;4;4400727;2021;9;7;3;3;2;6;0;0;1;0;0;0;0;0
216256;11;4;4400835;2021;9;9;7;3;0;6;0;1;0;0;0;0;1;1
216255;11;12;12500929;2021;9;14;4;3;5;3;0;1;1;0;0;0;0;0
216254;11;10;10100209;2021;9;12;7;3;2;6;0;0;1;0;0;0;0;0
216253;11;1;1400938;2021;8;15;1;2;9;1;0;0;0;0;1;0;0;1
216252;11;9;9501838;2021;9;15;4;3;3;6;0;1;0;0;1;0;0;0
216251;11;7;7300517;2021;9;16;5;3;5;7;0;1;1;0;0;0;0;0
216250;11;8;8100313;2021;9;15;4;3;5;3;0;1;1;0;0;0;0;1
216249;11;10;10200422;2021;9;11;4;3;5;3;0;0;1;0;0;0;0;0
216248;11;8;8100418;2021;8;17;5;3;0;7;0;0;0;0;1;0;0;1
216247;11;9;9100304;2021;8;15;3;3;1;7;0;0;1;0;0;0;0;0
216246;11;4;4300414;2021;9;17;6;3;5;2;1;1;1;0;0;0;0;0
216245;11;7;7400720;2021;9;15;4;3;6;4;0;0;1;1;0;0;0;0
216244;11;6;6100103;2021;9;20;3;3;0;3;1;1;0;0;0;0;0;0
216243;11;4;4200203;2021;9;9;1;3;5;2;0;0;1;0;0;0;0;0
216242;11;1;1401048;2021;9;14;5;2;5;2;0;1;1;0;0;0;0;0
216241;11;9;9401534;2021;9;10;2;3;5;2;0;0;1;0;0;0;1;0
216240;11;3;3300413;2021;9;15;1;3;6;4;0;0;1;1;0;0;0;0
216239;11;5;5100314;2021;8;4;1;3;0;1;2;0;0;0;0;0;1;0
216238;11;1;1300836;2021;9;7;6;3;5;7;0;1;0;0;0;0;1;0
216237;11;1;1100207;2021;9;19;6;3;3;6;2;0;0;0;1;0;1;0
216236;11;1;1100416;2021;9;17;4;3;5;3;1;0;1;0;0;0;0;1
216235;11;5;5100315;2021;8;15;2;2;0;6;0;0;1;0;1;0;0;1
216234;11;4;4400830;2021;9;22;5;3;0;5;2;0;1;0;1;0;0;1
216233;11;8;8100102;2021;8;20;6;3;5;2;1;0;1;0;0;0;0;0
216232;11;5;5400942;2021;8;13;4;3;4;5;0;0;1;0;0;0;1;0
216231;11;2;2100106;2021;9;12;1;3;2;6;0;0;1;0;0;0;0;0
216230;11;1;1300836;2021;8;8;2;3;2;6;0;1;0;0;0;0;1;0
216229;11;10;10300734;2021;9;13;6;2;5;2;0;1;1;0;0;0;0;0
216228;11;4;4300623;2021;9;17;4;3;0;6;0;1;0;0;0;0;1;0
216227;11;7;7300619;2021;9;20;2;2;5;2;2;0;1;0;0;0;0;0
216226;11;1;1300730;2021;8;6;2;3;1;5;1;0;1;0;1;0;1;1
216225;11;7;7200308;2021;9;14;3;2;5;2;0;0;1;0;1;0;0;0
216224;11;4;4400727;2021;9;13;3;3;2;6;0;0;1;0;0;1;0;1
216223;11;5;5200629;2021;8;8;3;3;0;1;0;0;1;0;1;0;0;0
216222;11;5;5300839;2021;9;20;6;3;1;5;1;1;1;0;0;0;0;0
216221;11;7;7200413;2021;9;18;4;3;3;6;0;1;1;0;0;0;0;0
216220;11;2;2100106;2021;8;23;6;3;2;6;2;0;1;0;1;0;0;0
216219;11;3;3400830;2021;9;18;2;3;0;7;0;1;0;0;0;0;0;0
216218;11;4;4200308;2021;9;14;7;3;5;3;0;0;1;0;0;0;0;1
216217;11;3;3300516;2021;8;20;3;2;0;4;1;1;0;1;0;0;0;0
216216;11;4;4501042;2021;9;19;5;3;4;2;1;1;0;0;1;0;0;0
216215;11;12;12400723;2021;9;16;6;3;6;4;0;0;1;1;0;0;0;0
216214;11;2;2200210;2021;10;10;6;3;5;3;0;0;1;0;0;0;0;0
216213;11;11;11300723;2021;9;7;3;2;6;4;0;0;1;1;0;0;0;0
216212;11;2;2300316;2021;9;9;4;3;5;3;0;1;1;0;0;0;0;0
216211;11;6;6400842;2021;9;11;3;3;5;7;0;0;1;0;0;0;1;1
216210;11;3;3200308;2021;8;7;5;3;5;3;0;1;1;0;0;0;0;1
216209;11;10;10200629;2021;8;18;3;3;3;6;0;1;0;0;0;0;1;0
216208;11;9;9100407;2021;9;18;6;3;3;6;1;0;1;0;1;0;0;0
216207;11;9;9501736;2021;9;16;3;3;5;3;0;1;1;0;0;0;0;0
216206;11;12;12200412;2021;8;12;1;3;5;2;0;0;1;0;0;0;0;1
216205;11;7;7501134;2021;9;14;3;2;0;1;0;0;0;0;1;0;0;0
216204;11;6;6300634;2021;9;16;3;3;2;6;0;0;1;0;0;0;0;0
216203;11;3;3601140;2021;8;17;2;2;3;6;0;1;0;0;0;0;0;0
216202;11;6;6100209;2021;9;18;6;3;5;2;0;1;1;0;0;0;0;1
216201;11;2;2200210;2021;9;1;1;3;0;1;2;0;0;0;1;0;0;0
216200;11;3;3100103;2021;9;10;5;2;1;7;0;0;1;0;0;0;0;0
216199;11;5;5100317;2021;8;6;2;3;5;7;0;0;1;0;0;0;0;1
216198;11;8;8100312;2021;10;14;6;3;3;6;0;0;1;0;0;0;0;0
216197;11;6;6100205;2021;8;3;1;3;9;1;2;0;1;0;0;0;0;1
216196;11;9;9200512;2021;9;18;2;3;1;5;1;1;0;0;0;1;0;0
216195;11;11;11100204;2021;9;19;1;2;5;2;1;0;1;0;1;0;0;0
216194;11;5;5100208;2021;9;14;7;3;5;7;0;0;1;0;1;0;0;1
216193;11;4;4501153;2021;10;8;6;3;5;2;0;1;1;0;0;0;0;0
216192;11;7;7400721;2021;9;11;3;2;1;5;0;1;1;0;0;0;0;0
216191;11;2;2200209;2021;9;8;3;3;5;2;0;1;1;0;0;0;0;0
216190;11;1;1400938;2021;9;8;4;3;3;6;0;0;1;0;0;0;0;1
216189;11;4;4300623;2021;8;8;3;3;0;7;0;1;0;0;0;0;0;0
216188;11;1;1100312;2021;9;9;6;3;5;2;0;1;1;0;0;0;0;0
216187;11;2;2100106;2021;9;12;4;3;5;3;0;0;1;0;1;0;0;0
216186;11;2;2500835;2021;9;11;2;3;0;1;0;0;0;0;1;0;0;0
216185;11;8;8100311;2021;9;1;6;2;1;5;2;0;1;0;0;0;0;0
216184;11;7;7200307;2021;8;23;3;3;1;5;2;1;1;0;0;0;0;1
216183;11;9;9401329;2021;9;13;5;3;0;4;0;0;0;1;0;0;1;0
216182;11;4;4501042;2021;9;11;7;3;0;2;0;1;1;0;0;0;0;1
216181;11;1;1100206;2021;8;13;7;3;0;3;0;0;0;0;1;0;1;0
216180;11;2;2500831;2021;9;16;5;3;0;3;0;0;1;0;1;0;0;0
216179;11;1;1100206;2021;9;2;6;2;0;1;2;0;0;0;0;0;1;0
216178;11;11;11100204;2021;9;14;4;3;5;2;0;0;1;0;1;0;0;0
216177;11;9;9501939;2021;9;12;4;3;6;2;0;0;1;1;0;0;0;1
216176;11;3;3200309;2021;8;16;5;3;5;3;0;1;1;0;0;0;0;1
216175;11;8;8100312;2021;8;10;3;3;5;2;0;0;1;0;0;0;1;0
216174;11;1;1200517;2021;9;16;6;3;3;6;0;1;1;0;0;0;0;0
216173;11;2;2100101;2021;9;8;5;3;5;2;0;1;1;0;0;0;0;0
216172;11;3;3500932;2021;9;13;4;2;0;1;0;0;0;0;1;0;0;0
216171;11;1;1300733;2021;9;10;1;3;2;6;0;0;1;0;0;0;1;0
216170;11;4;4501042;2021;9;14;5;3;2;6;0;0;1;0;1;0;0;0
216169;11;6;6400842;2021;9;10;2;3;6;7;0;1;0;1;0;0;0;0
216168;11;4;4200309;2021;9;15;1;3;0;6;0;1;1;0;0;0;0;0
216167;11;7;7300517;2021;8;19;2;3;0;7;0;0;1;0;0;0;0;0
216166;11;5;5100207;2021;9;7;5;3;5;3;0;1;1;0;0;0;0;0
216165;11;6;6300527;2021;9;13;6;3;1;5;0;1;1;0;0;0;0;0
216164;11;8;8100310;2021;9;18;4;3;0;5;1;1;1;0;0;0;0;1
216163;11;6;6400841;2021;9;15;5;3;5;2;0;0;1;0;0;0;0;0
216162;11;12;12200309;2021;8;13;6;3;2;6;0;0;1;0;0;0;0;0
216161;11;6;6400844;2021;9;15;5;3;0;3;0;1;0;0;0;0;1;0
216160;11;9;9301126;2021;8;8;4;3;5;2;0;1;0;0;0;1;0;0
216159;11;1;1200520;2021;9;15;1;3;5;2;0;1;1;0;0;0;0;0
216158;11;5;5100316;2021;9;13;6;2;2;6;0;0;1;0;0;0;0;0
216157;11;3;3601141;2021;9;9;6;3;2;6;0;0;1;0;0;1;0;0
216156;11;5;5300840;2021;9;7;4;3;5;2;0;1;1;0;0;0;0;0
216155;11;5;5200629;2021;9;22;2;2;0;7;2;0;1;0;0;0;0;0
216154;11;6;6300632;2021;9;16;3;3;2;6;0;0;1;0;0;0;0;0
216153;11;11;11200513;2021;9;14;2;3;0;6;0;1;1;0;0;0;0;0
216152;11;4;4501042;2021;8;14;3;2;3;6;0;1;1;0;0;0;0;0
216151;11;9;9200613;2021;9;15;6;3;6;4;0;1;0;1;0;0;0;1
216150;11;3;3601449;2021;9;16;4;3;6;3;0;1;0;1;0;0;0;0
216149;11;12;12500928;2021;8;21;1;3;1;1;2;0;1;0;0;0;0;1
216148;11;1;1100309;2021;8;16;6;3;0;1;0;0;1;0;1;0;0;0
216147;11;3;3601449;2021;9;7;2;3;6;4;0;1;0;1;0;0;0;0
216146;11;12;12100205;2021;9;8;7;3;0;1;0;0;0;0;1;0;0;1
216145;11;4;4200311;2021;8;9;3;3;5;2;0;1;1;0;0;0;0;0
216144;11;2;2300419;2021;9;13;7;3;2;6;0;0;1;0;0;0;0;0
216143;11;12;12400721;2021;10;12;6;3;5;3;0;0;1;0;0;0;0;0
216142;11;4;4200308;2021;9;17;3;3;5;2;0;1;0;0;1;0;0;0
216141;11;7;7400928;2021;9;15;4;3;5;2;0;1;1;0;0;0;0;0
216140;11;5;5200629;2021;9;11;3;3;0;2;0;0;1;0;0;0;1;1
216139;11;12;12400617;2021;8;15;5;2;8;1;0;1;0;0;0;0;0;1
216138;11;4;4400831;2021;8;19;3;3;5;2;1;1;1;0;0;0;0;0
216137;11;7;7100205;2021;9;10;6;3;2;6;0;0;0;0;0;0;1;0
216136;11;8;8100102;2021;9;21;5;3;5;3;2;0;1;0;0;0;1;1
216135;11;3;3601449;2021;9;15;3;3;2;3;0;0;1;0;1;0;0;0
216134;11;11;11200513;2021;9;2;1;2;0;1;2;0;0;0;0;0;1;0
216133;11;12;12400722;2021;9;16;4;2;5;2;0;0;1;0;1;0;0;0
216132;11;5;5200528;2021;9;12;1;3;2;6;0;0;1;0;0;0;0;0
216131;11;3;3200204;2021;8;19;7;3;2;2;0;0;1;0;0;0;0;0
216130;11;4;4400831;2021;9;12;5;3;5;3;0;0;1;0;0;0;0;0
216129;11;1;1100310;2021;9;18;5;3;2;6;0;1;0;0;0;0;0;0
216128;11;10;10100313;2021;9;7;4;3;5;3;0;0;1;0;0;0;0;0
216127;11;1;1100415;2021;9;19;4;3;1;5;1;1;1;0;0;0;0;1
216126;11;2;2200208;2021;8;6;6;3;5;2;0;1;1;0;0;0;0;1
216125;11;8;8100417;2021;8;21;4;2;6;4;2;0;1;1;0;0;0;1
216124;11;8;8100312;2021;9;15;7;3;6;4;0;0;1;1;0;0;0;0
216123;11;4;4501042;2021;9;16;5;3;5;3;0;0;1;0;0;0;0;0
216122;11;6;6400841;2021;9;14;3;3;2;6;0;1;1;0;0;0;0;0
216121;11;7;7300517;2021;9;14;2;3;3;5;0;1;1;0;0;0;0;0
216120;11;12;12200412;2021;9;8;4;2;6;4;0;0;1;1;0;0;0;0
216119;11;1;1100311;2021;9;18;2;2;5;3;0;1;0;0;0;0;1;0
216118;11;3;3601245;2021;9;16;2;3;5;3;0;1;1;0;0;0;0;0
216117;11;9;9401329;2021;8;12;2;2;6;4;0;0;0;1;0;0;1;1
216116;11;10;10200524;2021;9;7;6;3;5;3;0;0;1;0;0;0;1;0
216115;11;4;4300622;2021;9;7;3;3;5;2;0;0;1;0;1;0;0;0
216114;11;3;3200310;2021;9;11;6;3;6;7;0;0;1;1;0;0;0;0
216113;11;1;1100309;2021;9;7;4;3;1;5;0;1;1;0;0;0;0;0
216112;11;1;1100310;2021;9;11;1;3;5;2;0;1;1;0;0;0;0;0
216111;11;3;3300516;2021;8;11;7;3;5;3;0;1;1;0;0;0;0;0
216110;11;2;2100104;2021;9;14;5;3;5;3;0;0;1;0;0;0;0;0
216109;11;10;10300732;2021;9;18;5;2;0;7;1;0;1;0;0;0;0;0
216108;11;1;1100312;2021;9;10;4;3;2;6;0;0;1;0;0;0;1;0
216107;11;7;7100102;2021;9;16;4;3;0;5;0;0;1;0;1;0;0;1
216106;11;1;1100308;2021;8;6;6;2;0;1;0;0;1;0;1;0;0;1
216105;11;11;11300721;2021;8;20;4;2;0;1;2;0;0;0;1;0;0;1
216104;11;8;8100209;2021;9;19;6;3;5;3;0;0;1;0;0;0;0;0
216103;11;6;6400839;2021;9;17;4;3;6;7;0;1;0;1;0;0;0;0
216102;11;1;1200520;2021;9;10;3;3;5;2;0;1;1;0;0;0;0;0
216101;11;4;4501040;2021;9;16;7;3;0;2;0;1;1;0;0;0;0;1
216100;11;2;2100104;2021;9;20;4;3;0;4;2;0;0;1;1;0;0;0
216099;11;11;11300620;2021;9;15;2;3;5;3;0;1;1;0;0;0;0;0
216098;11;6;6100103;2021;9;9;2;3;6;2;0;0;1;1;0;0;0;0
216097;11;3;3501038;2021;8;13;1;3;0;5;0;0;1;0;0;0;1;1
216096;11;1;1100309;2021;9;1;6;3;5;3;2;1;1;0;0;0;0;0
216095;11;11;11501341;2021;9;10;7;3;5;2;0;1;1;0;0;0;0;1
216094;11;9;9200819;2021;9;12;5;3;3;6;0;0;1;0;0;0;0;0
216093;11;6;6300633;2021;9;16;5;3;5;3;0;0;1;0;0;0;0;0
216092;11;11;11501341;2021;8;21;7;3;3;6;2;0;1;0;0;0;0;1
216091;11;1;1200519;2021;8;18;4;3;6;7;0;0;1;1;0;0;0;1
216090;11;4;4300412;2021;9;15;7;3;2;6;0;0;1;0;0;0;0;0
216089;11;10;10100311;2021;9;14;5;2;5;3;0;1;1;0;0;0;0;0
216088;11;2;2200210;2021;9;23;4;3;0;7;2;0;1;0;0;0;0;0
216087;11;2;2300316;2021;9;21;2;3;0;1;2;0;0;0;1;0;0;0
216086;11;5;5200629;2021;9;15;3;3;0;1;0;0;0;0;1;0;1;0
216085;11;11;11200515;2021;9;15;3;3;5;3;0;1;1;0;0;0;0;0
216084;11;7;7100205;2021;8;16;3;2;6;4;0;1;0;1;0;0;0;0
216083;11;2;2400521;2021;9;13;6;3;6;2;0;0;1;1;0;0;0;0
216082;11;9;9100408;2021;9;17;4;3;0;2;0;1;1;0;0;0;0;0
216081;11;1;1100206;2021;8;12;2;3;6;7;0;0;0;1;0;0;1;1
216080;11;10;10400940;2021;8;16;5;2;5;2;0;0;1;0;0;0;1;0
216079;11;5;5300735;2021;9;10;2;3;5;2;0;0;1;0;0;0;0;0
216078;11;7;7100206;2021;9;16;7;3;1;5;1;1;1;0;0;0;0;1
216077;11;9;9200715;2021;8;16;3;3;5;2;0;0;1;0;1;0;0;0
216076;11;8;8100312;2021;9;14;1;3;2;6;0;0;1;0;1;0;0;0
216075;11;7;7300619;2021;8;21;6;3;5;3;2;0;1;0;0;0;1;0
216074;11;2;2100102;2021;9;9;5;3;1;5;0;1;1;0;0;0;0;0
216073;11;4;4501042;2021;9;16;5;3;6;2;0;0;1;1;0;0;0;0
216072;11;3;3400828;2021;9;15;4;3;5;3;0;1;1;0;0;0;0;1
216071;11;1;1200519;2021;9;8;3;3;5;3;0;1;0;0;0;0;1;0
216070;11;9;9300920;2021;8;6;5;3;5;3;0;0;1;0;0;0;0;1
216069;11;9;9200510;2021;8;13;3;3;0;2;0;1;1;0;0;0;0;0
216068;11;4;4300412;2021;9;14;6;3;5;2;0;1;0;0;0;0;1;0
216067;11;6;6100206;2021;9;17;5;3;0;7;0;1;0;0;0;0;0;0
216066;11;3;3701658;2021;9;11;2;3;6;7;0;1;0;1;0;0;0;0
216065;11;1;1400938;2021;9;17;7;3;6;7;0;1;0;1;0;0;0;0
216064;11;8;8100310;2021;8;12;3;2;5;2;0;1;1;0;0;0;0;0
216063;11;10;10200524;2021;9;9;2;3;5;3;0;1;1;0;0;0;0;0
216062;11;8;8200730;2021;9;15;1;3;2;6;0;0;1;0;1;0;0;0
216061;11;9;9501939;2021;8;17;7;3;6;4;0;0;1;1;0;0;0;0
216060;11;5;5100104;2021;9;8;6;3;5;3;0;0;0;0;0;1;1;0
216059;11;8;8100206;2021;9;4;7;3;6;2;2;0;1;1;0;0;0;0
216058;11;5;5100314;2021;9;20;4;3;3;6;2;0;1;0;0;0;0;1
216057;11;5;5100210;2021;9;15;4;2;5;3;0;0;1;0;0;0;1;1
216056;11;3;3400828;2021;8;13;6;3;5;3;0;0;1;0;0;0;0;1
216055;11;1;1100101;2021;9;12;6;3;0;1;0;0;0;0;1;0;0;0
216054;11;1;1400938;2021;8;23;4;3;2;6;2;0;1;0;0;0;0;1
216053;11;1;1100103;2021;9;12;7;3;3;2;0;0;1;0;0;0;1;0
216052;11;12;12200412;2021;9;14;6;2;5;7;0;0;1;0;1;0;0;0
216051;11;6;6200317;2021;9;14;4;3;5;3;0;1;1;0;0;0;0;0
216050;11;4;4501153;2021;9;8;3;3;5;3;0;1;0;0;0;0;0;0
216049;11;7;7501029;2021;9;12;5;3;5;3;0;0;1;0;0;0;0;0
216048;11;4;4501045;2021;9;10;3;3;1;5;0;1;1;0;0;0;0;0
216047;11;2;2300316;2021;9;10;3;3;4;6;0;1;0;0;0;0;0;0
216046;11;5;5200630;2021;8;19;2;3;5;3;1;0;1;0;1;0;0;0
216045;11;5;5300735;2021;9;16;6;3;0;1;0;0;0;0;1;0;0;1
216044;11;9;9200510;2021;9;19;1;3;1;5;1;1;1;0;0;0;0;0
216043;11;7;7601238;2021;9;14;5;3;5;2;0;0;1;0;0;0;1;0
216042;11;9;9501940;2021;9;17;5;2;6;4;0;0;1;1;0;0;0;0
216041;11;12;12100101;2021;8;12;7;3;5;2;0;1;1;0;0;0;0;0
216040;11;8;8301036;2021;9;5;1;3;1;5;1;0;1;0;0;0;0;0
216039;11;12;12200412;2021;9;15;1;3;5;3;0;1;1;0;0;0;0;0
216038;11;11;11200514;2021;8;6;3;3;6;7;0;0;1;1;0;0;0;1
216037;11;5;5200629;2021;9;9;7;2;0;1;0;0;0;0;1;0;0;1
216036;11;4;4400728;2021;9;15;3;3;0;1;0;0;1;0;1;0;0;0
216035;11;1;1300731;2021;9;7;4;3;6;2;1;0;1;1;0;0;0;1
216034;11;1;1100102;2021;9;8;4;3;3;6;0;0;1;0;1;0;0;0
216033;11;7;7400927;2021;8;15;2;3;5;2;0;0;1;0;1;0;0;0
216032;11;12;12601133;2021;9;18;6;3;5;3;0;0;1;0;0;0;0;0
216031;11;12;12500825;2021;8;14;2;3;2;6;0;0;1;0;0;0;0;1
216030;11;1;1100207;2021;8;3;6;2;0;1;2;1;0;0;0;0;0;1
216029;11;2;2500833;2021;9;19;2;3;0;1;0;1;0;0;0;0;0;0
216028;11;9;9200613;2021;9;8;7;2;5;3;0;1;1;0;0;0;0;1
216027;11;2;2100105;2021;9;16;6;3;5;3;0;1;0;0;1;0;0;0
216026;11;3;3200308;2021;9;21;4;3;2;6;2;0;1;0;0;0;0;1
216025;11;9;9301228;2021;9;11;5;3;4;7;0;0;0;0;0;1;1;0
216024;11;12;12100102;2021;8;11;7;3;5;3;0;0;1;0;0;0;0;0
216023;11;12;12400722;2021;8;10;4;3;0;3;0;0;1;0;1;0;0;0
216022;11;4;4100101;2021;9;8;2;3;5;2;0;0;1;0;0;0;0;0
216021;11;7;7601340;2021;9;15;7;3;0;1;0;0;0;0;1;0;0;0
216020;11;4;4300619;2021;9;16;3;2;6;7;0;0;1;1;0;0;0;0
216019;11;9;9301228;2021;9;6;3;3;5;3;1;0;1;0;0;0;0;0
216018;11;1;1300733;2021;9;10;3;3;1;5;1;0;1;0;1;0;0;1
216017;11;9;9502043;2021;8;6;2;3;2;6;1;1;1;0;0;0;0;1
216016;11;12;12200309;2021;9;9;6;3;6;4;0;0;1;1;0;0;0;0
216015;11;3;3400724;2021;9;9;4;3;1;7;0;0;1;0;0;0;0;0
216014;11;1;1100311;2021;8;8;2;3;0;6;0;0;1;0;1;0;0;1
216013;11;7;7300517;2021;8;16;6;3;5;3;0;0;1;0;0;0;0;0
216012;11;7;7601341;2021;9;18;2;3;2;6;0;1;1;0;0;0;0;0
216011;11;1;1100101;2021;9;16;7;3;2;6;0;0;1;0;0;0;0;1
216010;11;5;5200527;2021;9;12;4;3;3;6;0;0;1;0;0;0;0;0
216009;11;3;3701660;2021;9;21;7;3;0;4;1;0;0;1;0;0;1;0
216008;11;1;1100103;2021;8;8;6;3;0;1;0;0;0;0;1;0;0;1
216007;11;9;9100409;2021;9;17;5;3;2;6;0;0;1;0;0;0;0;0
216006;11;4;4300414;2021;9;11;6;3;1;5;0;1;1;0;0;0;1;0
216005;11;12;12100204;2021;9;15;4;3;2;1;0;0;1;0;1;0;0;1
216004;11;2;2500835;2021;9;21;3;3;0;1;2;0;0;0;1;0;0;0
216003;11;12;12100204;2021;8;13;5;3;2;6;0;0;0;0;0;0;1;1
216002;11;1;1100308;2021;8;9;3;3;2;6;0;1;1;0;0;0;0;0
216001;11;5;5300839;2021;9;18;6;3;0;1;0;1;0;0;0;0;0;0
216000;11;10;10300731;2021;9;7;5;3;5;2;0;1;1;0;0;0;0;0
215999;11;3;3200310;2021;9;0;2;3;6;6;2;0;1;1;0;0;0;0
215998;11;7;7300517;2021;9;17;2;2;5;3;0;1;1;0;0;0;0;0
215997;11;3;3400831;2021;9;15;5;3;5;7;0;0;1;0;1;0;0;0
215996;11;5;5100316;2021;9;20;2;3;6;2;2;0;1;1;0;0;0;0
215995;11;6;6400735;2021;9;14;1;3;3;6;0;1;1;0;0;0;0;0
215994;11;1;1200517;2021;8;15;7;3;2;6;0;0;1;0;1;0;0;0
215993;11;9;9502043;2021;9;7;6;3;5;3;0;1;0;0;0;0;0;0
215992;11;4;4300517;2021;9;12;7;3;5;3;0;0;1;0;0;0;0;0
215991;11;6;6100103;2021;9;21;4;3;0;1;2;0;1;0;0;0;0;1
215990;11;5;5100316;2021;9;14;6;2;5;3;0;1;1;0;0;0;0;0
215989;11;5;5300840;2021;9;15;5;3;5;2;0;1;1;0;0;0;0;0
215988;11;6;6400838;2021;8;10;6;3;0;1;0;0;0;0;1;0;0;1
215987;11;10;10300734;2021;8;17;4;3;6;4;0;0;1;1;0;0;0;0
215986;11;1;1100416;2021;9;7;1;2;1;5;0;0;1;0;1;0;0;0
215985;11;5;5100316;2021;9;6;6;3;5;2;2;0;1;0;0;0;0;0
215984;11;11;11200411;2021;9;11;4;3;0;4;0;0;0;1;1;0;0;0
215983;11;1;1100205;2021;9;9;2;3;5;2;0;1;1;0;0;0;0;0
215982;11;11;11400931;2021;8;9;2;3;3;6;0;0;1;0;0;0;1;0
215981;11;12;12400720;2021;9;6;3;3;5;3;2;0;1;0;1;0;0;0
215980;11;1;1100206;2021;9;13;2;3;6;4;0;0;1;1;0;0;0;0
215979;11;7;7400823;2021;8;13;2;3;5;3;0;1;1;0;0;0;0;1
215978;11;3;3500934;2021;9;12;6;3;5;3;0;1;1;0;0;0;0;0
215977;11;4;4100101;2021;9;13;1;3;5;2;0;0;1;0;0;0;0;0
215976;11;1;1300835;2021;9;6;5;3;5;2;0;1;1;0;0;0;0;1
215975;11;9;9401433;2021;8;17;2;3;5;7;0;0;1;0;0;0;0;1
215974;11;1;1100205;2021;10;19;6;3;5;2;2;1;1;0;0;0;0;0
215973;11;4;4300620;2021;8;23;7;3;5;3;2;0;1;0;0;0;0;1
215972;11;4;4300414;2021;9;14;2;3;6;7;0;0;1;1;0;0;0;0
215971;11;11;11501238;2021;9;16;7;3;6;7;0;1;0;1;0;0;0;1
215970;11;1;1100416;2021;9;17;5;3;0;1;0;1;0;0;0;0;0;0
215969;11;2;2100101;2021;9;16;6;3;5;3;0;1;0;0;0;0;1;0
215968;11;1;1100308;2021;10;11;6;3;0;2;0;0;1;0;1;0;0;0
215967;11;9;9501737;2021;9;15;3;3;5;3;0;0;1;0;0;0;0;0
215966;11;3;3500936;2021;9;12;3;2;6;4;0;0;1;1;0;0;0;0
215965;11;12;12601236;2021;9;10;4;2;5;3;0;1;1;0;0;0;0;1