OBJECTID;LAND;BEZ;LOR_ab_2021;UJAHR;UMONAT;USTUNDE;UWOCHENTAG;UKATEGORIE;UART;UTYP1;ULICHTVERH;IstRad;IstPKW;IstFuss;IstKrad;IstGkfz;IstSonstige;USTRZUSTAND
215964;11;1;1100205;2021;8;7;3;3;0;5;0;1;0;0;0;0;0;0
215963;11;1;1100206;2021;9;14;6;3;0;1;0;1;0;0;0;0;0;0
215962;11;8;8100313;2021;9;18;3;3;5;3;0;1;1;0;0;0;0;0
215961;11;7;7400826;2021;9;20;6;3;2;6;2;0;1;0;1;0;0;1
215960;11;12;12400722;2021;9;14;4;3;6;4;0;0;1;1;0;0;0;0
215959;11;6;6100206;2021;9;21;7;3;5;3;2;1;1;0;0;0;0;0
215958;11;12;12500928;2021;8;13;1;3;1;5;0;0;1;0;0;0;0;0
215957;11;8;8200726;2021;9;15;5;3;5;3;0;0;1;0;0;0;0;0
215956;11;12;12100204;2021;9;14;6;3;2;3;0;0;1;0;0;0;0;0
215955;11;6;6200312;2021;9;15;4;3;5;3;0;1;1;0;0;0;0;1
215954;11;3;3200309;2021;9;7;4;3;5;3;0;1;1;0;0;0;0;1
215953;11;1;1100205;2021;8;17;5;3;3;6;0;0;1;0;0;0;0;1
215952;11;1;1200628;2021;8;12;3;3;5;2;0;1;1;0;0;0;0;0
215951;11;4;4300619;2021;9;12;7;3;5;2;0;1;1;0;0;0;0;0
215950;11;11;11200512;2021;9;16;5;3;2;6;0;1;1;0;0;0;0;0
215949;11;10;10300731;2021;9;7;3;3;5;3;0;1;1;0;0;0;0;0
215948;11;1;1100102;2021;9;17;7;3;2;6;0;0;1;0;0;0;0;0
215947;11;5;5100104;2021;9;20;4;3;1;5;0;1;1;0;0;0;0;0
215946;11;2;2100103;2021;9;15;2;3;3;6;0;1;1;0;0;0;0;0
215945;11;1;1100308;2021;9;2;1;3;1;5;2;0;1;0;0;0;1;0
215944;11;5;5200629;2021;8;1;1;3;2;6;2;0;1;0;0;0;0;0
215943;11;1;1200522;2021;9;8;5;3;5;2;0;1;0;0;1;0;0;0
215942;11;8;8200833;2021;9;9;6;3;5;2;0;0;1;0;1;0;0;0
215941;11;7;7400824;2021;9;18;4;3;0;3;0;1;1;0;0;0;0;1
215940;11;5;5100315;2021;9;13;4;3;0;5;0;0;1;0;0;0;0;0
215939;11;1;1300733;2021;9;20;5;3;5;3;0;0;1;0;0;0;0;0
215938;11;3;3300413;2021;9;12;1;2;5;3;0;0;1;1;0;0;0;0
215937;11;3;3601142;2021;8;9;6;3;5;5;0;1;0;0;0;0;1;0
215936;11;3;3500932;2021;9;18;5;3;5;2;0;1;1;0;0;0;0;0
215935;11;12;12200412;2021;9;13;6;3;5;3;0;0;1;0;0;0;0;0
215934;11;1;1300836;2021;9;7;4;3;5;3;0;1;0;0;0;0;1;0
215933;11;1;1300836;2021;9;11;4;2;6;2;0;0;1;1;0;0;0;1
215932;11;7;7501029;2021;8;11;5;3;0;3;0;1;0;0;0;0;1;1
215931;11;6;6300526;2021;8;20;3;2;0;6;2;1;0;0;0;0;1;0
215930;11;10;10100102;2021;9;19;7;3;5;2;1;0;1;0;1;0;0;0
215929;11;12;12200412;2021;8;14;2;3;0;1;0;1;0;0;0;0;0;1
215928;11;1;1401045;2021;9;16;4;2;0;2;0;0;1;0;0;0;1;0
215927;11;6;6100204;2021;9;22;2;3;2;6;2;1;1;0;0;0;0;0
215926;11;1;1200628;2021;9;4;1;2;8;1;0;0;1;0;0;0;0;0
215925;11;8;8100419;2021;9;6;4;3;5;3;0;1;0;0;0;0;0;0
215924;11;5;5100315;2021;9;9;2;3;5;3;0;0;1;0;1;0;0;0
215923;11;1;1300836;2021;9;13;2;3;5;2;0;1;1;0;0;0;0;0
215922;11;2;2300314;2021;8;22;7;3;2;6;2;0;1;0;0;0;0;0
215921;11;5;5100317;2021;9;7;5;3;0;5;0;1;1;0;0;0;0;0
215920;11;2;2300315;2021;9;21;6;3;5;3;2;1;0;0;1;0;0;0
215919;11;12;12500824;2021;9;9;5;3;5;3;0;0;1;0;0;0;0;1
215918;11;1;1100101;2021;9;14;6;2;0;1;0;1;0;0;0;0;0;0
215917;11;8;8401244;2021;9;15;5;3;2;2;0;0;1;0;0;0;0;0
215916;11;1;1100102;2021;8;15;6;3;2;6;0;0;1;0;0;0;1;0
215915;11;4;4501043;2021;8;21;4;3;0;1;2;0;0;0;0;0;1;1
215914;11;3;3200309;2021;9;12;1;3;1;5;0;1;1;0;0;0;0;0
215913;11;4;4300623;2021;9;13;6;3;5;2;0;1;1;0;0;0;0;0
215912;11;3;3200205;2021;9;16;6;3;5;3;0;0;1;0;0;0;0;0
215911;11;7;7100103;2021;9;13;3;2;5;2;0;1;1;0;0;0;0;0
215910;11;6;6100102;2021;9;18;3;3;3;6;0;1;1;0;0;0;0;0
215909;11;12;12200412;2021;9;22;3;2;5;3;2;0;1;0;1;0;0;1
215908;11;2;2500835;2021;9;16;3;3;6;4;0;0;1;1;0;0;0;0
215907;11;10;10400835;2021;8;14;1;3;5;5;0;0;1;0;0;0;0;1
215906;11;6;6200315;2021;9;17;6;3;2;6;0;0;1;0;0;0;0;1
215905;11;1;1100102;2021;9;8;5;3;2;6;0;0;1;0;1;0;0;1
215904;11;3;3400831;2021;8;7;2;3;2;6;0;0;1;0;1;0;0;1
215903;11;6;6300526;2021;8;7;7;3;1;5;0;1;1;0;0;0;0;0
215902;11;5;5100104;2021;9;10;2;3;2;6;0;0;1;0;0;0;1;0
215901;11;2;2200210;2021;9;11;1;3;5;2;0;1;1;0;0;0;0;0
215900;11;7;7100102;2021;8;16;3;3;5;3;0;1;0;0;0;0;0;0
215899;11;12;12200515;2021;9;16;6;3;5;3;0;1;1;0;0;0;0;0
215898;11;4;4200311;2021;10;18;6;3;2;2;2;0;1;0;0;0;0;0
215897;11;3;3601450;2021;9;17;3;3;2;6;0;0;1;0;1;0;0;0
215896;11;2;2400521;2021;9;16;3;3;5;3;0;1;1;0;0;0;0;0
215895;11;4;4300624;2021;9;11;3;2;6;2;0;0;1;1;0;0;0;1
215894;11;4;4300624;2021;8;11;5;3;2;6;0;1;1;0;0;0;0;1
215893;11;4;4300621;2021;8;11;3;3;5;3;0;1;0;0;0;0;0;0
215892;11;11;11300723;2021;9;7;6;3;6;4;0;0;0;1;1;0;0;0
215891;11;12;12601235;2021;9;13;4;3;2;2;0;0;1;0;0;0;1;0
215890;11;6;6300633;2021;9;16;2;3;1;5;0;1;1;0;0;0;0;0
215889;11;5;5200632;2021;9;16;6;3;2;6;0;0;1;0;1;0;0;1
215888;11;12;12100205;2021;8;17;3;2;2;6;1;0;1;0;0;0;0;0
215887;11;3;3400619;2021;9;10;1;3;2;6;0;0;1;0;0;0;0;0
215886;11;3;3400620;2021;8;22;7;3;5;2;2;1;1;0;0;0;0;0
215885;11;11;11400929;2021;9;16;5;3;2;6;0;1;1;0;0;0;0;0
215884;11;2;2200210;2021;9;13;6;3;5;2;0;1;1;0;0;0;0;0
215883;11;3;3500934;2021;9;12;4;2;0;1;0;0;0;0;1;0;0;0
215882;11;5;5100209;2021;9;11;4;3;5;2;0;0;1;0;0;0;0;1
215881;11;12;12200412;2021;8;2;6;2;0;7;2;0;1;0;0;0;1;1
215880;11;11;11400929;2021;9;12;6;3;2;6;0;0;1;0;0;0;0;0
215879;11;8;8200832;2021;8;18;4;2;1;5;0;1;1;0;0;0;0;0
215878;11;8;8200623;2021;9;21;7;3;0;1;2;0;1;0;0;0;0;0
215877;11;12;12200412;2021;9;19;5;3;2;6;2;0;1;0;0;1;0;1
215876;11;7;7200412;2021;9;17;3;3;1;7;0;1;0;0;0;0;0;0
215875;11;8;8100105;2021;9;23;1;3;6;2;2;0;1;1;0;0;0;0
215874;11;9;9200715;2021;9;7;4;3;5;2;0;0;1;0;0;0;1;0
215873;11;3;3500934;2021;9;18;2;3;2;2;0;0;1;0;0;0;1;0
215872;11;4;4400831;2021;9;20;1;3;1;5;2;0;1;0;0;0;0;0
215871;11;9;9200715;2021;8;19;2;3;2;6;0;0;1;0;0;0;0;0
215870;11;2;2500833;2021;9;21;5;3;5;2;2;1;1;0;0;0;0;0
215869;11;2;2500835;2021;9;17;6;2;3;6;0;1;1;0;0;0;0;0
215868;11;11;11300724;2021;9;18;4;3;5;3;0;0;1;0;0;0;1;0
215867;11;7;7200308;2021;8;12;2;3;5;3;0;1;1;0;0;0;0;1
215866;11;9;9200510;2021;9;12;5;3;2;6;0;0;1;0;0;0;0;0
215865;11;3;3400721;2021;8;17;7;3;5;2;0;0;1;0;0;0;0;0
215864;11;5;5300737;2021;8;16;4;2;5;7;0;0;1;0;0;0;0;0
215863;11;7;7501029;2021;9;15;1;3;2;6;0;0;1;0;0;0;0;0
215862;11;8;8200727;2021;9;14;5;3;5;7;0;0;1;0;1;0;0;0
215861;11;2;2300316;2021;9;7;4;3;5;3;0;0;1;0;1;0;0;0
215860;11;7;7400721;2021;9;15;2;3;0;3;0;0;1;0;0;0;1;0
215859;11;12;12200310;2021;9;14;3;3;2;6;0;0;1;0;0;0;0;0
215858;11;9;9501939;2021;9;7;2;3;2;6;0;0;1;0;0;0;0;0
215857;11;6;6100208;2021;8;16;3;3;1;5;0;1;1;0;0;0;0;0
215856;11;12;12100205;2021;9;15;6;2;1;5;0;0;1;0;0;0;1;1
215855;11;8;8200833;2021;9;19;4;3;5;2;0;0;1;0;1;0;0;0
215854;11;9;9401534;2021;8;20;2;2;4;1;1;0;1;0;0;0;0;1
215853;11;6;6300633;2021;8;16;5;3;5;2;0;1;0;0;0;0;1;0
215852;11;4;4300623;2021;9;15;2;3;5;2;0;1;1;0;0;0;0;0
215851;11;9;9401534;2021;9;15;6;3;6;2;0;0;1;1;0;0;0;1
215850;11;1;1401046;2021;8;15;3;3;1;5;0;1;1;0;0;0;0;0
215849;11;7;7400823;2021;9;16;7;3;5;3;0;0;1;0;0;0;0;0
215848;11;12;12200308;2021;10;14;6;3;6;4;0;0;1;1;0;0;0;0
215847;11;5;5200528;2021;9;19;5;2;5;2;2;0;1;0;1;0;0;0
215846;11;1;1200519;2021;8;15;6;3;2;6;0;0;1;0;0;0;0;1
215845;11;12;12200412;2021;8;19;4;3;2;6;2;0;1;0;0;0;0;1
215844;11;5;5300841;2021;9;22;7;3;5;3;2;0;1;0;0;0;0;0
215843;11;7;7100102;2021;9;13;6;3;5;3;0;1;1;0;0;0;0;0
215842;11;6;6200316;2021;9;13;6;3;6;4;0;1;0;1;0;0;0;0
215841;11;1;1100205;2021;9;18;4;3;5;3;0;0;1;0;0;0;1;0
215840;11;12;12100205;2021;9;10;2;3;1;5;0;1;0;0;0;0;1;0
215839;11;4;4501041;2021;9;8;3;3;5;2;0;1;1;0;0;0;0;0
215838;11;8;8301037;2021;9;18;3;2;6;4;0;0;1;1;0;0;0;0
215837;11;8;8200730;2021;8;9;3;3;5;2;0;0;1;0;0;0;1;0
215836;11;11;11100204;2021;9;17;6;3;5;3;0;0;1;0;1;0;0;0
215835;11;6;6200313;2021;9;8;4;3;5;2;0;1;1;0;0;0;0;0
215834;11;1;1100311;2021;8;13;7;3;2;2;0;1;1;0;0;0;0;0
215833;11;9;9200715;2021;9;4;2;3;5;3;2;0;1;0;0;0;0;0
215832;11;5;5100209;2021;9;8;1;3;5;3;0;0;1;0;0;0;0;0
215831;11;10;10200629;2021;8;20;3;3;2;1;2;0;0;0;1;0;1;0
215830;11;1;1100206;2021;9;16;6;3;3;6;0;1;1;0;0;0;0;0
215829;11;1;1300836;2021;10;2;6;3;5;3;2;0;1;0;0;0;0;0
215828;11;1;1400938;2021;9;6;3;3;8;1;1;0;1;0;0;0;0;1
215827;11;1;1200623;2021;9;13;4;3;6;7;0;1;0;1;0;0;0;0
215826;11;6;6300629;2021;9;23;3;3;0;7;2;0;1;0;0;0;0;0
215825;11;7;7300517;2021;8;10;5;3;5;3;0;1;0;0;0;0;0;0
215824;11;2;2400522;2021;8;15;3;3;4;3;0;1;1;0;0;0;0;0
215823;11;6;6300632;2021;9;15;6;3;5;3;0;0;1;0;0;0;0;0
215822;11;4;4500938;2021;9;14;3;3;1;5;0;1;1;0;0;0;0;0
215821;11;7;7501031;2021;9;16;3;3;2;6;0;0;1;0;0;0;0;0
215820;11;10;10100206;2021;9;11;7;3;0;1;0;1;0;0;0;0;0;0
215819;11;5;5300736;2021;9;15;4;3;5;2;0;1;1;0;0;0;0;0
215818;11;7;7200307;2021;9;12;1;3;1;5;0;0;1;0;0;0;1;0
215817;11;8;8100419;2021;8;20;7;3;1;6;2;1;1;0;0;0;0;0
215816;11;10;10400940;2021;9;15;4;3;6;6;0;1;0;1;0;0;0;0
215815;11;7;7400927;2021;9;5;6;2;5;2;2;0;1;0;1;0;0;1
215814;11;9;9100409;2021;9;10;4;3;5;3;0;0;1;0;0;0;0;0
215813;11;1;1400938;2021;9;11;4;3;2;6;0;0;1;0;0;0;1;1
215812;11;1;1401045;2021;8;17;5;3;6;2;0;0;1;1;0;0;0;0
215811;11;2;2400623;2021;9;13;6;3;0;2;0;0;1;0;1;0;0;0
215810;11;9;9200512;2021;8;19;4;3;1;5;0;0;1;0;0;0;0;0
215809;11;10;10300734;2021;9;8;6;3;1;1;0;0;1;0;0;0;0;0
215808;11;1;1100311;2021;9;15;5;3;6;4;0;0;1;1;0;0;0;0
215807;11;6;6300524;2021;9;19;3;3;0;3;1;0;0;0;1;0;0;0
215806;11;2;2200213;2021;9;7;2;3;5;3;0;1;1;0;0;0;0;0
215805;11;1;1100415;2021;9;21;4;3;0;7;2;1;0;0;0;0;0;0
215804;11;5;5300841;2021;9;21;1;3;2;6;2;0;1;0;0;0;0;0
215803;11;5;5100317;2021;9;6;2;3;2;6;1;0;1;0;0;0;0;0
215802;11;2;2300316;2021;8;8;2;3;5;3;0;0;1;0;0;0;0;1
215801;11;1;1100308;2021;9;20;5;3;5;2;2;1;1;0;0;0;0;0
215800;11;10;10400837;2021;9;20;6;3;5;3;1;0;1;0;1;0;0;0
215799;11;8;8100417;2021;9;9;5;3;7;7;0;0;0;0;0;0;1;0
215798;11;5;5200528;2021;9;16;5;3;2;6;1;0;1;0;0;0;1;0
215797;11;12;12601032;2021;8;11;6;3;5;3;0;1;1;0;0;0;0;0
215796;11;2;2300419;2021;8;16;4;3;5;3;0;1;0;0;0;0;1;0
215795;11;3;3601243;2021;9;23;7;3;5;3;2;0;1;0;0;0;0;0
215794;11;6;6200420;2021;9;22;6;3;1;1;2;0;1;0;1;0;0;0
215793;11;3;3400828;2021;9;18;4;3;5;3;0;0;1;0;1;0;0;0
215792;11;11;11300620;2021;9;17;3;3;6;4;0;1;0;1;0;0;0;0
215791;11;1;1100207;2021;9;18;3;3;0;3;1;0;1;0;1;0;0;0
215790;11;11;11400927;2021;9;17;3;3;0;1;0;1;0;0;0;0;0;0
215789;11;8;8200727;2021;8;14;3;3;1;5;0;1;1;0;0;0;0;0
215788;11;7;7200308;2021;9;13;6;3;3;6;0;1;1;0;0;0;0;0
215787;11;9;9401635;2021;9;16;4;3;5;3;0;1;1;0;0;0;0;0
215786;11;7;7100206;2021;8;15;2;3;5;2;0;1;1;0;0;0;0;1
215785;11;7;7100205;2021;8;9;6;3;5;2;0;1;1;0;0;0;0;0
215784;11;6;6300528;2021;9;12;2;3;1;5;0;0;1;0;0;0;1;0
215783;11;1;1100313;2021;9;20;6;2;0;1;1;0;0;0;0;0;1;0
215782;11;4;4501153;2021;8;10;3;3;5;2;0;1;1;0;0;0;0;0
215781;11;11;11501340;2021;9;12;7;3;5;3;0;0;1;0;1;0;0;1
215780;11;3;3601142;2021;8;11;6;3;5;2;0;1;1;0;0;0;0;0
215779;11;3;3300411;2021;9;18;5;3;5;3;0;1;1;0;0;0;0;0
215778;11;4;4100101;2021;9;12;6;3;5;2;0;0;1;0;0;0;0;0
215777;11;4;4501149;2021;9;10;4;3;5;3;0;1;1;0;0;1;0;0
215776;11;2;2500831;2021;9;11;3;2;0;1;0;0;1;0;1;0;0;1
215775;11;3;3601450;2021;8;10;5;3;2;1;0;0;1;0;0;0;0;1
215774;11;11;11200512;2021;8;19;3;2;0;1;0;1;0;0;0;0;0;0
215773;11;6;6400842;2021;9;7;6;3;5;2;0;0;1;0;0;0;0;0
215772;11;5;5200630;2021;9;12;5;3;2;6;0;0;1;0;0;0;0;0
215771;11;4;4300622;2021;9;18;3;3;2;6;0;0;1;0;0;0;0;0
215770;11;1;1100101;2021;9;21;7;3;2;6;2;0;1;0;0;0;0;0
215769;11;3;3300516;2021;8;16;3;3;5;3;0;0;1;0;0;0;1;0
215768;11;12;12200412;2021;9;15;2;2;2;6;0;0;1;0;0;0;1;0
215767;11;8;8100206;2021;9;15;1;3;6;4;0;0;0;1;1;0;0;0
215766;11;1;1300834;2021;8;9;7;2;3;6;0;0;1;0;0;0;1;0
215765;11;1;1100102;2021;9;9;6;3;2;2;0;0;1;0;0;0;0;0
215764;11;8;8100415;2021;9;18;6;3;5;7;1;0;1;0;0;0;0;0
215763;11;4;4300414;2021;9;10;5;3;2;2;0;0;1;0;1;0;0;0
215762;11;4;4100101;2021;9;13;4;3;5;7;0;0;1;0;0;1;0;1
215761;11;10;10200524;2021;8;13;6;3;2;6;0;0;1;0;0;0;0;1
215760;11;9;9200819;2021;8;20;4;3;0;1;1;1;0;0;0;0;0;1
215759;11;1;1100101;2021;9;19;7;3;5;3;0;0;1;0;0;0;0;0
215758;11;6;6400843;2021;9;13;3;3;6;4;0;0;0;1;1;0;0;0
215757;11;5;5100316;2021;9;7;4;3;5;3;0;1;0;0;0;0;1;0
215756;11;8;8200624;2021;9;13;3;3;0;3;0;0;1;0;1;0;0;0
215755;11;2;2500835;2021;8;12;5;3;1;5;0;1;1;0;0;0;0;1
215754;11;11;11100204;2021;8;15;3;3;5;2;0;0;1;0;0;0;0;0
215753;11;4;4501041;2021;9;19;6;3;0;1;1;0;0;0;1;0;0;0
215752;11;2;2500726;2021;9;16;4;3;6;4;0;0;1;1;0;0;0;0
215751;11;4;4300414;2021;9;15;3;3;5;3;0;0;1;0;0;0;1;0
215750;11;2;2400623;2021;9;18;2;2;1;5;0;1;1;0;0;0;0;0
215749;11;2;2200210;2021;9;16;4;3;5;7;0;0;1;0;0;0;0;0
215748;11;4;4400729;2021;9;13;1;3;3;6;0;1;1;0;0;0;0;0
215747;11;4;4300518;2021;8;13;7;3;5;2;0;1;1;0;0;0;0;0
215746;11;3;3300516;2021;9;10;5;3;4;6;0;0;1;0;0;0;0;0
215745;11;9;9200818;2021;9;18;5;3;1;7;0;0;1;0;0;0;0;0
215744;11;3;3200308;2021;9;20;3;2;5;2;2;0;1;0;0;0;0;0
215743;11;6;6300528;2021;9;19;4;3;2;6;1;0;1;0;1;0;0;0
215742;11;2;2300316;2021;8;8;6;3;5;2;0;1;1;0;0;0;0;1
215741;11;4;4501043;2021;8;21;4;3;0;2;2;0;1;0;1;0;0;1
215740;11;8;8100419;2021;9;7;6;3;0;3;0;1;1;0;0;0;0;0
215739;11;3;3500936;2021;8;15;3;3;5;3;0;0;1;0;0;0;1;0
215738;11;7;7200307;2021;9;15;5;3;5;7;0;0;1;0;0;0;1;0
215737;11;1;1100309;2021;9;7;6;3;5;3;0;1;1;0;0;0;0;0
215736;11;6;6200312;2021;9;14;3;3;2;6;0;0;1;0;0;0;1;0
215735;11;10;10200418;2021;9;8;3;2;6;4;0;0;1;1;0;0;0;0
215734;11;10;10100210;2021;9;17;4;3;5;3;0;0;1;0;1;1;0;0
215733;11;8;8100102;2021;9;2;2;2;2;6;2;0;1;0;1;0;0;0
215732;11;5;5100316;2021;9;18;1;3;0;2;0;0;1;0;1;0;0;0
215731;11;4;4300415;2021;8;17;1;3;5;2;0;1;1;0;0;0;0;0
215730;11;4;4500939;2021;9;8;5;3;5;3;0;0;1;0;1;0;0;0
215729;11;2;2200212;2021;9;10;7;3;5;2;0;1;1;0;0;0;0;0
215728;11;1;1100308;2021;9;13;4;3;5;3;0;1;1;0;0;0;0;0
215727;11;9;9200510;2021;9;14;5;3;5;2;0;1;1;0;0;0;0;0
215726;11;2;2100102;2021;8;13;7;3;5;3;0;0;1;0;0;0;1;0
215725;11;9;9502043;2021;8;10;4;3;0;7;0;0;1;1;0;0;0;0
215724;11;1;1300834;2021;9;8;2;3;1;2;0;0;1;0;1;0;0;0
215723;11;1;1200520;2021;9;16;7;3;5;2;0;1;0;0;0;0;1;0
215722;11;2;2200210;2021;9;16;7;3;5;3;0;0;1;0;0;0;0;0
215721;11;1;1200624;2021;9;13;3;3;2;6;0;0;1;0;1;0;0;0
215720;11;6;6200313;2021;9;9;4;2;5;3;0;1;1;0;0;0;0;0
215719;11;8;8401241;2021;9;7;4;3;0;7;0;0;1;0;0;0;0;0
215718;11;6;6100210;2021;8;11;2;3;5;2;0;1;1;0;0;0;0;1
215717;11;7;7601341;2021;9;23;6;2;5;3;2;0;1;0;1;0;0;0
215716;11;2;2200212;2021;9;15;4;3;2;2;0;0;1;0;0;0;0;0
215715;11;5;5300737;2021;8;11;2;2;5;2;0;0;1;0;0;1;0;0
215714;11;2;2500835;2021;8;6;6;3;5;2;0;1;0;0;1;0;0;1
215713;11;7;7501134;2021;9;18;2;3;2;6;0;0;1;0;0;0;0;0
215712;11;9;9200715;2021;9;21;6;3;6;7;2;0;1;1;0;0;0;0
215711;11;7;7300516;2021;8;15;3;3;6;4;0;1;0;1;0;0;0;0
215710;11;4;4100101;2021;9;17;7;2;6;4;0;0;1;1;0;0;0;0
215709;11;4;4200308;2021;8;19;6;3;5;2;0;0;1;0;0;0;0;0
215708;11;2;2500836;2021;9;14;5;3;5;2;0;1;1;0;0;0;0;0
215707;11;8;8100417;2021;9;16;5;3;2;6;0;0;1;0;0;0;0;0
215706;11;1;1200628;2021;9;15;4;3;2;6;0;0;1;0;1;0;0;1
215705;11;6;6300631;2021;9;13;4;2;2;6;0;0;1;0;1;0;0;1
215704;11;2;2500830;2021;8;11;5;3;0;1;0;0;0;0;1;0;0;1
215703;11;1;1100102;2021;8;15;3;3;2;6;0;0;1;0;0;0;1;0
215702;11;3;3501038;2021;9;11;6;3;5;2;0;0;1;0;1;0;0;0
215701;11;11;11200513;2021;9;12;5;3;5;7;0;0;1;0;0;0;0;0
215700;11;3;3500936;2021;9;9;3;3;4;5;0;1;0;0;0;1;0;0
215699;11;1;1401045;2021;9;14;2;3;5;2;0;1;0;0;0;0;1;0
215698;11;7;7601236;2021;9;14;5;3;5;3;0;1;1;0;0;0;0;0
215697;11;11;11300721;2021;9;10;2;2;0;2;0;0;1;0;1;0;0;0
215696;11;1;1100101;2021;9;18;1;3;1;5;0;0;1;0;0;0;1;0
215695;11;11;11501340;2021;8;22;7;3;2;6;2;1;1;0;0;0;0;0
215694;11;1;1200628;2021;9;9;5;3;2;6;0;0;1;0;1;0;0;0
215693;11;1;1200628;2021;9;9;6;3;5;3;0;1;1;0;0;0;0;0
215692;11;7;7400826;2021;9;9;5;3;5;3;0;0;1;0;1;0;0;0
215691;11;8;8200726;2021;9;14;5;3;5;3;0;1;1;0;0;0;0;0
215690;11;3;3701660;2021;8;9;6;3;6;4;0;0;1;1;0;0;0;1
215689;11;2;2300316;2021;8;7;3;2;0;5;0;1;1;0;0;0;0;0
215688;11;2;2500834;2021;9;18;1;3;6;7;0;1;0;1;0;0;0;0
215687;11;3;3400723;2021;9;13;6;3;5;3;0;0;1;0;0;0;1;0
215686;11;12;12400723;2021;9;10;4;3;9;1;0;0;1;0;0;0;0;0
215685;11;6;6400841;2021;9;18;3;3;5;3;0;1;1;0;0;0;0;0
215684;11;4;4300622;2021;8;20;1;2;5;3;2;0;1;0;0;0;1;1
215683;11;12;12200414;2021;9;20;3;3;0;7;1;0;1;0;0;0;0;0
215682;11;3;3601244;2021;9;15;3;3;6;4;0;0;1;1;0;0;0;0
215681;11;12;12100204;2021;8;14;2;3;6;4;0;0;1;1;0;0;0;0
215680;11;2;2300314;2021;9;18;6;3;1;5;0;1;1;0;0;0;0;1
215679;11;7;7300516;2021;9;16;1;3;1;5;0;1;1;0;0;0;0;0
215678;11;5;5100210;2021;9;5;5;3;2;6;1;0;1;0;1;0;0;1
215677;11;4;4501042;2021;8;19;2;3;5;2;0;0;1;0;1;0;0;1
215676;11;2;2300316;2021;9;6;5;3;6;4;0;0;1;1;0;0;0;0
215675;11;9;9301228;2021;8;1;7;3;9;1;2;0;1;0;0;0;0;1
215674;11;4;4400726;2021;9;8;2;3;2;6;0;0;0;0;1;0;1;0
215673;11;4;4300416;2021;9;13;1;3;1;5;0;0;1;0;1;0;0;0
215672;11;6;6400841;2021;8;11;3;3;1;1;0;1;1;0;0;0;0;0
215671;11;3;3400721;2021;9;20;6;3;0;2;2;1;1;0;0;0;0;0
215670;11;8;8100419;2021;10;18;6;3;5;3;0;1;0;0;0;0;1;0
215669;11;9;9100407;2021;9;15;3;2;5;2;0;1;1;0;0;0;0;0
215668;11;12;12500825;2021;9;16;5;3;6;7;0;0;1;1;0;0;0;0
215667;11;2;2100105;2021;9;18;3;3;5;3;0;0;0;0;1;0;1;0
215666;11;7;7400720;2021;9;15;2;3;0;4;0;0;0;1;1;0;0;0
215665;11;6;6200422;2021;9;13;5;3;2;6;0;0;1;0;0;0;0;0
215664;11;7;7400823;2021;9;18;3;3;5;2;1;0;1;0;1;0;0;0
215663;11;8;8100314;2021;9;17;3;3;6;4;0;0;0;1;0;0;1;0
215662;11;11;11300721;2021;8;7;2;2;0;1;0;0;0;0;0;0;1;1
215661;11;1;1100102;2021;9;11;6;3;5;2;0;0;1;0;1;0;0;0
215660;11;7;7601544;2021;9;17;7;3;1;5;2;1;1;0;0;0;0;1
215659;11;7;7400927;2021;9;14;5;3;3;6;0;0;1;0;1;1;0;0
215658;11;6;6300524;2021;9;14;4;3;5;3;0;1;1;0;0;0;0;1
215657;11;11;11300616;2021;8;14;7;3;2;6;0;0;1;0;0;0;0;0
215656;11;2;2300419;2021;9;22;7;3;5;7;2;1;1;0;0;0;0;0
215655;11;5;5100209;2021;9;18;1;2;5;3;0;0;1;0;0;0;0;0
215654;11;2;2300417;2021;8;10;3;3;1;5;0;0;1;0;0;1;0;0
215653;11;5;5100208;2021;9;16;5;3;0;2;0;0;0;0;1;0;1;0
215652;11;3;3300516;2021;9;16;6;3;2;6;0;0;1;0;1;0;0;0
215651;11;2;2200212;2021;10;21;6;3;0;1;2;1;0;0;0;0;0;0
215650;11;2;2200210;2021;9;18;3;3;2;6;1;1;1;0;0;1;0;0
215649;11;4;4300623;2021;9;20;4;3;0;1;1;0;0;0;0;0;1;0
215648;11;3;3701556;2021;9;12;3;3;0;1;0;1;0;0;0;0;0;1
215647;11;10;10100311;2021;8;15;2;2;5;2;0;0;1;0;0;0;1;0
215646;11;7;7100204;2021;9;8;6;3;1;5;0;1;1;0;0;0;0;0
215645;11;3;3100103;2021;8;14;2;3;5;3;0;0;1;0;0;0;0;1
215644;11;10;10400941;2021;9;13;2;3;5;3;0;1;1;0;0;0;0;0
215643;11;1;1200522;2021;9;20;7;3;5;3;2;1;1;0;0;0;0;1
215642;11;8;8100310;2021;8;15;3;3;3;6;0;1;1;0;0;0;0;0
215641;11;2;2300418;2021;9;15;5;3;6;7;0;0;0;1;0;0;1;0
215640;11;4;4400726;2021;9;21;7;3;2;6;2;0;1;0;0;0;0;0
215639;11;8;8100419;2021;8;11;6;3;1;5;0;1;1;0;0;0;0;0
215638;11;1;1300836;2021;9;18;5;3;5;3;0;1;0;0;0;0;0;0
215637;11;9;9300920;2021;9;11;6;3;5;3;0;0;1;0;0;0;0;0
215636;11;7;7100102;2021;9;11;4;3;0;3;0;0;1;0;1;0;0;0
215635;11;5;5100210;2021;9;19;4;3;6;4;1;1;0;1;0;0;0;1