OBJECTID;LAND;BEZ;LOR_ab_2021;UJAHR;UMONAT;USTUNDE;UWOCHENTAG;UKATEGORIE;UART;UTYP1;ULICHTVERH;IstRad;IstPKW;IstFuss;IstKrad;IstGkfz;IstSonstige;USTRZUSTAND
215634;11;4;4501153;2021;8;16;5;3;5;2;0;0;1;0;0;0;0;0
215633;11;1;1200626;2021;8;12;3;3;5;3;0;1;1;0;0;0;0;0
215632;11;5;5300737;2021;9;15;7;3;0;6;0;0;1;0;0;0;1;0
215631;11;1;1400938;2021;9;18;4;2;1;5;0;0;1;0;0;0;0;0
215630;11;1;1200521;2021;9;11;3;3;0;1;0;0;0;0;0;0;1;0
215629;11;1;1100309;2021;9;9;7;3;1;5;0;1;1;0;0;0;0;1
215628;11;9;9200510;2021;9;20;4;2;4;6;2;0;1;0;0;0;0;0
215627;11;11;11401137;2021;9;13;2;3;2;2;0;1;1;0;0;0;0;0
215626;11;1;1100312;2021;9;9;5;3;5;2;0;1;1;0;0;0;0;0
215625;11;10;10100312;2021;9;10;2;3;9;1;0;0;1;0;0;0;0;0
215624;11;10;10100312;2021;8;19;2;2;5;2;0;0;1;0;0;0;0;0
215623;11;7;7501134;2021;9;7;5;3;1;5;0;1;1;0;0;0;0;0
215622;11;11;11300725;2021;9;18;6;3;1;5;1;0;1;0;0;0;1;0
215621;11;1;1300733;2021;9;13;5;2;1;5;0;1;1;0;0;0;0;0
215620;11;2;2400625;2021;9;18;5;2;5;3;0;0;0;0;1;0;0;0
215619;11;7;7100101;2021;8;18;6;3;2;6;1;0;1;0;0;0;0;1
215618;11;1;1100311;2021;8;13;4;3;5;3;0;0;0;0;0;0;1;0
215617;11;6;6300631;2021;9;4;1;3;0;7;2;0;1;0;0;0;0;0
215616;11;8;8100209;2021;9;16;5;3;5;2;0;0;1;0;1;0;0;0
215615;11;3;3500936;2021;9;9;4;3;0;7;0;1;0;0;0;0;0;0
215614;11;3;3100103;2021;9;18;2;2;5;3;0;0;1;0;0;0;0;0
215613;11;12;12200309;2021;8;7;1;3;5;3;0;0;1;0;0;0;1;1
215612;11;5;5100316;2021;9;13;3;3;2;6;0;0;1;0;0;0;0;0
215611;11;2;2400624;2021;9;18;3;3;0;1;0;0;0;0;1;0;0;0
215610;11;8;8100209;2021;8;16;3;3;2;3;0;1;1;0;0;0;0;0
215609;11;7;7601546;2021;9;14;6;2;0;1;0;0;1;0;0;0;0;0
215608;11;4;4300622;2021;9;8;5;3;5;2;0;1;1;0;0;0;0;0
215607;11;7;7501029;2021;8;7;2;3;5;3;0;0;1;0;0;0;0;1
215606;11;5;5100315;2021;8;16;1;3;6;4;0;0;0;1;0;0;1;1
215605;11;2;2100102;2021;9;14;2;2;1;5;0;1;0;0;0;0;1;0
215604;11;7;7300516;2021;9;12;1;3;1;5;0;1;1;0;0;0;0;0
215603;11;3;3100103;2021;8;7;3;2;5;3;0;1;1;0;0;0;0;1
215602;11;4;4300620;2021;9;22;6;2;6;4;2;0;0;1;1;0;0;0
215601;11;11;11300724;2021;10;14;6;3;0;3;0;0;1;0;0;0;1;0
215600;11;1;1300835;2021;9;16;3;3;5;2;0;1;1;0;0;0;0;0
215599;11;1;1100416;2021;9;13;3;3;0;5;0;0;1;0;1;0;0;0
215598;11;4;4501042;2021;9;12;3;3;0;5;0;0;1;0;1;0;0;1
215597;11;11;11401137;2021;8;16;5;3;5;3;0;1;1;0;0;0;0;0
215596;11;5;5100314;2021;8;17;3;3;1;5;0;1;1;0;0;0;0;0
215595;11;12;12100205;2021;9;17;6;3;2;6;0;0;1;0;1;0;0;0
215594;11;8;8200832;2021;9;15;4;3;2;6;0;0;1;0;0;0;0;0
215593;11;5;5100208;2021;9;5;3;3;5;3;1;1;1;0;0;0;0;0
215592;11;2;2100104;2021;9;21;6;3;2;6;2;0;1;0;0;0;0;0
215591;11;1;1401043;2021;9;14;4;3;5;2;0;0;1;0;1;0;0;0
215590;11;7;7400823;2021;9;16;5;2;2;6;0;0;1;0;1;0;0;0
215589;11;6;6400844;2021;9;11;7;3;5;7;0;0;1;0;1;0;0;0
215588;11;1;1100312;2021;8;21;7;3;5;2;2;1;1;0;0;0;0;0
215587;11;3;3300413;2021;9;15;5;3;2;6;0;0;1;0;0;0;0;0
215586;11;2;2300419;2021;9;17;5;3;4;6;0;1;0;0;0;0;0;0
215585;11;1;1100308;2021;9;8;4;3;3;2;0;1;1;0;0;0;0;1
215584;11;9;9401329;2021;9;12;4;3;5;3;0;1;1;0;0;0;0;1
215583;11;2;2400521;2021;8;6;6;2;0;1;0;1;0;0;0;0;0;1
215582;11;2;2300314;2021;8;17;4;3;5;3;0;0;1;0;1;0;0;0
215581;11;1;1100311;2021;9;18;6;3;5;7;0;0;1;0;0;0;1;0
215580;11;3;3500933;2021;9;17;4;3;2;6;0;0;1;0;0;0;0;0
215579;11;7;7400825;2021;9;13;4;3;0;5;0;0;1;0;0;0;1;0
215578;11;3;3500934;2021;9;22;3;3;6;7;2;0;0;1;0;0;1;0
215577;11;1;1100309;2021;8;17;2;3;6;4;0;1;0;1;0;0;0;0
215576;11;11;11300617;2021;9;15;6;3;3;6;0;0;1;0;0;0;0;0
215575;11;1;1400937;2021;9;15;3;3;5;2;0;0;1;0;0;0;0;0
215574;11;10;10100314;2021;9;14;7;3;5;3;0;1;0;0;0;0;0;0
215573;11;9;9100101;2021;9;9;4;3;0;1;0;1;0;0;0;0;0;0
215572;11;2;2100105;2021;9;18;5;3;6;7;0;0;1;1;0;0;0;0
215571;11;9;9200511;2021;9;10;1;3;5;3;0;0;1;0;0;0;0;0
215570;11;6;6200423;2021;8;13;1;3;5;3;0;0;1;0;0;0;0;1
215569;11;4;4300414;2021;9;16;5;3;1;5;0;1;1;0;0;0;0;0
215568;11;1;1300732;2021;9;7;5;3;0;2;0;1;0;0;0;0;1;0
215567;11;6;6400843;2021;9;11;3;3;5;2;0;0;1;0;0;0;0;0
215566;11;5;5200630;2021;9;15;4;3;5;3;0;0;1;0;0;0;1;0
215565;11;12;12500929;2021;8;20;5;2;6;4;2;0;1;1;0;0;0;1
215564;11;4;4200207;2021;8;12;3;3;1;5;0;1;1;0;0;0;0;0
215563;11;1;1100308;2021;9;21;6;3;6;2;2;0;1;1;0;0;0;0
215562;11;2;2300419;2021;9;17;5;2;0;7;0;1;0;0;0;0;0;0
215561;11;3;3500936;2021;9;13;4;3;1;5;0;1;1;0;0;0;0;0
215560;11;7;7601544;2021;9;12;1;3;2;2;0;0;1;0;0;0;0;0
215559;11;10;10200421;2021;9;17;4;3;5;3;0;1;1;0;0;0;0;0
215558;11;6;6100207;2021;9;17;2;3;0;1;0;0;0;0;0;0;1;0
215557;11;2;2100102;2021;9;4;1;3;5;3;2;1;1;0;0;0;0;0
215556;11;10;10200418;2021;8;14;1;3;5;2;0;0;1;0;0;0;0;1
215555;11;8;8100310;2021;9;16;5;3;2;6;0;1;0;0;0;0;1;0
215554;11;3;3500932;2021;9;7;6;3;0;6;0;0;0;0;1;0;1;1
215553;11;9;9200511;2021;9;17;4;3;5;3;0;0;1;0;0;0;0;1
215552;11;9;9100304;2021;9;9;5;3;2;2;0;0;1;0;0;0;0;0
215551;11;3;3500936;2021;8;14;6;3;1;5;0;1;1;0;0;0;0;1
215550;11;3;3200207;2021;8;19;4;3;2;6;0;0;1;0;0;0;0;0
215549;11;1;1100415;2021;9;14;7;3;5;2;0;1;1;0;0;0;0;0
215548;11;4;4400833;2021;9;8;5;3;5;3;0;0;1;0;1;0;0;0
215547;11;8;8100415;2021;9;17;6;3;1;5;0;0;1;0;0;0;0;0
215546;11;2;2300315;2021;9;17;4;3;5;3;0;1;1;0;0;0;0;0
215545;11;1;1400942;2021;9;13;2;3;5;3;0;0;1;0;0;0;1;0
215544;11;11;11100309;2021;9;17;3;3;5;2;0;0;1;0;1;0;0;0
215543;11;1;1100101;2021;9;22;2;3;5;3;2;0;1;0;0;0;0;1
215542;11;1;1100207;2021;8;17;2;3;5;2;0;1;0;0;0;0;0;0
215541;11;7;7400927;2021;9;15;6;3;5;3;0;0;1;0;0;0;0;1
215540;11;1;1100415;2021;9;21;4;3;2;5;2;0;1;0;1;0;0;0
215539;11;2;2500831;2021;8;9;2;3;5;3;0;1;1;0;0;0;0;1
215538;11;8;8100310;2021;8;11;6;3;5;3;0;1;1;0;0;0;0;0
215537;11;4;4300623;2021;9;17;2;3;2;7;0;1;1;0;0;0;0;0
215536;11;4;4500937;2021;9;13;7;3;1;5;0;0;1;0;0;0;0;0
215535;11;12;12200515;2021;8;9;3;3;3;6;0;1;0;0;1;0;0;0
215534;11;8;8100102;2021;9;20;6;3;5;7;2;0;1;0;1;0;0;0
215533;11;9;9200819;2021;10;14;6;3;0;1;0;1;0;0;0;0;0;0
215532;11;4;4501150;2021;9;18;3;3;5;2;0;1;1;0;0;0;0;0
215531;11;4;4400835;2021;9;22;4;3;5;3;2;0;1;0;1;0;0;0
215530;11;6;6100205;2021;9;15;3;3;6;4;0;0;1;1;0;0;0;0
215529;11;3;3300516;2021;8;7;5;3;6;4;0;0;1;1;0;0;0;0
215528;11;7;7601544;2021;8;15;3;3;2;6;0;0;0;0;1;0;1;0
215527;11;6;6400844;2021;9;19;6;3;1;1;1;1;1;0;0;0;0;0
215526;11;5;5100211;2021;9;15;4;3;6;4;0;0;1;1;0;0;0;0
215525;11;4;4200311;2021;9;16;3;3;0;1;0;1;0;0;0;0;0;0
215524;11;5;5200527;2021;9;17;2;3;5;7;0;0;1;0;0;0;1;0
215523;11;6;6400735;2021;9;11;4;3;5;3;0;0;1;0;0;0;0;0
215522;11;12;12100101;2021;9;12;7;3;2;2;0;0;1;0;0;0;0;1
215521;11;4;4300623;2021;8;20;7;2;6;7;0;0;0;1;0;0;1;0
215520;11;1;1200518;2021;9;12;5;2;5;7;0;0;1;0;1;0;0;0
215519;11;12;12100103;2021;9;13;6;3;6;4;0;0;1;1;0;0;0;0
215518;11;11;11200514;2021;9;16;4;2;2;6;0;0;1;0;0;0;0;1
215517;11;1;1400938;2021;9;15;4;3;2;6;0;0;1;0;0;0;1;1
215516;11;9;9100409;2021;8;5;6;3;2;6;2;0;1;0;0;0;0;1
215515;11;3;3701657;2021;8;14;4;3;5;3;0;1;0;0;1;0;0;0
215514;11;9;9200715;2021;9;7;6;3;5;2;0;1;1;0;0;0;0;0
215513;11;9;9501736;2021;9;8;5;3;2;6;0;0;1;0;0;0;0;0
215512;11;7;7100206;2021;9;21;3;2;3;6;2;0;1;0;1;0;0;0
215511;11;7;7601546;2021;9;12;2;3;6;7;0;0;0;1;0;0;1;0
215510;11;3;3400721;2021;9;18;5;2;6;4;0;0;1;1;0;0;0;0
215509;11;12;12100204;2021;9;15;2;3;0;4;0;0;0;1;1;0;0;0
215508;11;12;12601031;2021;9;15;1;3;3;2;0;0;1;0;1;0;0;0
215507;11;4;4200311;2021;8;10;2;3;3;6;0;0;1;0;0;0;0;1
215506;11;3;3601450;2021;9;7;5;3;6;2;0;0;0;1;0;0;1;0
215505;11;12;12200412;2021;9;18;6;3;5;2;0;0;1;0;1;0;0;0
215504;11;1;1300835;2021;9;19;4;3;0;1;2;0;0;0;1;0;0;1
215503;11;11;11200515;2021;9;10;5;3;0;5;0;0;0;0;0;0;1;0
215502;11;6;6400737;2021;8;13;7;2;2;7;0;1;1;0;0;0;0;0
215501;11;8;8100209;2021;8;16;4;3;5;2;0;1;1;0;0;0;0;0
215500;11;2;2200209;2021;9;1;7;2;5;2;2;1;1;0;0;0;0;0
215499;11;9;9501940;2021;9;11;7;3;5;2;0;0;1;0;1;0;0;1
215498;11;1;1100101;2021;9;13;3;3;5;3;0;0;1;0;0;0;0;0
215497;11;9;9501737;2021;9;19;2;3;6;7;1;0;1;1;0;0;0;0
215496;11;7;7400824;2021;9;9;3;3;1;5;0;1;1;0;0;0;0;0
215495;11;8;8100312;2021;8;13;2;3;1;5;0;1;1;0;0;0;0;1
215494;11;9;9200819;2021;9;18;6;3;2;6;0;0;1;0;0;0;0;1
215493;11;8;8100311;2021;9;8;4;3;2;6;0;0;1;0;0;0;0;0
215492;11;6;6100204;2021;9;7;3;3;1;5;0;1;1;0;0;0;0;0
215491;11;8;8100311;2021;9;2;2;3;0;7;2;0;1;0;0;0;0;0
215490;11;8;8100310;2021;9;20;4;3;5;3;2;0;1;0;1;0;0;0
215489;11;2;2300419;2021;9;23;2;3;1;1;2;0;1;0;0;0;0;0
215488;11;1;1100207;2021;9;13;2;3;5;2;0;1;1;0;0;0;0;0
215487;11;8;8100418;2021;8;19;1;3;5;3;0;0;1;0;1;0;0;1
215486;11;1;1401047;2021;9;15;5;3;6;7;0;1;0;1;0;0;0;0
215485;11;11;11100101;2021;9;0;7;2;8;1;2;0;0;0;1;0;0;0
215484;11;3;3400826;2021;9;12;5;3;5;3;0;1;1;0;0;0;0;0
215483;11;8;8300935;2021;9;21;5;3;5;2;2;0;1;0;0;0;0;0
215482;11;12;12100206;2021;8;16;7;3;5;2;0;0;1;0;0;0;0;0
215481;11;12;12200411;2021;8;16;4;3;1;5;0;1;1;0;0;0;0;0
215480;11;1;1100313;2021;9;14;7;3;5;3;0;1;1;0;0;0;0;0
215479;11;2;2500831;2021;9;18;6;3;0;6;1;1;1;0;0;0;0;0
215478;11;4;4300517;2021;9;7;4;3;5;3;0;0;1;0;1;0;0;0
215477;11;12;12500930;2021;9;16;2;3;5;2;0;0;1;0;0;0;1;0
215476;11;4;4500939;2021;9;9;3;3;5;2;0;0;1;0;0;0;1;0
215475;11;4;4300414;2021;9;9;2;3;5;2;0;1;1;0;0;0;0;0
215474;11;1;1300732;2021;8;14;2;3;5;3;0;1;1;0;0;0;0;0
215473;11;4;4501042;2021;9;19;6;3;2;6;1;0;1;0;0;0;1;1
215472;11;1;1100309;2021;9;20;4;3;1;5;2;0;1;0;1;0;0;0
215471;11;1;1200624;2021;8;12;2;3;5;2;0;1;0;0;0;1;0;1
215470;11;1;1100102;2021;8;15;5;2;5;3;0;1;1;0;0;0;0;0
215469;11;4;4300623;2021;9;16;2;3;6;4;0;1;0;1;0;0;0;0
215468;11;1;1401047;2021;9;19;6;3;5;3;0;0;1;0;0;0;0;0
215467;11;1;1100414;2021;8;19;3;3;1;5;1;1;1;0;0;0;0;0
215466;11;8;8100208;2021;9;14;7;2;1;5;0;1;1;0;0;0;0;0
215465;11;5;5100315;2021;9;6;5;2;1;5;0;0;1;0;1;0;0;0
215464;11;4;4501042;2021;8;12;5;3;1;5;0;1;1;0;0;0;0;0
215463;11;5;5200420;2021;9;20;3;2;3;6;2;0;1;0;1;0;0;0
215462;11;1;1100310;2021;9;12;3;3;2;6;0;0;1;0;1;0;0;1
215461;11;1;1300834;2021;8;5;5;3;2;2;1;1;1;0;0;0;0;1
215460;11;9;9301025;2021;8;17;3;3;5;3;0;1;1;0;0;0;0;0
215459;11;1;1200521;2021;9;15;6;3;6;4;0;1;0;1;0;0;0;0
215458;11;12;12100205;2021;9;9;5;2;5;2;0;0;0;0;0;0;1;0
215457;11;2;2300314;2021;9;16;3;3;5;2;0;0;1;0;1;0;0;0
215456;11;4;4501040;2021;9;19;1;3;0;6;2;0;1;0;0;0;1;0
215455;11;1;1100415;2021;9;18;4;3;2;2;0;1;1;0;0;0;0;0
215454;11;10;10400835;2021;9;16;2;3;5;3;0;0;1;0;0;0;0;0
215453;11;10;10200627;2021;9;17;1;3;5;5;0;1;1;0;0;0;0;0
215452;11;3;3601245;2021;8;18;7;3;9;1;0;0;1;0;0;0;0;0
215451;11;9;9200716;2021;9;6;6;3;3;2;1;0;1;0;1;0;0;0
215450;11;1;1100415;2021;9;6;6;3;0;1;1;0;0;0;1;0;0;1
215449;11;12;12601133;2021;9;18;4;3;5;3;0;0;1;0;0;0;0;1
215448;11;12;12200414;2021;9;21;4;3;0;7;2;0;0;0;1;0;0;0
215447;11;6;6200316;2021;8;7;6;3;2;6;0;0;1;0;0;0;0;1
215446;11;8;8401242;2021;8;14;4;3;5;3;0;1;1;0;0;0;0;0
215445;11;3;3100101;2021;9;16;6;3;2;1;0;0;1;0;0;0;0;0
215444;11;6;6100205;2021;9;12;6;3;6;4;0;1;0;1;0;0;0;0
215443;11;4;4400830;2021;9;12;3;3;5;3;0;1;1;0;0;0;0;0
215442;11;1;1300733;2021;9;14;2;3;0;7;0;0;0;0;1;0;0;0
215441;11;8;8200730;2021;9;11;5;3;5;7;0;0;1;0;1;0;0;0
215440;11;4;4200309;2021;9;15;3;3;5;3;0;0;1;0;0;0;0;0
215439;11;3;3200309;2021;9;10;3;3;1;5;0;1;1;0;0;0;0;1
215438;11;2;2400625;2021;8;12;1;3;3;6;0;1;0;0;0;0;0;0
215437;11;12;12500824;2021;9;17;6;3;2;6;0;0;1;0;0;0;0;1
215436;11;1;1400938;2021;9;5;1;2;5;3;2;0;1;0;0;0;0;0
215435;11;4;4501149;2021;9;13;5;3;5;2;0;0;0;0;0;0;1;0
215434;11;5;5200528;2021;9;15;5;2;5;5;0;0;1;0;1;0;0;0
215433;11;4;4500937;2021;9;14;6;2;5;2;0;1;0;0;0;0;1;0
215432;11;9;9200512;2021;8;15;7;3;1;5;0;1;1;0;0;0;0;0
215431;11;11;11300721;2021;8;7;4;2;0;1;0;1;0;0;0;0;0;0
215430;11;3;3200309;2021;9;15;1;3;2;6;0;0;1;0;1;0;0;0
215429;11;4;4501041;2021;9;21;7;3;0;6;2;0;1;0;0;0;1;0
215428;11;9;9100306;2021;8;5;3;3;5;2;1;1;0;0;0;0;1;1
215427;11;12;12500824;2021;9;23;6;3;5;3;2;0;1;0;0;0;1;0
215426;11;4;4200311;2021;10;8;6;3;2;6;0;0;1;0;1;0;0;0
215425;11;4;4501152;2021;9;14;3;3;5;2;0;1;1;0;0;0;0;0
215424;11;1;1100308;2021;9;8;4;3;5;3;0;1;1;0;0;0;0;0
215423;11;5;5200629;2021;9;20;3;3;6;2;2;0;1;1;0;0;0;0
215422;11;1;1100102;2021;8;14;2;3;0;1;0;0;0;0;1;0;0;0
215421;11;5;5100210;2021;9;7;6;3;5;2;0;1;1;0;0;0;0;0
215420;11;11;11100204;2021;8;13;2;3;5;3;0;0;1;0;0;0;0;1
215419;11;12;12100204;2021;8;7;6;3;5;3;0;1;1;0;0;0;0;1
215418;11;8;8100310;2021;9;19;2;3;2;6;0;0;1;0;0;0;1;0
215417;11;1;1200625;2021;9;3;7;3;5;3;2;0;1;0;0;0;1;0
215416;11;11;11300722;2021;9;10;4;3;1;5;0;1;1;0;0;0;0;0
215415;11;3;3400827;2021;9;13;1;3;0;7;0;0;0;0;1;0;0;1
215414;11;9;9300920;2021;8;11;6;3;2;6;0;0;1;0;0;0;1;0
215413;11;2;2100103;2021;9;15;4;3;5;3;0;1;1;0;0;0;0;0
215412;11;5;5300838;2021;9;12;6;3;8;1;0;0;0;0;0;0;1;0
215411;11;8;8301037;2021;9;15;4;3;5;3;0;1;1;0;0;0;0;1
215410;11;3;3300516;2021;9;15;4;3;5;3;0;1;1;0;0;0;0;1
215409;11;10;10200524;2021;8;17;5;3;2;6;0;0;1;0;0;0;0;1
215408;11;4;4300620;2021;8;16;3;3;2;6;0;0;1;0;0;0;0;0
215407;11;1;1400938;2021;9;19;7;2;0;1;1;0;0;0;0;0;1;0
215406;11;12;12500825;2021;9;15;4;3;2;2;0;1;0;0;0;0;1;0
215405;11;6;6200313;2021;9;15;3;3;1;5;0;1;1;0;0;0;0;0
215404;11;7;7100102;2021;9;3;1;3;1;5;2;0;1;0;0;0;1;0
215403;11;8;8100105;2021;8;10;2;3;2;6;0;0;1;0;0;0;0;1
215402;11;9;9301025;2021;8;15;6;3;5;3;0;1;1;0;0;0;0;0
215401;11;12;12200308;2021;9;14;2;2;6;4;0;0;1;1;0;0;0;0
215400;11;1;1200625;2021;9;10;7;3;5;2;0;1;1;0;0;0;0;1
215399;11;1;1401047;2021;8;16;3;3;2;7;0;0;1;0;0;0;0;0
215398;11;12;12400720;2021;9;19;1;3;5;3;2;0;1;0;0;0;0;0
215397;11;12;12100102;2021;8;20;6;3;1;1;2;0;1;0;1;0;0;0
215396;11;1;1400938;2021;9;17;5;3;1;5;0;1;1;0;0;0;0;0
215395;11;2;2400625;2021;9;16;5;3;5;2;0;1;1;0;0;0;0;0
215394;11;4;4501041;2021;9;14;4;3;5;2;0;0;1;0;1;0;0;0
215393;11;8;8100415;2021;9;8;4;2;6;2;0;0;0;1;0;0;1;0
215392;11;7;7400824;2021;8;22;4;3;5;2;2;0;1;0;0;0;0;1
215391;11;3;3400725;2021;8;13;3;3;5;2;0;1;1;0;0;0;0;0
215390;11;1;1100309;2021;9;11;6;3;5;3;0;0;1;0;0;0;0;0
215389;11;8;8100520;2021;9;22;5;3;6;4;2;0;1;1;0;0;0;1
215388;11;11;11400929;2021;9;16;3;3;5;5;0;0;1;0;1;0;0;0
215387;11;3;3601243;2021;9;6;2;3;5;3;0;1;1;0;0;0;0;0
215386;11;9;9100408;2021;9;15;5;3;5;2;0;1;1;0;0;0;0;0
215385;11;2;2100102;2021;9;10;2;3;0;6;0;0;1;0;1;0;0;0
215384;11;4;4200308;2021;9;15;5;3;2;6;0;0;1;0;1;0;0;0
215383;11;8;8100208;2021;9;11;1;3;1;5;0;1;1;0;0;0;0;0
215382;11;2;2200209;2021;8;12;7;3;2;2;0;0;1;0;1;0;0;0
215381;11;2;2200209;2021;9;23;5;3;4;6;2;1;0;0;0;0;1;0
215380;11;5;5200631;2021;9;14;7;3;2;6;0;0;1;0;1;0;0;1
215379;11;1;1400938;2021;9;20;4;3;0;6;2;0;1;0;1;0;0;1
215378;11;5;5200525;2021;9;19;4;3;2;6;2;0;1;0;0;0;0;1
215377;11;1;1300733;2021;8;17;6;3;5;2;0;1;1;0;0;0;0;0
215376;11;10;10100316;2021;9;12;6;3;2;6;0;0;1;0;1;0;0;0
215375;11;3;3601142;2021;8;18;4;2;0;7;0;0;0;0;0;0;1;0
215374;11;5;5100316;2021;9;9;7;3;4;6;0;0;0;0;0;0;1;0
215373;11;3;3500932;2021;9;11;6;2;0;1;0;0;1;0;0;0;0;0
215372;11;3;3601140;2021;9;12;3;3;2;4;0;0;1;1;0;0;0;0
215371;11;2;2400521;2021;9;14;2;3;5;2;0;1;0;0;0;0;1;0
215370;11;3;3200205;2021;8;9;2;3;0;2;0;1;0;0;1;0;0;1
215369;11;10;10100313;2021;9;19;2;3;2;6;2;0;1;0;0;0;0;0
215368;11;7;7400927;2021;9;10;3;3;5;3;0;0;1;0;0;0;0;1
215367;11;2;2500830;2021;8;12;2;3;1;1;0;0;0;0;0;0;1;1
215366;11;8;8301037;2021;9;16;6;3;1;5;1;0;1;0;0;0;0;1
215365;11;10;10100205;2021;9;14;1;3;0;3;0;0;1;0;0;0;1;0
215364;11;4;4501152;2021;9;15;5;3;5;2;0;0;1;0;1;0;0;0
215363;11;11;11400931;2021;8;16;2;3;2;7;0;0;1;0;0;0;0;1
215362;11;1;1100309;2021;8;18;7;2;6;2;0;1;0;1;0;0;0;1
215361;11;3;3400725;2021;9;7;2;3;2;3;0;1;1;0;0;0;0;0
215360;11;9;9401329;2021;9;10;1;3;5;3;0;1;1;0;0;0;0;0
215359;11;8;8200831;2021;8;9;3;3;0;2;0;1;1;0;0;0;0;1
215358;11;7;7300619;2021;9;15;6;3;3;6;0;1;1;0;0;0;0;0
215357;11;11;11300620;2021;10;19;6;3;5;3;2;0;1;0;0;0;0;0
215356;11;6;6300632;2021;9;15;3;3;5;2;0;1;1;0;0;0;0;0
215355;11;11;11100102;2021;9;10;3;3;2;6;0;0;1;0;0;0;0;0
215354;11;1;1100416;2021;9;12;3;2;0;1;0;1;0;0;0;0;0;1
215353;11;6;6300525;2021;8;17;3;3;5;3;2;0;1;0;1;0;0;0
215352;11;8;8401139;2021;9;18;6;3;3;6;0;1;1;0;0;0;0;0
215351;11;6;6300633;2021;9;8;3;3;5;2;0;1;1;0;0;0;0;0
215350;11;1;1100207;2021;9;22;6;3;5;3;2;0;1;0;0;0;0;1
215349;11;1;1100416;2021;9;9;4;3;5;2;0;1;1;0;0;0;0;0
215348;11;12;12500824;2021;9;15;5;3;6;7;0;0;0;1;0;0;1;0
215347;11;11;11100206;2021;9;12;7;3;1;5;0;1;1;0;0;0;0;0
215346;11;11;11300722;2021;8;17;7;3;5;2;0;0;1;0;1;0;0;0
215345;11;2;2100104;2021;9;17;5;3;5;2;0;0;1;0;1;0;0;0
215344;11;1;1100103;2021;9;7;5;3;5;3;0;1;1;0;0;0;0;0
215343;11;12;12100205;2021;9;14;3;3;5;3;0;1;1;0;0;0;0;0
215342;11;2;2300315;2021;9;12;4;2;5;3;0;0;1;0;1;0;0;1
215341;11;12;12200308;2021;8;14;5;3;6;4;0;0;1;1;0;0;0;1
215340;11;4;4200206;2021;8;12;3;3;5;3;0;0;1;0;1;0;0;0
215339;11;12;12100205;2021;9;20;7;3;2;6;2;1;1;0;0;0;0;0
215338;11;2;2500836;2021;9;16;5;3;6;7;0;0;0;1;0;0;1;0
215337;11;4;4501040;2021;9;11;3;3;0;4;0;0;0;1;0;0;1;0
215336;11;9;9200510;2021;9;18;7;3;5;2;0;1;1;0;0;0;0;1
215335;11;8;8100206;2021;9;23;4;3;1;5;2;1;1;0;0;0;0;0
215334;11;5;5100316;2021;9;19;2;3;5;2;1;0;1;0;0;0;0;0
215333;11;4;4300518;2021;9;8;1;2;5;3;0;1;1;0;0;0;0;0
215332;11;2;2500830;2021;8;10;1;3;5;3;0;0;1;0;0;0;1;0
215331;11;8;8100415;2021;9;16;5;3;0;7;0;0;1;0;1;0;0;1
215330;11;1;1200629;2021;9;19;6;3;3;6;2;0;1;0;1;0;0;0
215329;11;11;11200411;2021;9;18;4;2;0;1;0;0;0;0;1;0;0;1
215328;11;12;12200412;2021;9;10;5;3;2;6;0;0;1;0;0;1;0;1
215327;11;8;8100103;2021;8;8;6;3;3;6;0;0;1;0;0;1;0;1
215326;11;5;5100313;2021;8;14;4;2;5;3;0;0;0;0;0;1;1;0
215325;11;5;5200528;2021;9;7;2;3;5;2;0;1;1;0;0;0;0;0
215324;11;8;8100417;2021;8;18;2;3;6;4;1;0;1;1;0;0;0;0
215323;11;4;4501040;2021;9;2;5;2;0;1;2;0;0;0;0;0;1;0
215322;11;5;5100316;2021;9;15;5;3;2;6;0;0;0;0;1;1;0;0
215321;11;6;6100101;2021;9;9;4;3;0;1;0;0;0;0;1;0;0;0
215320;11;2;2200209;2021;9;16;2;3;0;2;0;1;1;0;0;0;0;0
215319;11;1;1100103;2021;8;16;1;3;3;6;0;0;1;0;0;0;0;1
215318;11;11;11200513;2021;9;22;3;2;8;1;2;0;1;0;0;0;0;1
215317;11;2;2200210;2021;9;9;2;3;5;3;0;1;0;0;0;0;1;0
215316;11;1;1100206;2021;8;8;3;3;5;2;0;1;1;0;0;0;0;0
215315;11;7;7400826;2021;9;17;6;3;5;3;1;0;1;0;0;0;0;1
215314;11;6;6100102;2021;9;20;4;2;5;2;1;1;0;0;1;0;0;0
215313;11;2;2100102;2021;8;13;1;2;3;6;0;0;1;0;0;0;0;1
215312;11;3;3601142;2021;9;9;4;3;0;2;0;1;1;0;0;0;0;0
215311;11;4;4501146;2021;9;12;2;3;5;7;0;0;1;0;0;0;0;0
215310;11;10;10100104;2021;9;15;1;3;2;6;0;0;1;0;0;0;0;0
215309;11;11;11100101;2021;8;10;7;2;5;3;0;0;1;0;0;0;0;0
215308;11;4;4300518;2021;9;9;6;3;5;3;0;1;1;0;0;0;0;0
215307;11;10;10200417;2021;9;17;6;3;2;6;0;0;1;0;0;0;0;0
215306;11;8;8100312;2021;9;20;4;3;1;5;2;1;1;0;0;0;0;1
215305;11;1;1100308;2021;9;14;5;3;5;2;0;1;1;0;0;0;0;0
215304;11;11;11300722;2021;8;17;5;3;0;1;0;1;0;0;0;0;0;1