OBJECTID;LAND;BEZ;LOR_ab_2021;UJAHR;UMONAT;USTUNDE;UWOCHENTAG;UKATEGORIE;UART;UTYP1;ULICHTVERH;IstRad;IstPKW;IstFuss;IstKrad;IstGkfz;IstSonstige;USTRZUSTAND
215303;11;7;7601341;2021;8;11;3;2;0;1;0;0;0;0;0;0;1;1
215302;11;3;3601348;2021;9;3;1;3;0;1;2;0;0;0;0;0;1;0
215301;11;4;4500937;2021;9;15;5;3;1;5;0;0;1;0;0;0;1;0
215300;11;5;5300737;2021;9;16;3;3;2;6;0;0;1;0;1;0;0;0
215299;11;1;1100101;2021;9;11;2;3;0;7;0;0;1;0;1;0;0;0
215298;11;10;10200630;2021;8;19;1;3;5;3;2;0;1;0;0;0;0;1
215297;11;8;8100417;2021;9;8;3;3;5;2;0;1;1;0;0;0;0;0
215296;11;3;3400721;2021;9;18;2;3;1;5;1;1;1;0;0;0;0;0
215295;11;11;11501238;2021;8;5;2;3;2;6;1;0;1;0;0;0;0;1
215294;11;1;1200628;2021;9;12;6;2;5;2;0;1;1;0;0;0;0;0
215293;11;5;5200631;2021;9;15;7;3;5;3;0;0;1;0;1;0;0;1
215292;11;2;2200210;2021;9;2;5;2;0;7;2;1;0;0;0;0;0;1
215291;11;4;4501042;2021;8;20;1;3;6;2;2;0;1;1;0;0;0;1
215290;11;9;9100407;2021;10;12;6;2;6;4;0;0;1;1;0;0;0;0
215289;11;1;1401045;2021;8;3;1;3;9;1;2;0;1;0;0;0;0;1
215288;11;9;9300920;2021;9;16;2;3;5;2;0;1;1;0;0;0;0;0
215287;11;7;7601339;2021;9;21;1;2;1;5;2;0;1;0;0;0;1;0
215286;11;5;5200629;2021;8;17;3;2;6;4;0;0;0;1;0;0;1;0
215285;11;4;4501149;2021;9;10;6;3;5;2;0;1;1;0;0;0;0;0
215284;11;3;3200310;2021;9;6;5;3;6;4;1;0;1;1;0;0;0;0
215283;11;5;5100211;2021;9;17;3;3;5;2;0;1;1;0;0;0;0;0
215282;11;8;8100311;2021;9;16;3;3;6;4;0;0;0;1;0;0;1;0
215281;11;9;9100101;2021;9;10;4;3;6;4;0;0;1;1;0;0;0;1
215280;11;8;8100520;2021;8;17;2;3;5;3;0;1;1;0;0;0;0;0
215279;11;7;7501029;2021;9;10;6;2;1;5;0;0;1;0;0;0;0;0
215278;11;2;2200213;2021;9;16;3;3;5;2;0;0;1;0;0;0;1;0
215277;11;1;1300835;2021;9;6;3;3;0;2;0;1;1;0;0;0;0;0
215276;11;6;6200313;2021;9;14;6;2;5;3;0;1;1;0;0;0;0;1
215275;11;3;3601245;2021;9;13;4;2;3;6;0;0;1;0;1;0;0;0
215274;11;4;4501042;2021;9;11;5;3;6;7;0;0;1;1;0;0;0;0
215273;11;8;8100521;2021;9;20;7;3;6;2;2;0;1;1;0;0;0;0
215272;11;9;9501939;2021;8;15;7;3;0;6;0;0;1;0;0;0;1;0
215271;11;4;4501043;2021;9;16;5;3;5;2;0;1;1;0;0;0;0;0
215270;11;7;7100102;2021;9;23;5;3;1;5;2;1;1;0;0;0;0;0
215269;11;8;8300935;2021;9;7;4;3;0;2;0;1;1;0;0;0;0;0
215268;11;6;6200420;2021;9;13;4;3;1;5;0;0;1;0;0;0;0;1
215267;11;5;5200423;2021;8;7;6;3;6;2;0;0;1;1;0;0;0;1
215266;11;1;1100205;2021;8;12;3;3;7;7;0;0;0;0;1;0;0;0
215265;11;4;4300623;2021;9;21;6;2;4;6;2;1;0;0;0;0;1;0
215264;11;11;11400929;2021;9;19;4;3;6;4;2;0;1;1;0;0;0;0
215263;11;6;6300634;2021;9;21;3;3;5;2;2;0;1;0;1;0;0;0
215262;11;3;3601346;2021;9;17;7;3;0;5;0;0;0;1;0;0;1;1
215261;11;1;1401045;2021;9;13;5;3;6;7;0;1;0;1;0;0;0;0
215260;11;1;1200520;2021;9;17;2;3;2;6;0;0;1;0;0;0;0;0
215259;11;4;4300413;2021;9;3;1;3;0;1;2;0;0;0;0;0;1;0
215258;11;5;5100211;2021;8;7;2;3;0;1;0;0;0;0;1;0;0;1
215257;11;1;1100310;2021;9;9;5;3;2;6;0;0;1;0;0;0;1;0
215256;11;4;4300622;2021;9;9;6;3;6;4;0;1;0;1;0;0;0;0
215255;11;1;1100103;2021;9;17;4;3;2;7;0;0;0;0;0;0;1;1
215254;11;6;6400840;2021;9;12;5;2;6;7;0;1;1;1;0;0;0;0
215253;11;5;5300735;2021;8;19;6;3;5;2;0;0;1;0;0;0;0;0
215252;11;6;6200313;2021;8;16;4;2;4;6;0;1;0;0;0;0;1;0
215251;11;11;11300617;2021;9;15;1;3;3;6;0;0;1;0;0;0;1;0
215250;11;9;8100521;2021;9;14;5;3;5;3;0;1;1;0;0;0;0;0
215249;11;3;3500932;2021;9;10;4;3;2;6;0;0;1;0;0;0;0;0
215248;11;6;6200421;2021;9;20;2;3;5;2;1;1;0;0;0;0;1;0
215247;11;3;3500934;2021;9;14;3;3;2;2;0;0;1;0;0;0;0;0
215246;11;8;8401242;2021;9;14;3;3;5;3;0;0;1;0;1;0;0;1
215245;11;7;7300517;2021;8;8;3;3;2;6;0;0;1;0;0;0;0;0
215244;11;11;11300620;2021;9;15;6;2;5;2;0;1;0;0;0;1;0;1
215243;11;4;4300619;2021;9;0;4;3;1;7;2;0;1;0;0;0;0;0
215242;11;3;3601140;2021;8;19;2;2;8;1;2;0;1;0;0;0;0;1
215241;11;12;12200515;2021;8;11;6;3;5;3;0;1;0;0;0;0;1;1
215240;11;2;2100104;2021;9;13;2;3;5;2;0;1;1;0;0;0;0;0
215239;11;10;10300733;2021;9;13;7;3;2;6;0;0;1;0;0;0;0;0
215238;11;7;7400823;2021;9;16;5;3;5;3;0;0;1;0;0;0;0;0
215237;11;1;1200624;2021;9;20;6;3;5;2;2;1;1;0;0;0;0;0
215236;11;10;10200418;2021;9;18;3;2;5;2;0;0;1;0;1;0;0;0
215235;11;2;2500830;2021;9;12;4;3;1;5;0;1;1;0;0;0;0;0
215234;11;5;5400942;2021;9;19;3;3;0;1;1;1;0;0;0;0;0;0
215233;11;1;1300835;2021;8;12;5;2;5;3;0;0;1;0;1;0;0;0
215232;11;3;3601245;2021;8;14;3;3;3;6;0;0;1;0;0;1;0;0
215231;11;8;8401139;2021;9;18;6;3;5;3;0;1;1;0;0;0;0;0
215230;11;12;12200414;2021;9;19;4;3;5;2;2;0;1;0;0;0;0;0
215229;11;6;6100204;2021;9;7;3;3;1;5;0;1;1;0;0;0;0;0
215228;11;1;1100103;2021;9;0;1;3;2;6;2;1;1;0;0;0;0;1
215227;11;8;8100419;2021;9;16;4;3;2;2;0;0;1;0;1;0;0;0
215226;11;2;2200208;2021;9;13;1;3;5;2;0;1;1;0;0;0;0;0
215225;11;6;6300527;2021;8;11;7;3;5;3;0;1;1;0;0;0;0;0
215224;11;12;12400720;2021;9;13;5;3;2;6;0;0;1;0;0;0;0;0
215223;11;3;3701658;2021;8;13;6;3;5;2;0;1;1;0;0;0;0;0
215222;11;6;6400843;2021;9;11;2;2;5;2;0;1;1;0;0;0;0;0
215221;11;8;8100419;2021;9;21;1;3;5;3;2;0;1;0;0;0;0;0
215220;11;2;2200209;2021;8;18;3;3;3;6;0;0;1;0;1;0;0;0
215219;11;10;10100312;2021;9;17;5;3;0;1;0;1;0;0;0;0;0;0
215218;11;7;7200411;2021;9;16;6;3;5;2;0;1;1;0;0;0;0;0
215217;11;6;6300631;2021;10;11;6;2;2;6;0;0;1;0;0;0;0;0
215216;11;1;1100308;2021;9;10;3;3;6;4;0;0;1;1;0;0;0;0
215215;11;1;1100309;2021;9;11;4;3;5;3;0;1;1;0;0;0;0;0
215214;11;11;11400928;2021;9;7;3;3;2;6;0;0;1;0;0;0;0;0
215213;11;8;8200623;2021;8;10;5;3;3;6;0;0;0;0;1;0;1;0
215212;11;1;1100207;2021;8;19;3;3;5;3;1;1;1;0;0;0;0;0
215211;11;10;10100311;2021;9;18;6;3;5;2;0;1;1;0;0;0;0;0
215210;11;8;8100417;2021;9;12;3;3;5;7;0;0;1;0;1;0;0;0
215209;11;11;11300618;2021;9;16;3;3;6;2;0;0;1;1;0;0;0;0
215208;11;1;1200623;2021;9;21;7;3;6;7;2;0;1;1;0;0;0;0
215207;11;5;5300736;2021;9;14;4;3;5;2;0;0;1;0;0;0;0;0
215206;11;1;2400623;2021;9;23;5;2;5;3;2;1;1;0;0;0;0;0
215205;11;8;8100521;2021;9;11;1;3;3;6;0;0;1;0;1;0;0;0
215204;11;10;10200629;2021;8;13;7;3;5;2;0;1;1;0;0;0;0;0
215203;11;3;3400722;2021;9;17;5;3;0;3;0;1;1;0;0;0;0;0
215202;11;3;3601347;2021;9;23;5;3;1;7;2;1;1;0;0;0;0;0
215201;11;9;9100304;2021;9;10;4;3;5;3;0;1;1;0;0;0;0;0
215200;11;1;1100309;2021;9;17;4;3;5;2;0;1;1;0;0;0;0;1
215199;11;2;2400623;2021;8;0;6;2;0;1;2;0;0;0;0;0;1;1
215198;11;2;2300419;2021;8;16;4;3;5;3;0;0;1;0;0;0;1;0
215197;11;2;2500833;2021;9;15;7;3;5;7;0;0;1;0;1;0;0;0
215196;11;6;6200314;2021;9;9;5;3;3;2;0;1;1;0;0;0;0;0
215195;11;6;6200421;2021;9;13;3;3;2;6;0;0;1;0;0;0;0;0
215194;11;9;9200819;2021;9;14;1;2;0;6;0;0;1;0;1;0;0;0
215193;11;11;11100204;2021;9;21;4;2;0;4;2;0;0;1;0;0;1;0
215192;11;9;9100202;2021;9;14;2;2;5;2;0;0;0;0;1;0;0;0
215191;11;1;1100102;2021;9;8;2;2;5;3;0;1;0;0;0;1;0;0
215190;11;3;3601141;2021;8;7;2;3;0;7;0;0;0;1;0;0;1;1
215189;11;12;12500824;2021;9;7;6;3;1;5;0;0;1;0;0;0;0;0
215188;11;1;1100313;2021;9;7;6;3;5;3;0;0;1;0;1;0;0;0
215187;11;4;4200203;2021;9;17;4;3;5;3;0;0;1;0;0;0;0;1
215186;11;8;8100417;2021;9;19;5;2;5;2;2;0;1;0;1;0;0;0
215185;11;5;5100101;2021;8;14;7;2;5;2;0;0;1;0;1;0;0;0
215184;11;4;4200311;2021;8;15;4;3;4;6;0;1;0;0;0;0;1;0
215183;11;4;4400728;2021;9;23;7;3;8;1;2;0;1;0;0;0;0;0
215182;11;2;2400623;2021;9;16;5;3;5;3;0;1;1;0;0;0;0;0
215181;11;6;6200317;2021;9;10;7;3;2;6;0;0;1;0;0;0;0;0
215180;11;7;7100102;2021;9;17;4;2;0;7;0;1;0;0;0;0;0;0
215179;11;9;9200819;2021;9;18;3;3;2;6;0;1;0;0;0;0;1;0
215178;11;11;11501238;2021;9;15;3;3;5;3;0;1;0;0;1;0;0;0
215177;11;2;2100102;2021;9;22;2;3;1;5;2;0;1;0;0;0;1;0
215176;11;11;11200513;2021;8;7;3;3;3;6;1;0;1;0;1;0;0;0
215175;11;1;1100101;2021;9;15;6;3;6;4;0;0;1;1;0;0;0;1
215174;11;11;11300724;2021;9;16;4;3;4;6;0;1;0;0;0;0;0;0
215173;11;3;3601348;2021;8;14;2;3;2;6;0;0;1;0;0;0;0;1
215172;11;10;10200417;2021;8;11;6;3;5;2;0;1;1;0;0;0;0;0
215171;11;8;8100313;2021;9;12;2;3;1;5;0;1;1;0;0;0;0;0
215170;11;2;2100104;2021;9;21;7;3;0;3;2;1;1;0;0;0;0;0
215169;11;5;5200632;2021;8;7;3;3;6;7;0;0;0;1;0;0;1;0
215168;11;2;2300418;2021;9;16;5;2;5;2;0;1;0;0;0;0;0;0
215167;11;11;11300721;2021;9;14;1;3;1;5;0;1;0;0;0;0;1;0
215166;11;5;5200420;2021;8;6;5;3;5;3;1;0;1;0;0;0;1;0
215165;11;6;6100209;2021;9;16;4;3;5;2;0;1;1;0;0;0;0;0
215164;11;10;10200627;2021;9;15;6;3;5;2;0;1;1;0;0;0;0;0
215163;11;10;10200627;2021;9;15;4;3;6;4;0;0;0;1;0;1;0;1
215162;11;3;3100102;2021;9;11;4;1;0;7;0;1;0;0;0;0;0;1
215161;11;7;7501029;2021;8;17;5;3;5;3;0;1;0;0;0;1;0;1
215160;11;3;3400724;2021;8;19;3;2;3;6;0;1;0;0;0;0;1;0
215159;11;1;1100104;2021;9;16;6;3;6;7;0;1;0;1;0;0;0;0
215158;11;8;8100209;2021;9;21;5;3;1;5;2;1;1;0;0;0;0;1
215157;11;4;4300619;2021;9;16;3;2;6;4;0;0;1;1;0;0;0;0
215156;11;2;2300315;2021;9;18;7;3;3;2;0;0;1;0;1;0;0;1
215155;11;12;12200307;2021;8;15;3;2;6;4;0;1;0;1;0;0;0;0
215154;11;8;8100209;2021;9;16;2;3;5;2;0;0;1;0;0;0;1;0
215153;11;8;8401244;2021;9;18;1;3;5;3;0;0;1;0;0;0;0;0
215152;11;1;1100102;2021;8;15;1;3;5;7;0;0;1;0;1;0;0;1
215151;11;10;10200418;2021;9;6;6;3;2;2;0;0;1;0;1;0;0;0
215150;11;5;5100103;2021;9;14;7;3;1;5;0;0;1;0;0;0;1;0
215149;11;12;12200309;2021;9;8;5;3;5;7;0;1;1;0;0;0;0;0
215148;11;4;4100101;2021;9;17;4;3;2;2;0;0;1;0;0;0;0;1
215147;11;11;11200411;2021;8;15;6;2;0;1;0;0;0;0;1;0;0;1
215146;11;4;4501041;2021;8;17;4;3;1;5;0;0;1;0;0;0;1;0
215145;11;12;12200309;2021;9;12;6;3;2;6;0;0;1;0;0;0;0;0
215144;11;7;7300619;2021;9;8;5;3;0;1;0;0;0;0;0;0;1;0
215143;11;2;2200208;2021;9;15;6;3;5;2;0;1;1;0;0;0;0;0
215142;11;10;10200417;2021;9;13;4;3;6;4;0;0;1;1;0;0;0;0
215141;11;2;2500835;2021;9;8;2;2;2;6;0;0;1;0;0;1;0;0
215140;11;10;10200417;2021;9;12;5;3;5;2;0;1;1;0;0;0;0;0
215139;11;8;8200831;2021;9;8;3;3;5;3;0;1;1;0;0;0;0;0
215138;11;7;7100206;2021;9;17;3;3;6;4;0;0;1;1;0;0;0;0
215137;11;8;8200623;2021;8;19;2;3;5;2;0;0;1;0;0;0;0;0
215136;11;6;6400844;2021;9;17;6;3;5;2;0;1;1;0;0;0;0;1
215135;11;7;7400928;2021;9;11;1;3;1;2;0;0;1;0;0;0;1;0
215134;11;10;10200629;2021;9;14;5;3;5;2;0;1;1;0;0;0;0;0
215133;11;9;9200715;2021;9;7;5;3;5;2;1;1;1;0;0;0;0;0
215132;11;9;9100304;2021;8;11;7;3;6;4;0;0;1;1;0;0;0;0
215131;11;11;11100205;2021;9;15;1;3;6;4;0;0;1;1;0;0;0;0
215130;11;1;1300834;2021;9;17;1;3;2;6;0;1;1;0;0;0;0;0
215129;11;11;11200512;2021;9;12;5;3;2;2;0;0;1;0;1;0;0;0
215128;11;12;12400722;2021;9;8;4;3;5;3;0;0;1;0;0;0;0;0
215127;11;1;1100312;2021;9;18;4;2;5;3;0;1;1;0;0;0;0;0
215126;11;2;2500833;2021;8;9;6;3;5;3;0;1;1;0;0;0;0;1
215125;11;1;1100310;2021;8;22;4;2;6;4;2;0;1;1;0;0;0;1
215124;11;1;1100207;2021;9;17;7;3;5;2;0;1;1;0;0;0;0;0
215123;11;12;12500926;2021;9;21;5;3;6;2;2;0;1;1;0;0;0;1
215122;11;4;4400834;2021;9;7;3;3;5;2;0;1;1;0;0;0;0;0
215121;11;1;1300834;2021;9;9;2;3;2;6;0;0;1;0;0;0;0;0
215120;11;5;5300736;2021;9;18;4;3;5;2;0;1;1;0;0;0;0;0
215119;11;4;4501042;2021;9;11;2;3;5;2;0;1;1;0;0;0;1;0
215118;11;8;8100415;2021;9;17;2;3;2;6;0;0;1;0;1;0;0;0
215117;11;2;2100101;2021;8;9;1;3;5;3;0;0;1;0;0;0;0;0
215116;11;6;6200311;2021;9;8;6;3;5;2;0;1;1;0;0;0;0;0
215115;11;2;2500726;2021;9;12;7;3;1;5;0;1;1;0;0;0;0;1
215114;11;3;3501038;2021;9;21;4;3;5;2;2;0;1;0;0;0;0;1
215113;11;1;1200628;2021;9;18;5;3;5;2;0;1;1;0;0;0;0;0
215112;11;1;1401048;2021;8;17;7;3;6;4;0;0;1;1;0;0;0;0
215111;11;1;1300733;2021;8;7;4;3;5;2;0;1;1;0;0;0;0;0
215110;11;11;11400929;2021;9;15;2;3;2;6;0;1;0;0;0;1;0;0
215109;11;3;3601348;2021;8;9;3;3;1;5;0;1;0;0;0;0;1;1
215108;11;1;1200628;2021;9;13;7;3;5;2;0;0;1;0;0;1;0;0
215107;11;1;1100308;2021;9;12;3;3;6;7;0;0;0;0;0;0;1;0
215106;11;2;2200211;2021;9;7;3;3;5;2;0;0;1;0;0;0;0;0
215105;11;4;4400728;2021;9;13;2;3;0;7;0;0;1;0;0;0;0;0
215104;11;4;4100102;2021;8;8;2;3;0;6;0;0;1;0;0;0;0;1
215103;11;7;7400927;2021;9;15;6;3;5;2;0;0;1;0;0;0;0;1
215102;11;5;5100210;2021;9;15;4;3;3;6;0;0;0;0;0;0;1;0
215101;11;7;7501032;2021;8;11;2;3;5;3;0;0;1;0;0;0;0;1
215100;11;5;5300737;2021;8;6;6;3;5;3;1;0;1;0;0;0;0;1
215099;11;12;12400617;2021;9;13;2;2;0;1;0;0;0;0;1;0;0;0
215098;11;4;4501151;2021;9;13;6;3;2;7;0;0;1;0;1;0;0;0
215097;11;2;2100104;2021;8;13;3;3;5;3;0;0;1;0;0;0;1;0
215096;11;3;3200308;2021;9;15;5;3;5;2;0;0;1;0;1;0;0;0
215095;11;1;1100311;2021;9;9;1;3;5;2;0;1;1;0;0;0;0;0
215094;11;12;12200412;2021;8;7;6;3;3;6;1;0;1;0;0;1;0;1
215093;11;7;7400720;2021;9;15;5;3;5;2;0;0;1;0;0;0;0;0
215092;11;2;2100104;2021;9;23;5;2;5;2;2;1;1;0;0;0;0;0
215091;11;4;4200308;2021;9;10;4;3;3;6;0;0;1;0;0;0;1;0
215090;11;2;2400625;2021;9;9;4;3;3;6;0;0;1;0;1;0;0;0
215089;11;12;12200515;2021;8;9;5;3;0;1;0;1;1;0;0;0;0;0
215088;11;1;1100308;2021;8;14;3;3;6;4;0;0;0;1;0;0;1;0
215087;11;4;4500937;2021;9;17;6;3;0;2;0;1;1;0;0;0;0;0
215086;11;7;7400824;2021;9;23;5;2;6;2;2;0;1;1;0;0;0;1
215085;11;9;9200715;2021;9;7;3;3;2;2;0;1;1;0;0;0;0;0
215084;11;11;11400927;2021;9;22;7;3;0;1;2;0;0;0;1;0;0;1
215083;11;11;11501340;2021;9;12;5;3;5;2;0;0;1;0;0;0;0;0
215082;11;10;10100102;2021;9;20;1;3;5;2;2;0;1;0;0;0;0;0
215081;11;1;1100101;2021;9;14;2;3;0;1;0;0;0;0;1;0;0;0
215080;11;4;4501041;2021;8;14;7;3;1;5;0;1;1;0;0;0;0;0
215079;11;1;1400942;2021;9;20;5;3;6;4;2;1;0;1;0;0;0;0
215078;11;1;1200624;2021;9;21;6;3;5;7;2;0;1;0;0;0;0;0
215077;11;4;4501042;2021;9;0;4;3;5;2;2;0;1;0;0;0;1;0
215076;11;3;3601245;2021;9;18;5;3;5;2;0;1;1;0;0;0;0;0
215075;11;9;9401534;2021;8;17;6;2;0;1;0;1;0;0;0;0;0;1
215074;11;2;2300315;2021;8;21;4;3;5;3;2;1;1;0;0;0;0;1
215073;11;10;10300731;2021;9;15;1;3;5;2;0;1;1;0;0;0;0;0
215072;11;7;7400824;2021;9;9;6;2;6;2;0;0;1;1;0;0;0;0
215071;11;12;12400722;2021;9;11;4;2;5;3;0;0;1;0;1;0;0;0
215070;11;4;4200310;2021;9;12;2;3;5;3;0;0;1;0;1;0;0;0
215069;11;2;2500830;2021;8;4;1;2;0;1;2;1;0;0;0;0;0;1
215068;11;5;5100316;2021;9;17;3;2;0;1;1;0;0;0;0;0;1;1
215067;11;1;1200624;2021;9;6;3;3;4;6;2;1;0;0;0;0;0;0
215066;11;8;8100206;2021;8;13;2;3;5;2;0;0;1;0;1;0;0;0
215065;11;3;3200206;2021;9;9;6;3;5;2;0;1;1;0;0;0;0;0
215064;11;9;9200510;2021;9;15;7;3;3;6;0;0;1;0;1;0;0;0
215063;11;4;4501045;2021;9;11;5;3;5;3;0;1;1;0;0;0;0;0
215062;11;7;7501134;2021;8;6;2;2;5;3;0;0;1;0;0;0;0;1
215061;11;1;1100310;2021;10;10;6;3;5;3;0;1;0;0;0;1;0;0
215060;11;1;1300733;2021;8;10;7;3;6;2;0;0;1;1;0;0;0;0
215059;11;5;5100101;2021;9;16;2;3;5;3;0;1;0;0;1;0;0;0
215058;11;8;8100103;2021;9;15;7;3;1;5;0;0;1;0;0;0;0;0
215057;11;4;4400835;2021;8;13;3;3;2;6;0;0;1;0;1;0;0;1
215056;11;1;1100101;2021;9;10;6;3;5;2;0;1;0;0;0;0;1;0
215055;11;2;2100104;2021;10;8;6;3;5;3;0;0;1;0;1;0;0;0
215054;11;1;1401045;2021;9;19;3;3;0;6;2;0;1;0;1;0;0;0
215053;11;2;2200212;2021;9;7;3;3;5;2;0;1;1;0;0;0;0;0
215052;11;4;4501044;2021;9;10;4;3;6;2;0;0;0;1;0;0;1;1
215051;11;4;4300412;2021;8;14;3;3;5;7;0;1;1;0;0;0;0;0
215050;11;2;2500835;2021;9;15;6;3;5;7;0;1;1;0;0;0;0;0
215049;11;2;2300316;2021;9;19;3;3;2;7;2;0;1;0;1;0;0;0
215048;11;5;5300736;2021;9;10;7;3;2;2;0;0;1;0;0;0;0;1
215047;11;11;11401032;2021;9;15;4;2;6;2;0;0;0;1;0;0;1;0
215046;11;6;6200313;2021;9;19;5;3;0;6;0;0;1;0;0;0;1;0
215045;11;4;4200207;2021;9;10;7;3;1;7;0;0;1;0;0;0;0;0
215044;11;5;5200423;2021;8;12;7;3;0;7;0;0;0;0;1;0;0;1
215043;11;4;4300623;2021;9;18;5;3;5;2;0;1;1;0;0;0;0;0
215042;11;5;5100211;2021;9;13;6;3;5;3;0;0;1;0;0;0;0;0
215041;11;2;2400625;2021;9;15;4;3;5;3;0;1;1;0;0;0;0;1
215040;11;10;10100311;2021;8;9;3;3;5;2;0;0;1;0;0;0;1;0
215039;11;2;2400625;2021;9;23;6;2;2;6;2;0;1;0;0;0;0;0
215038;11;4;4501042;2021;10;0;6;3;5;2;2;0;1;0;0;1;0;0
215037;11;7;7300516;2021;9;18;3;3;6;7;0;0;0;1;1;0;0;0
215036;11;9;9200510;2021;9;9;4;3;5;3;0;1;1;0;0;0;0;0
215035;11;9;9200715;2021;9;10;4;3;2;6;0;0;1;0;0;0;0;0
215034;11;1;1100310;2021;8;15;2;3;6;2;0;0;1;1;0;0;0;0
215033;11;1;1300835;2021;9;8;6;3;5;3;0;0;1;0;0;0;0;0
215032;11;10;10400836;2021;8;11;2;3;5;3;0;0;1;0;0;0;0;1
215031;11;10;10400941;2021;8;16;5;3;5;2;0;1;1;0;0;0;0;0
215030;11;2;2500835;2021;9;20;2;3;0;3;2;1;0;0;1;0;0;0
215029;11;9;9200716;2021;9;17;6;3;5;3;0;0;1;0;0;0;0;1
215028;11;10;10300734;2021;8;14;3;3;2;7;0;1;1;0;0;0;0;0
215027;11;4;4500939;2021;9;18;7;2;5;2;0;0;1;0;1;0;0;0
215026;11;4;4100101;2021;8;8;6;3;5;2;0;0;1;0;0;0;0;1
215025;11;3;3601452;2021;9;17;5;3;2;6;0;0;1;0;0;0;0;0
215024;11;3;3701555;2021;9;11;6;3;5;2;0;1;0;0;0;0;1;0
215023;11;2;2500726;2021;9;19;3;1;5;3;1;0;0;1;0;0;1;0
215022;11;12;12500824;2021;9;10;4;3;5;7;0;1;1;0;0;0;0;1
215021;11;2;2100105;2021;8;12;5;2;6;7;0;0;1;1;0;0;0;0
215020;11;1;1100206;2021;8;19;3;3;2;2;0;0;1;0;1;0;0;0
215019;11;1;1100308;2021;9;14;7;2;0;1;0;1;0;0;0;0;0;0
215018;11;8;8100105;2021;9;4;5;3;2;2;2;0;1;1;0;0;0;0
215017;11;6;6400735;2021;9;16;3;2;5;2;0;1;1;0;0;0;0;0
215016;11;7;7100205;2021;9;19;7;3;5;2;1;1;1;0;0;0;0;0
215015;11;4;4501146;2021;9;13;5;3;5;3;0;0;0;0;1;0;1;0
215014;11;11;11300620;2021;9;2;1;2;0;1;2;0;0;0;0;0;1;0
215013;11;1;1200522;2021;9;9;5;2;5;3;0;0;1;0;0;0;0;0
215012;11;5;5100315;2021;9;11;2;2;2;6;0;0;1;0;0;0;0;0
215011;11;8;8100206;2021;8;18;7;3;5;3;0;1;0;0;1;0;0;0
215010;11;3;3601141;2021;9;13;5;3;2;6;0;0;1;0;0;0;0;0
215009;11;9;9100306;2021;9;17;6;3;6;7;1;0;1;1;0;0;0;0
215008;11;7;7601236;2021;9;11;5;2;5;3;0;0;1;0;1;0;0;0
215007;11;1;1401046;2021;9;15;5;2;5;3;0;0;1;0;0;0;1;0
215006;11;4;4200205;2021;8;8;6;3;2;6;0;0;1;0;0;0;0;1
215005;11;6;6100101;2021;8;22;4;3;6;4;2;0;0;1;1;0;0;1
215004;11;9;9501737;2021;9;14;1;3;2;6;0;0;1;0;0;0;0;0
215003;11;1;1200628;2021;9;9;6;3;5;3;0;1;0;0;0;0;1;0
215002;11;6;6100207;2021;9;16;4;3;8;1;0;0;1;0;0;0;0;0
215001;11;2;2300316;2021;9;9;3;2;5;3;0;0;0;0;0;0;1;0
215000;11;12;12601236;2021;8;20;1;3;2;6;2;0;1;0;0;0;0;1
214999;11;6;6100103;2021;9;0;3;2;0;1;2;1;0;0;0;0;0;0
214998;11;2;2100104;2021;9;16;3;3;6;2;0;0;1;1;0;0;0;0
214997;11;3;3601451;2021;8;15;2;3;5;2;0;1;1;0;0;0;0;0
214996;11;11;11300724;2021;9;14;6;3;2;2;0;0;1;0;1;0;0;0
214995;11;9;9200715;2021;9;11;5;3;5;2;0;1;1;0;0;0;0;0
214994;11;9;9501838;2021;8;7;2;3;5;3;0;1;1;0;0;0;0;1
214993;11;1;1100312;2021;8;22;1;3;5;2;2;0;1;0;0;0;1;1
214992;11;8;8100520;2021;9;12;2;3;5;2;0;1;1;0;0;0;0;0
214991;11;1;1100101;2021;9;13;1;3;8;1;0;0;1;0;0;0;0;0
214990;11;11;11300724;2021;8;20;3;3;5;3;2;0;1;0;0;0;0;0
214989;11;10;10200526;2021;9;11;6;3;6;7;0;0;0;1;0;0;1;0
214988;11;4;4500939;2021;10;18;6;3;2;5;2;0;1;0;1;0;0;0
214987;11;11;11300724;2021;9;12;3;3;5;3;0;0;1;0;0;0;0;0
214986;11;4;4501044;2021;9;6;3;2;3;6;1;1;0;0;0;0;1;0
214985;11;4;4500937;2021;9;7;3;3;5;2;0;1;1;0;0;0;0;0
214984;11;10;10200421;2021;8;9;5;3;5;3;0;0;1;0;0;0;0;0
214983;11;8;8200726;2021;8;10;3;3;5;2;0;1;1;0;0;0;0;0
214982;11;12;12100102;2021;9;17;6;3;1;5;0;0;1;0;0;0;0;0
214981;11;1;1400942;2021;9;14;4;3;1;5;0;0;1;0;0;0;1;0
214980;11;7;7400822;2021;9;22;2;3;5;3;2;1;0;0;0;0;1;0
214979;11;4;4200206;2021;9;14;6;3;5;2;0;1;1;0;0;0;0;0
214978;11;1;1100206;2021;9;13;4;3;2;6;0;0;1;0;0;0;0;0
214977;11;4;4501042;2021;9;15;7;3;3;6;0;1;0;0;0;0;1;0
214976;11;1;1300834;2021;8;21;7;2;5;3;2;1;1;0;0;0;0;0
214975;11;11;3601450;2021;9;12;5;3;5;2;0;0;1;0;0;1;0;0
214974;11;1;1100309;2021;9;10;6;3;6;7;0;0;1;1;0;0;0;0