OBJECTID;LAND;BEZ;LOR_ab_2021;UJAHR;UMONAT;USTUNDE;UWOCHENTAG;UKATEGORIE;UART;UTYP1;ULICHTVERH;IstRad;IstPKW;IstFuss;IstKrad;IstGkfz;IstSonstige;USTRZUSTAND
214973;11;4;4501148;2021;9;15;4;3;0;1;0;0;0;0;1;0;0;1
214972;11;7;7100206;2021;9;17;4;3;5;2;0;1;0;0;0;0;1;1
214971;11;3;3400619;2021;8;7;5;3;0;3;0;0;1;0;1;0;0;1
214970;11;3;3601142;2021;8;16;4;2;5;2;0;1;1;0;0;0;0;0
214969;11;9;9100409;2021;9;15;7;3;0;1;0;0;0;0;1;0;0;0
214968;11;7;7601544;2021;9;20;5;3;5;2;2;0;1;0;0;0;0;1
214967;11;8;8100419;2021;9;9;3;3;1;5;0;0;1;0;0;0;0;0
214966;11;6;6200316;2021;9;9;7;2;2;6;0;0;1;0;0;0;0;1
214965;11;12;12200310;2021;9;17;4;3;5;2;0;1;1;0;0;0;0;0
214964;11;6;6200313;2021;9;16;1;3;5;2;0;1;1;0;0;0;0;0
214963;11;6;6200315;2021;9;18;1;3;1;5;1;0;1;0;1;0;0;1
214962;11;7;7100103;2021;8;14;1;3;1;5;0;1;1;0;0;0;0;1
214961;11;1;1100416;2021;9;8;5;3;5;7;0;1;1;0;0;0;0;0
214960;11;9;9200511;2021;9;9;7;3;5;3;0;0;1;0;1;0;0;1
214959;11;6;6200312;2021;9;12;5;3;3;6;0;1;1;0;0;0;0;0
214958;11;9;9100305;2021;9;20;5;3;5;2;2;0;0;0;0;1;1;0
214957;11;11;11300725;2021;8;18;7;3;5;3;0;0;1;0;0;0;0;0
214956;11;8;8100521;2021;8;16;4;3;5;3;0;1;1;0;0;0;0;0
214955;11;3;3100103;2021;9;8;2;3;5;3;0;0;1;0;0;0;1;0
214954;11;8;8100102;2021;9;18;6;3;5;2;0;1;1;0;0;0;0;0
214953;11;1;1400940;2021;9;12;4;3;5;7;0;0;1;0;0;0;0;1
214952;11;9;9100203;2021;8;17;5;3;0;4;0;0;0;1;0;0;1;0
214951;11;4;4501042;2021;8;12;3;3;0;4;0;0;0;1;0;0;1;0
214950;11;1;1100102;2021;9;23;6;3;0;1;2;1;0;0;0;0;0;0
214949;11;2;2500836;2021;9;16;5;3;5;2;0;1;1;0;0;0;0;0
214948;11;1;1100206;2021;9;14;3;3;5;3;0;1;1;0;0;0;0;0
214947;11;2;2500833;2021;9;2;1;3;1;5;2;0;1;0;0;0;1;0
214946;11;8;8100314;2021;9;15;5;3;5;3;0;1;1;0;0;0;0;0
214945;11;4;4501045;2021;9;15;2;3;2;2;0;1;1;0;0;0;0;0
214944;11;9;9200511;2021;9;15;5;3;5;2;0;0;1;0;0;0;0;0
214943;11;4;4501040;2021;9;19;1;2;1;5;2;0;1;0;0;0;1;0
214942;11;3;3400723;2021;8;12;2;3;0;5;0;1;1;0;0;0;0;1
214941;11;1;1100207;2021;9;5;5;3;5;3;1;1;1;0;0;0;0;0
214940;11;12;12200515;2021;9;9;6;3;6;4;0;0;1;1;0;0;0;0
214939;11;3;3601141;2021;9;18;4;3;5;3;1;0;1;0;0;0;1;1
214938;11;8;8100209;2021;9;21;5;3;2;6;2;0;1;0;0;0;0;0
214937;11;5;5100211;2021;8;10;6;3;5;2;0;0;1;0;0;0;0;1
214936;11;4;4300623;2021;8;17;4;3;1;5;0;1;1;0;0;0;0;0
214935;11;12;12200515;2021;9;15;7;3;5;2;0;0;1;0;0;0;0;0
214934;11;1;1100205;2021;9;6;6;3;2;6;1;0;1;0;1;0;0;0
214933;11;10;10100210;2021;9;7;4;3;0;6;0;0;1;0;1;0;0;0
214932;11;11;11200512;2021;9;7;3;3;0;1;0;1;0;0;0;0;0;0
214931;11;5;5100207;2021;9;8;3;3;5;3;0;1;1;0;0;0;0;0
214930;11;11;11300617;2021;9;13;3;3;2;6;0;0;1;0;0;0;0;0
214929;11;9;9100304;2021;8;8;3;3;3;6;0;0;1;0;1;0;1;0
214928;11;9;9401329;2021;9;15;6;2;3;6;0;1;1;0;0;0;0;0
214927;11;8;8100312;2021;9;18;4;2;1;5;0;0;1;0;0;0;0;0
214926;11;2;2500726;2021;8;8;2;3;3;6;0;0;1;0;0;1;0;1
214925;11;4;4500936;2021;8;23;6;3;0;7;2;0;0;0;0;0;1;0
214924;11;12;12400723;2021;9;10;2;3;5;2;0;1;1;0;0;0;0;0
214923;11;1;1200522;2021;9;17;7;3;6;4;1;0;1;1;0;0;0;0
214922;11;2;2400522;2021;9;12;7;3;2;6;0;0;1;0;1;0;0;0
214921;11;10;10400837;2021;10;9;6;3;5;3;0;1;1;0;0;0;0;0
214920;11;3;3601243;2021;9;7;3;3;5;2;0;0;1;0;1;0;0;0
214919;11;5;5100316;2021;9;21;4;2;6;4;2;0;1;1;0;0;0;0
214918;11;3;3500934;2021;9;22;3;2;6;4;2;0;1;1;0;0;0;0
214917;11;7;7601442;2021;8;10;5;2;5;2;0;0;1;0;0;0;0;0
214916;11;11;11300721;2021;8;10;3;3;2;6;0;0;1;0;0;0;0;0
214915;11;4;4300624;2021;9;9;6;3;0;2;0;0;1;0;1;0;0;0
214914;11;9;9200512;2021;9;13;5;3;2;6;0;0;1;0;0;1;0;0
214913;11;2;2300418;2021;9;12;2;3;6;7;0;0;0;1;1;0;0;0
214912;11;4;4100101;2021;9;16;2;3;5;2;0;0;1;0;0;0;1;0
214911;11;5;5300840;2021;9;16;4;3;5;3;0;0;1;0;1;0;0;0
214910;11;6;6100103;2021;9;21;7;3;2;6;2;0;1;0;0;0;0;0
214909;11;4;4501043;2021;8;14;7;3;2;6;0;0;1;0;0;0;0;0
214908;11;2;2500831;2021;9;19;5;3;6;4;1;0;1;1;0;0;0;0
214907;11;4;4501146;2021;9;22;5;3;1;5;2;0;1;0;0;0;1;0
214906;11;7;7400825;2021;9;8;4;3;7;7;0;1;0;0;0;0;0;0
214905;11;2;2300418;2021;9;19;4;3;2;7;1;1;1;0;0;0;0;1
214904;11;3;3400721;2021;8;8;6;3;6;2;0;0;1;1;0;0;0;1
214903;11;1;1100102;2021;8;14;4;3;0;2;0;1;1;0;0;0;0;0
214902;11;5;5300736;2021;9;13;7;3;2;6;0;0;1;0;0;0;0;0
214901;11;4;4400835;2021;9;14;5;2;6;3;0;1;0;1;0;0;0;0
214900;11;5;5100103;2021;9;16;3;2;1;5;0;0;1;0;0;0;0;0
214899;11;2;2100105;2021;9;11;2;3;5;3;0;0;1;0;0;0;0;0
214898;11;1;1200522;2021;9;21;4;3;0;7;2;1;0;0;0;0;0;0
214897;11;12;12100103;2021;9;8;2;2;6;4;0;1;0;1;0;0;0;0
214896;11;1;1100102;2021;9;15;2;2;5;2;0;1;1;0;0;0;0;0
214895;11;1;1400938;2021;8;18;2;3;1;5;0;0;1;0;0;0;1;0
214894;11;3;3500936;2021;9;23;5;3;0;1;2;1;0;0;0;0;0;0
214893;11;1;1100103;2021;9;22;6;3;5;3;2;0;1;0;0;0;0;0
214892;11;6;6100102;2021;9;12;5;3;1;5;0;0;1;0;0;0;0;1
214891;11;10;10100312;2021;9;19;5;3;5;3;2;0;1;0;0;0;0;0
214890;11;4;4300518;2021;8;22;6;3;5;3;2;0;1;0;0;0;0;0
214889;11;10;10100312;2021;8;9;4;3;3;6;0;1;0;0;0;0;0;0
214888;11;6;6400737;2021;9;12;1;3;5;3;0;0;1;0;0;0;0;0
214887;11;1;1100102;2021;9;18;5;3;2;6;0;0;1;0;0;0;0;0
214886;11;4;4200308;2021;9;17;6;3;2;6;0;0;1;0;0;0;0;1
214885;11;6;6200420;2021;9;17;3;3;2;6;0;0;1;0;1;0;0;0
214884;11;1;1100309;2021;9;10;3;3;3;6;0;1;1;0;0;0;0;0
214883;11;4;4200310;2021;9;16;2;3;3;6;0;0;1;0;1;0;0;0
214882;11;4;4501042;2021;8;14;3;3;0;3;0;0;0;0;0;0;1;0
214881;11;1;1100313;2021;9;17;6;3;1;5;0;0;1;0;1;0;0;1
214880;11;2;2100101;2021;9;7;4;3;3;6;0;1;0;0;1;0;0;0
214879;11;4;4501042;2021;8;12;2;3;5;2;0;1;0;0;0;0;1;1
214878;11;6;6400841;2021;8;16;6;3;4;6;0;0;1;0;0;0;0;0
214877;11;6;6100204;2021;9;11;2;3;0;7;0;0;0;0;1;0;0;0
214876;11;12;12200309;2021;9;20;6;2;6;4;2;0;1;1;0;0;0;1
214875;11;12;12400618;2021;8;15;3;3;2;6;0;1;0;0;0;0;0;0
214874;11;2;2300316;2021;9;22;5;3;5;7;2;1;1;0;0;0;0;0
214873;11;11;11300620;2021;9;12;7;2;6;4;0;0;1;1;0;0;0;1
214872;11;8;8100208;2021;8;7;6;3;2;2;0;0;1;0;1;0;0;1
214871;11;7;7200307;2021;9;12;4;3;5;3;0;1;1;0;0;0;0;0
214870;11;3;3400620;2021;9;11;6;3;2;6;0;0;1;0;1;0;0;0
214869;11;2;3601452;2021;9;12;4;3;3;6;0;0;1;0;1;0;0;0
214868;11;2;2500836;2021;9;7;4;3;5;3;0;1;1;0;0;0;0;0
214867;11;2;2200213;2021;8;12;5;3;5;3;0;1;1;0;0;0;0;0
214866;11;2;2100101;2021;8;15;3;3;2;2;0;1;1;0;0;0;0;0
214865;11;2;2200211;2021;9;15;6;3;6;4;0;1;0;1;0;0;0;0
214864;11;9;9200511;2021;8;10;6;3;1;5;0;1;1;0;0;0;0;0
214863;11;7;7400823;2021;8;6;2;2;5;2;0;1;1;0;0;0;0;0
214862;11;5;5300737;2021;8;8;5;2;5;2;0;1;1;0;0;0;0;0
214861;11;8;8100105;2021;7;15;2;3;1;1;0;0;1;0;0;0;0;0
214860;11;3;3200204;2021;8;14;4;3;2;6;0;0;1;0;0;0;0;0
214859;11;2;2100104;2021;7;22;4;3;5;3;2;1;1;0;0;0;0;0
214858;11;3;3601346;2021;7;23;5;3;1;5;2;1;1;0;0;0;0;0
214857;11;2;2100104;2021;8;15;4;3;5;3;0;1;1;0;0;0;0;0
214856;11;5;5100317;2021;8;19;3;2;1;5;1;0;1;0;0;0;1;0
214855;11;4;4500937;2021;7;10;2;3;2;2;0;0;1;0;0;0;0;0
214854;11;5;5100316;2021;8;10;2;3;0;5;0;1;1;0;0;0;0;0
214853;11;11;11501238;2021;8;18;7;3;3;6;0;1;0;0;0;0;0;0
214852;11;12;12200309;2021;7;11;2;3;5;2;0;1;1;0;0;0;0;0
214851;11;7;7400720;2021;8;6;2;3;5;3;0;1;1;0;0;0;0;0
214850;11;8;8200623;2021;8;7;6;3;6;7;0;1;0;1;0;0;0;0
214849;11;7;7200308;2021;7;15;6;2;5;3;0;1;1;0;0;0;0;0
214848;11;6;6200312;2021;7;18;6;3;5;2;0;0;1;0;0;0;0;0
214847;11;2;2300418;2021;8;13;4;3;4;6;0;1;0;0;0;0;0;0
214846;11;4;4200309;2021;7;15;4;3;5;2;0;0;1;0;0;1;0;0
214845;11;4;4501045;2021;8;19;5;3;0;7;1;0;1;0;0;0;0;0
214844;11;11;11100309;2021;8;13;5;3;5;2;0;1;1;0;0;0;0;0
214843;11;7;7601442;2021;8;15;3;3;2;5;0;0;1;0;1;0;0;0
214842;11;9;9200819;2021;8;10;1;3;2;6;0;0;1;0;0;0;1;0
214841;11;5;5100313;2021;7;15;3;3;2;6;0;0;1;0;0;0;0;0
214840;11;8;8200624;2021;8;17;3;3;4;6;0;0;1;0;0;0;0;0
214839;11;3;3400725;2021;8;8;7;3;0;7;0;0;1;0;0;0;0;0
214838;11;4;4400833;2021;7;18;6;3;0;5;0;0;0;0;1;0;0;0
214837;11;11;11401034;2021;7;15;5;3;4;6;0;0;1;0;0;0;1;0
214836;11;7;7400823;2021;8;11;6;3;5;2;0;0;1;0;0;1;0;0
214835;11;3;3501037;2021;8;12;2;3;0;7;0;0;1;0;0;0;1;0
214834;11;3;3601243;2021;8;20;6;2;9;1;1;0;1;1;0;0;0;1
214833;11;11;11401032;2021;8;11;3;2;6;7;0;1;0;1;0;0;0;0
214832;11;12;12500930;2021;8;9;2;2;2;6;0;0;1;0;1;0;0;0
214831;11;9;9301025;2021;7;8;5;3;5;2;0;0;0;0;1;0;1;0
214830;11;4;4100101;2021;7;22;5;3;5;2;2;0;1;0;0;0;0;0
214829;11;4;4400832;2021;8;11;3;3;1;5;0;1;1;0;0;0;0;0
214828;11;1;1300836;2021;7;14;3;3;5;2;0;1;1;0;0;0;0;0
214827;11;2;2500835;2021;7;12;7;3;2;6;0;0;1;0;0;0;0;0
214826;11;5;5100104;2021;8;14;6;3;2;6;0;0;1;0;0;0;0;0
214825;11;2;2200208;2021;8;15;2;3;1;5;0;1;1;0;0;0;0;0
214824;11;7;7400720;2021;7;8;3;3;5;3;0;0;1;0;0;0;0;0
214823;11;3;3100103;2021;8;10;6;3;5;3;0;0;1;0;1;0;0;0
214822;11;9;9200613;2021;7;18;3;3;5;2;0;1;1;0;0;0;0;0
214821;11;8;8200832;2021;8;16;4;2;2;2;0;1;1;0;0;0;0;0
214820;11;10;10100311;2021;7;22;5;3;5;3;2;1;1;0;0;0;0;0
214819;11;6;6300631;2021;7;19;6;3;2;7;0;0;1;0;1;0;0;0
214818;11;12;12400619;2021;8;11;4;3;5;3;0;0;1;0;0;0;0;0
214817;11;1;1100206;2021;8;9;4;3;5;3;0;1;1;0;0;0;0;0
214816;11;8;8100102;2021;7;15;4;3;5;2;0;1;1;0;0;0;0;0
214815;11;11;11200410;2021;8;14;4;2;5;3;0;0;1;0;1;0;0;0
214814;11;9;9501941;2021;8;13;4;3;2;3;0;1;1;0;0;0;0;0
214813;11;12;12100101;2021;8;13;2;3;6;2;0;0;0;1;0;0;1;0
214812;11;9;9502043;2021;8;13;7;3;2;6;0;0;1;0;1;0;1;0
214811;11;11;11300725;2021;7;17;3;3;5;3;0;1;1;0;0;0;0;0
214810;11;1;1401045;2021;8;8;3;3;2;6;0;0;1;0;0;0;0;0
214809;11;1;1300733;2021;8;22;1;3;6;2;2;0;1;1;0;0;0;1
214808;11;3;3601244;2021;7;17;7;3;5;3;0;0;1;0;1;0;0;0
214807;11;4;4300622;2021;7;20;7;2;3;6;0;0;1;0;1;0;0;0
214806;11;8;8100415;2021;8;13;5;3;2;6;0;0;1;0;1;0;0;0
214805;11;4;4500937;2021;7;14;6;3;5;2;0;1;1;0;0;0;0;0
214804;11;11;11200410;2021;7;5;6;3;5;3;0;1;1;0;0;0;0;0
214803;11;8;8100313;2021;8;18;5;3;6;7;0;0;0;1;0;0;1;0
214802;11;4;4300518;2021;8;18;4;2;5;7;0;0;1;0;1;0;0;0
214801;11;8;8100310;2021;8;12;3;3;5;2;0;1;0;0;0;0;1;0
214800;11;1;1100313;2021;8;14;1;3;0;1;0;0;0;0;1;0;0;0
214799;11;7;7400824;2021;7;14;4;2;0;2;0;0;1;0;0;0;1;0
214798;11;5;5100104;2021;8;18;1;2;5;3;0;0;1;0;0;0;0;0
214797;11;5;5300736;2021;7;9;3;2;2;6;0;0;1;0;0;0;1;0
214796;11;5;5100103;2021;7;13;1;3;2;5;0;0;1;0;0;0;0;0
214795;11;1;1100103;2021;8;21;3;2;5;3;1;1;1;0;0;0;0;0
214794;11;1;1100416;2021;8;22;7;3;5;2;2;1;1;0;0;0;0;1
214793;11;4;4300622;2021;7;21;5;3;7;7;1;0;0;0;1;0;0;0
214792;11;8;8100102;2021;7;21;6;3;5;2;2;1;1;0;0;0;0;0
214791;11;9;9200715;2021;8;13;4;3;0;2;0;1;1;0;0;0;0;0
214790;11;12;12100103;2021;7;5;4;3;5;3;1;1;1;0;0;0;0;0
214789;11;4;4300415;2021;7;18;6;3;5;3;0;1;1;0;0;0;0;0
214788;11;4;4200311;2021;8;18;5;3;5;2;0;0;1;0;0;0;1;0
214787;11;2;2200209;2021;8;15;5;3;5;2;0;0;1;0;0;0;1;0
214786;11;12;12200309;2021;8;9;3;3;2;6;0;0;1;0;0;0;0;0
214785;11;9;9501940;2021;8;12;1;2;3;6;0;1;1;0;0;0;0;0
214784;11;2;2100101;2021;7;10;4;3;5;3;0;1;0;0;1;0;0;0
214783;11;11;11501341;2021;8;15;2;2;5;2;0;1;1;0;0;0;0;0
214782;11;8;8100206;2021;7;0;6;2;1;6;2;1;1;1;0;0;0;0
214781;11;11;11400928;2021;7;17;6;3;0;2;0;1;1;0;0;0;0;0
214780;11;2;2300314;2021;7;19;2;3;1;5;0;1;1;0;0;0;0;0
214779;11;9;9100203;2021;8;6;6;3;5;2;1;1;1;0;0;0;0;0
214778;11;8;8401244;2021;8;11;2;3;5;3;0;0;1;0;0;0;0;0
214777;11;4;4100101;2021;7;17;3;3;1;5;0;0;1;0;0;1;0;0
214776;11;1;1100309;2021;8;19;6;3;0;3;0;1;1;0;0;0;0;0
214775;11;4;4300622;2021;7;4;2;3;1;5;0;0;1;0;1;0;0;0
214774;11;4;4501045;2021;8;16;4;3;2;6;0;0;1;0;0;0;0;0
214773;11;3;3300412;2021;7;16;4;3;0;3;0;1;1;0;0;0;0;0
214772;11;1;1100102;2021;7;17;6;3;0;1;0;0;0;0;0;0;1;0
214771;11;3;3601450;2021;8;10;3;3;3;6;0;0;1;0;1;0;0;0
214770;11;1;1401045;2021;7;23;3;3;6;7;2;0;1;1;0;0;0;0
214769;11;4;4300621;2021;7;19;7;3;5;3;0;1;1;0;0;0;0;0
214768;11;1;1100310;2021;8;21;6;3;0;1;2;1;0;0;0;0;0;0
214767;11;5;5200632;2021;8;7;2;3;4;6;1;0;1;0;1;0;0;0
214766;11;4;4501042;2021;8;8;6;3;0;6;0;0;0;0;1;0;1;0
214765;11;1;1100308;2021;7;17;2;3;1;5;0;1;1;0;0;0;0;0
214764;11;11;11300620;2021;7;16;5;3;5;2;0;1;1;0;0;0;0;1
214763;11;11;2500729;2021;7;12;7;3;2;6;0;0;1;0;0;0;0;0
214762;11;1;1400942;2021;8;21;4;2;1;5;2;1;1;0;0;0;0;0
214761;11;1;1100309;2021;8;17;3;3;6;4;0;0;0;1;0;0;1;0
214760;11;8;8100313;2021;7;20;4;3;1;5;0;1;1;0;0;0;0;0
214759;11;6;6300633;2021;8;16;5;3;0;1;0;0;1;0;1;0;0;0
214758;11;2;2400625;2021;8;12;4;3;3;6;0;1;0;0;0;0;0;0
214757;11;11;11100204;2021;8;7;2;3;3;6;0;1;1;0;0;0;0;0
214756;11;12;12100102;2021;8;10;7;3;2;7;0;0;1;0;1;0;0;0
214755;11;1;1200520;2021;7;13;3;2;5;3;0;0;1;0;1;0;0;0
214754;11;8;8401243;2021;8;8;3;3;1;5;0;0;1;0;0;0;0;0
214753;11;9;9200819;2021;8;20;1;3;5;3;0;0;1;0;0;0;0;0
214752;11;9;9401329;2021;7;10;6;3;5;3;0;0;1;0;0;0;1;0
214751;11;6;6300527;2021;7;20;7;3;1;5;0;0;1;0;1;0;0;0
214750;11;4;4400728;2021;8;13;5;3;5;3;0;0;1;0;0;0;0;0
214749;11;8;8200622;2021;7;17;5;3;5;7;0;0;1;0;1;0;0;0
214748;11;6;6300528;2021;8;11;6;3;2;2;0;0;1;0;0;0;0;0
214747;11;9;9200510;2021;7;15;3;3;5;2;0;1;1;0;0;0;0;0
214746;11;5;5200630;2021;8;13;5;3;5;2;0;1;1;0;0;0;0;0
214745;11;6;6200313;2021;8;13;3;3;5;2;0;0;1;0;1;0;0;1
214744;11;2;2500833;2021;8;19;2;2;0;1;0;1;0;0;0;0;0;1
214743;11;7;7100206;2021;7;1;5;3;0;1;2;0;0;0;0;0;1;0
214742;11;12;12400617;2021;8;14;1;3;5;2;0;0;1;0;1;0;0;0
214741;11;3;3501037;2021;7;9;3;3;5;2;0;0;1;0;0;0;1;0
214740;11;1;1200628;2021;7;15;2;3;0;1;0;1;0;0;0;0;0;0
214739;11;1;1100308;2021;7;11;2;3;2;6;0;1;1;0;0;0;0;0
214738;11;9;9200614;2021;8;17;6;3;7;7;0;1;0;0;0;0;0;0
214737;11;12;12200411;2021;8;17;1;2;0;7;0;1;0;0;0;0;0;1
214736;11;9;9300920;2021;8;15;5;3;5;2;0;0;1;0;0;0;0;0
214735;11;4;4300622;2021;8;14;3;3;3;6;0;0;1;0;0;0;0;0
214734;11;10;10200420;2021;7;12;4;2;8;1;0;0;1;0;0;0;1;0
214733;11;10;10400940;2021;7;11;5;2;5;3;0;0;1;0;1;0;0;0
214732;11;8;8100314;2021;8;23;3;3;5;3;2;0;1;0;0;0;0;0
214731;11;2;2400625;2021;8;16;2;3;0;1;0;0;0;0;1;0;0;0
214730;11;1;1100313;2021;7;22;4;2;5;2;2;1;1;0;0;0;0;0
214729;11;8;8401244;2021;7;12;6;1;5;2;0;0;0;0;1;0;1;0
214728;11;5;5100104;2021;7;16;2;3;2;6;0;0;1;0;1;0;0;0
214727;11;12;12200412;2021;8;23;2;3;1;1;2;0;1;0;0;0;0;0
214726;11;1;1300834;2021;8;18;7;3;5;3;0;0;1;0;0;0;0;0
214725;11;7;7200409;2021;8;15;3;2;6;4;0;0;1;1;0;0;0;0
214724;11;8;8200726;2021;8;22;6;2;5;3;2;1;0;0;0;0;1;1
214723;11;12;12601032;2021;7;11;2;2;2;6;0;0;1;0;1;0;0;0
214722;11;2;2200210;2021;8;9;6;3;5;3;0;1;1;0;0;0;0;0
214721;11;5;5300736;2021;8;7;2;3;2;6;0;0;1;0;0;0;0;0
214720;11;8;8401246;2021;8;9;6;3;5;3;0;0;1;0;1;0;0;0
214719;11;4;4300622;2021;7;15;2;3;2;6;0;0;1;0;0;0;0;0
214718;11;3;3701554;2021;8;19;4;3;5;3;0;0;1;0;0;0;1;0
214717;11;8;8401244;2021;7;12;4;3;3;2;0;0;1;0;0;0;1;0
214716;11;8;8100102;2021;7;17;5;3;2;1;0;0;1;0;0;0;1;0
214715;11;9;9401432;2021;8;11;2;3;0;3;0;1;1;0;0;0;0;0
214714;11;9;9200715;2021;7;15;2;3;5;2;0;0;1;0;0;0;0;0
214713;11;1;1100309;2021;8;14;6;3;5;3;0;1;1;0;0;0;0;0
214712;11;12;12400722;2021;8;19;3;3;5;2;0;0;1;0;0;0;0;0
214711;11;1;1400937;2021;8;18;6;3;3;6;0;1;0;0;0;0;0;0
214710;11;6;6400844;2021;7;13;5;3;2;6;0;0;1;0;0;0;0;0
214709;11;12;12100101;2021;7;17;6;3;5;3;0;1;1;0;0;0;0;0
214708;11;2;2500833;2021;8;9;4;2;5;2;0;1;1;0;0;0;0;0
214707;11;2;2100102;2021;7;15;4;3;5;2;0;0;1;0;0;0;1;0
214706;11;3;3300516;2021;7;15;7;3;6;4;0;1;0;1;0;0;0;0
214705;11;7;7300516;2021;8;14;5;3;6;7;0;0;0;1;0;0;1;0
214704;11;12;12200515;2021;8;17;3;3;1;5;0;1;1;0;0;0;0;0
214703;11;6;6100208;2021;8;11;2;3;1;5;0;0;1;0;1;0;0;0
214702;11;2;2200213;2021;8;16;7;3;5;2;0;1;1;0;0;0;0;0
214701;11;6;6100209;2021;7;19;3;2;0;1;0;1;0;0;0;0;0;0
214700;11;2;2200210;2021;8;16;3;3;0;1;0;0;0;0;0;0;1;0
214699;11;6;6400844;2021;8;21;7;3;5;2;2;1;1;0;0;0;0;1
214698;11;2;2500830;2021;7;15;7;3;5;2;0;1;1;0;0;0;0;0
214697;11;8;8301036;2021;7;19;7;2;2;4;1;0;1;1;0;0;0;0
214696;11;2;2400522;2021;8;9;5;3;5;2;0;1;1;0;0;0;0;0
214695;11;2;2100106;2021;7;15;5;3;0;7;0;1;0;0;0;0;0;0
214694;11;5;5400942;2021;8;12;6;3;5;3;0;1;1;0;0;0;0;0
214693;11;10;10200629;2021;8;18;4;3;3;6;0;1;0;0;1;0;0;0
214692;11;8;8100206;2021;8;18;4;3;5;2;0;1;1;0;0;0;0;0
214691;11;6;6100210;2021;7;17;7;3;5;2;0;1;0;0;0;0;1;0
214690;11;3;3500933;2021;8;16;2;3;2;1;0;1;1;0;0;0;0;0
214689;11;6;6100209;2021;7;18;5;2;3;6;0;1;0;0;0;0;0;0
214688;11;3;3400618;2021;8;0;1;3;8;1;2;0;1;0;0;0;0;0
214687;11;12;12200310;2021;7;13;7;3;5;2;0;0;1;0;1;0;0;0
214686;11;5;5100206;2021;7;12;1;3;5;3;0;1;1;0;0;0;0;0
214685;11;1;1100205;2021;8;20;6;3;6;4;1;0;0;1;0;0;1;0
214684;11;11;11400929;2021;8;16;2;3;6;4;0;1;0;1;0;0;0;0
214683;11;2;2200209;2021;8;14;6;3;5;2;0;1;1;0;0;0;0;0
214682;11;12;12601236;2021;7;12;2;2;5;3;0;1;1;0;0;0;0;0
214681;11;4;4300517;2021;8;8;5;3;5;3;0;0;1;0;0;0;0;0
214680;11;1;1100205;2021;7;11;4;3;5;2;0;1;1;0;0;0;0;0
214679;11;4;4300619;2021;7;15;5;3;1;5;0;1;1;0;0;0;0;0
214678;11;1;1100309;2021;8;13;4;3;3;6;0;1;1;0;0;0;0;0
214677;11;3;3100103;2021;8;23;2;2;5;2;2;0;1;0;1;0;0;0
214676;11;5;5300736;2021;7;14;3;3;3;6;0;0;1;0;0;0;0;0
214675;11;12;12400618;2021;7;9;3;3;0;2;0;0;0;0;0;0;1;0
214674;11;7;7400823;2021;8;6;2;3;5;2;0;0;1;0;1;0;0;0
214673;11;4;4501040;2021;8;14;7;3;5;2;0;0;1;0;1;0;0;0
214672;11;4;4300619;2021;7;18;2;2;5;3;0;0;1;0;0;0;0;0
214671;11;5;5100209;2021;8;13;2;2;5;3;0;0;1;0;0;0;1;0
214670;11;12;12500928;2021;8;10;7;3;2;6;0;0;1;0;0;0;0;0
214669;11;12;12200310;2021;7;11;5;3;0;2;0;1;1;0;0;0;0;0
214668;11;4;4501042;2021;7;13;6;2;2;6;0;1;1;0;0;0;0;0
214667;11;3;3400830;2021;8;7;4;3;1;5;0;1;1;0;0;0;0;0
214666;11;2;2400521;2021;7;12;4;3;5;3;0;1;0;0;0;0;0;0
214665;11;4;4400727;2021;8;11;5;3;2;6;0;0;1;0;0;0;0;0
214664;11;6;6400841;2021;8;12;4;3;5;3;0;1;1;0;0;0;0;0
214663;11;7;7400721;2021;8;8;3;2;0;7;0;0;0;0;1;0;0;1
214662;11;12;12500927;2021;8;19;1;2;1;6;1;0;1;0;0;0;0;0
214661;11;1;1100207;2021;7;14;3;3;5;3;0;0;1;0;0;0;0;0
214660;11;9;9501941;2021;8;8;3;3;2;2;0;0;1;0;0;0;0;0
214659;11;1;1300733;2021;8;16;1;3;5;3;0;1;0;0;0;0;1;0
214658;11;1;1300834;2021;7;21;6;3;3;6;2;0;0;0;1;0;1;1
214657;11;1;1200517;2021;7;14;5;2;6;4;0;0;1;1;0;1;0;0
214656;11;5;5100315;2021;8;18;6;2;2;6;0;0;1;0;0;0;0;0
214655;11;7;7501029;2021;7;14;6;3;5;3;0;0;1;0;0;0;0;0
214654;11;1;1100207;2021;7;19;6;2;5;3;0;0;1;0;0;0;0;0
214653;11;5;5300737;2021;8;8;5;3;1;7;0;0;1;0;0;0;0;0
214652;11;9;9200715;2021;7;14;5;3;5;2;0;1;1;0;0;0;0;0
214651;11;1;1100207;2021;8;13;5;3;5;3;0;1;1;0;0;0;0;0
214650;11;6;6200421;2021;8;18;3;3;2;6;0;0;1;0;0;0;0;0
214649;11;7;7200411;2021;8;16;3;2;5;3;0;0;1;0;1;0;0;1
214648;11;8;8100208;2021;8;20;1;3;5;3;1;0;1;0;0;0;1;0
214647;11;4;4500937;2021;7;19;4;3;2;6;0;0;1;0;0;0;0;0
214646;11;5;5100211;2021;8;16;3;2;0;7;0;1;1;0;0;0;0;0
214645;11;1;1100206;2021;8;18;7;3;1;5;0;0;1;0;1;0;0;0
214644;11;5;5200423;2021;7;12;6;3;5;7;0;0;1;0;0;0;0;0