OBJECTID;LAND;BEZ;LOR_ab_2021;UJAHR;UMONAT;USTUNDE;UWOCHENTAG;UKATEGORIE;UART;UTYP1;ULICHTVERH;IstRad;IstPKW;IstFuss;IstKrad;IstGkfz;IstSonstige;USTRZUSTAND
214643;11;4;4300518;2021;8;9;5;3;5;7;0;1;1;0;0;0;0;0
214642;11;1;1400937;2021;7;10;6;3;5;2;0;0;1;0;0;0;0;0
214641;11;4;4300517;2021;8;15;5;3;5;2;0;0;1;0;0;0;0;0
214640;11;1;1100205;2021;8;17;4;3;5;2;0;1;1;0;0;0;0;0
214639;11;2;2200213;2021;8;18;3;3;5;7;0;1;0;0;0;0;1;0
214638;11;1;1401045;2021;8;20;2;3;2;6;2;0;1;0;0;1;0;1
214637;11;4;4501040;2021;7;10;4;2;5;2;0;0;1;0;1;0;0;0
214636;11;10;10100311;2021;8;12;1;3;0;6;0;0;1;0;1;0;0;0
214635;11;2;2500835;2021;7;20;7;3;5;2;0;1;1;0;0;0;0;0
214634;11;6;6100204;2021;8;16;6;3;2;6;0;0;1;0;0;0;0;0
214633;11;8;8100415;2021;8;9;2;3;1;5;0;1;1;0;0;0;0;0
214632;11;4;4300623;2021;8;16;6;3;5;3;0;0;1;0;0;0;0;0
214631;11;8;8100209;2021;7;18;3;3;1;5;0;0;0;0;0;1;1;0
214630;11;10;10100315;2021;8;18;5;3;2;2;0;0;1;0;1;0;0;0
214629;11;11;11300722;2021;7;10;4;3;5;2;0;1;0;0;0;1;0;0
214628;11;4;4501042;2021;7;13;5;3;1;5;0;0;1;0;0;0;0;0
214627;11;6;6300528;2021;8;19;4;3;8;1;1;0;1;0;0;0;0;0
214626;11;2;2100104;2021;8;8;3;3;2;6;0;0;1;0;0;0;0;0
214625;11;5;5100208;2021;7;11;4;3;5;2;0;0;1;0;0;0;0;0
214624;11;6;6400737;2021;8;7;4;3;5;3;0;1;0;0;0;0;0;0
214623;11;3;3400828;2021;7;8;2;3;5;2;0;1;1;0;0;0;0;0
214622;11;2;2100103;2021;8;21;2;3;5;3;2;0;1;0;0;0;0;1
214621;11;2;2300314;2021;8;2;7;3;0;1;2;0;0;0;1;0;0;0
214620;11;1;1100313;2021;7;21;3;3;0;2;2;1;1;0;0;0;0;0
214619;11;7;7601544;2021;8;16;3;3;6;4;0;0;1;1;0;0;0;0
214618;11;3;3400620;2021;8;14;7;3;0;7;0;0;1;0;0;0;0;0
214617;11;12;12601235;2021;7;18;5;3;1;5;0;0;1;0;1;0;0;1
214616;11;7;7501135;2021;7;15;6;3;1;7;0;0;1;0;0;0;0;0
214615;11;6;6400844;2021;8;8;4;2;5;2;0;1;1;0;0;0;0;0
214614;11;8;8100103;2021;7;20;5;2;5;7;0;0;1;0;1;0;0;0
214613;11;1;1100102;2021;8;11;5;3;1;6;0;1;1;0;0;0;0;0
214612;11;1;1100309;2021;8;13;5;3;5;2;0;1;1;0;0;0;0;0
214611;11;1;1200517;2021;8;12;3;3;2;6;0;0;1;0;0;0;0;1
214610;11;1;1100311;2021;7;20;7;3;5;2;1;0;1;0;0;0;1;0
214609;11;9;9200819;2021;8;0;1;2;9;1;2;0;0;0;1;0;0;0
214608;11;3;3300516;2021;7;15;4;3;1;5;0;0;1;0;0;0;1;0
214607;11;10;10100311;2021;8;13;2;3;2;6;0;0;0;0;1;1;0;0
214606;11;11;11200411;2021;7;14;7;3;5;3;0;0;1;0;0;0;1;0
214605;11;1;1100205;2021;7;18;5;2;5;2;1;0;1;0;1;0;0;0
214604;11;12;12200515;2021;8;7;6;3;0;7;0;1;0;0;0;0;0;0
214603;11;1;1300834;2021;8;11;2;3;0;3;0;0;1;0;1;0;0;0
214602;11;1;1100311;2021;8;9;6;3;0;7;0;0;1;0;1;0;0;0
214601;11;7;7501029;2021;8;14;3;3;2;6;0;0;1;0;0;0;0;0
214600;11;9;9401534;2021;7;9;5;3;2;2;0;0;1;0;0;0;1;0
214599;11;3;3601245;2021;7;14;5;3;0;7;0;0;0;0;0;0;1;0
214598;11;4;4400727;2021;8;13;3;2;5;2;0;1;1;0;0;0;0;0
214597;11;12;12100102;2021;7;13;4;3;0;5;0;0;1;0;0;0;1;0
214596;11;2;2100102;2021;7;14;7;3;2;6;0;0;1;0;0;0;1;0
214595;11;8;8100314;2021;8;13;6;3;2;6;0;0;1;0;0;0;0;0
214594;11;3;3601243;2021;8;20;2;3;0;1;0;1;0;0;0;0;0;0
214593;11;10;10100208;2021;8;13;7;3;5;3;0;1;1;0;0;0;0;0
214592;11;4;4200311;2021;7;18;3;3;2;7;0;0;1;0;1;0;0;0
214591;11;4;4300620;2021;8;10;4;3;5;2;0;0;1;0;0;0;0;0
214590;11;12;12500825;2021;7;17;5;3;5;2;0;1;1;0;0;0;0;1
214589;11;4;4501148;2021;7;8;6;3;0;2;0;1;1;0;0;0;0;0
214588;11;9;9100306;2021;8;13;4;3;2;6;0;0;1;0;1;0;0;0
214587;11;9;9200715;2021;8;15;2;3;5;2;0;0;1;0;0;0;0;0
214586;11;10;10300734;2021;8;12;6;3;5;3;0;1;1;0;0;0;0;0
214585;11;5;5300736;2021;8;17;4;2;0;3;0;0;1;0;1;0;0;0
214584;11;5;5200528;2021;8;18;2;3;5;2;0;0;1;0;0;0;0;1
214583;11;7;7200413;2021;7;16;4;3;0;3;0;1;1;0;0;0;0;0
214582;11;4;4300619;2021;8;23;1;3;0;1;2;0;0;0;0;0;1;0
214581;11;4;4300517;2021;7;18;7;3;5;2;0;0;1;0;0;0;0;0
214580;11;8;8200623;2021;8;15;6;3;5;2;0;1;1;0;0;0;0;0
214579;11;5;5100208;2021;8;16;3;2;6;4;0;0;1;1;0;0;0;0
214578;11;11;11200512;2021;8;6;7;3;5;2;0;0;1;0;0;0;0;0
214577;11;12;12500927;2021;7;12;2;3;5;3;0;1;0;0;0;0;0;0
214576;11;5;5100316;2021;8;13;4;3;5;2;0;0;1;0;1;0;0;0
214575;11;9;9501939;2021;7;5;4;3;0;6;0;0;1;0;0;0;1;1
214574;11;5;5100208;2021;7;14;5;2;2;2;0;0;1;0;1;0;0;0
214573;11;10;10100102;2021;8;17;4;3;5;3;0;0;1;0;0;0;1;0
214572;11;1;1100309;2021;8;16;2;3;5;2;0;1;0;0;0;0;1;0
214571;11;4;4300412;2021;7;20;5;3;1;5;0;1;1;0;0;0;0;0
214570;11;4;4500936;2021;8;16;4;2;5;3;0;1;1;0;0;0;0;0
214569;11;2;2100104;2021;8;21;3;3;5;3;2;1;1;0;0;0;0;0
214568;11;1;1300836;2021;8;14;2;3;5;3;0;1;1;0;0;0;0;0
214567;11;1;1100102;2021;8;9;7;3;5;3;0;1;1;0;0;0;0;0
214566;11;4;4300517;2021;7;14;3;3;2;6;0;0;1;0;1;0;0;0
214565;11;4;4300412;2021;8;10;3;3;5;2;0;1;1;0;0;0;0;0
214564;11;8;8100312;2021;8;12;1;3;1;5;0;1;1;0;0;0;0;0
214563;11;5;5100104;2021;7;12;5;3;5;2;0;1;1;0;0;0;0;0
214562;11;10;10400938;2021;7;20;6;3;2;2;1;0;1;0;0;0;0;0
214561;11;12;12100204;2021;8;8;5;2;5;3;0;0;1;0;1;0;0;0
214560;11;7;7200410;2021;7;15;5;3;0;2;0;0;1;0;0;0;1;0
214559;11;1;1100309;2021;8;17;5;3;1;5;0;1;1;0;0;0;0;0
214558;11;2;2400624;2021;7;22;7;2;1;5;2;1;1;0;0;0;0;0
214557;11;5;5100210;2021;8;9;5;3;1;5;0;0;1;0;0;0;1;0
214556;11;1;1100415;2021;8;10;3;3;5;3;0;1;1;0;0;0;0;0
214555;11;9;9200717;2021;8;12;1;3;2;6;0;1;1;0;0;0;0;0
214554;11;6;6300632;2021;7;19;4;3;1;5;0;1;1;0;0;0;0;0
214553;11;7;7200414;2021;8;22;1;3;0;1;2;0;1;0;0;0;0;1
214552;11;11;11200410;2021;7;0;1;3;6;4;2;0;0;1;0;0;1;0
214551;11;7;7501031;2021;8;13;5;3;1;7;0;0;1;0;0;0;1;0
214550;11;12;12100205;2021;7;8;2;3;2;6;0;0;1;0;0;0;0;1
214549;11;9;9100101;2021;8;10;6;3;5;2;0;1;0;0;0;1;0;0
214548;11;8;8100311;2021;8;11;2;3;5;2;0;0;1;0;0;0;1;0
214547;11;5;5300840;2021;8;13;6;3;2;6;0;0;1;0;0;0;0;0
214546;11;2;2400521;2021;7;8;2;2;5;2;0;1;0;0;0;0;1;0
214545;11;11;11501238;2021;8;16;4;3;2;6;0;0;1;0;1;0;0;0
214544;11;2;2400625;2021;7;10;4;3;3;6;0;1;0;0;0;0;0;0
214543;11;9;9502042;2021;7;15;6;3;0;7;0;0;1;0;0;0;0;0
214542;11;2;2200209;2021;8;23;3;3;6;2;2;0;1;1;0;0;0;0
214541;11;4;4200308;2021;7;22;6;3;5;2;2;0;1;0;0;0;0;0
214540;11;4;4501043;2021;7;0;2;2;0;1;2;0;0;0;0;0;1;0
214539;11;5;5100316;2021;8;16;6;2;5;2;0;1;1;0;0;0;0;0
214538;11;1;1100310;2021;8;7;2;3;1;7;0;1;1;0;0;0;0;0
214537;11;2;2100106;2021;8;23;6;3;5;7;2;0;1;0;0;0;0;1
214536;11;4;4200311;2021;7;22;5;2;5;2;2;0;1;0;0;0;0;0
214535;11;1;1100416;2021;7;11;6;3;5;3;0;1;1;0;0;0;0;0
214534;11;1;1100310;2021;8;9;3;3;0;3;0;1;0;0;0;0;0;0
214533;11;4;4300622;2021;8;16;3;3;5;3;0;0;1;0;0;0;0;0
214532;11;8;8100105;2021;7;13;5;2;5;3;0;1;1;0;0;0;0;0
214531;11;10;10200627;2021;8;15;5;3;5;3;0;1;1;0;0;0;0;0
214530;11;3;3601452;2021;8;11;4;2;5;2;0;0;1;0;0;0;0;0
214529;11;10;10400940;2021;8;13;2;3;6;4;0;0;1;1;0;0;0;0
214528;11;10;10100311;2021;8;11;7;3;5;2;0;1;1;0;0;0;0;0
214527;11;3;3601142;2021;7;18;4;3;5;2;0;1;1;0;0;0;0;0
214526;11;6;6300634;2021;8;11;3;3;3;6;0;1;1;0;0;0;0;0
214525;11;1;1200625;2021;8;14;7;3;5;2;0;0;1;0;0;0;0;0
214524;11;9;9100408;2021;7;11;6;3;5;2;0;0;1;0;1;0;0;0
214523;11;3;3601450;2021;7;5;7;3;0;1;1;0;1;0;0;0;0;0
214522;11;1;1100308;2021;8;8;4;3;1;5;0;1;1;0;0;0;0;0
214521;11;4;4300622;2021;7;15;5;3;3;6;0;0;1;0;0;0;0;0
214520;11;6;6100102;2021;8;11;5;3;2;6;0;0;1;0;1;0;0;0
214519;11;7;7200307;2021;8;12;5;3;5;2;0;0;1;0;0;0;0;0
214518;11;12;12400617;2021;8;11;4;3;1;5;0;1;1;0;0;0;0;0
214517;11;12;12200412;2021;7;18;4;3;0;6;0;0;1;0;0;0;1;0
214516;11;1;1100415;2021;7;18;7;3;4;6;0;1;0;0;0;0;1;0
214515;11;3;3300516;2021;8;15;4;3;5;3;0;1;1;0;0;0;0;0
214514;11;9;9501737;2021;8;8;4;2;6;4;0;0;1;1;0;0;0;0
214513;11;4;4300414;2021;8;13;2;3;1;5;0;0;1;0;0;0;1;0
214512;11;11;11401135;2021;8;16;7;3;2;6;0;0;1;0;1;0;0;0
214511;11;1;1300733;2021;7;15;3;3;2;6;0;1;1;0;0;0;0;0
214510;11;10;10100312;2021;8;11;3;2;0;7;0;0;1;0;0;0;0;0
214509;11;5;5100208;2021;7;8;3;3;0;7;0;0;1;0;0;0;1;0
214508;11;5;5200528;2021;8;14;1;3;6;7;0;1;0;1;0;0;0;0
214507;11;4;4501040;2021;7;15;7;3;5;2;0;0;1;0;1;0;0;0
214506;11;2;2500830;2021;7;18;7;3;5;2;0;1;1;0;0;0;0;0
214505;11;4;4500938;2021;8;17;5;3;5;2;0;1;1;0;0;0;0;0
214504;11;8;8300934;2021;7;11;6;3;5;3;0;0;1;0;0;0;0;0
214503;11;4;4300412;2021;8;16;5;2;2;7;0;1;1;0;0;0;0;0
214502;11;5;5200630;2021;7;13;7;2;2;2;0;0;1;0;0;0;0;0
214501;11;3;3601142;2021;8;8;5;3;5;2;0;1;1;0;0;0;0;0
214500;11;11;11300722;2021;8;14;3;3;5;2;0;1;1;0;0;0;0;0
214499;11;9;9501939;2021;8;19;1;3;0;1;0;0;0;0;1;0;0;0
214498;11;9;9100408;2021;7;11;4;2;5;2;0;0;1;0;1;0;0;0
214497;11;9;9401329;2021;8;22;1;2;5;3;2;0;1;0;0;0;0;1
214496;11;10;10300734;2021;7;13;7;3;2;6;0;0;1;0;0;0;0;0
214495;11;7;7400826;2021;7;7;2;3;2;6;0;1;1;0;0;0;0;0
214494;11;8;8100521;2021;8;18;6;3;5;3;0;1;1;0;0;0;0;0
214493;11;12;12500825;2021;8;9;2;3;1;5;0;1;1;0;0;0;0;0
214492;11;7;7601341;2021;8;18;6;3;0;1;0;1;0;0;0;0;0;1
214491;11;1;1100416;2021;7;16;2;3;5;3;0;1;0;0;0;0;0;0
214490;11;2;2100104;2021;8;16;4;3;3;6;0;1;0;0;1;0;0;0
214489;11;11;11200512;2021;7;11;5;2;5;7;0;0;1;0;0;0;1;0
214488;11;1;1100312;2021;7;8;5;3;5;2;0;1;1;0;0;0;0;0
214487;11;1;1300834;2021;8;17;4;3;6;7;0;1;0;1;0;0;0;0
214486;11;6;6200313;2021;8;19;3;3;5;3;0;1;1;0;0;0;0;0
214485;11;9;9200819;2021;7;14;3;3;5;3;0;0;1;0;0;0;1;0
214484;11;9;9200715;2021;7;8;2;3;5;2;0;1;0;0;0;0;1;0
214483;11;2;2400520;2021;8;7;2;3;5;2;0;1;1;0;0;0;0;0
214482;11;2;2500833;2021;8;14;7;3;5;2;0;1;1;0;0;0;0;0
214481;11;9;9100305;2021;8;6;3;3;6;4;0;0;0;1;1;0;0;0
214480;11;10;10100209;2021;8;14;7;3;2;6;0;0;1;0;0;0;0;0
214479;11;1;2100104;2021;7;16;5;3;5;3;0;1;1;0;0;0;0;1
214478;11;9;9100305;2021;7;8;6;3;6;2;0;0;1;1;0;0;0;0
214477;11;2;2400623;2021;8;5;5;3;5;3;0;1;1;0;0;0;0;0
214476;11;3;3100103;2021;7;13;5;3;5;3;0;0;1;0;0;0;0;0
214475;11;4;4501042;2021;8;13;5;3;0;7;0;0;0;0;1;0;1;1
214474;11;6;6400844;2021;8;17;4;2;5;2;0;1;1;0;0;0;0;0
214473;11;7;7400928;2021;8;7;3;3;5;2;0;1;1;0;0;0;0;1
214472;11;7;7601236;2021;7;11;7;3;2;2;0;0;1;0;0;0;0;0
214471;11;6;6400843;2021;8;12;1;3;5;3;0;0;1;0;0;0;0;0
214470;11;2;2500835;2021;7;12;4;3;5;3;0;0;1;0;0;0;1;0
214469;11;9;9200717;2021;8;7;3;3;5;3;0;1;1;0;0;0;0;0
214468;11;1;1100309;2021;8;20;7;2;1;7;1;0;1;0;0;0;0;1
214467;11;2;2300314;2021;7;13;7;3;3;6;0;1;0;0;0;0;1;0
214466;11;1;1300732;2021;7;19;1;3;1;5;0;0;1;0;1;0;0;1
214465;11;1;1100309;2021;7;13;6;3;1;5;0;1;1;0;0;0;0;0
214464;11;4;4300416;2021;8;16;6;3;1;5;0;0;1;0;0;0;1;0
214463;11;2;2300417;2021;7;16;3;3;5;3;0;1;1;0;0;0;0;0
214462;11;9;9100407;2021;8;15;5;3;5;3;0;1;1;0;0;0;0;0
214461;11;1;1100101;2021;8;19;4;3;2;6;0;0;1;0;0;0;1;0
214460;11;2;2200210;2021;8;6;2;3;5;2;0;1;1;0;0;0;0;0
214459;11;1;1200520;2021;7;17;4;3;3;6;0;1;0;0;0;0;0;0
214458;11;2;2200209;2021;8;17;1;3;5;2;0;1;0;0;1;0;0;0
214457;11;12;12500928;2021;7;2;1;2;1;1;2;0;1;0;0;0;1;0
214456;11;9;9501736;2021;8;22;6;3;4;5;2;0;1;0;0;0;0;0
214455;11;2;2300315;2021;8;5;2;3;2;6;0;1;1;0;0;0;0;0
214454;11;1;1401045;2021;8;21;5;3;6;4;2;0;1;1;0;0;0;0
214453;11;6;6100204;2021;7;18;2;3;2;6;0;0;1;0;0;0;0;0
214452;11;5;5300736;2021;8;12;4;3;0;7;0;1;0;0;0;0;0;0
214451;11;2;2200207;2021;7;17;4;3;5;2;0;1;1;0;0;0;0;0
214450;11;8;8100419;2021;7;16;5;3;0;6;0;0;1;0;1;0;0;0
214449;11;3;3400620;2021;8;10;3;2;5;3;0;1;1;0;0;0;0;1
214448;11;7;7400823;2021;8;19;2;3;5;2;0;1;1;0;0;0;0;0
214447;11;6;6100209;2021;7;11;3;2;5;2;0;0;1;0;1;0;0;0
214446;11;8;8300934;2021;8;16;3;3;5;3;0;1;1;0;0;0;0;0
214445;11;4;4500937;2021;8;15;1;2;2;6;0;1;1;0;0;0;0;0
214444;11;1;1100308;2021;7;1;5;2;0;7;2;0;0;0;0;0;1;0
214443;11;7;7400824;2021;8;20;1;2;0;2;1;1;0;0;0;0;1;1
214442;11;2;2500728;2021;7;13;7;3;0;1;0;1;0;0;0;0;0;0
214441;11;3;3200308;2021;7;9;1;3;2;6;0;1;1;0;0;0;0;0
214440;11;4;4100101;2021;8;8;6;3;0;3;0;1;1;0;0;0;0;0
214439;11;5;5400942;2021;8;12;2;3;1;5;0;0;1;0;0;0;0;0
214438;11;5;5200631;2021;8;11;6;2;5;7;0;0;1;0;1;0;0;0
214437;11;1;1300730;2021;8;21;4;3;5;2;2;0;1;0;0;0;0;0
214436;11;12;12200412;2021;7;16;4;2;3;6;0;0;1;0;0;0;1;0
214435;11;4;4501042;2021;7;8;5;3;5;3;0;1;0;0;0;0;1;0
214434;11;4;4400726;2021;8;21;3;3;0;7;2;0;0;0;1;0;0;0
214433;11;9;9200614;2021;8;11;3;3;2;1;0;0;1;0;0;0;0;0
214432;11;4;4500938;2021;7;11;3;3;0;2;0;1;0;0;1;0;0;0
214431;11;5;5100314;2021;7;7;2;3;5;3;0;0;1;0;1;0;0;0
214430;11;8;8100312;2021;8;13;2;3;6;7;0;0;0;1;0;0;1;0
214429;11;7;7300516;2021;8;0;6;3;5;7;2;1;1;0;0;0;0;0
214428;11;1;1100415;2021;7;18;2;3;3;6;0;1;0;0;0;0;0;0
214427;11;9;9200511;2021;8;16;3;3;5;2;0;1;1;0;0;0;0;0
214426;11;3;3400831;2021;8;12;6;3;0;6;0;0;1;0;0;1;0;0
214425;11;1;1200520;2021;7;11;6;3;5;2;0;1;1;0;0;0;0;0
214424;11;4;4501149;2021;7;14;6;2;5;2;0;0;1;0;1;0;0;0
214423;11;7;7601442;2021;8;8;4;3;5;2;0;1;0;0;0;1;0;0
214422;11;10;10200629;2021;7;3;5;2;0;1;2;1;0;0;0;0;0;0
214421;11;4;4501045;2021;8;17;5;3;5;2;0;1;1;0;0;0;0;0
214420;11;11;11200411;2021;8;17;3;3;5;2;0;0;1;0;0;0;0;0
214419;11;10;10300734;2021;8;15;3;3;3;6;0;1;1;0;0;0;0;1
214418;11;1;1100102;2021;7;20;7;2;5;3;0;1;1;0;0;0;0;0
214417;11;6;6100209;2021;8;18;1;3;5;2;0;1;1;0;0;0;0;0
214416;11;7;7601340;2021;7;21;3;2;3;2;1;1;1;0;0;0;0;0
214415;11;8;8401241;2021;8;7;3;3;5;3;0;0;1;0;0;0;0;0
214414;11;8;8100314;2021;8;22;7;3;5;7;2;0;1;0;1;0;0;1
214413;11;4;4501042;2021;7;19;6;3;6;4;0;0;0;1;0;0;1;0
214412;11;11;11300725;2021;8;18;5;3;4;5;0;1;1;0;0;0;0;0
214411;11;3;3601450;2021;7;15;6;2;5;3;0;1;0;0;1;0;0;0
214410;11;2;2500835;2021;8;9;6;3;5;2;0;1;1;0;0;0;0;0
214409;11;6;6300631;2021;8;11;2;2;5;3;0;1;1;0;0;0;0;0
214408;11;5;5300735;2021;8;17;6;3;5;2;0;0;1;0;0;0;0;0
214407;11;2;2400521;2021;8;10;4;3;0;2;0;1;1;0;0;0;0;0
214406;11;3;3400721;2021;8;9;2;3;1;5;0;1;1;0;0;0;0;0
214405;11;1;1300836;2021;7;17;5;3;2;6;0;0;1;0;0;0;0;0
214404;11;11;11400930;2021;8;18;1;3;5;3;0;0;1;0;0;0;0;0
214403;11;7;7400823;2021;7;22;1;3;5;3;2;0;1;0;0;0;0;0
214402;11;3;3300517;2021;8;15;6;3;5;2;0;1;1;0;0;0;0;0
214401;11;9;9200819;2021;8;22;2;3;0;3;2;0;0;0;1;0;0;1
214400;11;4;4501040;2021;8;15;7;3;5;7;0;0;1;0;1;0;0;0
214399;11;2;2200209;2021;7;21;3;3;5;2;2;0;1;0;0;0;0;0
214398;11;9;9100407;2021;8;9;5;3;1;5;0;1;1;0;0;0;0;0
214397;11;9;9501737;2021;7;10;4;3;3;6;0;0;1;0;1;0;0;0
214396;11;9;9100304;2021;7;11;5;2;5;3;0;0;0;0;1;0;1;0
214395;11;8;8100314;2021;8;18;3;3;7;7;0;1;1;0;0;0;1;1
214394;11;2;2400521;2021;8;16;2;2;5;3;0;0;1;0;0;0;1;0
214393;11;4;4200206;2021;7;1;4;3;0;7;2;0;1;0;0;0;0;0
214392;11;9;9200715;2021;8;16;4;2;5;2;0;1;1;0;0;0;0;0
214391;11;7;7400721;2021;7;9;3;3;2;2;0;0;1;0;0;0;0;0
214390;11;2;2100105;2021;8;23;2;3;5;3;2;0;1;0;0;0;0;1
214389;11;11;11501238;2021;8;0;7;3;0;1;2;1;0;0;0;0;0;0
214388;11;5;5200420;2021;7;22;3;3;1;1;2;0;1;0;0;0;1;0
214387;11;2;2400522;2021;8;18;3;3;3;6;0;0;1;0;0;0;0;0
214386;11;1;1100416;2021;8;20;7;3;0;4;0;1;0;1;0;0;0;0
214385;11;1;1200623;2021;7;20;5;3;2;2;1;0;1;0;0;0;0;0
214384;11;2;2100104;2021;7;11;6;3;5;2;0;1;1;0;0;0;0;0
214383;11;1;1300733;2021;8;7;4;3;5;2;0;1;1;0;0;0;0;0
214382;11;5;5100211;2021;7;9;5;3;5;2;0;0;1;0;0;0;0;0
214381;11;5;5200631;2021;8;14;5;3;1;5;0;0;1;0;0;0;0;0
214380;11;9;9502043;2021;8;13;4;3;2;6;0;0;1;0;0;0;0;0
214379;11;5;5100211;2021;8;15;3;3;5;2;0;1;1;0;0;0;0;1
214378;11;1;1400942;2021;8;17;1;3;5;3;0;1;0;0;0;0;1;0
214377;11;1;1300836;2021;7;8;4;3;5;2;0;1;1;0;0;0;0;0
214376;11;1;1100101;2021;7;15;2;3;2;6;0;0;1;0;1;0;0;0
214375;11;7;7100102;2021;8;11;2;3;2;6;0;0;1;0;0;0;0;0
214374;11;2;2300316;2021;8;18;7;3;1;5;0;0;1;0;0;0;1;0
214373;11;4;4501042;2021;7;17;2;3;2;2;0;1;0;0;0;0;0;0
214372;11;4;4501045;2021;8;13;2;3;5;3;0;0;1;0;0;0;0;0
214371;11;7;7100205;2021;8;10;7;3;5;3;0;1;1;0;0;0;0;0
214370;11;1;1401045;2021;7;19;5;3;5;3;0;1;1;0;0;0;0;0
214369;11;12;12500825;2021;7;11;6;3;2;6;0;0;1;0;0;0;1;0
214368;11;3;3400723;2021;8;7;5;3;0;7;0;1;0;0;0;0;0;0
214367;11;3;3300412;2021;7;9;4;3;5;3;0;1;0;0;0;0;1;0
214366;11;4;4300619;2021;8;10;5;3;5;7;0;0;1;0;1;0;0;0
214365;11;11;11100204;2021;8;15;5;2;6;4;0;0;1;1;0;0;0;0
214364;11;1;1300732;2021;8;16;3;3;0;1;0;0;0;0;1;0;0;0
214363;11;12;12400619;2021;8;21;1;3;8;1;2;0;1;0;0;0;0;0
214362;11;2;2200213;2021;7;17;3;3;6;3;0;1;0;1;0;0;0;0
214361;11;5;5200632;2021;8;10;3;3;6;7;0;0;1;1;0;0;0;0
214360;11;4;4300620;2021;7;9;3;3;6;4;0;1;0;1;0;0;0;0
214359;11;1;1401048;2021;8;22;7;3;0;7;2;0;1;0;0;0;0;1
214358;11;3;3400725;2021;7;7;6;3;0;1;0;0;1;0;0;0;0;0
214357;11;1;1100415;2021;7;23;6;3;1;5;2;1;0;0;0;0;1;1
214356;11;8;8300934;2021;7;6;5;3;5;2;0;0;1;0;0;0;0;0
214355;11;11;11200513;2021;8;10;6;3;6;4;0;0;1;1;0;0;0;0
214354;11;8;8100419;2021;8;15;2;3;5;2;0;1;1;0;0;0;0;0
214353;11;9;9200819;2021;8;19;6;3;0;5;0;1;0;0;0;0;0;1
214352;11;8;8100206;2021;8;19;4;3;5;7;0;0;1;0;1;0;0;0
214351;11;2;2500728;2021;8;16;2;3;6;4;0;0;1;1;0;0;0;0
214350;11;6;6300634;2021;7;17;4;3;0;6;0;1;1;0;0;0;0;0
214349;11;2;2100104;2021;8;9;2;3;5;2;0;1;1;0;0;0;0;0
214348;11;6;6300524;2021;7;0;7;3;1;5;2;0;1;0;0;1;0;1
214347;11;10;10400939;2021;8;16;6;3;6;2;0;0;1;1;0;0;0;0
214346;11;4;4501148;2021;8;20;2;3;0;1;2;0;0;0;1;0;0;1
214345;11;2;2100101;2021;8;14;6;3;6;4;0;0;1;1;0;0;0;0
214344;11;10;10100312;2021;7;17;2;2;5;3;0;0;1;0;0;0;1;0
214343;11;5;5100208;2021;8;12;4;2;4;6;0;0;0;0;1;0;1;0
214342;11;9;9100101;2021;7;20;5;2;5;2;0;1;1;0;0;0;0;0
214341;11;4;4300517;2021;7;16;7;3;5;2;0;0;1;0;0;0;0;0
214340;11;10;10100315;2021;8;13;4;2;2;2;0;0;1;0;1;0;0;0
214339;11;4;4400833;2021;8;2;4;3;8;1;2;0;1;0;0;0;1;0
214338;11;5;5200420;2021;7;18;4;2;2;7;0;0;1;0;1;0;0;0
214337;11;6;6100103;2021;8;15;4;3;5;3;0;0;1;0;0;0;0;0
214336;11;11;11300723;2021;8;17;3;2;5;3;1;1;1;0;0;0;0;0
214335;11;8;8200624;2021;8;12;2;3;0;7;0;1;0;0;0;0;0;0
214334;11;12;12200309;2021;8;18;7;3;5;2;0;1;1;0;0;0;0;0
214333;11;1;1100309;2021;7;14;3;3;2;6;0;0;1;0;0;0;1;0
214332;11;4;4501041;2021;8;11;3;3;1;5;0;1;1;0;0;0;0;0
214331;11;8;8100415;2021;8;22;1;3;4;6;2;1;1;0;0;0;0;1
214330;11;4;4501150;2021;7;13;7;3;6;7;0;0;1;1;0;0;0;0
214329;11;2;2200207;2021;7;20;7;3;5;2;0;1;1;0;0;0;0;0
214328;11;3;3701660;2021;8;1;5;3;2;7;2;1;0;0;0;0;1;0
214327;11;6;6100101;2021;7;18;5;3;1;5;0;0;1;0;0;0;0;0
214326;11;2;2100102;2021;8;17;5;2;5;2;0;1;1;0;0;0;0;0
214325;11;8;8100209;2021;8;10;5;2;5;3;0;0;0;0;1;1;0;0
214324;11;10;10400835;2021;8;15;3;3;5;3;0;0;1;0;0;0;1;0
214323;11;12;12200414;2021;8;11;1;2;0;1;0;0;0;0;1;0;0;0
214322;11;2;2100104;2021;7;7;4;3;5;3;0;1;1;0;0;0;0;0
214321;11;7;7601237;2021;8;9;2;3;0;6;0;0;1;0;1;0;0;0
214320;11;1;1100311;2021;7;19;2;3;0;6;0;1;0;0;0;0;0;0
214319;11;2;2100104;2021;8;22;5;3;5;3;2;1;1;0;0;0;0;0
214318;11;11;11300619;2021;7;11;1;2;6;4;0;0;1;1;0;0;0;0
214317;11;10;10100314;2021;8;19;5;3;5;3;0;0;1;0;0;0;0;0
214316;11;4;4500937;2021;8;17;2;3;5;7;0;0;1;0;1;0;0;0
214315;11;8;8100102;2021;8;19;6;3;0;2;0;1;1;0;0;0;0;1
214314;11;7;7601237;2021;7;14;2;3;0;5;0;0;0;0;1;0;1;1
214313;11;1;1100309;2021;8;18;4;3;5;3;0;1;0;0;1;0;0;0