OBJECTID;LAND;BEZ;LOR_ab_2021;UJAHR;UMONAT;USTUNDE;UWOCHENTAG;UKATEGORIE;UART;UTYP1;ULICHTVERH;IstRad;IstPKW;IstFuss;IstKrad;IstGkfz;IstSonstige;USTRZUSTAND
214312;11;11;11200515;2021;7;8;4;3;2;2;0;0;1;0;0;0;1;0
214311;11;2;2200208;2021;7;0;5;3;5;3;2;0;1;0;0;0;0;0
214310;11;1;1200624;2021;8;17;3;3;0;2;0;1;1;0;0;0;0;0
214309;11;8;8200833;2021;7;16;3;3;0;1;0;0;0;0;0;0;1;0
214308;11;7;7501029;2021;7;7;3;3;5;2;0;1;0;0;0;0;1;0
214307;11;9;9200715;2021;8;14;2;3;2;2;0;0;1;0;0;0;0;0
214306;11;7;7501031;2021;7;13;6;2;1;5;0;1;1;0;0;0;0;0
214305;11;1;1200623;2021;7;15;5;3;0;1;0;0;0;0;0;0;1;0
214304;11;1;1200522;2021;8;8;5;3;5;3;0;1;1;0;0;0;0;0
214303;11;4;4501043;2021;8;9;2;3;5;3;0;0;1;0;0;0;1;0
214302;11;6;6400844;2021;8;4;5;2;1;5;2;0;1;0;0;0;0;0
214301;11;12;12500824;2021;8;13;3;3;5;2;0;1;1;0;0;0;0;0
214300;11;3;3501037;2021;7;16;5;3;0;5;0;1;1;0;0;0;0;1
214299;11;10;10300731;2021;7;9;5;3;2;2;0;0;1;0;1;0;0;0
214298;11;9;9100304;2021;8;20;2;3;5;2;1;1;1;0;0;0;0;0
214297;11;9;9502043;2021;7;15;4;3;0;6;0;1;0;0;0;0;0;0
214296;11;7;7400721;2021;7;14;6;3;0;6;0;0;1;0;1;0;0;0
214295;11;7;7200308;2021;7;15;1;3;3;6;0;1;1;0;0;0;0;0
214294;11;1;1300733;2021;8;14;6;3;2;6;0;0;1;0;0;0;0;0
214293;11;4;4501148;2021;8;20;2;3;5;2;2;0;1;0;1;0;0;1
214292;11;8;8100521;2021;8;8;6;3;5;3;0;1;1;0;0;0;0;0
214291;11;5;5300839;2021;7;15;3;3;5;3;0;1;1;0;0;0;0;0
214290;11;8;8200624;2021;7;12;5;3;5;3;0;1;1;0;0;0;0;0
214289;11;2;2100104;2021;7;15;6;3;5;3;0;1;1;0;0;0;0;0
214288;11;8;8100312;2021;8;11;4;3;2;6;0;1;1;0;0;0;0;0
214287;11;1;1100312;2021;8;10;4;3;6;4;0;1;1;1;0;0;0;0
214286;11;4;4501042;2021;7;13;4;3;0;6;0;0;1;0;0;0;1;0
214285;11;8;8100312;2021;7;19;7;3;2;6;0;0;1;0;0;0;1;0
214284;11;6;6200422;2021;8;16;4;3;6;2;0;0;1;1;0;0;0;0
214283;11;9;9200715;2021;8;15;4;3;5;2;0;0;1;0;0;0;0;0
214282;11;8;8100207;2021;8;14;2;3;2;6;0;0;1;0;0;0;0;0
214281;11;12;12200309;2021;8;15;7;2;5;7;0;0;1;0;1;0;0;0
214280;11;4;4400830;2021;7;8;3;3;3;6;0;1;1;0;0;1;0;0
214279;11;12;12200515;2021;8;20;3;3;5;3;1;1;1;0;0;0;0;0
214278;11;2;2200210;2021;8;22;7;3;0;1;2;0;0;0;0;0;1;1
214277;11;7;7601545;2021;7;9;7;3;5;3;0;0;1;0;0;0;0;0
214276;11;10;10200524;2021;7;12;7;3;2;6;0;0;1;0;0;0;0;0
214275;11;1;1100309;2021;8;8;5;3;2;6;0;1;1;0;0;0;1;0
214274;11;12;12500930;2021;7;12;6;3;5;2;0;1;1;0;0;0;0;0
214273;11;11;11100206;2021;7;18;6;3;5;2;0;1;1;0;0;0;0;0
214272;11;12;12200412;2021;8;11;6;3;2;6;0;0;1;0;0;0;0;0
214271;11;1;1100308;2021;8;20;4;3;6;4;1;1;1;1;0;0;0;0
214270;11;6;6300633;2021;8;7;3;3;6;6;0;1;0;1;0;0;0;1
214269;11;9;9401432;2021;8;14;7;3;3;6;0;0;1;0;1;0;0;0
214268;11;9;9200511;2021;7;10;4;3;1;5;0;0;1;0;0;0;1;0
214267;11;1;1400938;2021;8;22;1;3;5;3;2;0;1;0;0;0;0;0
214266;11;8;8200624;2021;7;5;2;2;5;2;0;0;1;0;1;0;0;0
214265;11;10;10300733;2021;7;13;2;3;5;3;0;1;1;0;0;0;0;0
214264;11;8;8100418;2021;8;7;6;3;5;3;0;1;1;0;0;0;0;0
214263;11;11;11300724;2021;8;8;2;3;5;3;0;1;1;0;0;0;0;0
214262;11;1;1100309;2021;8;19;6;3;6;4;0;1;0;1;0;0;0;1
214261;11;1;1100207;2021;7;8;2;2;3;6;0;0;0;0;1;0;1;1
214260;11;8;8100520;2021;8;20;4;3;5;3;1;1;1;0;0;0;0;0
214259;11;8;8100209;2021;7;15;4;3;1;5;0;0;1;0;0;0;0;0
214258;11;2;2400521;2021;7;6;5;3;3;6;0;0;1;0;1;0;0;0
214257;11;2;2500833;2021;8;17;4;3;5;3;0;1;1;0;0;0;0;0
214256;11;11;11400929;2021;8;7;3;3;5;3;0;1;1;0;0;0;0;0
214255;11;2;2500831;2021;7;13;3;3;5;3;0;1;1;0;0;0;0;0
214254;11;11;11300722;2021;7;15;2;3;5;2;0;1;1;0;0;0;0;0
214253;11;10;10100315;2021;8;14;2;3;5;2;0;1;1;0;0;0;0;0
214252;11;2;2500728;2021;8;12;7;3;0;1;0;1;0;0;0;0;0;0
214251;11;6;6400735;2021;8;19;3;3;0;1;1;1;0;0;0;0;0;0
214250;11;7;7601545;2021;8;20;7;3;6;7;1;0;0;1;0;0;1;0
214249;11;1;1200517;2021;7;14;5;3;0;1;0;1;0;0;0;0;0;0
214248;11;11;11501340;2021;7;17;6;3;6;4;0;1;0;1;0;0;0;0
214247;11;10;10300734;2021;8;7;5;3;6;4;0;0;1;1;0;0;0;0
214246;11;11;11400930;2021;7;14;5;3;2;6;0;0;1;0;0;0;0;0
214245;11;4;4300623;2021;7;17;6;3;5;7;0;0;1;0;1;0;0;0
214244;11;7;7200307;2021;8;19;5;3;1;5;0;0;1;0;1;0;0;0
214243;11;12;12200309;2021;8;12;4;3;0;1;0;0;0;0;1;0;0;0
214242;11;5;5200420;2021;8;17;3;3;5;3;0;0;1;0;0;0;1;0
214241;11;7;7601544;2021;8;16;1;3;5;2;0;1;1;0;0;0;0;0
214240;11;4;4501042;2021;7;15;3;3;1;5;0;1;1;0;0;0;0;0
214239;11;6;6100207;2021;8;17;3;3;3;6;0;1;0;0;0;0;0;0
214238;11;2;2400624;2021;8;2;7;3;5;3;1;0;1;0;0;0;0;0
214237;11;11;11100102;2021;8;14;6;3;5;2;0;1;1;0;0;0;0;0
214236;11;11;11401034;2021;8;14;2;3;5;3;0;1;1;0;0;0;0;0
214235;11;11;11300722;2021;8;21;6;3;0;1;2;0;0;0;0;0;1;1
214234;11;4;4200207;2021;7;18;5;3;3;6;0;1;1;0;0;0;0;0
214233;11;1;1100102;2021;7;17;6;2;0;2;0;0;1;0;0;0;1;0
214232;11;1;1200628;2021;8;9;3;3;0;2;0;0;1;0;1;0;0;1
214231;11;10;10100311;2021;8;5;3;3;5;3;0;1;1;0;0;0;0;0
214230;11;1;1300836;2021;7;9;5;3;0;5;0;0;1;0;1;0;0;0
214229;11;7;7100205;2021;7;14;7;3;5;2;0;1;1;0;0;0;0;0
214228;11;5;5300735;2021;8;13;5;3;5;2;0;0;1;0;0;0;0;0
214227;11;1;1200629;2021;8;12;4;3;2;6;0;0;1;0;1;0;0;0
214226;11;5;5100209;2021;8;7;2;2;5;3;0;1;1;0;0;0;0;0
214225;11;1;1100309;2021;8;19;7;3;0;5;0;1;0;0;0;0;0;0
214224;11;2;2200210;2021;7;7;3;3;5;3;0;0;1;0;0;0;1;0
214223;11;5;5100313;2021;8;11;3;3;5;2;0;1;1;0;0;0;0;0
214222;11;12;12400619;2021;8;21;7;3;9;1;2;0;1;0;0;0;0;1
214221;11;5;5300840;2021;7;13;6;2;5;2;0;1;1;0;0;0;0;0
214220;11;2;2300315;2021;7;6;7;3;0;1;0;1;0;0;0;0;0;0
214219;11;8;8100314;2021;8;12;4;3;1;5;0;0;1;0;0;0;1;0
214218;11;2;2300418;2021;7;22;5;2;3;6;2;1;1;0;0;0;0;0
214217;11;7;7601443;2021;8;16;6;3;5;2;0;1;0;0;0;1;0;0
214216;11;4;4300622;2021;8;2;4;2;0;7;2;1;0;0;0;0;0;0
214215;11;1;1100313;2021;8;14;3;3;0;2;0;1;0;0;1;0;0;1
214214;11;7;7601442;2021;8;20;1;3;5;2;1;0;1;0;0;0;0;0
214213;11;7;7200308;2021;7;20;5;2;5;2;0;0;1;0;0;0;1;0
214212;11;6;6100209;2021;8;13;1;3;5;2;0;1;1;0;0;0;0;0
214211;11;1;1100313;2021;7;7;6;2;5;3;0;0;0;0;1;1;0;0
214210;11;5;5200423;2021;7;7;7;3;5;3;0;0;1;0;0;0;0;0
214209;11;6;6200311;2021;8;12;6;3;1;5;0;1;1;0;0;0;0;0
214208;11;6;6400844;2021;8;7;2;3;5;7;0;1;1;0;0;0;0;0
214207;11;1;1100102;2021;8;17;5;3;2;6;0;0;1;0;0;0;0;1
214206;11;1;1100312;2021;7;9;2;3;2;6;0;0;0;0;1;0;1;1
214205;11;12;12200309;2021;8;8;5;2;3;6;0;0;1;0;0;0;0;0
214204;11;1;1100309;2021;7;12;4;3;5;2;0;1;0;0;0;1;0;0
214203;11;1;1100207;2021;7;14;5;3;5;2;0;0;0;0;1;0;1;0
214202;11;1;1100308;2021;8;10;4;3;5;7;0;1;1;0;0;0;0;0
214201;11;2;2500726;2021;8;14;3;3;6;4;0;0;1;1;0;0;0;0
214200;11;8;8200831;2021;7;14;3;3;6;7;0;0;1;1;0;0;0;0
214199;11;1;1300836;2021;7;7;3;3;5;2;0;1;1;0;0;0;0;0
214198;11;2;2100101;2021;8;11;2;3;2;6;0;0;0;0;1;0;1;0
214197;11;1;1200517;2021;8;20;7;3;5;3;1;1;1;0;0;0;0;0
214196;11;4;4200310;2021;7;17;2;3;3;6;0;0;1;0;0;1;0;0
214195;11;3;3300411;2021;8;17;2;3;5;3;0;1;1;0;0;0;0;0
214194;11;1;1100309;2021;8;4;7;2;8;1;2;0;0;0;1;0;0;1
214193;11;7;7501031;2021;7;14;6;3;2;6;0;0;1;0;1;0;0;0
214192;11;9;9200717;2021;7;12;6;2;4;6;0;0;1;0;0;0;0;0
214191;11;9;9401534;2021;8;13;5;3;1;5;0;1;1;0;0;0;0;0
214190;11;2;2100104;2021;7;7;5;3;0;2;0;1;0;0;0;0;0;0
214189;11;5;5200420;2021;8;15;5;3;3;6;0;0;1;0;0;1;0;0
214188;11;3;3400830;2021;8;14;5;3;2;6;0;0;1;0;0;1;0;0
214187;11;2;2200213;2021;8;15;3;3;0;3;0;1;0;0;0;0;0;1
214186;11;4;4501152;2021;8;16;1;3;2;6;0;0;1;0;1;0;0;0
214185;11;8;8200831;2021;7;12;3;3;5;2;0;1;1;0;0;0;0;0
214184;11;11;11300721;2021;8;11;3;3;5;3;0;0;1;0;0;0;0;0
214183;11;3;3300516;2021;8;13;7;3;0;3;0;0;1;0;1;0;0;0
214182;11;12;12601235;2021;7;11;6;2;6;4;0;0;1;1;0;0;0;0
214181;11;3;3601452;2021;8;9;5;3;6;7;0;1;0;1;0;0;0;0
214180;11;2;2500835;2021;7;19;6;3;2;6;0;0;1;0;0;0;0;0
214179;11;1;1400938;2021;8;19;6;3;1;5;0;0;1;0;0;0;1;0
214178;11;4;4400727;2021;8;8;2;3;6;4;0;0;1;1;0;0;0;0
214177;11;8;8100314;2021;8;4;5;3;5;3;1;0;1;0;0;0;0;0
214176;11;1;1100207;2021;8;14;3;3;5;3;0;1;1;0;0;0;0;0
214175;11;5;5200629;2021;8;9;2;2;3;6;0;0;1;0;0;1;0;0
214174;11;6;6300525;2021;7;20;4;2;5;2;0;1;1;0;0;0;0;0
214173;11;4;4400835;2021;8;22;1;3;1;5;2;0;1;0;0;0;0;1
214172;11;6;6400735;2021;7;18;2;2;9;1;0;0;1;0;0;0;0;0
214171;11;12;12500824;2021;8;15;6;3;5;3;0;1;0;0;1;0;0;0
214170;11;4;4501042;2021;7;14;6;3;6;4;0;0;0;1;1;0;0;0
214169;11;6;6300632;2021;7;13;6;3;5;3;0;0;1;0;0;0;0;0
214168;11;7;7100102;2021;8;18;5;3;5;2;0;1;1;0;0;0;0;0
214167;11;1;1100207;2021;8;17;4;3;5;3;0;0;1;0;0;0;0;0
214166;11;9;9200511;2021;8;18;4;2;5;2;0;1;1;0;0;0;0;0
214165;11;2;2100101;2021;8;8;2;3;5;2;0;1;0;0;0;0;0;0
214164;11;1;1100308;2021;7;2;5;3;1;1;2;0;1;0;0;0;1;0
214163;11;8;8200832;2021;8;12;2;3;2;6;0;0;1;0;0;0;0;0
214162;11;11;11300725;2021;7;16;1;2;1;5;0;0;1;0;0;0;1;0
214161;11;6;6200313;2021;8;12;6;3;2;6;0;0;1;0;0;0;0;0
214160;11;3;3701554;2021;8;13;2;3;5;7;0;0;1;0;1;0;0;0
214159;11;11;11300826;2021;8;8;5;3;5;3;0;1;0;0;0;0;0;0
214158;11;9;9501939;2021;7;15;3;3;5;2;0;1;1;0;0;0;0;0
214157;11;12;12100102;2021;8;10;5;3;5;2;0;1;1;0;0;0;0;0
214156;11;9;9200715;2021;7;9;4;3;0;7;0;1;0;0;0;1;0;0
214155;11;1;1300732;2021;7;10;5;3;5;2;0;0;1;0;0;0;1;0
214154;11;1;1100205;2021;8;16;4;3;5;2;0;1;1;0;0;0;0;0
214153;11;6;6300525;2021;8;17;2;3;5;2;0;1;1;0;0;0;0;0
214152;11;1;1100415;2021;7;19;4;3;1;5;0;1;1;0;0;0;0;0
214151;11;12;12400618;2021;8;11;4;3;5;2;0;1;1;0;0;0;0;0
214150;11;6;6400737;2021;7;15;2;3;2;2;0;0;1;0;0;0;0;0
214149;11;2;2200212;2021;8;19;2;3;0;2;0;1;0;0;0;0;1;0
214148;11;11;11501340;2021;8;10;7;2;5;2;0;1;1;0;0;0;0;0
214147;11;11;11300826;2021;7;17;2;3;5;3;0;1;1;0;0;0;0;0
214146;11;1;1100310;2021;8;18;2;3;1;5;0;1;1;0;0;0;0;0
214145;11;2;2300314;2021;8;10;7;3;3;6;0;1;1;0;0;0;0;0
214144;11;11;11300724;2021;7;17;5;3;0;7;0;1;1;0;0;0;0;1
214143;11;1;1100308;2021;7;14;6;3;5;2;0;1;1;0;0;0;0;0
214142;11;1;1200623;2021;8;12;4;3;0;2;0;1;1;0;0;0;0;0
214141;11;8;8401241;2021;7;14;4;3;2;6;0;0;1;0;0;0;0;0
214140;11;7;7100102;2021;8;22;5;3;5;3;2;1;1;0;0;0;0;0
214139;11;11;11501341;2021;8;19;5;2;6;4;0;0;1;1;0;0;0;0
214138;11;11;11300620;2021;8;15;3;3;1;5;0;0;1;0;0;0;0;0
214137;11;11;11200512;2021;8;18;1;3;1;5;0;1;1;0;0;0;0;0
214136;11;11;11200513;2021;7;17;4;3;5;3;0;1;1;0;0;0;0;0
214135;11;1;1401044;2021;8;4;2;3;8;1;1;0;1;0;0;0;0;0
214134;11;11;11100204;2021;8;17;1;2;6;4;0;0;1;1;0;0;0;0
214133;11;3;3100101;2021;7;15;6;3;5;2;0;0;1;0;1;0;0;0
214132;11;2;2300419;2021;8;10;5;3;2;6;0;0;1;0;0;0;0;0
214131;11;2;2100101;2021;7;14;5;3;1;5;0;1;1;0;0;0;0;0
214130;11;6;6100206;2021;8;7;6;3;5;2;0;0;1;0;0;0;0;0
214129;11;9;9100409;2021;8;16;2;3;6;7;0;0;1;1;0;0;0;0
214128;11;1;1100310;2021;8;17;6;3;6;7;0;0;0;1;0;0;1;0
214127;11;7;7100205;2021;7;7;7;3;8;1;0;0;1;0;0;0;0;0
214126;11;1;1300733;2021;8;21;4;3;5;2;2;1;0;0;0;0;0;0
214125;11;9;;2021;8;10;2;3;0;1;0;0;1;0;0;0;0;0
214124;11;8;8301036;2021;7;5;5;2;5;2;0;1;0;0;0;0;1;0
214123;11;1;1200520;2021;7;17;5;3;4;6;0;0;1;0;0;0;0;0
214122;11;8;8100417;2021;8;13;3;2;6;4;0;0;1;1;0;0;0;0
214121;11;8;8100417;2021;7;13;4;3;5;3;0;1;1;0;0;0;0;0
214120;11;2;2400625;2021;7;21;7;3;0;1;1;0;0;0;1;0;0;0
214119;11;1;1100311;2021;8;20;6;2;3;6;1;1;0;0;0;0;0;0
214118;11;1;1100312;2021;8;16;3;3;5;3;0;1;1;0;0;0;0;0
214117;11;12;12200309;2021;8;22;6;3;8;1;2;0;1;0;0;0;0;1
214116;11;7;7400824;2021;7;20;3;2;5;3;1;1;1;0;0;0;0;0
214115;11;7;7200409;2021;8;10;4;3;1;5;0;1;1;0;0;0;0;0
214114;11;5;5100316;2021;7;14;5;3;5;2;0;0;1;0;0;0;0;0
214113;11;5;5300736;2021;7;17;7;3;5;2;0;1;1;0;0;0;0;0
214112;11;4;4100102;2021;8;18;4;2;6;4;0;0;1;1;0;0;0;0
214111;11;4;4300620;2021;8;11;4;3;5;7;0;0;1;0;0;0;0;0
214110;11;6;6100208;2021;7;20;4;3;1;5;1;0;1;0;0;0;1;0
214109;11;2;2500727;2021;8;9;4;3;5;3;0;1;1;0;0;0;0;0
214108;11;3;3400826;2021;8;16;3;3;5;7;0;1;1;0;0;0;0;0
214107;11;2;2400522;2021;8;21;2;3;6;2;2;0;0;1;0;0;1;1
214106;11;5;5300841;2021;8;20;7;3;0;1;1;0;0;0;1;0;0;0
214105;11;7;7601442;2021;7;11;4;3;5;2;0;1;1;0;0;0;0;0
214104;11;12;12200412;2021;8;22;3;3;5;2;1;0;1;0;0;0;0;1
214103;11;4;4300619;2021;8;9;7;2;5;2;0;1;1;0;0;0;0;0
214102;11;12;12500929;2021;7;14;7;3;5;3;0;1;1;0;0;0;0;0
214101;11;2;2100102;2021;7;10;7;3;1;5;0;1;1;0;0;0;0;0
214100;11;6;6300526;2021;8;13;5;3;6;4;0;0;0;1;0;0;1;0
214099;11;1;1100416;2021;8;15;3;3;0;1;0;0;0;0;1;0;0;0
214098;11;1;1100102;2021;8;15;7;3;0;2;0;1;1;0;0;0;0;0
214097;11;4;4501042;2021;7;19;3;2;0;1;0;0;0;0;0;0;1;0
214096;11;1;1100416;2021;8;7;4;3;5;2;0;1;0;0;0;0;0;0
214095;11;7;7100205;2021;7;18;4;3;5;3;0;1;1;0;0;0;0;0
214094;11;7;7601341;2021;7;11;5;3;5;7;0;0;1;0;0;0;1;0
214093;11;4;4501040;2021;8;19;3;3;1;5;0;1;1;0;0;0;0;0
214092;11;11;11200410;2021;8;17;2;2;6;4;0;0;1;1;0;0;0;0
214091;11;9;9200715;2021;7;8;4;2;5;2;0;0;1;0;1;0;0;0
214090;11;1;1400942;2021;8;10;4;3;5;3;0;0;1;0;1;0;0;0
214089;11;8;8200623;2021;7;12;3;3;6;2;0;0;1;1;0;0;0;0
214088;11;3;3601346;2021;8;13;2;3;1;5;0;1;1;0;0;0;0;0
214087;11;3;3200310;2021;8;17;7;2;5;7;0;1;1;0;0;0;0;0
214086;11;11;11300721;2021;7;13;3;3;5;2;0;1;1;0;0;0;0;0
214085;11;5;5100211;2021;8;16;3;2;5;2;0;0;1;0;1;0;0;0
214084;11;3;3300411;2021;8;17;1;3;6;4;0;0;1;1;0;0;0;0
214083;11;1;1200627;2021;7;19;5;3;0;2;0;1;1;0;0;0;0;1
214082;11;1;1200521;2021;7;1;6;2;0;1;2;1;0;0;0;0;0;0
214081;11;8;8100416;2021;8;9;4;3;2;6;0;0;1;0;0;0;0;0
214080;11;1;1100308;2021;7;17;6;2;0;1;0;1;0;0;0;0;0;0
214079;11;12;12100102;2021;7;13;6;3;5;3;0;1;0;0;1;0;0;0
214078;11;3;3500934;2021;8;15;5;3;2;6;0;1;1;0;0;0;0;0
214077;11;10;10200423;2021;8;9;5;3;2;3;0;1;1;0;0;0;0;0
214076;11;4;4400726;2021;8;13;3;3;5;3;0;0;1;0;1;0;0;1
214075;11;1;1401045;2021;7;16;7;3;3;6;0;0;1;0;0;0;0;0
214074;11;8;8200831;2021;8;12;1;3;5;3;0;0;1;0;0;0;0;0
214073;11;4;4501042;2021;7;22;4;3;5;2;2;0;1;0;0;0;0;0
214072;11;8;8300934;2021;8;15;1;3;2;6;0;0;1;0;1;0;0;0
214071;11;5;5300736;2021;7;15;6;3;5;3;0;0;1;0;0;0;0;0
214070;11;7;7200411;2021;8;12;5;3;6;4;0;1;0;1;0;0;0;0
214069;11;12;12400723;2021;7;18;1;3;6;7;0;0;1;1;0;0;0;1
214068;11;7;7100102;2021;8;7;6;3;2;2;0;1;1;0;0;0;0;0
214067;11;6;6100210;2021;8;21;1;3;5;3;2;1;1;0;0;0;0;1
214066;11;2;2400623;2021;8;16;6;3;8;1;0;0;0;0;0;0;1;0
214065;11;8;8100314;2021;7;7;2;3;6;4;0;0;1;1;0;0;0;1
214064;11;1;1100101;2021;8;7;4;3;0;7;0;1;1;0;0;0;0;0
214063;11;11;11501341;2021;7;10;5;3;5;3;0;1;1;0;0;0;0;0
214062;11;11;11300725;2021;7;15;5;3;6;4;0;0;0;1;0;0;1;0
214061;11;5;5300737;2021;8;11;3;3;2;6;0;0;1;0;0;0;0;0
214060;11;1;1300733;2021;7;7;4;3;5;2;0;1;1;0;0;0;0;0
214059;11;6;6300633;2021;7;9;2;3;2;7;0;1;1;0;0;0;0;0
214058;11;3;3200310;2021;8;22;6;3;6;4;2;0;1;1;0;0;0;0
214057;11;6;6400736;2021;8;10;2;3;5;2;0;1;1;0;0;0;0;0
214056;11;4;4501041;2021;8;10;6;3;2;6;0;0;1;0;0;0;0;0
214055;11;4;4501042;2021;7;17;5;3;5;7;0;0;1;0;1;0;0;0
214054;11;7;7601545;2021;7;16;6;3;1;5;0;1;1;0;0;0;0;0
214053;11;11;11501340;2021;8;11;4;3;1;5;0;1;1;0;0;0;0;0
214052;11;12;12100206;2021;8;11;3;3;2;6;0;0;1;0;0;0;1;0
214051;11;5;5100207;2021;7;19;5;2;5;3;0;1;1;0;0;0;0;0
214050;11;2;2400521;2021;7;10;7;3;5;3;0;1;0;0;0;0;1;0
214049;11;4;4500939;2021;8;11;5;3;5;3;0;0;1;0;0;0;0;0
214048;11;12;12200309;2021;8;16;4;3;6;2;0;0;1;1;0;0;0;0
214047;11;1;1200522;2021;8;13;2;3;4;5;0;1;0;0;0;0;1;0
214046;11;1;1100310;2021;8;6;7;3;0;1;0;1;0;0;0;0;0;0
214045;11;8;8100102;2021;7;17;4;3;1;5;0;1;1;0;0;0;0;0
214044;11;1;1100313;2021;8;8;3;3;5;3;0;1;0;0;0;0;1;0
214043;11;7;7200414;2021;8;0;1;2;0;3;2;1;0;0;1;0;0;1
214042;11;7;7601341;2021;7;16;6;3;5;3;0;1;1;0;0;0;0;0
214041;11;5;5200418;2021;7;17;7;3;0;5;0;0;1;0;0;0;0;0
214040;11;5;5300735;2021;8;7;4;3;0;1;0;0;1;0;1;0;0;0
214039;11;6;6100101;2021;7;17;5;3;1;1;0;0;1;0;1;0;0;1
214038;11;2;2300418;2021;8;12;6;3;5;7;0;0;1;0;0;0;1;0
214037;11;4;4300517;2021;8;17;5;3;0;6;0;0;1;0;1;0;0;1
214036;11;9;9200716;2021;8;15;3;3;0;1;0;0;0;0;1;0;0;0
214035;11;6;6100103;2021;8;16;1;3;6;7;0;1;0;1;0;0;0;0
214034;11;6;6100101;2021;7;10;4;2;1;7;0;0;1;0;0;0;0;0
214033;11;4;4200203;2021;8;16;1;2;8;1;0;1;0;0;0;0;0;1
214032;11;12;12100204;2021;7;11;3;3;5;2;0;0;1;0;0;0;1;0
214031;11;10;10100311;2021;7;6;6;3;8;1;0;0;0;0;1;0;0;0
214030;11;5;5200633;2021;7;5;2;2;5;2;0;0;1;0;1;0;0;0
214029;11;9;9100304;2021;7;11;1;3;5;2;0;0;1;0;0;0;0;0
214028;11;10;10100311;2021;8;22;6;2;5;7;2;1;0;0;0;0;1;0
214027;11;8;8401243;2021;8;10;2;3;8;1;0;0;0;0;1;0;0;0
214026;11;1;1100309;2021;8;19;6;3;0;1;0;1;0;0;1;0;0;1
214025;11;1;1200520;2021;7;0;1;2;0;7;2;0;0;0;0;0;1;0
214024;11;7;7601340;2021;7;11;6;3;5;2;0;1;1;0;0;0;0;0
214023;11;2;2500830;2021;8;18;5;2;0;7;0;1;0;0;0;0;0;0
214022;11;3;3100103;2021;8;8;5;3;0;3;0;1;0;0;1;0;0;0
214021;11;1;1100313;2021;8;6;3;3;5;3;0;0;1;0;1;0;0;0
214020;11;10;10100311;2021;8;14;7;3;5;2;0;1;1;0;0;0;0;0
214019;11;11;11501340;2021;7;11;4;2;5;7;0;0;1;0;0;0;1;0
214018;11;1;1100308;2021;8;4;1;3;1;5;2;0;1;0;0;0;1;0
214017;11;7;7300619;2021;7;8;1;3;5;2;0;1;1;0;0;0;0;0
214016;11;5;5200633;2021;7;11;2;3;2;6;0;0;1;0;0;0;0;0
214015;11;12;12400720;2021;8;8;6;3;2;6;0;1;1;0;0;0;0;0
214014;11;9;9501737;2021;8;13;2;3;5;2;0;1;1;0;0;0;0;0
214013;11;1;1100205;2021;8;13;6;3;3;2;0;0;1;0;0;0;0;0
214012;11;7;7100102;2021;7;18;2;2;5;7;0;1;1;0;0;0;0;0
214011;11;5;5300737;2021;8;1;4;3;0;1;2;0;0;0;0;0;1;1
214010;11;3;3601245;2021;7;10;4;3;4;5;0;1;1;0;0;0;0;0
214009;11;7;7200308;2021;7;8;5;3;2;2;0;1;1;0;0;0;0;0
214008;11;11;11200514;2021;8;17;2;3;5;3;0;1;1;0;0;0;0;0
214007;11;4;4300518;2021;7;12;3;3;5;2;0;0;0;0;1;0;1;1
214006;11;11;11200410;2021;7;14;2;3;6;4;0;0;0;1;0;0;1;0
214005;11;3;3400831;2021;8;23;6;2;9;1;2;0;1;0;0;0;0;0
214004;11;2;2300316;2021;8;19;3;3;3;6;0;0;1;0;1;0;0;0
214003;11;1;1100416;2021;8;21;6;3;0;1;2;1;0;0;0;0;0;1
214002;11;5;5300737;2021;7;15;5;3;5;3;0;0;1;0;0;0;0;0
214001;11;2;2400623;2021;7;17;6;3;2;1;0;0;1;0;0;0;0;0
214000;11;2;2100106;2021;8;3;5;3;5;2;2;0;1;0;0;0;0;0
213999;11;11;11300722;2021;7;12;5;3;1;5;0;1;1;0;0;0;0;0
213998;11;4;4100101;2021;7;15;7;3;1;5;0;1;0;0;0;0;1;0
213997;11;1;1100308;2021;8;15;5;3;2;6;0;0;1;0;0;0;0;0
213996;11;6;6300528;2021;8;16;4;3;5;3;0;0;1;0;0;0;0;0
213995;11;1;1100308;2021;8;17;3;3;5;2;0;1;0;0;0;0;1;0
213994;11;3;3400618;2021;8;10;1;3;0;1;0;1;1;0;0;0;0;0
213993;11;9;9401534;2021;7;12;4;3;3;6;0;0;1;0;1;0;0;0
213992;11;1;1200626;2021;8;18;3;3;3;6;0;1;1;0;0;0;0;0
213991;11;12;12100205;2021;8;12;1;2;0;1;0;0;0;0;1;0;0;0
213990;11;9;9501737;2021;7;12;7;3;6;4;0;0;1;1;0;0;0;0
213989;11;5;5100316;2021;7;14;1;2;9;1;0;1;0;0;0;0;0;0
213988;11;1;1200629;2021;8;14;5;3;5;7;0;0;1;0;0;0;0;0
213987;11;7;7501030;2021;7;14;6;2;6;4;0;0;1;1;0;0;0;0
213986;11;7;7100101;2021;8;19;5;3;0;1;0;0;0;0;1;0;0;0
213985;11;9;9401635;2021;8;16;5;3;5;3;0;1;1;0;0;0;0;0
213984;11;2;2200209;2021;8;16;4;2;5;2;0;1;1;0;0;0;0;0
213983;11;6;6100206;2021;8;20;2;3;2;6;2;0;1;0;0;0;0;1