OBJECTID;LAND;BEZ;LOR_ab_2021;UJAHR;UMONAT;USTUNDE;UWOCHENTAG;UKATEGORIE;UART;UTYP1;ULICHTVERH;IstRad;IstPKW;IstFuss;IstKrad;IstGkfz;IstSonstige;USTRZUSTAND
213982;11;9;9100304;2021;7;14;4;2;6;4;0;0;1;1;0;0;0;0
213981;11;2;2300316;2021;8;20;1;3;1;7;1;0;1;1;0;0;0;0
213980;11;10;10400940;2021;7;15;1;3;4;1;0;1;0;0;0;0;0;0
213979;11;4;4501148;2021;8;22;6;3;5;2;2;1;1;0;0;0;0;0
213978;11;4;4300416;2021;8;15;2;2;5;2;0;1;1;0;0;0;0;0
213977;11;2;2300316;2021;8;15;6;3;5;2;0;1;1;0;0;0;0;0
213976;11;6;6400838;2021;7;16;2;3;1;5;0;0;1;0;0;0;1;0
213975;11;6;6100210;2021;8;9;5;3;1;5;0;1;1;0;0;0;0;0
213974;11;11;11200513;2021;7;22;4;3;5;3;2;0;1;0;0;0;0;0
213973;11;4;1200522;2021;7;14;5;2;0;6;0;0;1;0;1;0;0;0
213972;11;1;1100101;2021;8;0;4;3;0;1;2;1;0;0;0;0;0;0
213971;11;1;1401045;2021;8;17;2;3;6;7;0;1;0;1;0;0;0;0
213970;11;6;6200315;2021;7;12;6;3;0;6;0;0;1;0;1;0;0;0
213969;11;4;4300415;2021;7;15;2;3;3;6;0;0;1;0;1;0;0;0
213968;11;2;2300314;2021;8;8;2;3;5;3;0;0;1;0;0;0;1;0
213967;11;1;1100312;2021;8;20;7;3;5;2;1;1;1;0;0;0;0;0
213966;11;10;10200418;2021;7;11;2;3;5;2;0;0;1;0;0;0;0;0
213965;11;8;8100105;2021;8;18;2;3;5;2;0;1;1;0;0;0;0;0
213964;11;4;4300623;2021;8;15;6;3;5;7;0;1;1;0;0;0;0;0
213963;11;12;12601031;2021;7;0;6;3;8;1;2;0;1;0;0;0;0;0
213962;11;2;2400625;2021;7;20;6;3;5;2;1;1;1;0;0;0;0;0
213961;11;6;6200421;2021;8;12;5;3;3;6;0;0;1;0;1;0;0;0
213960;11;4;4200308;2021;7;17;4;2;1;1;0;0;1;0;1;0;0;0
213959;11;5;5100315;2021;8;15;5;3;2;2;0;0;1;0;0;0;1;0
213958;11;12;12500824;2021;8;14;3;3;5;3;0;1;1;0;0;0;0;0
213957;11;1;1100310;2021;7;6;4;3;5;2;0;0;1;0;0;0;0;0
213956;11;3;3300516;2021;7;13;5;3;5;2;0;0;1;0;0;0;0;0
213955;11;2;2100102;2021;8;20;3;3;5;2;1;1;1;0;0;0;0;1
213954;11;1;1100310;2021;8;20;2;3;3;6;0;0;1;0;0;0;0;0
213953;11;1;1200628;2021;7;8;4;2;5;2;0;1;1;0;0;0;0;0
213952;11;8;8100206;2021;7;19;6;3;5;3;0;1;1;0;0;0;0;0
213951;11;5;5200423;2021;7;18;2;2;5;2;0;0;1;0;0;0;0;0
213950;11;1;1100308;2021;8;9;2;3;3;6;0;0;1;0;1;0;0;0
213949;11;12;12400619;2021;8;15;7;3;0;2;0;0;1;0;1;0;0;0
213948;11;12;12500929;2021;8;19;2;3;8;1;0;0;1;0;0;0;0;0
213947;11;11;11401136;2021;8;15;6;3;6;7;0;0;0;1;0;0;1;0
213946;11;12;12500824;2021;7;9;6;3;2;2;0;0;1;0;0;0;0;0
213945;11;7;7501135;2021;7;8;6;3;1;5;0;0;1;0;0;0;0;0
213944;11;11;11300721;2021;8;5;4;3;0;7;0;0;0;0;1;0;0;0
213943;11;12;12100205;2021;7;14;5;3;2;6;0;0;1;0;0;0;0;0
213942;11;9;9501941;2021;7;16;7;3;5;2;0;1;1;0;0;0;0;0
213941;11;8;8100102;2021;8;10;5;3;5;3;0;1;1;0;0;0;0;0
213940;11;4;4100101;2021;8;17;3;3;0;3;0;0;1;0;1;0;0;0
213939;11;5;5100210;2021;8;14;3;3;5;2;0;1;1;0;0;0;0;1
213938;11;3;3400721;2021;8;16;7;3;1;5;0;0;1;0;0;0;0;0
213937;11;4;4300518;2021;7;16;3;3;1;5;0;1;1;0;0;0;0;0
213936;11;5;5100209;2021;8;6;3;3;5;3;0;0;1;0;0;0;1;0
213935;11;8;8100103;2021;8;14;7;3;2;6;0;0;1;0;0;0;0;0
213934;11;6;6300631;2021;7;15;6;3;1;1;0;1;1;0;0;0;0;0
213933;11;1;1100310;2021;7;23;5;3;5;2;2;0;1;0;0;0;0;0
213932;11;1;1100309;2021;8;21;5;3;6;2;1;0;1;1;0;0;0;0
213931;11;8;8401139;2021;8;16;5;3;5;3;0;0;1;0;1;0;0;1
213930;11;1;1100206;2021;8;18;4;3;3;6;0;1;0;0;0;0;0;0
213929;11;10;10200524;2021;8;18;2;3;6;4;0;0;1;1;0;0;0;0
213928;11;9;9501939;2021;7;16;4;3;6;7;0;1;0;1;0;0;0;0
213927;11;10;10300734;2021;8;13;1;3;0;1;0;0;0;0;1;0;0;0
213926;11;9;9200717;2021;7;7;6;3;5;3;0;0;1;0;0;0;1;0
213925;11;9;9200715;2021;7;22;1;3;8;1;2;0;1;0;0;0;0;0
213924;11;7;7200409;2021;8;15;6;3;1;5;0;1;1;0;0;0;0;0
213923;11;1;1200628;2021;8;20;2;3;5;2;1;1;1;0;0;0;0;1
213922;11;9;9501941;2021;8;15;7;3;5;2;0;1;1;0;0;0;0;0
213921;11;2;2200210;2021;7;13;2;3;0;3;0;0;1;0;0;0;1;0
213920;11;4;4300412;2021;8;16;4;3;5;2;0;1;1;0;0;0;0;0
213919;11;1;1100311;2021;7;13;4;3;5;2;0;1;1;0;0;0;0;0
213918;11;11;11300620;2021;7;21;5;3;5;2;0;1;1;0;0;0;0;0
213917;11;3;3300411;2021;8;15;4;2;6;4;0;0;1;1;0;0;0;0
213916;11;4;4500939;2021;8;11;3;2;2;6;0;0;1;0;1;0;0;0
213915;11;4;4300624;2021;7;12;4;3;5;3;0;0;1;0;0;0;1;0
213914;11;1;1100308;2021;7;22;6;3;5;3;2;1;1;0;0;0;0;0
213913;11;1;1400942;2021;8;14;4;3;3;6;0;1;0;0;0;0;0;0
213912;11;4;4200311;2021;7;9;3;3;3;6;0;0;1;0;0;0;0;0
213911;11;3;3601450;2021;8;7;2;3;2;6;0;1;1;0;0;0;0;0
213910;11;5;5100315;2021;8;17;7;3;5;2;0;0;1;0;0;0;1;0
213909;11;8;8200624;2021;7;17;3;3;5;3;0;0;1;0;0;0;0;0
213908;11;1;1100415;2021;8;10;3;3;5;2;0;1;0;0;0;0;1;0
213907;11;9;9200510;2021;8;19;1;3;2;6;0;0;1;0;0;0;0;0
213906;11;1;1401047;2021;7;8;6;3;1;5;0;1;1;0;0;0;0;0
213905;11;7;7501032;2021;7;15;6;3;5;3;0;1;1;0;0;0;0;0
213904;11;3;3200205;2021;8;8;4;3;2;6;0;1;1;0;0;1;0;0
213903;11;6;6300634;2021;7;8;5;3;5;2;0;1;1;0;0;0;0;0
213902;11;4;4501148;2021;8;13;5;3;5;3;0;0;1;0;0;0;0;0
213901;11;10;10100205;2021;8;12;5;3;5;2;0;1;1;0;0;0;0;0
213900;11;1;1200628;2021;8;17;3;3;5;3;0;1;1;0;0;0;0;0
213899;11;2;2500727;2021;8;12;1;3;1;5;0;0;1;0;0;0;1;0
213898;11;3;3701554;2021;7;22;4;3;1;5;2;1;1;0;0;0;0;0
213897;11;4;4300624;2021;8;19;2;3;0;2;0;0;1;0;1;0;0;0
213896;11;2;2100102;2021;7;9;6;3;2;6;0;1;0;0;0;0;0;0
213895;11;2;2400623;2021;7;19;6;3;0;1;1;0;0;0;0;0;1;0
213894;11;5;5200632;2021;7;19;5;3;5;3;0;1;0;0;0;0;0;0
213893;11;10;10400837;2021;8;18;6;3;1;5;0;1;1;0;0;0;0;0
213892;11;12;12100103;2021;8;13;2;3;6;7;0;0;1;1;0;0;0;0
213891;11;11;11200512;2021;8;16;6;3;0;3;0;1;1;0;0;0;0;0
213890;11;4;4501044;2021;8;17;3;3;0;2;0;1;1;0;0;0;0;0
213889;11;2;2500833;2021;7;6;5;3;5;3;0;1;1;0;0;0;0;0
213888;11;2;2500832;2021;7;14;5;3;2;6;0;0;1;0;0;0;0;0
213887;11;5;5200526;2021;8;5;4;3;2;6;1;0;1;0;0;0;0;1
213886;11;12;12400723;2021;8;11;3;3;6;7;0;0;0;1;0;0;1;0
213885;11;4;4501150;2021;8;19;1;3;0;1;0;1;0;0;0;0;0;0
213884;11;11;11200514;2021;7;16;3;3;2;7;0;1;0;0;0;0;1;0
213883;11;4;4200310;2021;8;11;3;3;5;7;0;1;1;0;0;0;0;0
213882;11;4;4400830;2021;8;10;1;3;5;2;0;0;1;0;1;0;0;0
213881;11;8;8100104;2021;7;22;6;3;2;6;2;0;1;0;0;0;0;1
213880;11;2;2100102;2021;7;18;5;3;5;3;0;0;1;0;0;0;1;0
213879;11;2;2500830;2021;8;18;6;3;1;5;0;1;1;0;0;0;0;0
213878;11;4;4400726;2021;8;10;2;3;2;6;0;0;1;0;0;0;0;0
213877;11;8;8401243;2021;8;13;6;3;5;3;0;0;1;0;1;0;0;0
213876;11;4;4300412;2021;8;14;3;2;0;7;0;1;0;0;0;0;0;0
213875;11;4;4500939;2021;8;19;2;3;5;3;0;0;1;0;0;0;0;1
213874;11;12;12500927;2021;7;20;4;3;1;1;0;1;0;0;0;0;1;0
213873;11;8;8200623;2021;8;23;1;3;1;5;2;0;1;0;0;0;0;1
213872;11;10;10100313;2021;7;12;4;2;9;1;0;0;1;0;0;0;0;0
213871;11;12;12400618;2021;7;16;2;3;5;2;0;1;1;0;0;0;0;0
213870;11;3;3200308;2021;8;13;6;2;5;2;0;1;1;0;0;0;0;0
213869;11;1;1300730;2021;8;14;2;3;2;6;0;1;1;0;0;0;0;0
213868;11;1;1401047;2021;8;13;7;3;1;5;0;1;1;0;0;0;0;0
213867;11;3;3601142;2021;7;19;3;2;2;6;0;0;1;0;1;0;0;0
213866;11;1;1100310;2021;8;13;4;3;3;6;0;0;1;0;1;0;0;0
213865;11;4;4501043;2021;7;16;4;3;5;3;0;1;1;0;0;0;0;0
213864;11;4;4500937;2021;7;11;5;3;0;6;0;0;1;0;0;0;1;0
213863;11;4;4400729;2021;8;10;4;2;3;6;0;0;0;0;1;0;1;0
213862;11;6;6200311;2021;8;16;2;3;2;3;0;1;1;0;0;0;0;0
213861;11;4;4100101;2021;7;19;5;3;5;3;0;0;1;0;0;0;1;0
213860;11;7;7300619;2021;7;9;6;3;5;2;0;0;1;0;0;0;0;0
213859;11;6;6300630;2021;8;7;4;3;1;5;0;0;1;0;1;0;0;0
213858;11;5;5200421;2021;8;0;4;2;1;5;2;0;1;0;0;0;1;0
213857;11;1;1100207;2021;8;6;2;3;5;3;0;1;0;0;0;0;1;0
213856;11;8;8100209;2021;8;11;7;3;5;7;0;0;0;0;1;0;1;0
213855;11;8;8100206;2021;7;12;3;3;2;6;0;0;1;0;0;0;1;0
213854;11;4;4501153;2021;8;18;3;3;5;2;0;1;0;0;0;0;0;0
213853;11;1;1100310;2021;8;13;1;3;2;6;0;0;1;0;0;0;0;0
213852;11;4;4500936;2021;7;13;7;3;5;2;0;1;1;0;0;0;0;0
213851;11;6;6200315;2021;7;11;7;3;0;7;0;0;1;0;0;0;0;0
213850;11;11;11300620;2021;8;7;5;3;1;5;0;0;1;0;0;0;0;0
213849;11;1;1400942;2021;7;16;5;3;1;6;0;0;1;0;0;0;1;0
213848;11;4;4300415;2021;8;14;5;2;1;7;0;0;1;0;0;0;0;0
213847;11;8;8401243;2021;8;12;5;3;2;2;0;1;1;0;0;0;0;0
213846;11;1;1300836;2021;8;11;3;3;5;3;0;0;1;0;0;0;0;0
213845;11;8;8100521;2021;8;13;1;3;5;3;0;1;1;0;0;0;0;0
213844;11;1;1200520;2021;7;12;4;3;2;3;0;0;0;0;1;0;0;0
213843;11;5;5100316;2021;8;5;2;3;6;4;0;0;1;1;0;0;0;1
213842;11;5;5100206;2021;7;18;2;3;5;3;0;1;0;0;0;0;1;0
213841;11;7;7400721;2021;7;21;1;3;0;1;2;1;0;0;0;0;0;1
213840;11;9;9200510;2021;8;7;6;3;2;2;0;1;1;0;0;0;0;0
213839;11;4;4501042;2021;8;12;2;3;3;6;0;0;1;0;0;0;0;0
213838;11;10;10300734;2021;8;10;5;3;0;3;0;0;1;0;0;0;1;0
213837;11;8;8100102;2021;7;17;1;3;5;2;0;1;1;0;0;0;0;0
213836;11;1;1401045;2021;8;18;4;3;2;6;0;0;1;0;0;0;0;0
213835;11;9;9501838;2021;7;10;4;2;0;3;0;1;0;0;0;0;1;1
213834;11;4;4200310;2021;7;16;5;3;3;6;0;1;0;0;0;0;1;0
213833;11;4;4500937;2021;8;14;3;3;5;2;0;0;1;0;0;0;0;0
213832;11;12;12200412;2021;7;12;3;3;5;3;0;0;1;0;1;0;0;0
213831;11;8;8200725;2021;7;9;2;3;5;3;0;0;1;0;0;0;0;0
213830;11;2;2500727;2021;8;19;6;3;5;3;0;1;0;0;0;0;0;0
213829;11;5;5200631;2021;8;19;2;3;5;3;0;0;1;0;0;0;0;1
213828;11;8;8100415;2021;8;18;6;2;0;3;0;1;0;0;0;0;0;0
213827;11;4;4501045;2021;7;19;5;3;6;7;0;0;0;1;0;0;1;1
213826;11;8;8200622;2021;7;15;6;2;1;5;0;1;1;0;0;0;0;0
213825;11;12;12100101;2021;8;21;3;3;5;3;2;0;1;1;0;0;0;0
213824;11;9;9501838;2021;8;15;4;3;6;7;0;1;0;1;0;0;0;0
213823;11;1;1100310;2021;7;15;4;3;0;7;0;1;0;0;0;0;0;0
213822;11;9;9502043;2021;7;10;7;3;2;6;0;0;1;0;0;0;0;0
213821;11;8;8200622;2021;8;12;5;3;5;3;0;1;1;0;0;0;0;0
213820;11;2;2200208;2021;8;13;4;2;5;3;0;1;1;0;0;0;0;0
213819;11;10;10400837;2021;8;22;2;2;4;1;2;0;1;0;0;0;0;0
213818;11;4;4200311;2021;7;18;4;3;5;2;0;1;1;0;0;0;0;0
213817;11;7;7100206;2021;7;19;1;3;2;6;0;0;1;0;1;0;0;0
213816;11;3;3200309;2021;8;14;6;2;5;3;0;0;1;0;1;0;0;0
213815;11;9;9200819;2021;8;17;2;3;2;6;1;0;1;0;0;0;0;1
213814;11;2;2100101;2021;8;12;6;3;5;2;0;0;1;0;0;0;1;0
213813;11;10;10200418;2021;7;6;3;3;4;5;0;1;1;0;0;0;0;0
213812;11;1;1300732;2021;8;8;5;3;0;1;0;1;0;0;0;0;0;0
213811;11;4;4300518;2021;7;17;5;3;2;6;0;0;1;0;0;0;0;1
213810;11;7;7601341;2021;7;11;7;3;6;4;0;0;1;1;0;0;0;0
213809;11;8;8200832;2021;8;1;4;3;1;5;2;0;1;0;0;0;0;0
213808;11;5;5200423;2021;8;13;4;2;5;3;0;0;1;0;1;0;0;0
213807;11;1;1200520;2021;7;19;5;2;0;1;0;1;0;0;0;0;0;0
213806;11;7;7100204;2021;8;8;4;3;4;6;0;1;0;0;0;0;0;0
213805;11;11;11300725;2021;8;9;4;3;5;3;0;1;1;0;0;0;0;0
213804;11;11;11200513;2021;8;14;2;3;5;2;0;1;1;0;0;0;0;0
213803;11;7;7400721;2021;8;11;7;3;3;6;0;0;1;0;1;0;0;0
213802;11;12;12601032;2021;7;11;4;3;0;3;0;0;1;0;1;0;0;0
213801;11;3;3400831;2021;8;17;3;3;5;2;0;0;0;0;1;0;0;0
213800;11;8;8100206;2021;8;21;7;3;2;2;2;0;1;0;0;0;0;1
213799;11;8;8100521;2021;7;15;6;3;5;3;0;0;1;0;0;0;0;0
213798;11;6;6100205;2021;7;4;7;3;0;1;2;0;1;0;1;0;0;0
213797;11;8;8200725;2021;8;11;4;3;0;6;0;1;1;0;0;0;0;0
213796;11;3;3300516;2021;7;17;6;3;0;1;0;0;0;0;1;0;0;0
213795;11;3;3601141;2021;7;0;6;3;5;2;2;1;1;0;0;0;0;0
213794;11;3;3200309;2021;8;10;5;3;1;5;0;1;1;0;0;0;1;0
213793;11;8;8401242;2021;8;16;5;3;5;7;0;0;1;0;0;0;0;0
213792;11;4;4100101;2021;8;15;3;3;5;2;0;0;1;0;0;0;0;1
213791;11;8;8301036;2021;8;23;1;2;5;2;2;0;1;0;0;0;0;0
213790;11;3;3300516;2021;7;10;4;3;0;1;0;0;0;0;1;0;0;0
213789;11;2;2400623;2021;8;14;1;3;5;3;0;1;1;0;0;0;0;0
213788;11;10;10100315;2021;7;15;2;3;6;2;0;0;1;1;0;0;0;0
213787;11;9;9200717;2021;7;12;2;3;0;1;0;1;1;0;0;0;0;0
213786;11;2;2100101;2021;8;14;6;3;5;2;0;1;1;0;0;0;0;0
213785;11;4;4501152;2021;8;12;2;3;0;1;0;0;0;0;1;0;0;0
213784;11;10;10200629;2021;8;14;6;3;5;7;0;1;1;0;0;0;0;0
213783;11;2;2500832;2021;7;14;1;3;2;6;0;0;1;0;0;0;0;0
213782;11;12;12100205;2021;8;17;4;3;0;1;0;1;1;0;0;0;0;0
213781;11;7;7300515;2021;7;12;4;3;5;2;0;1;1;0;0;0;0;0
213780;11;2;2300419;2021;7;10;5;3;3;6;0;1;1;0;0;0;0;0
213779;11;2;2500836;2021;8;10;3;3;5;2;0;1;1;0;0;0;0;0
213778;11;11;11200410;2021;8;20;2;2;3;6;0;0;1;0;1;0;0;0
213777;11;8;8100209;2021;7;12;3;3;5;3;0;0;1;0;0;0;0;0
213776;11;8;8401244;2021;7;8;3;3;5;3;0;1;1;0;0;0;0;0
213775;11;1;1100205;2021;8;8;2;3;1;5;0;1;1;0;0;0;0;0
213774;11;11;11400929;2021;8;12;7;2;5;3;0;0;1;0;1;0;0;0
213773;11;2;2100101;2021;8;14;2;3;5;2;0;1;0;0;0;0;1;0
213772;11;1;1300834;2021;8;18;7;3;5;2;0;1;1;0;0;0;0;0
213771;11;1;1100206;2021;7;15;6;3;5;3;0;0;1;0;1;0;0;0
213770;11;1;1401046;2021;7;13;6;3;2;6;0;0;1;0;0;0;0;0
213769;11;2;2200210;2021;8;9;5;3;5;3;0;0;1;0;0;0;1;0
213768;11;4;4200203;2021;7;10;5;3;5;3;0;0;1;0;0;0;1;0
213767;11;1;1100310;2021;8;23;5;3;0;1;2;1;0;0;0;0;0;0
213766;11;5;5200629;2021;8;17;4;2;0;6;0;0;1;0;0;0;1;0
213765;11;3;3701556;2021;8;14;3;3;5;3;0;1;1;0;0;0;0;0
213764;11;4;4300518;2021;8;18;1;3;6;7;0;0;1;1;0;0;0;0
213763;11;2;2200210;2021;7;18;4;3;3;6;0;0;1;0;1;0;0;0
213762;11;1;1100308;2021;8;12;3;3;1;5;0;1;1;0;0;0;0;0
213761;11;7;7100101;2021;8;21;7;3;6;2;2;0;1;1;0;0;0;1
213760;11;9;9401329;2021;7;14;7;3;0;3;0;0;1;0;0;0;1;0
213759;11;2;2200211;2021;8;12;5;3;0;3;0;0;1;0;1;0;0;0
213758;11;4;4500938;2021;7;16;6;3;5;3;0;1;1;0;0;0;0;0
213757;11;2;2500728;2021;8;19;5;3;6;7;0;1;0;1;0;0;0;0
213756;11;1;1100310;2021;8;20;4;2;0;1;1;0;0;0;1;0;0;0
213755;11;11;11200513;2021;8;17;4;3;5;3;0;0;1;0;0;0;0;0
213754;11;4;4300622;2021;8;16;2;3;0;6;0;0;1;0;0;0;1;0
213753;11;3;3300514;2021;7;10;4;3;2;6;0;1;1;0;0;0;0;0
213752;11;2;2100101;2021;8;11;2;3;5;3;0;0;1;0;0;0;1;0
213751;11;4;4300517;2021;8;13;2;3;5;2;0;0;1;0;0;0;0;0
213750;11;3;3601245;2021;8;16;7;3;5;2;0;0;1;0;0;0;1;0
213749;11;11;11300721;2021;7;15;3;3;3;6;0;0;1;0;0;0;0;0
213748;11;7;7300619;2021;8;1;3;3;0;1;2;0;0;0;1;0;0;0
213747;11;11;11100206;2021;8;12;1;2;6;4;0;1;0;1;0;0;0;0
213746;11;12;12500825;2021;7;16;6;3;0;1;0;0;0;0;1;0;0;1
213745;11;4;4500937;2021;7;19;1;3;6;4;0;0;1;1;0;0;0;1
213744;11;3;3200206;2021;8;13;5;2;5;2;0;1;0;0;0;1;0;0
213743;11;2;2400521;2021;7;11;5;3;5;3;0;1;1;0;0;0;0;0
213742;11;10;10200423;2021;7;19;6;3;6;4;0;0;1;1;0;0;0;0
213741;11;6;6200421;2021;8;19;5;3;3;6;0;0;1;0;1;0;0;0
213740;11;8;8200727;2021;8;15;5;2;5;3;0;0;1;0;1;0;0;1
213739;11;1;1100103;2021;8;17;3;3;5;2;0;1;1;0;0;0;0;1
213738;11;2;2500830;2021;8;14;7;3;5;3;0;0;1;0;1;0;0;0
213737;11;6;6100204;2021;7;20;5;3;3;6;1;0;1;0;1;0;0;0
213736;11;3;3601141;2021;8;20;1;3;0;7;1;1;1;0;0;0;0;1
213735;11;5;5100316;2021;7;18;7;2;2;6;0;0;1;0;1;0;0;0
213734;11;8;8200623;2021;8;11;5;2;5;3;0;0;1;0;0;0;0;0
213733;11;1;1300836;2021;8;12;6;3;5;3;0;1;0;0;0;0;1;0
213732;11;5;5200629;2021;8;12;2;3;2;6;0;0;1;0;0;0;0;0
213731;11;7;7601442;2021;8;12;6;3;6;2;0;0;1;1;0;0;0;0
213730;11;7;7200307;2021;7;15;1;3;5;2;0;1;1;0;0;0;0;0
213729;11;1;1200626;2021;8;17;4;3;0;1;0;1;0;0;0;0;0;0
213728;11;1;1200517;2021;7;13;4;3;0;7;0;0;1;0;0;0;0;0
213727;11;8;8100311;2021;7;9;5;3;3;6;0;1;0;0;0;0;0;0
213726;11;10;10100102;2021;8;14;4;3;5;2;0;0;1;0;0;0;0;0
213725;11;7;7400823;2021;8;11;3;3;0;1;0;0;0;0;1;0;0;0
213724;11;9;9200819;2021;7;11;2;3;5;3;0;0;1;0;1;0;0;0
213723;11;11;11501339;2021;8;11;2;3;2;6;0;0;1;0;0;1;0;0
213722;11;4;4501042;2021;8;13;7;2;0;1;0;1;0;0;0;0;0;0
213721;11;12;12100101;2021;7;8;2;3;1;5;0;0;1;0;0;0;1;0
213720;11;1;1300733;2021;8;19;3;3;3;3;0;0;1;0;0;0;1;0
213719;11;3;3400618;2021;8;22;6;3;5;2;2;1;1;0;0;0;0;1
213718;11;2;2500832;2021;7;17;5;2;2;6;0;0;1;0;1;0;0;1
213717;11;2;2200212;2021;7;10;6;3;0;5;0;0;1;0;0;0;0;0
213716;11;1;1100308;2021;8;10;5;3;0;1;0;1;0;0;0;0;0;0
213715;11;1;1401046;2021;7;6;5;3;0;1;1;1;0;0;0;0;0;0
213714;11;6;6300629;2021;8;12;5;3;6;4;0;0;1;1;0;0;0;0
213713;11;9;9200511;2021;8;17;5;3;5;7;0;0;1;0;0;0;1;0
213712;11;1;1300732;2021;8;18;3;3;0;1;0;1;0;0;0;0;0;1
213711;11;1;3601142;2021;8;18;1;3;2;6;0;0;1;0;0;0;0;0
213710;11;8;8200727;2021;7;12;4;3;5;7;0;0;1;0;1;0;0;0
213709;11;10;10100209;2021;8;7;3;3;6;4;0;0;1;1;0;0;0;0
213708;11;1;1401049;2021;8;3;1;3;0;7;2;0;0;0;0;0;1;1
213707;11;5;5200631;2021;7;13;6;3;3;6;0;0;1;0;1;0;0;0
213706;11;6;6400844;2021;8;14;5;3;0;5;0;0;1;0;0;0;0;0
213705;11;4;4200311;2021;7;10;6;3;5;3;0;1;1;0;0;0;0;0
213704;11;4;4400728;2021;8;7;6;3;5;2;0;1;1;0;0;0;0;0
213703;11;9;9200715;2021;8;11;2;3;2;6;0;0;1;0;1;0;0;0
213702;11;2;2500726;2021;8;16;6;2;5;3;0;1;1;0;0;0;0;0
213701;11;8;8100311;2021;8;12;4;3;1;5;0;1;1;0;0;0;0;0
213700;11;6;6300528;2021;8;9;2;3;2;6;0;0;1;0;0;0;0;0
213699;11;1;1200626;2021;7;15;4;3;0;5;0;1;0;0;0;0;1;0
213698;11;1;1100308;2021;8;13;2;3;5;2;0;1;1;0;0;0;0;0
213697;11;8;8100105;2021;7;21;6;2;6;2;2;0;1;1;0;0;0;0
213696;11;1;1100309;2021;7;18;1;3;0;4;0;0;0;1;1;0;0;1
213695;11;2;2200210;2021;8;7;6;3;5;3;0;1;1;0;0;0;0;0
213694;11;5;5300839;2021;8;15;3;3;2;6;0;0;1;0;1;0;0;0
213693;11;3;3601141;2021;8;22;6;3;9;1;2;0;1;0;0;0;0;1
213692;11;1;1100308;2021;7;16;3;3;0;7;0;1;0;0;0;0;0;0
213691;11;9;9401534;2021;8;7;4;3;1;5;0;1;1;0;0;0;0;0
213690;11;2;2200210;2021;7;1;5;3;5;3;2;1;1;0;0;0;0;0
213689;11;9;9301025;2021;7;17;5;3;5;3;0;1;1;0;0;0;0;0
213688;11;11;11401136;2021;8;15;4;3;5;3;0;0;1;0;0;0;0;0
213687;11;1;1300732;2021;8;16;2;3;5;2;0;1;1;0;0;0;0;0
213686;11;11;11200410;2021;7;12;4;2;5;3;0;1;0;0;0;0;0;0
213685;11;1;1100415;2021;7;8;6;3;2;6;0;0;1;0;0;0;0;0
213684;11;7;7300515;2021;8;15;4;2;5;3;0;1;0;0;0;0;0;0
213683;11;12;12200309;2021;7;10;3;3;3;6;0;0;1;0;0;0;0;0
213682;11;5;5100312;2021;8;19;2;3;0;2;0;0;1;0;1;0;0;1
213681;11;7;7501029;2021;8;16;7;2;5;3;0;0;0;0;1;0;1;0
213680;11;1;1100312;2021;7;18;3;3;5;3;0;1;1;0;0;0;0;0
213679;11;1;1100309;2021;6;14;4;3;0;5;0;0;1;0;0;0;1;0
213678;11;5;5100208;2021;5;11;2;3;5;2;0;0;1;0;0;0;0;0
213677;11;4;4300623;2021;6;14;2;3;2;7;0;0;1;0;1;0;0;0
213676;11;2;2400521;2021;7;17;2;3;3;6;0;0;0;0;1;0;1;0
213675;11;3;3500932;2021;7;19;6;3;5;2;0;1;1;0;0;0;0;0
213674;11;4;4400832;2021;7;13;6;3;6;7;0;0;1;1;0;0;0;1
213673;11;2;2200210;2021;6;9;5;3;0;1;0;0;0;0;1;0;0;0
213672;11;4;4200308;2021;6;12;5;3;3;6;0;1;0;0;0;0;1;0
213671;11;10;10200525;2021;6;12;2;3;5;3;0;1;1;0;0;0;0;0
213670;11;1;1100310;2021;5;13;2;3;3;6;0;1;0;0;0;0;0;0
213669;11;2;2300316;2021;6;19;6;3;5;2;0;1;0;0;0;0;0;0
213668;11;10;10100102;2021;6;16;5;3;6;4;0;0;1;1;0;0;0;0
213667;11;1;1200522;2021;7;6;6;3;5;2;0;1;1;0;0;0;0;1
213666;11;4;4501148;2021;6;8;4;3;3;6;0;1;0;0;0;0;1;0
213665;11;6;6400843;2021;5;17;6;3;6;4;0;0;1;1;0;0;0;0
213664;11;8;8100419;2021;6;19;4;3;5;3;0;1;1;0;0;0;0;0
213663;11;12;12500926;2021;7;0;2;3;1;5;2;1;1;0;0;0;0;0
213662;11;1;1200517;2021;5;13;3;3;2;6;0;0;1;0;0;0;0;1
213661;11;1;1200520;2021;6;12;3;3;1;7;0;0;1;0;0;0;0;0
213660;11;5;5300736;2021;7;17;2;3;4;3;0;0;1;0;0;0;0;0
213659;11;5;5100316;2021;7;14;3;3;2;7;0;0;1;0;0;0;0;0
213658;11;10;10100312;2021;5;21;6;3;0;1;1;0;0;0;1;0;0;1
213657;11;4;4501041;2021;6;11;4;3;0;6;0;0;0;0;0;0;1;0
213656;11;1;1100206;2021;7;17;7;3;5;2;0;1;1;0;0;0;0;0
213655;11;11;11300620;2021;6;13;3;3;5;7;0;0;1;0;0;0;1;0
213654;11;4;4501151;2021;6;16;6;3;2;6;0;0;1;0;0;0;0;0
213653;11;4;4200310;2021;6;9;3;3;5;3;0;0;1;0;0;0;0;0