OBJECTID;LAND;BEZ;LOR_ab_2021;UJAHR;UMONAT;USTUNDE;UWOCHENTAG;UKATEGORIE;UART;UTYP1;ULICHTVERH;IstRad;IstPKW;IstFuss;IstKrad;IstGkfz;IstSonstige;USTRZUSTAND
213652;11;5;5300840;2021;6;4;3;3;0;7;1;0;0;0;1;0;0;1
213651;11;5;5100316;2021;6;18;7;3;2;6;0;0;1;0;0;0;0;0
213650;11;4;4501045;2021;6;10;6;3;5;2;0;1;1;0;0;0;0;0
213649;11;4;4500936;2021;7;15;6;2;0;1;0;0;0;0;1;0;0;0
213648;11;9;9200715;2021;6;12;7;3;5;2;0;0;1;0;0;0;0;0
213647;11;10;10200524;2021;5;15;3;1;6;4;0;0;0;1;0;0;1;0
213646;11;8;8100311;2021;6;16;4;3;0;1;0;1;0;0;0;0;0;1
213645;11;3;3400828;2021;7;15;3;3;5;2;0;0;1;0;1;0;0;0
213644;11;10;10400837;2021;7;4;4;3;1;5;1;0;1;0;0;0;0;1
213643;11;9;9200715;2021;6;14;5;3;2;6;0;0;1;0;1;0;0;0
213642;11;2;2200210;2021;5;17;2;3;5;3;0;1;1;0;0;0;0;0
213641;11;1;1100309;2021;6;10;5;3;3;7;0;1;1;0;0;0;0;0
213640;11;9;9100407;2021;6;10;5;3;5;2;0;1;0;0;0;0;1;0
213639;11;1;1100309;2021;6;16;3;3;1;5;0;1;1;0;0;0;0;0
213638;11;4;4300619;2021;6;19;1;3;3;6;0;0;1;0;1;0;0;0
213637;11;12;12500824;2021;6;7;4;2;5;3;0;1;1;0;0;0;0;0
213636;11;10;10300731;2021;6;17;4;3;2;6;0;0;1;0;0;0;0;0
213635;11;3;3500934;2021;6;15;2;3;6;4;0;0;1;1;0;0;0;0
213634;11;7;7200412;2021;7;9;2;3;5;2;0;1;0;0;0;0;1;1
213633;11;4;4501042;2021;6;23;7;3;5;3;2;0;1;0;0;0;1;0
213632;11;1;1300733;2021;6;23;4;2;5;3;2;0;1;0;0;0;1;1
213631;11;4;4100101;2021;7;6;5;2;5;2;0;0;1;0;0;0;1;0
213630;11;1;1100310;2021;6;13;6;3;6;4;0;0;0;1;1;0;0;0
213629;11;4;4500937;2021;6;14;2;3;2;2;0;0;1;0;0;0;0;0
213628;11;5;5100210;2021;5;15;2;3;1;5;0;0;1;0;0;0;0;0
213627;11;7;7400928;2021;6;15;6;2;5;2;0;1;1;0;0;0;0;0
213626;11;6;6400839;2021;6;8;6;2;5;3;0;1;1;0;0;0;0;0
213625;11;5;5100316;2021;6;15;3;3;2;2;0;0;1;0;0;0;0;0
213624;11;2;2300315;2021;6;19;6;2;4;6;0;0;1;0;0;0;0;0
213623;11;2;2300316;2021;6;20;2;3;5;2;0;1;1;0;0;0;0;0
213622;11;1;1300835;2021;5;0;5;2;6;4;2;0;0;1;0;0;1;1
213621;11;11;11401136;2021;6;10;4;3;5;3;0;1;1;0;0;0;0;0
213620;11;1;1100310;2021;7;20;7;3;0;2;0;1;1;0;0;0;0;0
213619;11;4;4200311;2021;5;16;2;2;9;1;0;0;0;0;1;0;0;0
213618;11;2;2300419;2021;6;20;3;3;4;6;1;1;1;0;0;0;0;1
213617;11;1;1200521;2021;7;12;3;2;6;7;0;1;0;1;0;0;0;0
213616;11;2;2200211;2021;7;16;6;3;0;1;0;0;0;0;1;0;0;1
213615;11;3;3601453;2021;6;14;2;3;5;3;0;1;0;0;0;0;0;0
213614;11;1;1100310;2021;6;19;5;3;0;1;0;0;0;0;1;0;0;0
213613;11;10;10200629;2021;6;15;6;3;5;3;0;1;1;0;0;0;0;0
213612;11;7;7200414;2021;6;23;5;3;0;3;2;1;1;0;0;0;0;0
213611;11;7;7601238;2021;6;10;2;3;5;2;0;1;1;0;0;0;0;0
213610;11;4;4400729;2021;6;15;3;3;2;6;0;0;1;0;1;0;0;0
213609;11;12;12200411;2021;6;3;1;3;8;1;2;0;1;0;0;0;0;0
213608;11;1;1100313;2021;6;6;7;3;8;1;0;0;1;0;0;0;0;0
213607;11;2;2300418;2021;7;19;7;3;5;5;0;1;1;0;0;0;0;0
213606;11;7;7400927;2021;6;7;4;3;1;5;0;1;1;0;0;0;0;0
213605;11;7;7100206;2021;6;13;6;3;2;6;0;0;1;0;0;0;1;0
213604;11;1;1100308;2021;6;11;4;3;2;6;0;1;1;0;0;0;0;0
213603;11;2;2100102;2021;5;16;2;3;2;6;0;0;1;0;0;0;0;0
213602;11;8;8100103;2021;6;7;4;3;5;2;0;0;1;0;1;0;0;1
213601;11;10;10400941;2021;7;8;2;3;5;3;0;1;0;0;0;0;1;1
213600;11;6;6300633;2021;7;16;4;3;1;5;0;1;1;0;0;0;0;0
213599;11;1;1400937;2021;6;19;4;3;0;5;0;1;1;0;0;0;0;0
213598;11;8;8100312;2021;5;17;7;3;0;5;0;0;1;0;1;0;0;0
213597;11;11;11400929;2021;6;16;5;3;0;1;0;1;0;0;0;0;0;0
213596;11;9;9100304;2021;6;7;4;3;3;6;0;0;1;0;0;1;0;0
213595;11;1;1300834;2021;7;22;6;2;2;6;2;0;1;0;0;0;0;1
213594;11;6;6400838;2021;6;11;3;3;5;3;0;1;1;0;0;0;0;0
213593;11;4;4300622;2021;6;21;1;3;2;6;1;0;0;0;0;0;1;0
213592;11;3;3701555;2021;6;6;3;2;1;5;0;1;1;0;0;0;0;0
213591;11;3;3601245;2021;6;0;4;3;8;1;2;0;1;0;0;0;0;0
213590;11;1;1100207;2021;6;17;2;3;5;3;0;1;1;0;0;0;0;0
213589;11;5;5100317;2021;6;13;1;3;2;6;0;0;1;0;0;0;0;0
213588;11;8;8100417;2021;7;23;1;3;5;3;2;0;1;0;1;0;0;0
213587;11;2;2200213;2021;6;17;7;3;5;2;0;0;1;0;0;0;1;0
213586;11;6;6300527;2021;6;12;1;3;5;3;0;1;1;0;0;0;0;0
213585;11;7;7400823;2021;5;13;4;3;6;2;0;0;1;1;0;0;0;0
213584;11;6;6200313;2021;6;14;4;3;2;6;0;0;1;0;0;0;0;1
213583;11;3;3500935;2021;7;18;3;3;1;5;0;1;1;0;0;0;0;0
213582;11;6;6100206;2021;7;15;5;3;0;2;0;0;0;0;0;0;1;1
213581;11;2;1100102;2021;6;8;5;3;5;3;0;1;1;0;0;0;0;0
213580;11;2;2400624;2021;5;18;1;3;5;3;0;1;1;0;0;0;0;0
213579;11;11;11300617;2021;6;18;5;3;2;6;0;0;1;0;0;0;1;0
213578;11;10;10300734;2021;6;13;5;3;5;2;0;0;1;0;1;0;0;1
213577;11;1;1100310;2021;6;10;3;3;2;6;0;0;1;0;1;0;0;0
213576;11;11;11200513;2021;6;19;6;3;1;1;0;0;1;0;0;0;0;0
213575;11;7;7501029;2021;6;20;2;3;5;3;1;1;0;0;0;0;1;0
213574;11;1;1100101;2021;5;17;5;3;5;3;0;1;1;0;0;0;0;1
213573;11;9;9200715;2021;6;16;4;2;5;2;0;1;1;0;0;0;0;0
213572;11;9;9501838;2021;5;19;1;3;0;1;0;1;0;0;0;0;0;0
213571;11;7;7100102;2021;6;16;2;3;1;5;0;0;1;0;0;0;1;0
213570;11;2;2300314;2021;7;21;2;2;2;6;1;1;0;0;0;0;1;0
213569;11;4;4501148;2021;7;1;7;3;8;1;2;0;1;0;0;0;0;1
213568;11;4;4501044;2021;6;10;2;3;1;5;0;1;1;0;0;0;0;0
213567;11;3;3300517;2021;6;15;6;3;6;7;0;0;1;1;0;0;0;0
213566;11;4;4501148;2021;6;14;3;3;6;2;0;0;1;1;0;0;0;0
213565;11;7;7100102;2021;6;8;3;2;5;3;0;1;1;0;0;0;0;0
213564;11;6;6200421;2021;6;17;7;3;1;5;0;1;1;0;0;0;0;0
213563;11;12;12400617;2021;6;13;1;3;5;3;0;1;1;0;0;0;0;0
213562;11;1;1100313;2021;7;13;1;3;0;1;0;0;0;0;1;0;0;0
213561;11;2;2400625;2021;6;17;6;3;5;2;0;0;1;0;1;0;0;0
213560;11;9;9301228;2021;6;11;1;3;5;2;0;1;1;0;0;0;0;0
213559;11;7;7100101;2021;5;19;4;3;6;7;0;0;1;1;0;0;0;0
213558;11;2;2100104;2021;6;10;4;3;5;2;0;1;1;0;0;0;0;1
213557;11;1;1400937;2021;7;14;3;3;5;7;0;1;1;0;0;0;0;0
213556;11;3;3300514;2021;7;12;4;3;2;7;0;0;1;0;0;0;0;1
213555;11;10;10400938;2021;6;12;5;3;3;6;0;1;0;0;0;0;1;0
213554;11;4;4100102;2021;5;21;1;3;3;6;1;0;1;0;1;0;0;0
213553;11;12;12500929;2021;6;10;5;3;8;1;0;0;1;0;0;0;0;0
213552;11;9;9401329;2021;6;17;4;3;5;2;0;1;1;0;0;0;0;0
213551;11;4;4200310;2021;6;8;3;3;1;5;0;1;1;0;0;0;0;0
213550;11;1;1100310;2021;6;18;7;3;2;6;0;1;0;0;0;0;0;0
213549;11;11;11200512;2021;6;17;1;3;0;5;0;1;1;0;0;0;0;0
213548;11;6;6200421;2021;6;14;3;3;0;7;0;0;0;0;1;0;1;0
213547;11;1;1200522;2021;6;17;4;2;5;3;0;1;1;0;0;0;0;0
213546;11;4;4300623;2021;6;14;2;3;2;6;0;0;1;0;0;0;0;0
213545;11;9;9501737;2021;7;20;2;3;8;1;1;0;1;0;0;0;0;0
213544;11;8;8100104;2021;6;19;4;2;2;6;0;0;1;0;1;0;0;0
213543;11;1;1300733;2021;7;14;5;3;3;6;0;1;1;0;0;0;0;0
213542;11;10;10100313;2021;7;16;5;3;5;2;0;0;1;0;0;0;0;1
213541;11;6;6100205;2021;6;10;5;3;2;6;0;0;1;0;0;0;0;0
213540;11;4;4400835;2021;6;18;5;3;0;3;0;0;1;0;1;0;0;0
213539;11;5;5100315;2021;6;15;5;3;3;6;0;0;1;0;0;1;0;0
213538;11;7;7300516;2021;6;17;2;3;1;5;0;1;1;0;0;0;0;0
213537;11;2;2500835;2021;5;8;2;3;5;3;0;1;1;0;0;0;0;0
213536;11;1;1401048;2021;6;16;6;3;6;4;0;0;1;1;0;0;0;0
213535;11;4;4500937;2021;6;19;6;3;5;2;0;1;1;0;0;0;0;0
213534;11;1;1100309;2021;6;18;3;3;5;2;0;1;0;0;1;0;0;0
213533;11;9;9200715;2021;6;19;6;3;5;2;0;1;1;0;0;0;0;0
213532;11;2;2200208;2021;6;13;1;3;3;6;0;0;1;0;1;0;0;0
213531;11;3;3300412;2021;5;7;6;2;5;2;0;1;1;0;0;0;0;0
213530;11;11;11400931;2021;6;15;4;3;5;2;0;1;1;0;0;0;0;0
213529;11;11;11501238;2021;7;15;7;3;5;3;0;1;1;0;0;0;0;0
213528;11;5;5100316;2021;5;16;3;3;5;7;0;0;1;0;0;0;0;0
213527;11;12;12500824;2021;6;9;3;3;1;5;0;1;1;0;0;0;0;0
213526;11;4;4501041;2021;7;14;3;3;2;2;0;0;1;0;0;0;1;0
213525;11;6;6200423;2021;7;10;7;2;5;3;0;0;1;0;1;0;0;0
213524;11;1;3400721;2021;6;13;2;3;2;2;0;0;1;0;0;0;0;0
213523;11;9;9501939;2021;6;11;6;3;2;6;0;0;1;0;0;0;1;0
213522;11;7;7400721;2021;6;18;5;3;5;2;0;1;0;0;1;0;0;0
213521;11;7;7501030;2021;6;14;2;3;5;3;0;0;1;0;1;0;0;0
213520;11;6;6400737;2021;6;12;3;2;5;3;0;1;1;0;0;0;0;0
213519;11;1;1100310;2021;6;23;7;3;6;7;2;0;1;1;0;0;0;0
213518;11;1;1100206;2021;6;12;7;3;0;1;0;1;0;0;0;0;0;0
213517;11;2;2500726;2021;7;11;7;3;6;4;0;0;1;1;0;0;0;0
213516;11;3;3300413;2021;6;17;4;3;9;1;0;0;0;0;1;0;0;0
213515;11;2;2100102;2021;6;23;6;3;1;5;2;1;1;0;0;0;0;0
213514;11;10;10400940;2021;5;9;4;3;5;3;0;0;1;0;0;0;0;0
213513;11;1;1300836;2021;6;14;4;3;1;5;0;1;1;0;0;0;0;1
213512;11;9;9200510;2021;7;12;2;2;1;7;0;0;1;0;0;0;0;0
213511;11;6;6100205;2021;7;19;4;3;5;3;1;0;1;0;0;0;0;0
213510;11;4;4500938;2021;6;13;4;2;0;1;0;1;0;0;0;0;0;0
213509;11;11;11501339;2021;5;13;7;3;5;3;0;1;1;0;0;0;0;0
213508;11;12;12100205;2021;6;11;5;3;9;1;0;1;0;0;0;0;0;0
213507;11;9;9401635;2021;6;15;4;3;5;2;0;1;1;0;0;0;0;0
213506;11;11;11200514;2021;6;17;4;3;5;2;0;1;1;0;0;0;0;0
213505;11;12;12200310;2021;6;13;7;3;5;2;0;1;1;0;0;0;0;0
213504;11;6;6100208;2021;6;8;4;3;6;3;0;0;1;1;0;0;0;0
213503;11;1;1300835;2021;6;16;3;3;5;3;0;1;1;0;0;0;0;0
213502;11;6;6400841;2021;6;8;2;3;5;3;0;0;1;0;1;0;0;0
213501;11;4;4300622;2021;6;20;1;3;1;5;0;1;1;0;0;0;0;0
213500;11;4;4501045;2021;7;12;1;3;1;5;0;0;1;0;0;0;1;0
213499;11;10;10100103;2021;6;17;1;3;5;3;0;1;1;0;0;0;0;0
213498;11;8;8100314;2021;7;20;5;2;5;3;1;1;1;0;0;0;0;0
213497;11;3;3500934;2021;7;21;4;3;6;4;1;1;0;1;0;0;0;0
213496;11;11;11100309;2021;7;8;4;3;2;6;0;0;1;0;0;0;0;1
213495;11;10;10100312;2021;6;13;5;3;9;6;0;0;1;0;0;0;0;0
213494;11;3;3601243;2021;6;13;5;2;5;2;0;1;0;0;0;0;1;0
213493;11;1;1100205;2021;5;18;1;3;5;3;0;1;1;0;0;0;0;0
213492;11;2;2200207;2021;6;9;6;3;0;3;0;1;1;0;0;0;0;0
213491;11;6;6100102;2021;6;15;5;3;2;6;0;0;1;0;0;0;0;0
213490;11;9;9100407;2021;6;18;3;3;6;4;0;0;0;1;0;0;1;0
213489;11;2;2200209;2021;6;10;6;2;3;6;0;0;1;0;1;0;0;0
213488;11;4;4300517;2021;6;15;2;3;5;3;0;0;1;0;1;0;0;0
213487;11;3;3300514;2021;5;19;5;3;5;3;0;1;1;0;0;0;0;1
213486;11;3;3601142;2021;6;17;4;3;3;6;0;1;0;0;0;0;0;0
213485;11;1;1100415;2021;5;21;1;3;0;1;1;1;0;0;0;0;0;0
213484;11;8;8200832;2021;6;11;2;3;2;6;0;0;1;0;0;0;0;0
213483;11;11;11100203;2021;7;7;2;2;5;2;0;0;1;0;1;0;0;0
213482;11;2;2200210;2021;6;17;5;3;3;6;0;1;1;0;0;0;0;0
213481;11;7;7601442;2021;7;17;6;3;5;3;0;0;1;0;0;0;0;0
213480;11;1;1100206;2021;7;14;6;3;2;6;0;1;1;0;0;0;0;1
213479;11;2;2400623;2021;6;7;5;3;1;5;0;0;1;0;0;0;0;0
213478;11;3;3701554;2021;6;20;2;3;3;6;0;0;1;0;1;0;0;0
213477;11;5;5200629;2021;5;13;2;3;5;2;0;1;1;0;0;0;0;0
213476;11;7;7601546;2021;6;15;6;3;6;7;0;1;0;1;0;0;0;0
213475;11;9;9501736;2021;6;13;6;2;0;7;0;1;0;0;0;0;0;0
213474;11;12;12500825;2021;7;11;6;2;5;3;0;0;1;0;1;0;0;0
213473;11;5;5100314;2021;6;5;4;3;0;7;0;0;0;0;1;0;0;0
213472;11;5;5300736;2021;6;13;6;3;5;7;0;1;1;0;0;0;0;0
213471;11;2;2500727;2021;6;12;2;3;1;5;0;1;1;0;0;0;0;0
213470;11;4;4501042;2021;5;5;6;3;0;2;0;0;0;0;0;0;1;0
213469;11;7;7501133;2021;6;14;4;3;0;7;0;0;1;0;1;0;0;0
213468;11;1;1200628;2021;7;11;1;3;6;7;0;0;1;1;0;0;0;0
213467;11;7;7200308;2021;5;15;3;3;5;3;0;1;1;0;0;0;0;0
213466;11;1;1100102;2021;6;20;3;3;2;2;1;1;0;0;0;0;0;0
213465;11;5;5100313;2021;7;15;2;3;2;6;0;0;1;0;0;0;1;0
213464;11;3;3300413;2021;7;7;3;3;5;3;0;1;1;0;0;0;0;0
213463;11;1;1100310;2021;7;17;7;3;2;6;0;1;1;0;0;0;0;0
213462;11;1;1100207;2021;6;15;3;2;5;3;0;1;1;0;0;0;0;0
213461;11;6;6400735;2021;6;8;6;2;5;2;0;1;1;0;0;0;0;0
213460;11;6;6100204;2021;6;11;4;2;0;5;0;1;1;0;0;0;0;0
213459;11;1;1300733;2021;7;0;6;3;5;2;2;0;1;0;0;0;0;1
213458;11;4;4100102;2021;7;15;6;3;2;6;0;0;1;0;0;0;0;0
213457;11;1;1100309;2021;6;12;5;3;0;5;0;1;1;0;0;0;0;0
213456;11;4;4500939;2021;6;2;5;2;9;1;2;0;0;0;1;0;0;0
213455;11;2;2400623;2021;6;17;2;3;1;5;0;1;1;0;0;0;0;0
213454;11;1;1200520;2021;5;13;2;3;2;7;0;0;1;0;1;0;0;0
213453;11;8;8401242;2021;6;17;6;3;5;3;0;0;1;0;0;0;0;0
213452;11;7;7400823;2021;6;16;6;2;0;2;0;0;1;0;1;0;0;0
213451;11;3;3701660;2021;6;7;4;3;5;3;0;1;1;0;0;0;0;0
213450;11;10;10200629;2021;5;7;6;3;5;3;0;1;1;0;0;0;0;0
213449;11;1;1100311;2021;6;18;4;3;5;2;0;1;1;0;0;0;0;0
213448;11;5;5100313;2021;7;13;1;3;2;6;0;0;1;0;0;0;0;0
213447;11;5;5200528;2021;5;19;3;2;5;2;0;0;1;0;0;0;0;0
213446;11;4;4400835;2021;6;12;3;3;1;5;0;1;0;0;0;0;1;0
213445;11;11;11100205;2021;7;14;3;3;5;3;0;1;1;0;0;0;0;0
213444;11;8;8100417;2021;7;13;6;3;5;3;0;0;1;0;0;0;0;1
213443;11;12;12400721;2021;6;16;2;3;5;3;0;1;1;0;0;0;0;0
213442;11;11;11100308;2021;6;18;6;3;0;6;0;0;0;0;1;0;1;0
213441;11;3;3601244;2021;6;10;3;3;5;2;0;0;1;0;0;0;0;0
213440;11;5;5100316;2021;6;13;3;3;0;3;0;0;1;0;1;0;0;0
213439;11;8;8100418;2021;6;10;7;2;5;3;0;0;1;0;0;0;0;0
213438;11;8;8100313;2021;6;19;7;3;0;1;0;1;0;0;0;0;1;0
213437;11;2;2400521;2021;7;10;7;3;5;3;0;1;0;0;0;0;0;0
213436;11;6;4400835;2021;6;16;6;3;5;3;0;1;1;0;0;0;0;0
213435;11;6;6400841;2021;6;12;2;3;2;6;0;0;1;0;0;0;0;0
213434;11;11;11200515;2021;5;14;4;3;5;3;0;1;1;0;0;0;0;0
213433;11;4;4300623;2021;6;12;4;3;5;2;0;1;1;0;0;0;0;1
213432;11;1;1200624;2021;7;6;2;3;5;2;0;0;1;0;0;1;0;0
213431;11;1;1300732;2021;7;11;4;2;6;2;0;0;1;1;0;0;0;1
213430;11;2;2400623;2021;6;12;4;3;5;3;0;1;0;0;0;0;1;0
213429;11;11;11200513;2021;5;15;7;3;1;5;0;1;1;0;0;0;0;0
213428;11;8;8100105;2021;6;16;5;3;4;6;0;0;1;0;0;0;1;0
213427;11;7;7100205;2021;6;8;4;3;5;3;0;1;0;0;0;0;1;0
213426;11;8;8200831;2021;6;10;3;3;5;7;0;0;1;0;0;0;1;0
213425;11;9;9200510;2021;6;15;7;3;5;2;0;1;1;0;0;0;0;0
213424;11;5;5300841;2021;6;6;3;2;3;6;0;0;1;0;1;0;0;0
213423;11;10;10200420;2021;6;14;4;2;6;4;0;0;1;1;0;0;0;0
213422;11;3;3400828;2021;6;13;2;3;5;3;0;1;0;0;0;0;0;0
213421;11;1;1100207;2021;6;18;1;3;5;3;0;0;1;0;0;0;0;0
213420;11;11;11400927;2021;7;1;1;2;0;1;2;1;0;0;0;0;0;0
213419;11;6;6400841;2021;6;14;7;3;1;5;0;0;1;0;0;0;0;0
213418;11;8;8300935;2021;7;17;5;3;2;6;0;0;1;0;0;0;0;1
213417;11;2;2200209;2021;7;17;5;3;3;6;0;1;0;0;0;0;0;0
213416;11;8;8100312;2021;6;10;5;3;2;6;0;0;1;0;0;0;0;0
213415;11;2;2400521;2021;6;7;2;3;0;1;0;1;0;0;0;0;1;0
213414;11;3;3200310;2021;5;18;1;2;5;2;0;0;1;0;1;0;0;0
213413;11;8;8100314;2021;6;12;6;3;1;5;0;1;1;0;0;0;0;0
213412;11;8;8401241;2021;6;17;4;3;2;6;0;1;1;0;0;0;0;0
213411;11;3;3100103;2021;6;9;3;3;6;2;0;0;1;1;0;0;0;0
213410;11;5;5100105;2021;6;20;2;3;5;3;0;0;1;0;0;0;0;0
213409;11;9;9501737;2021;6;20;2;3;5;3;0;1;0;0;0;0;0;0
213408;11;1;1400937;2021;5;16;5;2;0;7;0;0;1;0;0;0;0;1
213407;11;1;1100309;2021;6;17;4;3;0;6;0;1;1;0;0;0;0;0
213406;11;8;8100208;2021;5;14;2;3;5;3;0;1;0;0;0;0;1;0
213405;11;1;1300733;2021;6;15;2;3;0;7;0;1;0;1;0;0;0;0
213404;11;4;4501042;2021;7;16;2;3;5;3;0;1;0;0;0;0;1;0
213403;11;5;5100211;2021;7;19;6;3;5;2;0;0;1;0;1;0;0;0
213402;11;8;8100415;2021;7;20;6;3;1;5;0;1;1;0;0;0;0;0
213401;11;7;7601544;2021;6;10;6;3;5;2;0;0;1;0;0;0;0;0
213400;11;9;9200715;2021;6;1;5;2;0;1;2;1;0;0;0;0;0;0
213399;11;6;6300631;2021;6;13;2;2;0;1;0;1;0;0;0;0;0;0
213398;11;2;2500832;2021;5;8;2;3;5;2;0;1;1;0;0;0;0;0
213397;11;3;3400828;2021;6;13;6;3;6;7;0;0;0;1;0;0;1;0
213396;11;9;9200716;2021;6;13;6;3;5;2;0;1;1;0;0;0;0;0
213395;11;4;4400727;2021;7;7;6;3;5;2;0;1;1;0;0;0;0;1
213394;11;1;1100310;2021;6;7;4;2;5;7;0;0;1;0;1;0;0;0
213393;11;10;10100311;2021;6;12;6;2;6;4;0;0;0;1;0;0;1;0
213392;11;6;6200316;2021;5;19;6;3;0;7;0;1;0;1;0;0;0;0
213391;11;10;10300731;2021;6;6;5;3;5;3;0;1;1;0;0;0;0;0
213390;11;9;9100304;2021;7;3;1;2;9;1;2;0;1;0;0;0;0;0
213389;11;2;2400623;2021;5;7;3;3;5;3;0;1;0;0;0;0;0;1
213388;11;1;1100207;2021;6;15;3;3;5;3;0;0;1;0;0;0;0;0
213387;11;2;2500726;2021;7;18;2;3;5;2;0;1;0;0;0;0;1;0
213386;11;1;1200518;2021;7;10;3;3;1;5;0;0;1;0;0;0;0;0
213385;11;5;5200629;2021;5;6;6;3;6;4;0;0;1;1;0;0;0;1
213384;11;7;7200308;2021;6;14;4;3;2;6;0;1;1;0;0;0;0;0
213383;11;4;4300518;2021;7;13;7;2;0;1;0;1;0;0;0;0;0;0
213382;11;4;4100102;2021;6;21;2;2;5;2;1;0;1;0;0;0;0;0
213381;11;5;5100314;2021;6;15;6;2;6;4;0;0;0;1;1;0;0;0
213380;11;10;10100104;2021;6;13;3;3;6;4;0;0;1;1;0;0;0;0
213379;11;1;1200522;2021;6;10;3;3;1;5;0;1;1;0;0;0;0;0
213378;11;8;8100209;2021;6;0;1;3;5;3;2;0;1;0;0;0;0;0
213377;11;2;2200210;2021;6;16;6;3;2;6;0;1;1;0;0;0;0;0
213376;11;8;8200623;2021;7;11;7;3;5;2;0;0;1;0;0;0;0;0
213375;11;1;1400937;2021;6;16;7;3;1;5;0;1;1;0;0;0;0;0
213374;11;1;1100103;2021;5;11;4;3;2;6;0;0;1;0;0;1;0;0
213373;11;12;12500927;2021;6;20;3;3;5;3;0;1;1;0;0;0;0;1
213372;11;1;1200520;2021;7;13;3;3;0;6;0;0;1;0;1;0;0;0
213371;11;5;5200630;2021;7;9;4;3;2;6;0;0;1;0;0;0;0;1
213370;11;1;1200517;2021;6;10;5;2;5;3;0;0;1;0;1;0;0;0
213369;11;9;9300923;2021;5;14;1;3;5;3;0;0;1;0;0;0;0;0
213368;11;1;1100101;2021;6;17;5;2;5;2;0;1;0;0;1;0;0;0
213367;11;10;10400938;2021;6;20;5;2;5;3;0;0;0;0;1;0;1;0
213366;11;7;7100206;2021;6;9;3;3;0;1;0;0;0;0;1;0;0;0
213365;11;5;5100315;2021;6;23;7;3;0;7;2;0;0;0;0;0;1;0
213364;11;12;12100204;2021;6;15;3;3;1;5;0;1;1;0;0;0;0;0
213363;11;1;1200519;2021;6;16;3;3;5;2;0;1;0;0;0;0;1;0
213362;11;6;6200313;2021;6;20;2;3;5;2;0;0;1;0;0;0;0;0
213361;11;1;1401047;2021;7;20;1;3;5;3;0;0;1;0;0;0;0;0
213360;11;8;8100208;2021;6;14;7;3;2;6;0;0;1;0;0;0;0;0
213359;11;9;9501838;2021;6;10;2;1;5;3;0;1;1;0;0;0;0;0
213358;11;4;4501045;2021;6;8;3;3;5;2;0;1;1;0;0;0;0;0
213357;11;6;6300525;2021;6;18;1;3;6;7;0;0;1;1;0;0;0;0
213356;11;2;2200213;2021;6;14;6;3;6;7;0;0;0;1;1;0;0;0
213355;11;6;6100206;2021;7;17;6;3;2;6;0;0;1;0;0;0;0;0
213354;11;1;1100313;2021;6;16;7;3;5;2;0;1;1;0;0;0;0;0
213353;11;12;12400721;2021;5;16;4;3;0;1;0;0;0;0;1;0;0;1
213352;11;10;10200630;2021;6;20;3;3;5;3;0;1;1;0;0;0;0;1
213351;11;7;7501031;2021;7;15;3;3;2;6;0;0;1;0;0;0;0;0
213350;11;1;1401049;2021;7;8;4;3;5;3;0;1;1;0;0;0;0;1
213349;11;7;7100206;2021;6;11;4;3;5;2;0;1;0;0;0;1;0;0
213348;11;3;3701554;2021;5;16;7;3;3;6;0;1;0;0;0;0;1;0
213347;11;5;5300840;2021;6;10;5;3;3;6;0;0;1;0;0;1;0;0
213346;11;2;2200210;2021;6;21;4;3;5;3;0;0;1;0;0;0;0;0
213345;11;8;8100103;2021;6;5;4;3;2;6;0;0;1;0;0;1;0;0
213344;11;11;11300617;2021;6;16;7;3;2;6;0;0;1;0;0;0;0;0
213343;11;11;11300617;2021;6;15;3;2;2;6;0;0;1;0;0;0;0;0
213342;11;8;8100415;2021;6;16;4;2;5;3;0;0;1;0;0;0;0;0
213341;11;7;7300618;2021;6;18;2;2;5;3;0;0;1;0;1;0;0;0
213340;11;2;2500832;2021;7;16;1;2;6;4;0;1;0;1;0;0;0;0
213339;11;11;11100204;2021;6;17;1;3;0;1;0;1;0;0;0;0;0;0
213338;11;1;1200522;2021;6;19;4;3;2;6;0;1;1;0;0;0;0;1
213337;11;12;12400616;2021;7;18;4;3;1;1;0;1;1;0;0;0;0;1
213336;11;6;6200315;2021;6;8;5;3;2;2;0;0;1;0;1;0;0;0
213335;11;6;6400838;2021;5;9;1;2;0;1;0;1;0;0;0;0;0;0
213334;11;7;7601341;2021;6;11;6;3;5;2;0;0;1;0;0;0;0;0
213333;11;5;5300737;2021;6;21;5;3;1;5;1;0;1;0;0;0;1;0
213332;11;1;1100313;2021;6;17;3;3;5;3;0;1;1;0;0;0;0;0
213331;11;4;4501045;2021;6;8;2;3;2;2;0;0;1;0;1;0;0;0
213330;11;2;2100104;2021;5;8;5;3;6;4;0;1;0;1;0;0;0;0
213329;11;4;4200310;2021;6;16;4;3;0;5;0;1;1;0;0;0;0;0
213328;11;7;7300515;2021;5;17;1;3;0;2;0;1;1;0;0;0;0;1
213327;11;3;3500936;2021;6;22;2;3;2;6;2;0;1;0;1;0;0;0
213326;11;1;1100101;2021;7;15;2;3;5;2;0;1;1;0;0;0;0;0
213325;11;4;4300619;2021;7;20;6;2;0;7;0;0;0;0;0;0;1;0
213324;11;1;1200623;2021;7;21;6;3;0;1;1;0;0;0;0;0;1;1
213323;11;6;6400843;2021;6;15;5;3;6;4;0;0;1;1;0;0;0;0
213322;11;7;7501030;2021;6;8;5;3;6;4;0;0;0;1;0;0;1;0