OBJECTID;LAND;BEZ;LOR_ab_2021;UJAHR;UMONAT;USTUNDE;UWOCHENTAG;UKATEGORIE;UART;UTYP1;ULICHTVERH;IstRad;IstPKW;IstFuss;IstKrad;IstGkfz;IstSonstige;USTRZUSTAND
212991;11;3;3100102;2021;7;1;1;3;5;2;2;0;1;0;1;0;0;0
212990;11;6;6400737;2021;6;10;1;3;5;2;0;0;0;0;1;0;0;0
212989;11;2;2400625;2021;7;19;5;2;3;6;1;1;0;0;0;0;0;1
212988;11;1;1300835;2021;7;13;5;3;5;2;0;1;1;0;0;0;0;0
212987;11;1;1401044;2021;6;7;5;3;2;6;0;0;1;0;1;0;0;0
212986;11;1;1400938;2021;5;6;2;3;1;5;0;0;0;0;0;1;1;0
212985;11;12;12100205;2021;6;20;5;3;0;7;0;0;1;0;0;0;0;0
212984;11;1;1100205;2021;6;18;6;3;3;6;0;1;1;0;1;0;0;0
212983;11;3;3601450;2021;6;11;2;3;0;3;0;0;1;0;0;0;0;0
212982;11;8;8100520;2021;6;8;2;3;5;3;0;1;0;0;0;0;0;0
212981;11;10;10300733;2021;5;14;5;3;5;2;0;0;1;0;0;0;0;1
212980;11;9;9100304;2021;6;17;4;3;5;2;0;0;1;0;0;0;0;0
212979;11;1;1100103;2021;5;18;2;3;1;5;0;0;0;0;1;0;1;0
212978;11;7;7400823;2021;6;7;2;3;5;2;0;0;1;0;0;0;0;0
212977;11;4;4200203;2021;7;11;2;3;9;1;0;0;0;0;0;0;1;1
212976;11;1;1100309;2021;7;21;5;3;2;6;1;0;1;0;0;0;0;0
212975;11;1;1100308;2021;6;9;6;3;5;3;0;0;1;0;0;0;0;0
212974;11;1;1100103;2021;6;15;5;3;5;2;0;0;1;0;0;0;0;0
212973;11;6;6300632;2021;6;17;2;2;5;3;0;0;1;0;0;0;1;0
212972;11;8;8100102;2021;5;9;2;3;2;6;0;1;1;0;0;0;0;0
212971;11;4;4200308;2021;6;13;6;3;5;2;0;0;1;0;0;0;0;0
212970;11;8;8100314;2021;6;15;7;3;6;4;0;0;1;1;0;0;0;0
212969;11;2;2100101;2021;7;15;6;3;2;6;0;0;1;0;0;0;1;0
212968;11;8;8100419;2021;6;14;3;3;5;3;0;1;1;0;0;0;0;0
212967;11;2;2300418;2021;6;19;6;3;1;5;0;1;1;0;0;0;0;0
212966;11;1;1100206;2021;5;8;6;3;5;3;0;1;1;0;0;0;0;0
212965;11;12;12200413;2021;6;16;4;3;5;3;0;0;1;0;0;0;0;0
212964;11;5;5200526;2021;7;20;7;3;2;6;0;0;1;0;0;0;1;0
212963;11;1;1401045;2021;5;17;3;3;2;6;0;0;1;0;0;0;0;1
212962;11;5;5100105;2021;6;14;3;3;2;6;0;0;1;0;0;0;0;0
212961;11;9;9200614;2021;7;8;2;3;0;1;0;1;0;0;0;0;0;1
212960;11;3;3500934;2021;7;12;3;3;0;6;0;1;0;0;0;0;1;0
212959;11;8;8401243;2021;5;10;7;3;6;7;0;0;0;1;0;0;1;0
212958;11;11;11400929;2021;6;9;5;2;5;2;0;0;1;0;0;0;1;0
212957;11;7;7400927;2021;6;14;4;3;5;2;0;0;1;0;1;0;0;1
212956;11;4;4300416;2021;7;9;7;3;0;3;0;0;1;0;1;0;0;1
212955;11;8;8401241;2021;6;16;2;3;5;3;0;0;1;0;1;0;0;0
212954;11;3;3400619;2021;6;14;6;3;5;2;0;1;1;0;0;0;0;0
212953;11;5;5100208;2021;6;19;3;3;2;6;0;0;1;0;0;0;0;0
212952;11;4;4100102;2021;6;18;3;3;5;3;0;1;1;0;0;0;0;0
212951;11;1;1401046;2021;6;17;7;3;0;7;0;1;0;0;0;0;0;0
212950;11;8;8200624;2021;6;17;2;3;2;6;0;0;1;0;0;0;0;0
212949;11;10;10100312;2021;7;12;7;2;5;7;0;0;1;0;1;0;0;0
212948;11;7;7601544;2021;6;14;7;3;3;6;0;0;1;0;1;0;0;0
212947;11;7;7400823;2021;5;19;4;2;0;6;0;0;1;0;1;0;0;0
212946;11;12;12601235;2021;6;17;4;3;1;5;1;0;1;1;0;0;1;1
212945;11;8;8100206;2021;7;22;3;3;2;7;2;0;1;0;1;0;0;0
212944;11;3;3500935;2021;7;20;4;3;7;7;0;0;0;0;1;0;0;0
212943;11;1;1200517;2021;6;12;5;3;2;2;0;0;1;0;0;1;0;0
212942;11;1;1300836;2021;5;12;1;3;0;1;0;1;0;0;0;0;0;0
212941;11;5;5200528;2021;6;17;5;3;3;6;0;0;1;0;0;0;1;0
212940;11;3;3400831;2021;6;17;5;3;3;6;0;0;1;0;0;0;1;0
212939;11;12;12500929;2021;5;18;6;3;5;3;0;0;1;0;0;0;1;1
212938;11;1;1300732;2021;6;13;5;2;0;3;0;0;1;0;1;0;0;0
212937;11;8;8200730;2021;7;15;2;3;3;6;0;0;0;0;0;1;1;0
212936;11;9;9100408;2021;5;8;3;3;5;2;0;0;1;0;0;0;1;0
212935;11;5;5300840;2021;6;16;3;3;6;4;0;0;1;1;0;0;0;0
212934;11;12;12200308;2021;7;12;2;3;1;5;0;1;1;0;0;0;0;0
212933;11;1;1100102;2021;7;18;3;2;0;7;0;1;0;0;0;0;0;0
212932;11;1;1300834;2021;5;12;6;3;5;2;0;0;1;0;0;0;0;0
212931;11;10;10100315;2021;6;12;5;3;0;6;0;0;1;0;0;0;1;0
212930;11;4;4100101;2021;7;21;7;2;5;2;2;0;1;1;0;0;0;0
212929;11;3;3100103;2021;6;10;2;2;1;5;0;1;1;0;0;0;0;0
212928;11;8;8100105;2021;6;11;6;3;5;2;0;1;1;0;0;0;0;0
212927;11;1;1300835;2021;6;15;2;3;5;3;0;1;1;0;0;0;0;0
212926;11;2;2200208;2021;6;12;3;2;0;7;0;1;0;0;0;0;0;0
212925;11;8;8401244;2021;6;10;7;3;0;6;0;0;1;0;0;0;1;0
212924;11;3;3601245;2021;6;5;7;2;5;3;0;0;1;0;0;0;0;0
212923;11;6;6100205;2021;7;14;6;2;5;3;0;1;0;0;0;0;1;0
212922;11;3;3601243;2021;6;17;7;3;2;6;0;0;1;0;0;0;0;0
212921;11;11;11300722;2021;5;20;4;3;0;1;0;0;0;0;0;0;1;0
212920;11;5;5100313;2021;6;15;4;3;2;6;0;0;1;0;0;0;0;1
212919;11;2;2500833;2021;7;23;3;3;0;1;2;1;0;0;0;0;0;0
212918;11;11;11300722;2021;7;13;4;3;0;1;0;0;0;0;1;0;0;1
212917;11;4;4501041;2021;6;11;4;3;2;7;0;1;0;0;0;0;1;0
212916;11;8;8100312;2021;5;11;6;3;1;5;0;1;1;0;0;0;0;0
212915;11;12;12500927;2021;6;16;5;3;2;6;0;0;1;0;0;0;0;0
212914;11;2;2100102;2021;6;10;5;3;0;2;0;1;0;0;0;1;0;1
212913;11;4;4400833;2021;6;19;3;3;5;3;0;0;0;0;1;0;1;0
212912;11;1;1100310;2021;6;11;6;3;6;2;0;0;0;1;0;0;1;0
212911;11;2;2200207;2021;6;18;7;2;8;1;0;0;1;0;0;0;0;0
212910;11;3;3701554;2021;6;13;1;3;5;3;0;0;1;0;0;0;1;0
212909;11;1;1200629;2021;6;3;4;3;3;5;2;0;1;0;0;0;1;0
212908;11;8;8200730;2021;6;17;4;2;5;5;0;0;0;0;1;0;1;0
212907;11;3;3701556;2021;6;20;2;3;0;1;0;1;0;0;0;0;0;0
212906;11;5;5300736;2021;7;12;7;3;2;6;0;0;1;0;0;0;0;0
212905;11;1;1100310;2021;6;7;7;3;5;3;0;0;1;0;0;0;0;0
212904;11;4;4501045;2021;7;10;5;3;5;3;0;0;1;0;0;0;0;1
212903;11;8;8301036;2021;7;14;5;3;2;6;0;0;1;0;1;0;0;0
212902;11;5;5200634;2021;6;18;5;2;2;6;0;1;1;0;0;0;0;0
212901;11;8;8100415;2021;5;19;2;3;0;7;0;0;1;0;1;0;0;0
212900;11;9;9301025;2021;6;18;5;3;4;6;0;0;1;0;0;0;1;0
212899;11;3;3400725;2021;6;15;6;3;5;3;0;1;1;0;0;0;0;0
212898;11;1;1100102;2021;6;10;3;3;5;3;0;0;1;0;0;0;0;0
212897;11;7;7300515;2021;6;18;2;3;5;2;0;1;1;0;0;0;0;0
212896;11;3;3601244;2021;5;10;5;3;5;3;0;1;1;0;0;0;0;0
212895;11;3;3400620;2021;6;9;4;3;2;6;0;0;1;0;1;0;0;0
212894;11;1;1100310;2021;7;19;7;3;5;2;0;0;1;0;1;0;0;0
212893;11;1;1200625;2021;5;18;1;3;6;4;0;0;1;1;0;0;0;0
212892;11;9;9300920;2021;6;14;3;3;5;3;0;0;1;0;0;0;0;0
212891;11;5;5400942;2021;7;7;3;3;3;6;0;1;1;0;0;0;0;0
212890;11;2;2100104;2021;7;15;5;3;5;7;0;1;0;0;0;0;1;1
212889;11;10;10100205;2021;6;14;2;3;5;2;0;1;0;0;0;1;0;0
212888;11;8;8401244;2021;6;7;6;3;6;4;0;0;1;1;0;0;0;0
212887;11;6;6200313;2021;6;21;5;2;0;6;2;0;0;0;0;0;1;0
212886;11;5;5200528;2021;6;17;2;3;6;7;0;0;0;1;0;0;1;0
212885;11;10;10300731;2021;6;18;3;2;1;5;0;0;1;0;0;0;0;0
212884;11;1;1100312;2021;6;13;6;3;1;5;0;1;1;0;0;0;0;0
212883;11;1;1401047;2021;6;22;7;3;2;6;2;0;0;0;0;0;1;0
212882;11;1;1300733;2021;7;22;6;3;5;7;2;1;1;0;0;0;0;0
212881;11;8;8100312;2021;6;9;4;3;5;3;0;1;1;0;0;0;0;0
212880;11;12;12200413;2021;6;14;6;2;3;7;0;1;0;0;0;0;0;0
212879;11;7;7601442;2021;6;12;4;2;5;2;0;0;1;0;0;0;0;0
212878;11;4;4300619;2021;5;23;3;3;5;3;2;0;1;0;0;0;0;0
212877;11;2;2400623;2021;6;14;4;3;6;7;0;0;0;1;0;0;1;1
212876;11;5;5300840;2021;7;14;2;3;5;7;0;0;1;0;0;0;0;0
212875;11;8;8200725;2021;7;10;4;3;2;6;0;0;1;0;0;0;0;1
212874;11;1;1401046;2021;6;18;4;3;1;5;0;1;1;0;0;0;0;0
212873;11;7;7400826;2021;5;17;7;3;5;3;0;0;1;0;0;0;0;0
212872;11;6;6200313;2021;6;15;5;3;0;6;0;0;0;0;0;0;1;0
212871;11;1;1300836;2021;6;21;4;3;5;3;0;1;1;0;0;0;0;0
212870;11;1;1100415;2021;7;10;7;3;1;5;0;1;1;0;0;0;0;1
212869;11;7;7400721;2021;6;0;4;3;6;4;2;0;0;1;1;0;0;0
212868;11;1;1100206;2021;6;23;7;3;5;2;2;1;1;0;0;0;0;0
212867;11;10;10100205;2021;6;8;4;3;5;2;0;0;1;0;0;0;0;0
212866;11;6;6300528;2021;6;7;4;3;5;3;0;1;0;0;1;0;0;0
212865;11;10;10200418;2021;6;7;2;3;6;4;0;0;1;1;0;0;0;0
212864;11;3;3500933;2021;6;13;1;3;5;3;0;1;1;0;0;0;0;0
212863;11;3;3300516;2021;7;20;1;2;5;3;0;1;1;0;0;0;0;0
212862;11;1;1100309;2021;6;23;7;3;5;3;2;0;0;0;0;0;1;0
212861;11;2;2300314;2021;5;12;3;3;1;5;0;1;1;0;0;0;0;1
212860;11;8;8401244;2021;6;12;4;3;2;6;0;0;1;0;0;0;1;1
212859;11;1;1300836;2021;7;15;3;3;3;6;0;0;1;0;0;0;0;0
212858;11;2;2100106;2021;7;2;5;3;5;3;2;1;1;0;0;0;0;0
212857;11;9;9501941;2021;6;15;5;3;5;3;0;0;1;0;0;0;0;0
212856;11;3;3601140;2021;5;20;1;3;0;7;0;1;1;0;0;0;0;0
212855;11;4;4300621;2021;6;17;5;3;5;7;0;1;1;0;0;0;0;0
212854;11;5;5100208;2021;6;12;5;3;6;4;0;1;0;1;0;0;0;1
212853;11;3;3500936;2021;6;10;3;3;3;6;0;0;1;0;0;1;0;0
212852;11;1;2400623;2021;6;22;1;3;2;6;2;0;1;0;0;0;0;0
212851;11;12;12500929;2021;5;16;5;3;2;6;0;0;1;0;0;0;0;1
212850;11;4;4100101;2021;6;18;4;2;5;2;0;0;1;0;1;0;0;0
212849;11;5;5300735;2021;5;21;1;3;5;3;2;0;1;0;0;0;0;0
212848;11;8;8100312;2021;6;17;2;3;2;6;0;1;1;0;0;0;0;0
212847;11;1;1300733;2021;7;23;3;2;5;2;2;0;1;0;1;0;0;1
212846;11;1;1100104;2021;6;14;5;3;0;3;0;1;0;0;0;0;1;0
212845;11;1;1100309;2021;7;16;6;2;5;2;0;1;1;0;0;0;0;0
212844;11;2;2200213;2021;7;8;4;3;5;2;0;1;1;0;0;0;0;0
212843;11;1;1200522;2021;7;15;6;3;5;2;0;0;1;0;1;0;0;1
212842;11;12;12200309;2021;6;13;6;3;3;6;0;0;1;0;0;1;0;0
212841;11;5;5100317;2021;6;13;5;3;5;3;0;0;1;0;0;0;0;0
212840;11;4;4500938;2021;6;23;2;2;1;5;2;0;1;0;1;0;0;0
212839;11;7;7400826;2021;5;17;2;3;1;5;0;1;1;0;0;0;1;0
212838;11;2;2200208;2021;6;17;6;3;5;2;0;0;1;0;1;0;0;0
212837;11;1;1200520;2021;6;18;5;3;1;5;0;1;1;0;0;0;0;0
212836;11;10;10400940;2021;6;22;3;3;0;6;2;1;0;0;0;0;1;0
212835;11;7;7601544;2021;6;7;6;3;0;3;0;0;0;0;1;0;1;1
212834;11;5;5200634;2021;5;15;6;3;6;7;0;1;0;1;0;0;0;0
212833;11;1;1100310;2021;6;11;4;3;1;5;0;1;1;0;0;0;0;0
212832;11;7;7400823;2021;7;19;1;2;5;3;0;0;1;0;0;0;0;0
212831;11;7;7400721;2021;5;14;3;3;5;7;0;0;1;0;1;0;0;0
212830;11;4;4100101;2021;6;9;3;3;6;7;0;1;0;1;0;0;0;0
212829;11;8;8100314;2021;7;15;3;3;0;7;0;0;0;0;0;0;1;0
212828;11;3;3500933;2021;6;23;3;3;2;6;2;0;1;0;0;0;0;0
212827;11;6;6400737;2021;6;9;7;3;1;5;0;0;1;0;1;0;0;0
212826;11;2;2100104;2021;6;0;3;3;5;3;2;0;1;0;0;0;0;0
212825;11;6;6200423;2021;6;21;4;3;1;5;1;0;1;0;0;0;0;0
212824;11;1;1200520;2021;6;14;2;3;6;2;0;0;1;1;0;0;0;0
212823;11;4;4501152;2021;7;19;2;3;0;2;0;1;1;0;0;0;0;0
212822;11;1;1100415;2021;6;10;7;3;0;1;0;1;0;0;0;0;0;0
212821;11;4;4200311;2021;6;18;4;3;3;6;0;0;1;0;0;0;0;1
212820;11;6;6300528;2021;7;16;5;3;0;1;0;0;0;0;1;0;0;1
212819;11;10;10400940;2021;6;15;6;2;6;4;0;0;1;1;0;0;0;0
212818;11;12;12100205;2021;6;17;2;3;0;1;0;0;0;0;1;0;0;0
212817;11;2;2500831;2021;5;11;2;3;6;2;0;0;1;1;0;0;0;0
212816;11;3;3400722;2021;6;15;6;2;1;5;0;1;1;0;0;0;0;0
212815;11;9;9200715;2021;6;19;6;3;5;2;1;0;1;0;0;0;0;0
212814;11;9;9200716;2021;6;9;3;3;1;5;0;0;1;0;1;0;0;0
212813;11;8;8200622;2021;6;20;6;3;6;4;0;0;1;1;0;0;0;0
212812;11;1;1401045;2021;6;23;1;2;0;7;2;0;0;0;0;0;1;0
212811;11;4;4300416;2021;6;9;2;3;5;2;0;1;1;0;0;0;0;0
212810;11;1;1400937;2021;5;14;5;3;0;2;0;1;1;0;0;0;0;0
212809;11;5;5200629;2021;6;15;4;3;5;2;0;1;1;0;0;0;0;0
212808;11;5;5200528;2021;7;11;1;3;0;1;0;0;0;0;1;0;0;0
212807;11;3;3601348;2021;5;12;2;3;5;3;0;1;1;0;0;0;0;0
212806;11;9;9502043;2021;6;15;3;3;5;2;0;1;1;0;0;0;0;0
212805;11;1;1200623;2021;7;8;3;3;0;7;0;0;1;0;0;0;1;0
212804;11;9;9100408;2021;7;15;6;3;5;3;0;1;1;0;0;0;0;0
212803;11;12;12500825;2021;6;11;2;3;0;7;0;1;0;0;0;0;0;0
212802;11;1;1100313;2021;6;18;6;3;0;4;0;0;1;1;0;0;0;0
212801;11;7;7100204;2021;6;19;5;2;1;5;1;1;1;0;0;0;0;0
212800;11;2;2200210;2021;6;19;3;3;3;6;0;0;1;0;1;0;0;0
212799;11;1;1300732;2021;6;6;3;3;0;5;0;0;1;0;0;0;1;0
212798;11;12;12400616;2021;6;17;1;2;5;3;0;0;1;0;0;0;0;0
212797;11;4;4501042;2021;6;17;7;3;2;6;0;0;1;0;0;0;1;0
212796;11;3;3200206;2021;7;10;6;3;5;3;0;1;1;0;0;0;0;0
212795;11;9;9200819;2021;6;16;4;3;0;1;0;1;0;0;0;0;1;0
212794;11;10;10100313;2021;6;14;6;3;5;2;0;0;1;0;0;0;0;0
212793;11;9;9100304;2021;6;10;2;3;6;7;0;0;1;1;0;0;0;0
212792;11;9;9301025;2021;5;7;4;2;0;1;0;1;0;0;0;0;0;0
212791;11;3;3200310;2021;6;10;4;3;6;3;0;0;1;1;0;0;0;1
212790;11;7;7601442;2021;7;18;2;3;5;2;0;0;1;0;1;0;0;0
212789;11;4;4200308;2021;7;14;4;2;5;3;0;1;1;0;0;0;0;0
212788;11;2;2100106;2021;6;13;4;3;5;3;0;0;1;0;0;0;0;0
212787;11;6;6300528;2021;5;15;7;3;5;2;0;1;0;0;0;0;0;0
212786;11;6;6400735;2021;6;13;5;3;5;3;0;1;1;0;0;0;0;0
212785;11;5;5100314;2021;6;15;4;3;5;3;0;1;0;0;0;0;0;0
212784;11;9;9301126;2021;6;6;4;3;1;5;0;0;1;0;1;0;0;0
212783;11;3;3400723;2021;6;11;7;3;0;3;0;0;1;0;0;0;1;0
212782;11;11;11200411;2021;6;5;4;2;5;3;0;0;1;0;1;0;0;0
212781;11;9;9501737;2021;6;11;4;3;5;2;0;1;1;0;0;0;0;0
212780;11;6;6300633;2021;6;8;2;3;1;5;0;0;1;0;0;0;1;0
212779;11;7;7601443;2021;6;21;7;3;1;7;2;1;0;0;0;0;1;0
212778;11;9;9200512;2021;7;14;1;3;2;6;0;0;1;0;0;0;0;0
212777;11;1;1401048;2021;6;22;7;3;1;5;2;0;1;0;0;0;0;0
212776;11;5;5200632;2021;6;12;1;3;0;1;0;1;0;0;0;0;0;0
212775;11;5;5100316;2021;7;18;5;3;1;5;0;1;1;0;0;0;0;0
212774;11;12;12400618;2021;7;13;3;3;2;6;0;0;1;0;0;0;0;0
212773;11;7;7300516;2021;7;15;5;2;5;3;0;1;1;0;0;0;0;1
212772;11;10;10200417;2021;6;13;5;3;5;2;0;1;1;0;0;0;0;0
212771;11;8;8401242;2021;5;16;2;3;5;2;0;1;1;0;0;0;0;0
212770;11;1;1300836;2021;6;8;6;2;0;1;0;1;0;0;0;0;0;0
212769;11;3;3601452;2021;6;15;5;3;2;6;0;1;1;0;0;0;0;1
212768;11;4;4100101;2021;6;13;2;3;5;3;0;1;1;0;0;0;0;0
212767;11;7;7300618;2021;6;16;2;3;0;7;0;1;0;0;0;0;0;0
212766;11;1;1200627;2021;5;13;5;3;5;2;0;0;1;0;0;0;1;0
212765;11;2;2200211;2021;6;9;4;3;3;6;0;1;0;0;0;1;0;0
212764;11;9;9502043;2021;5;17;1;2;4;6;0;0;1;0;0;0;0;0
212763;11;8;8100312;2021;6;17;3;3;5;3;0;1;0;0;0;0;1;0
212762;11;2;2300314;2021;7;11;2;2;5;2;0;1;0;0;0;0;1;1
212761;11;8;8100208;2021;6;0;4;3;5;3;2;0;1;0;0;0;0;0
212760;11;5;5300840;2021;7;9;6;3;1;7;0;0;1;0;0;0;0;0
212759;11;10;10100311;2021;7;15;6;3;5;3;0;1;1;0;0;0;0;0
212758;11;2;2400623;2021;6;18;5;3;5;3;0;1;1;0;0;0;0;0
212757;11;3;3200309;2021;6;11;5;2;0;1;0;1;0;0;0;0;0;0
212756;11;11;11200410;2021;6;20;2;3;5;3;0;0;1;0;0;0;0;0
212755;11;3;3601142;2021;5;9;2;3;0;1;0;1;0;0;0;0;0;0
212754;11;7;7601544;2021;6;18;6;3;5;2;0;0;1;0;0;0;0;0
212753;11;9;9200716;2021;6;13;6;3;0;1;0;1;0;0;0;0;0;0
212752;11;2;2200209;2021;7;16;6;3;5;2;0;1;1;0;0;0;0;0
212751;11;3;3500932;2021;6;7;4;3;5;3;0;1;1;0;0;0;0;0
212750;11;4;4100101;2021;6;18;6;3;5;2;0;1;1;0;0;0;0;0
212749;11;7;7400927;2021;5;16;6;2;0;3;0;1;0;0;1;0;0;1
212748;11;5;5100316;2021;6;14;4;3;2;2;0;0;1;0;1;0;0;0
212747;11;7;7400927;2021;7;15;1;3;5;3;0;1;1;0;0;0;0;0
212746;11;7;7400823;2021;5;12;3;3;5;3;0;1;1;0;0;0;0;0
212745;11;4;4300620;2021;6;20;3;3;5;2;1;1;1;0;0;0;0;1
212744;11;6;6200421;2021;7;12;2;2;5;7;0;0;1;0;0;0;0;0
212743;11;1;1100205;2021;7;19;3;3;1;5;0;0;1;0;1;0;0;0
212742;11;9;9100101;2021;7;20;7;3;1;5;1;1;1;0;0;0;0;0
212741;11;5;5200631;2021;6;15;3;3;2;6;0;1;1;0;0;0;0;0
212740;11;4;4200311;2021;6;13;7;3;2;6;0;0;1;0;0;0;0;0
212739;11;9;9501939;2021;6;7;2;3;5;3;0;1;1;0;0;0;0;0
212738;11;1;1100101;2021;6;9;3;3;5;2;0;0;0;0;1;0;1;0
212737;11;6;6100103;2021;6;13;7;3;6;7;0;0;1;1;0;0;0;0
212736;11;3;3300517;2021;6;16;7;3;5;3;0;1;0;0;0;0;0;0
212735;11;2;2300316;2021;7;15;7;3;0;1;0;0;0;0;0;0;1;0
212734;11;9;9200715;2021;6;6;6;3;5;2;0;0;1;0;0;0;0;0
212733;11;11;11300620;2021;6;10;2;2;2;5;0;0;1;0;1;0;0;0
212732;11;7;7400927;2021;5;6;4;3;0;3;0;1;1;0;0;0;0;0
212731;11;9;9100408;2021;6;14;4;3;5;2;0;1;1;0;0;0;0;1
212730;11;1;1200626;2021;7;18;3;3;5;2;0;1;1;0;0;0;0;0
212729;11;9;9401329;2021;7;16;3;3;5;2;0;0;1;0;0;0;0;0
212728;11;2;2200211;2021;6;15;4;3;2;3;0;1;1;0;0;0;0;0
212727;11;3;3601142;2021;5;18;7;3;5;2;0;1;1;0;0;0;0;0
212726;11;10;10400837;2021;6;16;5;2;5;3;0;1;0;0;0;0;1;0
212725;11;1;1100309;2021;6;9;4;3;4;5;0;1;0;0;0;0;0;0
212724;11;12;12100103;2021;6;12;3;3;3;3;0;0;1;0;1;0;0;1
212723;11;4;4500939;2021;6;13;7;3;2;6;0;0;1;0;0;0;1;0
212722;11;3;3100103;2021;7;7;6;3;5;3;0;0;1;0;0;0;1;1
212721;11;5;5300841;2021;6;14;2;2;5;2;0;1;1;0;0;0;0;0
212720;11;8;8100104;2021;6;5;6;3;5;3;0;0;1;0;1;0;0;0
212719;11;4;4501150;2021;6;14;2;2;0;7;0;0;0;0;0;0;1;0
212718;11;6;6100101;2021;6;13;3;3;5;2;0;0;1;0;0;0;0;0
212717;11;2;2100104;2021;6;14;7;3;5;2;0;1;1;0;0;0;0;1
212716;11;2;2500833;2021;6;18;7;2;1;5;0;1;1;0;0;0;0;0
212715;11;1;1100416;2021;7;19;7;3;0;1;0;1;0;0;0;0;0;0
212714;11;1;1100415;2021;6;9;4;3;0;1;0;1;0;0;0;0;0;0
212713;11;5;5100313;2021;6;17;7;3;6;4;0;0;1;1;0;0;0;0
212712;11;10;10100102;2021;6;10;2;3;5;2;0;0;1;0;0;0;0;0
212711;11;4;4200310;2021;5;8;3;3;5;2;0;0;0;0;1;1;0;0
212710;11;9;9200512;2021;6;9;4;2;7;7;0;1;0;0;0;0;0;1
212709;11;4;4400728;2021;7;15;2;3;2;6;0;0;1;0;0;0;1;0
212708;11;4;4300622;2021;7;18;3;3;6;7;0;0;0;1;0;0;1;0
212707;11;12;12200310;2021;6;20;4;3;3;6;1;0;1;0;1;0;0;0
212706;11;11;11100204;2021;5;15;7;3;5;2;0;0;1;0;0;0;0;0
212705;11;4;4500937;2021;6;16;5;3;2;6;0;1;1;0;0;0;0;0
212704;11;1;1401048;2021;6;16;4;2;5;3;0;1;0;0;0;0;1;0
212703;11;8;8401241;2021;6;20;3;2;5;3;0;1;1;0;0;0;0;0
212702;11;8;8100312;2021;6;0;7;3;0;5;2;1;1;0;0;0;0;0
212701;11;4;4300619;2021;6;16;3;3;2;7;0;1;1;0;0;0;0;0
212700;11;8;8100102;2021;6;13;4;3;3;6;0;1;1;0;0;0;0;0
212699;11;7;7501031;2021;6;9;2;3;2;6;0;0;1;0;0;0;0;0
212698;11;8;8200726;2021;6;15;1;3;8;1;0;0;1;0;0;0;0;0
212697;11;1;1100207;2021;7;18;1;2;0;1;0;1;0;0;0;0;0;0
212696;11;12;12400723;2021;6;1;1;2;1;1;2;0;1;0;0;0;0;0
212695;11;11;11200410;2021;7;15;5;2;5;2;0;0;1;0;1;0;0;1
212694;11;7;7300517;2021;7;19;3;3;5;3;0;1;0;0;0;0;0;0
212693;11;11;11400927;2021;7;17;5;3;2;6;0;0;1;0;0;0;0;1
212692;11;6;6400838;2021;6;17;5;3;5;3;0;0;1;0;0;0;0;0
212691;11;4;4100101;2021;5;10;2;3;6;6;0;0;1;1;0;0;0;0
212690;11;4;4501045;2021;6;12;6;3;0;7;0;0;0;0;1;0;0;1
212689;11;4;4501148;2021;6;7;5;3;2;6;0;0;1;0;0;0;0;1
212688;11;4;4100101;2021;6;16;3;3;2;6;0;0;1;0;0;1;0;0
212687;11;8;8100206;2021;6;23;1;3;1;5;2;1;1;0;0;0;0;0
212686;11;9;9401534;2021;6;13;1;3;1;5;0;1;1;0;0;0;0;0
212685;11;4;4200203;2021;5;11;5;3;8;1;0;0;1;0;0;0;0;1
212684;11;4;4501045;2021;6;18;4;3;5;2;0;1;1;0;0;0;0;0
212683;11;6;6400735;2021;5;13;2;2;0;1;0;1;0;0;0;0;0;0
212682;11;7;7501030;2021;6;11;2;3;5;2;0;0;1;0;0;0;0;0
212681;11;2;2100101;2021;7;18;2;3;5;2;0;1;1;0;0;0;0;0
212680;11;1;1300731;2021;7;8;5;3;5;3;0;1;1;0;0;0;0;1
212679;11;5;5200423;2021;7;9;6;2;9;1;0;0;1;0;0;1;0;1
212678;11;7;7100205;2021;6;13;6;3;5;2;0;1;1;0;0;0;0;0
212677;11;2;2100104;2021;6;15;5;3;2;6;0;1;1;0;0;0;0;0
212676;11;1;1100313;2021;6;6;2;2;5;2;0;0;1;0;1;0;0;0
212675;11;8;8100207;2021;5;16;2;3;5;3;0;1;1;0;0;0;0;0
212674;11;9;9300920;2021;6;18;6;3;0;6;0;1;0;0;1;0;0;0
212673;11;4;4501153;2021;6;16;6;3;2;6;0;1;1;0;0;0;0;0
212672;11;1;1100416;2021;7;16;6;3;5;3;0;1;1;0;0;0;0;0
212671;11;3;3601449;2021;6;7;4;2;5;3;0;1;1;0;0;0;0;0
212670;11;3;3200205;2021;6;12;6;3;5;3;0;0;1;0;1;0;0;1
212669;11;2;2300314;2021;5;7;6;3;5;3;0;1;1;0;0;0;0;1
212668;11;2;2100106;2021;6;16;5;3;5;3;0;1;0;0;0;0;1;0
212667;11;1;1100311;2021;7;18;7;3;0;5;0;1;1;0;0;0;0;0
212666;11;8;8100314;2021;5;20;3;3;6;7;1;0;1;1;0;0;0;1
212665;11;4;4200308;2021;6;15;3;3;2;6;0;0;1;0;0;0;0;0
212664;11;5;5100105;2021;7;12;2;3;5;3;0;0;1;0;0;0;1;0
212663;11;1;1400937;2021;7;12;3;3;5;3;0;0;1;0;0;0;0;0
212662;11;4;4300622;2021;5;17;6;3;2;6;0;0;1;0;0;0;0;1
212661;11;6;6300633;2021;6;8;4;3;5;2;0;1;1;0;0;0;0;0