OBJECTID;LAND;BEZ;LOR_ab_2021;UJAHR;UMONAT;USTUNDE;UWOCHENTAG;UKATEGORIE;UART;UTYP1;ULICHTVERH;IstRad;IstPKW;IstFuss;IstKrad;IstGkfz;IstSonstige;USTRZUSTAND
212660;11;4;4501044;2021;7;11;7;2;1;7;0;0;1;0;1;0;0;1
212659;11;8;8401243;2021;6;13;2;3;3;6;0;1;1;0;0;0;0;0
212658;11;2;2300316;2021;6;18;6;3;5;3;0;1;1;0;0;0;0;0
212657;11;4;4501042;2021;6;13;3;3;3;5;0;0;1;0;0;0;1;0
212656;11;4;4501147;2021;6;17;3;3;2;6;0;1;1;0;0;0;0;0
212655;11;7;7400927;2021;6;11;7;3;6;7;0;1;0;1;0;0;0;0
212654;11;12;12100205;2021;6;10;6;2;5;3;0;0;1;0;0;0;0;0
212653;11;12;12200515;2021;7;17;7;3;5;2;0;1;1;0;0;0;0;0
212652;11;8;8401241;2021;6;15;6;3;5;3;0;1;1;0;0;0;0;0
212651;11;11;11300721;2021;5;18;3;3;2;6;0;0;1;0;0;1;0;0
212650;11;3;3200205;2021;6;14;4;3;6;4;0;0;0;1;0;0;1;1
212649;11;9;9401534;2021;7;14;3;3;5;7;0;1;0;0;0;0;0;0
212648;11;3;3300412;2021;7;19;4;3;1;5;0;1;1;0;0;0;0;0
212647;11;10;10100104;2021;6;0;5;2;6;4;2;0;0;1;0;0;1;0
212646;11;1;1300730;2021;5;22;7;3;5;3;2;0;1;0;0;0;0;0
212645;11;4;4300416;2021;6;16;5;3;2;6;0;1;1;0;0;0;0;0
212644;11;5;5300735;2021;6;15;4;3;6;7;0;0;1;1;0;0;0;0
212643;11;3;3601243;2021;6;17;3;3;5;3;0;1;1;0;0;0;0;0
212642;11;7;7200410;2021;6;18;1;3;1;5;0;1;1;0;0;0;0;0
212641;11;3;3601450;2021;6;15;3;3;5;3;0;1;1;0;0;0;0;0
212640;11;1;1100103;2021;6;14;4;3;5;3;0;1;1;0;0;0;0;0
212639;11;2;2300314;2021;6;9;1;3;1;5;0;1;1;0;0;0;0;0
212638;11;9;9100101;2021;7;22;1;3;6;7;2;1;0;1;0;0;0;0
212637;11;2;2400624;2021;6;2;7;3;5;3;2;0;1;0;0;0;0;0
212636;11;3;3601141;2021;7;8;5;3;2;6;0;0;1;0;0;0;0;1
212635;11;11;11100203;2021;7;15;5;3;5;2;0;1;1;0;0;0;0;0
212634;11;10;10300731;2021;6;8;5;3;5;3;0;1;1;0;0;0;0;0
212633;11;1;1200627;2021;5;10;2;3;5;3;0;1;1;0;0;0;0;0
212632;11;5;5200630;2021;6;17;5;2;1;5;0;1;1;0;0;0;0;0
212631;11;8;8100415;2021;6;9;5;3;5;3;0;0;1;0;0;0;0;1
212630;11;11;11300722;2021;6;8;3;3;5;2;0;1;1;0;0;0;0;0
212629;11;8;8200726;2021;6;17;2;3;5;2;0;0;1;0;0;0;0;0
212628;11;7;7300515;2021;5;8;4;3;5;3;0;0;1;0;0;0;0;0
212627;11;1;1100311;2021;6;7;4;3;1;5;0;0;1;1;0;1;0;0
212626;11;4;4300414;2021;5;16;2;3;5;2;0;1;1;0;0;0;0;0
212625;11;4;4501043;2021;6;15;2;3;1;5;0;0;1;0;0;0;0;0
212624;11;10;10200525;2021;7;12;2;3;5;3;0;1;1;0;0;0;0;1
212623;11;7;7100102;2021;6;14;3;3;5;3;0;1;1;0;0;0;0;0
212622;11;1;1100101;2021;6;3;4;3;9;1;2;0;1;0;0;0;0;0
212621;11;8;8401244;2021;6;16;1;3;5;3;0;0;1;0;0;0;0;0
212620;11;2;2200213;2021;7;13;7;3;0;7;0;1;0;0;0;0;0;0
212619;11;1;1400942;2021;6;16;1;3;0;1;0;0;0;0;1;0;0;0
212618;11;2;2200209;2021;7;10;5;3;2;6;0;0;1;0;0;0;0;1
212617;11;4;4501041;2021;7;6;5;3;5;3;0;0;1;0;1;0;0;0
212616;11;3;3601243;2021;6;3;5;3;3;6;2;0;1;0;0;1;0;0
212615;11;9;9200715;2021;5;18;1;3;0;7;0;1;0;0;0;0;0;0
212614;11;2;2500830;2021;6;14;6;3;0;7;0;1;1;0;0;0;0;0
212613;11;4;4300623;2021;6;18;4;3;1;5;0;1;1;0;0;0;0;0
212612;11;2;2200209;2021;6;18;3;3;5;2;0;1;1;0;0;0;0;0
212611;11;9;9501737;2021;6;19;1;3;3;6;0;1;1;0;0;0;0;0
212610;11;1;1100310;2021;5;16;4;3;2;6;0;0;1;0;0;0;0;0
212609;11;2;2100104;2021;6;18;4;3;5;2;0;1;1;0;0;0;0;0
212608;11;5;5100209;2021;5;0;2;2;0;1;2;0;0;0;0;0;1;0
212607;11;2;2500836;2021;6;21;2;3;0;3;1;1;0;0;0;0;0;0
212606;11;4;4501148;2021;7;18;2;3;5;2;0;1;1;0;0;0;0;0
212605;11;1;1200520;2021;7;18;6;3;5;2;0;1;1;0;0;0;0;0
212604;11;2;2100106;2021;7;16;6;3;0;6;2;0;1;0;0;0;0;1
212603;11;4;4200206;2021;6;15;6;3;5;2;0;1;1;0;0;0;0;0
212602;11;2;2500832;2021;6;7;5;3;5;2;0;1;0;0;0;0;1;0
212601;11;3;3200204;2021;6;11;2;3;0;1;0;1;0;0;0;0;0;0
212600;11;8;8100521;2021;5;18;2;3;6;4;0;1;0;1;0;0;0;0
212599;11;2;2300314;2021;6;18;6;3;2;6;0;1;1;0;0;0;0;0
212598;11;1;1100104;2021;6;7;6;3;5;2;0;1;0;0;0;0;1;0
212597;11;12;12200515;2021;7;20;6;3;5;3;0;0;1;0;0;0;0;0
212596;11;5;5100315;2021;6;8;4;2;5;3;0;1;1;0;0;0;0;0
212595;11;4;4200311;2021;6;18;6;3;2;2;0;0;1;0;0;0;0;0
212594;11;7;7300515;2021;5;9;6;3;5;3;0;1;1;0;0;0;0;1
212593;11;10;10100311;2021;6;13;5;3;0;1;0;0;0;0;1;0;0;1
212592;11;7;7601544;2021;7;1;1;3;0;1;2;0;0;0;0;0;1;0
212591;11;1;1200520;2021;5;18;3;3;2;6;0;0;1;0;1;0;0;1
212590;11;3;3400722;2021;6;15;3;3;0;1;0;0;0;0;1;0;0;1
212589;11;6;6100101;2021;7;19;2;3;5;3;0;1;1;0;0;0;0;0
212588;11;11;11400929;2021;7;19;3;3;1;5;0;1;1;0;0;0;0;0
212587;11;6;6200316;2021;5;15;1;3;1;5;0;1;1;0;0;0;0;0
212586;11;7;7200308;2021;6;12;4;3;6;4;0;1;0;1;0;0;0;0
212585;11;7;7300618;2021;6;12;4;3;5;3;0;0;1;0;0;0;0;1
212584;11;6;6300526;2021;7;18;7;3;5;3;0;0;1;0;0;0;0;0
212583;11;9;9300920;2021;6;14;3;3;5;3;0;1;1;0;0;0;0;0
212582;11;5;5100103;2021;6;21;6;2;5;2;1;0;1;0;0;0;1;0
212581;11;4;4300620;2021;6;18;3;3;0;1;0;1;0;0;0;0;0;0
212580;11;10;10200422;2021;6;17;3;3;5;3;0;1;1;0;0;0;0;0
212579;11;9;9502043;2021;6;16;7;3;0;7;0;0;1;0;0;0;1;0
212578;11;9;9401329;2021;6;14;2;3;5;3;0;1;1;0;0;0;0;0
212577;11;3;3601142;2021;7;1;1;3;0;1;2;1;0;0;0;0;0;0
212576;11;1;1100207;2021;6;12;7;3;5;3;0;1;1;0;0;0;0;0
212575;11;6;6400844;2021;5;12;4;3;2;6;0;0;1;0;1;0;0;0
212574;11;12;12100103;2021;6;16;4;3;8;1;0;0;1;0;0;0;0;1
212573;11;6;6300632;2021;7;13;3;3;6;4;0;0;1;1;0;0;0;0
212572;11;1;1100102;2021;7;0;4;3;5;2;2;1;0;0;0;0;1;1
212571;11;2;2100102;2021;6;1;5;3;0;1;2;1;0;0;0;0;0;0
212570;11;9;9502043;2021;5;20;2;3;5;3;0;1;1;0;0;0;0;0
212569;11;2;2300417;2021;6;19;5;3;1;5;0;1;1;0;0;0;0;0
212568;11;8;8200730;2021;6;14;4;3;6;7;0;0;1;1;0;0;0;0
212567;11;1;1400938;2021;6;17;3;3;9;1;0;0;0;0;0;0;1;0
212566;11;7;7601341;2021;6;19;1;3;5;3;0;1;1;0;0;0;0;0
212565;11;10;10100205;2021;6;14;3;3;5;3;0;0;1;0;1;0;0;0
212564;11;6;6400737;2021;6;17;4;3;5;3;0;1;1;0;0;0;0;0
212563;11;11;11300722;2021;6;13;2;3;0;1;0;0;0;0;1;0;0;0
212562;11;10;10200421;2021;7;16;2;3;5;3;0;1;1;0;0;0;0;0
212561;11;6;6100204;2021;6;12;7;3;2;6;0;0;1;0;0;0;0;0
212560;11;6;6300634;2021;7;14;5;2;0;3;0;1;0;0;1;0;0;1
212559;11;6;6100209;2021;7;11;5;3;0;4;0;0;0;1;1;0;0;0
212558;11;3;3400723;2021;6;15;6;3;5;2;0;1;0;0;0;0;1;0
212557;11;3;3501038;2021;6;15;2;2;2;6;0;0;1;0;0;0;0;0
212556;11;10;10300734;2021;6;12;2;2;2;6;0;0;1;0;0;0;1;0
212555;11;7;7100204;2021;5;18;2;3;2;7;0;0;1;0;0;0;0;0
212554;11;4;4300414;2021;6;11;6;3;6;2;0;0;1;1;0;0;0;0
212553;11;9;9200715;2021;6;17;6;3;5;2;0;0;1;0;1;0;0;0
212552;11;4;4300622;2021;6;4;3;3;0;1;1;0;1;0;1;0;0;0
212551;11;2;2300316;2021;6;7;6;3;5;3;0;1;1;0;0;0;0;1
212550;11;4;4500936;2021;6;16;2;3;5;3;0;0;1;0;1;0;0;0
212549;11;4;4300622;2021;5;18;5;3;3;2;0;1;1;0;0;0;0;1
212548;11;4;4501043;2021;6;17;4;2;5;2;0;1;1;0;0;0;0;0
212547;11;3;3500933;2021;7;13;1;3;5;2;0;0;1;0;1;0;0;0
212546;11;7;7300619;2021;5;20;2;3;2;6;0;1;1;0;0;0;0;0
212545;11;1;1401045;2021;6;21;3;3;5;2;1;1;1;0;0;0;0;1
212544;11;7;7200409;2021;7;20;3;3;1;5;0;1;1;0;0;0;0;0
212543;11;6;6300630;2021;7;20;5;2;6;4;0;0;1;1;0;0;0;0
212542;11;7;7601442;2021;6;14;2;3;1;5;0;1;1;0;0;0;0;0
212541;11;2;2300316;2021;6;19;6;3;5;3;0;0;1;0;0;0;0;0
212540;11;8;8200623;2021;6;17;5;3;1;5;0;1;1;0;0;0;0;0
212539;11;12;12500926;2021;6;11;3;3;1;5;0;1;1;0;0;0;0;0
212538;11;4;4501045;2021;6;15;3;2;5;2;0;1;0;0;0;1;0;0
212537;11;8;8100103;2021;6;20;6;3;2;6;0;1;1;0;0;0;0;0
212536;11;4;4200204;2021;6;14;7;2;5;3;0;1;1;0;0;0;0;0
212535;11;2;2400623;2021;7;17;7;2;6;4;0;0;1;1;0;0;0;0
212534;11;2;2200213;2021;6;7;4;3;3;6;0;0;1;0;1;0;0;0
212533;11;5;5200634;2021;6;16;6;3;2;2;0;0;1;0;0;0;1;0
212532;11;11;11200410;2021;6;8;4;2;6;4;0;0;0;1;0;0;1;0
212531;11;5;5200528;2021;5;17;3;3;2;6;0;0;1;0;0;1;0;1
212530;11;1;1300733;2021;6;8;4;3;2;2;0;1;1;0;0;0;0;1
212529;11;6;6300633;2021;7;8;2;3;0;1;0;0;0;0;1;0;0;1
212528;11;1;1100311;2021;7;13;4;3;0;6;0;0;1;0;1;0;0;1
212527;11;11;11200515;2021;6;13;4;2;5;3;0;0;1;0;0;0;1;0
212526;11;2;2300417;2021;5;14;7;3;0;5;0;0;1;0;1;0;0;0
212525;11;9;9200613;2021;6;5;5;3;5;2;0;1;1;0;0;0;0;0
212524;11;9;9300920;2021;6;14;4;3;4;7;0;0;1;1;0;0;0;1
212523;11;1;1200520;2021;7;1;7;3;1;5;2;1;1;0;0;0;0;1
212522;11;1;1200522;2021;6;23;3;2;0;1;2;0;0;0;1;0;0;0
212521;11;8;8100311;2021;6;20;7;3;1;5;1;1;1;0;0;0;0;0
212520;11;12;12200310;2021;6;13;3;2;0;6;0;0;1;0;0;0;1;0
212519;11;4;4500936;2021;6;12;4;2;1;5;0;1;1;0;0;0;0;0
212518;11;6;6300526;2021;6;16;2;3;5;2;0;1;1;0;0;0;0;0
212517;11;6;6200313;2021;6;11;1;3;5;3;0;1;0;0;0;0;1;0
212516;11;9;9200717;2021;7;19;7;3;5;2;0;1;1;0;0;0;0;0
212515;11;4;4400727;2021;7;10;6;3;0;5;0;1;1;0;0;0;0;1
212514;11;12;12500825;2021;6;15;6;3;5;3;0;0;0;0;0;0;1;0
212513;11;8;8100418;2021;6;19;5;3;5;3;0;1;0;0;0;0;0;0
212512;11;9;9401534;2021;6;16;2;3;0;2;0;1;1;0;0;0;0;0
212511;11;1;1100103;2021;5;11;2;3;5;3;0;0;1;0;0;0;0;0
212510;11;2;2100102;2021;6;23;6;3;1;5;2;1;1;0;0;0;0;0
212509;11;1;1100416;2021;6;20;7;3;0;1;0;1;0;0;0;0;0;0
212508;11;2;2300314;2021;7;6;7;3;6;7;0;0;0;1;0;0;1;0
212507;11;5;5200629;2021;6;17;4;2;6;2;0;0;1;1;0;0;0;0
212506;11;6;6300629;2021;6;17;6;3;5;2;0;1;1;0;0;0;0;0
212505;11;11;11300721;2021;5;10;6;3;6;3;0;0;1;1;0;0;0;1
212504;11;4;4501147;2021;6;9;5;3;2;6;0;1;0;0;0;0;1;0
212503;11;7;7400826;2021;7;15;1;3;5;2;0;1;1;0;0;0;0;0
212502;11;2;2100104;2021;5;13;2;3;5;3;0;0;1;0;0;0;1;0
212501;11;2;2200210;2021;6;18;3;3;0;7;0;1;0;0;0;0;0;0
212500;11;2;2400623;2021;7;9;3;2;5;2;0;0;1;0;0;0;0;0
212499;11;3;3601245;2021;7;20;3;2;5;3;0;1;1;0;0;0;0;0
212498;11;1;1401043;2021;5;8;7;2;0;5;0;0;0;0;1;0;1;0
212497;11;4;4500936;2021;6;15;5;3;1;5;0;1;1;0;0;0;0;0
212496;11;9;9200715;2021;6;13;4;3;5;2;0;1;1;0;0;0;0;0
212495;11;3;3400721;2021;7;1;7;3;6;2;2;0;1;1;0;0;0;1
212494;11;4;4501041;2021;6;9;2;3;5;7;0;1;1;0;0;0;0;0
212493;11;4;4500936;2021;6;18;6;2;5;2;0;0;1;0;1;0;0;0
212492;11;4;4200308;2021;6;8;3;3;5;3;0;0;1;0;0;0;0;0
212491;11;1;1300835;2021;6;7;3;2;5;3;0;1;1;0;0;0;0;0
212490;11;2;2300315;2021;6;21;1;3;1;5;1;1;1;0;0;0;0;0
212489;11;6;6200422;2021;6;17;1;3;6;2;0;0;1;1;0;0;0;0
212488;11;3;3500934;2021;7;16;1;2;5;2;0;0;1;0;1;0;0;0
212487;11;8;8301037;2021;6;14;1;3;2;6;0;0;1;0;0;0;0;0
212486;11;9;9300922;2021;6;12;1;3;5;3;0;0;1;0;0;0;0;0
212485;11;3;3400620;2021;5;15;3;3;5;3;0;1;1;0;0;0;0;1
212484;11;8;8100417;2021;6;11;4;3;2;6;0;0;1;0;0;0;0;1
212483;11;2;2200210;2021;7;17;3;3;5;2;0;0;1;0;0;0;1;0
212482;11;3;3200309;2021;7;10;4;3;2;6;0;0;1;0;0;1;0;1
212481;11;10;10300734;2021;6;6;5;3;2;6;0;1;0;0;0;0;1;0
212480;11;5;5200629;2021;6;16;2;3;1;5;0;0;1;0;0;0;0;0
212479;11;8;8100314;2021;5;23;1;2;5;3;2;0;1;0;1;0;0;0
212478;11;8;8200726;2021;6;17;5;3;6;7;0;0;0;1;1;0;0;0
212477;11;11;11200514;2021;6;16;4;3;5;3;0;1;1;0;0;0;0;0
212476;11;5;5100313;2021;6;17;3;3;5;2;0;1;1;0;0;0;0;0
212475;11;9;9501737;2021;6;20;7;2;0;1;0;0;0;0;1;0;0;1
212474;11;7;7400824;2021;5;18;5;2;0;2;0;0;1;0;0;0;1;1
212473;11;1;1300836;2021;6;8;4;3;5;2;0;0;1;0;1;0;0;0
212472;11;5;5100210;2021;5;16;1;3;5;2;0;0;1;0;0;0;0;0
212471;11;1;1300836;2021;6;15;2;3;5;2;0;0;1;0;0;0;0;0
212470;11;9;9300922;2021;7;19;2;3;5;3;0;1;1;0;0;0;0;0
212469;11;1;1401044;2021;6;20;4;2;5;3;1;0;1;0;1;0;0;0
212468;11;5;5100101;2021;7;7;6;3;6;4;0;1;0;1;0;0;0;0
212467;11;4;4501041;2021;7;13;5;3;6;2;0;0;1;1;0;0;0;0
212466;11;2;2200207;2021;6;11;6;3;5;2;0;1;1;0;0;0;0;0
212465;11;2;2400522;2021;6;8;5;2;2;6;0;0;1;0;0;0;0;0
212464;11;9;9200715;2021;6;16;2;3;2;2;0;0;1;0;1;0;0;0
212463;11;4;4400726;2021;6;9;3;3;5;3;0;1;1;0;0;0;0;0
212462;11;12;12500824;2021;6;19;6;3;5;3;0;1;1;0;0;0;0;0
212461;11;1;1100308;2021;6;16;6;3;4;6;0;1;1;0;0;0;0;0
212460;11;11;11100101;2021;6;16;4;3;0;6;0;1;1;0;0;0;0;0
212459;11;4;4200309;2021;6;12;6;3;5;3;0;0;1;0;0;0;0;0
212458;11;4;4300517;2021;6;15;2;3;0;6;0;0;1;0;1;0;0;0
212457;11;4;4300620;2021;5;4;6;2;8;7;1;0;1;0;0;0;0;0
212456;11;4;4200203;2021;6;12;4;3;2;6;0;0;0;0;1;0;0;0
212455;11;8;8200725;2021;7;14;1;3;0;3;0;0;1;0;1;0;0;0
212454;11;1;1200623;2021;5;15;3;3;5;3;0;0;1;0;0;0;0;1
212453;11;3;3601243;2021;6;11;3;3;3;6;0;1;1;0;0;0;0;0
212452;11;3;3601346;2021;7;19;3;3;0;1;0;1;0;0;0;0;0;0
212451;11;9;9200717;2021;7;15;6;3;6;4;0;0;0;1;1;0;0;0
212450;11;1;1100414;2021;6;14;2;3;1;5;0;1;1;0;0;0;1;0
212449;11;8;8100417;2021;6;18;6;3;5;2;0;1;1;0;0;0;0;0
212448;11;12;12500928;2021;6;20;3;3;3;6;0;0;1;0;0;0;0;0
212447;11;12;12400721;2021;6;11;3;3;5;3;0;1;1;0;0;0;0;0
212446;11;4;4500939;2021;6;15;1;3;3;6;0;0;1;0;1;0;0;0
212445;11;1;1401046;2021;6;14;7;3;6;4;0;0;1;1;0;0;0;0
212444;11;6;6400736;2021;7;19;7;2;2;2;0;1;1;0;0;0;0;0
212443;11;1;1100415;2021;6;12;4;3;0;1;0;1;0;0;0;0;0;0
212442;11;1;1100310;2021;6;2;6;3;9;1;2;0;0;0;1;0;0;0
212441;11;1;1300834;2021;6;6;2;3;6;2;0;0;1;1;0;0;0;0
212440;11;4;4200308;2021;5;16;4;3;2;6;0;0;1;0;0;0;1;0
212439;11;2;2200210;2021;6;8;4;3;0;2;0;1;1;0;0;0;0;1
212438;11;8;8301036;2021;7;11;2;3;2;6;0;0;1;0;0;0;0;0
212437;11;10;10400938;2021;7;13;4;3;5;3;0;1;1;0;0;0;0;0
212436;11;4;4400835;2021;6;8;4;3;6;4;0;0;1;1;0;0;0;0
212435;11;7;7501134;2021;5;11;7;3;2;6;0;0;1;0;1;0;0;0
212434;11;7;7200409;2021;6;14;5;3;6;4;0;0;0;1;1;0;0;0
212433;11;3;3100101;2021;6;15;4;3;5;2;0;0;1;0;0;0;1;0
212432;11;9;9100409;2021;6;18;3;3;0;1;0;1;0;0;0;0;0;0
212431;11;2;2200210;2021;6;3;7;3;0;1;1;0;0;0;1;0;0;0
212430;11;1;1400940;2021;6;16;3;3;5;2;0;1;1;0;0;0;0;0
212429;11;7;7501134;2021;6;22;4;3;5;2;2;1;1;0;0;0;0;0
212428;11;4;4100101;2021;6;8;2;3;2;6;0;0;1;0;0;0;0;0
212427;11;4;4501041;2021;6;23;1;3;3;6;2;1;1;0;0;0;0;0
212426;11;3;3300516;2021;7;0;1;3;1;5;2;0;0;0;1;0;1;0
212425;11;4;4501040;2021;6;22;1;3;3;6;2;0;1;0;0;0;1;0
212424;11;1;1100313;2021;6;20;4;3;0;2;1;1;0;0;1;0;0;1
212423;11;9;9301228;2021;7;21;4;2;0;1;1;1;0;0;0;0;0;0
212422;11;1;1200517;2021;7;8;5;3;5;3;0;1;1;0;0;0;0;0
212421;11;2;2200207;2021;6;7;5;3;5;2;0;1;0;0;0;0;1;0
212420;11;8;8200623;2021;5;11;1;3;6;7;0;0;1;1;0;0;0;0
212419;11;3;3601141;2021;6;6;6;3;5;3;0;0;1;0;1;0;0;0
212418;11;12;12200309;2021;6;6;4;3;3;6;0;0;1;0;1;0;0;0
212417;11;3;3400721;2021;6;15;3;3;5;3;0;1;0;0;0;0;0;0
212416;11;7;7601544;2021;6;10;6;3;5;2;0;1;1;0;0;0;0;0
212415;11;6;6400844;2021;6;15;2;3;2;6;0;0;1;0;0;0;0;0
212414;11;5;5100103;2021;6;18;1;3;6;4;0;0;1;1;0;0;0;0
212413;11;5;5100315;2021;5;14;5;3;5;3;0;0;1;0;0;0;1;0
212412;11;1;1300732;2021;6;17;4;3;6;4;0;0;1;1;0;0;0;0
212411;11;1;1300834;2021;5;20;1;3;5;3;2;1;1;0;0;0;0;0
212410;11;7;7200409;2021;6;7;3;3;5;5;0;0;1;0;1;0;0;0
212409;11;3;3400724;2021;7;11;2;3;0;3;0;0;1;0;0;0;1;1
212408;11;3;3701554;2021;6;13;5;3;2;7;0;1;0;0;0;0;1;0
212407;11;8;8100415;2021;7;18;6;3;1;5;0;1;1;0;0;0;0;0
212406;11;6;6400840;2021;7;15;6;3;5;7;0;0;1;0;0;0;0;1
212405;11;5;5100316;2021;6;13;6;3;0;1;0;0;0;0;1;0;0;0
212404;11;1;1400937;2021;6;22;5;3;5;2;2;1;0;0;1;0;0;0
212403;11;2;2400521;2021;6;22;1;3;6;4;2;0;0;1;1;0;0;0
212402;11;4;4200310;2021;5;11;4;3;5;3;0;0;1;0;0;0;0;0
212401;11;1;1100103;2021;7;14;5;3;3;6;0;0;1;0;1;0;0;1
212400;11;4;4200309;2021;7;16;3;3;5;3;0;1;1;0;0;0;0;0
212399;11;1;1300835;2021;7;11;5;3;0;7;0;1;0;0;0;0;0;0
212398;11;11;11300620;2021;6;11;5;3;5;2;0;0;1;0;0;0;0;0
212397;11;7;7100101;2021;5;21;1;3;5;3;1;0;1;0;0;0;1;0
212396;11;3;3500934;2021;6;8;6;2;0;7;0;0;1;0;0;1;0;0
212395;11;3;3500934;2021;6;12;5;3;5;3;0;1;1;0;0;0;0;1
212394;11;1;1100310;2021;6;15;3;3;5;3;0;1;0;0;0;0;0;0
212393;11;4;4501043;2021;6;17;2;3;5;3;0;1;1;0;0;0;0;0
212392;11;5;5300840;2021;5;16;5;3;8;1;0;0;0;0;1;0;0;1
212391;11;7;7601544;2021;6;9;4;2;5;3;0;0;1;0;0;0;0;0
212390;11;4;4300619;2021;5;21;1;3;0;2;1;0;1;0;0;0;1;0
212389;11;8;8100418;2021;6;13;2;3;5;3;0;1;0;0;0;0;1;0
212388;11;4;4501150;2021;7;17;2;3;5;2;0;1;1;0;0;0;0;0
212387;11;2;2300316;2021;6;16;5;3;6;4;0;0;1;1;0;0;0;0
212386;11;2;2300314;2021;7;18;6;3;1;5;0;1;1;0;0;0;0;0
212385;11;11;11300620;2021;7;4;5;3;5;2;2;1;1;0;0;0;0;0
212384;11;3;3400721;2021;6;8;5;3;2;6;0;0;1;0;1;0;0;0
212383;11;5;5300840;2021;6;13;4;3;6;7;0;0;0;1;0;0;1;0
212382;11;4;4100101;2021;6;16;2;3;4;1;0;1;0;0;0;0;0;0
212381;11;6;6200316;2021;5;14;2;2;5;3;0;0;1;0;1;0;0;0
212380;11;2;2100104;2021;6;18;6;3;5;3;0;1;1;0;0;0;0;0
212379;11;9;9301126;2021;6;15;5;3;2;3;0;1;1;0;0;0;0;0
212378;11;8;8100104;2021;6;13;3;3;6;4;0;0;1;1;0;0;0;0
212377;11;3;3601245;2021;6;19;6;3;2;6;0;0;1;0;0;0;0;0
212376;11;3;3601450;2021;5;15;6;2;5;2;0;0;1;0;1;0;0;1
212375;11;4;4501040;2021;6;13;4;3;2;6;0;1;0;0;0;0;0;0
212374;11;6;6100210;2021;7;15;1;3;6;7;0;1;0;1;0;0;0;0
212373;11;7;7100101;2021;5;12;3;3;5;3;0;1;1;0;0;0;0;1
212372;11;5;5200528;2021;6;16;3;3;2;6;0;0;1;0;0;0;0;0
212371;11;1;1100206;2021;7;9;3;3;2;6;0;1;1;0;0;0;0;0
212370;11;9;9200511;2021;7;1;7;3;9;1;2;0;1;0;0;0;0;1
212369;11;7;7300516;2021;6;12;2;3;2;7;0;1;0;0;0;0;1;0
212368;11;4;4501040;2021;6;19;6;3;0;6;0;1;0;0;0;0;0;0
212367;11;3;3200204;2021;6;11;3;3;2;6;0;0;1;0;1;0;0;0
212366;11;5;5400943;2021;6;19;3;3;5;3;0;1;1;0;0;0;0;0
212365;11;5;5200420;2021;6;0;7;2;0;1;2;0;0;0;0;0;1;0
212364;11;8;8100103;2021;6;13;6;2;5;3;0;0;1;0;1;0;0;0
212363;11;1;1100309;2021;7;22;6;3;2;6;2;0;1;0;1;0;0;0
212362;11;7;7200409;2021;6;16;6;3;3;6;0;0;1;0;0;0;1;0
212361;11;9;9100408;2021;6;13;2;3;5;3;0;0;1;0;0;0;0;0
212360;11;6;6300526;2021;5;9;4;3;5;2;0;1;1;0;0;0;0;0
212359;11;5;5100105;2021;6;14;4;3;2;6;0;0;1;0;0;0;0;1
212358;11;6;6300528;2021;7;18;3;3;5;3;0;1;1;0;0;0;0;0
212357;11;1;1100415;2021;7;10;4;3;2;6;0;0;1;0;0;0;1;1
212356;11;4;4300622;2021;6;11;4;3;5;3;0;1;1;0;0;0;0;0
212355;11;3;3100101;2021;5;14;7;3;9;1;0;0;1;0;0;0;0;0
212354;11;8;8100209;2021;6;16;5;3;5;2;0;1;1;0;0;0;0;0
212353;11;11;11501238;2021;6;17;4;3;5;3;0;1;1;0;0;0;0;0
212352;11;4;4300619;2021;6;16;3;2;5;2;0;1;0;0;0;0;1;0
212351;11;8;8100415;2021;6;21;7;3;5;3;1;1;1;0;0;0;0;0
212350;11;4;4400832;2021;6;10;3;3;5;2;0;1;1;0;0;0;0;0
212349;11;12;12200309;2021;6;15;4;3;5;7;0;0;1;0;0;0;0;0
212348;11;4;4501045;2021;6;17;2;2;5;2;0;1;1;0;0;0;0;0
212347;11;5;5300737;2021;6;20;2;3;5;7;0;0;1;0;1;0;0;0
212346;11;8;8401243;2021;7;23;1;3;9;1;2;0;1;0;0;0;0;0
212345;11;1;1200625;2021;6;21;7;3;5;2;2;0;1;0;1;0;0;0
212344;11;6;6300524;2021;7;9;5;3;5;3;0;0;1;0;0;1;0;1
212343;11;3;3601243;2021;7;23;4;3;2;6;2;1;1;0;0;0;0;0
212342;11;5;5200526;2021;6;13;5;3;6;4;0;0;0;1;0;1;0;0
212341;11;1;1300834;2021;5;14;1;3;6;7;0;0;0;1;0;0;1;0
212340;11;9;9100305;2021;6;10;6;3;1;5;0;1;1;0;0;0;0;0
212339;11;3;3601142;2021;6;14;4;3;0;1;0;1;0;0;0;0;0;0
212338;11;2;2100106;2021;6;10;3;3;5;3;0;1;1;0;0;0;0;0
212337;11;1;1100205;2021;6;7;2;3;5;2;0;1;1;0;0;0;0;0
212336;11;2;2200210;2021;5;13;5;3;3;6;0;1;1;0;0;0;0;1
212335;11;4;4501045;2021;6;18;4;3;5;2;0;1;0;0;0;0;1;0
212334;11;2;2500830;2021;5;12;2;3;1;5;0;1;1;0;0;0;0;0
212333;11;2;2300314;2021;6;21;2;3;5;3;1;1;1;0;0;0;0;0
212332;11;5;5100316;2021;7;12;2;3;5;3;0;0;1;0;0;0;0;1
212331;11;6;6300632;2021;7;8;6;3;2;6;0;0;1;0;0;0;0;0
212330;11;4;4200311;2021;7;11;6;3;3;6;0;0;1;0;0;0;1;1