OBJECTID;LAND;BEZ;LOR_ab_2021;UJAHR;UMONAT;USTUNDE;UWOCHENTAG;UKATEGORIE;UART;UTYP1;ULICHTVERH;IstRad;IstPKW;IstFuss;IstKrad;IstGkfz;IstSonstige;USTRZUSTAND
212329;11;5;5200631;2021;6;12;6;3;2;6;0;0;1;0;0;0;0;0
212328;11;10;10100315;2021;6;6;5;3;3;2;0;0;1;0;0;0;0;0
212327;11;1;1100207;2021;6;14;2;3;5;3;0;1;1;0;0;0;0;0
212326;11;2;2400624;2021;5;18;2;3;0;7;0;1;0;0;0;0;0;0
212325;11;5;5100316;2021;6;12;6;3;0;2;0;0;1;0;0;0;1;0
212324;11;12;12400721;2021;6;9;5;3;5;3;0;0;1;0;0;0;0;1
212323;11;7;7200412;2021;7;8;6;2;5;2;0;1;0;0;0;0;1;1
212322;11;5;5100211;2021;6;9;4;2;6;4;0;0;1;1;0;0;1;0
212321;11;4;4501042;2021;6;2;1;2;0;1;2;0;1;0;0;0;0;0
212320;11;8;8300934;2021;5;7;6;3;0;1;0;0;0;0;1;0;0;1
212319;11;7;7400825;2021;6;7;5;3;2;2;0;0;1;0;0;0;1;0
212318;11;9;9501737;2021;7;15;2;3;0;1;0;1;0;0;0;0;0;0
212317;11;12;12200413;2021;5;22;2;2;0;7;2;0;0;0;0;0;1;0
212316;11;3;3400721;2021;6;8;3;3;1;5;0;1;0;0;0;1;0;0
212315;11;1;1100308;2021;7;13;2;3;5;2;0;1;1;0;0;0;0;0
212314;11;4;4501147;2021;7;16;3;2;0;4;0;0;0;1;1;0;0;0
212313;11;12;12200411;2021;5;18;6;3;3;2;0;1;1;0;0;0;0;0
212312;11;8;8100419;2021;6;15;4;3;2;6;0;0;1;0;1;0;0;0
212311;11;11;11400931;2021;7;22;7;3;2;3;2;0;1;0;0;0;0;1
212310;11;1;1100207;2021;6;21;2;3;0;4;1;0;0;1;1;0;0;0
212309;11;7;7400822;2021;6;7;6;3;5;3;0;1;1;0;0;0;0;0
212308;11;7;7100102;2021;6;15;3;3;3;5;0;1;1;0;0;0;0;0
212307;11;9;9200715;2021;6;16;3;3;2;6;0;0;1;0;0;0;0;0
212306;11;1;1300834;2021;6;16;2;2;2;6;0;0;1;0;0;0;0;0
212305;11;3;3500934;2021;6;11;7;2;5;3;0;1;1;0;0;0;0;0
212304;11;3;3701554;2021;7;12;6;3;5;3;0;0;1;0;0;0;0;0
212303;11;3;3200207;2021;6;16;7;3;5;3;0;1;1;0;0;0;0;0
212302;11;7;7400721;2021;6;11;2;3;2;6;0;1;1;0;0;0;0;0
212301;11;2;2500727;2021;5;18;2;3;5;3;0;1;1;0;0;0;0;0
212300;11;6;6400838;2021;6;19;6;3;0;7;0;1;0;0;0;0;0;0
212299;11;12;12100205;2021;6;7;6;2;5;3;0;0;0;0;1;0;1;0
212298;11;3;3200204;2021;7;16;6;3;5;2;0;1;1;0;0;0;0;0
212297;11;2;2400521;2021;6;6;4;3;5;5;0;1;1;0;0;0;0;0
212296;11;1;1100310;2021;6;1;6;3;2;6;2;0;1;0;0;0;0;0
212295;11;12;12200412;2021;6;12;2;3;5;2;0;0;1;0;0;0;0;0
212294;11;12;12601134;2021;5;13;6;3;0;2;0;0;1;0;1;0;0;1
212293;11;10;10100206;2021;6;15;4;3;5;3;0;0;1;0;0;0;0;0
212292;11;4;4501042;2021;7;22;1;3;6;7;0;0;0;1;0;0;1;0
212291;11;3;3601243;2021;5;17;3;3;2;6;0;0;1;0;0;0;1;1
212290;11;9;9100101;2021;6;22;3;3;4;1;2;1;1;0;0;0;0;0
212289;11;11;11300722;2021;7;15;2;3;1;7;0;0;1;0;0;0;0;0
212288;11;8;8100209;2021;7;11;3;2;6;4;0;0;1;1;0;0;0;0
212287;11;4;4300623;2021;7;14;6;3;0;1;0;1;1;0;0;0;0;1
212286;11;9;9100101;2021;6;9;3;3;5;2;0;1;1;0;0;0;0;0
212285;11;11;11501340;2021;6;5;6;3;2;6;0;0;1;0;0;0;0;0
212284;11;2;2400624;2021;6;9;3;3;6;4;0;0;1;1;0;0;0;0
212283;11;6;6400844;2021;6;4;3;3;1;7;2;0;1;0;0;0;1;0
212282;11;3;3200204;2021;6;16;2;3;1;5;0;0;1;0;1;0;0;0
212281;11;12;12100204;2021;6;18;7;3;6;4;0;0;1;1;0;0;0;0
212280;11;4;4400729;2021;7;11;6;3;2;6;0;0;1;0;0;0;0;0
212279;11;4;4400726;2021;6;11;7;3;5;3;0;1;1;0;0;0;0;0
212278;11;4;4200308;2021;6;6;2;3;5;2;0;1;1;0;0;0;0;0
212277;11;4;4200308;2021;5;18;4;3;5;3;0;0;1;0;1;0;0;0
212276;11;1;1401049;2021;6;16;4;3;3;6;0;0;1;0;1;0;0;1
212275;11;11;11100309;2021;7;16;3;3;5;2;0;1;1;0;0;0;0;0
212274;11;12;12200413;2021;7;9;4;3;5;3;0;1;1;0;0;0;0;1
212273;11;8;8100102;2021;6;8;4;3;5;2;0;1;1;0;0;0;0;0
212272;11;7;7100102;2021;5;14;1;3;5;3;0;1;1;0;0;0;0;0
212271;11;1;1401045;2021;6;12;5;3;3;6;0;0;1;0;0;1;0;0
212270;11;3;3601245;2021;6;6;4;3;5;7;0;0;1;0;0;0;0;0
212269;11;1;1200627;2021;6;17;3;3;0;5;0;1;0;0;0;0;1;0
212268;11;9;9300921;2021;6;21;7;3;5;2;1;0;1;0;0;0;0;0
212267;11;8;8100206;2021;6;16;3;3;3;2;0;1;1;0;0;0;0;0
212266;11;9;9501838;2021;6;12;4;3;0;1;0;1;0;0;0;0;0;0
212265;11;12;12400618;2021;6;18;2;3;5;2;0;1;1;0;0;0;0;0
212264;11;6;6400842;2021;7;12;7;3;5;2;0;1;1;0;0;0;0;0
212263;11;4;4300517;2021;6;16;1;3;5;3;0;0;1;0;1;0;0;0
212262;11;3;3200204;2021;7;5;5;3;6;4;0;0;1;1;0;0;0;1
212261;11;4;4501045;2021;7;16;5;3;1;5;0;1;1;0;0;0;0;1
212260;11;6;6400844;2021;6;7;5;3;5;2;0;1;1;0;0;0;0;0
212259;11;6;6100207;2021;5;5;2;2;1;5;0;0;1;0;1;0;0;0
212258;11;11;11501341;2021;6;17;5;2;4;1;0;1;0;0;0;0;0;0
212257;11;8;8200832;2021;6;18;6;2;6;2;0;0;1;1;0;0;0;0
212256;11;9;9200715;2021;6;8;3;3;2;6;0;0;1;0;0;0;0;0
212255;11;9;9100202;2021;6;8;2;2;4;6;0;0;1;0;0;0;0;0
212254;11;4;4500937;2021;6;13;1;3;1;5;0;1;1;0;0;0;0;0
212253;11;12;12500825;2021;5;13;5;2;0;1;0;0;0;0;1;0;0;0
212252;11;2;2200213;2021;6;16;4;3;5;2;0;0;1;0;1;0;0;0
212251;11;1;1100310;2021;5;1;2;3;5;2;2;0;1;0;0;0;0;0
212250;11;2;2300314;2021;6;11;2;3;0;2;0;1;0;0;0;0;1;0
212249;11;10;10200420;2021;7;15;2;3;0;4;0;0;0;1;0;0;1;0
212248;11;4;4100101;2021;7;10;6;3;2;2;0;0;1;0;0;0;0;0
212247;11;8;8401242;2021;7;21;6;3;5;3;2;0;1;0;0;0;0;1
212246;11;6;6100206;2021;6;13;5;2;1;5;0;1;0;0;0;1;0;0
212245;11;7;7200412;2021;6;12;5;3;1;5;0;0;1;0;1;0;0;0
212244;11;10;10100312;2021;6;12;2;3;5;7;0;0;1;0;0;0;1;0
212243;11;6;6400737;2021;5;17;2;3;6;4;0;1;0;1;0;0;0;0
212242;11;6;6100103;2021;6;21;6;3;5;7;0;0;1;0;0;0;0;0
212241;11;2;2300314;2021;6;19;7;3;5;2;0;1;1;0;0;0;0;0
212240;11;2;2300316;2021;7;16;6;2;6;4;0;1;0;1;0;0;0;0
212239;11;2;2100104;2021;6;0;4;2;1;5;2;1;1;0;0;0;0;0
212238;11;1;1401048;2021;6;7;6;3;2;6;0;0;0;0;1;1;0;1
212237;11;8;8200730;2021;6;8;2;2;2;6;0;0;1;0;0;0;0;0
212236;11;2;2100104;2021;5;13;5;3;5;3;0;1;1;0;0;0;0;0
212235;11;4;4500938;2021;6;13;5;3;1;5;0;1;1;0;0;0;0;0
212234;11;2;2400625;2021;7;1;2;3;5;2;2;1;1;0;0;0;0;1
212233;11;7;7400927;2021;5;15;3;3;5;3;0;0;1;0;0;0;1;0
212232;11;5;5200528;2021;6;18;3;3;2;6;0;0;1;0;0;0;1;0
212231;11;5;5300736;2021;7;13;2;2;5;7;0;0;0;1;1;0;0;0
212230;11;1;1200520;2021;7;11;3;3;2;6;0;1;0;0;0;0;1;0
212229;11;9;9100407;2021;5;6;6;3;2;7;0;0;1;0;0;0;1;1
212228;11;6;6300526;2021;6;9;5;3;0;1;0;0;1;0;0;0;0;0
212227;11;9;9100407;2021;6;7;4;3;2;6;0;0;1;0;0;0;0;0
212226;11;11;11300722;2021;7;6;7;2;5;3;0;0;1;0;0;0;0;1
212225;11;8;8100312;2021;6;10;3;3;5;3;0;1;0;0;0;0;1;1
212224;11;1;1100206;2021;6;6;6;3;0;1;0;0;0;0;0;0;1;0
212223;11;8;8100417;2021;6;12;3;3;2;2;0;0;1;0;0;0;0;0
212222;11;1;1200517;2021;6;9;3;3;3;6;0;0;1;0;0;0;0;0
212221;11;3;3400830;2021;6;13;1;2;5;3;0;1;1;1;0;0;0;0
212220;11;4;4100101;2021;6;17;1;3;6;7;0;0;0;1;0;0;1;0
212219;11;4;4501042;2021;7;12;7;3;0;2;0;0;1;0;1;0;0;0
212218;11;10;10400940;2021;6;13;7;3;2;6;0;0;1;0;0;0;1;0
212217;11;7;7601341;2021;5;13;4;3;0;6;0;1;1;0;0;0;0;0
212216;11;8;8401242;2021;6;0;4;3;1;1;2;0;1;0;0;1;0;0
212215;11;5;5300737;2021;7;13;3;3;3;6;0;0;1;0;0;0;1;0
212214;11;4;4501151;2021;7;19;4;3;5;7;0;0;1;0;1;0;0;0
212213;11;10;10100205;2021;6;17;5;3;5;2;0;0;1;0;0;0;1;0
212212;11;5;5200630;2021;5;19;1;2;5;3;1;0;0;0;0;0;1;0
212211;11;9;9200511;2021;6;18;5;3;0;7;0;1;0;0;0;0;0;0
212210;11;3;3200205;2021;6;8;4;3;5;2;0;1;1;0;0;0;0;0
212209;11;1;1100313;2021;6;0;3;2;0;1;2;1;0;0;0;0;0;0
212208;11;8;8100207;2021;6;13;1;3;5;2;0;1;0;0;0;0;0;0
212207;11;3;3200310;2021;6;20;1;2;5;2;0;1;1;0;0;0;0;0
212206;11;9;9501737;2021;6;8;4;3;5;3;0;1;1;0;0;0;0;0
212205;11;3;3601450;2021;6;16;4;3;0;1;0;1;0;0;0;0;0;0
212204;11;1;1200517;2021;6;14;2;3;1;5;0;0;1;0;0;0;0;0
212203;11;3;3300412;2021;7;10;2;2;0;3;0;0;1;0;0;0;1;1
212202;11;1;1100308;2021;6;5;7;3;5;2;0;1;1;0;0;0;0;0
212201;11;7;7400721;2021;7;8;5;3;1;5;0;0;1;0;0;0;1;1
212200;11;7;7200308;2021;7;19;5;2;6;4;0;0;1;1;0;0;0;0
212199;11;5;5100316;2021;6;14;6;3;1;5;0;0;1;0;0;0;1;0
212198;11;12;12200308;2021;6;10;2;3;5;3;0;1;1;0;0;0;0;0
212197;11;4;4200206;2021;6;10;3;3;5;2;0;1;1;0;0;0;0;0
212196;11;12;12500928;2021;6;15;6;3;5;3;0;1;1;0;0;0;0;0
212195;11;4;4300416;2021;6;15;6;3;5;7;0;0;1;0;1;0;0;0
212194;11;4;4501152;2021;5;8;4;3;5;7;0;1;1;0;0;0;0;0
212193;11;8;8100208;2021;6;9;4;3;5;3;0;0;1;0;0;0;0;1
212192;11;1;1100310;2021;7;14;3;3;5;3;0;1;1;0;0;0;0;0
212191;11;11;11200411;2021;7;8;4;3;5;7;0;0;1;0;1;0;0;1
212190;11;10;10300734;2021;6;17;4;3;5;2;0;0;1;0;1;0;0;0
212189;11;9;9501736;2021;5;22;7;3;1;5;2;1;1;0;0;0;0;0
212188;11;8;8100311;2021;6;17;5;3;5;2;0;0;1;0;0;0;0;0
212187;11;2;2400521;2021;6;9;5;3;0;7;0;0;1;0;0;0;0;1
212186;11;9;9501941;2021;6;17;3;3;2;6;0;0;1;0;0;0;0;0
212185;11;1;1100103;2021;6;21;7;2;5;3;2;1;1;0;0;0;0;0
212184;11;12;12200309;2021;6;15;3;3;5;2;0;1;1;0;0;0;0;0
212183;11;2;2500830;2021;6;19;4;2;5;7;0;0;1;0;1;0;0;0
212182;11;5;5100316;2021;6;15;7;2;5;3;0;0;1;0;0;0;1;0
212181;11;10;10400940;2021;7;17;2;3;0;7;0;0;1;0;0;0;0;0
212180;11;7;7100101;2021;6;14;7;3;6;7;0;0;0;1;0;0;1;0
212179;11;3;3400619;2021;7;15;5;2;5;3;0;0;1;0;0;0;0;1
212178;11;9;9501939;2021;7;16;5;3;2;2;0;1;1;0;0;0;0;1
212177;11;1;1100308;2021;6;13;5;3;2;6;0;1;1;0;0;0;0;0
212176;11;3;3100102;2021;5;7;2;3;6;4;0;0;1;1;0;0;0;0
212175;11;4;4501041;2021;6;13;5;3;1;5;0;1;1;0;0;0;0;0
212174;11;3;3500934;2021;6;15;5;3;5;2;0;1;1;0;0;0;0;0
212173;11;11;11300722;2021;6;17;3;3;5;2;0;1;1;0;0;0;0;0
212172;11;2;2200209;2021;6;9;6;3;1;5;0;1;1;0;0;0;0;0
212171;11;2;2300418;2021;6;21;1;2;5;3;1;1;1;0;0;0;0;0
212170;11;8;8200730;2021;5;8;5;3;6;4;0;1;0;1;0;0;0;0
212169;11;5;5200629;2021;6;17;4;3;6;4;0;0;0;1;0;0;1;0
212168;11;1;1200519;2021;5;21;2;3;2;6;2;0;1;0;1;0;0;1
212167;11;2;2500835;2021;6;14;2;2;5;3;0;1;1;0;0;0;0;0
212166;11;3;3100102;2021;7;15;2;3;4;6;0;1;0;0;0;0;0;0
212165;11;1;1100310;2021;7;22;6;3;2;6;2;0;1;0;0;0;0;1
212164;11;1;1400942;2021;6;8;6;3;5;2;0;1;1;0;0;0;0;0
212163;11;8;8301037;2021;6;16;5;2;5;2;0;0;1;0;0;0;0;0
212162;11;4;4200308;2021;6;11;2;3;2;6;0;0;1;0;0;0;1;0
212161;11;4;4400727;2021;6;11;3;2;5;3;0;1;1;0;0;0;0;0
212160;11;3;3500934;2021;6;11;6;3;1;5;0;0;1;0;0;0;0;0
212159;11;4;4300620;2021;6;8;6;3;5;3;0;1;1;0;0;0;0;0
212158;11;6;6400737;2021;7;13;6;3;5;2;0;1;1;0;0;0;0;0
212157;11;3;3300514;2021;6;9;3;3;5;2;0;1;0;0;0;0;1;0
212156;11;4;4200308;2021;6;13;6;3;0;4;0;0;0;1;1;0;0;0
212155;11;1;1100309;2021;6;8;2;3;3;6;0;1;1;0;0;0;0;0
212154;11;7;7601544;2021;6;12;4;3;5;2;0;1;1;0;0;0;0;0
212153;11;2;2200210;2021;5;17;2;3;6;7;0;1;0;1;0;0;0;0
212152;11;1;1100310;2021;6;6;4;3;5;2;0;0;1;0;0;0;1;1
212151;11;12;12200414;2021;7;11;3;2;2;6;0;0;1;0;1;0;0;0
212150;11;9;9502043;2021;7;11;4;3;6;4;0;0;1;1;0;0;0;1
212149;11;3;3300413;2021;6;15;4;3;0;2;0;1;1;0;0;0;0;0
212148;11;8;8100314;2021;5;14;7;3;2;6;0;1;1;0;0;0;0;0
212147;11;12;12100204;2021;6;14;5;3;5;3;0;0;1;0;0;0;0;0
212146;11;12;12200515;2021;6;7;4;2;4;5;0;0;1;0;0;0;0;0
212145;11;7;7400822;2021;7;15;7;3;2;6;0;0;1;0;0;0;0;0
212144;11;2;2300418;2021;6;4;3;2;3;6;1;1;1;0;0;0;1;0
212143;11;4;4500936;2021;6;17;7;3;2;6;0;1;1;0;0;0;0;0
212142;11;7;7400824;2021;6;8;4;3;5;3;0;0;1;0;0;0;0;0
212141;11;9;9401534;2021;6;17;3;3;5;3;0;1;1;0;0;0;0;0
212140;11;7;7100206;2021;6;9;2;3;6;4;0;0;0;1;0;0;1;0
212139;11;2;2500832;2021;6;18;1;3;0;1;0;1;0;0;0;0;0;0
212138;11;6;6300631;2021;7;12;1;3;1;5;0;0;1;0;0;0;0;0
212137;11;12;12200412;2021;6;14;7;3;1;5;0;1;1;0;0;0;0;0
212136;11;1;1100102;2021;5;8;4;3;5;3;0;1;1;0;0;0;0;0
212135;11;11;11300721;2021;7;15;5;2;4;1;0;0;0;0;1;0;1;1
212134;11;4;4501042;2021;7;20;4;3;2;6;0;0;1;0;0;0;0;0
212133;11;10;10300733;2021;7;11;5;3;0;1;0;0;1;0;1;0;0;0
212132;11;2;2400624;2021;6;15;5;3;5;2;0;0;0;0;1;0;1;0
212131;11;12;12100205;2021;5;16;1;3;1;5;0;0;1;0;1;0;0;0
212130;11;3;3400828;2021;6;7;6;3;5;2;0;1;1;0;0;0;0;0
212129;11;12;12200515;2021;6;12;5;3;6;4;0;0;1;1;0;0;0;0
212128;11;9;9200717;2021;6;7;3;3;5;3;0;1;1;0;0;0;0;0
212127;11;3;3400828;2021;6;8;2;3;1;7;0;1;1;0;0;0;0;0
212126;11;1;1200628;2021;5;21;5;2;5;3;2;1;1;0;0;0;0;0
212125;11;5;5300737;2021;6;15;4;3;3;6;0;0;1;0;0;0;1;0
212124;11;2;2500835;2021;5;19;1;3;5;2;0;0;1;0;0;0;0;1
212123;11;4;4501152;2021;6;10;2;3;3;6;0;1;1;0;0;0;0;0
212122;11;3;3601450;2021;7;11;2;3;5;2;0;1;1;0;0;0;0;1
212121;11;2;2100101;2021;6;16;5;3;2;7;0;1;1;0;0;0;0;0
212120;11;2;2100102;2021;7;18;6;3;5;2;0;0;1;0;1;0;0;0
212119;11;2;2200213;2021;7;23;5;3;1;5;2;1;1;0;0;0;0;0
212118;11;3;3500936;2021;6;9;6;3;6;4;0;1;0;1;0;0;0;0
212117;11;5;5100316;2021;6;21;5;3;6;7;1;1;0;1;0;0;0;0
212116;11;9;9200715;2021;6;16;2;3;5;2;0;0;1;0;1;0;0;0
212115;11;11;11400930;2021;5;18;2;3;2;6;0;0;0;0;1;0;1;0
212114;11;4;4300412;2021;6;19;6;3;1;5;0;0;1;0;1;0;1;0
212113;11;2;2100102;2021;6;17;6;3;5;3;0;1;1;0;0;0;0;0
212112;11;6;6300527;2021;6;14;3;3;5;2;0;0;1;0;1;0;0;0
212111;11;4;4200310;2021;6;14;6;3;5;2;0;0;1;0;1;0;0;0
212110;11;1;1100308;2021;5;15;6;3;5;3;0;1;1;0;0;0;0;1
212109;11;2;2200211;2021;6;12;4;3;0;7;0;0;1;1;0;0;0;0
212108;11;7;7100205;2021;7;17;1;3;5;7;0;0;1;0;0;0;1;0
212107;11;12;12200412;2021;5;12;3;2;0;7;0;0;1;0;1;0;0;1
212106;11;1;1100313;2021;6;13;3;3;6;4;0;1;0;1;0;0;0;1
212105;11;3;3701556;2021;7;16;3;3;3;6;0;1;0;0;0;0;0;0
212104;11;11;11100204;2021;7;13;7;3;5;3;0;1;1;0;0;0;0;0
212103;11;9;9200715;2021;6;16;2;3;5;2;0;1;1;0;0;0;0;0
212102;11;5;5100211;2021;6;7;6;3;6;4;0;0;0;1;0;0;1;0
212101;11;2;2100104;2021;6;21;3;3;0;2;1;1;1;0;0;0;0;0
212100;11;4;4500936;2021;6;8;3;2;0;1;0;1;0;0;0;0;0;0
212099;11;2;2300314;2021;6;0;7;3;4;6;2;0;1;0;0;0;0;0
212098;11;3;3601142;2021;6;15;7;3;5;3;0;1;1;0;0;0;0;0
212097;11;4;4100101;2021;7;16;6;3;5;2;0;0;1;0;0;0;1;0
212096;11;2;2100102;2021;6;15;4;2;5;2;0;0;1;0;1;0;0;0
212095;11;4;4501148;2021;6;13;6;3;5;7;0;0;0;0;1;0;1;0
212094;11;9;9100407;2021;6;8;2;3;5;3;0;0;1;0;0;0;0;0
212093;11;7;7200411;2021;5;16;4;3;0;6;0;0;1;0;0;0;1;0
212092;11;3;3601346;2021;6;9;4;3;5;2;0;1;0;0;0;0;1;1
212091;11;1;1400938;2021;7;15;2;2;5;3;0;0;1;0;0;0;1;0
212090;11;4;4300620;2021;7;20;4;3;2;2;0;0;1;0;1;0;0;0
212089;11;3;3701555;2021;6;14;4;3;4;6;0;1;0;0;1;0;0;0
212088;11;2;2500833;2021;6;20;3;2;0;1;0;1;0;0;0;0;0;0
212087;11;12;12200309;2021;6;17;6;3;6;4;0;1;0;1;0;0;0;0
212086;11;2;2400521;2021;6;18;2;3;2;6;0;0;1;0;0;0;0;0
212085;11;12;12200310;2021;5;21;5;3;5;3;1;0;1;0;0;0;0;1
212084;11;12;12200309;2021;6;17;4;3;5;2;0;1;1;0;0;0;0;0
212083;11;7;7300619;2021;7;14;1;3;2;6;0;0;1;0;0;0;0;0
212082;11;11;11200411;2021;5;18;1;2;5;2;0;1;0;0;0;0;1;0
212081;11;6;6400843;2021;6;15;3;3;1;5;0;1;1;0;0;0;0;0
212080;11;7;7601442;2021;7;16;3;3;2;6;0;0;1;0;0;0;0;0
212079;11;10;10400940;2021;7;14;6;3;0;2;0;0;1;0;1;0;0;0
212078;11;5;5200528;2021;6;11;2;3;5;3;0;1;1;0;0;0;0;0
212077;11;2;2200210;2021;6;21;6;3;0;3;0;1;1;0;0;0;0;0
212076;11;3;3500936;2021;6;19;5;3;5;3;0;1;1;0;0;0;0;0
212075;11;1;1300730;2021;6;19;3;3;5;7;0;0;1;0;1;0;0;0
212074;11;1;1100308;2021;6;12;3;2;3;6;0;1;1;0;0;0;0;0
212073;11;11;11401137;2021;6;15;1;3;1;5;0;0;1;0;0;0;0;0
212072;11;1;1100309;2021;6;20;7;3;0;6;1;1;1;0;0;0;0;0
212071;11;1;1401048;2021;7;18;7;3;6;7;0;1;0;1;0;0;0;0
212070;11;7;7100101;2021;6;9;4;3;1;5;0;0;1;0;0;0;1;0
212069;11;11;11200512;2021;6;14;6;3;5;2;0;1;0;0;0;0;1;0
212068;11;2;2100102;2021;6;8;4;3;5;2;0;1;1;0;0;0;0;0
212067;11;4;4501042;2021;5;14;3;3;5;7;0;1;1;0;0;0;0;1
212066;11;10;10400938;2021;6;10;4;3;2;2;0;0;0;0;0;1;1;1
212065;11;10;10300731;2021;7;9;2;3;5;3;0;0;1;0;0;0;0;0
212064;11;6;6300524;2021;7;18;4;3;5;3;0;1;0;0;0;0;0;0
212063;11;1;1100102;2021;6;14;4;3;5;3;0;1;1;0;0;0;0;0
212062;11;3;3100103;2021;5;11;7;3;5;3;0;1;1;0;0;0;0;0
212061;11;4;4501045;2021;6;9;5;2;6;4;0;0;1;1;0;0;0;0
212060;11;12;12200412;2021;6;15;4;3;5;2;0;0;1;0;0;0;1;0
212059;11;2;2500726;2021;6;17;3;3;2;2;0;1;1;0;0;0;0;0
212058;11;11;11401034;2021;6;14;7;3;5;3;0;1;1;0;0;0;0;0
212057;11;4;4200311;2021;6;15;3;3;0;1;0;0;0;0;1;0;0;0
212056;11;10;10200420;2021;6;12;4;3;5;3;0;1;1;0;0;0;0;0
212055;11;11;11200514;2021;6;8;2;3;0;1;0;1;0;0;0;0;0;0
212054;11;4;4300518;2021;6;2;1;3;5;3;2;0;1;0;0;0;0;0
212053;11;10;10100102;2021;7;12;7;3;5;2;0;1;1;0;0;0;0;0
212052;11;3;3500936;2021;6;17;1;3;2;7;0;0;1;0;1;0;0;0
212051;11;8;8100206;2021;6;11;1;3;6;4;0;0;1;1;0;0;0;0
212050;11;8;8100103;2021;5;21;4;3;2;6;2;0;1;0;0;0;0;0
212049;11;4;4501045;2021;7;14;5;3;0;7;0;1;0;0;0;0;0;1
212048;11;9;9501939;2021;7;7;3;2;5;2;0;1;1;0;0;0;0;0
212047;11;10;10400939;2021;7;15;5;3;5;3;0;0;1;0;0;0;0;0
212046;11;1;1200517;2021;6;9;5;2;0;1;0;1;0;0;0;0;0;0
212045;11;8;8100207;2021;5;16;2;3;2;6;0;0;1;0;1;0;0;0
212044;11;12;12500928;2021;6;7;6;3;2;6;0;0;1;0;1;0;0;0
212043;11;8;8100102;2021;6;13;5;3;1;5;0;1;1;0;0;0;0;1
212042;11;12;12200515;2021;6;12;3;3;5;3;0;0;1;0;0;0;0;0
212041;11;1;1200628;2021;6;19;2;3;5;2;0;1;1;0;0;0;0;0
212040;11;10;11300721;2021;5;12;5;3;2;6;0;0;1;0;0;0;1;0
212039;11;9;9300920;2021;6;11;4;2;5;2;0;1;1;0;0;0;0;0
212038;11;4;4200308;2021;5;12;2;3;3;6;0;0;1;0;0;0;0;0
212037;11;3;3601142;2021;6;17;3;3;0;2;0;1;1;0;0;0;0;1
212036;11;4;4501041;2021;7;9;2;3;0;5;0;0;1;0;0;0;1;1
212035;11;8;8100520;2021;6;15;5;3;5;3;0;1;1;0;0;0;0;0
212034;11;6;6200421;2021;7;17;6;3;3;6;0;0;1;0;0;0;1;0
212033;11;1;1401045;2021;7;12;6;3;5;2;0;0;1;0;0;0;0;1
212032;11;3;3601449;2021;6;21;5;3;1;5;2;0;1;0;0;0;1;0
212031;11;3;3601348;2021;6;18;4;3;5;3;0;1;1;0;0;0;0;0
212030;11;12;12200412;2021;6;14;2;3;5;2;0;0;1;0;0;0;1;0
212029;11;1;1100308;2021;5;8;2;3;6;4;0;0;1;1;0;0;0;0
212028;11;7;7300619;2021;6;16;6;3;6;2;1;0;1;1;0;0;0;0
212027;11;6;6200314;2021;6;5;6;2;0;3;1;0;1;0;1;0;0;0
212026;11;10;10200417;2021;6;14;3;3;5;2;0;1;1;0;0;0;0;0
212025;11;11;11200410;2021;6;16;6;3;5;7;0;0;1;0;0;0;1;0
212024;11;1;1300733;2021;5;16;6;3;2;6;0;0;1;0;0;0;0;1
212023;11;9;9200819;2021;6;14;4;3;2;6;0;0;1;0;0;0;0;0
212022;11;2;2200210;2021;7;16;1;3;5;3;0;0;0;0;0;0;1;0
212021;11;9;9200715;2021;5;19;3;2;5;3;1;0;1;0;0;0;0;0
212020;11;2;2500830;2021;6;9;3;3;0;1;0;1;0;0;0;0;0;0
212019;11;1;1300733;2021;7;11;2;3;1;5;0;1;1;0;0;0;0;0
212018;11;8;8100520;2021;7;5;3;3;0;7;0;0;0;0;1;0;0;1
212017;11;2;2400521;2021;7;9;7;2;0;1;0;0;0;0;1;0;0;1
212016;11;3;3500934;2021;6;15;3;3;0;2;0;1;1;0;0;0;0;0
212015;11;11;11300721;2021;6;10;7;3;2;6;0;0;1;0;0;0;1;0
212014;11;6;6200421;2021;6;15;2;3;2;6;0;0;1;0;0;0;0;0
212013;11;7;7100102;2021;6;14;3;3;6;4;0;0;1;1;0;0;0;0
212012;11;9;9200510;2021;6;18;1;3;5;2;0;1;1;0;0;0;0;0
212011;11;4;4200308;2021;6;10;6;3;6;4;0;0;1;1;0;0;0;0
212010;11;7;7601546;2021;7;18;7;3;0;6;0;1;0;0;0;0;1;0
212009;11;7;7601341;2021;6;16;6;3;2;6;0;0;1;0;1;0;0;0
212008;11;2;2500833;2021;5;13;4;3;1;5;0;1;1;0;0;0;0;0
212007;11;6;6200421;2021;6;16;4;3;2;6;0;0;1;0;0;0;0;1
212006;11;1;1100310;2021;7;6;3;3;2;2;0;0;1;0;0;0;1;0
212005;11;1;1300836;2021;7;18;4;3;2;7;0;0;1;0;1;0;0;0
212004;11;9;9501941;2021;6;9;4;3;0;3;0;1;0;0;0;1;0;0
212003;11;10;10100311;2021;5;6;6;3;5;2;0;1;0;0;0;1;0;0
212002;11;3;3200308;2021;6;15;5;3;1;5;0;0;1;0;1;0;0;0
212001;11;4;4200310;2021;6;12;4;3;6;4;0;0;1;1;0;0;0;0
212000;11;1;1100104;2021;6;19;4;3;2;6;0;0;1;0;0;0;0;0
211999;11;8;8100310;2021;6;20;1;3;4;6;1;1;0;0;0;0;1;0