OBJECTID;LAND;BEZ;LOR_ab_2021;UJAHR;UMONAT;USTUNDE;UWOCHENTAG;UKATEGORIE;UART;UTYP1;ULICHTVERH;IstRad;IstPKW;IstFuss;IstKrad;IstGkfz;IstSonstige;USTRZUSTAND
211998;11;2;2100106;2021;6;13;3;3;6;7;0;0;1;1;0;0;0;0
211997;11;8;8200725;2021;6;12;3;3;0;1;0;1;0;0;0;0;0;0
211996;11;1;1100415;2021;6;19;2;3;6;7;0;0;0;1;0;0;1;0
211995;11;4;4300518;2021;7;20;1;2;0;7;0;1;0;0;0;0;0;0
211994;11;11;11501238;2021;6;19;7;3;2;6;0;0;1;0;0;0;0;0
211993;11;6;6100208;2021;7;9;5;3;5;3;0;1;1;0;0;0;0;1
211992;11;1;1100416;2021;7;18;5;3;1;5;0;1;1;0;0;0;0;1
211991;11;7;7400822;2021;6;1;5;3;1;3;2;1;1;0;0;0;0;0
211990;11;3;3400827;2021;5;16;1;2;5;3;0;1;1;0;0;0;0;0
211989;11;6;6400841;2021;6;10;6;3;5;2;0;1;1;0;0;0;0;0
211988;11;10;10200630;2021;6;5;4;3;8;1;0;0;1;0;0;0;0;0
211987;11;11;11401136;2021;6;17;3;2;5;3;0;0;1;0;0;0;1;0
211986;11;2;2200208;2021;6;8;2;3;4;6;0;1;0;0;0;0;1;0
211985;11;11;11401137;2021;5;18;7;3;2;6;0;0;1;0;1;0;1;0
211984;11;4;4501153;2021;6;14;5;3;2;6;0;0;1;0;0;0;0;0
211983;11;11;11401137;2021;6;15;4;3;2;6;0;0;1;0;0;0;0;0
211982;11;1;1100313;2021;6;19;3;3;1;5;0;1;0;0;1;0;0;0
211981;11;3;3200204;2021;6;20;7;3;0;1;0;0;0;0;1;0;0;0
211980;11;4;4300624;2021;6;14;3;2;4;6;0;0;0;0;0;0;1;0
211979;11;4;4501152;2021;6;18;3;3;5;2;0;1;0;0;0;0;1;0
211978;11;1;1100206;2021;6;10;2;3;5;2;0;1;1;0;0;0;0;0
211977;11;9;9501737;2021;6;12;7;3;8;1;0;0;1;0;0;0;0;0
211976;11;8;8100206;2021;7;22;7;3;2;6;2;1;1;0;0;0;0;0
211975;11;4;4300517;2021;6;19;1;2;0;7;1;1;0;0;0;0;0;0
211974;11;6;6400735;2021;6;11;1;2;0;2;0;0;1;0;1;0;0;0
211973;11;6;6100103;2021;7;6;5;3;0;1;0;0;0;0;1;0;0;1
211972;11;2;2500833;2021;7;15;3;3;0;1;0;1;0;0;0;0;0;0
211971;11;9;9100304;2021;7;9;5;3;3;6;0;0;1;0;0;1;0;0
211970;11;2;2100101;2021;6;15;5;3;2;6;0;0;1;0;0;0;0;0
211969;11;4;4501042;2021;5;1;2;3;0;6;2;0;1;0;0;0;1;0
211968;11;7;7200307;2021;6;12;6;3;5;2;0;1;1;0;0;0;0;0
211967;11;2;2300314;2021;6;20;4;3;5;3;0;1;1;0;0;0;0;0
211966;11;2;2200213;2021;6;8;3;3;5;3;0;1;1;0;0;0;0;0
211965;11;2;2200207;2021;6;6;1;3;0;1;0;0;0;0;1;0;0;0
211964;11;8;8100415;2021;5;15;5;3;6;7;0;0;1;1;0;0;0;1
211963;11;7;7300619;2021;6;17;4;3;1;5;0;1;1;0;0;0;0;0
211962;11;6;6200312;2021;5;17;1;2;5;2;0;1;0;0;1;0;0;0
211961;11;2;2100106;2021;6;14;2;3;6;4;0;0;0;1;1;0;0;0
211960;11;4;4500939;2021;7;22;2;3;0;1;2;1;0;0;0;0;0;0
211959;11;1;1100102;2021;7;17;6;3;5;3;0;1;1;0;0;0;0;0
211958;11;1;1100207;2021;7;9;6;3;5;3;0;1;1;0;0;0;0;1
211957;11;3;3601450;2021;6;8;5;3;0;1;0;1;0;0;0;0;0;0
211956;11;1;1100310;2021;6;19;5;3;5;3;0;1;0;0;0;0;0;0
211955;11;9;9501737;2021;6;19;2;3;2;6;0;0;1;0;0;0;1;0
211954;11;7;7601339;2021;5;12;2;3;0;3;0;0;1;0;1;0;0;0
211953;11;2;2200213;2021;6;16;6;3;6;4;0;0;1;1;0;0;0;0
211952;11;1;1401047;2021;6;15;6;3;5;2;0;1;1;0;0;0;0;0
211951;11;8;8100102;2021;7;6;6;3;5;3;0;0;1;0;0;0;0;1
211950;11;6;6400843;2021;6;13;3;3;5;3;0;0;1;0;0;0;0;0
211949;11;8;8100521;2021;5;13;6;2;5;3;0;0;1;0;0;0;0;1
211948;11;6;6100103;2021;6;17;4;2;4;6;0;0;1;0;0;0;0;0
211947;11;5;5100211;2021;7;20;1;2;5;7;0;0;1;0;0;0;0;0
211946;11;7;7501029;2021;5;11;3;3;1;2;0;0;1;0;0;0;1;0
211945;11;12;12500927;2021;6;15;3;3;1;5;0;0;1;0;0;0;1;0
211944;11;4;4500938;2021;7;18;2;3;6;7;0;0;1;1;0;0;0;0
211943;11;3;3400619;2021;7;13;3;3;1;5;0;0;1;0;1;0;0;0
211942;11;1;1401044;2021;5;16;6;3;1;7;0;1;1;0;0;0;0;1
211941;11;12;12200412;2021;6;14;4;3;5;2;0;1;1;0;0;0;0;0
211940;11;3;3500934;2021;7;8;7;3;2;6;0;1;1;0;0;0;0;1
211939;11;1;1100415;2021;6;15;2;3;2;6;0;1;1;0;0;0;0;0
211938;11;4;4501153;2021;6;22;6;3;5;2;1;1;1;0;0;0;0;0
211937;11;5;5100104;2021;6;9;3;3;5;3;0;0;1;0;1;0;0;0
211936;11;4;4100101;2021;6;17;3;2;0;7;0;0;1;0;0;0;0;0
211935;11;4;4501042;2021;6;16;2;3;5;5;0;1;1;0;0;0;0;0
211934;11;3;3400620;2021;6;20;7;2;1;1;0;0;1;0;1;0;0;0
211933;11;2;2100105;2021;7;15;7;3;5;3;0;0;1;0;0;0;1;0
211932;11;2;2400623;2021;6;11;7;3;0;1;0;1;0;0;0;0;0;0
211931;11;3;3701660;2021;5;9;4;3;1;5;0;1;1;0;0;0;0;0
211930;11;1;1300733;2021;6;14;4;3;2;6;0;0;1;0;0;1;0;1
211929;11;1;1300732;2021;7;18;3;3;5;7;0;0;1;0;1;0;0;0
211928;11;1;1100312;2021;7;8;4;3;5;3;0;0;1;0;0;0;1;1
211927;11;8;8100415;2021;6;0;4;2;5;3;2;1;0;0;1;0;0;0
211926;11;3;3501037;2021;5;11;6;3;5;3;0;0;1;0;0;0;1;0
211925;11;7;7200307;2021;6;15;5;3;3;6;0;1;1;0;0;0;0;0
211924;11;9;9200717;2021;6;7;5;3;5;3;0;0;1;0;0;0;0;1
211923;11;4;4300619;2021;6;12;3;3;5;3;0;0;1;0;0;0;0;0
211922;11;4;4400835;2021;6;20;1;3;1;5;0;1;1;0;0;0;0;0
211921;11;2;2300417;2021;6;13;3;3;0;5;0;0;1;0;0;0;1;0
211920;11;8;8100415;2021;6;9;4;3;6;4;0;1;0;1;0;0;0;0
211919;11;7;7601442;2021;6;10;2;3;6;4;0;0;1;1;0;0;0;0
211918;11;2;2200208;2021;7;10;1;3;6;7;0;0;1;1;0;0;0;0
211917;11;4;4100101;2021;6;10;1;3;5;2;0;1;1;0;0;0;0;0
211916;11;5;5100105;2021;7;12;5;3;0;3;0;0;1;0;1;0;0;1
211915;11;1;1100102;2021;7;10;5;3;1;5;0;1;0;0;0;1;0;0
211914;11;8;8100521;2021;6;16;5;3;5;3;0;0;1;0;0;0;0;0
211913;11;4;4300517;2021;5;6;2;3;0;1;0;0;0;0;1;0;0;0
211912;11;12;12400618;2021;6;14;6;2;5;3;0;0;1;0;0;0;1;0
211911;11;12;12601235;2021;6;16;5;3;3;6;0;0;1;0;0;0;1;0
211910;11;5;5400943;2021;6;8;3;3;2;2;0;1;1;0;0;0;0;0
211909;11;5;5300841;2021;6;18;2;3;2;6;0;0;1;0;1;0;0;0
211908;11;11;11501340;2021;6;12;2;3;4;5;0;1;1;0;0;0;0;0
211907;11;2;2100101;2021;5;14;5;3;2;6;0;0;1;0;0;0;0;1
211906;11;11;11400929;2021;6;9;4;3;5;3;0;1;1;0;0;0;0;0
211905;11;9;9200613;2021;5;19;1;3;5;2;0;1;1;0;0;0;0;0
211904;11;8;8100415;2021;6;14;2;3;3;2;0;1;0;0;0;0;1;0
211903;11;11;11401136;2021;7;19;2;2;6;2;0;0;1;1;0;0;0;0
211902;11;11;11200411;2021;7;6;6;2;5;3;0;1;1;0;0;0;0;1
211901;11;9;9401534;2021;6;11;6;3;0;7;0;1;0;0;0;0;0;0
211900;11;9;9300920;2021;6;12;5;3;0;2;0;1;1;0;0;0;0;0
211899;11;1;1200519;2021;6;23;2;3;2;6;2;1;1;0;0;0;0;0
211898;11;8;8200624;2021;5;17;2;3;5;7;0;0;1;0;0;0;0;0
211897;11;3;3601243;2021;6;21;6;3;2;6;1;1;1;0;0;0;0;0
211896;11;6;6400735;2021;6;13;7;2;2;6;0;1;0;0;0;0;0;0
211895;11;3;3701554;2021;7;0;7;2;3;6;2;1;1;0;0;0;0;0
211894;11;1;1100205;2021;6;16;4;3;5;2;0;0;1;0;1;0;0;0
211893;11;1;1400940;2021;6;19;6;2;3;6;0;1;1;0;0;0;0;0
211892;11;12;12200310;2021;6;7;2;3;5;3;0;0;1;0;0;0;0;0
211891;11;1;1100309;2021;5;7;6;2;5;2;0;1;1;0;0;0;0;1
211890;11;3;3601245;2021;6;11;4;3;6;2;0;0;0;1;1;0;0;0
211889;11;9;9401329;2021;7;10;1;3;5;3;0;0;1;0;0;0;0;0
211888;11;10;10100205;2021;5;6;3;3;0;3;0;0;0;0;1;0;1;1
211887;11;6;6200422;2021;6;18;3;3;5;3;0;1;1;0;0;0;0;0
211886;11;6;6200422;2021;7;9;3;3;5;3;0;1;1;0;0;0;0;0
211885;11;7;7100103;2021;7;14;3;3;0;4;0;1;0;1;0;0;0;0
211884;11;8;8100105;2021;5;11;7;3;4;6;0;1;0;0;0;0;1;0
211883;11;5;5100316;2021;6;13;5;3;0;6;0;0;1;0;0;0;1;0
211882;11;4;4300415;2021;6;19;4;3;6;4;0;1;0;1;0;0;0;0
211881;11;3;3601142;2021;4;18;3;3;5;3;0;0;1;0;0;0;0;0
211880;11;5;5100209;2021;3;17;2;2;5;3;0;1;1;0;0;0;0;0
211879;11;12;12601134;2021;4;16;5;3;0;7;0;0;0;0;0;0;1;0
211878;11;4;4400830;2021;5;14;3;3;1;5;0;0;1;0;0;0;0;0
211877;11;3;3701555;2021;5;19;3;3;1;5;0;1;1;0;0;0;0;0
211876;11;7;7501029;2021;4;11;5;2;6;4;0;0;1;1;0;0;0;0
211875;11;7;7400823;2021;5;10;7;3;3;6;0;0;1;0;1;0;0;0
211874;11;11;11501238;2021;4;21;1;3;2;6;2;0;1;0;0;0;0;0
211873;11;1;1100309;2021;5;6;5;3;0;6;0;0;1;0;1;0;0;1
211872;11;6;6100210;2021;4;11;3;3;6;7;0;1;0;1;0;0;0;0
211871;11;3;3601450;2021;3;4;3;3;2;6;2;0;1;0;0;0;0;1
211870;11;5;5200527;2021;5;17;6;2;5;2;0;0;1;0;0;0;0;0
211869;11;6;6400838;2021;4;9;4;3;1;5;0;0;1;0;0;0;1;0
211868;11;8;8100418;2021;3;12;2;3;6;4;0;0;1;1;0;0;0;0
211867;11;3;3400831;2021;4;17;1;3;1;5;0;0;1;0;0;0;0;0
211866;11;8;8200726;2021;3;14;6;3;2;2;0;0;1;0;0;0;0;0
211865;11;5;5100313;2021;5;16;2;3;5;2;0;1;1;0;0;0;0;0
211864;11;9;9501737;2021;5;16;5;3;2;6;0;0;1;0;0;0;0;1
211863;11;12;12200411;2021;5;0;4;3;5;2;2;0;1;0;0;0;0;0
211862;11;2;2500729;2021;4;14;5;3;6;4;0;1;0;1;0;0;0;0
211861;11;8;8100314;2021;4;11;6;3;4;6;0;1;0;0;0;0;1;0
211860;11;2;2200212;2021;4;15;3;3;0;1;0;1;0;0;0;0;0;0
211859;11;7;7501029;2021;3;20;4;3;5;3;2;0;1;0;0;0;0;0
211858;11;1;1401045;2021;4;11;6;3;0;7;0;1;0;0;0;0;0;0
211857;11;6;6100205;2021;5;16;7;3;1;5;0;1;1;0;0;0;0;0
211856;11;3;3501038;2021;4;10;3;3;5;2;0;1;1;0;0;0;0;0
211855;11;7;7400721;2021;5;5;3;3;0;7;0;1;0;0;0;0;0;0
211854;11;2;2200208;2021;5;17;6;3;5;2;0;1;1;0;0;0;0;1
211853;11;5;5100210;2021;5;13;5;3;2;6;0;0;1;0;0;0;0;0
211852;11;8;8100313;2021;4;8;1;3;0;1;0;0;0;0;1;0;0;1
211851;11;7;7200409;2021;3;13;4;3;5;3;0;1;0;0;0;0;1;0
211850;11;10;10200417;2021;5;11;3;3;2;6;0;0;1;0;0;0;0;0
211849;11;4;4501045;2021;3;18;2;3;0;2;0;1;1;0;0;0;0;0
211848;11;4;4400835;2021;4;6;4;3;5;3;0;1;1;0;0;0;0;0
211847;11;1;1100311;2021;3;18;5;3;5;7;0;0;1;0;0;0;1;0
211846;11;1;1200522;2021;5;12;3;3;2;2;0;1;0;0;0;0;1;0
211845;11;9;9100306;2021;4;20;1;3;5;2;1;1;1;0;0;0;0;1
211844;11;6;6300526;2021;5;15;2;3;5;3;0;0;1;0;0;0;0;0
211843;11;3;3701657;2021;4;10;5;3;2;1;0;0;1;0;0;1;0;1
211842;11;5;5100316;2021;5;12;1;3;0;2;0;0;0;0;0;0;1;0
211841;11;5;5100104;2021;5;12;6;3;0;2;0;0;1;0;0;0;1;0
211840;11;10;10300731;2021;4;7;2;3;5;2;0;1;1;0;0;0;0;0
211839;11;12;12200411;2021;4;12;6;2;6;2;0;0;1;1;0;0;0;0
211838;11;12;12200309;2021;4;15;4;3;5;7;0;0;1;0;0;0;0;0
211837;11;6;6300634;2021;5;14;5;3;5;2;0;1;1;0;0;0;0;1
211836;11;1;1100206;2021;4;16;3;3;5;3;0;1;1;0;0;0;0;0
211835;11;6;6300524;2021;3;13;3;3;5;3;0;0;1;0;0;0;0;0
211834;11;6;6200422;2021;4;13;6;2;6;4;0;0;1;1;0;0;0;0
211833;11;2;2500830;2021;3;19;7;3;0;1;2;1;1;0;0;0;0;1
211832;11;12;12100205;2021;5;21;4;2;6;4;2;0;1;1;0;0;0;0
211831;11;6;6300633;2021;5;13;2;2;0;5;0;0;1;0;0;0;1;0
211830;11;10;10100311;2021;4;16;5;3;2;6;0;0;1;0;0;0;0;0
211829;11;6;6100209;2021;4;10;3;3;7;7;0;1;0;0;0;0;0;0
211828;11;4;4501148;2021;4;6;3;3;5;2;0;0;1;0;0;0;1;0
211827;11;2;2500833;2021;5;1;7;3;0;1;2;1;0;0;0;0;0;0
211826;11;2;2200210;2021;4;13;4;3;5;3;0;1;0;0;0;0;0;0
211825;11;6;6200421;2021;3;9;3;3;2;6;0;0;1;0;0;0;0;0
211824;11;6;6100207;2021;4;14;6;3;5;2;0;1;1;0;0;0;0;0
211823;11;8;8401241;2021;5;20;6;3;5;2;0;0;1;0;0;0;0;0
211822;11;1;1100310;2021;5;17;6;3;5;7;0;0;1;0;0;0;0;1
211821;11;6;6200421;2021;3;18;4;3;6;7;0;0;0;1;0;0;1;0
211820;11;2;2400624;2021;4;13;7;3;1;5;0;1;1;0;0;0;0;0
211819;11;2;2400625;2021;3;12;7;3;2;6;0;0;1;0;0;0;0;1
211818;11;9;9501838;2021;5;13;2;2;0;5;0;1;1;0;0;0;0;0
211817;11;3;3300515;2021;5;12;6;2;5;2;0;0;1;0;0;0;1;1
211816;11;2;2100106;2021;5;7;4;3;5;3;0;0;1;0;0;0;0;0
211815;11;7;7400824;2021;4;14;7;3;0;3;0;0;1;0;0;0;1;0
211814;11;7;7400823;2021;5;15;7;3;5;3;0;1;0;0;1;0;0;0
211813;11;12;12100103;2021;4;15;4;3;6;4;0;0;1;1;0;0;0;0
211812;11;5;5100316;2021;3;17;4;3;1;5;0;0;1;0;1;0;0;0
211811;11;2;2100103;2021;4;9;2;3;5;3;0;1;0;0;0;0;1;0
211810;11;7;7501031;2021;4;16;2;3;2;6;0;0;1;0;0;0;0;0
211809;11;11;11100204;2021;5;14;7;3;5;3;0;1;0;0;0;0;1;0
211808;11;8;8100102;2021;5;11;7;3;1;5;0;1;1;0;0;0;0;0
211807;11;9;9200613;2021;4;22;2;3;2;6;2;1;1;0;0;0;0;0
211806;11;10;10200627;2021;5;18;3;3;5;2;0;1;1;0;0;0;0;0
211805;11;4;4300415;2021;5;17;7;3;5;7;0;1;1;0;0;0;0;0
211804;11;11;11100308;2021;5;7;5;3;6;7;0;1;0;1;0;0;0;0
211803;11;6;6200313;2021;4;8;2;3;5;3;0;1;1;0;0;0;0;0
211802;11;8;8301037;2021;3;13;4;2;5;7;0;0;1;0;0;0;1;0
211801;11;1;1300733;2021;4;11;3;3;5;2;0;0;1;0;0;0;1;0
211800;11;2;2100104;2021;5;20;3;3;5;3;0;0;1;0;0;0;1;0
211799;11;7;7400822;2021;4;8;3;3;5;2;0;1;1;0;0;0;0;0
211798;11;2;2400623;2021;3;16;2;2;5;2;0;1;1;0;0;0;0;0
211797;11;2;2200208;2021;4;23;5;2;6;2;2;0;1;1;0;0;0;0
211796;11;12;12100204;2021;3;11;5;3;5;2;0;1;1;0;0;0;0;0
211795;11;1;1401044;2021;5;6;3;3;5;3;0;1;1;0;0;0;0;0
211794;11;7;7200409;2021;5;17;7;3;1;5;0;1;1;0;0;0;0;0
211793;11;9;9401432;2021;4;12;3;3;0;7;0;0;1;0;0;0;1;0
211792;11;11;11401137;2021;3;19;4;3;0;6;2;0;1;0;1;0;0;0
211791;11;2;2100102;2021;4;13;5;3;5;2;0;1;1;0;0;0;0;0
211790;11;3;3701657;2021;4;14;2;3;0;1;0;1;0;0;0;0;0;0
211789;11;3;3400828;2021;5;1;1;2;1;5;2;1;1;0;0;0;0;0
211788;11;9;9100407;2021;5;21;7;2;6;6;1;0;1;1;0;0;0;0
211787;11;4;4300518;2021;4;0;1;3;2;6;2;1;0;0;0;0;0;0
211786;11;1;1401047;2021;5;1;3;3;0;1;2;0;0;0;0;0;1;0
211785;11;3;3300412;2021;5;13;6;3;6;4;0;0;1;1;0;0;0;0
211784;11;3;3400721;2021;5;8;5;3;5;2;0;1;1;0;0;0;0;0
211783;11;1;1400939;2021;4;23;1;3;0;7;2;0;1;0;0;0;0;1
211782;11;8;8200730;2021;3;15;4;3;3;6;0;1;0;0;0;0;1;0
211781;11;4;4501149;2021;4;17;3;3;5;3;0;1;0;0;0;0;0;0
211780;11;9;9501838;2021;5;18;3;3;2;6;0;0;1;0;0;0;1;0
211779;11;6;6200312;2021;3;13;2;2;5;2;0;0;1;0;0;0;0;0
211778;11;1;1300836;2021;4;9;4;3;5;2;0;1;1;0;0;0;0;0
211777;11;3;3601140;2021;3;18;5;3;5;2;0;1;1;0;0;0;0;0
211776;11;12;12100204;2021;5;17;2;3;1;5;0;0;1;0;0;0;0;1
211775;11;4;4500937;2021;4;13;1;3;0;1;0;1;0;0;0;0;0;0
211774;11;10;10100315;2021;5;7;2;3;5;3;0;1;1;0;0;0;0;0
211773;11;9;9200510;2021;4;14;4;3;2;6;0;0;1;0;0;0;1;0
211772;11;5;5200629;2021;5;14;7;3;5;2;0;1;0;0;0;0;1;0
211771;11;3;3701554;2021;4;10;3;3;5;5;0;0;1;0;1;0;0;0
211770;11;1;1300733;2021;4;13;7;3;2;6;0;0;1;0;0;0;0;0
211769;11;5;5100211;2021;5;12;6;2;5;2;0;0;1;0;1;0;0;0
211768;11;11;11300724;2021;4;9;3;3;0;2;0;0;1;0;0;0;1;0
211767;11;5;5200423;2021;4;16;6;2;5;2;0;0;1;0;1;0;0;0
211766;11;1;1300733;2021;4;17;3;2;6;2;0;0;1;1;0;0;0;1
211765;11;11;11401137;2021;5;14;4;3;0;1;0;1;1;0;0;0;0;0
211764;11;5;5200629;2021;4;10;4;2;5;2;0;0;0;0;0;1;1;0
211763;11;1;1200624;2021;3;15;3;3;5;2;0;1;1;0;0;0;0;0
211762;11;7;7200409;2021;4;18;6;3;2;7;0;0;1;0;1;0;0;0
211761;11;3;3300411;2021;3;11;6;2;5;3;0;1;1;0;0;0;0;0
211760;11;1;1400942;2021;5;15;4;3;5;3;0;0;1;0;0;0;0;0
211759;11;4;4501149;2021;5;15;3;2;5;7;0;1;1;0;0;0;0;0
211758;11;5;5100211;2021;4;9;6;3;5;2;0;1;1;0;0;0;0;0
211757;11;11;11300620;2021;4;7;3;3;6;7;0;0;1;1;0;0;0;0
211756;11;4;4300416;2021;5;9;7;3;5;2;0;0;1;0;1;0;0;0
211755;11;8;8100419;2021;4;19;3;3;1;5;0;1;1;0;0;0;0;0
211754;11;1;1400938;2021;3;10;3;3;0;6;0;1;1;0;0;0;0;0
211753;11;7;7400823;2021;4;16;5;3;2;6;0;0;1;0;1;0;0;1
211752;11;2;2500835;2021;5;10;6;3;5;2;0;0;1;0;0;0;0;1
211751;11;9;9100407;2021;5;22;6;3;5;2;2;0;1;0;1;0;0;0
211750;11;10;10100210;2021;3;18;4;3;5;3;0;1;1;0;0;0;0;0
211749;11;8;8100417;2021;4;23;3;3;0;1;2;0;0;0;0;0;1;0
211748;11;12;12200412;2021;3;8;7;3;5;3;0;1;1;0;0;0;0;1
211747;11;9;9501939;2021;5;18;2;3;2;6;0;0;1;0;0;0;0;0
211746;11;12;12200412;2021;5;15;5;3;5;3;0;0;1;0;0;0;0;0
211745;11;5;5100317;2021;5;6;4;2;5;3;0;0;0;0;1;0;1;0
211744;11;8;8100415;2021;4;22;6;3;5;2;2;0;1;0;0;0;1;0
211743;11;9;9200511;2021;5;16;1;3;0;1;0;1;0;0;0;0;0;0
211742;11;8;8100208;2021;4;17;4;3;5;3;0;1;1;0;0;0;0;0
211741;11;6;6200313;2021;3;11;4;3;0;6;0;0;1;0;0;0;1;0
211740;11;3;3400721;2021;4;20;6;3;6;6;0;1;0;1;0;0;0;0
211739;11;5;5400943;2021;4;18;2;3;1;5;1;0;1;0;0;0;0;0
211738;11;10;10100205;2021;5;16;2;3;5;5;0;0;1;0;1;0;0;0
211737;11;5;5200630;2021;5;13;7;3;2;6;0;0;1;0;0;0;0;0
211736;11;4;4300416;2021;5;14;3;3;5;3;0;1;1;0;0;0;0;0
211735;11;11;11401136;2021;5;7;6;3;6;4;0;1;0;1;0;0;0;0
211734;11;1;1100206;2021;4;8;3;3;2;6;0;1;1;0;0;0;0;0
211733;11;9;9200510;2021;5;15;5;3;5;3;0;1;1;0;0;0;0;0
211732;11;3;3500932;2021;4;17;1;3;2;7;0;0;1;0;0;0;0;0
211731;11;5;5100316;2021;4;11;5;3;6;4;0;0;1;1;0;0;0;0
211730;11;1;1200629;2021;4;15;3;3;0;4;0;1;0;1;0;0;0;0
211729;11;6;6200312;2021;5;20;5;2;2;1;0;0;1;0;0;0;0;1
211728;11;7;7200413;2021;4;21;3;3;1;5;2;0;0;0;1;0;0;0
211727;11;12;12100204;2021;3;13;1;2;9;1;0;0;1;0;0;0;0;0
211726;11;11;11100204;2021;4;13;6;3;2;6;0;0;1;0;0;0;0;0
211725;11;1;1300836;2021;3;15;5;3;1;5;0;1;1;0;0;0;0;0
211724;11;2;2300315;2021;5;12;2;3;5;2;0;1;0;0;0;0;1;0
211723;11;1;1100207;2021;4;20;2;3;2;7;2;0;1;0;0;0;0;0
211722;11;10;10200418;2021;5;18;2;3;5;3;0;0;1;0;0;0;1;0
211721;11;9;9200717;2021;4;17;4;3;2;6;0;0;1;0;0;0;0;0
211720;11;6;6400735;2021;5;15;1;3;5;3;0;0;1;0;1;0;0;0
211719;11;6;6100205;2021;5;18;5;3;0;1;0;1;0;0;0;0;0;0
211718;11;12;12100205;2021;4;8;3;3;6;7;0;0;1;1;0;0;0;0
211717;11;9;9200510;2021;4;17;5;2;9;1;0;0;0;0;1;0;0;0
211716;11;11;11100204;2021;4;15;3;3;5;3;0;0;1;0;1;0;0;0
211715;11;12;12100205;2021;4;17;3;2;5;3;0;1;0;0;1;0;0;0
211714;11;12;12200413;2021;5;14;6;3;5;3;0;1;1;0;0;0;0;1
211713;11;6;6200315;2021;4;0;5;2;1;7;2;0;1;0;0;0;1;0
211712;11;5;5300735;2021;3;13;2;2;5;2;0;0;0;0;0;0;1;0
211711;11;8;8200832;2021;4;19;7;3;0;7;0;0;1;0;0;0;0;0
211710;11;2;2100102;2021;3;8;6;3;5;7;0;0;1;0;1;0;0;1
211709;11;12;12100205;2021;5;22;3;3;5;2;2;0;1;0;1;0;0;1
211708;11;1;1100101;2021;5;14;3;3;6;4;0;0;1;1;0;0;0;0
211707;11;2;2200210;2021;4;18;5;3;5;2;0;1;1;0;0;0;0;0
211706;11;12;12200515;2021;4;17;2;3;5;3;0;0;1;0;1;0;0;0
211705;11;4;4200207;2021;5;13;2;3;5;3;0;1;0;0;0;0;0;0
211704;11;3;3601245;2021;4;8;4;2;5;2;0;1;1;0;0;0;0;0
211703;11;8;8100417;2021;5;12;7;2;6;4;0;1;0;1;0;0;0;0
211702;11;1;1200628;2021;4;16;1;3;0;7;0;0;0;0;1;0;0;0
211701;11;1;1300732;2021;5;13;6;3;5;2;0;1;1;0;0;0;0;0
211700;11;3;3701555;2021;4;12;2;3;5;3;0;1;0;0;0;0;1;0
211699;11;1;1100308;2021;4;9;7;3;5;3;0;1;1;0;0;0;0;0
211698;11;10;10300734;2021;5;15;5;3;9;1;0;0;1;0;0;0;0;1
211697;11;7;7601544;2021;4;10;4;3;5;7;0;0;1;0;0;0;0;0
211696;11;1;1200628;2021;3;16;3;3;5;2;0;0;1;0;1;0;0;0
211695;11;4;4500939;2021;4;10;1;3;5;3;0;0;1;0;0;0;0;0
211694;11;4;4400728;2021;3;10;6;3;5;2;0;1;1;0;0;0;0;0
211693;11;2;2200213;2021;5;16;4;3;5;3;0;1;1;0;0;0;0;0
211692;11;11;2500835;2021;5;15;3;3;6;4;0;1;1;1;0;0;0;0
211691;11;10;10200417;2021;4;18;6;3;5;2;0;0;1;0;0;0;0;0
211690;11;1;1100313;2021;5;15;6;3;5;3;0;1;0;0;1;0;0;0
211689;11;8;8401244;2021;4;12;4;3;4;5;0;1;1;0;0;0;0;0
211688;11;9;9200818;2021;3;11;3;3;2;6;0;0;1;0;0;0;0;0
211687;11;5;5100105;2021;4;12;6;3;8;1;0;0;0;0;1;0;0;0
211686;11;1;1100309;2021;4;12;3;3;4;6;0;1;1;0;0;0;0;0
211685;11;2;2100102;2021;5;18;7;3;5;7;0;0;1;0;1;0;0;1
211684;11;1;1300836;2021;5;15;6;3;1;6;0;0;1;0;1;0;0;0
211683;11;10;10100311;2021;3;15;4;3;5;2;0;1;0;0;0;1;0;0
211682;11;9;9100101;2021;4;13;2;3;5;2;0;1;0;0;0;1;0;0
211681;11;4;4400728;2021;5;15;2;3;5;3;0;1;1;0;0;0;0;0
211680;11;7;7501029;2021;5;9;5;3;0;1;0;0;0;0;1;0;0;1
211679;11;6;6100205;2021;5;18;4;3;5;3;0;0;1;0;0;0;0;0
211678;11;4;4300416;2021;4;2;7;3;2;6;2;1;1;0;0;0;0;0
211677;11;2;2300314;2021;3;8;3;3;5;2;0;1;1;0;0;0;0;0
211676;11;5;5300840;2021;5;5;2;2;5;2;1;1;1;0;0;0;0;1
211675;11;4;4300416;2021;5;7;4;2;5;3;0;1;1;0;0;0;0;0
211674;11;8;8401241;2021;4;8;4;2;0;1;0;1;0;0;0;0;0;0
211673;11;7;7100205;2021;3;9;4;3;0;2;0;0;0;0;0;0;1;0
211672;11;11;11100204;2021;5;16;7;3;6;7;0;1;0;1;0;0;0;0
211671;11;6;6200420;2021;4;13;1;3;3;6;0;1;1;0;0;0;0;0
211670;11;3;3400619;2021;5;8;2;3;5;7;0;0;1;0;0;0;0;0
211669;11;3;3601142;2021;5;12;2;3;0;7;0;0;1;0;0;0;1;0