OBJECTID;LAND;BEZ;LOR_ab_2021;UJAHR;UMONAT;USTUNDE;UWOCHENTAG;UKATEGORIE;UART;UTYP1;ULICHTVERH;IstRad;IstPKW;IstFuss;IstKrad;IstGkfz;IstSonstige;USTRZUSTAND
211668;11;1;1100311;2021;5;10;6;3;1;5;0;1;1;0;0;0;0;1
211667;11;7;7100102;2021;5;10;5;3;2;6;0;0;1;0;0;0;0;0
211666;11;3;3100102;2021;4;13;3;3;5;3;0;0;1;0;0;0;0;0
211665;11;8;8100209;2021;4;12;1;3;2;6;0;0;1;0;0;0;1;1
211664;11;3;3500933;2021;4;11;6;3;5;3;0;0;1;0;0;0;0;0
211663;11;6;6400737;2021;4;13;4;2;5;3;0;0;1;0;0;0;0;0
211662;11;2;2300315;2021;5;17;4;3;5;3;0;0;1;0;1;0;0;0
211661;11;1;1100310;2021;4;12;3;2;1;5;0;1;1;0;0;0;0;0
211660;11;7;7100206;2021;3;19;2;2;5;3;0;1;1;0;0;0;0;0
211659;11;9;9401534;2021;4;12;5;3;5;3;0;1;1;0;0;0;0;0
211658;11;6;6300629;2021;3;12;5;3;5;2;0;0;1;0;0;0;0;0
211657;11;1;1200626;2021;5;19;4;3;0;6;0;0;1;0;1;0;0;1
211656;11;3;3601141;2021;5;19;3;3;2;6;0;1;1;0;0;0;0;0
211655;11;4;4200310;2021;4;9;5;3;2;6;0;0;1;0;0;0;1;1
211654;11;12;12200412;2021;5;15;1;3;2;6;0;0;1;0;0;0;0;0
211653;11;8;8200623;2021;4;17;7;3;6;6;0;1;0;1;0;0;0;0
211652;11;10;10200524;2021;5;18;5;3;6;4;0;0;0;1;1;0;0;0
211651;11;7;7400720;2021;4;18;2;3;5;2;0;1;1;0;0;0;0;0
211650;11;8;8100208;2021;3;13;3;3;1;5;0;1;1;0;0;0;0;0
211649;11;1;1401044;2021;4;18;4;2;1;5;0;0;1;0;0;0;1;1
211648;11;7;7501032;2021;5;14;6;2;0;7;0;0;1;0;0;0;0;0
211647;11;12;12601133;2021;4;17;5;3;5;3;0;0;1;0;0;0;0;0
211646;11;8;8100310;2021;3;9;2;3;3;6;0;1;1;0;0;0;0;0
211645;11;4;4300624;2021;4;19;7;3;5;3;0;1;1;0;0;0;0;0
211644;11;9;9300923;2021;3;15;6;2;6;4;0;0;1;1;0;0;0;0
211643;11;9;9300920;2021;5;7;2;2;5;2;0;1;1;0;0;0;0;0
211642;11;3;3601449;2021;5;12;5;3;5;7;0;0;1;0;0;0;0;0
211641;11;2;2100106;2021;5;17;4;2;5;3;0;0;1;0;0;0;0;0
211640;11;9;9200510;2021;4;14;5;2;6;4;0;0;0;1;1;0;0;0
211639;11;7;7100102;2021;4;11;6;3;5;3;0;1;1;0;0;0;0;0
211638;11;7;7400721;2021;4;19;3;3;1;5;0;0;1;0;0;0;0;0
211637;11;7;7200409;2021;3;9;4;3;2;6;0;1;1;0;0;0;0;0
211636;11;7;7300517;2021;4;21;6;2;5;2;2;1;0;0;1;0;0;0
211635;11;9;9100305;2021;5;17;1;3;1;5;0;0;1;0;0;0;0;0
211634;11;6;6400737;2021;3;17;4;3;1;5;0;1;1;0;0;0;0;0
211633;11;11;11100308;2021;4;10;2;3;1;7;0;0;1;0;0;1;0;0
211632;11;3;3300516;2021;5;12;2;3;5;3;0;0;1;0;0;0;0;0
211631;11;1;1200519;2021;5;7;6;3;6;4;0;0;1;1;0;0;0;1
211630;11;9;9502043;2021;5;12;4;2;6;4;0;0;0;1;0;0;1;0
211629;11;1;1401046;2021;5;16;5;3;2;6;0;1;1;0;0;0;0;0
211628;11;7;7200413;2021;4;12;6;3;5;3;0;1;1;0;0;0;0;0
211627;11;1;1100103;2021;4;15;5;2;5;3;0;1;1;0;0;0;0;0
211626;11;10;10100102;2021;5;19;3;3;5;3;0;1;1;0;0;0;0;0
211625;11;3;3601450;2021;3;18;2;3;0;6;0;0;0;0;1;0;1;0
211624;11;7;7100206;2021;4;8;5;3;6;4;0;0;1;1;0;0;0;0
211623;11;12;12601235;2021;3;11;5;3;5;2;0;1;1;0;0;0;0;0
211622;11;7;7601238;2021;5;15;3;3;5;3;0;0;1;0;0;0;0;0
211621;11;5;5300735;2021;4;17;1;2;0;1;0;0;0;0;1;0;0;0
211620;11;4;4200311;2021;5;12;2;3;2;6;0;0;1;0;0;0;0;0
211619;11;4;4500938;2021;4;16;4;3;5;3;0;1;1;0;0;0;0;0
211618;11;9;9301126;2021;3;6;3;3;5;7;0;0;1;0;0;0;1;0
211617;11;3;3100101;2021;4;6;6;3;3;6;0;0;1;0;1;0;1;0
211616;11;8;8100104;2021;5;14;7;3;5;3;0;0;1;0;1;0;0;0
211615;11;2;2300314;2021;5;14;7;3;5;2;0;1;1;0;0;0;0;0
211614;11;9;9200819;2021;3;18;3;3;2;6;0;0;1;0;0;0;0;0
211613;11;8;8100521;2021;4;20;2;3;0;1;2;1;0;0;0;0;0;0
211612;11;7;7300515;2021;5;20;2;2;5;2;2;1;0;0;0;0;0;0
211611;11;3;3100101;2021;5;6;5;3;5;3;0;0;1;0;0;0;0;0
211610;11;4;4500936;2021;5;8;4;3;1;5;0;1;0;0;0;1;0;0
211609;11;2;2400623;2021;4;14;6;3;5;3;0;1;1;0;0;0;0;0
211608;11;5;5100316;2021;4;13;5;3;5;2;0;1;1;0;0;0;0;1
211607;11;6;6100208;2021;4;9;6;3;6;2;0;0;1;1;0;0;0;0
211606;11;3;3100101;2021;5;20;3;2;2;6;0;0;0;0;1;0;0;0
211605;11;11;11100204;2021;4;16;4;3;5;3;0;1;1;0;0;0;0;0
211604;11;3;3200205;2021;3;7;4;3;0;3;0;1;0;0;0;0;0;0
211603;11;6;6200422;2021;5;11;3;3;5;3;0;0;1;0;0;0;0;0
211602;11;2;2500833;2021;4;19;2;3;5;3;0;1;1;0;0;0;0;0
211601;11;8;8401241;2021;5;16;2;3;0;1;0;0;0;0;1;0;0;0
211600;11;1;1400938;2021;5;23;2;3;1;5;2;0;1;0;0;0;0;0
211599;11;2;2500833;2021;5;20;6;3;2;6;0;1;1;0;0;0;0;1
211598;11;4;4300624;2021;5;16;5;3;5;2;0;1;1;0;0;0;0;0
211597;11;1;1100312;2021;4;8;2;3;0;6;0;1;1;0;0;0;0;1
211596;11;1;1401049;2021;4;17;5;3;5;2;0;0;1;0;0;0;0;0
211595;11;12;12200412;2021;5;14;4;3;3;6;0;0;1;0;1;0;0;0
211594;11;12;12500929;2021;4;13;3;3;5;2;0;0;1;0;1;0;0;0
211593;11;5;5300735;2021;3;15;1;3;5;2;0;0;1;0;0;0;0;0
211592;11;3;3200308;2021;4;7;5;2;6;4;1;0;1;1;0;0;0;0
211591;11;10;10100209;2021;3;11;5;3;2;6;0;0;1;0;0;0;0;0
211590;11;12;12100206;2021;5;9;4;3;5;3;0;0;1;0;0;0;0;0
211589;11;3;3701555;2021;5;11;3;3;0;6;0;1;1;0;0;0;0;1
211588;11;5;5400943;2021;4;7;5;3;0;3;0;0;1;0;1;0;0;1
211587;11;8;8200726;2021;5;14;1;3;2;7;0;0;1;0;0;0;0;0
211586;11;2;2100102;2021;4;11;2;3;5;3;0;0;1;0;0;0;0;1
211585;11;10;10300731;2021;5;9;6;3;0;3;0;1;1;0;0;0;0;0
211584;11;8;8300934;2021;4;15;3;3;2;6;0;0;1;0;0;0;0;0
211583;11;9;9100304;2021;3;13;3;3;5;2;0;0;1;0;0;0;1;0
211582;11;5;5300736;2021;4;4;3;2;9;1;2;0;1;0;0;0;0;0
211581;11;2;2200212;2021;5;17;6;3;3;6;0;0;1;0;1;0;0;0
211580;11;11;11501341;2021;4;13;4;2;0;7;0;0;1;0;0;0;0;0
211579;11;2;2200209;2021;3;18;3;3;5;2;0;1;1;0;0;0;0;0
211578;11;6;6300629;2021;4;13;6;2;2;6;0;0;1;0;1;0;0;0
211577;11;1;1300732;2021;3;11;7;3;2;6;0;0;1;0;0;0;0;1
211576;11;1;1100310;2021;5;10;2;3;2;6;0;0;1;0;0;0;0;0
211575;11;2;2200210;2021;5;17;5;3;5;2;0;1;1;0;0;0;0;1
211574;11;12;12200412;2021;5;19;4;3;5;7;0;0;1;0;0;1;1;0
211573;11;1;1100207;2021;4;18;6;3;5;3;0;0;1;0;0;0;0;0
211572;11;6;6400844;2021;5;14;7;3;5;3;0;0;1;0;0;0;0;0
211571;11;4;4300623;2021;4;13;4;2;5;5;0;0;1;0;1;0;0;0
211570;11;7;7601544;2021;3;12;4;3;1;5;0;0;1;0;0;0;1;0
211569;11;2;2400625;2021;4;13;5;3;5;3;0;1;1;0;0;0;0;0
211568;11;3;3601142;2021;5;9;7;3;5;2;0;1;1;0;0;0;0;0
211567;11;11;11300620;2021;5;18;7;3;5;3;0;0;1;0;0;0;0;1
211566;11;4;4200310;2021;4;12;2;3;6;4;0;0;0;1;0;1;0;0
211565;11;5;5200630;2021;5;17;3;2;6;2;0;0;1;1;0;0;0;0
211564;11;1;1200522;2021;5;23;6;3;0;2;2;1;1;0;0;0;0;0
211563;11;11;11501340;2021;5;17;4;3;0;3;0;0;1;0;0;0;1;0
211562;11;1;1300835;2021;4;20;4;3;0;1;2;0;0;0;1;0;0;0
211561;11;12;12200411;2021;4;18;1;3;2;6;0;0;1;0;0;0;0;1
211560;11;1;1100206;2021;3;14;4;3;0;1;0;1;0;0;0;0;0;0
211559;11;2;2300419;2021;5;11;3;3;1;5;0;1;0;0;0;1;0;0
211558;11;5;5200526;2021;3;11;1;2;6;4;0;0;1;1;0;0;0;0
211557;11;8;8100208;2021;4;12;5;3;3;6;0;0;1;0;1;0;0;0
211556;11;3;3100101;2021;3;8;5;3;5;2;0;0;1;0;0;0;1;0
211555;11;4;4501043;2021;5;8;3;3;3;6;0;0;1;0;1;0;0;0
211554;11;12;12500824;2021;4;10;2;3;5;2;0;1;0;0;0;0;1;0
211553;11;1;1100101;2021;5;8;2;3;5;2;0;0;0;0;0;0;1;0
211552;11;4;4400726;2021;4;19;4;2;5;2;0;1;1;0;0;0;0;0
211551;11;3;3400721;2021;5;13;7;3;6;7;0;1;0;1;0;0;0;0
211550;11;3;3601347;2021;5;13;5;3;5;3;0;0;1;0;0;0;0;0
211549;11;12;12400722;2021;4;11;3;3;6;7;0;1;0;1;0;0;0;0
211548;11;4;4200311;2021;4;14;6;3;5;2;0;0;1;0;0;0;0;0
211547;11;6;6400839;2021;4;13;4;3;5;3;0;0;1;0;0;0;0;0
211546;11;4;4200308;2021;5;13;4;3;2;6;0;0;1;0;1;0;0;0
211545;11;2;2500728;2021;4;13;3;3;6;4;0;0;1;1;0;0;0;0
211544;11;1;1200625;2021;3;15;3;3;2;7;0;0;1;0;0;0;1;0
211543;11;2;2200211;2021;4;16;5;3;5;3;0;1;0;0;0;0;0;0
211542;11;12;12601235;2021;3;17;7;3;6;4;0;0;1;1;0;0;0;0
211541;11;11;11501238;2021;5;16;4;3;2;6;0;0;1;0;0;0;0;0
211540;11;3;3500934;2021;5;15;3;3;6;2;0;0;1;1;0;0;0;0
211539;11;2;2200212;2021;4;6;6;3;6;4;0;1;0;1;0;0;0;0
211538;11;6;6400843;2021;4;7;3;2;5;3;0;1;1;0;0;0;0;0
211537;11;8;8401242;2021;5;7;7;3;5;3;0;0;1;0;0;0;0;1
211536;11;1;1400942;2021;4;10;4;3;5;7;0;1;1;0;0;0;0;0
211535;11;1;1100309;2021;3;18;2;3;0;7;0;1;0;0;0;0;0;0
211534;11;12;12100205;2021;4;10;5;3;5;3;0;0;1;0;0;0;0;1
211533;11;9;9502043;2021;5;13;7;2;5;2;0;1;1;0;0;0;0;0
211532;11;7;7601546;2021;5;14;6;3;5;3;0;0;1;0;0;0;1;0
211531;11;4;4400727;2021;4;17;1;3;1;5;0;1;1;0;0;0;0;1
211530;11;1;1401047;2021;4;11;6;3;5;2;0;0;1;0;0;0;0;0
211529;11;7;7400721;2021;5;9;5;3;0;6;0;0;1;0;1;0;0;1
211528;11;11;11200515;2021;4;17;3;3;5;3;0;0;1;0;1;0;0;0
211527;11;3;3100101;2021;3;11;3;3;0;5;0;0;1;0;0;0;0;0
211526;11;7;7501029;2021;4;9;6;3;5;3;0;0;1;0;0;0;1;0
211525;11;5;5100207;2021;3;17;6;3;6;7;0;0;0;1;0;0;1;0
211524;11;1;1100312;2021;5;18;4;3;5;3;0;1;1;0;0;0;0;1
211523;11;9;9301126;2021;5;17;3;3;5;3;0;1;1;0;0;0;0;0
211522;11;4;4500937;2021;4;11;6;3;0;4;0;0;0;1;0;0;1;0
211521;11;10;10100209;2021;4;14;3;2;6;4;0;0;1;1;0;0;0;0
211520;11;12;12200412;2021;5;17;6;3;2;6;0;0;1;0;1;0;0;0
211519;11;6;6100209;2021;4;13;3;3;5;7;0;0;1;0;1;0;0;0
211518;11;5;5200528;2021;3;16;2;3;2;2;0;0;1;0;0;0;0;0
211517;11;7;7100101;2021;4;12;5;3;5;2;0;1;1;0;0;0;0;0
211516;11;11;11400929;2021;5;18;6;3;1;5;0;1;1;0;0;0;0;0
211515;11;4;4300415;2021;3;17;4;3;5;2;0;1;0;0;0;0;1;0
211514;11;1;1300836;2021;4;18;6;3;0;5;0;0;1;0;0;0;1;0
211513;11;2;2500831;2021;3;16;7;3;6;4;0;0;1;1;0;0;0;0
211512;11;7;7400822;2021;5;19;2;3;5;3;0;1;1;0;0;0;0;0
211511;11;1;1100308;2021;5;19;5;3;5;7;0;0;1;0;0;0;0;0
211510;11;7;7601544;2021;5;21;4;3;1;5;1;1;1;0;0;0;0;0
211509;11;5;5200630;2021;4;15;6;3;2;6;0;0;1;0;0;0;0;0
211508;11;11;11400929;2021;5;22;7;3;5;7;2;1;1;0;0;0;0;0
211507;11;11;11501339;2021;4;13;4;3;5;2;0;1;1;0;0;0;0;0
211506;11;3;3601141;2021;3;23;4;3;5;3;2;1;1;0;0;0;0;0
211505;11;6;6100205;2021;4;12;7;3;1;5;0;0;1;0;0;0;1;0
211504;11;7;7400823;2021;5;17;1;3;5;2;0;1;1;0;0;0;0;0
211503;11;3;3701556;2021;5;22;7;3;5;3;2;0;1;0;0;0;1;0
211502;11;8;8401244;2021;4;8;3;3;2;2;0;0;1;0;0;0;0;0
211501;11;9;9200510;2021;5;6;3;3;0;1;1;0;0;0;1;0;0;0
211500;11;1;1200518;2021;5;10;6;3;5;7;0;0;1;0;1;0;0;1
211499;11;1;1100310;2021;4;8;4;3;5;2;0;1;0;0;0;1;0;0
211498;11;5;5400943;2021;5;10;5;3;3;6;0;1;0;0;0;0;0;0
211497;11;6;6300631;2021;4;8;2;3;6;4;0;0;1;1;0;0;0;0
211496;11;2;2500835;2021;4;12;5;3;2;6;0;1;1;0;0;0;0;0
211495;11;8;8100102;2021;5;19;4;3;1;5;0;1;1;0;0;0;0;1
211494;11;1;1100311;2021;4;18;3;3;3;6;0;0;1;0;0;0;0;0
211493;11;2;2100103;2021;3;14;2;3;3;6;0;1;1;0;0;0;0;0
211492;11;8;8100313;2021;4;15;5;3;1;7;0;0;1;0;0;0;0;0
211491;11;5;5200629;2021;3;12;5;2;6;4;0;1;0;1;0;0;0;0
211490;11;1;1401045;2021;5;15;2;3;0;4;0;0;0;1;1;0;0;0
211489;11;8;8300934;2021;4;10;2;3;5;3;0;0;1;0;0;0;0;1
211488;11;7;7200414;2021;5;19;2;3;1;5;0;1;0;0;0;0;1;1
211487;11;1;1100415;2021;4;20;4;3;4;6;1;1;0;0;0;0;1;0
211486;11;2;2400521;2021;5;16;7;3;5;3;0;0;1;0;0;0;0;0
211485;11;4;4200308;2021;4;19;1;3;5;2;0;0;1;0;0;0;0;0
211484;11;4;4500937;2021;5;11;6;3;0;1;0;1;0;0;0;0;0;0
211483;11;7;7100103;2021;4;15;2;3;1;5;0;0;1;0;1;0;0;0
211482;11;6;6400844;2021;4;14;6;3;2;6;0;0;1;0;0;0;0;0
211481;11;1;1200517;2021;4;7;3;2;5;3;0;0;1;0;1;0;0;1
211480;11;7;7601340;2021;5;11;4;3;2;6;1;0;1;0;0;0;0;0
211479;11;6;6200313;2021;4;9;4;3;2;6;0;0;1;0;0;0;0;0
211478;11;10;10300731;2021;3;14;3;3;2;6;0;0;1;0;0;0;1;0
211477;11;1;1200520;2021;4;19;1;3;3;6;1;1;1;0;0;0;0;0
211476;11;9;9200613;2021;3;9;6;3;5;2;0;1;1;0;0;0;0;1
211475;11;10;10200629;2021;5;15;4;3;3;6;0;0;0;0;1;0;1;0
211474;11;4;4200311;2021;5;14;3;3;5;7;0;0;1;0;0;0;0;0
211473;11;11;11300721;2021;4;19;5;3;0;1;0;0;0;0;1;0;0;1
211472;11;12;12200309;2021;5;18;6;3;5;2;0;0;1;0;0;0;1;0
211471;11;1;1100205;2021;4;19;3;3;0;2;0;0;1;0;0;0;1;0
211470;11;6;6200421;2021;3;12;3;3;5;7;0;0;1;0;1;0;0;0
211469;11;9;9200819;2021;4;14;6;3;5;3;0;1;1;0;0;0;0;0
211468;11;1;1300733;2021;5;17;6;3;5;3;0;0;1;0;0;0;0;0
211467;11;12;12400618;2021;5;7;6;2;5;3;0;1;1;0;0;0;0;0
211466;11;9;9200512;2021;3;8;4;3;1;5;0;1;1;0;0;0;0;0
211465;11;1;1401044;2021;4;16;2;3;0;7;0;1;0;0;0;0;0;0
211464;11;2;2400521;2021;5;15;2;3;1;5;0;1;1;0;0;0;0;0
211463;11;11;11300826;2021;5;14;5;3;5;3;0;1;0;0;0;0;1;0
211462;11;2;2500834;2021;5;8;4;3;2;6;0;1;1;0;0;0;0;0
211461;11;1;1300733;2021;4;8;6;3;0;7;0;0;1;0;0;0;0;0
211460;11;11;11300725;2021;4;5;6;3;6;7;2;0;1;1;0;0;0;0
211459;11;4;4400832;2021;4;8;4;3;2;7;0;0;1;0;1;0;0;0
211458;11;2;2400623;2021;3;17;4;3;5;2;0;1;1;0;0;0;0;0
211457;11;3;3701660;2021;5;14;7;2;5;3;0;1;0;0;0;0;0;0
211456;11;1;1100308;2021;4;5;1;2;6;2;2;0;0;1;0;0;1;1
211455;11;2;2100105;2021;5;6;1;3;9;1;0;0;1;0;0;0;0;0
211454;11;11;11200514;2021;5;18;7;2;6;4;0;0;1;1;0;0;0;1
211453;11;10;10200526;2021;5;7;3;2;2;6;0;0;1;0;0;0;0;0
211452;11;12;12500930;2021;5;15;7;3;0;7;0;1;0;1;0;0;0;0
211451;11;4;4300619;2021;4;18;6;2;3;2;0;1;0;0;0;0;0;0
211450;11;6;6300634;2021;4;7;3;3;5;3;0;1;1;0;0;0;0;0
211449;11;8;8401243;2021;5;20;5;2;0;1;2;1;0;0;0;0;0;1
211448;11;7;7400823;2021;5;6;6;3;5;2;0;0;1;0;1;0;0;0
211447;11;9;9100101;2021;3;17;3;3;0;6;0;1;1;0;0;0;0;0
211446;11;8;8100520;2021;4;21;7;3;6;4;2;0;1;1;0;0;0;0
211445;11;1;1100101;2021;3;11;1;3;9;1;0;0;0;0;1;0;0;0
211444;11;2;2500726;2021;5;11;2;3;6;2;0;0;1;1;0;0;0;0
211443;11;3;3300516;2021;5;15;6;3;5;2;0;1;0;0;0;0;1;1
211442;11;1;1100416;2021;5;21;4;3;1;5;2;1;1;0;0;0;0;0
211441;11;12;12400721;2021;4;16;5;3;6;7;0;0;0;1;0;0;1;0
211440;11;6;6400843;2021;5;15;1;3;5;2;0;1;1;0;0;0;0;1
211439;11;8;8200832;2021;4;11;3;3;5;3;0;0;1;0;0;0;0;0
211438;11;4;4300623;2021;4;11;5;2;5;2;0;0;1;0;1;0;0;0
211437;11;8;8100415;2021;3;15;4;3;0;3;0;1;1;0;0;0;0;0
211436;11;1;1300733;2021;4;19;1;3;5;2;1;1;1;0;0;0;0;0
211435;11;10;10400835;2021;5;15;2;2;0;1;0;1;0;0;0;0;0;0
211434;11;12;12100205;2021;5;13;7;2;0;1;0;0;0;0;0;0;1;0
211433;11;5;5200420;2021;4;18;2;3;6;2;0;0;1;1;0;0;0;0
211432;11;12;12200310;2021;5;12;2;3;5;2;0;0;1;0;1;0;0;0
211431;11;2;2100106;2021;5;14;7;3;5;3;0;1;1;0;0;0;0;0
211430;11;2;2100104;2021;4;13;4;3;5;3;0;1;1;0;0;0;0;0
211429;11;3;3400830;2021;5;10;5;3;6;3;0;0;1;1;0;0;0;0
211428;11;2;2300418;2021;4;10;2;3;0;7;0;1;0;0;0;0;0;0
211427;11;9;9401635;2021;3;14;4;3;1;5;0;1;1;0;0;0;0;0
211426;11;7;7400927;2021;4;15;4;3;0;7;0;1;1;0;0;0;0;0
211425;11;7;7601546;2021;5;11;4;3;6;6;0;1;0;1;0;0;0;0
211424;11;8;8300934;2021;4;15;3;3;6;4;0;0;1;1;0;0;0;0
211423;11;5;5200631;2021;3;17;2;3;6;2;0;0;1;1;0;0;0;0
211422;11;5;5100210;2021;4;8;6;2;5;2;0;1;1;0;0;0;0;0
211421;11;2;2300316;2021;3;17;6;3;2;6;1;0;1;0;0;0;0;0
211420;11;12;12200309;2021;5;8;2;3;5;3;0;0;1;0;0;1;0;0
211419;11;5;5200423;2021;5;17;2;3;0;6;0;0;1;0;0;0;1;0
211418;11;2;2100103;2021;4;15;4;3;5;2;0;1;1;0;0;0;0;0
211417;11;4;4501042;2021;5;0;7;3;0;7;2;0;1;0;0;0;1;0
211416;11;11;11401136;2021;4;3;2;3;5;3;2;0;1;0;0;0;0;0
211415;11;9;9200715;2021;5;13;6;2;5;2;0;0;1;0;0;0;0;0
211414;11;5;5200629;2021;4;12;3;2;0;6;0;0;1;0;0;0;1;0
211413;11;1;1300836;2021;4;12;7;3;1;5;0;1;1;0;0;0;0;0
211412;11;1;1100310;2021;4;16;3;3;2;2;0;0;1;0;1;0;0;0
211411;11;8;8100417;2021;5;18;5;3;0;2;0;1;1;0;0;0;0;1
211410;11;12;12500926;2021;4;9;5;3;2;6;0;0;1;0;0;0;0;0
211409;11;11;11300620;2021;3;8;2;3;5;2;0;1;1;0;0;0;0;0
211408;11;5;5100315;2021;4;14;1;2;5;2;0;0;1;0;0;0;0;0
211407;11;9;9100306;2021;3;22;6;3;3;6;2;0;1;0;0;0;0;0
211406;11;8;8200730;2021;5;16;3;3;2;6;0;0;1;0;0;0;0;0
211405;11;3;3400619;2021;5;13;3;3;0;2;0;1;1;0;0;0;0;0
211404;11;7;7601442;2021;4;14;5;3;5;2;0;1;1;0;0;0;0;0
211403;11;9;9401329;2021;5;8;6;3;5;3;0;0;1;0;0;0;0;0
211402;11;1;1100308;2021;4;14;4;3;5;2;0;1;1;0;0;0;0;0
211401;11;1;1100415;2021;3;11;3;3;2;6;0;0;1;0;0;0;0;0
211400;11;2;2300316;2021;4;12;6;3;1;5;0;1;1;0;0;0;0;0
211399;11;4;4300415;2021;5;15;2;3;5;7;0;1;0;0;0;0;1;0
211398;11;2;2100105;2021;3;16;3;2;1;5;0;1;0;0;0;0;1;0
211397;11;2;2500727;2021;4;11;2;3;0;1;0;1;0;0;0;0;0;0
211396;11;4;4501045;2021;5;8;2;2;1;7;0;0;1;0;0;0;0;0
211395;11;10;10100316;2021;5;6;5;2;5;2;0;1;1;0;0;0;0;0
211394;11;1;1200517;2021;5;21;4;3;5;3;2;0;1;0;0;0;1;0
211393;11;7;7400927;2021;4;18;4;3;1;5;0;1;1;0;0;0;0;0
211392;11;12;12601236;2021;4;17;6;3;3;6;0;0;1;0;1;0;0;0
211391;11;5;5100316;2021;4;15;5;3;1;7;0;1;1;0;0;0;0;0
211390;11;10;10300732;2021;5;14;2;3;5;3;0;1;1;0;0;0;0;0
211389;11;7;7400824;2021;5;19;4;3;0;7;0;0;0;0;1;0;0;1
211388;11;9;9501941;2021;4;6;4;2;6;4;0;0;0;1;0;0;1;0
211387;11;4;4501153;2021;3;1;4;2;6;4;2;0;0;1;0;0;1;0
211386;11;12;12500930;2021;5;11;2;3;2;6;0;0;1;0;0;0;0;0
211385;11;3;3400830;2021;4;19;2;3;5;2;0;0;1;0;0;0;0;0
211384;11;5;5100316;2021;5;9;2;3;5;2;0;0;1;0;0;0;1;0
211383;11;2;2200210;2021;5;19;2;3;2;6;0;0;1;0;0;0;0;0
211382;11;10;10200420;2021;5;11;6;3;2;1;0;0;1;0;0;0;0;1
211381;11;12;12500930;2021;4;9;3;3;2;7;0;0;1;0;0;0;0;0
211380;11;1;1200628;2021;5;14;5;3;1;5;0;1;1;0;0;0;0;0
211379;11;1;1100415;2021;4;7;2;3;3;6;0;1;0;0;0;0;1;0
211378;11;5;5200524;2021;4;13;6;2;5;2;0;1;1;0;0;0;0;0
211377;11;6;6300526;2021;5;20;5;3;2;2;0;0;1;0;0;0;0;1
211376;11;5;5300841;2021;4;12;4;3;1;5;0;1;1;0;0;0;0;0
211375;11;12;12200309;2021;3;15;2;3;2;2;0;0;1;0;1;0;0;0
211374;11;10;10200524;2021;4;17;5;3;5;2;0;0;1;0;0;0;0;0
211373;11;2;2200213;2021;3;9;5;3;5;2;0;1;1;0;0;0;0;0
211372;11;12;12601236;2021;5;13;4;3;6;4;0;0;1;1;0;0;0;0
211371;11;5;5300736;2021;5;14;2;3;5;2;0;0;1;0;0;0;1;0
211370;11;10;10100313;2021;4;16;4;3;2;6;0;0;1;0;0;0;0;0
211369;11;7;7300517;2021;5;10;7;3;1;5;0;1;1;0;0;0;0;0
211368;11;6;6400735;2021;4;19;1;3;2;6;1;1;0;0;1;0;0;0
211367;11;6;6100205;2021;5;19;5;3;1;5;0;0;1;0;0;0;0;0
211366;11;3;3300411;2021;4;12;2;3;2;7;0;0;1;0;0;0;0;0
211365;11;10;10100311;2021;3;22;3;2;3;7;2;0;1;0;0;0;1;0
211364;11;7;7100102;2021;4;15;4;3;5;2;0;1;1;0;0;0;0;0
211363;11;7;7300618;2021;5;12;6;3;5;3;0;1;1;0;0;0;0;1
211362;11;3;3300517;2021;5;13;5;3;0;5;0;0;1;0;1;0;0;0
211361;11;11;11300620;2021;4;1;1;3;3;6;2;1;1;0;0;0;0;1
211360;11;2;2500833;2021;3;14;4;3;5;3;0;0;0;0;1;0;1;0
211359;11;6;6200420;2021;4;15;4;3;5;3;0;0;1;0;1;0;0;0
211358;11;4;4300416;2021;5;17;4;3;0;1;0;0;0;0;1;0;0;0
211357;11;1;1100206;2021;4;19;3;3;1;5;0;0;1;0;0;0;0;0
211356;11;7;7501031;2021;3;17;1;3;5;3;0;0;1;0;0;0;0;0
211355;11;12;12601236;2021;4;22;5;3;1;5;2;0;1;0;0;1;0;0
211354;11;1;1401045;2021;3;16;5;3;2;6;0;0;1;0;0;0;0;0
211353;11;8;8401246;2021;5;18;2;3;6;4;0;0;1;1;0;0;0;1
211352;11;4;4300619;2021;5;11;2;3;3;6;0;0;1;0;1;0;0;0
211351;11;7;7400928;2021;4;17;4;3;5;3;0;1;0;0;0;0;0;0
211350;11;1;1300836;2021;5;20;1;3;5;2;0;1;1;0;0;0;0;0
211349;11;4;4100102;2021;5;11;5;3;3;2;0;0;1;0;0;0;0;0
211348;11;5;5100317;2021;4;11;3;3;2;6;0;0;1;0;0;0;0;0
211347;11;4;4500937;2021;4;7;5;3;5;2;0;1;1;0;0;0;0;0
211346;11;9;9200511;2021;4;16;4;3;5;7;0;1;1;0;0;0;0;0
211345;11;9;9401431;2021;5;13;6;2;1;5;0;1;1;0;0;0;0;0
211344;11;4;4400726;2021;4;12;5;3;5;3;0;1;1;0;0;0;0;0
211343;11;11;11300722;2021;3;12;3;3;0;7;0;0;1;0;0;0;0;0
211342;11;3;3601244;2021;4;15;6;3;5;2;0;1;1;0;0;0;0;0
211341;11;7;7100206;2021;3;13;6;3;1;5;0;1;0;0;0;0;1;0
211340;11;2;2100102;2021;5;19;3;3;5;2;0;0;1;0;0;0;0;1
211339;11;3;3701660;2021;5;7;3;3;2;7;0;1;1;0;0;0;0;1