OBJECTID;LAND;BEZ;LOR_ab_2021;UJAHR;UMONAT;USTUNDE;UWOCHENTAG;UKATEGORIE;UART;UTYP1;ULICHTVERH;IstRad;IstPKW;IstFuss;IstKrad;IstGkfz;IstSonstige;USTRZUSTAND
211338;11;1;1200517;2021;4;8;5;3;3;6;0;0;1;0;0;0;0;0
211337;11;8;8100417;2021;4;20;6;3;0;6;1;0;1;0;0;0;1;0
211336;11;3;3601141;2021;4;16;3;3;2;6;0;0;1;0;0;0;0;0
211335;11;8;8300935;2021;3;14;3;3;1;5;0;1;1;0;0;0;0;0
211334;11;5;5100316;2021;4;12;6;3;0;2;0;0;1;0;0;0;1;0
211333;11;5;5200629;2021;5;21;7;3;5;2;1;1;1;0;0;0;0;0
211332;11;7;7100102;2021;3;18;3;2;5;3;0;1;0;0;1;0;0;0
211331;11;6;6400839;2021;4;15;2;3;2;6;0;0;1;0;0;0;0;0
211330;11;2;2400521;2021;5;23;1;3;1;5;2;1;1;0;0;0;0;0
211329;11;1;1200522;2021;5;10;5;3;5;2;0;1;1;0;0;0;0;0
211328;11;2;2400625;2021;5;19;4;2;6;4;0;0;1;1;0;0;0;1
211327;11;2;2200208;2021;5;14;5;3;5;2;0;1;1;0;0;0;0;0
211326;11;8;8100313;2021;4;18;4;3;5;2;0;1;1;0;0;0;0;0
211325;11;4;4300623;2021;4;11;6;3;1;5;0;1;0;0;0;0;1;0
211324;11;11;11300722;2021;4;15;5;2;5;3;0;1;1;0;0;0;0;0
211323;11;8;8100418;2021;5;22;3;3;2;2;2;1;1;0;0;0;0;0
211322;11;11;11400929;2021;3;14;2;3;5;3;0;0;1;0;0;0;0;0
211321;11;1;1401048;2021;4;13;5;3;5;2;0;0;1;0;0;0;1;0
211320;11;12;12100101;2021;3;16;5;3;5;2;0;1;0;0;0;0;1;0
211319;11;4;4501150;2021;5;17;2;3;0;3;0;1;1;0;0;0;0;0
211318;11;1;1100308;2021;4;13;2;2;5;2;0;1;1;0;0;0;0;0
211317;11;1;1401047;2021;5;17;2;3;1;5;0;1;1;0;0;0;0;0
211316;11;2;2400521;2021;4;13;5;3;3;6;0;0;1;0;0;1;0;0
211315;11;11;11400931;2021;5;10;1;3;2;6;0;0;1;0;1;0;0;0
211314;11;9;9501939;2021;5;12;6;3;6;7;0;0;1;1;0;0;0;0
211313;11;3;3300517;2021;4;15;2;3;4;6;0;1;1;0;0;0;0;0
211312;11;2;2200209;2021;4;12;5;3;0;3;0;1;1;0;0;0;0;0
211311;11;2;2500835;2021;5;19;4;3;5;2;0;1;1;0;0;0;0;1
211310;11;4;4200206;2021;4;19;3;3;5;3;0;0;1;0;1;0;0;0
211309;11;4;4200308;2021;3;12;3;2;5;3;0;1;1;0;0;0;0;0
211308;11;2;2200207;2021;4;21;5;2;8;1;2;0;1;0;0;0;0;0
211307;11;3;3300516;2021;3;12;6;3;5;2;0;1;1;0;0;0;0;1
211306;11;1;1400942;2021;5;12;4;3;5;2;0;1;1;0;0;0;0;0
211305;11;4;4100101;2021;5;16;4;3;5;2;0;1;0;0;0;0;1;0
211304;11;2;2100106;2021;4;18;5;3;5;3;0;0;1;0;0;0;1;0
211303;11;1;1300836;2021;4;14;3;3;6;4;0;0;1;1;0;0;0;1
211302;11;1;1100205;2021;5;22;6;3;0;1;2;1;0;0;0;0;0;0
211301;11;9;9300922;2021;4;13;2;3;5;3;0;0;1;0;0;0;0;0
211300;11;9;9200510;2021;3;9;3;3;2;6;0;0;1;0;0;0;0;0
211299;11;6;6400841;2021;4;12;3;3;5;3;0;0;1;0;0;0;0;0
211298;11;11;11200411;2021;5;18;6;2;6;4;0;0;0;1;0;0;1;0
211297;11;9;9501838;2021;4;9;4;2;0;7;0;1;0;0;0;0;0;0
211296;11;6;6400838;2021;3;5;4;2;0;7;2;1;0;0;0;0;0;0
211295;11;3;3601245;2021;4;17;6;3;5;3;0;0;1;0;0;0;1;0
211294;11;12;12601133;2021;3;14;7;3;6;4;0;0;1;1;0;0;0;1
211293;11;2;2200213;2021;5;14;2;2;3;6;0;0;1;0;1;0;0;0
211292;11;6;6300524;2021;5;18;5;3;5;3;0;1;0;0;0;0;0;0
211291;11;5;5100208;2021;5;11;4;3;5;3;0;1;0;0;0;0;1;0
211290;11;1;1200624;2021;4;11;7;3;3;6;0;0;1;0;1;0;0;0
211289;11;4;4501043;2021;5;15;1;3;5;3;0;1;1;0;0;0;0;1
211288;11;12;12500930;2021;4;6;3;3;5;7;0;1;1;0;0;0;0;0
211287;11;7;7601545;2021;3;13;4;3;6;4;0;0;1;1;0;0;0;0
211286;11;7;7501134;2021;4;18;7;3;5;3;0;0;1;0;0;0;1;0
211285;11;12;12100205;2021;5;17;7;2;1;5;0;0;1;0;0;0;0;1
211284;11;2;2300314;2021;5;23;7;3;1;5;2;1;1;0;0;0;0;0
211283;11;4;4300623;2021;4;17;2;3;5;3;0;1;1;0;0;0;0;0
211282;11;2;2500727;2021;5;15;3;3;2;6;0;0;1;0;1;0;0;0
211281;11;7;7100103;2021;5;15;7;2;1;5;0;1;1;0;0;0;0;0
211280;11;1;1100416;2021;5;8;5;3;1;5;0;1;1;0;0;0;0;1
211279;11;3;3200308;2021;4;7;2;3;6;4;0;0;1;1;0;0;0;1
211278;11;3;3400724;2021;3;14;4;2;0;1;0;1;0;0;0;0;0;0
211277;11;6;6100205;2021;4;13;4;3;2;6;0;0;1;0;0;0;1;0
211276;11;9;9501737;2021;3;10;2;3;0;3;0;1;1;0;0;0;0;0
211275;11;12;12200308;2021;4;15;7;3;1;7;0;0;1;0;1;0;0;0
211274;11;11;11400929;2021;3;14;6;3;0;4;0;1;0;1;0;0;0;0
211273;11;4;4501148;2021;5;9;2;2;5;2;0;0;1;0;1;0;0;0
211272;11;11;11300616;2021;5;15;5;2;6;4;0;0;1;1;1;0;0;0
211271;11;1;1100415;2021;5;9;4;3;5;2;0;1;1;0;0;0;0;0
211270;11;7;7100101;2021;4;9;5;2;5;3;0;1;1;0;0;0;0;0
211269;11;6;6400737;2021;4;17;5;3;5;7;0;0;1;0;0;0;0;0
211268;11;9;9301126;2021;4;0;3;3;3;6;2;0;1;0;0;1;0;0
211267;11;4;4200203;2021;3;15;4;2;0;3;0;0;1;0;1;0;0;0
211266;11;1;1401047;2021;4;19;6;3;1;5;0;1;1;0;0;0;0;0
211265;11;3;3601142;2021;5;15;7;3;2;6;0;1;1;0;0;0;0;0
211264;11;2;2100102;2021;3;17;3;3;3;6;0;0;0;0;0;0;1;0
211263;11;7;7300515;2021;4;13;2;3;1;5;0;1;0;0;0;0;1;0
211262;11;1;1401047;2021;5;6;3;3;1;5;0;0;1;0;1;0;0;0
211261;11;10;10100316;2021;5;19;6;3;5;3;0;0;1;0;0;0;0;1
211260;11;4;4200203;2021;5;19;4;3;8;1;0;0;1;0;0;0;0;1
211259;11;1;1400938;2021;5;12;5;3;5;7;0;1;1;0;0;0;0;0
211258;11;8;8200624;2021;4;21;6;3;3;6;2;0;1;0;0;0;0;0
211257;11;5;5200631;2021;3;10;4;3;5;3;0;0;1;0;0;0;0;0
211256;11;8;8100521;2021;4;21;3;3;2;6;2;0;1;0;0;0;0;0
211255;11;6;6200422;2021;4;15;3;3;2;6;0;1;1;0;0;0;0;0
211254;11;5;5200630;2021;5;9;3;3;6;7;0;1;0;1;0;0;0;0
211253;11;12;12400618;2021;3;18;2;3;3;6;0;1;0;0;0;0;0;0
211252;11;4;4501042;2021;4;17;4;2;5;2;0;0;1;0;0;0;0;0
211251;11;3;3300412;2021;3;17;5;3;5;3;0;0;1;0;0;0;0;0
211250;11;1;1100207;2021;5;8;3;3;5;3;0;1;1;0;0;0;0;0
211249;11;12;12500930;2021;4;16;7;3;2;2;0;0;1;0;0;0;0;0
211248;11;8;8401245;2021;5;16;2;3;5;3;0;0;1;0;0;0;0;0
211247;11;3;3200205;2021;4;10;4;3;5;3;0;0;1;0;0;0;0;0
211246;11;8;8100102;2021;5;9;7;3;2;6;0;0;1;0;0;0;1;0
211245;11;1;1100309;2021;5;18;6;3;5;2;0;1;0;0;0;0;0;1
211244;11;7;7100206;2021;4;15;3;3;3;6;0;0;1;0;0;0;0;0
211243;11;2;2200207;2021;4;12;6;2;5;2;0;1;0;0;0;0;1;0
211242;11;12;12500928;2021;5;15;4;3;5;3;0;0;1;0;0;0;0;0
211241;11;5;5100316;2021;4;11;3;3;2;6;0;0;1;0;0;0;0;0
211240;11;11;11300724;2021;3;13;3;3;5;3;0;1;1;0;0;0;0;0
211239;11;9;9200819;2021;4;12;6;3;1;5;0;1;1;0;0;0;0;0
211238;11;10;10400836;2021;3;14;6;3;5;3;0;0;1;0;0;0;0;0
211237;11;1;1100205;2021;5;7;3;3;0;2;0;1;1;0;0;0;0;0
211236;11;11;11100203;2021;5;15;3;3;6;2;0;0;1;1;0;0;0;0
211235;11;4;4300414;2021;4;15;6;3;0;2;0;1;0;0;0;0;1;0
211234;11;4;4300623;2021;4;14;3;3;2;6;0;0;1;0;0;0;0;0
211233;11;3;3500936;2021;5;10;6;2;6;2;0;0;1;1;0;0;0;0
211232;11;1;1100313;2021;4;8;3;3;5;3;0;1;0;0;0;0;1;0
211231;11;8;8200622;2021;3;9;3;3;5;2;0;0;1;0;0;0;0;0
211230;11;4;4100102;2021;4;16;4;3;3;6;0;0;1;0;0;0;0;1
211229;11;4;4501041;2021;5;22;6;3;2;2;2;0;1;0;0;0;0;0
211228;11;2;2200207;2021;3;18;4;3;5;2;0;1;1;0;0;0;0;0
211227;11;8;8100314;2021;4;18;7;3;5;2;0;1;1;0;0;0;0;0
211226;11;9;9200510;2021;3;11;7;2;5;3;0;1;0;0;0;0;1;0
211225;11;9;9100202;2021;5;16;2;3;5;7;0;0;1;0;0;0;0;0
211224;11;4;4300517;2021;5;15;6;3;2;6;0;0;1;0;0;0;0;1
211223;11;5;5200422;2021;5;14;4;3;5;2;0;0;1;0;1;0;0;0
211222;11;1;1200623;2021;4;12;6;3;5;7;0;0;1;0;0;0;0;0
211221;11;9;9501737;2021;5;9;1;3;0;7;0;0;1;0;0;0;0;1
211220;11;6;6300634;2021;4;19;4;2;0;1;1;0;0;0;1;0;0;0
211219;11;1;1200626;2021;3;16;4;2;5;3;0;1;1;0;0;0;0;0
211218;11;11;10100205;2021;4;5;2;3;5;3;2;1;0;0;0;0;1;1
211217;11;2;2100102;2021;5;13;1;3;5;2;0;1;1;0;0;0;0;1
211216;11;2;2300314;2021;5;10;7;3;0;3;0;1;0;0;1;0;0;0
211215;11;10;10100205;2021;4;6;2;3;5;3;0;0;1;0;0;0;0;0
211214;11;6;6100207;2021;5;9;3;3;2;7;0;0;1;0;0;0;0;0
211213;11;4;4300623;2021;5;17;7;3;5;2;0;1;1;0;0;0;0;0
211212;11;8;8100207;2021;5;17;5;3;6;4;0;0;1;1;0;0;0;0
211211;11;2;2500726;2021;4;16;1;3;6;4;0;0;0;1;0;0;1;1
211210;11;12;12601235;2021;4;13;5;3;2;2;0;0;1;0;0;0;0;0
211209;11;12;12500825;2021;5;22;4;3;0;1;2;0;0;0;1;0;0;1
211208;11;1;1100311;2021;4;16;3;2;3;6;0;1;0;0;0;0;0;0
211207;11;3;3200308;2021;3;15;2;3;2;6;0;1;1;0;0;0;0;0
211206;11;1;1100102;2021;4;16;5;2;5;3;0;1;1;0;0;0;0;0
211205;11;7;7601339;2021;3;5;5;2;5;2;1;0;1;0;1;0;0;0
211204;11;1;1100416;2021;5;8;2;3;1;5;0;1;1;0;0;0;0;0
211203;11;1;1300834;2021;4;15;1;3;5;3;0;0;1;0;0;0;1;0
211202;11;4;4400728;2021;5;10;2;3;5;2;0;0;1;0;0;1;0;0
211201;11;9;9200819;2021;4;11;4;3;5;2;0;1;1;0;0;0;0;0
211200;11;4;4300623;2021;5;15;1;3;1;5;0;0;1;0;0;0;1;0
211199;11;6;6400737;2021;4;18;7;3;5;3;0;0;1;0;0;0;0;0
211198;11;6;6400841;2021;5;12;6;3;2;2;0;0;1;0;0;0;0;0
211197;11;4;4501148;2021;4;11;2;3;5;2;0;1;1;0;0;0;0;0
211196;11;1;1401045;2021;4;9;7;3;2;6;0;0;1;0;0;0;0;0
211195;11;7;7501029;2021;4;16;4;3;0;6;0;0;0;0;1;0;0;1
211194;11;1;1100205;2021;5;15;4;2;2;6;0;0;0;0;1;0;1;0
211193;11;4;4501043;2021;4;12;4;2;0;5;0;1;1;0;0;0;0;0
211192;11;5;5300736;2021;3;14;3;3;5;3;0;1;1;0;0;0;0;0
211191;11;1;1100103;2021;4;15;6;3;2;6;0;0;1;0;1;0;0;0
211190;11;6;6400844;2021;3;10;6;3;5;3;0;0;1;0;0;0;0;0
211189;11;1;1401047;2021;5;0;3;3;5;3;2;1;1;0;0;0;0;1
211188;11;4;4501042;2021;5;19;3;3;2;6;1;1;1;0;0;0;0;0
211187;11;8;8200623;2021;3;20;2;3;5;2;2;0;1;0;0;0;0;0
211186;11;9;9200715;2021;4;11;5;3;5;2;0;1;1;0;0;0;0;0
211185;11;10;10400940;2021;3;15;5;3;5;3;0;0;1;0;0;0;1;0
211184;11;1;1100102;2021;5;12;2;3;5;2;0;0;1;0;0;0;0;0
211183;11;8;8100415;2021;4;14;7;2;6;4;0;0;1;1;0;0;0;0
211182;11;6;6300528;2021;5;12;2;3;2;6;0;0;1;0;0;0;0;0
211181;11;5;5100101;2021;4;13;5;2;6;4;0;0;0;1;0;0;1;0
211180;11;5;5100317;2021;5;13;1;3;2;6;0;1;1;0;0;0;0;0
211179;11;5;5100314;2021;5;23;5;3;1;7;2;0;1;0;0;0;0;0
211178;11;9;9401432;2021;4;14;3;3;5;2;0;0;1;0;0;0;0;0
211177;11;1;1100309;2021;4;15;6;3;0;1;0;1;0;0;0;0;0;0
211176;11;11;11200411;2021;4;16;4;3;6;4;0;0;1;1;0;0;0;0
211175;11;1;1200517;2021;4;7;3;3;0;7;0;0;1;0;0;0;0;0
211174;11;8;8200624;2021;5;13;4;3;6;7;0;1;0;1;0;0;0;0
211173;11;12;12500824;2021;4;13;3;3;1;5;0;1;1;0;0;0;0;0
211172;11;7;7601544;2021;3;11;2;2;5;2;0;0;1;0;0;0;0;0
211171;11;1;1100102;2021;4;0;6;3;8;1;2;0;1;0;0;0;0;0
211170;11;1;1100309;2021;3;18;6;2;3;6;0;0;1;0;1;0;0;0
211169;11;10;10100313;2021;5;15;4;3;6;2;0;0;1;1;0;0;0;0
211168;11;1;1300733;2021;5;14;3;3;5;2;0;0;1;0;0;1;0;0
211167;11;12;12200412;2021;4;22;5;3;4;6;2;0;1;0;0;0;0;1
211166;11;2;2100102;2021;4;19;2;3;5;7;0;0;1;0;1;0;0;0
211165;11;5;5100317;2021;5;10;6;3;2;7;0;0;1;0;1;0;0;0
211164;11;12;12100205;2021;4;12;4;3;5;2;0;0;1;0;0;0;1;0
211163;11;4;4501148;2021;3;17;2;3;5;2;0;0;1;0;0;0;1;0
211162;11;1;1100207;2021;4;20;5;3;3;6;2;0;1;0;0;0;0;0
211161;11;3;3400620;2021;4;21;3;3;0;3;2;1;1;0;0;0;0;1
211160;11;8;8100102;2021;5;9;6;3;5;3;0;1;1;0;0;0;0;1
211159;11;4;4400835;2021;5;23;6;3;5;3;2;0;1;0;0;0;0;0
211158;11;2;2200208;2021;3;20;4;2;0;7;1;1;0;0;0;0;0;0
211157;11;9;9100306;2021;4;12;2;3;8;7;0;0;1;0;0;0;0;0
211156;11;1;1100415;2021;3;16;1;3;5;2;0;1;1;0;0;0;0;0
211155;11;2;2500727;2021;5;11;2;3;0;2;0;0;0;0;1;0;0;1
211154;11;7;7300618;2021;5;10;5;3;5;2;0;1;1;0;0;0;0;0
211153;11;10;10200627;2021;5;17;4;3;3;6;0;0;1;0;0;0;0;0
211152;11;7;7400928;2021;4;17;6;3;7;7;0;0;0;0;1;0;0;0
211151;11;8;8100102;2021;5;15;1;3;2;6;0;0;1;0;0;0;0;1
211150;11;8;8401241;2021;4;17;4;2;5;7;0;0;1;0;0;0;1;0
211149;11;11;11501341;2021;3;21;4;2;5;2;2;0;1;0;0;0;0;0
211148;11;12;12200412;2021;5;16;7;3;0;3;0;1;1;0;0;0;0;0
211147;11;6;6300526;2021;4;9;2;3;2;6;0;0;1;0;0;1;0;0
211146;11;9;9100101;2021;4;16;2;3;0;6;0;1;1;0;0;0;1;0
211145;11;1;1100205;2021;5;16;2;3;5;2;0;1;1;0;0;0;0;0
211144;11;1;1400937;2021;5;12;3;3;6;2;0;0;1;1;0;0;0;0
211143;11;1;1200628;2021;5;17;7;3;0;2;0;1;1;0;0;0;0;0
211142;11;3;3200309;2021;5;21;4;2;9;1;2;0;1;0;0;0;0;0
211141;11;4;4200308;2021;4;16;7;3;6;4;0;0;1;1;0;0;0;0
211140;11;1;1100415;2021;3;11;4;2;3;6;0;1;0;0;0;0;0;0
211139;11;12;12400720;2021;5;18;5;3;5;3;0;1;1;0;0;0;0;1
211138;11;4;4100101;2021;4;13;3;3;2;6;0;0;1;0;0;0;0;0
211137;11;11;11100206;2021;3;4;2;3;6;2;2;0;1;1;0;0;0;0
211136;11;5;5400943;2021;4;11;6;3;5;3;0;1;1;0;0;0;0;0
211135;11;12;12200515;2021;3;14;5;3;5;3;0;0;1;0;0;0;1;0
211134;11;3;3400618;2021;5;14;2;3;0;3;0;0;1;0;1;0;0;0
211133;11;8;8200726;2021;4;19;2;3;2;2;0;1;1;0;0;0;0;0
211132;11;9;9401534;2021;5;16;2;3;0;1;0;1;0;0;0;0;0;0
211131;11;7;7200307;2021;4;13;4;3;2;6;0;0;1;0;0;0;0;0
211130;11;4;4400728;2021;5;9;1;3;9;1;0;1;0;0;0;0;0;0
211129;11;7;7300516;2021;4;21;7;3;5;2;2;1;0;0;0;0;0;0
211128;11;1;1100207;2021;5;8;5;3;0;6;0;0;0;0;0;0;1;0
211127;11;9;9501939;2021;4;9;3;3;5;2;0;1;1;0;0;0;0;0
211126;11;11;11501238;2021;4;20;5;3;5;3;2;0;1;0;0;0;1;0
211125;11;2;2200209;2021;4;10;4;3;2;6;0;0;1;0;0;0;1;1
211124;11;2;2300316;2021;5;8;6;3;5;3;0;1;1;0;0;0;0;1
211123;11;10;10100311;2021;4;15;5;3;2;6;0;0;1;0;0;0;0;0
211122;11;9;9200819;2021;3;11;3;3;2;6;0;0;1;0;0;0;1;0
211121;11;2;2400623;2021;4;9;1;2;0;1;0;1;0;0;0;0;0;0
211120;11;1;1100207;2021;3;6;6;3;3;6;0;1;1;0;0;0;0;1
211119;11;4;4400833;2021;5;8;4;3;5;2;0;0;1;0;0;0;0;0
211118;11;10;10100314;2021;5;17;3;3;2;6;0;0;1;0;0;0;0;0
211117;11;1;1100206;2021;4;22;6;3;5;3;2;0;1;0;0;0;0;0
211116;11;4;4200311;2021;4;15;4;3;3;6;0;0;1;0;1;0;0;0
211115;11;7;7601545;2021;3;15;2;3;5;3;0;0;1;0;0;0;0;0
211114;11;12;12601133;2021;4;12;6;2;5;3;0;0;1;0;0;0;0;0
211113;11;1;1100309;2021;4;19;3;3;5;2;1;1;1;0;0;0;0;0
211112;11;4;4500936;2021;5;19;1;3;6;7;0;0;1;1;0;0;0;0
211111;11;3;3601244;2021;3;16;4;3;5;3;0;1;1;0;0;0;0;0
211110;11;8;8100314;2021;4;18;2;3;5;2;0;1;0;0;0;0;1;0
211109;11;3;3400724;2021;5;9;2;3;5;2;0;1;0;0;0;0;1;0
211108;11;1;1300836;2021;5;17;5;3;5;3;0;0;1;0;0;0;0;0
211107;11;5;5200634;2021;5;18;4;3;2;6;0;0;1;0;1;0;0;0
211106;11;8;8100417;2021;4;14;6;2;6;4;0;0;1;1;0;0;0;0
211105;11;1;1200628;2021;4;6;5;2;5;3;0;0;1;0;0;0;1;0
211104;11;8;8100312;2021;4;16;6;3;0;6;0;0;1;0;0;0;1;0
211103;11;1;1100206;2021;5;11;3;3;1;7;0;0;1;0;0;1;0;0
211102;11;8;8200623;2021;5;16;3;3;5;3;0;0;1;0;0;0;1;0
211101;11;7;7100102;2021;4;11;6;3;5;2;0;0;1;0;0;0;0;0
211100;11;8;8100521;2021;5;15;6;3;2;2;0;0;1;0;0;0;0;1
211099;11;4;4400726;2021;4;21;3;2;6;4;2;0;1;1;0;0;0;0
211098;11;6;6300524;2021;3;15;2;3;2;7;0;1;1;0;0;0;0;0
211097;11;4;4200310;2021;4;13;6;3;5;3;0;0;1;0;0;0;0;0
211096;11;7;7400721;2021;4;11;3;3;5;3;0;0;1;0;0;0;0;0
211095;11;7;7501031;2021;5;12;6;3;0;7;0;0;1;0;1;0;0;1
211094;11;7;7400824;2021;5;12;6;1;6;2;0;0;0;1;0;1;0;0
211093;11;7;7501029;2021;3;15;3;3;5;2;0;1;1;0;0;0;0;0
211092;11;4;4300416;2021;4;11;2;3;0;7;0;1;0;0;0;0;0;0
211091;11;2;2500833;2021;5;13;2;2;5;3;0;1;1;0;0;0;0;0
211090;11;12;12601031;2021;5;13;6;3;0;7;0;0;1;0;1;0;0;0
211089;11;6;6300524;2021;5;8;4;3;1;5;0;1;1;0;0;0;0;0
211088;11;1;1200517;2021;4;13;7;3;5;2;0;0;1;0;1;0;0;0
211087;11;11;10100205;2021;5;20;7;3;0;7;2;0;1;0;0;0;1;0
211086;11;8;8100310;2021;4;14;4;3;1;5;0;1;0;0;0;0;1;0
211085;11;2;2200210;2021;3;8;4;2;3;6;0;1;1;0;0;0;0;0
211084;11;2;2300315;2021;5;18;7;3;2;6;0;1;1;0;0;0;0;0
211083;11;10;10200629;2021;4;13;2;3;5;3;0;1;1;0;0;0;0;0
211082;11;4;4400728;2021;5;15;2;3;5;2;0;1;1;0;0;0;0;0
211081;11;3;3100102;2021;5;17;3;3;5;3;0;0;1;0;0;0;0;0
211080;11;1;1300836;2021;5;16;7;3;5;3;0;0;1;0;0;0;0;0
211079;11;5;5200423;2021;5;15;5;3;5;2;0;0;1;0;0;0;0;0
211078;11;5;5100312;2021;4;21;7;2;6;2;2;0;1;1;0;0;0;1
211077;11;1;1100205;2021;3;12;4;3;5;3;0;1;1;0;0;0;0;0
211076;11;8;8100104;2021;4;15;3;3;3;6;0;0;1;0;1;0;0;0
211075;11;2;2200210;2021;5;16;4;3;3;6;0;1;1;0;0;0;0;0
211074;11;10;10200627;2021;4;17;3;3;3;6;0;1;1;0;0;0;0;0
211073;11;8;8301036;2021;3;16;2;3;6;2;0;0;1;1;0;0;0;0
211072;11;7;7601340;2021;4;19;5;3;1;5;0;0;1;0;0;0;0;0
211071;11;12;12500930;2021;3;10;5;3;2;6;0;0;1;0;0;0;0;0
211070;11;5;5100317;2021;5;17;2;3;2;6;0;0;1;0;0;0;1;0
211069;11;4;4200310;2021;5;18;3;3;2;6;0;0;1;0;0;0;0;0
211068;11;4;4200311;2021;4;15;4;3;5;2;0;1;1;0;0;0;0;0
211067;11;1;1100207;2021;5;9;1;2;5;3;0;1;1;0;0;0;0;0
211066;11;9;9401534;2021;4;17;7;3;0;1;0;0;0;0;1;0;0;1
211065;11;1;1401044;2021;5;18;6;2;5;7;0;0;1;0;1;0;0;0
211064;11;11;11200411;2021;4;11;3;3;2;7;0;0;1;0;0;0;0;0
211063;11;12;12500825;2021;3;16;3;3;5;3;0;0;1;0;0;0;1;1
211062;11;10;10100205;2021;4;12;3;3;5;3;0;0;1;0;0;0;0;0
211061;11;12;12200412;2021;5;13;6;3;0;3;0;0;1;0;0;0;0;1
211060;11;8;8200730;2021;4;18;4;3;5;2;0;1;1;0;0;0;0;0
211059;11;1;1401045;2021;3;14;3;3;1;5;0;1;1;0;0;0;0;0
211058;11;4;4500937;2021;4;17;6;3;1;5;0;1;1;0;0;0;0;0
211057;11;1;1300834;2021;3;13;6;3;3;6;0;1;1;0;0;0;0;0
211056;11;9;9200613;2021;5;18;2;3;1;5;0;1;1;0;0;0;0;0
211055;11;4;4501153;2021;5;16;5;3;5;2;0;1;1;0;0;0;0;0
211054;11;3;3500933;2021;5;19;4;3;2;6;0;1;1;0;0;0;0;0
211053;11;11;11300618;2021;4;14;5;3;2;6;0;0;1;0;0;0;0;0
211052;11;7;7601339;2021;4;15;6;3;0;4;0;0;0;1;0;0;1;0
211051;11;8;8100312;2021;4;18;3;3;6;4;0;0;1;1;0;0;0;0
211050;11;8;8100314;2021;3;9;4;3;3;6;0;1;1;0;0;0;0;0
211049;11;4;4501045;2021;4;20;6;3;5;2;2;0;1;0;0;0;0;0
211048;11;8;8100209;2021;5;10;7;3;2;6;0;0;1;0;0;0;0;0
211047;11;8;8401241;2021;3;17;3;3;0;1;0;1;0;0;0;0;0;0
211046;11;2;2100104;2021;4;7;2;3;1;6;0;1;1;0;0;0;0;0
211045;11;2;2400623;2021;5;13;2;3;5;2;0;0;1;0;1;0;0;0
211044;11;7;7400720;2021;5;19;7;3;5;3;0;0;1;0;0;0;0;0
211043;11;6;6300634;2021;5;12;3;3;5;2;0;1;1;0;0;0;0;0
211042;11;4;4300620;2021;5;17;5;3;5;2;0;1;0;0;0;0;1;0
211041;11;12;12200411;2021;4;7;6;3;1;7;0;0;1;0;0;1;0;0
211040;11;3;3501038;2021;4;14;5;3;5;3;0;1;1;0;0;0;0;0
211039;11;5;5200527;2021;5;10;3;2;9;7;0;0;0;0;0;0;1;0
211038;11;7;7300516;2021;3;18;2;3;1;5;0;1;1;0;0;0;0;0
211037;11;4;4501148;2021;4;8;5;3;0;5;0;0;1;0;1;0;0;0
211036;11;4;4501042;2021;3;11;4;3;0;7;0;1;0;0;0;0;0;1
211035;11;12;12500929;2021;5;16;3;3;2;6;0;0;1;0;1;0;0;0
211034;11;1;1100309;2021;4;12;2;3;1;5;0;1;1;0;0;0;0;0
211033;11;10;10100311;2021;5;10;2;3;0;7;0;0;0;0;1;0;1;0
211032;11;3;3400725;2021;4;14;4;3;5;3;0;0;1;0;1;0;0;0
211031;11;9;9100409;2021;5;14;1;3;0;7;0;1;0;0;0;0;0;0
211030;11;9;9100304;2021;5;13;6;3;6;2;0;0;1;1;0;0;0;0
211029;11;8;8401245;2021;4;18;7;3;6;4;0;0;1;1;0;0;0;0
211028;11;12;12200308;2021;4;22;5;3;8;1;2;0;0;0;1;0;0;0
211027;11;8;8100102;2021;5;19;4;3;2;6;0;1;1;0;0;0;0;1
211026;11;1;1400938;2021;4;17;3;3;5;3;0;0;1;0;0;0;0;0
211025;11;9;9200819;2021;3;5;3;2;5;3;2;1;1;0;0;0;0;0
211024;11;6;6200312;2021;4;8;6;3;5;3;0;0;1;0;0;0;0;0
211023;11;3;3400725;2021;3;17;6;3;5;2;0;0;1;0;1;0;0;0
211022;11;9;9100407;2021;5;19;3;3;9;1;0;0;1;0;0;0;0;1
211021;11;12;12200310;2021;5;8;3;3;5;2;0;0;1;0;0;1;0;1
211020;11;8;8100312;2021;4;14;4;3;0;4;0;1;0;1;0;0;0;0
211019;11;2;2100104;2021;3;18;4;2;5;3;0;1;1;0;0;0;0;0
211018;11;8;8200622;2021;5;6;3;3;5;2;0;0;1;0;0;0;1;0
211017;11;1;1400942;2021;4;5;2;3;2;6;0;0;1;0;0;0;1;1
211016;11;7;7300619;2021;5;16;2;3;2;2;0;0;1;0;1;0;0;0
211015;11;1;1100205;2021;5;20;2;3;5;3;0;1;1;0;0;0;0;0
211014;11;11;11300619;2021;5;14;6;3;0;6;0;0;1;0;1;0;0;0
211013;11;8;8100521;2021;5;18;4;3;5;3;0;1;1;0;0;0;0;0
211012;11;1;1400942;2021;4;12;1;3;2;6;0;0;1;0;0;0;0;1
211011;11;1;1100310;2021;4;21;6;3;1;5;2;1;1;0;0;0;0;0
211010;11;8;8200622;2021;5;11;4;3;6;4;0;1;0;1;0;0;0;0
211009;11;1;1401044;2021;4;19;3;3;1;5;1;0;1;0;0;0;0;0
211008;11;8;8100105;2021;3;18;1;3;6;6;0;1;0;1;0;0;0;0