OBJECTID;LAND;BEZ;LOR_ab_2021;UJAHR;UMONAT;USTUNDE;UWOCHENTAG;UKATEGORIE;UART;UTYP1;ULICHTVERH;IstRad;IstPKW;IstFuss;IstKrad;IstGkfz;IstSonstige;USTRZUSTAND
211007;11;1;1100207;2021;4;8;5;3;5;3;0;1;1;0;0;0;0;0
211006;11;6;6300633;2021;3;15;5;3;2;6;0;0;1;0;1;0;0;0
211005;11;9;9100203;2021;5;6;4;3;5;2;0;0;1;0;0;0;0;0
211004;11;4;4200311;2021;5;17;3;3;2;2;0;0;1;0;0;0;0;0
211003;11;2;2300316;2021;4;8;5;3;1;5;0;1;1;0;0;0;0;1
211002;11;1;1100206;2021;5;12;7;3;5;3;0;0;1;0;0;0;0;0
211001;11;9;9200614;2021;4;7;3;3;0;1;0;1;0;0;0;0;0;0
211000;11;8;8301037;2021;5;15;6;3;0;1;0;0;0;0;0;0;1;0
210999;11;9;9200715;2021;4;10;2;3;5;3;0;1;0;0;0;0;1;0
210998;11;5;5100316;2021;3;14;2;3;5;3;0;0;1;0;0;1;0;0
210997;11;8;8401243;2021;4;18;3;2;6;7;1;0;0;1;1;0;0;1
210996;11;1;1400942;2021;5;19;6;3;5;3;0;0;1;0;0;0;0;1
210995;11;5;5100208;2021;4;10;4;3;5;2;0;0;1;0;0;0;0;0
210994;11;9;9501939;2021;3;9;3;3;5;3;0;1;1;0;0;0;0;0
210993;11;3;3601141;2021;4;8;1;3;6;4;0;0;1;1;0;0;0;0
210992;11;1;1100308;2021;3;14;6;3;5;3;0;1;1;0;0;0;0;1
210991;11;12;12500930;2021;5;9;2;2;0;1;0;0;1;0;0;0;0;0
210990;11;12;12100205;2021;5;16;5;3;2;2;0;0;1;0;0;0;0;0
210989;11;1;1100312;2021;5;17;4;2;5;3;0;1;1;0;0;0;0;0
210988;11;5;5100104;2021;4;10;6;3;5;3;0;0;1;0;0;0;0;0
210987;11;3;3400828;2021;4;15;5;3;5;7;0;1;1;0;0;0;0;0
210986;11;8;8200833;2021;4;12;4;3;5;3;0;0;1;0;1;0;0;0
210985;11;11;11300617;2021;3;19;4;3;5;2;2;1;1;0;0;0;0;0
210984;11;9;9200715;2021;4;18;4;2;2;6;1;0;1;0;0;0;0;0
210983;11;5;5100316;2021;5;13;7;3;2;6;0;0;1;0;1;0;0;0
210982;11;4;4400729;2021;5;17;7;3;5;3;0;0;1;0;0;0;0;1
210981;11;8;8200725;2021;4;8;3;3;2;2;0;0;1;0;0;0;0;0
210980;11;12;12100205;2021;5;17;3;3;5;3;0;1;1;0;0;0;0;0
210979;11;11;11401033;2021;5;22;6;3;1;1;2;0;1;0;0;0;0;1
210978;11;4;4400830;2021;5;17;5;2;2;7;0;0;1;1;0;0;0;0
210977;11;2;2200212;2021;4;15;1;3;5;3;0;1;1;0;0;0;0;1
210976;11;7;7200307;2021;3;13;4;3;2;6;0;0;1;0;1;0;0;0
210975;11;8;8200832;2021;5;9;3;3;1;5;0;0;1;0;0;0;0;0
210974;11;7;7100206;2021;3;19;1;3;0;3;0;1;0;0;0;0;1;0
210973;11;1;1401049;2021;4;20;4;3;3;5;2;0;1;0;0;0;0;0
210972;11;2;2200209;2021;3;12;5;3;0;7;0;1;0;0;0;0;0;0
210971;11;8;8100312;2021;5;13;3;3;1;5;0;1;1;0;0;0;0;0
210970;11;4;4501146;2021;4;15;1;3;5;7;0;1;1;0;0;0;0;0
210969;11;4;4100101;2021;5;2;2;3;0;1;2;1;0;0;0;0;0;0
210968;11;11;11300826;2021;4;14;4;2;2;7;0;0;1;0;1;0;0;0
210967;11;5;5300737;2021;5;15;1;3;5;2;0;1;1;0;0;0;0;0
210966;11;4;4400832;2021;4;12;4;3;5;3;0;1;1;0;0;0;0;0
210965;11;3;3400721;2021;5;13;6;3;5;3;0;1;0;0;0;0;1;0
210964;11;6;6200314;2021;4;16;2;3;5;3;0;1;0;0;1;0;0;0
210963;11;4;4200311;2021;4;15;5;3;0;7;0;0;0;0;1;0;0;0
210962;11;8;8100417;2021;4;16;4;2;5;3;0;0;1;1;0;0;0;0
210961;11;5;5400943;2021;5;15;4;3;2;6;0;0;1;0;0;0;0;0
210960;11;5;5100104;2021;4;20;4;3;5;3;1;1;1;0;0;0;0;0
210959;11;5;5200528;2021;3;14;3;3;5;2;0;1;1;0;0;0;0;0
210958;11;2;2100101;2021;4;6;5;3;5;2;0;0;1;0;0;1;0;0
210957;11;1;1300733;2021;3;19;7;2;1;5;1;1;1;0;0;0;0;0
210956;11;2;2300419;2021;5;18;4;3;5;3;1;1;1;0;0;0;0;1
210955;11;1;1401045;2021;5;12;3;3;5;2;0;1;1;0;0;0;0;0
210954;11;12;12601235;2021;4;11;6;3;2;6;0;0;1;0;0;0;0;0
210953;11;9;9401432;2021;4;13;3;3;2;2;0;0;1;0;0;0;0;0
210952;11;9;9100408;2021;5;5;7;3;5;2;0;1;1;0;0;0;0;0
210951;11;3;3500934;2021;4;17;3;3;9;1;0;0;1;0;0;0;0;0
210950;11;1;1100205;2021;3;3;3;2;6;2;2;0;1;1;0;0;0;1
210949;11;8;8100314;2021;4;10;6;3;5;3;0;1;0;0;1;0;0;0
210948;11;12;12200309;2021;5;12;6;3;2;4;0;0;1;1;0;0;0;1
210947;11;5;5100312;2021;5;15;6;3;5;2;0;1;1;0;0;0;0;0
210946;11;4;4400726;2021;3;19;4;3;5;3;0;1;1;0;0;0;0;0
210945;11;7;7100204;2021;4;18;6;3;1;5;0;1;1;0;0;0;0;0
210944;11;12;12200307;2021;3;10;7;3;5;7;0;0;1;0;0;0;0;1
210943;11;3;3601450;2021;5;7;2;3;5;3;0;0;1;0;1;0;0;0
210942;11;9;9200715;2021;5;16;6;3;5;3;0;1;1;0;0;0;0;1
210941;11;1;1100312;2021;5;17;4;3;1;5;0;1;1;0;0;0;0;0
210940;11;3;3400723;2021;4;0;7;3;5;3;2;0;1;0;0;0;0;0
210939;11;1;1300835;2021;5;14;1;3;2;6;0;0;1;0;1;0;0;0
210938;11;12;12200309;2021;4;18;4;3;5;2;0;1;1;0;0;0;0;0
210937;11;1;1400938;2021;3;17;4;3;5;5;0;0;1;0;0;0;0;0
210936;11;2;2100106;2021;4;11;6;3;6;4;0;0;0;1;1;0;0;0
210935;11;12;12200515;2021;4;17;2;2;5;3;0;0;1;0;0;0;0;0
210934;11;12;12400617;2021;5;17;6;3;2;6;0;1;1;0;0;0;0;0
210933;11;9;9501737;2021;4;15;3;3;0;1;0;1;0;0;0;0;0;0
210932;11;1;1200522;2021;3;7;3;3;3;6;0;0;1;0;0;1;0;0
210931;11;4;4100102;2021;4;12;4;3;0;1;0;0;0;0;1;0;0;0
210930;11;9;9501737;2021;5;12;6;1;6;7;0;0;1;1;0;0;0;0
210929;11;3;3200205;2021;4;11;5;2;5;3;0;0;1;0;0;0;0;0
210928;11;1;1200623;2021;3;16;4;3;5;2;0;1;1;0;0;0;0;0
210927;11;10;10100311;2021;4;9;7;3;1;5;0;0;1;0;0;0;1;0
210926;11;12;12400723;2021;3;17;1;3;1;5;0;0;1;0;0;0;1;0
210925;11;11;11300722;2021;5;15;2;3;2;6;0;0;1;0;0;0;0;0
210924;11;10;10200421;2021;5;14;6;3;5;3;0;0;1;0;0;0;0;0
210923;11;6;6400840;2021;5;22;4;3;5;2;2;1;1;0;0;0;0;0
210922;11;2;2400521;2021;4;12;7;3;3;6;0;0;1;0;0;0;0;0
210921;11;2;2300314;2021;5;18;7;3;2;6;0;0;1;0;0;0;0;0
210920;11;6;6200315;2021;4;7;3;3;6;4;1;0;1;1;0;0;0;0
210919;11;8;8100103;2021;3;14;4;3;2;7;0;1;1;0;0;0;0;0
210918;11;3;3500932;2021;4;13;7;3;0;2;0;1;1;0;0;0;0;0
210917;11;1;1300836;2021;4;8;2;3;5;3;0;1;1;0;0;0;0;0
210916;11;7;6100210;2021;5;21;1;3;2;6;2;0;1;0;0;0;0;0
210915;11;6;6300527;2021;5;17;7;3;1;7;0;0;1;0;0;0;0;0
210914;11;3;3601244;2021;4;16;3;1;6;7;0;0;0;1;0;1;0;0
210913;11;10;10100313;2021;5;5;3;3;3;6;0;0;1;0;0;0;1;0
210912;11;11;11200410;2021;5;10;6;3;0;1;0;0;0;0;1;0;0;1
210911;11;3;3601245;2021;5;17;5;3;5;3;0;1;1;0;0;0;0;0
210910;11;2;2200210;2021;4;19;4;3;5;7;1;0;1;0;0;0;0;0
210909;11;5;5100104;2021;4;8;2;3;5;2;0;1;0;0;0;1;0;0
210908;11;1;1200623;2021;4;12;5;3;1;5;0;0;1;0;1;0;0;0
210907;11;1;1300836;2021;5;18;4;2;1;5;0;1;1;0;0;0;0;0
210906;11;2;2300419;2021;4;15;3;3;2;6;0;0;1;0;0;0;0;0
210905;11;10;10100313;2021;3;13;2;3;2;6;0;0;1;0;0;0;0;0
210904;11;4;4200311;2021;4;11;6;3;5;3;0;1;0;0;0;0;1;0
210903;11;9;9501939;2021;3;15;5;3;6;7;0;0;0;1;1;0;0;0
210902;11;9;9200511;2021;5;10;2;3;0;2;0;1;1;0;0;0;0;0
210901;11;9;9401329;2021;4;15;1;3;4;6;0;0;1;0;0;0;0;0
210900;11;1;1100101;2021;5;14;2;3;5;3;0;1;1;0;0;0;0;0
210899;11;9;9300920;2021;4;7;4;3;5;2;2;1;1;0;0;0;0;0
210898;11;8;8401243;2021;5;12;7;3;5;3;0;1;0;0;0;0;0;0
210897;11;7;7400823;2021;4;23;7;3;1;7;2;0;1;0;1;0;0;0
210896;11;1;1300732;2021;5;20;5;2;6;7;1;0;1;1;0;0;0;0
210895;11;2;2500831;2021;4;15;3;3;5;3;0;0;1;0;1;0;0;0
210894;11;12;12200310;2021;4;18;5;3;6;7;1;1;0;1;0;0;0;0
210893;11;5;5400943;2021;4;11;4;2;5;3;0;0;1;0;0;1;0;1
210892;11;1;1200522;2021;5;15;4;2;1;5;0;1;1;0;0;0;0;0
210891;11;7;7100101;2021;4;10;4;3;2;2;0;0;1;0;0;0;0;0
210890;11;6;6400838;2021;3;16;3;2;5;3;0;1;0;0;0;0;1;0
210889;11;1;1401046;2021;4;18;7;3;5;3;0;0;1;0;0;0;0;0
210888;11;8;8200623;2021;3;12;6;3;5;2;0;1;1;0;0;0;0;0
210887;11;9;9401329;2021;5;10;4;3;2;6;0;0;1;0;0;0;0;0
210886;11;7;7100205;2021;5;20;3;3;2;6;1;0;1;0;0;0;0;0
210885;11;5;5100312;2021;4;16;5;2;6;4;0;0;1;1;0;0;0;0
210884;11;4;4200308;2021;5;10;7;3;2;6;0;0;1;0;0;0;0;0
210883;11;3;3601245;2021;4;19;3;3;5;3;0;1;1;0;0;0;0;0
210882;11;8;8401241;2021;3;17;3;3;5;3;1;1;1;0;0;0;0;0
210881;11;6;6100205;2021;4;14;5;3;5;2;0;0;1;0;1;0;0;0
210880;11;3;3500934;2021;4;11;3;3;0;1;0;0;0;0;0;0;1;0
210879;11;9;9401635;2021;5;20;5;3;3;6;0;1;1;0;0;0;0;1
210878;11;4;4501043;2021;5;17;6;3;2;7;0;0;1;0;1;0;0;0
210877;11;6;6300526;2021;3;21;4;3;0;2;2;0;1;0;1;0;0;0
210876;11;11;11200514;2021;4;11;2;3;1;5;0;0;1;0;0;0;0;0
210875;11;6;6400843;2021;3;12;7;3;5;2;0;0;1;0;0;0;0;0
210874;11;5;5200631;2021;5;18;2;3;1;5;0;0;1;0;0;0;1;0
210873;11;10;10400940;2021;5;13;5;3;5;3;0;0;1;0;0;0;0;1
210872;11;1;1401045;2021;5;19;4;3;3;6;0;0;1;0;0;0;0;0
210871;11;7;7200409;2021;4;16;6;3;1;5;0;1;1;0;0;0;0;0
210870;11;4;4501043;2021;5;15;2;3;6;4;0;0;1;1;0;0;0;0
210869;11;4;4200308;2021;4;14;4;3;5;2;0;1;1;0;0;0;0;0
210868;11;9;9100306;2021;3;13;4;3;2;6;0;0;1;0;0;0;0;0
210867;11;4;4200309;2021;5;18;7;3;5;3;0;0;1;0;0;0;0;0
210866;11;4;4500939;2021;4;10;2;3;0;3;0;1;1;0;0;0;0;0
210865;11;12;12200309;2021;5;14;2;3;5;2;0;1;0;0;0;0;1;0
210864;11;6;6100102;2021;5;21;7;3;6;7;2;0;0;1;0;0;1;0
210863;11;5;5100211;2021;5;14;3;2;2;2;0;0;1;0;1;0;0;0
210862;11;9;9200613;2021;5;20;7;2;8;1;1;0;1;0;0;0;0;0
210861;11;4;4200311;2021;5;13;4;3;0;3;0;1;1;0;0;0;0;0
210860;11;10;10200420;2021;4;17;1;3;5;3;0;0;1;0;0;0;1;1
210859;11;9;9200819;2021;4;14;5;3;5;3;0;0;1;0;0;0;0;0
210858;11;5;5300736;2021;4;12;3;3;2;6;0;0;1;0;0;0;0;0
210857;11;6;7300619;2021;4;11;2;3;2;6;0;0;1;0;0;0;0;0
210856;11;5;5200631;2021;5;20;5;3;1;5;2;0;1;0;0;0;0;1
210855;11;4;4400835;2021;4;19;3;3;5;3;0;0;1;0;0;0;0;0
210854;11;3;3300411;2021;3;15;1;3;5;3;0;0;1;0;1;0;0;0
210853;11;11;11200515;2021;4;15;5;2;1;7;0;0;1;0;0;0;0;1
210852;11;7;7100102;2021;3;22;5;3;6;2;2;0;1;1;0;0;0;0
210851;11;9;9200715;2021;5;6;3;3;0;2;0;1;0;0;0;0;1;0
210850;11;8;8200832;2021;4;19;1;3;1;5;2;1;1;0;0;0;0;0
210849;11;4;4300416;2021;5;20;2;3;0;7;1;0;0;0;1;0;0;1
210848;11;12;12100205;2021;4;18;4;3;5;2;0;0;1;0;0;0;1;0
210847;11;9;9200715;2021;5;17;1;3;5;2;0;1;1;0;0;0;0;0
210846;11;8;8300934;2021;4;14;7;3;5;2;0;0;1;0;0;0;0;0
210845;11;11;2500835;2021;4;18;1;3;2;6;0;0;1;0;0;0;0;0
210844;11;7;7501134;2021;5;14;1;3;2;7;0;0;1;0;0;0;0;0
210843;11;12;12400721;2021;5;13;7;3;5;3;0;0;1;0;0;0;0;1
210842;11;4;4300620;2021;4;8;2;3;5;2;0;1;1;0;0;0;0;0
210841;11;1;1401043;2021;5;13;2;3;2;6;0;0;1;0;0;0;1;0
210840;11;2;2100104;2021;5;11;6;3;5;2;0;1;0;0;0;1;0;1
210839;11;2;2400521;2021;5;7;5;3;5;2;0;1;0;0;0;0;1;0
210838;11;3;3601244;2021;4;15;2;3;5;3;0;1;1;0;0;0;0;0
210837;11;3;3601244;2021;3;14;4;2;5;3;0;1;1;0;0;0;0;0
210836;11;3;3400618;2021;5;7;4;3;3;6;0;1;0;0;0;1;0;0
210835;11;1;1100207;2021;4;15;3;3;5;3;0;0;1;0;1;0;0;0
210834;11;8;8200832;2021;3;16;2;3;2;6;0;1;1;0;0;0;0;0
210833;11;4;4100101;2021;4;16;5;3;5;2;0;0;1;0;0;0;0;0
210832;11;12;12200309;2021;3;19;5;3;1;5;2;1;1;0;0;0;0;0
210831;11;6;6300633;2021;5;12;2;3;5;3;0;1;1;0;0;0;0;0
210830;11;2;2100105;2021;4;17;7;3;1;5;0;0;1;0;0;0;0;0
210829;11;8;8100104;2021;5;15;2;3;0;1;0;1;0;0;0;0;0;0
210828;11;6;6300528;2021;4;15;4;2;0;6;0;0;1;0;1;0;0;0
210827;11;11;11300826;2021;5;0;7;3;1;5;2;0;0;0;1;0;1;1
210826;11;12;12200310;2021;4;15;1;2;5;2;0;0;1;0;1;0;0;0
210825;11;1;1100102;2021;5;18;5;3;2;7;0;0;1;0;0;0;1;0
210824;11;1;1401045;2021;4;13;3;3;2;6;0;0;1;0;0;0;0;0
210823;11;1;1400938;2021;4;12;7;3;2;6;0;0;1;0;0;0;0;0
210822;11;2;2200209;2021;4;16;3;3;5;2;0;1;0;0;0;0;1;1
210821;11;7;7300515;2021;5;15;4;3;5;2;0;1;1;0;0;0;0;0
210820;11;8;8200622;2021;4;15;5;3;0;6;0;0;0;0;0;0;1;0
210819;11;10;10100209;2021;3;7;3;3;2;6;0;0;1;0;0;0;0;0
210818;11;12;12400618;2021;4;10;1;3;0;2;0;1;0;0;1;0;0;0
210817;11;10;10100311;2021;3;9;6;3;4;5;0;1;1;0;0;0;0;0
210816;11;10;10200627;2021;5;16;3;3;0;7;0;0;1;0;0;0;0;0
210815;11;10;10300734;2021;5;15;3;3;2;6;0;0;1;0;0;0;0;0
210814;11;8;8100419;2021;4;13;6;3;5;7;0;0;1;0;1;0;0;0
210813;11;4;4200310;2021;5;15;6;3;2;6;0;0;1;0;0;0;0;0
210812;11;7;7501029;2021;4;14;4;3;2;6;0;0;1;0;0;0;0;0
210811;11;7;7100102;2021;3;12;3;3;5;7;0;0;1;0;1;0;0;0
210810;11;7;7601544;2021;4;5;5;3;5;3;2;1;1;0;0;0;0;1
210809;11;2;2400623;2021;4;12;3;3;6;4;0;0;1;1;0;0;0;0
210808;11;9;9401635;2021;5;15;2;3;5;3;0;1;0;0;0;0;0;0
210807;11;9;9501939;2021;3;19;3;3;2;6;0;0;1;0;0;0;1;0
210806;11;11;11300721;2021;4;11;2;2;0;3;0;0;1;0;0;0;1;0
210805;11;3;3601245;2021;5;16;2;3;5;2;0;0;1;0;0;0;0;0
210804;11;2;2200210;2021;5;20;4;3;5;3;2;0;1;0;0;0;0;0
210803;11;3;3701554;2021;5;22;4;3;1;5;2;0;1;0;1;0;0;0
210802;11;2;2200212;2021;4;9;6;3;5;2;0;1;1;0;0;0;0;0
210801;11;5;5100317;2021;3;16;4;3;5;2;0;1;1;0;0;0;0;0
210800;11;4;4400727;2021;5;19;1;3;5;2;0;0;1;0;0;0;0;1
210799;11;9;9100306;2021;5;13;4;3;2;5;0;0;1;0;0;0;0;0
210798;11;2;2300418;2021;4;9;4;2;5;5;0;1;1;0;0;0;0;0
210797;11;1;1300733;2021;3;8;4;2;5;3;0;0;1;0;0;0;1;0
210796;11;1;1200517;2021;5;13;2;3;0;7;0;1;0;0;0;0;0;0
210795;11;8;8200622;2021;4;13;2;3;5;3;0;1;1;0;0;0;0;0
210794;11;12;12601236;2021;5;15;2;3;2;6;0;0;1;0;0;0;0;0
210793;11;3;3601141;2021;5;11;2;3;5;2;0;0;1;0;0;0;1;0
210792;11;1;1200520;2021;5;20;6;3;1;5;1;1;1;0;0;0;0;1
210791;11;3;3500934;2021;5;14;5;3;2;6;0;0;1;0;0;0;0;0
210790;11;6;6100207;2021;4;14;1;2;5;3;0;0;1;0;0;0;1;0
210789;11;1;1300836;2021;4;17;5;3;1;5;0;0;1;0;1;0;0;0
210788;11;7;7400927;2021;5;14;4;3;5;3;0;0;0;0;1;0;1;0
210787;11;2;2300316;2021;4;19;4;3;4;7;0;1;0;1;0;0;0;0
210786;11;4;4300622;2021;3;15;1;3;6;7;0;0;1;1;0;0;0;0
210785;11;8;8301036;2021;4;18;5;3;2;6;0;0;1;0;0;0;0;0
210784;11;7;7400822;2021;3;14;5;3;5;3;0;0;1;0;0;0;0;0
210783;11;4;4200310;2021;5;19;4;3;2;2;0;0;1;0;0;0;0;1
210782;11;5;5300737;2021;5;13;2;3;2;3;0;0;1;0;0;0;0;0
210781;11;8;8200729;2021;4;16;4;3;5;3;0;1;1;0;0;0;0;0
210780;11;5;5100317;2021;5;23;1;3;1;5;2;1;1;0;0;0;0;0
210779;11;9;9401534;2021;4;17;1;3;5;2;0;1;1;0;0;0;0;0
210778;11;6;6200313;2021;5;19;6;3;5;3;0;0;1;0;1;0;0;0
210777;11;4;4500937;2021;4;13;3;3;2;6;0;0;1;0;0;0;0;0
210776;11;2;2200208;2021;3;19;3;3;0;2;0;1;0;0;0;0;1;0
210775;11;6;6100206;2021;4;17;3;3;0;6;0;1;1;0;0;0;0;0
210774;11;8;8100314;2021;5;19;6;3;1;5;0;1;1;0;0;0;0;0
210773;11;12;12400618;2021;4;18;5;3;5;3;0;1;1;0;0;0;0;0
210772;11;3;3200309;2021;3;9;2;3;2;6;0;0;0;0;1;0;1;0
210771;11;8;8100521;2021;4;17;7;3;5;3;0;1;1;0;0;0;0;0
210770;11;2;2300314;2021;3;19;6;3;0;3;2;1;0;0;0;0;1;0
210769;11;7;7300516;2021;5;16;2;3;5;2;0;1;1;0;0;0;0;0
210768;11;2;2400623;2021;5;19;5;3;1;5;0;1;1;0;0;0;0;0
210767;11;3;3500933;2021;5;20;4;3;6;4;1;0;1;1;0;0;0;0
210766;11;8;8401139;2021;4;15;4;3;5;3;0;1;1;0;0;0;0;0
210765;11;12;12601031;2021;4;12;6;3;3;2;0;0;1;0;0;0;1;0
210764;11;3;3400619;2021;4;8;3;2;5;2;0;0;1;0;1;0;0;0
210763;11;1;1100206;2021;3;12;4;3;5;3;0;1;1;0;0;0;0;0
210762;11;3;3200310;2021;4;15;6;3;2;6;0;0;1;0;0;0;0;0
210761;11;4;4200308;2021;5;11;7;3;0;2;0;0;1;0;0;0;1;0
210760;11;3;3601346;2021;5;9;6;3;1;5;0;1;1;0;0;0;0;0
210759;11;1;1300733;2021;4;19;2;3;5;7;0;0;1;0;1;0;0;1
210758;11;5;5300839;2021;4;17;5;3;0;7;0;1;0;0;0;0;0;0
210757;11;6;6400843;2021;4;19;3;3;0;2;1;1;1;0;0;0;0;1
210756;11;4;4300416;2021;4;18;3;2;5;3;0;1;0;0;1;0;0;1
210755;11;4;4501042;2021;5;17;5;3;0;1;0;1;0;0;0;0;0;1
210754;11;8;8100105;2021;4;6;4;3;5;2;0;1;0;0;0;0;1;0
210753;11;1;1400942;2021;3;8;2;3;6;4;0;1;0;1;0;0;0;0
210752;11;2;2500726;2021;4;15;6;3;5;2;0;1;1;0;0;0;0;0
210751;11;4;4300623;2021;3;9;6;2;5;2;0;1;1;0;0;0;0;1
210750;11;12;12500930;2021;5;14;3;3;2;6;0;0;1;0;0;0;0;1
210749;11;5;5200629;2021;5;9;2;3;5;2;0;0;1;0;0;0;0;0
210748;11;12;12100103;2021;4;17;5;3;6;7;0;0;1;1;0;0;0;1
210747;11;4;4501044;2021;4;16;3;3;0;6;0;0;1;0;1;0;0;0
210746;11;7;7400826;2021;3;15;3;2;4;6;0;0;1;0;0;0;0;0
210745;11;6;6300524;2021;4;14;6;3;6;4;0;0;1;1;0;0;0;0
210744;11;9;9100306;2021;4;8;3;3;2;6;0;0;1;0;0;0;1;0
210743;11;10;10200417;2021;5;13;7;3;5;2;0;1;1;0;0;0;0;0
210742;11;1;1100207;2021;5;12;7;3;1;5;0;1;1;0;0;0;0;1
210741;11;11;11200514;2021;3;16;3;3;2;7;0;0;1;0;0;0;0;0
210740;11;9;9501939;2021;4;14;2;3;5;3;0;1;1;0;0;0;0;0
210739;11;6;6100101;2021;5;15;2;3;5;3;0;1;0;0;0;0;1;0
210738;11;3;3400620;2021;5;18;5;3;5;2;0;1;0;0;0;0;0;0
210737;11;11;11200513;2021;5;18;4;3;2;6;0;0;1;0;0;0;0;0
210736;11;6;6300632;2021;4;10;6;3;5;3;0;0;1;0;0;0;0;0
210735;11;5;5100105;2021;3;11;4;2;2;6;0;0;1;0;0;0;0;0
210734;11;7;7601341;2021;5;18;3;3;0;2;0;1;1;0;0;0;0;0
210733;11;6;6100207;2021;4;8;4;3;2;6;0;0;1;0;0;0;1;0
210732;11;1;1100309;2021;3;14;4;3;8;7;0;0;0;0;0;0;1;0
210731;11;7;7200307;2021;5;20;2;3;5;3;2;0;1;0;0;0;0;1
210730;11;8;8100521;2021;4;11;2;3;5;3;0;0;1;0;0;0;0;0
210729;11;5;5400943;2021;5;17;2;3;2;7;2;0;1;0;1;0;0;1
210728;11;8;8200833;2021;5;12;3;2;5;3;0;1;1;0;0;0;0;0
210727;11;2;2100106;2021;5;16;7;3;3;6;0;1;1;0;0;0;0;0
210726;11;9;9200716;2021;5;14;6;3;5;3;0;1;1;0;0;0;0;0
210725;11;8;8200831;2021;4;9;2;3;2;6;0;0;1;0;0;0;1;1
210724;11;4;4400830;2021;4;10;6;3;5;3;0;1;1;0;0;0;0;0
210723;11;2;2200210;2021;4;15;3;3;5;2;0;1;1;0;0;0;0;0
210722;11;1;1200517;2021;5;6;4;3;5;2;0;1;1;0;0;0;0;1
210721;11;5;5300736;2021;4;15;3;3;2;6;0;0;1;0;0;0;0;0
210720;11;3;3601142;2021;3;10;3;3;1;5;0;1;0;0;0;0;1;0
210719;11;5;5300841;2021;4;15;5;3;2;6;0;0;1;0;0;0;0;0
210718;11;4;4500939;2021;3;16;6;3;2;7;0;0;1;0;0;0;0;0
210717;11;1;1100310;2021;5;14;4;3;5;2;0;1;0;0;0;1;0;0
210716;11;10;10100207;2021;5;15;4;3;6;4;0;0;1;1;0;0;0;0
210715;11;11;11100203;2021;4;18;5;3;5;3;1;1;0;0;0;0;0;0
210714;11;1;1300836;2021;5;17;1;3;2;6;0;0;1;0;0;0;0;0
210713;11;5;5200629;2021;4;12;3;3;2;6;0;0;1;0;0;0;0;0
210712;11;2;2200209;2021;5;7;6;3;6;2;0;0;1;1;0;0;0;0
210711;11;7;7300619;2021;4;18;2;3;1;5;1;1;1;0;0;0;0;0
210710;11;4;4501045;2021;3;10;2;3;2;6;0;0;1;0;0;0;0;0
210709;11;2;2300314;2021;4;18;3;3;0;1;0;1;0;0;0;0;0;1
210708;11;10;10100206;2021;4;10;3;3;5;3;0;0;1;0;0;0;0;0
210707;11;1;1200623;2021;5;18;6;3;5;7;0;0;1;0;0;0;0;1
210706;11;5;5100316;2021;4;10;5;3;2;6;0;0;1;0;0;0;0;0
210705;11;6;6200317;2021;3;17;3;3;1;5;0;0;1;0;0;0;0;0
210704;11;7;7501031;2021;4;11;7;3;5;2;0;0;0;0;1;0;1;0
210703;11;12;12400619;2021;3;14;7;3;2;6;0;1;1;0;0;0;0;1
210702;11;9;9501737;2021;5;10;2;3;4;6;0;1;0;0;0;0;0;0
210701;11;2;2400624;2021;5;18;5;3;6;7;0;0;0;1;0;0;1;0
210700;11;1;1100103;2021;5;10;4;2;5;3;0;0;1;0;1;0;0;0
210699;11;4;4200311;2021;4;15;7;3;2;6;0;0;1;0;0;0;0;0
210698;11;2;2300316;2021;5;15;1;3;5;3;0;1;1;0;0;0;0;1
210697;11;9;9501838;2021;4;16;3;2;4;6;0;0;1;0;1;0;0;0
210696;11;12;12601235;2021;3;15;3;3;2;2;0;0;1;0;0;1;0;0
210695;11;12;12601133;2021;4;11;7;3;5;3;0;0;1;0;0;0;0;0
210694;11;9;9401329;2021;5;11;7;3;5;3;0;1;1;0;0;0;0;0
210693;11;8;8300934;2021;4;12;2;3;1;5;0;0;1;0;0;0;0;0
210692;11;7;7100101;2021;5;21;2;3;1;7;2;1;1;0;0;0;0;0
210691;11;1;1401045;2021;5;18;6;3;2;6;0;0;1;0;0;0;0;1
210690;11;11;11300618;2021;5;16;5;3;2;6;0;0;1;0;0;0;0;0
210689;11;2;2500835;2021;4;6;2;3;5;3;0;1;0;0;0;0;1;1
210688;11;10;10200629;2021;3;9;4;3;0;7;0;1;0;0;0;0;0;0
210687;11;1;1100207;2021;4;16;3;2;5;3;0;1;1;0;0;0;0;0
210686;11;1;1300835;2021;5;18;4;3;2;1;0;0;1;0;0;0;1;0
210685;11;1;1200517;2021;3;19;1;3;0;2;2;0;1;0;0;0;1;1
210684;11;1;1200627;2021;4;18;4;3;2;6;0;0;1;0;0;0;0;0
210683;11;4;4500936;2021;3;14;5;3;0;3;0;0;1;0;1;0;0;0
210682;11;5;5100314;2021;5;17;3;3;3;6;0;0;1;0;0;0;1;0
210681;11;2;2100103;2021;4;16;1;3;2;6;0;0;1;0;0;0;0;0
210680;11;1;1100313;2021;5;7;2;3;5;3;0;0;1;0;0;0;0;1
210679;11;9;9100304;2021;4;9;4;2;1;5;0;1;1;0;0;0;0;0
210678;11;6;6400842;2021;5;19;1;2;3;6;0;0;1;0;1;0;0;0