OBJECTID;LAND;BEZ;LOR_ab_2021;UJAHR;UMONAT;USTUNDE;UWOCHENTAG;UKATEGORIE;UART;UTYP1;ULICHTVERH;IstRad;IstPKW;IstFuss;IstKrad;IstGkfz;IstSonstige;USTRZUSTAND
210677;11;1;1300835;2021;5;18;6;3;5;3;0;1;1;0;0;0;0;0
210676;11;1;1100207;2021;4;9;3;3;5;3;0;0;1;0;0;0;0;0
210675;11;1;1400938;2021;4;13;6;3;2;6;0;1;0;0;0;0;0;0
210674;11;9;9301126;2021;3;6;4;3;5;3;0;0;1;0;0;0;0;0
210673;11;11;11300620;2021;4;15;2;2;5;3;0;0;1;0;0;0;0;0
210672;11;2;2200209;2021;5;16;3;3;5;7;0;0;1;0;0;0;0;0
210671;11;3;3300411;2021;5;19;6;3;0;1;0;0;1;0;0;0;0;1
210670;11;7;7300618;2021;5;23;3;3;1;5;2;0;1;0;0;0;1;0
210669;11;1;1200517;2021;5;10;5;3;5;7;0;0;1;0;0;0;0;0
210668;11;3;3601141;2021;4;5;6;2;5;2;1;1;1;0;0;0;0;0
210667;11;3;3200308;2021;3;10;4;2;6;2;0;0;1;1;0;0;0;0
210666;11;1;1100206;2021;5;11;3;3;5;3;0;1;1;0;0;0;0;0
210665;11;3;3701660;2021;3;18;2;3;1;5;1;1;1;0;0;0;0;0
210664;11;9;9401329;2021;4;3;4;3;7;7;2;0;0;0;1;0;0;0
210663;11;4;4100101;2021;3;16;5;2;8;1;0;0;0;0;1;0;0;0
210662;11;3;3601449;2021;5;21;2;3;1;5;2;0;1;0;0;0;0;0
210661;11;4;4501045;2021;4;20;2;3;5;3;2;0;1;0;0;0;0;0
210660;11;6;6200314;2021;5;8;2;3;1;5;0;1;1;0;0;0;0;0
210659;11;12;12200412;2021;4;18;4;3;5;2;0;1;1;0;0;0;0;0
210658;11;2;2500726;2021;5;7;7;3;5;2;0;0;1;0;0;0;1;0
210657;11;1;1100206;2021;5;22;5;3;5;3;2;0;1;0;0;0;0;0
210656;11;4;4501153;2021;4;10;2;3;5;2;0;1;0;0;0;0;1;0
210655;11;8;8200726;2021;4;20;5;3;4;6;2;0;1;0;0;0;0;0
210654;11;7;7100101;2021;4;15;3;3;5;2;0;0;1;0;0;1;0;0
210653;11;1;1401049;2021;5;15;4;3;5;2;0;1;1;0;0;0;0;0
210652;11;1;1100205;2021;4;17;3;3;5;3;0;1;1;0;0;0;0;0
210651;11;9;9501941;2021;3;7;3;3;2;6;0;0;1;0;1;0;0;0
210650;11;7;7300619;2021;4;12;6;2;0;3;0;1;1;0;0;0;0;0
210649;11;12;12400722;2021;3;14;6;3;5;3;0;0;1;0;0;0;0;0
210648;11;9;9200511;2021;5;19;3;2;3;6;0;0;1;0;1;0;0;1
210647;11;5;5100101;2021;5;13;2;3;0;1;0;1;0;0;0;0;0;0
210646;11;7;7200307;2021;4;14;6;3;2;6;0;0;1;0;1;0;0;0
210645;11;10;10100209;2021;4;17;2;3;5;3;0;1;1;0;0;0;0;0
210644;11;5;5100317;2021;5;22;6;2;6;4;2;0;1;1;0;0;0;0
210643;11;4;4300619;2021;4;17;3;3;2;6;0;0;1;0;0;0;0;0
210642;11;3;3300411;2021;3;13;3;3;6;7;0;0;1;1;0;0;0;0
210641;11;5;5100210;2021;4;12;6;3;5;3;0;1;1;0;0;0;0;0
210640;11;12;12601235;2021;4;9;3;3;5;7;0;0;1;0;0;0;1;0
210639;11;2;2200209;2021;5;18;6;3;1;5;0;0;1;0;0;0;0;0
210638;11;9;9501737;2021;3;15;4;3;2;2;0;1;1;0;0;0;0;0
210637;11;3;3400829;2021;4;18;6;3;2;6;0;1;1;0;0;0;0;0
210636;11;6;6200313;2021;3;11;7;3;2;6;0;1;1;0;0;0;0;1
210635;11;3;3400828;2021;5;18;2;2;5;3;0;1;1;0;0;0;0;0
210634;11;4;4300623;2021;5;12;5;3;6;4;0;0;1;1;0;0;0;1
210633;11;7;7100205;2021;5;13;4;3;5;3;0;0;1;0;0;0;0;0
210632;11;1;1100103;2021;4;22;6;3;5;2;2;0;1;0;0;0;1;0
210631;11;12;12100102;2021;5;12;1;3;5;3;0;0;1;0;0;0;0;0
210630;11;11;11200410;2021;4;17;4;3;5;3;0;1;1;0;0;0;0;0
210629;11;11;11401137;2021;3;14;4;3;0;2;0;1;1;0;0;0;0;0
210628;11;12;12200412;2021;4;15;1;2;5;3;0;1;1;0;0;0;0;0
210627;11;1;1100102;2021;5;13;7;3;1;5;0;1;1;0;0;0;0;0
210626;11;8;8100208;2021;5;10;7;3;5;7;0;0;1;0;0;0;0;0
210625;11;11;11100204;2021;4;7;2;3;6;2;0;0;1;1;0;0;0;0
210624;11;4;4300624;2021;5;21;2;3;1;5;2;0;1;0;0;0;0;0
210623;11;5;5100317;2021;5;8;6;3;5;3;0;0;1;0;0;0;0;0
210622;11;1;1100206;2021;5;8;4;3;5;2;0;1;1;0;0;0;0;0
210621;11;1;1100415;2021;4;18;7;3;5;3;0;1;1;0;0;0;0;0
210620;11;1;1100312;2021;4;9;5;3;1;5;0;1;1;0;0;0;0;0
210619;11;2;2400624;2021;5;19;4;3;2;6;1;1;1;0;0;0;0;1
210618;11;7;7400826;2021;4;14;3;3;2;6;0;0;1;0;0;0;0;0
210617;11;9;9100305;2021;3;14;2;3;6;4;0;0;1;1;0;0;0;0
210616;11;8;8301036;2021;4;13;5;2;2;6;0;0;1;0;0;0;1;0
210615;11;2;2400623;2021;3;9;5;2;6;4;0;0;0;1;1;0;0;0
210614;11;2;2100106;2021;5;9;3;3;0;4;0;1;0;1;0;0;0;1
210613;11;1;1400940;2021;4;3;1;2;1;5;2;0;1;0;0;0;0;0
210612;11;9;9200717;2021;5;11;2;3;6;7;0;0;1;1;0;0;0;0
210611;11;3;3300411;2021;4;7;4;3;5;3;0;1;1;0;0;0;0;0
210610;11;1;1300732;2021;5;11;1;3;0;6;0;0;1;0;1;0;0;0
210609;11;3;3501038;2021;4;10;1;3;4;6;0;1;1;0;0;0;0;0
210608;11;4;4300620;2021;5;11;6;3;1;1;0;1;1;0;0;0;0;0
210607;11;2;2500834;2021;4;11;2;3;5;2;0;1;1;0;0;0;0;0
210606;11;3;3601244;2021;4;18;6;3;6;7;0;1;0;1;0;0;0;1
210605;11;7;7300619;2021;4;12;4;2;5;7;0;0;1;0;0;0;0;0
210604;11;8;8100102;2021;5;0;5;3;5;3;2;0;1;0;0;0;0;1
210603;11;6;6300525;2021;4;14;4;3;2;2;0;1;0;0;0;0;1;0
210602;11;1;1200520;2021;3;15;3;3;2;2;0;1;1;0;0;0;0;0
210601;11;7;7601544;2021;4;19;7;3;4;6;0;0;1;0;0;0;0;0
210600;11;5;5100316;2021;3;7;7;3;5;7;0;0;1;0;0;0;1;0
210599;11;7;7400823;2021;5;21;3;3;5;2;1;0;1;0;0;0;0;1
210598;11;4;4501043;2021;5;18;2;3;0;3;0;1;1;0;0;0;0;0
210597;11;2;2500836;2021;4;17;6;3;2;6;0;0;1;0;0;0;0;0
210596;11;1;1200623;2021;5;17;6;3;3;6;0;1;1;0;0;0;0;1
210595;11;8;8100314;2021;4;10;4;3;1;5;0;0;1;0;0;0;0;0
210594;11;1;1100416;2021;3;15;2;3;1;5;0;1;0;0;0;0;1;0
210593;11;8;8301036;2021;4;23;5;3;1;5;2;0;1;0;0;0;0;0
210592;11;1;1100207;2021;4;11;3;3;5;2;0;1;1;0;0;0;0;0
210591;11;2;2500835;2021;5;14;6;3;5;2;0;1;1;0;0;0;0;1
210590;11;9;9301025;2021;5;23;6;3;1;5;2;0;1;0;0;0;0;1
210589;11;8;8401241;2021;3;16;3;3;5;2;0;0;1;0;0;0;0;0
210588;11;5;5300737;2021;4;8;2;3;0;2;0;1;1;0;0;0;0;0
210587;11;4;4200310;2021;5;15;2;3;5;2;0;0;1;0;0;0;0;0
210586;11;3;3200308;2021;5;15;5;3;2;2;0;1;1;0;0;0;0;0
210585;11;1;1401044;2021;4;17;3;3;5;3;0;1;1;0;0;0;0;1
210584;11;4;4200311;2021;5;14;4;3;2;6;0;0;1;0;0;0;1;0
210583;11;10;10300731;2021;4;13;3;3;2;6;0;0;1;0;0;0;0;0
210582;11;3;3100102;2021;3;10;2;3;5;2;0;0;1;0;1;0;0;0
210581;11;12;12200309;2021;4;18;5;3;2;6;0;0;1;0;0;0;0;0
210580;11;6;6100205;2021;3;0;7;3;5;7;2;0;1;0;0;0;0;0
210579;11;2;2100101;2021;5;13;4;3;2;6;0;0;1;0;0;0;0;0
210578;11;5;5100317;2021;5;16;2;3;4;2;0;1;1;0;0;0;0;0
210577;11;12;12601032;2021;4;13;6;3;5;3;0;0;1;0;0;0;0;0
210576;11;12;12100102;2021;4;21;2;3;2;6;2;1;1;0;0;0;0;0
210575;11;8;8401241;2021;5;16;6;3;6;4;0;0;1;1;0;0;0;0
210574;11;4;4300623;2021;4;16;4;3;5;2;0;1;0;0;0;0;1;0
210573;11;2;2500831;2021;3;10;3;3;5;2;0;1;1;0;0;0;0;0
210572;11;12;12100101;2021;4;17;4;3;5;3;0;0;1;0;0;0;0;0
210571;11;12;12200309;2021;5;9;6;3;0;5;0;0;1;0;0;0;1;1
210570;11;9;9100101;2021;5;21;6;3;5;3;0;0;1;0;0;0;0;0
210569;11;2;2300315;2021;3;18;4;3;5;2;0;1;1;0;0;0;0;0
210568;11;11;11300826;2021;4;7;6;3;7;7;0;1;0;0;0;0;0;0
210567;11;2;2200210;2021;3;9;7;3;5;3;0;0;1;0;0;0;1;1
210566;11;5;5100317;2021;5;18;2;3;0;1;0;1;0;0;0;0;0;0
210565;11;8;8100521;2021;5;15;6;3;2;6;0;0;1;0;0;0;1;1
210564;11;7;7400826;2021;5;1;4;3;1;7;2;0;1;0;0;0;0;0
210563;11;1;1100206;2021;4;20;6;3;5;3;1;1;1;0;0;0;0;0
210562;11;5;5100209;2021;5;21;7;3;5;2;0;0;1;0;0;0;0;0
210561;11;5;5100316;2021;4;18;4;2;9;1;0;0;0;0;1;0;0;1
210560;11;3;3701660;2021;3;13;4;3;6;7;0;1;0;1;0;0;0;0
210559;11;5;5300735;2021;4;17;6;3;6;4;0;0;1;1;0;0;0;0
210558;11;5;5100317;2021;4;10;2;2;2;6;0;0;1;0;0;0;0;0
210557;11;11;11200410;2021;4;16;2;3;5;3;0;1;1;0;0;0;0;0
210556;11;1;1100309;2021;5;11;1;3;1;5;0;1;1;0;0;0;0;1
210555;11;6;6400838;2021;5;15;7;3;5;3;0;1;1;0;0;0;0;0
210554;11;4;4501148;2021;4;13;3;3;0;7;0;0;0;0;0;0;1;0
210553;11;7;7400927;2021;5;11;3;3;5;3;0;0;1;0;0;0;1;0
210552;11;6;6100103;2021;5;20;7;3;2;6;1;0;1;0;0;0;0;0
210551;11;1;1200623;2021;5;1;5;3;5;2;2;0;1;0;1;0;0;0
210550;11;9;9301228;2021;4;12;1;2;9;1;0;0;1;0;0;0;0;1
210549;11;7;7200307;2021;4;10;5;3;5;3;0;1;1;0;0;0;0;0
210548;11;4;4400835;2021;5;16;5;3;5;3;0;0;1;0;0;0;0;1
210547;11;6;6400839;2021;4;17;3;3;2;7;0;0;0;0;1;0;1;0
210546;11;4;4500939;2021;3;23;2;3;3;6;2;0;1;0;0;0;0;0
210545;11;10;10200629;2021;4;11;6;3;6;2;0;0;1;1;0;0;0;0
210544;11;8;8200727;2021;3;11;5;3;5;3;0;1;1;0;0;0;0;0
210543;11;8;8401246;2021;5;7;2;3;5;3;0;1;0;0;0;0;1;0
210542;11;1;1300733;2021;4;17;1;3;2;6;0;0;1;0;1;0;0;0
210541;11;6;6100207;2021;5;11;2;3;2;2;0;1;1;0;0;0;0;0
210540;11;3;3400724;2021;4;6;4;2;5;3;0;1;1;0;0;0;0;0
210539;11;7;7601544;2021;5;14;7;3;5;2;0;0;1;0;0;0;0;0
210538;11;4;4100102;2021;4;18;7;3;0;6;0;0;1;0;1;0;0;0
210537;11;2;2200211;2021;5;12;5;3;1;7;0;0;1;0;0;0;0;0
210536;11;1;1300836;2021;4;12;3;3;0;6;0;1;1;0;0;0;0;0
210535;11;12;12500927;2021;4;12;7;3;0;3;0;1;0;0;0;0;1;0
210534;11;7;7300619;2021;4;1;4;2;1;5;2;1;1;0;0;0;0;0
210533;11;6;6400843;2021;5;12;6;3;6;7;0;0;1;1;0;0;0;0
210532;11;2;2200210;2021;4;22;5;3;0;7;2;1;0;0;0;0;0;1
210531;11;12;12601235;2021;3;11;2;3;2;6;0;0;1;0;0;0;0;0
210530;11;6;6300634;2021;4;9;1;3;5;2;0;0;0;0;1;0;1;0
210529;11;5;5100316;2021;3;14;6;2;6;4;0;0;1;1;0;0;0;0
210528;11;10;10400940;2021;5;17;4;3;5;2;0;0;1;0;0;0;1;1
210527;11;1;1100206;2021;5;16;3;3;3;6;0;1;0;0;0;0;1;0
210526;11;2;2500727;2021;4;19;6;3;2;6;0;1;1;0;0;0;0;0
210525;11;6;6300527;2021;4;16;3;3;6;4;0;0;1;1;0;0;0;0
210524;11;3;3601244;2021;3;14;3;3;5;3;0;0;1;0;0;0;0;0
210523;11;1;1100103;2021;4;16;6;3;5;7;0;1;1;0;0;0;0;0
210522;11;1;1401045;2021;5;14;7;3;6;2;0;0;1;1;0;0;0;1
210521;11;3;3300517;2021;5;2;7;1;8;1;2;0;1;0;0;0;0;0
210520;11;9;9200715;2021;3;15;4;3;2;6;0;0;1;0;0;0;0;0
210519;11;9;9100306;2021;4;16;2;3;2;2;0;0;1;0;1;0;0;0
210518;11;1;1300834;2021;5;18;2;3;2;6;0;0;1;0;0;0;0;0
210517;11;4;4501042;2021;5;15;5;3;5;2;0;0;1;0;1;0;0;0
210516;11;4;4300619;2021;5;20;4;3;0;7;0;0;0;0;1;0;0;0
210515;11;4;4500937;2021;4;16;6;3;0;2;0;1;1;0;0;0;0;0
210514;11;8;8100103;2021;4;15;5;3;3;6;0;0;1;0;1;0;0;0
210513;11;10;10100311;2021;5;13;1;3;5;2;0;1;1;0;0;0;0;0
210512;11;3;3601245;2021;5;18;3;3;5;2;0;1;0;0;0;0;0;0
210511;11;2;2500833;2021;4;18;4;3;0;1;0;1;0;0;0;0;0;0
210510;11;4;4501153;2021;3;13;4;3;5;2;0;1;1;0;0;0;0;0
210509;11;11;11300617;2021;5;14;2;2;6;4;0;0;1;1;0;0;0;0
210508;11;7;7100102;2021;4;19;2;3;2;7;0;1;1;0;0;0;0;0
210507;11;2;2100106;2021;5;15;2;3;5;7;0;0;1;0;1;0;0;0
210506;11;4;4300518;2021;5;11;2;2;5;7;0;1;1;0;0;0;0;0
210505;11;9;9200818;2021;5;18;6;3;1;5;0;1;1;0;0;0;0;1
210504;11;2;2200211;2021;5;7;5;3;6;4;0;0;0;1;0;0;1;0
210503;11;11;11501340;2021;4;7;2;3;3;6;0;1;0;0;0;1;0;0
210502;11;5;5100316;2021;4;7;5;2;0;1;0;0;0;0;1;0;0;0
210501;11;8;8100312;2021;5;15;4;3;3;6;0;0;1;0;0;0;0;0
210500;11;2;2200213;2021;5;19;4;3;2;6;0;1;0;0;0;0;1;0
210499;11;4;4300517;2021;4;15;7;3;0;2;0;1;1;0;0;0;0;0
210498;11;4;4501146;2021;5;19;7;3;0;5;0;1;0;0;0;0;1;0
210497;11;6;6100208;2021;4;11;5;3;6;4;0;0;1;1;0;0;0;0
210496;11;11;11100204;2021;3;15;4;3;5;2;0;1;0;0;0;0;1;0
210495;11;6;6200423;2021;5;18;1;3;4;6;0;1;1;0;0;0;0;1
210494;11;6;6400736;2021;4;14;1;2;7;7;0;1;0;0;0;0;0;0
210493;11;6;6400840;2021;4;16;2;3;2;6;0;0;1;0;0;0;0;0
210492;11;3;3200206;2021;5;15;2;3;6;7;0;0;1;1;0;0;0;0
210491;11;1;1100103;2021;5;18;7;3;0;5;0;1;1;0;0;0;0;0
210490;11;7;7100101;2021;5;17;3;3;2;6;0;0;1;0;0;0;1;0
210489;11;8;8401139;2021;5;17;6;3;4;5;0;1;1;0;0;0;0;0
210488;11;6;6100207;2021;5;14;4;3;2;6;0;1;1;0;0;0;0;0
210487;11;12;12200411;2021;4;18;1;3;2;6;0;0;1;0;0;1;0;1
210486;11;7;7601546;2021;3;12;4;2;2;6;0;0;1;0;0;0;0;0
210485;11;11;11501340;2021;5;18;5;2;5;3;0;0;1;0;0;0;1;1
210484;11;6;6100205;2021;4;15;3;2;6;4;0;0;1;1;0;0;0;0
210483;11;8;8100208;2021;3;12;1;3;6;4;0;1;0;1;0;0;0;0
210482;11;8;8200832;2021;4;10;6;3;6;4;0;0;1;1;0;0;0;0
210481;11;2;2200209;2021;3;8;5;3;5;2;0;1;1;0;0;0;0;0
210480;11;4;4501043;2021;5;7;3;2;5;2;0;1;0;0;0;1;0;0
210479;11;5;5100105;2021;5;9;2;3;2;6;0;0;1;0;0;0;1;0
210478;11;4;4300620;2021;4;10;5;3;0;6;0;0;1;0;0;0;1;1
210477;11;7;7100102;2021;5;22;7;3;6;2;2;0;1;1;0;0;0;0
210476;11;10;10100205;2021;4;12;7;2;0;6;0;0;1;0;1;0;0;0
210475;11;4;4400834;2021;5;13;6;3;5;2;0;1;1;0;0;0;0;0
210474;11;10;10300734;2021;4;16;2;3;1;3;0;0;1;0;0;0;0;0
210473;11;2;2100105;2021;4;20;5;3;5;3;2;1;0;0;0;0;1;0
210472;11;5;5100105;2021;5;12;6;3;5;3;0;0;1;0;0;0;0;1
210471;11;4;4200310;2021;4;9;4;3;2;6;0;0;1;0;0;1;0;0
210470;11;7;7601442;2021;3;13;3;3;5;3;0;0;1;0;1;0;0;0
210469;11;9;9501939;2021;4;14;6;3;5;3;0;1;1;0;0;0;0;0
210468;11;4;4501153;2021;3;13;6;3;3;6;0;0;1;0;1;0;0;0
210467;11;7;7300517;2021;5;16;3;3;2;6;0;1;1;0;0;0;0;0
210466;11;1;1200522;2021;5;22;4;3;5;2;2;1;1;0;0;0;0;0
210465;11;6;6100103;2021;4;20;5;3;6;2;2;0;1;1;0;0;0;1
210464;11;3;3300413;2021;4;9;5;3;6;4;0;0;1;1;0;0;0;0
210463;11;3;3701556;2021;4;19;3;3;0;6;0;1;1;0;0;0;0;0
210462;11;4;4300416;2021;3;11;3;3;3;6;0;1;1;0;0;0;0;0
210461;11;3;3400724;2021;4;17;6;3;5;2;0;1;1;0;0;0;0;0
210460;11;1;1300732;2021;5;15;1;2;0;1;0;0;1;0;1;0;0;1
210459;11;4;4400726;2021;3;14;3;3;3;6;0;0;0;0;1;0;1;0
210458;11;5;5200423;2021;4;7;2;3;5;7;0;0;0;0;1;1;0;0
210457;11;10;10200418;2021;5;14;3;3;2;1;0;1;1;0;0;0;0;0
210456;11;12;12200412;2021;5;16;6;3;2;6;0;0;1;0;0;1;0;1
210455;11;5;5100105;2021;5;11;4;3;1;5;0;1;1;0;0;0;0;0
210454;11;4;4200310;2021;5;17;4;3;5;3;0;0;1;0;0;0;0;0
210453;11;7;7100102;2021;4;17;6;3;1;5;0;1;1;0;0;0;0;0
210452;11;3;3601244;2021;4;9;5;3;5;3;0;1;1;0;0;0;0;0
210451;11;5;5100314;2021;5;18;3;3;3;6;0;0;1;0;0;0;0;0
210450;11;1;1100310;2021;3;10;1;3;5;2;0;0;1;0;0;0;0;0
210449;11;5;5300841;2021;4;9;5;3;6;7;0;0;0;1;0;0;1;0
210448;11;1;1300732;2021;3;17;5;3;5;2;0;1;1;0;0;0;0;0
210447;11;3;3400826;2021;5;7;2;3;6;7;0;0;0;1;0;0;1;0
210446;11;1;1300733;2021;4;9;2;3;5;3;0;1;1;0;0;0;0;1
210445;11;12;12500825;2021;5;6;2;3;5;3;0;0;1;0;0;0;0;0
210444;11;5;5100312;2021;4;13;5;2;5;7;0;0;1;0;0;0;0;1
210443;11;4;4200311;2021;5;13;1;3;5;2;0;1;1;0;0;0;0;0
210442;11;8;8200730;2021;5;20;6;2;2;7;0;0;1;0;0;0;0;0
210441;11;2;2300316;2021;4;15;2;3;5;3;0;0;0;0;1;0;1;0
210440;11;1;1100415;2021;4;22;5;3;2;7;2;1;1;0;0;0;0;0
210439;11;8;8100312;2021;4;17;3;3;5;3;0;1;1;0;1;0;0;0
210438;11;4;4300414;2021;5;12;4;3;1;5;0;1;1;0;0;0;0;0
210437;11;11;11501238;2021;4;13;3;3;0;2;0;1;1;0;0;0;0;0
210436;11;5;5100316;2021;3;11;3;3;5;2;0;0;1;0;0;0;1;0
210435;11;5;5200633;2021;4;16;5;3;5;2;0;1;1;0;0;0;0;0
210434;11;9;9100407;2021;3;16;6;3;2;2;0;0;1;0;0;0;0;0
210433;11;4;4400728;2021;5;17;3;3;5;3;0;0;1;0;0;0;0;0
210432;11;2;2400625;2021;5;17;4;3;3;6;0;1;1;0;0;0;0;0
210431;11;7;7300517;2021;4;15;6;3;6;7;0;0;1;1;0;0;0;0
210430;11;6;6300632;2021;4;8;3;3;5;3;0;1;1;0;0;0;0;0
210429;11;12;12200309;2021;5;11;6;2;6;4;0;0;1;1;0;0;0;0
210428;11;1;1401049;2021;4;9;3;3;5;2;0;1;1;0;0;0;0;0
210427;11;1;1300836;2021;3;12;3;2;5;3;0;0;1;0;0;0;0;0
210426;11;1;1200520;2021;4;10;4;3;5;2;0;1;1;0;0;0;0;0
210425;11;12;12500927;2021;4;7;3;3;6;2;0;0;1;1;0;0;0;0
210424;11;5;5100209;2021;5;10;6;3;5;2;0;0;1;0;0;0;0;1
210423;11;12;12200515;2021;4;16;4;2;3;6;0;1;0;0;0;0;0;0
210422;11;1;1100310;2021;3;18;3;3;2;6;0;0;1;0;0;0;0;0
210421;11;9;9200512;2021;4;17;1;3;5;3;0;0;1;0;1;0;0;0
210420;11;9;9502043;2021;3;1;7;3;9;1;2;0;1;0;0;0;0;0
210419;11;7;7601442;2021;5;15;2;3;1;5;0;1;0;0;0;0;1;0
210418;11;4;4200310;2021;5;9;5;3;5;2;0;1;1;0;0;0;0;0
210417;11;10;10200417;2021;5;19;4;3;5;3;0;1;1;0;0;0;0;0
210416;11;1;1100416;2021;4;14;6;3;2;6;0;0;1;0;0;0;0;0
210415;11;1;1200518;2021;1;14;2;3;6;4;0;0;1;1;0;0;0;1
210414;11;1;1300733;2021;2;16;1;3;5;2;0;1;1;0;0;0;0;0
210413;11;3;3300514;2021;3;0;1;3;8;1;2;0;1;0;0;0;0;0
210412;11;9;9301024;2021;1;12;3;3;0;7;0;0;1;0;0;0;0;0
210411;11;2;2500833;2021;2;13;2;3;2;6;0;0;1;0;0;0;0;2
210410;11;1;1200623;2021;2;17;5;3;2;2;1;0;1;0;0;0;0;0
210409;11;5;5100316;2021;1;12;5;3;2;6;0;0;1;0;0;0;0;0
210408;11;3;3200204;2021;3;12;4;3;5;2;0;1;1;0;0;0;0;0
210407;11;7;7400823;2021;1;16;3;3;5;7;2;1;1;0;0;0;0;1
210406;11;11;11200513;2021;1;9;3;3;5;3;0;1;1;0;0;0;0;1
210405;11;8;8100314;2021;2;13;3;3;2;6;0;0;1;0;0;0;1;0
210404;11;1;1100312;2021;3;11;2;3;1;5;0;0;1;0;0;0;1;0
210403;11;8;8401245;2021;3;18;3;3;2;2;2;0;1;0;0;0;1;0
210402;11;2;2100106;2021;2;12;2;2;2;6;0;0;1;0;0;0;0;1
210401;11;3;3601245;2021;2;17;7;3;0;2;2;1;1;0;0;0;0;0
210400;11;3;3500934;2021;1;16;7;3;5;2;2;0;1;0;0;0;1;1
210399;11;1;1300836;2021;2;6;2;3;5;7;2;1;1;0;0;0;0;1
210398;11;4;4200311;2021;3;7;5;2;5;3;0;1;1;0;0;0;0;0
210397;11;4;4501042;2021;2;7;4;3;2;2;0;0;1;0;0;0;0;0
210396;11;2;2200210;2021;1;7;7;3;9;1;0;0;1;0;0;0;0;0
210395;11;3;3500936;2021;3;11;5;3;5;3;0;1;0;0;0;0;1;0
210394;11;7;7400823;2021;3;11;5;2;5;7;0;0;1;0;0;0;0;1
210393;11;6;6200317;2021;3;7;6;3;5;3;0;0;1;0;0;0;0;0
210392;11;11;11200514;2021;2;16;5;3;6;7;0;0;1;1;0;0;0;0
210391;11;2;2500835;2021;1;3;1;3;0;1;2;0;0;0;0;0;1;0
210390;11;8;8200726;2021;3;5;3;3;6;4;2;0;0;1;0;0;1;1
210389;11;2;2100101;2021;1;12;3;3;5;7;0;1;1;0;0;0;0;1
210388;11;11;11300722;2021;2;6;4;3;6;2;2;0;1;1;0;0;0;1
210387;11;3;3200207;2021;3;15;3;3;2;6;0;0;1;0;0;0;0;0
210386;11;10;10100209;2021;2;13;5;3;6;4;0;0;1;1;0;0;0;2
210385;11;11;11300617;2021;2;17;5;3;2;6;0;0;1;0;0;0;1;0
210384;11;8;8200832;2021;1;5;3;3;6;2;2;0;0;1;0;0;1;1
210383;11;6;6300634;2021;3;15;5;3;5;2;0;0;1;0;0;0;0;0
210382;11;9;9200715;2021;1;17;6;3;5;3;2;0;1;0;0;0;0;1
210381;11;11;11200411;2021;3;14;1;3;5;2;0;0;1;0;0;0;0;0
210380;11;10;10400837;2021;3;13;2;3;5;3;0;1;1;0;0;0;0;0
210379;11;3;3200205;2021;1;14;3;2;5;3;0;0;1;0;0;0;0;1
210378;11;12;12500824;2021;1;13;4;2;1;5;0;0;1;0;0;0;0;1
210377;11;1;1300834;2021;2;16;1;3;2;6;0;0;1;0;0;0;0;0
210376;11;3;3500935;2021;3;15;2;3;6;6;0;1;0;1;0;0;0;0
210375;11;2;2400623;2021;1;16;5;3;2;6;0;0;1;0;0;0;0;1
210374;11;3;3601243;2021;3;20;3;2;5;3;2;0;1;0;0;0;0;0
210373;11;4;4501040;2021;1;8;4;3;5;2;0;1;1;0;0;0;0;1
210372;11;9;9100306;2021;2;5;6;3;6;2;2;0;1;1;0;0;0;1
210371;11;6;6300632;2021;3;16;2;2;6;4;0;0;1;1;0;0;0;0
210370;11;3;3400829;2021;1;13;4;3;5;3;0;1;1;0;0;0;0;1
210369;11;10;10400837;2021;3;9;4;3;0;3;0;1;1;0;0;0;0;0
210368;11;11;11401137;2021;2;21;2;2;0;7;2;0;1;0;0;0;0;0
210367;11;9;9200715;2021;1;16;5;3;5;2;1;1;0;0;0;0;1;0
210366;11;2;2500833;2021;1;19;5;3;0;1;2;1;0;0;0;0;0;1
210365;11;1;1200623;2021;3;15;6;3;1;5;0;1;0;0;0;0;1;0
210364;11;11;11501339;2021;2;16;2;3;5;3;0;1;1;0;0;0;0;0
210363;11;1;1100206;2021;3;15;3;3;3;6;0;1;1;0;0;0;0;0
210362;11;5;5200629;2021;3;18;5;2;6;4;2;0;0;1;0;0;1;1
210361;11;10;10100311;2021;2;7;3;3;5;2;0;0;1;0;0;0;1;2
210360;11;2;2100102;2021;3;15;3;2;1;5;0;1;1;0;0;0;1;0
210359;11;5;5200423;2021;1;17;7;3;5;2;2;0;1;0;0;0;0;1
210358;11;9;9200715;2021;2;6;5;2;5;3;2;0;1;0;0;0;1;1
210357;11;9;9200511;2021;2;14;5;3;1;5;0;0;1;0;0;0;1;1
210356;11;11;11200512;2021;3;20;7;3;5;2;2;0;1;0;0;0;1;0
210355;11;6;6100205;2021;2;12;4;3;0;2;0;1;1;0;0;0;0;0
210354;11;8;8100206;2021;1;16;6;3;3;6;0;1;1;0;0;0;0;0
210353;11;12;12601134;2021;3;13;6;2;6;4;0;0;1;1;0;0;0;0
210352;11;3;3200207;2021;1;19;6;2;6;4;2;0;1;1;0;0;0;1
210351;11;5;5100316;2021;3;21;7;3;3;6;2;0;1;0;0;0;0;1
210350;11;12;12601235;2021;3;8;2;3;5;2;0;0;1;0;0;0;1;0
210349;11;7;7601442;2021;2;14;5;3;0;5;0;0;1;0;0;0;0;0
210348;11;4;4501150;2021;1;10;6;3;6;7;0;0;1;1;0;0;0;1