OBJECTID;LAND;BEZ;LOR_ab_2021;UJAHR;UMONAT;USTUNDE;UWOCHENTAG;UKATEGORIE;UART;UTYP1;ULICHTVERH;IstRad;IstPKW;IstFuss;IstKrad;IstGkfz;IstSonstige;USTRZUSTAND
210347;11;8;8300935;2021;1;14;1;3;6;4;0;0;1;1;0;0;0;0
210346;11;12;12601235;2021;3;5;3;2;2;7;2;0;1;0;0;0;1;1
210345;11;9;9200510;2021;3;17;4;3;5;2;0;1;1;0;0;0;0;0
210344;11;10;10100205;2021;2;7;3;3;5;3;0;0;1;0;0;0;0;2
210343;11;4;4500939;2021;3;16;3;3;5;3;0;1;1;0;0;0;0;0
210342;11;1;1100308;2021;1;7;6;3;6;4;2;0;1;1;0;0;0;0
210341;11;7;7400825;2021;2;14;2;3;6;2;0;0;1;1;0;0;0;2
210340;11;3;3701555;2021;2;14;5;3;6;4;0;1;1;1;0;0;0;1
210339;11;11;11400930;2021;3;10;7;2;5;3;0;0;1;0;0;0;0;0
210338;11;1;1200623;2021;2;15;4;3;2;6;0;0;1;0;0;0;0;0
210337;11;4;4300623;2021;1;18;7;3;1;5;2;1;1;0;0;0;0;1
210336;11;8;8100415;2021;3;17;4;2;5;2;1;0;1;0;0;0;1;0
210335;11;3;3400829;2021;3;16;5;3;5;3;0;0;1;0;0;0;0;1
210334;11;6;6300631;2021;2;16;6;3;5;3;1;1;1;0;0;0;0;1
210333;11;1;1100309;2021;3;21;7;2;5;3;2;1;0;0;0;0;0;1
210332;11;8;8200725;2021;2;15;7;3;5;3;0;0;1;0;0;0;0;0
210331;11;8;8401241;2021;1;12;2;3;5;7;0;0;1;0;0;1;0;1
210330;11;4;4500938;2021;1;7;2;3;1;5;2;1;1;0;0;0;0;1
210329;11;1;1300733;2021;1;16;3;2;0;2;1;0;1;0;1;0;0;1
210328;11;4;4200207;2021;1;14;5;3;5;2;0;1;0;0;0;0;0;1
210327;11;6;6300526;2021;3;16;3;3;5;3;0;0;1;0;0;0;0;0
210326;11;9;9401329;2021;1;12;3;3;5;3;0;1;0;0;0;1;0;1
210325;11;7;7300619;2021;2;12;2;3;5;2;0;0;1;0;0;0;0;2
210324;11;2;2100104;2021;2;8;5;3;0;1;0;0;0;0;1;0;0;1
210323;11;7;7400823;2021;1;13;2;3;3;6;0;0;1;0;0;0;0;0
210322;11;10;10400835;2021;3;19;5;3;5;3;2;0;1;0;0;0;0;0
210321;11;2;2400623;2021;1;17;1;3;1;5;2;1;1;0;0;0;0;1
210320;11;4;4501042;2021;3;13;2;3;1;5;0;0;1;0;0;0;0;0
210319;11;8;8200832;2021;1;18;3;3;6;2;2;0;1;1;0;0;0;1
210318;11;6;6200316;2021;1;16;3;3;2;6;1;0;1;0;0;0;0;0
210317;11;4;4400727;2021;2;8;2;3;6;4;0;0;0;1;0;0;1;0
210316;11;1;1100308;2021;3;13;3;3;0;7;0;0;1;0;0;0;1;0
210315;11;12;12200310;2021;3;15;5;3;6;4;0;0;0;1;0;0;1;1
210314;11;1;1300732;2021;1;8;4;3;5;2;0;1;1;0;0;0;0;0
210313;11;1;1200624;2021;2;14;6;3;2;6;0;0;1;0;0;0;1;1
210312;11;7;7601340;2021;3;16;2;3;2;3;0;1;1;0;0;0;0;0
210311;11;4;4300416;2021;1;4;3;3;9;1;2;0;1;0;0;0;0;1
210310;11;4;4400830;2021;3;5;5;3;1;5;2;1;0;0;0;0;1;0
210309;11;8;8401241;2021;2;15;3;3;2;6;0;0;1;0;0;0;0;1
210308;11;1;1300836;2021;1;8;5;2;3;6;0;1;0;0;0;0;1;0
210307;11;1;1401045;2021;1;9;5;3;2;6;0;0;1;0;0;1;0;1
210306;11;2;2400521;2021;3;11;5;3;5;2;0;1;1;0;0;0;0;0
210305;11;2;2200209;2021;2;13;2;3;5;2;0;0;1;0;1;0;0;0
210304;11;7;7501134;2021;3;12;4;2;6;4;0;0;1;1;0;0;0;1
210303;11;9;9200715;2021;3;9;5;3;5;2;0;0;1;0;0;0;0;0
210302;11;6;6200313;2021;2;6;4;2;6;2;2;0;1;1;0;0;0;1
210301;11;12;12200412;2021;3;13;2;3;5;7;0;0;1;0;0;0;0;0
210300;11;6;6100102;2021;1;17;5;2;5;2;2;0;1;0;0;0;0;1
210299;11;1;1200518;2021;2;13;5;3;5;2;0;1;1;0;0;0;0;1
210298;11;2;2500833;2021;1;9;5;3;0;1;0;0;0;0;1;0;0;1
210297;11;2;2300316;2021;3;17;6;3;5;2;0;1;1;0;0;0;0;0
210296;11;7;7601238;2021;2;7;4;3;2;6;0;0;1;0;0;0;0;0
210295;11;4;4100102;2021;1;16;6;3;0;7;1;1;0;0;0;0;0;1
210294;11;4;4501149;2021;3;13;6;3;5;2;0;1;1;0;0;0;0;0
210293;11;8;8100311;2021;1;21;6;3;1;5;2;1;1;0;0;0;0;1
210292;11;3;3400827;2021;3;19;6;2;2;5;2;1;1;0;0;0;0;0
210291;11;8;8100209;2021;2;18;6;3;0;7;2;0;1;0;0;0;0;0
210290;11;11;11300721;2021;1;0;7;3;0;1;2;1;0;0;0;0;0;0
210289;11;5;5100209;2021;1;18;2;3;5;2;2;0;1;0;0;0;0;1
210288;11;3;3601142;2021;1;10;3;2;6;4;0;1;0;1;0;0;0;0
210287;11;9;9100407;2021;2;10;6;3;6;4;0;0;1;1;0;0;0;0
210286;11;7;7200409;2021;3;4;1;3;1;1;2;0;1;0;0;0;0;0
210285;11;1;1100309;2021;2;13;2;3;2;6;0;0;1;0;0;0;0;2
210284;11;4;4500937;2021;2;16;5;3;2;6;0;0;1;0;0;0;0;0
210283;11;5;5200527;2021;1;17;2;1;6;4;2;0;1;1;0;0;0;0
210282;11;1;1401046;2021;3;12;4;3;5;2;0;0;1;0;0;0;0;0
210281;11;4;4300623;2021;1;1;7;3;0;4;2;0;1;1;0;0;0;2
210280;11;12;12400617;2021;2;17;6;2;5;3;2;1;1;0;0;0;0;1
210279;11;2;2400623;2021;1;11;3;3;5;3;0;1;1;0;0;0;0;1
210278;11;4;4300517;2021;1;19;3;3;6;2;2;0;1;1;0;0;0;1
210277;11;4;4300619;2021;2;19;2;3;5;2;2;1;1;0;0;0;0;0
210276;11;4;4501042;2021;3;10;2;2;3;5;0;1;1;0;0;0;0;0
210275;11;4;4300416;2021;3;13;4;3;5;7;0;1;1;0;0;0;0;0
210274;11;1;1200522;2021;1;10;3;3;5;3;0;1;1;0;0;0;0;1
210273;11;6;6400737;2021;2;13;7;3;0;6;0;1;0;0;0;0;1;0
210272;11;11;11300721;2021;3;17;3;3;0;1;0;0;0;0;1;0;0;0
210271;11;1;1100102;2021;1;11;3;3;2;6;0;0;1;0;0;0;1;0
210270;11;1;1400938;2021;2;10;4;3;6;4;0;0;1;1;0;0;0;2
210269;11;8;8100313;2021;2;18;5;3;0;4;1;0;0;1;1;0;0;0
210268;11;7;7601544;2021;1;16;2;3;2;6;0;0;1;0;0;0;0;0
210267;11;2;2200210;2021;3;12;4;3;5;3;0;1;1;1;0;0;0;0
210266;11;5;5100315;2021;3;21;2;2;6;4;2;0;1;1;1;0;0;0
210265;11;6;6300633;2021;1;11;2;2;9;1;0;0;1;0;0;0;0;2
210264;11;1;1401047;2021;1;7;4;3;5;2;2;1;1;0;0;0;0;1
210263;11;9;9100304;2021;2;17;2;3;6;2;1;0;1;1;0;0;0;0
210262;11;4;4200310;2021;3;20;2;3;5;3;2;0;1;0;0;0;1;1
210261;11;2;2400623;2021;3;12;4;3;5;2;0;1;1;0;0;0;0;0
210260;11;3;3701658;2021;2;17;1;3;2;6;2;0;1;0;0;0;0;2
210259;11;11;11300721;2021;2;11;7;3;0;7;0;1;1;0;0;0;1;0
210258;11;1;1300733;2021;1;12;4;3;6;7;0;0;1;1;0;0;0;1
210257;11;12;12500930;2021;2;15;3;3;5;2;0;1;1;0;0;0;0;0
210256;11;5;5200420;2021;2;11;7;3;4;6;0;0;1;0;0;0;1;2
210255;11;9;9401329;2021;1;22;4;3;7;7;2;0;0;0;1;0;0;0
210254;11;12;12200515;2021;3;13;6;3;2;7;0;0;1;0;0;0;0;0
210253;11;1;1300835;2021;2;16;2;3;5;2;0;0;1;0;0;0;0;0
210252;11;10;10100313;2021;1;12;5;2;2;6;0;0;1;0;1;0;0;0
210251;11;1;1401044;2021;3;15;4;3;1;1;0;0;1;0;0;0;1;1
210250;11;1;1100310;2021;3;19;5;3;0;1;2;0;0;0;0;0;1;1
210249;11;3;3601140;2021;3;9;7;3;5;2;0;1;0;0;0;0;1;0
210248;11;7;7601545;2021;2;20;4;3;0;5;2;0;1;0;0;0;0;0
210247;11;12;12500824;2021;3;18;2;3;6;2;2;0;1;1;0;0;0;0
210246;11;12;12500928;2021;1;19;5;3;6;4;2;0;1;1;0;0;0;1
210245;11;9;9100101;2021;2;19;4;3;6;2;2;0;1;1;0;0;0;1
210244;11;3;3200310;2021;3;17;6;3;0;4;0;0;1;1;0;0;0;0
210243;11;3;3601453;2021;2;17;7;3;5;2;2;1;1;0;0;0;0;2
210242;11;3;3200204;2021;2;15;4;2;5;2;0;1;1;0;0;0;0;0
210241;11;12;12100205;2021;1;9;3;3;2;6;0;0;1;0;0;0;0;2
210240;11;8;8100312;2021;3;8;5;3;0;6;0;0;1;0;1;0;0;0
210239;11;9;9100305;2021;2;18;1;3;5;2;2;0;1;0;0;0;1;2
210238;11;11;11100204;2021;3;15;7;3;5;2;0;0;1;0;0;0;0;1
210237;11;6;6200314;2021;1;18;5;3;2;6;2;0;1;0;0;0;0;1
210236;11;8;8100104;2021;1;16;1;3;0;5;2;1;1;0;0;0;0;1
210235;11;8;8100102;2021;2;16;1;2;5;2;0;0;1;0;1;0;0;0
210234;11;1;2100104;2021;3;16;2;3;2;7;0;0;1;0;0;0;0;0
210233;11;7;7501031;2021;1;11;4;3;5;3;0;1;0;0;0;1;0;0
210232;11;4;4400834;2021;2;18;4;3;6;4;2;0;1;1;0;0;0;2
210231;11;12;12400723;2021;2;12;5;3;5;3;0;0;1;0;0;0;0;0
210230;11;11;11300617;2021;1;18;4;3;5;2;2;1;1;0;0;0;0;0
210229;11;8;8100209;2021;3;7;4;3;2;6;0;0;1;0;0;0;0;0
210228;11;4;4501152;2021;1;14;6;3;5;2;0;1;1;0;0;0;0;0
210227;11;4;4200308;2021;1;13;3;3;2;2;0;0;1;0;0;0;0;2
210226;11;1;1100102;2021;1;19;3;3;0;6;2;0;1;0;1;0;0;1
210225;11;3;3500934;2021;2;15;2;3;5;3;0;0;1;0;0;0;0;0
210224;11;4;4300624;2021;3;18;3;2;5;3;2;1;1;0;0;0;0;0
210223;11;3;3501038;2021;3;17;4;3;1;5;0;1;0;0;0;1;0;0
210222;11;4;4400726;2021;2;17;7;3;6;6;2;0;1;1;0;0;0;2
210221;11;7;7601236;2021;2;21;7;2;6;4;2;0;1;1;0;0;0;0
210220;11;7;7501029;2021;1;18;6;2;6;3;2;0;1;1;0;0;0;1
210219;11;7;7400823;2021;2;16;3;3;6;2;2;0;0;1;1;0;0;1
210218;11;9;9100304;2021;1;11;3;3;6;4;0;1;1;1;0;0;0;1
210217;11;9;9501838;2021;3;17;5;3;2;6;0;0;1;0;0;0;0;0
210216;11;7;7100102;2021;3;7;7;3;8;1;0;0;1;0;0;0;0;0
210215;11;9;9502043;2021;2;14;4;3;5;3;0;1;1;0;0;0;0;0
210214;11;1;1300733;2021;1;23;5;3;9;1;2;0;1;0;0;0;0;1
210213;11;9;9200819;2021;3;7;4;3;5;2;0;1;1;0;0;0;0;0
210212;11;1;1100309;2021;3;15;6;3;1;5;0;1;0;0;0;1;0;0
210211;11;12;12200412;2021;3;6;2;3;2;6;0;0;1;0;0;0;0;0
210210;11;1;1300834;2021;2;18;2;3;2;6;2;0;1;0;0;0;0;2
210209;11;6;6100208;2021;1;11;2;3;5;7;0;0;1;0;0;0;1;2
210208;11;7;7400720;2021;3;14;3;2;5;2;0;0;1;0;0;0;1;0
210207;11;4;4300624;2021;1;20;2;3;6;2;2;0;1;1;0;0;0;1
210206;11;7;7601547;2021;2;9;4;2;6;7;0;0;1;1;0;0;0;1
210205;11;10;10300734;2021;2;13;6;2;6;4;0;0;1;1;0;0;0;1
210204;11;11;11401137;2021;3;8;2;3;2;6;0;1;1;0;0;0;0;0
210203;11;4;4300622;2021;1;8;4;3;5;2;0;1;1;0;0;0;0;1
210202;11;9;9401329;2021;2;11;3;3;1;5;0;0;1;0;0;0;0;1
210201;11;7;7601238;2021;1;9;5;2;2;2;0;0;1;0;0;0;0;0
210200;11;7;7200308;2021;3;16;6;3;0;4;0;1;0;1;0;0;0;0
210199;11;9;9200510;2021;2;17;3;3;6;7;1;1;0;1;0;0;0;0
210198;11;8;8100102;2021;1;14;7;3;1;5;0;0;1;0;0;0;1;1
210197;11;4;4400728;2021;3;17;4;2;6;4;0;0;1;1;0;0;0;0
210196;11;8;8100208;2021;3;8;5;3;0;2;0;1;1;0;0;0;0;1
210195;11;8;8200726;2021;3;17;1;3;5;2;1;0;1;0;0;0;0;0
210194;11;9;9200715;2021;2;11;3;3;5;3;0;0;1;0;0;0;0;1
210193;11;10;10100312;2021;3;15;3;3;5;3;0;1;1;0;0;0;0;0
210192;11;7;7100101;2021;1;17;5;3;1;5;2;1;1;0;0;0;0;1
210191;11;3;3400619;2021;2;16;4;3;5;3;0;0;1;0;0;0;0;1
210190;11;9;9501737;2021;3;8;6;3;0;3;0;0;1;0;0;0;0;1
210189;11;11;2500835;2021;2;16;4;3;2;6;0;0;1;0;0;0;1;0
210188;11;1;1200623;2021;1;20;2;3;6;4;2;1;0;1;0;0;0;0
210187;11;3;3500936;2021;3;14;6;3;5;2;0;0;1;0;0;0;1;1
210186;11;1;1200628;2021;3;17;7;3;5;2;0;1;1;0;0;0;0;1
210185;11;10;10200421;2021;3;12;2;3;2;6;0;0;1;0;0;0;0;0
210184;11;6;6400844;2021;1;15;5;2;0;2;0;0;1;0;0;0;1;1
210183;11;4;4501043;2021;1;14;1;3;6;7;0;0;1;1;0;0;0;0
210182;11;1;1100310;2021;2;20;2;3;5;2;2;0;1;0;0;0;0;0
210181;11;3;3100101;2021;3;16;2;3;0;1;0;0;0;0;0;0;1;0
210180;11;6;6100209;2021;1;17;4;3;6;4;2;0;1;1;0;0;0;0
210179;11;12;12500825;2021;2;14;3;3;5;3;0;0;1;0;0;0;0;2
210178;11;7;7400721;2021;2;17;5;3;4;6;0;1;0;0;0;0;0;0
210177;11;4;4501152;2021;1;18;3;3;6;2;2;0;1;1;0;0;0;1
210176;11;3;3601142;2021;3;9;4;3;0;1;0;1;0;0;0;0;0;0
210175;11;9;9100304;2021;1;3;6;3;2;7;2;0;1;0;0;0;0;0
210174;11;7;7400720;2021;1;17;5;3;2;6;2;0;1;0;1;0;0;1
210173;11;1;1300834;2021;1;17;4;3;2;6;2;0;1;1;0;0;0;1
210172;11;9;9401534;2021;2;14;2;3;0;6;0;0;1;0;1;0;0;0
210171;11;8;8100206;2021;3;19;3;3;2;7;2;1;1;0;0;0;0;0
210170;11;7;7501031;2021;3;15;4;3;1;5;0;1;1;0;0;0;0;0
210169;11;7;7501133;2021;2;17;3;3;2;6;2;0;1;0;0;0;1;1
210168;11;3;3601141;2021;3;7;3;2;5;2;0;1;1;0;0;0;0;0
210167;11;11;11501340;2021;1;18;7;2;6;4;2;0;1;1;0;0;0;0
210166;11;2;2100101;2021;2;8;2;3;5;2;0;1;1;0;0;0;0;0
210165;11;9;9100203;2021;3;8;6;3;2;7;0;0;1;0;0;0;0;0
210164;11;5;5100208;2021;2;13;7;3;4;1;0;0;1;0;0;0;0;2
210163;11;7;7601544;2021;2;12;5;3;5;3;0;1;1;0;0;0;0;0
210162;11;1;1100310;2021;1;20;6;3;0;7;2;0;1;0;0;0;0;0
210161;11;1;1100313;2021;3;13;5;3;5;2;0;1;1;0;0;0;0;0
210160;11;2;2500835;2021;3;20;5;3;2;6;2;1;1;0;0;0;0;1
210159;11;4;4300623;2021;3;6;2;3;2;6;0;0;1;0;1;0;0;0
210158;11;12;12100205;2021;2;18;6;3;2;6;2;0;1;0;0;0;0;0
210157;11;4;4300416;2021;1;13;6;3;5;2;0;1;1;0;0;0;0;1
210156;11;8;8100102;2021;3;12;3;3;5;2;0;1;1;0;0;0;0;0
210155;11;10;10100101;2021;1;17;1;2;6;4;2;0;1;1;1;0;0;1
210154;11;8;8200622;2021;2;5;4;3;1;5;2;0;1;0;0;0;0;1
210153;11;2;2300419;2021;3;15;3;3;5;3;0;1;0;0;0;0;0;0
210152;11;11;11300722;2021;2;17;2;3;0;1;2;0;0;0;1;0;0;2
210151;11;1;1100101;2021;2;11;6;2;6;7;0;0;1;1;0;0;0;0
210150;11;8;8100207;2021;1;15;2;3;5;3;0;1;0;0;0;0;1;0
210149;11;5;5100105;2021;3;9;5;3;5;2;0;0;1;0;0;0;1;1
210148;11;5;5200632;2021;1;11;7;3;8;1;0;0;1;0;0;0;0;2
210147;11;10;10100205;2021;3;17;1;3;5;3;1;0;1;0;0;0;0;1
210146;11;4;4300518;2021;1;17;2;2;5;3;2;1;1;0;0;0;0;1
210145;11;2;2100102;2021;1;7;3;2;5;3;2;0;1;0;0;0;0;1
210144;11;4;4200310;2021;2;19;2;2;1;1;2;0;1;0;0;0;0;0
210143;11;7;7601544;2021;3;10;3;3;5;2;0;1;0;0;1;0;0;0
210142;11;2;2500728;2021;3;15;4;3;6;4;0;1;0;1;0;0;0;0
210141;11;12;12200515;2021;1;14;4;3;3;2;0;0;1;0;0;0;1;0
210140;11;8;8100520;2021;2;14;2;3;3;2;0;0;1;0;0;0;0;1
210139;11;2;2300316;2021;3;16;2;3;0;3;0;0;1;0;1;0;0;0
210138;11;4;4500936;2021;1;18;4;3;6;2;2;0;1;1;0;0;0;1
210137;11;2;2500831;2021;3;12;6;3;3;6;0;1;0;0;0;1;0;0
210136;11;7;7501031;2021;2;12;4;3;5;7;0;0;1;0;0;0;1;1
210135;11;5;5100105;2021;2;12;6;3;5;3;0;1;1;0;0;0;0;0
210134;11;5;5300840;2021;1;13;2;3;2;6;0;0;1;0;1;0;0;0
210133;11;1;1100103;2021;3;18;5;2;6;4;1;0;0;1;1;0;0;0
210132;11;3;3400721;2021;3;13;6;2;5;2;0;1;1;0;0;0;0;0
210131;11;11;11300722;2021;3;14;2;3;1;5;0;1;1;0;0;0;0;0
210130;11;4;4300414;2021;1;11;3;3;5;3;0;0;1;0;0;0;0;1
210129;11;1;1400938;2021;1;20;3;3;5;3;2;0;1;0;0;0;0;1
210128;11;9;9200511;2021;2;5;2;2;5;3;2;0;1;0;1;0;0;0
210127;11;3;3400620;2021;3;22;1;2;5;2;2;0;1;0;0;0;0;1
210126;11;11;11401033;2021;1;7;5;2;6;2;2;0;1;1;0;0;0;1
210125;11;9;9100202;2021;2;13;1;3;5;7;0;0;1;0;0;0;0;2
210124;11;10;10100104;2021;2;21;7;3;1;5;2;0;0;0;0;1;1;0
210123;11;2;2100104;2021;1;6;4;3;5;3;2;1;1;0;0;0;0;1
210122;11;7;7501029;2021;3;12;4;3;2;6;0;1;0;0;0;0;1;0
210121;11;11;11100206;2021;2;5;3;3;5;2;2;0;1;0;0;0;0;1
210120;11;6;6200314;2021;1;12;4;3;0;5;0;0;1;0;1;0;0;0
210119;11;2;2100106;2021;1;13;5;3;0;1;0;1;0;0;0;0;0;2
210118;11;10;10400938;2021;3;12;6;3;5;3;0;0;1;0;0;0;0;0
210117;11;10;10100311;2021;2;13;2;3;5;2;0;0;1;0;0;0;0;0
210116;11;3;3300514;2021;3;10;2;3;5;3;0;0;1;0;0;0;0;0
210115;11;11;11300619;2021;3;13;5;3;5;3;0;1;1;0;0;0;0;0
210114;11;6;6400840;2021;2;13;5;3;0;1;0;1;1;0;0;0;0;1
210113;11;7;7601341;2021;3;21;3;3;2;6;2;0;1;0;0;0;0;0
210112;11;12;12500825;2021;1;15;5;3;2;6;1;0;1;0;0;0;0;1
210111;11;1;1300733;2021;2;19;4;3;6;4;2;0;1;1;0;0;0;1
210110;11;12;12601133;2021;2;15;2;3;5;3;0;0;1;0;0;0;0;2
210109;11;12;12100205;2021;3;10;7;2;2;6;0;0;1;0;0;0;1;0
210108;11;4;4200311;2021;2;14;4;3;5;3;0;1;0;0;0;0;0;0
210107;11;8;8100105;2021;1;13;1;2;9;7;0;0;1;1;0;0;1;1
210106;11;4;4501147;2021;3;21;5;3;6;4;2;0;1;1;0;0;0;1
210105;11;11;11100206;2021;3;17;1;3;5;3;0;1;1;0;0;0;0;1
210104;11;9;9100101;2021;3;10;2;2;5;3;0;1;1;0;0;0;0;0
210103;11;2;2500831;2021;2;14;6;3;6;4;0;1;0;1;0;0;0;0
210102;11;1;1100104;2021;1;14;7;3;9;7;0;0;1;0;0;0;0;0
210101;11;8;8200726;2021;1;14;3;3;5;2;0;1;1;0;0;0;0;1
210100;11;3;3701555;2021;1;14;3;3;1;5;0;1;1;0;0;0;0;1
210099;11;5;5200528;2021;2;9;5;3;2;6;0;0;1;0;0;0;0;1
210098;11;11;11200411;2021;3;15;3;2;5;2;0;1;1;0;0;0;0;0
210097;11;1;1100206;2021;1;14;3;3;0;1;0;1;0;0;0;0;0;0
210096;11;4;4501148;2021;2;9;3;3;5;2;0;0;1;0;0;0;0;2
210095;11;1;1100308;2021;2;20;5;3;5;3;2;1;1;0;0;0;0;0
210094;11;5;5100313;2021;1;13;2;2;3;6;0;1;1;0;0;0;0;0
210093;11;4;4501042;2021;3;14;4;3;1;5;0;0;0;0;1;0;1;0
210092;11;2;2200210;2021;2;17;6;3;5;3;2;0;1;0;0;0;0;1
210091;11;9;9501939;2021;3;18;2;3;2;6;2;0;1;0;0;0;0;0
210090;11;8;8100520;2021;1;17;2;3;6;2;2;0;0;1;0;1;0;1
210089;11;1;1300835;2021;1;8;3;3;6;4;0;0;0;1;0;0;1;0
210088;11;7;7601340;2021;2;14;1;3;6;2;0;0;1;1;0;0;0;0
210087;11;2;2300419;2021;3;8;3;3;6;4;0;0;1;1;0;0;0;0
210086;11;7;7601237;2021;3;16;4;2;5;3;0;0;1;0;1;0;0;0
210085;11;2;2200210;2021;2;11;7;3;5;7;0;0;1;0;0;0;0;0
210084;11;4;4400831;2021;2;11;7;3;5;3;0;0;1;0;0;0;0;0
210083;11;8;8100208;2021;1;12;4;3;5;3;0;0;1;0;0;0;0;1
210082;11;4;4100102;2021;3;17;5;3;2;2;1;0;1;0;0;0;1;0
210081;11;4;4100101;2021;2;15;3;3;5;2;0;0;1;0;0;0;0;1
210080;11;2;2100101;2021;1;10;4;3;5;3;0;0;1;0;0;0;1;0
210079;11;8;8100419;2021;3;19;5;3;6;2;2;0;1;1;0;0;0;1
210078;11;6;6400735;2021;2;15;3;3;5;3;0;1;1;0;0;0;0;0
210077;11;12;12400618;2021;3;13;4;3;2;2;0;0;1;0;0;0;0;0
210076;11;5;5200526;2021;3;10;5;3;3;6;0;0;1;0;0;0;0;1
210075;11;2;2200210;2021;2;17;3;3;6;4;2;1;1;1;0;0;0;2
210074;11;5;5100209;2021;3;19;3;3;5;2;2;0;1;0;0;0;1;0
210073;11;4;4400726;2021;1;14;5;3;2;6;0;0;1;0;0;0;0;0
210072;11;4;4200308;2021;2;10;4;3;0;1;0;0;1;0;0;0;0;1
210071;11;6;6200423;2021;3;18;1;3;0;7;2;0;1;0;0;0;0;1
210070;11;2;2200210;2021;3;14;4;3;6;7;0;0;1;1;0;0;0;0
210069;11;6;6400840;2021;2;11;3;3;5;3;0;0;1;0;0;0;0;1
210068;11;3;3200309;2021;2;14;6;3;5;3;0;0;1;0;0;0;0;2
210067;11;10;10200421;2021;1;14;5;3;2;7;0;0;1;0;0;0;0;0
210066;11;5;5200423;2021;1;6;5;2;6;2;1;0;1;1;0;0;0;2
210065;11;4;4501044;2021;3;16;5;3;5;3;0;1;1;0;0;0;0;0
210064;11;10;10100316;2021;2;16;3;3;2;6;0;0;1;0;0;0;0;0
210063;11;9;9200715;2021;3;8;4;3;2;6;0;0;1;0;0;0;0;0
210062;11;1;1100416;2021;1;19;5;3;2;6;2;1;1;0;0;0;0;0
210061;11;11;11300721;2021;3;6;5;3;0;1;1;1;0;0;0;0;0;1
210060;11;6;6200423;2021;2;7;5;3;2;6;0;0;1;0;0;0;0;1
210059;11;12;12500927;2021;3;16;3;3;6;7;0;1;0;1;0;0;0;0
210058;11;3;3601245;2021;1;16;5;3;3;6;1;1;0;0;0;1;0;1
210057;11;7;7100102;2021;2;12;5;3;5;2;0;0;1;0;0;0;0;1
210056;11;5;5100317;2021;2;6;2;3;6;7;2;0;1;1;0;0;0;1
210055;11;1;1100414;2021;3;8;7;3;1;5;0;1;1;0;0;0;0;0
210054;11;1;1200520;2021;2;14;4;2;4;6;0;1;0;0;0;0;0;0
210053;11;3;3601449;2021;1;14;1;3;1;5;0;1;1;0;0;0;0;1
210052;11;3;3400723;2021;3;16;6;3;0;4;0;0;0;1;0;0;1;0
210051;11;1;1100104;2021;2;21;1;3;5;3;2;0;1;0;0;0;0;2
210050;11;9;9501737;2021;3;8;7;3;5;2;0;1;1;0;0;0;0;1
210049;11;6;6300634;2021;3;13;7;3;3;6;0;1;1;0;0;0;0;0
210048;11;2;2200208;2021;2;13;7;3;0;2;0;1;0;0;0;0;1;0
210047;11;12;12100101;2021;1;11;6;3;1;7;0;0;1;1;0;0;0;1
210046;11;1;1300732;2021;1;14;2;2;5;2;0;1;1;0;0;0;0;1
210045;11;1;1100415;2021;2;15;1;3;2;2;0;1;0;0;0;0;1;0
210044;11;5;5300840;2021;3;17;3;3;2;6;1;0;1;0;0;0;0;0
210043;11;4;4100102;2021;1;18;3;3;3;2;2;0;1;0;0;0;0;1
210042;11;5;5400945;2021;2;14;2;3;1;5;0;0;1;0;0;0;0;2
210041;11;8;8200730;2021;2;17;6;3;5;3;0;0;1;0;0;0;1;0
210040;11;12;12500930;2021;1;9;3;3;5;2;0;0;1;0;0;0;0;1
210039;11;12;12400721;2021;3;15;4;3;6;4;0;0;1;1;0;0;0;0
210038;11;7;7400927;2021;1;15;6;3;5;7;0;0;1;0;0;0;0;0
210037;11;12;12500824;2021;1;13;3;3;5;2;0;1;0;0;0;1;0;1
210036;11;8;8100417;2021;1;9;3;3;5;2;0;1;1;0;0;0;0;1
210035;11;5;5100210;2021;2;15;1;3;5;2;0;1;1;0;0;0;0;0
210034;11;10;10100311;2021;3;16;2;3;5;2;0;1;1;0;0;0;0;1
210033;11;6;6100209;2021;3;18;3;3;5;2;2;1;1;0;0;0;0;0
210032;11;5;5200525;2021;2;14;1;3;0;7;0;0;1;0;0;0;1;0
210031;11;6;6100209;2021;2;15;7;3;5;3;0;1;1;0;0;0;0;0
210030;11;12;12400618;2021;1;13;4;2;6;2;0;0;1;1;0;0;0;1
210029;11;7;7601236;2021;2;17;3;3;6;2;2;0;1;1;0;0;0;1
210028;11;8;8200831;2021;1;8;4;2;0;1;0;1;0;0;0;0;0;1
210027;11;5;5300841;2021;3;14;6;3;5;3;0;1;1;0;0;0;0;0
210026;11;4;4200310;2021;2;12;1;3;3;6;0;0;1;0;0;0;0;2
210025;11;8;8200623;2021;2;17;3;3;0;1;1;0;0;0;1;0;0;0
210024;11;6;6100102;2021;1;11;1;3;5;3;0;1;1;0;0;0;0;1
210023;11;11;11200411;2021;3;7;4;3;5;3;0;1;1;0;0;0;0;0
210022;11;12;12601235;2021;3;16;5;2;6;4;0;0;1;1;0;0;0;1
210021;11;11;11200513;2021;3;23;6;2;5;3;2;0;1;0;0;0;1;0
210020;11;9;9200511;2021;2;14;4;3;0;4;0;0;0;1;0;0;1;1
210019;11;9;9200716;2021;3;13;2;3;5;3;0;1;1;0;0;0;0;0
210018;11;10;10100205;2021;1;21;5;2;9;7;2;0;1;0;0;0;0;1