OBJECTID;LAND;BEZ;LOR_ab_2021;UJAHR;UMONAT;USTUNDE;UWOCHENTAG;UKATEGORIE;UART;UTYP1;ULICHTVERH;IstRad;IstPKW;IstFuss;IstKrad;IstGkfz;IstSonstige;USTRZUSTAND
210017;11;9;9100408;2021;2;13;4;2;0;1;0;0;0;0;1;0;0;1
210016;11;12;12200307;2021;1;10;5;3;6;4;0;0;1;1;0;0;0;1
210015;11;1;1100101;2021;3;8;7;2;6;7;0;0;1;1;0;0;0;0
210014;11;9;9100407;2021;2;20;4;3;8;1;2;0;0;0;1;0;0;0
210013;11;5;5100208;2021;1;18;1;3;6;2;2;0;1;1;0;0;0;1
210012;11;1;1300835;2021;3;15;6;2;2;6;0;1;0;0;0;0;0;1
210011;11;7;7601442;2021;3;12;7;3;5;2;0;0;1;0;0;0;0;1
210010;11;3;3500933;2021;1;15;6;3;6;4;0;0;1;1;0;0;0;1
210009;11;1;1100310;2021;1;11;1;2;5;2;0;0;1;0;1;0;0;0
210008;11;9;9100304;2021;2;6;1;3;1;5;1;0;1;0;0;0;0;0
210007;11;1;1100207;2021;3;19;1;3;2;6;2;0;1;0;0;0;1;1
210006;11;8;8100102;2021;1;14;3;2;6;2;0;0;0;1;0;0;1;0
210005;11;10;10400939;2021;2;13;2;3;6;4;0;0;1;1;0;0;0;2
210004;11;2;2100104;2021;2;18;5;2;5;2;2;0;1;0;0;0;1;0
210003;11;8;8100415;2021;1;7;4;3;2;2;2;0;1;0;0;1;0;1
210002;11;5;5100206;2021;3;6;4;3;2;6;0;0;1;0;1;0;0;0
210001;11;1;1100415;2021;1;14;7;3;5;2;0;0;1;0;0;0;0;1
210000;11;1;1100207;2021;2;10;5;3;5;3;0;1;1;0;0;0;0;0
209999;11;1;1300733;2021;1;13;7;3;5;2;0;1;1;0;0;0;0;1
209998;11;4;4100102;2021;3;6;5;3;2;6;0;0;1;0;0;0;0;1
209997;11;8;8200832;2021;2;17;1;3;4;5;2;0;1;0;0;0;0;2
209996;11;1;1100308;2021;3;7;7;3;1;5;0;0;1;0;0;0;0;1
209995;11;3;3200205;2021;3;12;2;3;6;4;0;0;1;1;0;0;0;0
209994;11;4;4200310;2021;2;12;6;3;5;3;0;0;1;0;0;0;0;0
209993;11;5;5100103;2021;1;17;7;2;6;4;2;0;1;1;0;0;0;0
209992;11;6;6100101;2021;1;7;2;3;5;3;0;0;1;0;0;0;0;1
209991;11;3;3701660;2021;2;10;6;2;5;3;0;1;0;0;0;0;1;0
209990;11;2;2500835;2021;3;15;2;3;5;2;0;1;1;0;0;0;0;0
209989;11;5;5300736;2021;2;19;3;3;1;5;2;0;1;0;0;0;0;1
209988;11;7;7200410;2021;2;9;5;3;6;4;0;1;0;1;0;0;0;0
209987;11;1;1100206;2021;1;8;2;3;0;2;0;1;1;0;0;0;0;1
209986;11;3;3400725;2021;3;16;4;3;5;2;0;0;1;0;1;0;0;0
209985;11;3;3200205;2021;1;15;7;3;5;3;0;0;1;0;0;0;0;1
209984;11;1;1401045;2021;1;12;3;3;5;7;0;0;0;0;0;1;1;1
209983;11;10;10100209;2021;1;10;3;3;5;3;0;0;1;0;0;0;0;1
209982;11;5;5400943;2021;2;20;1;3;8;1;2;0;1;0;0;0;0;0
209981;11;9;9401534;2021;3;15;3;3;0;7;0;0;1;0;0;0;0;0
209980;11;7;7501133;2021;3;14;4;3;5;3;0;0;1;0;0;0;0;0
209979;11;9;9200512;2021;2;8;2;3;2;6;0;0;1;0;0;0;0;1
209978;11;9;9200510;2021;3;0;2;3;5;3;2;1;1;0;0;0;0;0
209977;11;3;3500934;2021;1;9;3;3;6;4;0;0;1;1;0;0;0;1
209976;11;10;10100206;2021;2;15;3;3;2;6;0;0;1;0;0;0;0;1
209975;11;10;10200525;2021;1;16;5;3;2;6;1;0;1;0;0;0;0;1
209974;11;4;4300412;2021;3;13;6;3;3;6;0;0;1;0;0;0;0;0
209973;11;3;3601141;2021;3;8;6;3;5;2;0;1;1;0;0;0;0;1
209972;11;1;1300733;2021;2;15;1;3;2;6;0;0;1;0;0;0;0;2
209971;11;9;9200717;2021;2;15;3;3;0;6;0;1;0;0;0;1;0;0
209970;11;1;1100206;2021;1;11;7;3;5;2;0;1;0;0;0;0;1;1
209969;11;8;8100104;2021;3;23;4;2;5;3;2;1;1;0;0;0;0;1
209968;11;4;4300416;2021;3;12;6;2;5;3;0;0;1;0;0;0;0;0
209967;11;11;11300619;2021;3;11;6;3;6;7;0;0;0;1;0;0;1;1
209966;11;12;12400722;2021;2;12;5;3;1;5;0;0;1;0;0;0;0;0
209965;11;4;4501045;2021;1;13;1;3;5;3;0;0;1;0;0;0;0;0
209964;11;3;3100103;2021;3;15;3;2;6;4;0;0;1;1;0;0;0;0
209963;11;12;12200412;2021;1;20;1;3;6;2;2;0;1;1;0;0;0;0
209962;11;4;4501150;2021;2;19;4;3;6;2;2;0;1;1;0;0;0;1
209961;11;2;2200213;2021;3;7;6;3;2;7;0;0;1;0;0;0;0;0
209960;11;3;3601348;2021;2;16;4;3;5;3;0;0;1;0;0;0;0;2
209959;11;5;5200420;2021;2;11;6;3;2;6;0;0;1;0;0;0;0;1
209958;11;3;3300517;2021;1;9;2;3;5;2;0;1;1;0;0;0;0;1
209957;11;3;3601348;2021;3;9;5;3;1;5;0;1;1;0;0;0;0;0
209956;11;11;11100308;2021;3;13;6;3;6;4;0;0;0;1;0;0;1;0
209955;11;11;11100309;2021;3;9;2;3;2;6;0;0;1;0;0;0;0;0
209954;11;11;11100101;2021;1;10;3;3;2;6;0;0;1;0;0;0;0;1
209953;11;7;7100206;2021;1;18;4;3;0;2;2;0;1;0;0;0;1;1
209952;11;5;5200528;2021;2;13;2;2;0;2;0;0;1;0;0;0;1;0
209951;11;6;6400841;2021;3;12;2;3;5;3;0;0;1;0;0;0;0;0
209950;11;6;6100205;2021;1;16;4;3;5;3;1;1;1;0;0;0;0;0
209949;11;12;12100205;2021;2;20;7;2;1;1;2;0;1;0;0;1;0;1
209948;11;7;7200410;2021;3;15;2;3;6;4;0;0;1;1;0;0;0;0
209947;11;2;2200209;2021;1;14;4;3;1;5;0;1;1;0;0;0;0;1
209946;11;12;12400617;2021;3;13;4;3;0;7;0;1;0;0;0;0;0;0
209945;11;6;6300528;2021;1;12;6;3;5;2;0;1;1;0;0;0;0;2
209944;11;7;7601341;2021;1;17;4;3;3;6;2;0;1;0;0;0;0;0
209943;11;8;8100521;2021;1;6;5;3;5;3;2;1;1;0;0;0;0;2
209942;11;2;2200212;2021;2;10;3;2;6;4;0;0;1;1;0;0;0;0
209941;11;1;1100313;2021;3;11;2;2;4;6;0;1;0;0;0;1;0;0
209940;11;1;1300835;2021;3;15;4;3;6;4;0;0;1;1;0;0;0;0
209939;11;6;6100204;2021;2;6;4;3;5;7;2;0;1;0;1;0;0;1
209938;11;5;5200629;2021;3;16;3;3;2;6;0;0;1;0;0;1;0;0
209937;11;4;4400834;2021;1;17;5;3;6;4;2;1;0;1;0;0;0;1
209936;11;2;2100101;2021;2;3;2;3;0;1;2;0;0;0;0;0;1;2
209935;11;12;12200310;2021;3;19;6;3;5;2;2;1;1;0;0;0;0;0
209934;11;12;12500825;2021;2;14;5;3;6;4;0;0;1;1;0;0;0;0
209933;11;12;12100102;2021;1;11;6;3;5;3;0;0;1;0;0;1;0;0
209932;11;7;7400927;2021;1;16;3;3;2;6;1;0;1;0;0;0;1;1
209931;11;1;1100309;2021;1;18;4;3;1;5;2;1;1;0;0;0;0;1
209930;11;4;4400830;2021;2;16;2;3;0;7;0;1;0;0;0;0;0;0
209929;11;4;7300515;2021;3;19;3;3;2;6;2;0;1;0;0;0;1;0
209928;11;11;11501339;2021;3;18;4;3;0;2;2;0;1;0;1;0;0;0
209927;11;2;2400521;2021;2;20;2;2;6;4;2;0;1;1;0;0;0;2
209926;11;8;8100415;2021;2;14;1;3;2;6;0;0;1;0;0;0;0;0
209925;11;4;4501042;2021;1;15;7;3;2;6;0;0;1;0;0;0;0;0
209924;11;6;6300524;2021;2;10;2;3;5;2;0;1;1;0;0;0;0;2
209923;11;7;7100205;2021;1;10;5;3;0;2;0;0;0;0;0;0;1;0
209922;11;6;6400841;2021;3;14;5;3;5;3;0;1;1;0;0;0;0;0
209921;11;9;9300922;2021;3;9;6;2;4;5;0;0;1;0;0;0;0;1
209920;11;3;3500934;2021;2;14;4;3;5;3;0;1;1;0;0;0;0;0
209919;11;2;2200211;2021;1;13;6;3;2;6;0;0;1;0;0;0;1;0
209918;11;9;9200613;2021;3;16;4;2;1;5;0;1;1;0;0;0;0;0
209917;11;11;11401033;2021;1;0;5;2;0;7;2;0;1;0;0;0;0;1
209916;11;9;9100305;2021;3;5;6;2;5;2;2;0;1;0;0;0;1;1
209915;11;12;12400720;2021;2;9;6;3;5;7;0;0;1;0;0;0;0;0
209914;11;9;9200715;2021;3;11;1;3;2;6;0;0;1;0;0;0;0;1
209913;11;4;4200308;2021;2;14;5;3;3;2;0;0;1;0;0;0;0;0
209912;11;12;12100204;2021;1;7;6;3;5;3;2;0;1;0;0;0;0;1
209911;11;8;8401246;2021;3;15;3;3;5;2;0;1;0;0;1;0;0;0
209910;11;8;8100208;2021;1;17;2;3;2;6;2;0;0;0;0;0;1;1
209909;11;1;1100308;2021;2;12;4;3;1;5;0;1;1;0;0;0;0;1
209908;11;3;3400724;2021;3;17;6;3;5;3;1;1;1;0;0;0;0;0
209907;11;3;3500934;2021;2;11;5;3;2;6;0;0;1;0;0;1;0;2
209906;11;9;9100409;2021;2;15;5;3;5;3;0;0;1;0;0;0;1;0
209905;11;1;1100207;2021;1;9;3;3;5;3;0;1;1;0;0;0;0;0
209904;11;1;1400942;2021;3;15;5;3;5;3;0;0;1;0;0;0;0;0
209903;11;10;10100104;2021;3;19;7;3;6;4;2;0;1;1;0;0;0;1
209902;11;7;7501029;2021;3;12;2;3;5;2;0;0;1;0;0;0;1;0
209901;11;6;6400843;2021;1;18;3;3;6;4;2;0;1;1;0;0;0;1
209900;11;1;1400937;2021;1;14;4;3;5;2;0;0;1;0;0;0;0;0
209899;11;4;4400728;2021;2;10;2;3;5;2;0;1;1;0;0;0;0;0
209898;11;9;9200614;2021;3;19;2;3;5;3;2;1;1;0;0;0;0;1
209897;11;1;1100312;2021;3;12;5;3;1;5;0;1;1;0;0;0;0;1
209896;11;12;12200309;2021;1;5;4;3;1;5;2;1;1;0;0;0;0;1
209895;11;10;10200629;2021;2;13;7;3;5;3;0;0;1;0;0;0;0;1
209894;11;10;10200627;2021;2;14;7;2;6;4;0;0;1;1;0;0;0;0
209893;11;12;12500824;2021;1;17;4;3;1;5;2;0;1;0;0;1;0;1
209892;11;3;3400721;2021;3;15;4;3;6;7;0;0;1;1;0;0;0;0
209891;11;12;12200411;2021;2;20;3;3;5;3;2;0;1;0;0;0;0;1
209890;11;12;12601235;2021;1;15;4;3;5;2;0;0;1;0;0;0;0;0
209889;11;4;4100101;2021;1;15;4;2;0;7;0;0;1;0;1;0;0;1
209888;11;12;12200309;2021;3;13;6;3;2;6;0;0;1;0;0;0;1;0
209887;11;9;9100306;2021;2;8;3;3;2;6;0;0;1;0;0;0;0;0
209886;11;1;1100310;2021;3;19;4;3;5;7;2;1;1;0;0;0;0;0
209885;11;11;11300722;2021;3;20;5;2;5;3;2;0;1;0;0;0;1;1
209884;11;3;3601450;2021;2;6;5;3;3;6;2;0;1;0;0;0;0;1
209883;11;12;12200412;2021;3;15;3;3;6;2;0;0;1;1;0;0;0;0
209882;11;9;9501941;2021;1;12;6;3;2;2;0;0;1;0;0;0;0;1
209881;11;2;2500831;2021;2;18;3;3;5;2;2;0;1;0;1;0;0;1
209880;11;11;11400929;2021;3;18;7;3;5;3;1;0;1;0;0;0;0;0
209879;11;11;11200515;2021;2;7;4;3;5;3;0;1;1;0;0;0;0;0
209878;11;4;4500936;2021;1;16;6;3;5;3;1;0;1;0;0;0;0;0
209877;11;8;8100104;2021;3;8;5;1;5;2;0;1;0;0;0;1;0;0
209876;11;8;8100314;2021;3;17;7;3;6;2;1;0;1;1;0;0;0;1
209875;11;3;3100101;2021;3;9;2;3;5;3;0;0;1;0;0;1;0;0
209874;11;11;11100204;2021;2;14;7;3;6;4;0;0;1;1;0;0;0;0
209873;11;10;10100312;2021;1;4;1;3;9;1;2;0;1;0;0;0;0;0
209872;11;9;9100101;2021;1;17;3;3;5;2;2;1;0;0;0;0;1;1
209871;11;6;6300633;2021;1;14;4;2;6;4;0;0;1;1;0;0;0;0
209870;11;2;2500833;2021;2;13;7;2;2;7;0;0;1;0;1;0;0;0
209869;11;1;1100415;2021;3;17;3;2;2;7;0;0;1;0;1;0;0;0
209868;11;3;3500936;2021;1;13;3;1;6;4;0;0;0;1;0;0;1;0
209867;11;4;4500936;2021;2;18;4;3;3;6;2;0;1;0;0;0;0;2
209866;11;1;1200624;2021;2;19;5;3;5;2;2;1;1;0;0;0;0;0
209865;11;7;7200410;2021;1;10;1;3;5;3;0;0;1;0;0;0;1;1
209864;11;1;1300730;2021;3;8;4;2;6;2;0;0;1;1;0;0;0;0
209863;11;1;1400939;2021;1;10;1;3;0;1;0;0;0;0;1;0;0;2
209862;11;3;3501038;2021;1;12;2;3;5;7;0;1;1;0;0;0;0;2
209861;11;4;4300621;2021;1;20;3;3;5;7;2;0;1;0;0;0;0;1
209860;11;2;2100106;2021;3;17;4;3;5;2;0;0;1;0;1;0;0;1
209859;11;5;5200420;2021;3;8;6;3;5;3;0;0;1;0;0;0;1;1
209858;11;2;2100106;2021;3;7;2;3;5;2;0;0;0;0;1;0;1;0
209857;11;3;3300516;2021;2;14;7;3;5;3;0;0;1;0;0;0;0;0
209856;11;8;8100104;2021;1;19;2;3;5;7;2;1;1;0;0;0;0;1
209855;11;6;6100205;2021;1;10;2;3;6;7;0;0;1;1;0;0;0;0
209854;11;12;12601134;2021;2;22;4;3;8;1;2;0;1;0;0;0;0;1
209853;11;8;8300934;2021;3;15;3;3;2;6;0;0;1;0;0;0;1;0
209852;11;5;5300840;2021;2;17;5;2;5;2;2;0;1;0;0;0;0;2
209851;11;9;9200510;2021;2;6;5;3;3;6;0;1;1;0;0;0;0;0
209850;11;2;2100102;2021;1;18;2;2;1;5;2;1;1;0;0;0;0;0
209849;11;2;2200213;2021;3;18;5;3;1;5;2;1;1;0;0;0;0;0
209848;11;3;3300411;2021;1;15;6;2;6;4;0;0;1;1;0;0;0;0
209847;11;7;7100102;2021;3;19;2;3;6;2;1;0;1;1;0;0;0;1
209846;11;6;6200422;2021;2;18;6;3;6;2;2;0;1;1;0;0;0;2
209845;11;6;6300633;2021;3;17;2;3;5;3;0;0;1;0;1;0;0;0
209844;11;9;9100304;2021;1;21;2;3;5;3;2;1;1;0;0;0;0;1
209843;11;4;4501153;2021;1;11;4;3;6;4;0;0;1;1;0;0;0;1
209842;11;1;1300733;2021;2;17;2;3;5;2;0;1;1;0;0;0;0;0
209841;11;2;2500833;2021;3;18;3;3;6;7;2;1;0;1;0;0;0;0
209840;11;2;2300417;2021;3;12;4;3;5;3;0;1;1;0;0;0;0;0
209839;11;11;11100102;2021;1;7;5;2;2;7;2;0;1;0;0;0;0;1
209838;11;9;9200510;2021;2;16;2;3;6;4;1;1;0;1;0;0;0;1
209837;11;10;10400835;2021;2;8;7;3;1;5;0;0;1;0;0;0;0;0
209836;11;7;7100204;2021;1;16;3;3;6;4;2;0;0;1;0;0;1;0
209835;11;11;11300619;2021;3;9;4;3;2;6;0;0;1;0;0;0;0;0
209834;11;8;8100104;2021;2;17;3;2;2;6;2;1;0;0;0;0;1;1
209833;11;11;11501340;2021;2;13;6;3;5;3;0;0;1;0;0;0;0;0
209832;11;12;12400722;2021;1;6;5;2;4;6;2;0;1;0;0;1;0;1
209831;11;2;2400623;2021;1;6;5;2;5;3;2;1;0;0;0;0;1;2
209830;11;1;1300834;2021;3;20;4;3;5;2;2;0;1;0;0;0;0;0
209829;11;5;5100208;2021;2;7;2;3;0;1;0;0;0;0;1;0;0;1
209828;11;2;2100104;2021;3;11;4;3;5;2;0;1;1;0;0;0;0;0
209827;11;7;7400826;2021;3;15;5;3;5;3;0;0;1;0;1;0;0;0
209826;11;12;12400722;2021;2;7;5;2;1;5;0;0;1;0;0;0;0;1
209825;11;1;1100205;2021;3;20;3;3;5;2;2;1;1;0;0;0;0;0
209824;11;3;3500934;2021;1;17;5;3;5;3;2;0;1;0;0;0;0;1
209823;11;2;2300419;2021;2;8;4;3;5;3;0;1;1;0;0;0;0;1
209822;11;2;2500835;2021;2;5;5;3;0;6;0;1;0;0;0;0;1;0
209821;11;8;8300934;2021;3;11;6;3;0;2;0;0;1;0;0;0;1;0
209820;11;4;4300619;2021;2;14;4;2;5;3;0;0;1;0;1;0;0;0
209819;11;3;3400826;2021;1;11;6;3;5;3;0;1;1;0;0;0;0;0
209818;11;11;11501339;2021;3;17;6;3;1;5;0;1;1;0;0;0;0;0
209817;11;8;8100520;2021;3;20;7;2;5;2;2;0;1;0;0;0;0;1
209816;11;3;3300517;2021;3;13;2;3;5;3;0;0;1;0;0;0;0;0
209815;11;12;12100205;2021;2;16;7;3;0;7;0;0;1;0;1;0;0;0
209814;11;9;9100101;2021;1;7;5;3;5;3;0;1;1;0;0;0;0;1
209813;11;11;11100102;2021;1;11;1;3;5;2;0;1;1;0;0;0;0;0
209812;11;12;12500825;2021;1;12;3;3;5;3;0;0;1;0;1;0;0;1
209811;11;10;10100104;2021;2;10;7;3;6;7;0;0;1;1;0;0;0;0
209810;11;7;7601442;2021;3;21;1;3;5;2;2;0;1;0;0;0;0;1
209809;11;8;8100520;2021;1;17;3;3;0;3;2;0;1;0;1;0;0;1
209808;11;12;12500824;2021;2;11;2;3;8;1;0;0;1;0;0;0;0;2
209807;11;8;8100206;2021;2;17;6;3;1;5;0;1;1;0;0;0;0;0
209806;11;10;10300732;2021;1;3;1;3;1;5;2;0;1;0;0;1;0;1
209805;11;9;9501939;2021;3;15;4;3;5;2;0;1;1;0;0;0;0;0
209804;11;8;8100415;2021;1;6;6;3;6;2;2;0;1;1;0;0;0;0
209803;11;8;8200726;2021;1;8;3;3;5;3;0;0;1;0;0;0;1;1
209802;11;1;1100103;2021;1;18;3;3;1;5;2;1;1;0;0;0;0;1
209801;11;3;3400620;2021;2;9;2;3;5;3;0;1;1;0;0;0;0;0
209800;11;4;4500936;2021;3;17;2;3;1;5;0;1;1;0;0;0;0;1
209799;11;6;6200423;2021;3;9;4;3;5;2;0;1;0;0;0;1;0;0
209798;11;3;3400721;2021;2;8;2;3;2;7;0;0;1;0;0;0;0;1
209797;11;12;12601133;2021;3;10;2;3;2;6;0;1;0;0;0;0;1;0
209796;11;4;4400835;2021;1;16;4;3;5;2;1;1;1;0;0;0;0;1
209795;11;8;8200727;2021;2;13;2;3;0;4;0;1;0;1;0;0;0;2
209794;11;12;12100205;2021;2;13;7;3;3;5;0;0;1;0;0;1;0;2
209793;11;7;7300619;2021;1;15;5;3;6;7;0;1;0;1;0;0;0;0
209792;11;5;5300737;2021;3;16;6;3;0;3;0;1;0;0;1;0;0;0
209791;11;12;12200309;2021;2;14;3;3;2;4;0;0;1;1;0;0;0;0
209790;11;8;8100105;2021;1;16;5;3;0;6;1;0;1;0;0;0;1;0
209789;11;8;8100311;2021;3;17;4;2;5;3;0;1;1;0;0;0;0;0
209788;11;1;1300733;2021;3;22;5;2;1;5;2;0;1;0;0;0;0;1
209787;11;1;7100101;2021;3;15;7;3;5;3;0;1;1;0;0;0;0;0
209786;11;4;4100101;2021;2;18;1;3;5;2;2;0;1;0;0;0;0;0
209785;11;12;12601235;2021;3;15;3;2;4;3;0;0;1;0;0;0;0;1
209784;11;4;4200308;2021;3;14;5;3;2;6;0;0;1;0;0;0;1;1
209783;11;3;3500933;2021;2;12;1;3;5;3;0;0;1;0;0;0;0;0
209782;11;1;1100310;2021;2;5;1;3;5;3;1;0;0;0;0;0;1;0
209781;11;3;3501037;2021;1;10;3;3;5;3;0;1;1;0;0;0;0;1
209780;11;3;3400828;2021;3;7;5;3;0;3;0;1;1;0;0;0;0;0
209779;11;8;8301037;2021;2;15;3;3;2;6;0;0;1;0;0;0;1;0
209778;11;8;8200726;2021;2;19;6;3;2;6;2;0;1;0;0;0;0;1
209777;11;4;4300413;2021;1;17;5;3;5;3;2;1;1;0;0;0;0;0
209776;11;4;4501045;2021;3;12;6;3;2;6;0;0;1;0;0;0;0;0
209775;11;8;8200831;2021;2;11;3;3;6;7;0;0;0;1;0;0;1;0
209774;11;11;11400931;2021;3;17;3;3;3;6;0;0;1;0;0;0;0;0
209773;11;2;2200210;2021;3;12;5;3;2;7;0;0;1;0;0;0;0;1
209772;11;2;2500834;2021;2;12;4;3;5;2;0;0;1;0;0;0;0;1
209771;11;5;5200629;2021;3;13;3;3;0;6;0;0;0;0;0;0;1;0
209770;11;2;2400623;2021;1;15;6;3;5;2;2;1;1;0;0;0;0;1
209769;11;7;7601442;2021;2;17;4;2;6;2;2;0;1;1;0;0;0;1
209768;11;4;4300623;2021;3;11;7;3;5;3;0;1;1;0;0;0;0;0
209767;11;1;1300836;2021;2;10;5;3;6;4;0;0;1;1;0;0;0;0
209766;11;10;10300731;2021;1;10;6;3;5;7;0;0;1;0;0;0;1;1
209765;11;3;3601245;2021;3;10;5;3;5;3;0;0;1;0;0;0;0;0
209764;11;5;5300737;2021;3;17;2;3;2;6;0;0;1;0;0;0;0;1
209763;11;1;1100103;2021;2;15;6;3;2;2;0;0;1;0;0;0;0;1
209762;11;7;7100103;2021;1;3;1;3;9;1;2;0;1;0;0;0;0;0
209761;11;7;7501134;2021;1;13;2;3;5;2;0;1;1;0;0;0;0;1
209760;11;5;5100211;2021;2;15;6;3;5;2;0;1;1;0;0;0;0;0
209759;11;5;5200528;2021;3;6;1;3;6;2;0;0;1;1;0;0;0;0
209758;11;9;9200613;2021;1;13;3;3;0;7;0;0;0;0;0;1;0;0
209757;11;7;7601442;2021;2;19;4;3;6;2;2;0;1;1;0;0;0;2
209756;11;5;5100315;2021;2;10;5;3;6;7;0;0;0;1;0;0;1;0
209755;11;4;4300623;2021;1;11;3;3;0;4;0;0;1;1;0;0;0;0
209754;11;3;3601244;2021;3;6;4;3;0;3;0;0;1;0;0;0;0;0
209753;11;6;6400838;2021;1;12;7;3;2;6;0;0;1;0;0;0;0;2
209752;11;8;8100207;2021;1;16;3;3;0;2;1;1;1;0;0;0;0;1
209751;11;8;8200832;2021;1;7;4;3;6;2;2;0;0;1;0;0;1;1
209750;11;7;7400720;2021;2;7;2;3;6;4;0;0;1;1;0;0;0;0
209749;11;1;1100103;2021;3;6;3;3;2;6;0;0;1;0;0;0;0;0
209748;11;1;1100103;2021;3;15;4;3;1;5;0;1;1;0;0;0;0;0
209747;11;4;4501045;2021;2;9;7;3;5;3;0;0;1;0;0;0;1;1
209746;11;6;6100204;2021;2;2;7;2;9;1;2;0;1;0;0;0;0;0
209745;11;12;12200309;2021;1;16;5;3;2;6;2;0;1;0;1;0;0;1
209744;11;2;2100101;2021;2;11;3;3;1;5;0;1;1;0;0;0;0;1
209743;11;3;3601450;2021;1;13;4;3;0;2;0;1;1;0;0;0;0;1
209742;11;9;9300922;2021;3;8;5;2;5;3;0;0;1;0;0;0;0;0
209741;11;4;4300621;2021;3;16;7;2;0;7;0;1;0;0;0;0;0;0
209740;11;11;11200513;2021;2;9;5;3;5;2;0;1;1;0;0;0;0;0
209739;11;8;8401246;2021;1;19;6;3;2;2;2;1;1;0;0;0;0;0
209738;11;1;1100310;2021;3;8;4;3;5;2;0;1;1;0;0;0;0;0
209737;11;3;3100102;2021;3;15;5;3;2;6;0;0;1;0;0;0;1;1
209736;11;1;1100416;2021;3;10;2;3;5;2;0;1;1;0;0;0;0;0
209735;11;12;12200412;2021;2;15;3;3;2;6;0;0;1;0;0;0;0;1
209734;11;2;2300315;2021;1;1;1;3;5;2;2;1;1;0;0;0;0;0
209733;11;9;9300922;2021;3;10;3;2;6;4;0;0;1;1;0;0;0;0
209732;11;6;6300524;2021;1;11;2;3;5;3;0;0;1;0;1;0;0;1
209731;11;2;2300315;2021;2;8;4;3;0;1;0;0;0;0;1;0;0;1
209730;11;3;3200310;2021;3;9;6;3;5;3;0;1;1;0;0;0;0;0
209729;11;8;8100206;2021;2;12;4;3;2;6;0;0;1;0;0;0;1;1
209728;11;5;5200422;2021;2;8;6;3;5;3;0;0;1;0;0;0;0;1
209727;11;12;12200412;2021;1;9;2;3;6;4;0;0;1;1;0;0;0;1
209726;11;10;10400941;2021;3;9;5;3;5;3;0;0;1;0;0;0;0;0
209725;11;3;3601245;2021;3;14;6;3;0;3;0;0;1;0;0;0;1;0
209724;11;7;7400823;2021;3;11;2;3;3;6;0;0;1;0;0;0;0;0
209723;11;4;4501152;2021;1;17;2;2;5;3;2;1;1;0;0;0;0;1
209722;11;6;6400737;2021;1;14;4;2;6;4;0;1;0;1;0;0;0;0
209721;11;4;4200309;2021;2;16;2;3;5;2;0;0;1;0;0;0;0;0
209720;11;12;12601235;2021;2;6;3;3;2;6;1;0;1;0;0;0;1;1
209719;11;7;7400721;2021;3;16;3;3;2;6;1;1;0;0;0;0;0;0
209718;11;12;12200308;2021;1;13;5;3;5;3;0;0;1;0;0;0;0;1
209717;11;8;8100417;2021;2;15;4;3;1;5;0;0;1;0;0;0;0;1
209716;11;5;5200420;2021;3;7;6;3;5;2;0;1;1;0;0;0;0;0
209715;11;8;8100209;2021;2;7;4;3;5;2;0;1;1;0;0;0;0;0
209714;11;2;2200210;2021;1;9;3;3;0;6;0;0;0;0;1;0;1;1
209713;11;9;9401534;2021;3;13;6;3;5;3;0;1;0;0;0;1;0;1
209712;11;3;3500932;2021;3;9;7;3;5;2;0;0;1;0;0;0;0;1
209711;11;9;9100304;2021;3;8;2;2;5;2;0;0;1;0;1;0;0;0
209710;11;12;12200412;2021;1;7;5;3;1;5;2;0;0;0;0;0;1;1
209709;11;4;4400831;2021;1;11;1;3;3;6;0;1;1;0;0;0;0;1
209708;11;10;10300732;2021;2;9;2;3;2;6;0;0;1;0;0;0;0;0
209707;11;12;12400721;2021;3;11;2;3;2;6;0;0;1;0;0;0;0;0
209706;11;9;9100408;2021;1;8;4;3;5;3;0;1;1;0;0;0;0;1
209705;11;6;6200421;2021;2;12;3;3;3;6;0;0;1;0;0;0;0;2
209704;11;6;6400737;2021;2;17;5;3;5;2;1;1;1;0;0;0;0;0
209703;11;5;5400943;2021;1;16;3;2;9;1;2;0;1;0;0;0;0;1
209702;11;6;6100209;2021;3;7;4;3;4;2;0;1;1;0;0;0;0;0
209701;11;2;2300417;2021;1;9;7;3;2;3;0;1;1;0;0;0;0;2
209700;11;8;8200623;2021;1;17;3;3;6;2;2;0;1;1;0;0;0;1
209699;11;3;3701657;2021;1;9;3;3;5;3;0;0;1;0;0;0;0;1
209698;11;6;6200312;2021;2;17;3;3;0;1;2;1;0;0;0;0;0;0
209697;11;4;4501148;2021;3;6;2;2;6;7;1;1;0;1;0;0;0;0
209696;11;11;11501340;2021;3;16;4;3;5;2;0;1;1;0;0;0;0;0
209695;11;7;7601340;2021;2;10;7;3;3;6;0;0;1;0;0;0;0;0
209694;11;9;9200715;2021;2;7;1;3;8;1;1;0;1;0;0;0;0;0
209693;11;8;8300935;2021;1;18;7;3;5;3;2;0;1;0;0;0;0;0
209692;11;8;8401243;2021;2;15;2;3;5;3;0;1;1;0;0;0;0;0
209691;11;11;11300725;2021;3;11;6;3;5;2;0;1;0;0;0;0;1;0
209690;11;6;6300634;2021;2;11;5;3;2;6;0;0;1;0;0;0;0;0
209689;11;2;2500831;2021;1;14;7;3;0;1;0;0;0;0;1;0;0;1
209688;11;9;9200715;2021;3;13;5;3;2;6;0;0;1;0;0;0;0;0
209687;11;4;4300413;2021;3;10;5;3;0;4;0;0;1;1;0;0;0;1