OBJECTID;LAND;BEZ;LOR_ab_2021;UJAHR;UMONAT;USTUNDE;UWOCHENTAG;UKATEGORIE;UART;UTYP1;ULICHTVERH;IstRad;IstPKW;IstFuss;IstKrad;IstGkfz;IstSonstige;USTRZUSTAND
209686;11;9;9100304;2021;3;9;7;2;5;2;0;0;1;0;0;1;0;0
209685;11;8;8300935;2021;2;14;6;3;5;2;0;0;1;0;0;0;0;0
209684;11;1;1100206;2021;1;12;6;3;5;2;0;0;1;0;0;0;0;1
209683;11;6;6300632;2021;3;15;3;2;6;4;0;0;1;1;0;0;0;0
209682;11;10;10300733;2021;1;17;2;3;5;3;2;1;1;0;0;0;0;1
209681;11;7;7601341;2021;2;7;4;2;5;2;1;0;1;0;0;0;0;1
209680;11;11;11300618;2021;3;12;3;3;5;2;0;1;1;0;0;0;0;0
209679;11;2;2100101;2021;2;17;2;3;2;6;2;0;1;0;0;0;0;2
209678;11;12;12100205;2021;2;17;5;3;5;3;1;0;1;0;0;0;0;1
209677;11;6;6400844;2021;2;15;6;3;5;3;0;0;1;0;0;0;0;0
209676;11;7;7400824;2021;1;6;3;2;6;2;2;0;1;1;0;0;0;0
209675;11;7;7400927;2021;3;16;5;3;5;7;0;0;1;0;1;0;0;1
209674;11;9;9100203;2021;1;12;1;3;5;2;0;0;1;0;0;0;0;1
209673;11;12;12601031;2021;3;21;7;3;5;2;2;0;1;0;0;0;0;1
209672;11;12;12200515;2021;1;17;2;2;6;2;2;0;1;1;0;0;0;1
209671;11;5;5100103;2021;1;14;4;3;2;6;0;0;1;0;0;0;0;1
209670;11;3;3601142;2021;2;14;1;3;5;2;0;1;0;0;0;0;0;0
209669;11;1;1100415;2021;3;17;3;3;6;2;0;0;1;1;0;0;0;0
209668;11;3;3500934;2021;3;7;4;3;5;3;0;1;1;0;0;0;0;0
209667;11;9;9100203;2021;1;10;4;3;5;2;0;0;1;0;0;0;0;1
209666;11;9;9200512;2021;2;14;2;3;2;6;0;0;1;0;0;0;0;2
209665;11;6;6300634;2021;2;23;7;3;2;2;2;0;1;0;0;0;0;0
209664;11;2;2200208;2021;1;15;4;2;6;4;1;0;1;1;0;0;0;1
209663;11;12;12200414;2021;3;13;4;2;5;3;0;1;0;0;0;0;1;0
209662;11;3;3601244;2021;2;9;2;2;5;3;0;0;1;0;0;0;0;0
209661;11;4;4300619;2021;1;22;4;2;9;1;2;0;1;0;0;0;0;0
209660;11;4;4300413;2021;1;17;5;3;0;1;2;0;0;0;1;0;0;1
209659;11;4;4200310;2021;3;11;5;3;2;6;0;0;1;0;0;0;0;0
209658;11;10;10100315;2021;2;13;3;3;0;6;0;0;0;0;0;0;1;0
209657;11;3;3500933;2021;3;5;4;3;5;3;2;1;1;0;0;0;0;0
209656;11;7;7400824;2021;3;15;5;3;6;4;0;0;1;1;0;0;0;1
209655;11;11;11300722;2021;2;17;2;3;5;2;2;0;1;0;1;0;0;0
209654;11;5;5100101;2021;3;15;3;3;6;4;0;0;1;1;0;0;0;0
209653;11;11;11300616;2021;1;16;6;3;1;5;2;1;1;0;0;0;0;1
209652;11;5;5300840;2021;3;8;3;3;5;2;0;0;1;0;0;0;0;0
209651;11;10;10200418;2021;1;19;4;3;5;3;2;1;1;0;0;0;0;1
209650;11;8;8100311;2021;2;19;2;3;0;1;2;0;1;0;0;0;0;2
209649;11;11;11300721;2021;3;14;2;3;2;6;0;0;1;0;0;0;0;0
209648;11;7;7200411;2021;1;19;4;3;5;2;2;1;1;0;0;0;0;1
209647;11;7;7601546;2021;3;7;4;3;5;3;0;1;1;0;0;0;0;0
209646;11;5;5200420;2021;1;19;1;3;2;6;2;0;1;0;0;0;0;1
209645;11;8;8200624;2021;1;21;4;3;0;6;2;0;1;0;0;0;0;0
209644;11;7;7400823;2021;1;16;4;3;5;2;2;1;1;0;0;0;0;1
209643;11;1;1300730;2021;2;9;3;3;3;6;0;0;1;0;0;0;0;0
209642;11;5;5200420;2021;3;10;3;3;5;3;0;0;1;0;0;0;1;0
209641;11;10;10100313;2021;3;16;4;2;5;2;0;1;1;0;0;0;0;0
209640;11;4;4501042;2021;2;9;4;3;2;6;0;0;1;0;0;0;1;1
209639;11;1;1300836;2021;3;8;3;3;5;3;0;0;1;0;0;0;0;0
209638;11;1;1400942;2021;1;12;6;3;5;3;0;1;1;0;0;0;0;1
209637;11;8;8100417;2021;2;23;4;3;5;2;2;1;1;0;0;0;0;1
209636;11;7;7601544;2021;2;19;5;3;0;3;2;0;1;0;0;0;1;1
209635;11;11;11400927;2021;3;7;6;3;1;5;0;1;1;0;0;0;0;0
209634;11;1;1401049;2021;2;5;1;3;9;1;2;0;0;0;0;0;1;0
209633;11;9;9301227;2021;2;17;4;3;0;1;1;1;0;0;0;0;0;0
209632;11;12;12100205;2021;1;16;7;3;5;2;2;0;1;0;0;0;0;1
209631;11;3;3300516;2021;3;8;3;3;6;4;0;0;1;1;0;0;0;0
209630;11;4;4501045;2021;3;7;6;3;2;6;0;0;1;0;1;0;0;1
209629;11;10;10200421;2021;3;11;7;3;6;7;0;0;0;1;0;0;1;0
209628;11;10;10200423;2021;2;15;6;3;6;4;0;0;1;1;0;0;0;0
209627;11;5;5100206;2021;1;8;6;3;5;3;1;1;1;0;0;0;0;1
209626;11;4;4300517;2021;1;14;2;2;2;6;0;0;1;0;0;0;0;1
209625;11;6;6300528;2021;1;14;3;2;4;6;0;0;1;0;0;0;1;0
209624;11;2;2500833;2021;2;11;7;3;0;3;0;0;1;0;1;0;0;0
209623;11;4;4501042;2021;3;16;3;3;6;7;0;0;1;1;0;0;0;0
209622;11;9;9100409;2021;1;14;3;3;5;2;0;0;1;0;0;0;0;0
209621;11;8;8300934;2021;2;16;3;3;2;2;1;0;1;0;0;0;0;2
209620;11;6;6100209;2021;2;12;5;3;5;2;0;0;1;0;1;0;0;0
209619;11;4;4501045;2021;1;11;2;3;5;2;0;1;0;0;0;0;1;1
209618;11;11;11200410;2021;3;7;4;3;6;2;0;0;1;1;0;0;0;0
209617;11;6;6300525;2021;1;10;6;3;7;7;0;1;0;0;0;0;0;0
209616;11;3;3300412;2021;3;15;2;3;6;4;0;0;1;1;0;0;0;1
209615;11;6;6100209;2021;1;17;3;3;5;2;2;0;1;0;0;0;0;1
209614;11;1;1100102;2021;1;18;3;3;5;3;2;0;1;0;0;0;0;1
209613;11;8;8200831;2021;2;14;2;3;5;3;0;1;1;0;0;0;0;0
209612;11;5;5100313;2021;3;15;3;3;2;6;0;1;0;0;0;0;1;0
209611;11;6;6200313;2021;3;13;5;3;2;2;0;0;1;0;0;0;0;0
209610;11;12;12200412;2021;2;20;5;3;6;4;2;0;0;1;0;0;1;2
209609;11;7;7100102;2021;2;14;6;3;1;5;0;1;1;0;0;0;0;0
209608;11;4;4400835;2021;1;19;3;2;6;4;2;0;1;1;0;0;0;1
209607;11;4;4500939;2021;3;13;5;3;0;2;0;1;1;0;0;0;0;0
209606;11;1;1200517;2021;2;14;2;3;2;6;0;0;1;0;0;0;0;0
209605;11;1;1400940;2021;2;11;7;3;0;7;0;0;1;0;0;0;1;1
209604;11;2;2100105;2021;1;10;5;3;0;1;0;1;0;0;0;0;0;0
209603;11;8;8100206;2021;1;15;4;3;5;2;0;0;1;0;1;0;0;1
209602;11;1;1300733;2021;3;14;5;3;5;7;0;0;1;0;0;0;1;0
209601;11;4;4501153;2021;2;17;3;3;3;6;0;0;1;0;1;0;0;0
209600;11;6;6200313;2021;3;15;3;2;5;2;0;0;1;0;1;0;0;0
209599;11;7;7601339;2021;3;14;6;3;1;7;0;1;1;0;0;0;0;0
209598;11;1;1300834;2021;2;17;3;3;3;6;2;0;1;0;0;0;0;1
209597;11;4;4501045;2021;3;12;3;3;5;2;0;0;1;0;0;0;0;0
209596;11;1;1100308;2021;1;10;7;3;6;4;0;0;0;1;0;0;1;1
209595;11;8;8401243;2021;2;13;5;2;1;7;0;0;1;1;0;0;0;1
209594;11;7;7601236;2021;3;11;6;3;5;2;0;0;1;0;0;0;1;0
209593;11;1;1100308;2021;2;19;4;3;9;1;2;0;1;0;0;0;0;0
209592;11;8;8100206;2021;1;13;6;3;0;7;0;0;1;0;1;0;0;0
209591;11;8;8401245;2021;3;17;5;3;5;2;2;0;1;0;0;0;1;1
209590;11;4;4300622;2021;1;3;5;3;1;1;2;0;1;0;0;0;1;1
209589;11;6;6100101;2021;3;15;2;3;2;2;0;0;1;0;0;0;0;0
209588;11;1;1100308;2021;2;9;6;3;5;3;0;1;1;0;0;0;0;1
209587;11;1;1100308;2021;2;19;7;3;2;6;2;0;1;0;0;0;0;0
209586;11;11;11200410;2021;1;14;7;3;2;6;0;0;1;0;0;0;1;0
209585;11;7;7601339;2021;1;7;2;3;5;2;1;0;1;0;1;0;0;2
209584;11;2;2400521;2021;1;14;3;3;5;3;0;1;1;0;0;0;0;0
209583;11;8;8100417;2021;2;16;6;3;5;2;0;0;1;0;0;0;1;0
209582;11;9;9301227;2021;3;15;2;3;6;7;0;0;1;1;0;0;0;0
209581;11;6;6100102;2021;1;15;3;2;6;7;0;0;1;1;0;0;0;0
209580;11;1;1300733;2021;2;9;5;3;5;2;0;1;1;0;0;0;0;1
209579;11;6;6400844;2021;3;10;7;2;0;7;0;1;1;0;0;0;0;0
209578;11;4;4200308;2021;2;13;4;3;2;6;0;0;1;0;0;0;1;0
209577;11;6;6100209;2021;1;18;1;3;1;1;2;0;1;0;0;0;0;1
209576;11;2;2400623;2021;3;15;6;3;5;3;0;1;1;0;0;0;0;1
209575;11;2;2300419;2021;3;15;6;3;0;7;0;0;0;0;0;0;1;0
209574;11;2;2300314;2021;3;18;7;3;1;5;2;1;1;0;0;0;0;0
209573;11;9;9401534;2021;2;8;7;3;0;1;0;1;0;0;0;0;0;0
209572;11;8;8100521;2021;1;7;5;2;6;4;2;0;0;1;0;1;0;1
209571;11;2;2100102;2021;1;19;7;3;5;3;2;0;1;0;0;0;1;0
209570;11;3;3601142;2021;1;9;4;2;0;3;0;0;1;0;0;0;1;1
209569;11;8;8200623;2021;2;14;7;3;5;2;0;0;1;0;0;0;0;0
209568;11;4;4300416;2021;3;15;3;3;1;5;0;1;1;0;0;0;0;0
209567;11;3;3200207;2021;1;10;3;3;4;1;0;0;1;0;0;0;0;2
209566;11;10;10200421;2021;2;18;5;3;6;4;2;0;1;1;0;0;0;1
209565;11;3;3601449;2021;2;11;5;3;5;3;0;1;1;0;0;0;0;0
209564;11;8;8401242;2021;1;16;2;3;3;6;1;0;1;0;0;0;0;0
209563;11;2;2300316;2021;3;13;4;3;5;7;0;1;1;0;0;0;0;0
209562;11;9;9200819;2021;1;6;6;3;2;6;2;0;1;0;0;0;0;0
209561;11;2;2400624;2021;1;17;2;3;5;3;2;0;1;0;0;0;1;1
209560;11;12;12100204;2021;1;12;4;3;2;6;0;0;1;0;0;0;0;0
209559;11;7;7400826;2021;2;13;1;3;5;3;0;0;1;0;0;0;1;0
209558;11;10;10100311;2021;3;11;3;3;2;6;0;0;1;0;1;0;0;0
209557;11;4;4501146;2021;3;15;4;3;5;3;0;0;1;0;0;0;0;0
209556;11;10;10100312;2021;2;8;6;3;6;6;0;0;1;1;0;0;0;2
209555;11;1;1300732;2021;2;17;7;3;6;4;1;0;1;1;0;0;0;0
209554;11;7;7400927;2021;1;18;4;3;5;2;2;0;1;0;0;0;0;1
209553;11;5;5100316;2021;2;17;3;3;2;6;2;0;1;0;0;0;0;1
209552;11;8;8100206;2021;2;20;6;3;2;7;2;0;1;0;0;0;1;2
209551;11;7;7601340;2021;1;19;3;3;6;2;2;0;1;1;0;0;0;1
209550;11;3;3601449;2021;3;14;6;3;5;2;0;1;1;0;0;0;0;0
209549;11;11;11200411;2021;2;17;3;3;5;3;0;0;1;0;0;0;0;0
209548;11;1;1100102;2021;1;20;7;3;2;6;2;0;1;0;0;0;1;1
209547;11;2;2100102;2021;3;7;3;3;2;3;0;0;1;0;0;0;0;0
209546;11;5;5200633;2021;3;5;5;3;8;1;2;0;1;0;0;0;0;1
209545;11;7;7501031;2021;3;9;6;3;2;6;0;0;1;0;0;1;0;1
209544;11;5;5200423;2021;2;16;3;3;5;3;0;0;1;0;0;0;0;1
209543;11;8;8100310;2021;3;16;3;3;6;4;0;0;1;1;0;0;0;0
209542;11;7;7400927;2021;1;17;6;3;5;2;2;0;1;0;0;0;0;1
209541;11;1;1100310;2021;2;10;4;2;1;5;0;1;0;0;0;0;1;0
209540;11;5;5200423;2021;3;21;6;3;1;5;2;0;1;0;0;0;0;0
209539;11;11;11300722;2021;2;11;5;3;5;3;0;0;1;0;0;0;1;0
209538;11;12;12100102;2021;1;20;1;3;5;3;2;0;1;0;0;0;0;1
209537;11;11;11100308;2021;3;18;6;3;2;6;0;0;1;0;0;0;0;0
209536;11;5;5200423;2021;3;12;7;2;6;7;0;0;1;1;0;0;0;1
209535;11;4;4200207;2021;1;15;1;3;4;6;0;1;1;0;0;0;0;0
209534;11;2;2300314;2021;1;6;2;3;6;4;2;0;1;1;0;0;0;1
209533;11;10;10200630;2021;2;22;1;3;0;1;2;0;1;0;1;0;0;0
209532;11;4;4501148;2021;3;22;2;3;9;1;2;0;1;0;0;0;0;0
209531;11;6;6100206;2021;1;12;4;3;5;3;0;0;1;0;0;0;0;1
209530;11;3;3500934;2021;2;13;4;3;5;3;0;0;1;0;0;0;0;1
209529;11;4;4200206;2021;2;5;6;2;6;4;2;0;0;1;0;1;0;1
209528;11;1;1100207;2021;1;9;4;3;5;3;0;0;1;0;0;0;0;1
209527;11;4;4501150;2021;3;9;4;3;1;5;0;1;1;0;0;0;0;0
209526;11;4;4100101;2021;2;18;6;3;6;2;2;0;0;1;0;0;1;2
209525;11;4;4501043;2021;1;14;2;2;6;4;0;0;0;1;0;0;1;1
209524;11;6;6200311;2021;1;7;3;3;6;2;1;0;1;1;0;0;0;1
209523;11;7;7100103;2021;2;15;2;3;2;6;0;0;1;0;0;0;0;0
209522;11;6;6400843;2021;3;11;2;2;2;2;0;0;1;0;1;0;0;0
209521;11;2;2200208;2021;3;17;4;3;5;2;0;1;1;0;0;0;0;0
209520;11;5;5100315;2021;2;19;2;3;5;3;2;0;1;0;0;0;0;1
209519;11;3;3601140;2021;2;18;1;3;6;4;2;0;0;1;0;0;1;0
209518;11;9;9401432;2021;1;18;5;3;2;6;2;0;1;0;0;0;0;1
209517;11;4;4300619;2021;2;17;3;3;6;2;2;0;1;1;0;0;0;1
209516;11;8;8401139;2021;2;10;3;3;5;2;0;0;1;0;0;0;0;2
209515;11;1;1100311;2021;2;16;5;3;2;6;0;0;1;0;0;0;0;0
209514;11;3;3601450;2021;1;20;2;3;2;6;2;0;1;0;0;0;0;0
209513;11;5;5100210;2021;3;16;4;3;5;3;0;0;1;0;0;0;0;0
209512;11;8;8200623;2021;1;16;6;3;0;6;1;0;1;0;0;0;0;0
209511;11;2;2100102;2021;2;19;6;3;6;4;2;0;1;1;0;0;0;2
209510;11;5;5200629;2021;1;11;3;3;5;2;0;1;0;0;0;0;1;1
209509;11;10;10100102;2021;1;19;3;2;0;1;2;1;0;0;0;0;0;2
209508;11;4;4100101;2021;2;16;1;2;5;2;0;0;1;0;0;0;1;0
209507;11;4;4501153;2021;3;14;2;2;2;2;0;1;1;0;0;0;0;1
209506;11;1;1300733;2021;3;18;3;2;6;4;2;0;1;1;0;0;0;0
209505;11;7;7501029;2021;2;14;1;3;6;4;0;0;1;1;0;0;0;1
209504;11;1;1200517;2021;3;12;2;2;6;4;0;0;0;1;0;0;1;0
209503;11;1;1200520;2021;1;22;3;3;0;1;2;1;0;0;0;0;0;1
209502;11;1;1300732;2021;1;21;1;3;0;2;2;0;0;0;1;0;1;2
209501;11;11;3500936;2021;2;10;7;3;2;1;0;0;1;0;0;0;0;2
209500;11;5;5100211;2021;1;10;5;3;6;2;0;0;1;1;0;0;0;0
209499;11;9;9200512;2021;3;12;6;3;5;7;0;0;1;0;0;0;1;0
209498;11;1;1100310;2021;2;8;3;3;5;2;0;1;1;0;0;0;0;0
209497;11;4;4501150;2021;1;18;7;3;2;6;2;0;1;0;0;0;0;1
209496;11;3;3400620;2021;3;6;4;3;5;2;0;0;1;0;0;0;0;0
209495;11;4;4300624;2021;3;12;6;3;0;6;0;0;0;0;0;1;1;0
209494;11;2;2200213;2021;3;18;1;3;3;6;1;1;1;0;0;0;0;0
209493;11;9;9100305;2021;2;10;3;3;5;2;0;0;1;0;0;0;1;1
209492;11;2;2400521;2021;3;5;3;3;5;2;2;1;1;0;0;0;0;0
209491;11;1;1200522;2021;1;17;6;2;5;2;2;1;1;0;0;0;0;1
209490;11;6;6100205;2021;2;15;4;3;5;3;0;0;1;0;1;0;0;1
209489;11;1;1400938;2021;3;1;6;3;8;1;2;0;1;0;0;0;0;1
209488;11;1;1300834;2021;2;19;4;3;5;3;2;0;1;0;1;0;0;0
209487;11;10;10100313;2021;1;1;1;3;9;1;2;0;1;0;0;0;0;1
209486;11;5;5300840;2021;3;7;5;3;0;1;0;0;0;0;1;0;0;1
209485;11;5;5200528;2021;3;11;7;2;2;6;0;0;1;0;0;0;0;1
209484;11;3;3601142;2021;2;7;6;3;5;2;0;1;1;0;0;0;0;0
209483;11;2;2200209;2021;3;18;2;2;6;4;1;0;1;1;0;0;0;0
209482;11;1;1100205;2021;1;18;2;3;6;7;2;1;0;1;0;0;0;0
209481;11;5;5400943;2021;1;0;4;2;9;1;2;0;1;0;0;0;0;2
209480;11;1;1401049;2021;2;6;2;3;5;7;2;1;1;0;0;0;0;0
209479;11;10;10200421;2021;3;8;3;3;5;3;0;0;1;0;0;0;1;0
209478;11;1;1401046;2021;1;15;4;3;6;4;0;1;0;1;0;0;0;0
209477;11;2;2100106;2021;2;12;6;3;2;6;0;0;1;0;0;0;0;1
209476;11;4;4501042;2021;3;1;2;3;0;1;2;0;0;0;1;0;0;0
209475;11;7;7200308;2021;1;17;4;3;6;2;2;0;0;1;0;0;1;1
209474;11;8;8100418;2021;3;11;4;3;5;3;0;0;1;0;0;0;1;0
209473;11;3;3200205;2021;1;3;1;3;9;1;2;0;1;0;0;0;0;2
209472;11;6;6200421;2021;2;18;6;3;5;3;2;0;1;0;0;0;0;1
209471;11;1;1100311;2021;1;16;4;3;5;2;1;1;1;0;0;0;0;0
209470;11;2;2100102;2021;1;7;5;3;6;2;1;0;1;1;0;0;0;1
209469;11;8;8100208;2021;2;18;3;3;5;3;2;0;1;0;0;0;0;0
209468;11;4;4300622;2021;3;11;2;3;2;6;0;0;1;0;0;0;0;0
209467;11;12;12500930;2021;3;19;4;2;5;2;2;0;1;0;1;0;0;0
209466;11;12;12400721;2021;2;5;4;3;6;4;2;0;1;1;0;0;0;1
209465;11;8;8100312;2021;3;11;2;3;2;7;0;0;1;0;1;0;0;0
209464;11;8;8100313;2021;1;19;6;3;1;5;2;1;0;0;0;0;1;0
209463;11;3;3400829;2021;2;11;3;2;5;3;0;0;1;0;0;0;0;1
209462;11;4;4300416;2021;3;10;6;3;5;3;0;0;1;0;1;0;0;0
209461;11;11;10100205;2021;2;14;5;3;5;3;0;1;1;0;0;0;0;0
209460;11;1;1100310;2021;1;21;7;3;0;1;2;0;0;0;1;0;0;2
209459;11;9;9501940;2021;3;16;4;2;6;4;0;0;1;1;0;0;0;1
209458;11;3;3100101;2021;3;14;6;3;2;6;0;0;1;0;0;0;0;0
209457;11;9;9200510;2021;2;16;6;3;5;7;1;0;0;0;0;0;1;1
209456;11;4;4501041;2021;3;11;2;3;5;7;0;1;0;0;0;0;1;0
209455;11;6;6200422;2021;2;12;7;2;4;6;0;0;1;0;0;0;0;0
209454;11;5;5200632;2021;1;18;1;3;5;2;2;0;1;0;0;0;0;1
209453;11;11;11100203;2021;1;11;7;3;6;4;0;0;1;1;0;0;0;0
209452;11;1;1300733;2021;2;18;4;3;2;6;2;0;1;0;0;0;0;1
209451;11;2;2500833;2021;3;20;2;3;5;2;2;0;1;0;1;0;0;0
209450;11;2;2500833;2021;2;18;4;3;5;3;2;0;1;0;0;0;0;2
209449;11;3;3400827;2021;2;17;5;3;1;7;2;0;1;0;1;0;0;0
209448;11;3;3300516;2021;1;6;2;3;6;4;2;0;1;1;0;0;0;0
209447;11;1;1100207;2021;1;17;5;2;6;4;2;0;1;1;0;0;0;1
209446;11;5;5200423;2021;3;12;5;3;2;6;0;0;1;0;0;1;0;0
209445;11;1;1100206;2021;3;19;7;3;0;6;2;1;1;0;0;0;0;0
209444;11;3;3100101;2021;2;11;5;3;5;2;0;0;1;0;0;0;0;0
209443;11;11;11401137;2021;1;14;5;2;5;3;0;1;1;0;0;0;0;0
209442;11;12;12500825;2021;3;15;4;3;5;3;0;1;1;0;0;0;0;1
209441;11;12;12100205;2021;3;17;5;3;2;6;0;0;1;0;0;0;1;1
209440;11;8;8200623;2021;3;12;1;2;2;6;0;0;1;0;0;0;0;0
209439;11;7;7601546;2021;2;18;3;3;8;1;2;0;1;0;0;0;0;1
209438;11;8;8300934;2021;1;18;2;3;6;2;2;0;1;1;0;0;0;1
209437;11;4;4501043;2021;3;14;3;3;5;2;0;0;1;0;0;0;0;0
209436;11;7;7601339;2021;1;11;2;3;5;3;0;0;1;0;0;0;0;1
209435;11;4;4500936;2021;2;10;4;3;5;2;0;0;1;0;0;0;0;1
209434;11;4;4501153;2021;3;14;6;3;6;2;0;0;1;1;0;0;0;0
209433;11;6;6300524;2021;2;16;4;3;2;6;0;0;1;0;0;0;0;2
209432;11;5;5300737;2021;2;12;6;3;0;1;0;0;0;0;1;0;0;0
209431;11;7;7100102;2021;1;8;3;3;5;2;0;1;1;0;0;0;0;1
209430;11;11;11200410;2021;3;15;5;3;2;6;0;0;1;0;0;0;0;0
209429;11;12;12500926;2021;1;12;6;3;5;7;0;0;1;0;0;0;0;0
209428;11;8;8100415;2021;3;11;1;3;2;6;0;0;1;0;0;0;0;1
209427;11;5;5300840;2021;1;14;2;3;1;5;0;0;1;0;1;0;0;1
209426;11;5;5300737;2021;1;7;4;3;2;2;2;0;1;0;0;0;0;1
209425;11;8;8401246;2021;2;13;1;2;5;2;0;1;1;0;0;0;0;0
209424;11;12;12400619;2021;3;17;1;3;0;1;0;0;0;0;1;0;0;0
209423;11;1;1100310;2021;1;8;5;3;5;3;1;1;1;0;0;0;0;1
209422;11;8;8200730;2021;2;20;2;3;1;5;2;0;1;0;0;0;0;2
209421;11;1;1200623;2021;3;18;2;3;0;4;2;1;0;1;0;0;0;0
209420;11;7;7300618;2021;1;15;4;3;6;7;1;0;0;1;1;0;0;1
209419;11;11;11400931;2021;3;14;4;3;5;2;0;1;1;0;0;0;0;0
209418;11;12;12400721;2021;2;14;3;2;3;6;0;1;1;0;0;0;0;1
209417;11;4;4300517;2021;2;13;6;3;9;1;0;0;0;0;0;0;1;0
209416;11;1;1100313;2021;1;16;4;3;6;4;1;1;0;1;0;0;0;1
209415;11;8;8200833;2021;1;10;5;3;3;6;0;0;1;0;0;0;0;1
209414;11;4;4200311;2021;3;14;6;3;3;6;0;0;1;0;0;0;0;0
209413;11;6;6400840;2021;2;13;3;3;1;7;0;0;1;0;0;0;0;0
209412;11;5;5200528;2021;3;16;4;3;5;3;0;1;1;0;0;0;0;1
209411;11;2;2200207;2021;3;9;6;3;5;2;0;1;1;0;0;0;0;1
209410;11;6;6300633;2021;2;18;5;3;1;5;2;0;1;0;1;0;0;1
209409;11;6;6300633;2021;3;15;3;2;6;2;0;0;1;1;0;0;0;0
209408;11;7;7601544;2021;1;5;5;3;6;2;2;0;1;1;0;0;0;1
209407;11;11;11400931;2021;2;7;5;3;5;2;0;0;1;0;0;0;0;1
209406;11;1;1300836;2021;3;17;7;3;6;2;0;0;1;1;0;0;0;0
209405;11;1;1100313;2021;2;11;3;3;5;2;0;1;0;0;0;0;1;0
209404;11;2;2500830;2021;1;0;1;3;0;1;2;1;0;0;0;0;0;1
209403;11;7;7601443;2021;3;22;5;3;1;5;2;0;1;0;0;0;1;1
209402;11;7;7200409;2021;3;16;7;3;0;5;0;0;1;0;0;0;0;1
209401;11;5;5100103;2021;3;17;2;3;6;7;0;1;0;1;0;0;0;0
209400;11;4;4501041;2021;2;14;7;2;5;3;0;0;1;0;1;0;0;0
209399;11;12;12200412;2021;1;10;2;2;3;6;0;1;0;0;0;0;1;2
209398;11;8;8100209;2021;1;15;3;3;2;6;0;0;1;0;0;0;0;1
209397;11;1;1100102;2021;1;19;3;3;2;6;2;0;1;0;0;0;0;0
209396;11;2;2100102;2021;2;3;6;3;5;3;2;1;1;0;0;0;0;1
209395;11;7;7200307;2021;3;19;1;3;5;2;2;0;1;0;0;0;0;0
209394;11;4;4300412;2021;1;15;3;3;5;2;0;1;1;0;0;0;0;0
209393;11;7;7400824;2021;2;6;4;3;6;2;2;0;0;1;0;0;1;1
209392;11;2;2200210;2021;2;17;5;3;5;3;0;0;1;0;0;0;1;0
209391;11;12;12400619;2021;1;8;2;3;0;6;0;0;1;0;1;0;0;1
209390;11;7;7601340;2021;3;8;4;3;5;2;0;1;1;0;0;0;0;0
209389;11;1;1300733;2021;1;14;1;3;6;2;0;0;1;1;0;0;0;0
209388;11;2;2100106;2021;1;21;2;2;6;4;2;0;1;1;0;0;0;1
209387;11;4;4501150;2021;1;12;4;2;5;7;0;0;1;0;1;0;0;1
209386;11;11;11401136;2021;2;9;2;3;6;2;0;0;1;1;0;0;0;0
209385;11;4;4500939;2021;3;20;3;2;5;3;2;0;1;0;0;0;0;0
209384;11;3;3701555;2021;3;18;4;3;5;3;2;1;1;0;0;0;0;0
209383;11;1;1300836;2021;2;15;6;3;1;5;0;0;1;0;0;0;0;1
209382;11;7;7200409;2021;2;12;7;3;1;5;0;1;1;0;0;0;0;1
209381;11;6;6200312;2021;1;7;3;3;6;2;2;0;1;1;0;0;0;1
209380;11;7;7400928;2021;3;13;5;3;7;7;0;1;0;0;0;0;0;1
209379;11;5;5200631;2021;2;14;2;3;6;4;0;0;1;1;0;0;0;2
209378;11;2;2400623;2021;2;14;7;3;2;7;0;0;1;0;0;0;0;1
209377;11;7;7501030;2021;1;22;4;3;1;5;2;1;1;0;0;0;0;0
209376;11;11;11100102;2021;3;7;5;3;5;2;0;1;1;0;0;0;0;0
209375;11;7;7300619;2021;3;15;5;3;5;3;0;0;1;0;0;0;0;0
209374;11;1;1200517;2021;1;13;1;3;2;6;0;0;1;0;0;0;0;0
209373;11;1;1401044;2021;3;16;2;3;5;3;0;0;1;0;0;0;1;1
209372;11;8;8300934;2021;3;12;2;2;0;2;0;0;1;0;0;0;1;0
209371;11;2;2500832;2021;1;14;3;3;6;4;0;0;1;1;0;0;0;1
209370;11;1;1100102;2021;1;14;4;3;2;6;0;0;1;0;0;0;0;1
209369;11;4;4501045;2021;2;8;2;3;2;6;0;0;1;0;1;0;0;0
209368;11;12;12601235;2021;3;6;3;2;2;7;0;0;0;0;0;0;1;1
209367;11;9;9200819;2021;3;20;3;2;0;1;2;0;0;0;1;0;0;0
209366;11;8;8200624;2021;1;15;4;3;5;3;0;0;1;0;0;0;0;0
209365;11;8;8200623;2021;2;16;2;3;3;6;0;0;1;0;0;1;0;0
209364;11;9;9300920;2021;3;15;2;3;2;6;0;1;1;0;0;0;0;0
209363;11;8;8100102;2021;1;10;4;3;5;7;0;0;1;0;0;0;1;1
209362;11;4;4500938;2021;3;19;4;3;5;5;2;1;1;0;0;0;0;0
209361;11;9;9200715;2021;2;15;3;3;5;2;0;0;1;0;0;0;0;1
209360;11;1;1100207;2021;1;19;3;2;5;3;2;1;1;0;0;0;0;1
209359;11;11;11300722;2021;1;6;5;2;6;4;2;0;1;1;0;0;0;1
209358;11;2;2400521;2021;3;8;5;3;5;2;0;1;1;0;0;0;0;0
209357;11;6;6100209;2021;2;15;2;3;2;2;0;0;1;0;0;0;0;0