OBJECTID;LAND;BEZ;LOR_ab_2021;UJAHR;UMONAT;USTUNDE;UWOCHENTAG;UKATEGORIE;UART;UTYP1;ULICHTVERH;IstRad;IstPKW;IstFuss;IstKrad;IstGkfz;IstSonstige;USTRZUSTAND
209356;11;3;3300411;2021;3;8;4;3;6;4;0;0;1;1;0;0;0;1
209355;11;1;1200623;2021;3;16;5;3;0;6;0;0;1;0;0;0;1;0
209354;11;1;1100310;2021;2;18;3;3;5;2;2;0;1;0;0;0;0;1
209353;11;1;1100310;2021;3;7;3;3;2;2;0;1;1;0;0;0;0;0
209352;11;8;8200727;2021;1;9;7;3;1;5;0;0;1;0;0;0;0;1
209351;11;5;5100104;2021;2;21;3;3;0;7;2;1;0;0;0;0;0;1
209350;11;1;1100308;2021;2;19;5;3;5;2;2;1;1;0;0;0;0;1
209349;11;8;8100521;2021;3;16;6;3;2;6;0;0;1;0;0;0;0;0
209348;11;9;9100407;2021;2;14;4;3;1;5;0;0;1;0;1;0;0;0
209347;11;3;3100103;2021;1;14;5;3;5;7;0;1;1;0;0;0;0;0
209346;11;11;11400930;2021;3;16;6;3;5;2;1;1;1;0;0;0;0;0
209345;11;3;3200308;2021;3;15;2;3;5;2;0;1;1;0;0;0;0;1
209344;11;2;2100104;2021;2;15;1;3;5;3;0;1;1;0;0;0;0;0
209343;11;2;2500832;2021;1;17;6;3;6;4;2;1;0;1;0;0;0;0
209342;11;11;11100205;2021;1;17;2;3;6;4;2;0;1;1;0;0;0;1
209341;11;12;12200309;2021;1;10;3;3;5;3;0;0;1;0;0;0;0;1
209340;11;6;6200423;2021;2;14;6;3;3;6;0;1;1;0;0;0;0;0
209339;11;1;1401043;2021;3;16;2;3;5;3;0;1;1;0;0;0;0;0
209338;11;2;2300315;2021;1;10;3;3;6;2;0;0;1;1;0;0;0;1
209337;11;2;2100101;2021;2;10;2;3;0;7;0;0;1;0;0;0;0;2
209336;11;9;9501838;2021;2;16;5;2;5;3;1;1;1;0;0;0;0;0
209335;11;9;9200819;2021;1;17;3;3;2;6;2;0;1;0;1;0;0;2
209334;11;6;6400844;2021;3;11;4;3;5;3;0;0;1;0;0;0;0;0
209333;11;3;3601141;2021;1;5;6;3;3;2;2;1;0;0;0;0;1;0
209332;11;5;5200629;2021;1;13;3;2;6;2;0;0;1;1;0;0;0;2
209331;11;2;2200209;2021;1;8;3;3;6;2;0;0;0;1;0;0;1;1
209330;11;3;3200206;2021;2;13;1;3;0;1;0;0;0;0;1;0;0;0
209329;11;12;12601134;2021;3;6;2;3;5;7;1;0;1;0;0;0;1;0
209328;11;2;2300316;2021;3;10;4;3;2;6;0;0;1;0;0;0;0;0
209327;11;4;4200308;2021;2;23;1;3;2;6;2;0;1;0;0;0;0;1
209326;11;3;3701556;2021;3;9;2;3;2;7;0;0;1;0;1;0;0;0
209325;11;7;7300619;2021;1;17;4;3;6;2;2;0;0;1;0;0;1;1
209324;11;11;11300617;2021;2;17;3;3;5;3;2;1;1;0;0;0;0;1
209323;11;2;2400521;2021;1;9;3;3;6;4;0;1;0;1;0;0;0;0
209322;11;9;9200512;2021;3;14;6;3;5;7;0;0;1;0;0;0;1;0
209321;11;11;11300617;2021;2;22;2;2;5;2;2;0;1;0;0;0;0;0
209320;11;2;2100106;2021;1;16;7;3;0;1;0;0;0;0;1;0;0;1
209319;11;1;1300834;2021;3;14;4;3;5;2;0;1;0;0;0;0;1;1
209318;11;9;9301025;2021;3;17;5;3;1;1;0;1;1;0;0;0;0;1
209317;11;1;1300730;2021;3;2;7;3;5;3;2;0;1;0;0;0;0;0
209316;11;6;6400844;2021;2;19;4;3;6;2;2;0;1;1;0;0;0;1
209315;11;5;5200629;2021;3;13;2;3;0;6;0;0;1;0;0;0;1;0
209314;11;1;1100308;2021;1;15;5;3;1;5;0;1;0;0;0;0;1;1
209313;11;9;9200511;2021;2;14;4;3;5;3;0;0;1;0;0;0;0;1
209312;11;8;8100207;2021;3;18;6;2;9;1;2;0;1;0;0;0;0;0
209311;11;1;1300732;2021;2;17;4;3;0;7;0;1;0;1;0;0;0;0
209310;11;3;3200308;2021;1;16;2;3;6;7;1;0;1;1;0;0;0;0
209309;11;3;3701660;2021;3;8;6;2;0;3;0;0;1;0;1;0;0;1
209308;11;9;9200511;2021;3;16;6;3;2;1;0;0;1;0;0;0;0;0
209307;11;1;1100312;2021;2;13;2;3;5;3;0;1;1;0;0;0;0;0
209306;11;5;5200528;2021;3;14;4;3;5;2;0;0;1;0;0;0;0;1
209305;11;5;5300841;2021;3;16;6;3;6;4;0;1;0;1;0;0;0;0
209304;11;1;1200517;2021;2;18;3;3;2;6;2;0;1;0;0;0;0;1
209303;11;1;1100102;2021;3;8;3;3;2;6;0;0;1;0;0;1;0;0
209302;11;4;4501147;2021;1;14;6;3;2;6;0;0;1;0;0;0;0;0
209301;11;1;1100207;2021;2;10;5;2;5;3;0;1;1;0;0;0;0;1
209300;11;4;4300624;2021;2;18;5;3;5;3;2;1;1;0;0;0;0;1
209299;11;2;2300314;2021;3;18;1;3;5;7;2;0;1;0;0;0;0;0
209298;11;11;10100205;2021;2;15;4;3;5;3;0;1;0;0;0;0;1;0
209297;11;3;3601244;2021;1;10;7;3;5;3;0;1;0;0;0;0;1;1
209296;11;8;8200832;2021;3;9;5;3;6;4;0;0;1;1;0;0;0;0
209295;11;12;12500930;2021;3;15;2;3;2;6;0;0;1;0;0;0;1;1
209294;11;1;1200517;2021;3;19;2;3;5;2;2;0;1;0;0;0;0;0
209293;11;7;7200413;2021;2;8;5;3;2;6;0;0;1;0;0;0;0;0
209292;11;7;7400824;2021;1;22;7;3;6;2;2;0;0;1;0;0;1;1
209291;11;4;4200311;2021;1;15;2;3;5;2;0;1;1;0;0;0;0;1
209290;11;2;2300418;2021;2;14;6;3;1;5;0;0;1;0;0;0;0;0
209289;11;4;4501045;2021;3;16;2;3;2;2;0;0;1;0;0;0;0;0
209288;11;4;4400830;2021;1;11;4;3;6;4;0;0;1;1;0;0;0;0
209287;11;1;1100102;2021;2;14;4;3;2;6;0;0;1;0;0;0;0;1
209286;11;4;4300622;2021;2;8;6;3;2;6;0;0;1;0;0;0;0;1
209285;11;2;2400623;2021;1;23;1;3;5;3;2;0;1;0;0;0;1;1
209284;11;8;8100209;2021;3;16;4;3;5;2;0;1;1;0;0;0;0;0
209283;11;8;8200833;2021;1;13;2;3;1;5;0;1;1;0;0;0;0;1
209282;11;4;4300416;2021;1;20;3;3;6;2;2;0;1;1;0;0;0;1
209281;11;11;11100204;2021;2;11;1;3;0;6;0;0;1;0;0;0;1;0
209280;11;5;5100315;2021;3;16;3;3;2;2;0;0;1;0;0;0;0;0
209279;11;6;6200312;2021;3;9;4;2;0;1;0;0;0;0;1;0;0;0
209278;11;12;12200515;2021;2;17;6;3;2;6;1;0;1;0;0;0;0;1
209277;11;4;4501043;2021;3;0;2;3;6;4;2;0;1;1;0;0;0;0
209276;11;9;9200818;2021;1;15;6;3;2;6;0;0;1;0;0;0;0;1
209275;11;9;9401534;2021;2;18;3;3;6;2;2;0;1;1;0;0;0;1
209274;11;11;11300722;2021;1;7;5;3;5;3;2;1;1;0;0;0;0;1
209273;11;6;6100103;2021;3;14;5;2;6;7;0;0;0;1;0;0;1;0
209272;11;9;9200511;2021;3;15;1;3;6;4;0;0;1;1;0;0;0;0
209271;11;6;6300634;2021;2;12;4;3;6;7;0;0;0;1;0;0;1;0
209270;11;7;7501029;2021;1;14;7;3;0;6;0;0;1;0;1;0;0;1
209269;11;7;7400720;2021;3;16;4;3;3;6;0;0;1;0;0;0;0;1
209268;11;11;11200512;2021;3;15;6;3;5;2;0;0;1;0;0;0;1;0
209267;11;1;1200522;2021;3;16;1;2;6;4;0;0;1;1;0;0;0;0
209266;11;8;8100419;2021;2;13;5;3;6;2;0;0;1;1;0;0;0;0
209265;11;12;12500825;2021;1;22;7;2;0;3;2;0;1;0;0;0;0;0
209264;11;7;7601340;2021;3;14;3;3;5;2;0;1;1;0;0;0;0;0
209263;11;8;8100417;2021;1;11;2;2;6;2;0;0;1;1;0;0;0;1
209262;11;6;6200316;2021;2;6;4;3;2;6;2;0;1;0;0;0;0;1
209261;11;1;1100309;2021;3;19;6;3;1;5;2;1;1;0;0;0;0;0
209260;11;4;4500939;2021;2;18;2;3;5;2;2;0;1;0;0;0;0;2
209259;11;9;9501939;2021;2;8;6;3;1;5;1;1;1;0;0;0;0;1
209258;11;4;4100101;2021;1;14;2;3;5;3;0;0;1;0;0;0;0;0
209257;11;10;10400939;2021;3;18;5;3;5;3;2;0;1;0;0;0;0;0
209256;11;6;6100205;2021;3;10;7;3;0;2;0;0;1;0;1;0;0;1
209255;11;3;3701660;2021;2;12;6;3;5;2;0;1;0;0;0;0;1;0
209254;11;3;3500934;2021;3;13;2;2;5;3;0;0;1;0;0;0;0;0
209253;11;1;1100308;2021;1;17;3;3;6;2;2;0;1;1;0;0;0;1
209252;11;5;5300736;2021;1;13;4;3;5;3;0;0;1;0;0;0;0;0
209251;11;6;6300634;2021;2;17;2;3;0;1;2;0;0;0;1;0;0;0
209250;11;4;4300416;2021;3;22;2;2;5;3;2;0;1;0;0;0;0;0
209249;11;10;10200629;2021;1;6;4;3;5;3;2;0;1;0;0;0;1;1
209248;11;5;5200524;2021;2;12;2;3;1;7;0;0;1;0;0;0;0;0
209247;11;1;1300731;2021;2;19;1;3;5;3;2;0;1;0;0;0;0;0
209246;11;9;9100304;2021;1;21;4;3;0;6;2;0;1;0;0;0;1;1
209245;11;11;11300618;2021;3;7;4;3;0;1;0;0;0;0;1;0;0;2
209244;11;6;6200421;2021;1;18;1;3;4;3;2;0;1;0;1;0;0;2
209243;11;6;6100204;2021;2;19;6;3;5;3;2;1;1;0;0;0;0;2
209242;11;10;10100312;2021;1;12;5;3;0;3;0;0;1;0;0;0;1;0
209241;11;10;10100313;2021;1;7;5;2;6;4;0;0;0;1;0;0;1;1
209240;11;9;9200510;2021;2;16;3;3;5;3;0;1;1;0;0;0;0;0
209234;11;4;4400834;2021;1;10;2;3;5;3;0;1;1;0;0;0;0;1
209225;11;4;4501045;2021;1;14;2;3;5;3;0;0;1;0;0;0;0;0
209197;11;2;2500726;2021;1;19;7;2;5;3;2;1;0;0;0;0;1;0
209169;11;4;4501149;2021;1;23;2;3;5;3;2;0;1;0;1;0;0;1
209138;11;4;4501045;2021;1;18;1;3;5;7;0;0;1;0;0;0;0;1
209111;11;1;1100310;2021;1;17;6;3;0;1;2;1;0;0;0;0;0;1
209057;11;7;7400721;2021;1;18;2;3;1;7;2;0;1;0;0;0;0;1
209031;11;4;4501149;2021;1;8;2;3;6;4;1;0;1;1;0;0;0;1
209005;11;9;9100101;2021;1;20;2;3;6;2;2;0;1;1;0;0;0;1
208955;11;7;7100101;2021;1;17;7;2;6;2;2;0;1;1;0;0;0;0
208917;11;1;1100101;2021;1;17;7;3;5;3;2;0;1;0;0;0;0;0
208904;11;10;10300734;2021;1;12;7;3;2;6;0;0;1;0;0;0;0;1
208875;11;9;9501838;2021;1;21;7;1;8;1;2;0;1;0;0;0;0;1
208836;11;4;4501041;2021;1;10;2;3;0;7;0;0;0;0;0;1;0;1
208821;11;1;1300836;2021;1;9;1;3;8;1;0;0;1;0;0;0;0;2
208783;11;1;1200522;2021;1;11;2;3;5;7;0;1;1;0;0;0;0;1
208734;11;7;7200409;2021;1;12;2;3;5;2;0;0;1;0;1;0;0;1
208679;11;5;5100211;2021;1;16;1;3;5;2;2;0;1;0;0;0;0;2
208651;11;12;12200310;2021;1;23;7;3;0;7;2;0;0;0;1;0;0;1
208639;11;12;12200411;2021;1;13;2;3;2;6;0;0;1;0;0;0;0;1
208623;11;4;4501043;2021;1;13;7;3;2;2;0;1;1;0;0;0;0;0
208597;11;1;1200520;2021;1;18;2;3;6;2;2;0;1;1;0;0;0;1
208581;11;11;11200411;2021;1;12;6;3;0;1;0;1;0;0;0;0;0;1
208547;11;12;12500928;2021;1;23;6;3;8;1;2;0;1;0;0;0;0;1
208510;11;5;5300839;2021;1;15;7;3;5;2;0;0;1;0;0;0;0;0
208496;11;9;9200717;2021;1;10;7;3;0;1;0;1;0;0;0;0;0;1
208457;11;1;1200628;2021;1;12;7;3;2;6;0;0;1;0;0;0;0;0
208414;11;12;12100204;2021;1;16;1;3;6;4;2;0;0;1;0;0;1;1
208376;11;2;2500727;2021;1;19;2;3;5;2;2;1;1;0;0;0;0;1
208366;11;4;4300621;2021;1;23;2;3;5;3;2;0;1;0;0;0;1;0
208361;11;9;9200819;2021;1;1;1;3;6;4;2;0;1;1;0;0;0;0
208322;11;11;11100204;2021;1;7;2;2;6;4;2;0;1;1;0;0;0;1
208271;11;2;2200210;2021;1;20;1;3;5;2;2;1;1;0;0;0;0;1
208232;11;1;1400939;2021;1;16;7;3;0;7;1;0;1;0;1;0;0;1
208214;11;5;5400942;2021;1;0;7;3;9;1;2;0;1;0;0;0;0;1
208187;11;11;11200411;2021;1;0;1;3;0;2;2;0;1;0;0;0;0;1
208137;11;4;4300414;2021;1;11;1;3;5;2;0;0;1;0;0;0;0;1
208122;11;8;8401243;2021;1;4;6;3;9;1;2;0;0;0;0;0;1;1
208100;11;4;4500936;2021;1;16;7;3;5;2;1;0;1;0;0;0;0;0
115644;11;12;12400723;2021;6;17;4;2;5;2;1;1;1;0;0;0;0;0
115642;11;7;4501153;2021;9;5;1;2;9;1;2;0;1;0;0;0;0;0
115641;11;7;4501153;2021;11;15;4;3;2;6;0;0;1;0;0;0;0;0
115640;11;4;4300414;2021;8;14;1;3;5;2;0;0;1;0;0;0;0;1
115637;11;2;2400521;2021;7;7;2;3;5;2;0;0;1;0;0;0;0;0
115636;11;4;4300414;2021;10;10;3;3;2;2;0;1;1;0;0;0;0;1
115635;11;12;12100205;2021;12;15;4;3;2;6;1;0;1;0;0;0;0;1
115634;11;4;4100101;2021;5;7;6;3;2;6;0;0;1;0;0;0;1;0
115631;11;7;7300619;2021;1;10;4;3;3;2;0;0;1;0;0;0;0;1
115627;11;1;1100205;2021;6;14;2;3;1;5;0;0;1;0;0;0;0;0
115624;11;7;7200308;2021;12;16;6;3;6;2;2;0;1;1;0;0;0;1
115623;11;1;1100102;2021;8;12;2;3;3;6;0;0;1;0;1;0;0;0
115621;11;12;12400721;2021;9;14;1;3;1;5;0;1;1;0;0;0;0;0
115619;11;9;9100202;2021;3;21;1;3;5;5;2;1;1;0;0;0;0;1
115616;11;7;7400721;2021;6;10;1;3;2;6;0;0;1;0;0;0;0;0
115614;11;9;9100305;2021;9;10;3;2;0;1;0;1;0;0;0;0;0;0
115613;11;10;10300734;2021;11;17;2;3;2;6;2;0;1;0;0;0;0;0
115612;11;4;4400830;2021;8;17;3;3;2;6;0;0;1;0;1;0;0;0
115607;11;7;7400824;2021;10;17;7;3;1;5;0;1;1;0;0;0;0;0
115606;11;1;1100310;2021;12;16;3;3;5;3;2;0;1;0;0;0;1;1
115603;11;6;6400737;2021;2;19;2;3;2;6;2;0;1;0;0;0;1;0
115599;11;7;7501133;2021;6;17;3;3;5;5;0;0;1;0;1;0;0;0
115595;11;7;7601442;2021;5;6;4;3;5;7;0;1;1;0;0;0;0;0
115594;11;1;1100310;2021;8;8;5;3;3;6;0;0;1;0;0;0;1;0
115587;11;1;1100311;2021;7;8;3;3;0;7;0;1;0;0;0;0;0;0
115585;11;12;12400723;2021;10;16;2;3;5;2;0;1;1;0;0;0;0;0
115584;11;3;3400828;2021;11;16;2;3;5;3;1;0;1;0;0;0;0;0
115583;11;8;8200622;2021;9;15;6;3;2;6;0;0;1;0;0;0;0;0
115580;11;4;4200310;2021;4;14;4;3;0;1;0;1;0;0;0;0;0;0
115577;11;7;7501030;2021;3;15;2;3;5;7;0;0;1;0;0;0;0;1
115576;11;9;9100202;2021;10;7;6;3;3;6;1;0;1;0;1;0;0;0
115575;11;3;3400620;2021;12;11;4;3;3;6;0;0;1;0;0;0;1;0
115574;11;9;9100409;2021;9;21;4;2;3;6;2;0;1;0;0;0;0;1
115572;11;3;3701660;2021;2;21;4;3;6;4;2;0;0;1;0;0;1;2
115568;11;6;6300526;2021;6;10;2;3;5;2;0;1;1;0;0;0;0;0
115564;11;6;6400735;2021;5;1;4;3;0;1;2;0;1;0;0;0;0;0
115563;11;7;7400824;2021;8;13;7;3;0;7;0;0;1;0;0;0;0;0
115559;11;12;12100204;2021;7;14;5;3;1;5;0;1;1;0;0;0;0;0
115557;11;4;4400830;2021;10;16;2;3;2;6;0;0;1;0;0;0;0;0
115556;11;1;1100310;2021;11;7;4;3;6;2;2;0;1;1;0;0;0;1
115552;11;12;12601032;2021;1;7;6;3;3;6;0;0;1;0;0;1;0;1
115549;11;1;1300836;2021;4;10;2;3;2;6;0;0;1;0;0;0;0;0
115548;11;12;12400723;2021;6;2;1;3;9;1;2;0;1;0;0;0;0;0
115546;11;4;4300621;2021;11;14;6;3;5;3;0;0;1;0;0;0;1;0
115544;11;3;3601142;2021;5;8;7;2;5;2;0;0;1;0;0;0;0;0
115543;11;7;7400824;2021;8;5;1;3;5;2;0;0;1;0;0;0;0;0
115542;11;11;11300722;2021;9;12;5;3;3;6;0;0;1;0;0;0;1;0
115538;11;1;1100311;2021;2;16;1;3;5;2;0;1;0;0;0;0;0;0
115535;11;7;7300619;2021;7;8;5;3;2;6;0;0;1;0;0;0;1;1
115533;11;9;9100202;2021;9;17;6;3;2;3;0;1;0;0;0;0;1;0
115532;11;3;3400721;2021;11;13;2;3;5;2;0;1;1;0;0;0;0;1
115531;11;10;10400940;2021;8;14;7;2;0;7;0;1;0;0;0;0;0;0
115526;11;7;7400720;2021;7;13;1;3;3;6;0;0;1;0;1;0;0;0
115525;11;3;3100101;2021;10;14;5;3;2;6;0;0;1;0;0;0;0;1
115524;11;7;7501133;2021;12;17;2;3;0;3;2;0;0;0;1;0;1;0
115523;11;2;2500727;2021;5;12;2;3;0;6;0;1;0;0;0;0;0;0
115522;11;2;2500727;2021;5;16;7;3;2;6;0;0;1;0;0;0;0;0
115519;11;3;3601142;2021;2;16;3;3;6;7;2;0;1;1;0;0;0;1
115515;11;1;1100310;2021;6;10;6;3;2;6;0;0;1;0;0;0;0;0
115511;11;7;7601547;2021;5;8;6;2;0;7;0;0;1;0;0;0;0;0
115510;11;7;7400823;2021;8;15;5;3;2;6;0;0;1;0;0;0;1;0
115508;11;8;8200624;2021;9;13;7;3;0;7;0;0;0;0;0;0;1;0
115507;11;9;9100101;2021;3;10;6;3;5;2;0;1;0;0;0;0;1;1
115503;11;4;4200310;2021;7;6;5;2;2;6;0;0;1;0;0;0;0;0
115501;11;4;4100101;2021;9;17;5;3;3;6;0;0;1;0;1;0;0;0
115500;11;10;10100311;2021;11;13;2;3;6;7;0;1;0;1;0;0;0;0
115499;11;4;4300414;2021;8;8;3;3;0;2;0;1;1;0;0;0;0;1
115496;11;6;6400736;2021;4;18;5;2;9;1;0;0;0;0;1;0;0;0
115493;11;4;4300622;2021;3;15;6;3;5;2;0;0;0;0;0;1;1;0
115492;11;1;1300836;2021;10;8;4;3;5;2;0;1;1;0;0;0;0;1
115491;11;7;7400823;2021;12;19;5;3;2;6;0;0;1;0;0;0;0;0
115490;11;3;3601449;2021;9;21;6;2;5;2;2;0;1;0;0;0;1;0
115488;11;7;7400720;2021;2;16;6;3;2;6;0;0;1;0;0;0;0;0
115484;11;6;6300527;2021;6;16;7;2;1;7;0;0;1;0;0;0;0;0
115480;11;1;1100310;2021;5;8;5;3;3;6;0;0;1;0;1;0;0;0
115479;11;4;4300621;2021;5;20;7;3;5;3;0;0;1;0;0;0;1;0
115478;11;7;7200410;2021;8;11;5;3;3;6;0;1;0;0;0;1;1;0
115474;11;4;4400830;2021;7;16;2;3;8;1;0;0;1;0;0;0;0;0
115470;11;11;11300722;2021;7;15;3;3;2;6;0;1;1;0;0;0;0;0
115468;11;7;7501133;2021;10;13;7;3;1;5;0;0;1;0;0;0;1;0
115467;11;3;3601449;2021;11;19;1;3;1;5;2;1;1;0;0;0;0;1
115466;11;3;3500933;2021;9;14;6;3;0;2;0;0;1;0;0;0;1;0
115463;11;12;12200414;2021;4;0;7;3;8;1;2;0;1;0;0;0;0;0
115460;11;3;3200204;2021;4;14;6;3;2;6;0;0;1;0;1;0;0;0
115459;11;4;4400727;2021;10;7;5;3;2;6;0;0;1;0;0;0;0;0
115458;11;1;1100310;2021;12;19;3;3;3;2;2;1;1;0;0;0;0;0
115457;11;12;12200515;2021;5;16;3;3;2;6;0;0;1;0;1;0;0;0
115456;11;9;9100203;2021;7;14;7;3;2;7;0;0;1;0;0;0;0;0
115453;11;9;9100305;2021;2;20;2;3;5;3;2;1;1;0;0;0;0;0
115450;11;3;3601452;2021;6;18;3;3;5;2;0;1;1;0;0;0;0;0
115447;11;2;2100101;2021;10;10;5;3;5;2;0;0;1;0;0;0;0;1
115446;11;2;2200208;2021;12;19;2;3;2;6;2;0;1;0;0;0;0;1
115444;11;4;4300415;2021;1;15;3;3;2;6;0;0;1;0;0;0;1;1
115440;11;7;7501135;2021;6;19;7;3;5;2;0;0;1;0;0;0;0;0
115436;11;1;2400520;2021;5;20;4;3;2;6;1;0;1;0;0;0;0;0
115435;11;1;1200624;2021;5;15;6;3;0;6;0;0;1;0;1;0;0;1
115434;11;4;4200310;2021;8;17;5;3;5;3;0;1;1;0;0;0;0;0
115427;11;4;4300621;2021;7;20;3;2;0;2;1;1;0;0;0;0;0;0
115425;11;2;2500835;2021;10;20;2;3;4;7;2;0;1;0;0;0;0;0
115424;11;3;3601451;2021;11;5;3;3;5;3;2;1;1;0;0;0;0;1
115423;11;4;4100102;2021;9;17;6;3;2;6;0;0;1;0;0;0;0;0
115420;11;12;12100103;2021;4;10;2;3;3;6;0;0;0;0;0;1;1;0
115417;11;4;4300414;2021;3;16;3;3;5;2;0;1;1;0;0;0;0;0
115416;11;7;7400720;2021;10;8;2;3;2;6;0;0;1;0;0;0;0;0
115415;11;4;4400725;2021;12;14;5;3;2;6;1;0;1;0;0;0;1;1
115414;11;3;3701657;2021;6;8;3;3;2;6;0;0;1;0;0;0;0;0
115413;11;4;4200311;2021;9;20;4;3;3;6;2;0;1;0;0;1;0;1
115411;11;6;4200207;2021;2;14;1;2;2;6;0;0;1;0;1;0;0;0
115408;11;4;4501148;2021;6;18;7;3;8;1;0;0;1;0;0;0;0;0
115405;11;7;7300619;2021;5;18;1;3;2;6;0;0;1;0;0;0;1;1
115404;11;3;3601139;2021;8;19;1;3;0;1;0;1;0;0;0;0;0;0
115400;11;3;3601142;2021;7;2;4;3;2;6;2;1;0;0;0;0;0;1
115398;11;11;11401032;2021;10;12;4;3;5;3;0;0;1;0;0;0;1;0
115397;11;8;8200622;2021;11;14;7;3;2;6;0;0;1;0;0;0;0;1
115396;11;4;4400726;2021;5;15;2;3;2;6;0;0;1;0;1;0;0;0
115394;11;7;7501135;2021;4;10;6;3;6;7;0;0;1;1;0;0;0;0
115391;11;12;12100101;2021;1;1;2;3;5;7;2;0;1;0;0;0;0;1
115388;11;4;4400830;2021;4;17;5;3;2;6;0;0;1;0;0;0;0;0
115387;11;3;3400620;2021;6;9;4;3;6;4;0;1;0;1;0;0;0;0
115385;11;1;1100207;2021;12;11;5;3;2;6;0;0;1;0;0;0;0;1
115384;11;7;7601236;2021;5;8;4;3;2;2;0;0;1;0;0;0;0;0
115383;11;10;10100312;2021;8;15;4;3;2;6;0;0;1;0;0;0;0;0
115382;11;3;3601451;2021;9;12;5;3;5;2;0;1;1;0;0;0;0;0
115379;11;7;7501030;2021;3;10;2;3;2;6;0;0;1;0;0;1;0;0
115376;11;2;2200208;2021;6;9;3;2;5;2;0;1;0;0;0;1;0;0
115374;11;5;5200528;2021;9;11;4;3;5;2;0;0;1;0;0;0;0;0
115373;11;1;1100310;2021;10;14;1;3;0;2;0;1;1;0;0;0;0;0
115372;11;2;2400521;2021;8;22;1;3;8;1;2;0;1;0;0;0;0;0
115367;11;4;4200206;2021;7;12;7;3;1;5;0;1;1;0;0;0;0;0
115366;11;7;7300619;2021;10;19;5;3;2;6;1;0;1;0;0;0;0;1
115365;11;10;10300733;2021;12;18;2;3;5;3;2;1;1;0;0;0;0;0
115364;11;6;6400737;2021;5;17;1;3;2;6;0;0;1;0;0;0;1;0
115361;11;3;3601348;2021;2;14;3;3;0;2;0;1;0;0;0;0;1;1
115357;11;3;3701657;2021;6;14;6;3;2;6;0;0;1;0;0;0;0;0
115353;11;3;3200205;2021;5;13;2;2;5;2;0;1;0;0;0;1;0;0
115352;11;1;1100104;2021;8;22;7;3;2;6;2;0;1;0;0;0;0;0
115350;11;4;4200206;2021;9;10;4;3;3;6;0;0;1;0;0;1;0;0
115348;11;1;1100310;2021;3;19;2;2;6;4;2;0;1;1;0;0;0;1
115344;11;12;12400723;2021;7;13;2;3;2;6;0;0;1;0;0;0;0;0
115342;11;9;9200613;2021;9;12;3;3;6;2;0;0;1;1;0;0;0;0
115341;11;3;3501037;2021;11;7;3;2;0;1;0;1;0;0;0;0;0;1
115340;11;2;2200208;2021;8;12;5;3;5;2;0;1;1;0;0;0;0;0
115337;11;3;3400826;2021;4;16;5;3;3;6;0;0;1;0;0;0;0;0
115334;11;6;6300526;2021;3;14;2;3;5;2;0;1;1;0;0;0;0;1
115333;11;7;7501030;2021;10;12;4;3;5;3;0;0;1;0;1;0;0;1
115332;11;1;1400940;2021;12;16;3;3;5;3;1;0;1;0;0;0;0;1
115331;11;10;10300733;2021;9;7;5;3;5;3;0;0;1;0;0;0;0;1
115329;11;11;11300725;2021;2;12;1;3;3;6;0;0;1;0;0;0;1;2
115325;11;2;2500729;2021;6;13;7;3;2;6;0;0;1;0;0;0;0;0
115320;11;6;6300527;2021;5;7;4;3;1;1;0;1;1;0;0;0;0;0
115319;11;2;2500729;2021;8;14;2;3;6;4;0;1;0;1;0;0;0;0
115315;11;4;4501153;2021;7;16;2;3;3;6;0;0;1;0;0;1;0;0
115312;11;3;3100101;2021;7;6;6;2;2;6;0;0;1;0;0;1;0;1
115310;11;2;2100101;2021;10;18;7;3;5;3;0;0;1;0;0;0;1;0
115309;11;11;11300722;2021;11;11;2;3;5;2;0;0;1;0;0;0;1;0
115308;11;2;2200208;2021;5;8;2;3;5;2;0;1;1;0;0;0;0;0
115306;11;7;7300619;2021;9;11;7;3;3;6;0;0;1;0;0;0;1;0
115303;11;7;7400927;2021;4;6;3;3;2;6;0;0;1;0;0;0;0;0
115300;11;7;7100205;2021;4;17;6;3;2;6;0;0;1;0;0;0;0;0
115299;11;12;12100101;2021;7;15;2;3;5;2;0;1;1;0;0;0;0;0
115297;11;4;4200308;2021;10;12;7;3;2;6;0;0;1;0;0;0;0;0
115296;11;4;4100101;2021;12;11;3;3;2;6;0;0;1;0;0;0;0;0
115295;11;6;6300527;2021;5;16;3;3;2;6;0;0;1;0;0;0;0;0
115294;11;3;3601245;2021;8;18;3;3;0;7;0;1;0;0;0;0;0;0
115291;11;7;7501133;2021;3;8;4;3;5;2;0;1;1;0;0;0;0;0
115288;11;4;4400726;2021;6;23;1;3;8;1;2;0;1;0;0;0;0;0
115286;11;11;11300722;2021;9;12;3;3;2;2;0;1;1;0;0;0;0;0
115285;11;2;2200208;2021;5;15;2;3;2;2;0;0;1;0;0;0;0;0
115284;11;3;3601141;2021;8;12;3;2;5;2;0;0;1;0;1;0;0;0
115280;11;12;12100103;2021;7;10;3;3;5;3;0;0;1;0;0;0;0;0
115278;11;4;4200206;2021;10;9;5;2;9;1;0;1;0;0;0;0;0;0
115277;11;3;3601141;2021;11;17;5;3;5;2;1;1;1;0;0;0;0;0
115273;11;1;1100102;2021;1;5;5;3;6;2;2;0;1;1;0;0;0;1
115269;11;7;7400824;2021;6;18;1;3;6;7;0;1;0;1;0;0;0;0