OBJECTID;LAND;BEZ;LOR_ab_2021;UJAHR;UMONAT;USTUNDE;UWOCHENTAG;UKATEGORIE;UART;UTYP1;ULICHTVERH;IstRad;IstPKW;IstFuss;IstKrad;IstGkfz;IstSonstige;USTRZUSTAND
115266;11;12;12100205;2021;12;14;3;3;2;6;0;0;1;0;0;0;0;2
115265;11;3;3300517;2021;5;8;6;3;5;2;0;1;1;0;0;0;0;1
115264;11;3;3200206;2021;6;15;4;3;5;3;0;0;1;0;1;0;0;0
115263;11;3;3500936;2021;8;17;6;3;2;6;0;1;1;0;0;0;0;0
115261;11;12;12100205;2021;9;17;3;3;2;3;0;0;1;0;1;0;1;0
115259;11;1;1100310;2021;3;18;6;3;2;7;2;0;1;0;1;0;0;0
115256;11;7;7501133;2021;6;11;2;3;2;6;0;0;1;0;0;0;0;0
115254;11;10;10100210;2021;9;20;4;3;3;6;2;1;1;0;0;0;0;0
115253;11;1;1400940;2021;11;8;2;3;5;3;0;1;1;0;0;0;0;1
115252;11;6;6300527;2021;9;13;4;3;5;2;0;1;1;0;0;0;0;0
115248;11;1;1200624;2021;7;11;5;3;3;6;0;0;1;0;0;0;1;0
115247;11;3;3300517;2021;10;9;5;3;5;3;0;1;1;0;0;0;0;1
115246;11;4;4100101;2021;12;12;4;3;2;6;0;0;1;0;0;0;0;1
115245;11;2;2100101;2021;5;16;1;2;6;2;0;0;1;1;0;0;0;1
115244;11;4;4300414;2021;8;19;3;3;5;2;1;1;1;0;0;0;0;0
115240;11;2;2500834;2021;7;18;3;3;5;2;0;1;1;0;0;0;0;0
115238;11;3;3200205;2021;10;14;3;3;5;3;0;0;1;0;0;0;0;1
115237;11;9;9100306;2021;11;0;6;3;0;7;2;0;1;0;0;0;0;0
115235;11;4;4300415;2021;5;14;6;2;3;6;0;0;1;0;0;1;1;0
115232;11;1;1300836;2021;1;18;3;2;5;2;2;0;1;0;0;0;0;0
115229;11;2;2500729;2021;4;7;1;3;1;7;0;0;1;0;0;0;0;1
115228;11;2;2200209;2021;6;10;4;3;2;4;0;1;0;1;0;0;0;0
115225;11;7;7601442;2021;12;18;4;3;6;7;2;0;0;1;0;0;1;1
115224;11;4;4300414;2021;8;15;7;3;5;2;0;1;0;0;0;0;0;0
115222;11;2;2500834;2021;9;17;7;3;2;6;1;1;1;0;0;0;0;1
115220;11;3;3500936;2021;3;11;5;2;6;4;0;0;1;1;0;0;0;0
115217;11;1;1400940;2021;6;8;2;3;0;3;0;1;1;0;0;0;0;0
115215;11;3;3601139;2021;9;14;6;3;5;3;0;1;1;0;0;0;0;0
115214;11;7;7200308;2021;11;0;5;2;6;2;2;0;1;1;0;0;0;1
115213;11;10;10300733;2021;8;10;5;2;5;2;0;1;0;0;0;0;1;0
115208;11;12;12500930;2021;7;9;6;2;6;4;0;0;0;1;0;0;1;0
115207;11;11;11300724;2021;10;13;6;3;0;7;0;0;0;0;1;0;0;1
115206;11;11;11300725;2021;12;12;2;3;3;6;0;0;1;0;0;1;0;0
115203;11;2;2500834;2021;1;15;3;3;0;2;0;1;1;0;0;0;0;1
115199;11;10;10400837;2021;6;7;2;2;6;2;0;0;1;1;0;0;0;0
115195;11;9;9100203;2021;5;18;1;3;5;3;0;1;1;0;0;0;0;1
115194;11;7;7400824;2021;6;12;6;3;3;6;0;0;1;0;1;0;0;0
115193;11;6;6300629;2021;8;6;7;3;8;1;0;0;0;0;0;0;1;0
115187;11;4;4400830;2021;7;13;7;3;3;6;0;0;1;0;1;0;1;0
115185;11;12;12601032;2021;10;11;6;3;5;3;0;0;1;0;0;0;0;0
115184;11;1;1200624;2021;11;16;2;2;0;7;1;0;0;0;0;0;1;1
115183;11;4;4200311;2021;8;8;2;2;0;1;0;1;0;0;0;0;0;1
115180;11;12;12601032;2021;4;10;3;3;5;3;0;1;1;0;0;0;0;0
115177;11;7;7400824;2021;3;16;6;3;2;6;0;0;1;0;0;0;1;0
115176;11;10;10300734;2021;10;18;4;2;6;4;2;1;0;1;0;0;0;0
115175;11;10;10100312;2021;12;15;5;3;2;3;0;1;1;0;0;0;0;1
115174;11;1;1100102;2021;9;21;2;3;1;5;2;1;1;0;0;0;0;0
115172;11;4;4200206;2021;2;11;5;3;3;6;0;0;1;0;0;0;0;2
115168;11;12;12100101;2021;6;23;4;2;1;5;2;1;1;0;0;0;0;0
115163;11;1;1100102;2021;5;8;4;3;2;6;0;0;1;0;0;0;0;0
115162;11;4;4200308;2021;8;9;4;3;2;6;0;0;1;0;0;0;1;0
115158;11;1;1401049;2021;7;23;2;3;1;5;2;1;1;0;0;0;0;0
115155;11;6;6300527;2021;7;22;6;3;5;2;2;1;0;0;0;0;1;1
115153;11;2;2400521;2021;10;14;4;3;3;6;0;0;1;0;0;0;0;0
115152;11;4;4300621;2021;11;9;3;3;6;7;0;0;1;1;0;0;0;1
115150;11;2;2500727;2021;9;22;5;3;6;6;2;1;0;1;0;0;0;0
115148;11;4;4300414;2021;6;15;7;3;6;4;0;0;1;1;0;0;0;0
115146;11;6;6400737;2021;4;4;2;3;0;7;2;0;1;0;0;0;0;0
115143;11;4;4300621;2021;3;10;4;2;5;7;0;0;1;0;0;0;0;0
115142;11;9;9100101;2021;7;20;4;3;5;3;0;0;1;0;0;0;1;0
115140;11;4;4300414;2021;10;21;2;3;6;2;2;0;1;1;0;0;0;0
115139;11;7;7501133;2021;6;14;7;2;5;7;0;1;0;0;0;1;0;0
115138;11;4;4400725;2021;12;17;6;3;2;6;2;0;1;0;0;0;0;0
115137;11;7;7501030;2021;8;14;5;3;3;6;0;0;0;0;1;0;1;0
115136;11;7;7501030;2021;9;17;6;3;5;3;0;0;1;0;0;0;0;1
115132;11;4;4300621;2021;2;9;3;3;5;2;0;1;1;0;0;0;0;0
115129;11;7;7400825;2021;6;14;4;3;2;6;0;0;1;0;0;0;0;0
115127;11;1;1100310;2021;9;21;7;3;2;6;2;0;1;0;0;0;0;0
115126;11;3;3500934;2021;8;8;4;3;3;6;0;1;1;0;0;0;0;0
115123;11;2;2500728;2021;7;16;6;3;5;3;0;0;1;0;1;0;0;0
115121;11;1;1401049;2021;10;15;6;3;2;6;0;0;1;0;0;0;0;1
115120;11;5;5200633;2021;12;7;3;3;2;6;0;0;1;0;0;0;0;0
115119;11;2;2500726;2021;4;18;6;3;0;1;1;1;0;0;0;0;0;0
115116;11;9;9100101;2021;1;17;3;3;6;2;2;0;1;1;0;0;0;1
115112;11;7;7400825;2021;6;15;2;3;2;6;0;0;1;0;0;0;1;0
115109;11;7;7200410;2021;12;19;2;3;1;5;2;1;1;0;0;0;0;0
115108;11;4;4400726;2021;5;11;6;3;2;7;0;0;1;0;0;0;1;0
115107;11;4;4300621;2021;8;10;2;3;3;6;0;1;1;0;0;0;0;0
115105;11;1;1100206;2021;9;7;3;3;0;6;0;1;0;0;0;0;1;0
115103;11;7;7601442;2021;3;15;6;2;6;4;0;0;1;1;0;0;0;0
115100;11;3;3200206;2021;7;14;5;3;2;6;0;0;1;0;0;0;1;1
115098;11;4;4100101;2021;9;13;2;2;2;6;0;0;1;0;0;0;1;0
115097;11;1;1100310;2021;11;9;5;3;3;6;0;1;0;0;0;0;0;0
115096;11;4;4501148;2021;8;16;6;3;2;6;0;0;1;0;0;0;0;0
115091;11;4;4400726;2021;10;16;6;3;2;6;1;0;1;0;0;0;0;1
115090;11;7;7601236;2021;12;17;6;2;6;4;2;0;1;1;0;0;0;1
115087;11;11;11300722;2021;1;16;6;3;5;2;2;1;1;0;0;0;0;1
115083;11;1;1100102;2021;6;5;5;3;5;3;0;0;1;0;0;0;0;0
115079;11;4;4400727;2021;5;15;4;3;2;6;0;0;1;0;0;0;0;0
115078;11;7;7200308;2021;8;15;6;3;5;2;0;1;1;0;0;0;0;0
115071;11;7;7300619;2021;7;14;5;3;2;6;0;0;1;0;0;0;0;0
115069;11;1;1100310;2021;10;15;3;3;0;2;0;1;1;0;0;0;0;1
115068;11;7;7400825;2021;11;16;5;3;6;4;0;0;1;1;0;0;0;1
115067;11;4;4200308;2021;9;11;6;3;2;6;0;0;1;0;0;0;0;0
115064;11;4;4100101;2021;4;16;4;3;2;6;0;0;1;0;0;0;0;0
115061;11;1;1400940;2021;3;13;6;3;5;3;0;0;1;0;0;0;0;0
115060;11;12;12200411;2021;10;22;3;2;0;1;2;0;0;0;1;0;0;1
115059;11;1;1100104;2021;12;18;7;3;0;6;2;0;1;0;1;0;0;1
115058;11;2;2500728;2021;9;16;1;3;2;2;0;1;1;0;0;0;0;0
115056;11;11;11401034;2021;2;16;7;3;0;7;1;0;1;0;0;0;0;0
115052;11;5;5200634;2021;6;17;4;2;5;2;0;0;1;0;1;0;0;0
115048;11;7;7200308;2021;5;17;4;3;2;6;0;0;1;0;0;0;0;0
115047;11;4;4300414;2021;8;10;4;3;5;2;0;1;1;0;0;0;0;0
115042;11;8;8200624;2021;1;20;2;3;5;3;2;0;1;0;0;0;0;1
115038;11;7;7400927;2021;6;6;5;3;2;6;0;0;1;0;0;0;0;0
115034;11;7;7501030;2021;5;14;2;2;5;3;0;1;0;0;0;0;1;0
115033;11;1;1300836;2021;8;18;5;3;2;6;0;0;1;0;1;0;0;0
115026;11;4;4200206;2021;7;23;7;3;2;6;2;0;1;0;0;0;0;0
115024;11;4;4200206;2021;10;15;7;3;2;6;0;0;1;0;0;0;0;0
115023;11;5;5400943;2021;11;16;4;3;8;7;1;0;1;0;0;0;0;0
115022;11;2;2500729;2021;9;13;7;3;2;6;0;0;1;0;0;0;0;0
115019;11;1;1100310;2021;4;20;3;2;5;3;1;0;1;0;0;0;1;0
115016;11;7;7400824;2021;3;11;4;3;2;6;0;0;1;0;0;0;1;0
115015;11;3;3200309;2021;10;19;1;2;2;6;2;0;1;0;0;0;0;1
115014;11;8;8200622;2021;12;10;6;3;3;6;0;0;1;0;0;1;0;0
115013;11;2;2200208;2021;9;5;1;3;2;4;2;0;1;1;0;0;0;0
115011;11;12;12400721;2021;2;21;2;3;8;1;2;0;1;0;0;0;0;2
115007;11;6;6100208;2021;6;14;5;3;2;6;0;0;1;0;0;0;0;0
115002;11;1;1100310;2021;5;20;3;3;3;6;1;0;1;0;0;0;0;1
115001;11;2;2500726;2021;8;9;2;3;5;2;0;1;0;0;0;1;0;0
114997;11;9;9100101;2021;7;16;2;3;5;2;0;0;1;0;0;0;0;0
114995;11;2;2500726;2021;7;0;4;3;5;3;2;1;1;0;0;0;0;1
114993;11;3;3200204;2021;10;17;5;3;5;2;0;0;1;0;0;0;0;0
114992;11;10;10400940;2021;11;9;2;3;5;2;0;0;1;0;0;0;1;1
114990;11;4;4200311;2021;9;16;4;3;2;6;0;0;1;0;0;0;0;0
114987;11;4;4400725;2021;4;14;4;3;2;6;0;0;1;0;1;0;1;0
114984;11;7;7400927;2021;4;15;3;3;2;6;0;0;1;0;0;0;0;0
114983;11;9;9100101;2021;7;4;1;3;0;1;2;1;0;0;0;0;0;0
114981;11;2;2500727;2021;10;19;2;3;5;2;2;1;1;0;0;0;0;0
114980;11;6;6300526;2021;12;19;7;3;2;6;2;0;1;0;0;0;0;1
114979;11;3;3601348;2021;8;8;4;3;5;2;0;1;1;0;0;0;0;0
114978;11;7;7100205;2021;9;12;4;3;5;2;0;0;1;0;0;0;1;0
114974;11;1;1300836;2021;3;13;3;3;5;2;0;1;1;0;0;0;0;0
114971;11;4;4300622;2021;6;17;4;3;3;6;0;0;1;0;0;0;1;0
114969;11;1;2400520;2021;9;23;6;3;6;4;2;1;0;1;0;0;0;0
114968;11;12;12100103;2021;11;11;7;3;5;2;0;0;1;0;0;0;0;0
114967;11;1;1100310;2021;8;13;1;3;5;3;0;0;1;0;0;0;0;1
114963;11;2;2200208;2021;7;19;7;3;2;6;0;0;1;0;0;0;0;0
114962;11;7;7300619;2021;10;15;5;3;0;7;0;0;0;0;1;0;0;1
114961;11;9;9200613;2021;12;16;4;3;5;2;2;1;1;0;0;0;0;0
114960;11;4;4400726;2021;5;18;7;3;3;6;0;0;1;0;0;0;0;0
114957;11;7;7601236;2021;1;10;6;3;5;2;0;0;1;0;0;0;0;1
114953;11;7;7501133;2021;6;16;6;3;2;6;0;1;1;0;0;0;0;0
114949;11;2;2400625;2021;5;19;3;3;3;6;0;1;0;0;0;0;0;0
114948;11;10;10400837;2021;8;8;5;3;5;2;0;1;1;0;0;0;0;0
114946;11;7;7400824;2021;9;9;1;3;3;6;0;0;1;0;0;0;1;0
114944;11;1;1100310;2021;3;7;5;3;5;2;0;1;1;0;0;0;0;0
114941;11;1;1100310;2021;6;14;3;3;5;3;0;0;0;0;0;0;1;0
114939;11;7;7400721;2021;9;22;1;3;5;2;2;1;1;0;0;0;0;0
114938;11;3;3701657;2021;11;17;5;3;5;2;2;1;1;0;0;0;0;1
114937;11;4;4200311;2021;9;13;4;3;2;6;0;0;1;0;0;0;0;0
114934;11;3;3601142;2021;4;8;2;2;6;6;0;1;0;1;0;0;0;0
114931;11;6;6100209;2021;10;11;3;2;3;6;0;0;0;0;1;0;1;0
114930;11;12;12400619;2021;12;7;4;3;3;6;1;0;1;0;0;1;0;1
114927;11;3;3200204;2021;2;18;2;2;5;2;2;0;1;0;0;0;0;0
114923;11;1;1100104;2021;6;12;5;3;6;6;0;1;1;1;0;0;0;0
114919;11;4;4501148;2021;5;16;2;3;2;6;0;0;1;0;0;0;1;0
114918;11;2;2500830;2021;8;2;5;3;3;6;2;1;1;0;0;0;0;0
114911;11;7;7300619;2021;7;17;5;3;2;6;0;0;1;0;0;0;0;0
114909;11;7;7501133;2021;10;12;3;3;6;2;0;0;0;1;0;1;0;1
114908;11;10;10400940;2021;11;6;3;3;5;2;1;1;1;0;0;0;0;0
114907;11;7;7200308;2021;9;7;4;3;5;7;0;0;1;0;1;0;0;0
114905;11;3;3400620;2021;6;16;6;3;3;6;0;0;1;0;0;0;1;0
114903;11;12;12601031;2021;4;13;2;3;5;2;0;0;1;0;1;0;0;0
114900;11;10;10400941;2021;3;10;3;3;5;3;0;1;1;0;0;0;0;0
114899;11;2;2500727;2021;10;17;2;3;5;2;1;1;1;0;0;0;0;0
114898;11;2;2200209;2021;12;10;3;3;1;7;0;0;1;0;0;0;0;0
114897;11;3;3601141;2021;9;15;5;3;5;3;0;1;0;0;0;0;1;0
114895;11;4;4300414;2021;2;12;5;3;6;7;0;0;1;1;0;0;0;0
114891;11;12;12200310;2021;6;8;2;3;2;6;0;0;1;0;0;0;0;0
114887;11;10;10400837;2021;5;8;5;3;5;3;0;1;0;0;0;0;1;0
114886;11;1;1300836;2021;8;10;3;3;0;2;0;1;0;0;0;1;0;0
114882;11;9;9200613;2021;7;9;3;3;5;3;0;0;1;0;0;0;1;0
114880;11;1;1300836;2021;10;8;3;3;5;2;0;0;1;0;0;0;1;1
114879;11;2;2500729;2021;11;14;5;3;6;7;0;0;1;1;0;0;0;0
114875;11;4;4300414;2021;1;8;3;3;6;4;0;0;1;1;0;0;0;1
114872;11;12;12200414;2021;4;17;3;3;2;6;2;0;1;0;0;0;1;0
114871;11;2;2500727;2021;6;9;2;3;5;2;0;1;1;0;0;0;0;0
114868;11;9;9100101;2021;5;11;6;3;5;3;0;1;1;0;0;0;0;1
114867;11;9;9100101;2021;8;15;2;2;0;7;0;0;0;0;0;0;1;0
114866;11;1;1100206;2021;9;6;3;3;6;4;0;1;0;1;0;0;0;0
114862;11;3;3701660;2021;2;15;6;3;6;2;0;0;1;1;0;0;0;0
114859;11;6;6400737;2021;6;18;4;3;1;5;0;0;1;0;0;0;0;1
114857;11;3;3500934;2021;9;9;3;3;2;2;0;1;1;0;0;0;0;0
114856;11;4;4300621;2021;11;18;2;3;6;4;2;0;0;1;0;0;1;1
114855;11;4;4300414;2021;8;13;3;3;2;6;0;0;1;0;0;0;0;0
114850;11;6;6100209;2021;7;16;2;2;7;7;0;0;0;0;1;0;0;0
114849;11;11;11401032;2021;10;16;6;3;2;6;0;0;1;0;0;0;0;1
114848;11;6;6300629;2021;12;17;2;3;6;4;1;1;0;1;0;0;0;1
114847;11;9;9100305;2021;5;16;2;3;2;6;0;0;1;0;0;0;0;0
114844;11;3;3601451;2021;1;13;5;3;2;6;0;0;1;0;0;0;0;0
114840;11;4;4400726;2021;6;15;3;3;2;6;0;0;1;0;0;0;0;0
114836;11;7;7400822;2021;7;19;5;2;2;6;0;0;1;0;1;0;0;0
114834;11;4;4100101;2021;10;17;5;3;3;6;0;0;1;0;0;0;0;0
114833;11;4;4200207;2021;11;19;4;3;3;6;2;0;1;0;0;1;0;1
114829;11;1;1100310;2021;4;14;4;3;0;3;0;1;0;0;0;0;1;0
114826;11;7;7400824;2021;3;15;1;3;3;6;0;0;1;0;0;0;0;0
114825;11;10;10100208;2021;6;13;3;2;6;4;0;0;1;1;0;0;0;0
114823;11;4;4200206;2021;11;7;4;3;5;3;0;0;1;0;1;0;0;0
114822;11;10;10100206;2021;12;21;4;3;6;2;2;0;1;1;0;0;0;1
114821;11;6;6300527;2021;8;18;2;3;1;5;0;0;1;0;0;0;0;0
114820;11;4;4200206;2021;9;16;5;3;2;6;0;0;1;0;0;0;0;0
114816;11;2;2500729;2021;2;15;3;3;3;6;0;0;1;0;0;0;0;0
114813;11;2;2100101;2021;6;14;7;3;6;4;0;1;0;1;0;0;0;0
114811;11;2;2100101;2021;9;10;5;3;5;3;0;0;1;0;0;0;1;0
114810;11;6;6300629;2021;11;17;5;3;5;3;2;0;1;0;1;0;0;1
114809;11;3;3500936;2021;8;10;3;3;0;2;0;0;1;0;0;0;1;0
114804;11;9;9100101;2021;7;18;6;3;5;3;0;0;1;0;0;0;1;0
114803;11;6;6300526;2021;10;15;5;3;2;2;0;1;1;0;0;0;0;1
114802;11;6;6300629;2021;12;15;3;3;5;7;1;0;1;0;1;0;0;0
114801;11;2;2200209;2021;5;7;2;3;2;6;0;0;1;0;0;0;0;0
114798;11;3;3701657;2021;1;17;4;3;5;2;2;0;1;0;0;0;0;1
114794;11;3;3601449;2021;6;19;7;2;2;2;1;0;1;0;0;0;1;0
114790;11;2;2500728;2021;5;14;6;3;5;2;0;1;1;0;0;0;0;0
114789;11;9;9100202;2021;8;17;6;3;6;7;0;1;0;1;0;0;0;0
114787;11;10;10300733;2021;9;15;3;3;2;6;0;0;1;0;0;0;0;0
114786;11;7;7300619;2021;3;15;5;3;2;6;0;0;1;0;0;0;0;0
114783;11;2;2400625;2021;7;20;6;3;2;6;0;1;0;0;0;0;0;0
114781;11;1;1100102;2021;9;8;3;3;2;6;0;0;1;0;0;0;0;0
114780;11;4;4300414;2021;11;9;2;3;2;6;0;0;1;0;0;0;0;1
114779;11;2;2500727;2021;8;18;5;3;2;2;1;0;1;0;0;0;0;1
114776;11;7;7601442;2021;4;17;3;3;3;6;0;0;1;0;1;0;0;0
114773;11;1;1100102;2021;3;9;2;3;5;2;0;0;1;0;0;0;1;0
114772;11;4;4300414;2021;10;15;2;3;2;6;0;0;1;0;0;0;0;0
114771;11;7;7200308;2021;12;12;2;3;0;2;0;0;1;0;0;0;1;1
114769;11;7;7400825;2021;1;15;6;3;2;3;0;0;1;0;0;0;0;0
114765;11;2;2200208;2021;6;13;5;3;0;5;0;0;1;0;0;0;1;0
114761;11;7;7501030;2021;5;18;3;3;2;2;0;1;1;0;0;0;0;1
114760;11;4;4300414;2021;8;9;4;3;5;2;0;1;1;0;0;0;0;0
114756;11;3;3601142;2021;7;21;5;3;0;1;1;1;0;0;0;0;0;0
114752;11;11;11300722;2021;7;14;6;2;0;1;0;0;0;0;1;0;0;0
114750;11;2;2100101;2021;10;17;6;3;5;2;0;1;0;0;0;0;1;0
114749;11;3;3601347;2021;6;23;7;3;5;2;2;1;1;0;0;0;0;0
114748;11;9;9100101;2021;11;21;2;3;5;3;2;1;1;0;0;0;0;0
114747;11;12;12200414;2021;9;16;4;3;2;6;0;0;1;0;0;0;0;0
114744;11;12;12100205;2021;4;14;1;3;6;4;0;0;1;1;0;0;0;0
114741;11;7;7501133;2021;3;18;3;3;0;2;0;1;1;0;0;0;0;0
114740;11;7;7501133;2021;10;20;3;2;0;7;2;0;1;0;0;0;1;0
114739;11;3;3200205;2021;12;6;6;2;8;1;2;0;1;0;0;0;0;1
114738;11;7;7400824;2021;7;10;7;2;5;2;0;0;1;0;0;0;0;0
114735;11;6;6100101;2021;3;8;3;3;5;3;0;1;1;0;0;0;0;0
114732;11;7;7400927;2021;6;17;2;3;2;6;0;0;1;0;0;0;0;0
114729;11;12;12200414;2021;5;15;2;3;2;6;0;0;1;0;0;0;0;0
114728;11;4;4300622;2021;8;22;1;3;3;2;2;0;1;0;1;0;0;0
114724;11;4;4400726;2021;7;17;4;2;0;6;0;0;1;0;1;0;0;0
114722;11;1;1300836;2021;10;18;1;3;5;3;1;0;1;0;0;0;0;0
114721;11;1;1100102;2021;11;21;2;3;5;3;2;0;1;0;0;0;0;1
114719;11;3;3601142;2021;4;15;6;3;5;3;0;1;1;0;0;0;0;0
114716;11;1;1100310;2021;1;9;4;3;2;6;0;0;1;0;1;0;0;1
114713;11;3;3601141;2021;4;18;6;2;3;6;0;1;0;0;0;0;0;0
114712;11;11;11300722;2021;6;12;2;3;2;6;0;0;1;0;0;0;0;0
114708;11;2;2500729;2021;6;14;3;3;2;6;0;0;1;0;0;0;0;0
114707;11;11;11300724;2021;8;14;3;3;5;2;0;1;1;0;0;0;0;0
114705;11;7;7200410;2021;9;15;7;3;1;5;0;1;1;0;0;0;1;0
114703;11;1;1300836;2021;3;9;6;3;5;2;0;0;1;0;0;0;1;0
114700;11;3;3601142;2021;7;14;6;3;1;5;0;1;1;0;0;0;0;0
114698;11;6;6300526;2021;9;0;5;3;0;7;2;0;0;0;1;0;0;1
114697;11;3;3601452;2021;11;23;3;3;5;3;2;1;1;0;0;0;0;1
114696;11;2;2200208;2021;8;18;6;3;5;2;0;1;1;0;0;0;0;0
114691;11;3;3100101;2021;7;6;7;3;0;1;0;0;1;0;0;0;0;0
114690;11;1;1400940;2021;10;11;3;3;5;3;0;0;1;0;0;0;0;1
114689;11;1;1400940;2021;12;6;4;3;5;3;1;0;1;0;0;0;0;1
114686;11;10;10100208;2021;1;14;6;3;2;6;0;0;1;0;0;0;0;0
114682;11;7;7601544;2021;6;11;6;3;5;3;0;1;1;0;0;0;0;0
114678;11;5;5400943;2021;5;7;6;2;5;2;0;1;1;0;0;0;0;0
114677;11;2;2500727;2021;8;16;4;3;5;2;0;1;1;0;0;0;0;0
114674;11;4;4300622;2021;3;16;5;3;2;6;0;0;1;0;1;0;0;0
114670;11;2;2500833;2021;7;10;6;3;3;6;0;1;0;0;0;0;1;0
114668;11;10;10400940;2021;9;12;5;2;3;6;0;0;1;0;1;0;0;0
114667;11;3;3500936;2021;11;12;7;3;1;5;0;1;1;0;0;0;0;0
114666;11;4;4200308;2021;8;12;1;3;2;6;0;0;1;0;0;0;0;0
114663;11;3;3701657;2021;4;18;2;3;5;7;1;0;1;0;1;0;0;0
114660;11;7;7501133;2021;3;14;4;3;3;6;0;0;0;0;1;1;0;0
114659;11;9;9200613;2021;10;7;4;3;2;6;0;0;1;0;1;0;0;1
114658;11;2;2500726;2021;12;18;7;3;6;4;2;0;1;1;0;0;0;0
114657;11;12;12601031;2021;9;15;7;3;2;6;0;0;1;0;1;0;0;0
114655;11;4;4100101;2021;2;19;5;3;9;1;2;0;1;0;0;0;0;1
114651;11;10;10100208;2021;6;19;6;3;6;4;0;0;1;1;0;0;0;0
114646;11;1;1100310;2021;5;11;4;3;2;6;0;0;1;0;0;0;0;0
114645;11;3;3601141;2021;8;8;2;3;5;2;0;1;1;0;0;0;0;0
114641;11;4;4200207;2021;7;14;6;2;0;1;0;0;0;0;0;0;1;0
114638;11;1;1100310;2021;7;23;7;2;2;1;2;0;1;0;0;0;0;0
114636;11;10;10400941;2021;10;21;1;3;5;3;2;1;1;0;0;0;0;0
114635;11;9;9200613;2021;11;22;3;3;2;6;2;0;1;0;0;0;0;1
114632;11;7;7200411;2021;5;11;7;2;3;2;0;0;1;0;1;0;0;1
114631;11;1;1300836;2021;6;8;4;3;0;6;0;0;1;0;0;0;1;0
114630;11;12;12100205;2021;8;12;2;3;2;2;0;0;1;0;0;0;0;0
114628;11;4;4300415;2021;9;11;3;3;2;6;0;0;1;0;0;1;0;0
114627;11;4;4200310;2021;3;18;7;3;1;1;2;0;1;0;0;0;0;0
114623;11;2;2500726;2021;7;7;3;3;5;2;0;1;0;0;0;0;1;0
114621;11;3;3701660;2021;9;21;1;2;2;6;2;0;1;0;0;0;1;0
114620;11;6;6300527;2021;11;13;7;3;3;6;0;0;1;0;0;0;0;0
114619;11;1;1400940;2021;8;22;5;3;5;3;2;0;1;0;0;0;0;1
114616;11;7;7501133;2021;4;16;6;3;5;2;0;1;1;0;0;0;0;0
114613;11;4;4400725;2021;3;16;3;3;2;6;1;0;1;0;0;0;0;0
114612;11;1;1300836;2021;10;8;4;3;0;2;0;1;1;0;0;0;0;1
114611;11;10;10100312;2021;12;19;6;3;6;7;2;0;1;1;0;0;0;0
114610;11;1;1300836;2021;5;12;3;2;3;6;0;0;1;0;1;0;0;0
114609;11;7;7501133;2021;9;8;5;3;0;2;0;0;1;0;0;0;1;1
114607;11;1;1200624;2021;2;14;4;3;2;2;0;0;1;0;0;0;0;1
114603;11;4;4200308;2021;6;9;4;3;2;6;0;0;1;0;0;0;0;0
114599;11;3;3200206;2021;5;14;6;3;6;4;0;0;1;1;0;0;0;1
114598;11;2;2500727;2021;8;23;4;2;5;2;2;1;1;0;0;0;0;0
114594;11;2;2500727;2021;7;20;1;2;5;3;0;0;1;0;0;0;0;1
114590;11;10;10100206;2021;7;2;2;3;0;1;2;0;1;0;0;0;0;0
114588;11;12;12100204;2021;10;17;2;2;5;3;1;1;1;0;0;0;0;0
114587;11;7;7200411;2021;6;14;7;3;0;4;0;0;0;1;0;0;1;0
114586;11;2;2400625;2021;11;18;3;3;0;6;2;0;1;0;1;0;0;1
114585;11;3;3601142;2021;9;17;7;3;2;6;0;0;1;0;0;0;0;0
114582;11;3;3400620;2021;4;16;7;3;2;6;0;0;1;0;0;0;0;0
114579;11;1;1300836;2021;3;17;3;2;5;7;0;0;1;0;1;0;0;0
114577;11;11;11100101;2021;10;7;6;3;4;6;0;1;0;0;0;0;0;0
114576;11;12;12200411;2021;6;19;7;3;2;6;0;0;1;0;1;0;0;0
114575;11;4;4200206;2021;12;9;4;2;5;2;0;1;1;0;0;0;0;0
114574;11;1;1100207;2021;8;11;1;2;0;1;0;1;0;0;0;0;0;0
114571;11;9;9100101;2021;3;10;2;3;2;7;0;0;1;0;0;0;0;0
114568;11;3;3400723;2021;6;11;3;2;0;1;0;1;0;0;0;0;0;0
114565;11;1;1100310;2021;8;7;4;3;2;2;0;1;1;0;0;0;0;0
114561;11;4;4501153;2021;7;23;4;2;9;1;2;0;1;0;0;0;0;0
114559;11;4;4200308;2021;10;8;3;3;2;6;0;0;1;0;0;0;0;1
114558;11;1;1300836;2021;11;13;6;3;5;3;0;0;1;0;1;0;0;0
114556;11;2;2500728;2021;5;11;3;3;5;7;0;1;0;0;0;0;1;0
114553;11;4;4501148;2021;1;17;4;3;2;6;2;0;1;0;0;0;0;1
114550;11;1;1100310;2021;4;15;1;3;2;6;0;1;1;0;0;0;0;0
114549;11;12;12200414;2021;6;11;4;2;3;6;0;0;1;0;0;1;0;0
114545;11;4;4300414;2021;5;9;3;3;5;2;0;1;1;0;0;0;0;0
114544;11;4;4400726;2021;8;8;5;3;2;6;0;0;1;0;0;0;0;0
114542;11;1;1100310;2021;9;8;4;3;6;4;0;0;0;1;0;0;1;0
114540;11;4;4300621;2021;3;16;4;3;5;3;0;0;1;0;0;0;0;0