OBJECTID;LAND;BEZ;LOR_ab_2021;UJAHR;UMONAT;USTUNDE;UWOCHENTAG;UKATEGORIE;UART;UTYP1;ULICHTVERH;IstRad;IstPKW;IstFuss;IstKrad;IstGkfz;IstSonstige;USTRZUSTAND
114537;11;7;7400720;2021;7;18;5;3;2;6;0;0;1;0;0;0;0;1
114535;11;4;4200311;2021;9;8;2;3;3;6;0;0;1;0;0;0;0;0
114534;11;7;7501029;2021;11;7;3;3;0;1;0;0;1;0;1;0;0;1
114533;11;3;3400830;2021;8;14;6;3;2;6;0;0;1;0;0;0;0;0
114529;11;2;2100101;2021;7;21;6;2;5;2;2;0;1;0;1;0;0;0
114528;11;12;12200310;2021;10;12;7;3;0;7;0;0;1;0;0;0;0;0
114527;11;11;11300722;2021;12;10;5;3;5;2;0;1;1;0;0;0;0;0
114524;11;4;4100101;2021;1;8;1;2;0;6;0;0;1;0;0;0;1;0
114520;11;3;3701660;2021;6;23;1;3;0;3;2;1;1;0;0;0;0;0
114516;11;6;6300629;2021;5;11;2;3;1;5;0;1;0;0;0;1;0;0
114515;11;4;4100102;2021;8;19;5;2;2;6;1;0;1;0;0;0;0;0
114509;11;2;2500727;2021;7;15;2;2;3;6;0;1;0;0;0;0;0;0
114507;11;11;11300722;2021;10;13;7;3;2;6;0;1;0;0;0;0;0;0
114506;11;2;2500834;2021;11;3;1;2;0;1;2;1;0;0;0;0;0;0
114505;11;3;3601139;2021;9;17;6;3;5;2;0;1;1;0;0;0;0;0
114503;11;3;3400721;2021;6;16;7;3;3;6;0;1;0;0;0;0;1;0
114501;11;3;3500934;2021;4;14;3;3;4;7;0;1;0;0;0;0;0;0
114498;11;3;3400723;2021;3;11;5;3;6;2;0;0;1;1;0;0;0;0
114497;11;1;1401044;2021;10;16;5;3;2;6;0;0;1;0;0;0;0;1
114496;11;6;6300527;2021;12;19;7;3;5;7;2;0;1;0;0;0;0;1
114495;11;7;7400825;2021;9;7;3;3;2;6;0;0;1;0;1;0;0;0
114493;11;3;3100101;2021;2;6;3;3;8;1;2;0;0;0;0;0;1;2
114489;11;4;4400830;2021;6;11;5;3;3;6;0;0;0;0;1;0;1;0
114484;11;4;4300621;2021;5;16;3;3;3;6;0;0;1;0;1;0;0;1
114483;11;7;7200308;2021;8;20;2;3;5;7;2;1;1;0;0;0;0;1
114479;11;1;1300836;2021;7;18;4;3;5;2;0;1;1;0;0;0;0;0
114476;11;6;6300629;2021;7;3;2;2;8;1;2;0;1;0;0;0;0;0
114474;11;6;6300629;2021;10;13;4;3;3;6;0;0;1;0;0;1;0;0
114473;11;4;4300414;2021;11;16;5;3;5;3;0;1;1;0;0;0;0;0
114472;11;11;11300724;2021;5;9;2;3;2;6;0;0;1;0;1;0;0;0
114470;11;11;11300724;2021;9;13;6;2;5;2;0;1;1;0;0;0;0;0
114467;11;12;12100204;2021;4;9;4;3;3;6;0;0;1;0;0;0;0;0
114464;11;2;2100101;2021;4;13;1;3;5;2;0;1;1;0;0;0;0;0
114463;11;2;2400521;2021;7;18;5;3;3;6;0;1;0;0;0;0;1;0
114461;11;3;3601449;2021;10;15;3;3;2;6;0;0;1;0;0;0;1;0
114460;11;1;1100310;2021;12;23;2;3;5;3;2;0;1;0;0;0;0;0
114459;11;2;2500726;2021;8;18;5;3;1;5;0;1;1;0;0;0;0;0
114458;11;10;10400837;2021;9;10;6;3;5;3;0;0;1;0;0;0;0;0
114454;11;6;6400737;2021;2;11;7;3;0;3;0;1;1;0;0;0;0;0
114451;11;9;9100203;2021;6;8;2;3;0;3;0;1;1;0;0;0;0;0
114449;11;4;4300413;2021;9;2;1;2;8;1;2;0;1;0;0;0;0;0
114448;11;11;11401032;2021;11;9;5;3;6;2;0;0;1;1;0;0;0;1
114447;11;7;7400721;2021;8;20;4;3;1;5;2;0;1;0;0;0;0;1
114444;11;1;1100310;2021;7;23;7;3;5;3;2;1;1;0;0;0;0;0
114443;11;2;2500727;2021;10;21;2;3;0;1;2;0;0;0;1;0;0;1
114442;11;3;3200206;2021;11;21;3;3;4;1;2;0;1;0;0;0;0;1
114441;11;3;3601449;2021;5;17;7;3;5;2;0;0;1;0;0;0;0;0
114438;11;4;4400727;2021;1;11;3;3;0;1;0;0;0;0;1;0;0;1
114434;11;7;7200411;2021;6;14;2;3;0;2;0;0;1;0;0;0;1;0
114430;11;4;4300414;2021;5;15;3;3;5;2;0;1;1;0;0;0;0;0
114429;11;4;4300414;2021;8;14;2;3;2;7;0;0;0;0;1;0;1;0
114427;11;10;10400941;2021;9;5;2;2;3;6;2;0;1;0;1;0;0;0
114426;11;12;12601032;2021;9;7;4;3;5;2;0;1;1;0;0;0;0;0
114423;11;7;7501133;2021;4;18;3;3;2;6;0;0;1;0;0;0;0;0
114420;11;10;10100210;2021;4;15;6;2;2;6;0;0;1;0;1;0;0;0
114419;11;3;3601449;2021;7;15;6;2;5;2;0;1;1;0;0;0;0;0
114417;11;4;4300621;2021;10;19;3;3;2;1;1;0;1;0;0;0;0;0
114416;11;10;10100210;2021;6;13;7;3;2;2;0;1;1;0;0;0;0;0
114415;11;11;11401034;2021;12;20;2;2;0;1;2;0;1;0;0;0;0;0
114414;11;11;11401032;2021;8;15;2;3;2;6;0;0;1;0;1;0;0;0
114413;11;6;6400735;2021;9;18;4;1;0;7;0;0;1;0;1;0;0;0
114410;11;3;3601449;2021;3;15;3;3;5;2;0;1;0;0;0;1;0;0
114407;11;4;4100102;2021;6;15;3;3;2;6;0;0;1;0;0;0;0;0
114405;11;7;7400824;2021;9;18;5;3;3;6;0;0;1;0;1;0;0;0
114404;11;11;11100101;2021;8;13;5;2;2;6;0;0;1;0;0;1;0;0
114400;11;2;3601452;2021;7;17;4;3;2;6;0;0;1;0;0;0;1;0
114398;11;1;1200624;2021;10;18;5;3;2;6;2;0;1;0;0;0;0;0
114397;11;4;4400727;2021;11;19;2;3;2;6;2;0;1;0;0;0;0;1
114394;11;7;7400927;2021;1;12;5;3;0;7;0;0;1;0;0;0;0;1
114390;11;12;12601032;2021;6;10;7;3;6;3;0;0;1;1;0;0;0;0
114387;11;7;7501030;2021;12;18;4;3;6;2;2;0;1;1;0;0;0;1
114386;11;7;7400720;2021;5;23;3;3;1;5;2;0;0;0;1;0;1;1
114385;11;2;2500729;2021;8;10;5;3;0;3;0;0;1;0;0;0;1;0
114383;11;3;3601142;2021;9;16;2;2;5;3;0;1;0;0;0;0;0;0
114381;11;4;4200207;2021;3;4;7;2;2;6;2;0;1;0;1;0;1;1
114378;11;3;3100101;2021;6;18;4;3;9;1;0;0;1;0;0;0;0;1
114376;11;1;1100310;2021;9;17;5;3;3;6;0;0;1;0;1;0;0;0
114375;11;3;3601347;2021;11;15;3;2;1;5;0;1;0;0;0;0;1;1
114374;11;5;5200528;2021;9;16;4;3;6;2;0;0;1;1;0;0;0;0
114369;11;8;8100521;2021;7;17;7;3;2;6;0;0;1;0;0;0;0;0
114368;11;6;6400736;2021;10;17;7;3;2;6;2;0;1;0;0;0;0;1
114367;11;12;12200310;2021;12;8;3;3;2;6;0;0;1;0;0;0;0;0
114364;11;2;2400522;2021;1;14;3;3;0;6;0;0;1;0;1;0;0;1
114360;11;7;7400720;2021;6;15;7;3;3;6;0;0;1;0;0;0;0;1
114356;11;3;3601452;2021;5;10;2;3;5;7;0;0;1;0;0;0;1;0
114355;11;7;7400824;2021;8;14;5;3;0;6;0;0;0;0;0;0;1;0
114348;11;6;6300629;2021;7;7;4;3;2;6;0;0;1;0;0;0;0;1
114346;11;7;7100205;2021;10;6;2;3;0;7;1;0;1;0;1;0;0;1
114345;11;12;12200414;2021;11;14;6;3;2;6;0;0;1;0;0;0;0;0
114344;11;4;4200206;2021;9;11;6;3;3;6;0;1;1;0;0;0;0;0
114342;11;4;4501151;2021;6;14;7;3;2;6;0;0;1;0;0;0;0;0
114340;11;4;4300414;2021;4;7;6;3;5;2;0;0;1;0;0;0;0;0
114337;11;4;4200311;2021;3;19;1;3;9;1;2;0;1;0;0;0;0;0
114336;11;4;4100101;2021;10;10;4;3;3;6;0;0;1;0;0;0;0;0
114335;11;1;1100102;2021;12;17;7;3;9;1;2;0;0;0;1;0;0;1
114334;11;7;7400721;2021;9;12;7;3;0;1;0;1;0;0;0;0;0;0
114332;11;7;7100206;2021;2;9;5;3;0;6;0;0;1;0;0;0;1;1
114328;11;9;9100202;2021;6;18;6;3;0;2;0;0;1;0;0;0;1;0
114324;11;3;3601452;2021;5;16;2;3;0;1;0;1;0;0;0;0;0;0
114323;11;1;1100104;2021;8;13;3;3;2;6;0;0;1;0;0;0;0;1
114318;11;4;4200311;2021;7;11;5;3;3;6;0;0;1;0;0;1;0;0
114316;11;4;4200207;2021;10;13;1;3;2;1;0;0;1;0;0;0;0;0
114315;11;1;1300836;2021;11;11;4;3;2;2;0;0;1;0;0;0;0;1
114313;11;3;3701657;2021;9;14;3;3;5;3;0;1;0;0;0;0;0;0
114310;11;1;1100205;2021;4;8;3;3;2;2;0;0;1;0;0;0;0;0
114307;11;2;2500727;2021;4;12;4;3;2;6;0;0;1;0;0;0;0;1
114306;11;7;7400822;2021;6;7;4;3;2;6;0;0;1;0;0;1;0;0
114304;11;1;1100102;2021;11;19;6;3;2;6;1;0;1;0;0;0;0;0
114302;11;2;2200208;2021;8;11;4;3;3;6;0;0;1;0;0;0;0;0
114301;11;7;7501030;2021;9;15;6;3;5;2;0;0;1;0;0;0;0;1
114297;11;11;11300724;2021;2;8;3;3;5;2;0;1;1;0;0;0;0;0
114294;11;6;6100209;2021;6;14;5;3;0;1;0;0;0;0;1;0;0;0
114292;11;6;6300629;2021;9;13;7;3;5;3;0;0;1;0;1;0;0;0
114291;11;4;4200311;2021;11;11;4;3;2;6;0;0;1;0;0;0;0;0
114290;11;4;4400726;2021;8;17;6;2;2;6;0;0;1;0;0;0;0;0
114285;11;7;7200308;2021;7;12;6;3;2;6;0;0;1;0;0;0;0;0
114284;11;3;3400723;2021;10;11;3;3;3;6;0;1;1;0;0;0;0;0
114283;11;7;7400720;2021;12;12;3;3;0;6;0;0;1;0;0;0;1;1
114282;11;4;4300414;2021;5;14;1;3;3;6;0;1;1;0;0;0;0;0
114278;11;1;1100310;2021;1;19;5;3;2;6;2;0;1;0;0;0;0;1
114274;11;12;12500926;2021;6;13;5;3;0;5;0;0;1;0;0;0;0;0
114270;11;7;7200411;2021;5;8;6;3;5;2;0;1;0;0;0;0;1;0
114269;11;7;7400824;2021;8;17;6;3;5;3;0;1;1;0;0;0;0;0
114267;11;1;1100102;2021;9;8;2;3;3;6;0;0;1;0;0;0;0;0
114265;11;12;12500927;2021;3;19;1;2;3;6;2;0;1;0;0;0;0;1
114262;11;5;5200634;2021;7;17;5;3;2;6;0;0;1;0;0;0;0;1
114260;11;4;4300414;2021;9;10;3;3;5;3;0;1;1;0;0;0;0;1
114259;11;7;7400825;2021;11;13;2;3;2;6;0;0;1;0;0;0;0;0
114258;11;4;4400726;2021;8;8;5;3;0;1;0;0;0;0;1;0;0;0
114255;11;7;7300619;2021;4;23;4;2;9;1;2;0;1;0;0;0;0;0
114252;11;12;12100101;2021;10;5;4;3;3;6;2;1;1;0;0;0;0;1
114251;11;2;2200209;2021;12;11;7;3;2;6;0;0;1;0;0;0;1;1
114249;11;7;7601236;2021;2;19;3;2;6;4;2;0;1;1;0;0;0;1
114245;11;3;3701660;2021;6;7;5;3;1;5;0;1;1;0;0;0;0;0
114241;11;4;4200311;2021;5;14;6;2;5;2;0;1;0;0;0;1;0;0
114240;11;8;8200622;2021;8;10;6;3;3;6;0;0;1;0;0;1;0;0
114233;11;12;12100205;2021;7;16;7;3;0;7;0;1;0;0;0;0;0;0
114231;11;7;7501029;2021;10;20;1;3;2;1;0;0;1;0;0;0;0;0
114230;11;6;6400735;2021;11;13;7;3;0;1;0;0;0;0;1;0;0;1
114229;11;12;12200515;2021;9;17;6;3;2;6;0;0;1;0;0;0;0;0
114226;11;1;1100310;2021;4;9;4;3;5;2;0;1;0;0;0;0;1;0
114223;11;2;2500727;2021;3;22;2;3;0;1;2;1;0;0;0;0;0;0
114221;11;12;12200515;2021;3;15;5;2;8;1;0;0;1;0;0;0;0;1
114218;11;7;7501030;2021;6;7;2;3;5;3;0;1;1;0;0;0;0;0
114216;11;6;6300526;2021;10;12;6;3;6;6;0;0;1;1;0;0;0;0
114215;11;11;11300724;2021;11;18;2;3;3;6;2;1;0;0;0;0;1;0
114214;11;3;3601449;2021;9;10;4;3;5;2;0;0;1;0;0;0;1;0
114209;11;1;1100102;2021;10;10;7;2;5;2;0;0;1;0;1;0;0;0
114208;11;7;7400927;2021;12;7;2;3;2;6;2;0;1;0;0;0;1;1
114205;11;6;6300629;2021;1;18;2;3;4;6;2;0;1;0;0;0;0;1
114201;11;9;9100409;2021;6;8;6;1;2;6;0;0;0;0;0;1;0;0
114197;11;7;7400825;2021;5;12;3;3;2;6;0;0;1;0;0;0;1;0
114196;11;4;4200311;2021;8;8;5;3;0;1;0;1;0;0;0;0;0;0
114189;11;12;12500928;2021;7;11;4;3;5;3;0;0;1;0;0;0;0;1
114187;11;9;9100306;2021;10;14;7;3;2;6;0;0;1;0;0;0;0;0
114186;11;10;10100311;2021;11;16;5;3;2;6;0;0;1;0;0;0;0;1
114185;11;6;6400737;2021;9;18;5;2;6;4;0;0;1;1;0;0;0;0
114182;11;7;7400822;2021;4;13;5;3;2;6;0;0;1;0;0;0;0;0
114179;11;4;4200311;2021;3;9;3;3;2;6;0;0;1;0;0;0;0;0
114178;11;3;3601347;2021;10;21;4;3;0;1;2;1;0;0;0;0;0;0
114177;11;7;7400927;2021;12;16;2;3;3;6;2;0;1;0;0;1;0;0
114176;11;1;1400940;2021;5;15;3;3;3;2;0;1;1;0;0;0;0;0
114175;11;1;1100207;2021;5;22;2;3;5;3;2;1;1;0;0;0;0;0
114174;11;1;1100102;2021;9;8;5;3;0;1;0;1;0;0;0;0;0;1
114172;11;4;4300415;2021;2;14;4;3;2;6;0;0;1;0;0;0;0;1
114168;11;7;7501133;2021;6;8;3;3;0;2;0;0;1;0;0;0;0;0
114164;11;7;7200411;2021;5;13;3;3;2;6;0;0;1;0;0;0;0;1
114163;11;3;3601141;2021;8;17;2;3;6;7;0;0;1;1;0;0;0;0
114159;11;3;3601142;2021;7;10;6;3;4;6;0;1;0;0;0;0;0;1
114157;11;7;7601236;2021;10;16;2;3;5;2;0;1;0;0;0;1;0;0
114156;11;10;10100206;2021;11;9;2;3;5;7;0;0;1;0;0;0;0;1
114152;11;4;4100101;2021;4;8;3;3;2;6;0;0;1;0;0;0;0;0
114149;11;3;3601449;2021;3;10;7;3;3;6;0;1;0;0;0;0;0;1
114148;11;1;1100310;2021;6;21;4;3;5;2;0;0;1;0;1;0;0;0
114146;11;3;3200205;2021;11;7;2;3;5;3;0;1;1;0;0;0;0;0
114145;11;3;3400724;2021;12;15;5;3;2;6;0;0;1;0;0;0;1;1
114144;11;4;4100101;2021;7;11;7;3;2;6;0;0;1;0;0;0;0;0
114143;11;12;12400721;2021;9;12;4;3;1;5;0;0;1;0;0;0;0;0
114139;11;2;2500726;2021;2;16;6;3;5;3;0;0;1;0;1;0;0;0
114136;11;12;12601031;2021;7;15;6;2;5;2;0;1;1;0;0;0;0;0
114134;11;4;4200311;2021;9;15;4;3;3;6;0;0;1;0;1;0;0;0
114133;11;3;3200206;2021;10;5;1;3;1;5;2;0;1;0;0;0;0;0
114132;11;2;2400521;2021;8;7;2;3;5;2;0;0;1;0;1;0;0;1
114127;11;4;4300415;2021;7;13;6;3;2;6;0;0;1;0;0;0;0;0
114126;11;6;6300527;2021;10;18;6;3;3;6;1;0;1;0;0;0;0;1
114125;11;2;2500727;2021;12;20;6;3;1;1;2;0;1;0;0;0;1;0
114124;11;9;9100202;2021;5;8;2;3;2;6;0;0;1;0;0;0;1;0
114121;11;2;2500834;2021;1;12;4;3;5;2;0;1;1;0;0;0;0;0
114117;11;6;6400737;2021;6;16;5;3;3;6;0;0;1;0;0;0;0;0
114113;11;1;1200624;2021;5;16;6;3;2;6;0;0;1;0;0;0;0;0
114112;11;7;7200308;2021;8;19;6;3;0;2;0;1;1;0;0;0;0;1
114110;11;2;1100104;2021;9;12;3;3;2;6;0;0;1;0;0;0;1;0
114109;11;7;7400824;2021;3;8;5;3;3;2;0;0;1;0;0;1;0;0
114105;11;4;4200311;2021;7;16;3;3;2;6;0;0;1;0;0;0;1;0
114103;11;1;1100310;2021;9;21;5;3;3;6;2;0;1;0;1;0;0;0
114102;11;5;5200528;2021;11;8;6;3;2;6;0;0;1;0;0;0;0;1
114101;11;12;12100205;2021;8;7;3;3;5;2;1;1;1;0;0;0;0;1
114098;11;3;3100101;2021;4;14;4;3;5;3;0;0;1;0;0;0;0;0
114095;11;1;1100310;2021;3;16;3;3;2;6;0;1;0;0;0;0;0;0
114094;11;6;6400737;2021;10;19;2;3;3;6;2;1;1;0;0;0;0;0
114093;11;7;7300619;2021;12;16;7;3;2;6;1;0;1;0;0;1;0;0
114092;11;8;8200622;2021;9;16;4;3;2;6;1;0;1;0;0;0;0;1
114090;11;3;3601451;2021;2;16;3;2;5;3;1;1;1;0;0;0;0;1
114086;11;4;4300622;2021;6;12;7;3;0;1;0;0;0;0;1;0;0;0
114082;11;7;7400927;2021;5;18;5;3;0;6;0;0;1;0;1;0;0;1
114081;11;1;1400940;2021;8;17;4;3;0;7;0;1;0;0;0;0;0;1
114077;11;3;3400620;2021;7;8;5;3;0;1;0;1;0;0;0;0;0;0
114073;11;4;4200206;2021;7;10;3;3;2;6;0;0;1;0;1;0;0;0
114071;11;7;7200308;2021;10;13;3;3;2;6;0;0;1;0;1;0;0;1
114070;11;4;4200310;2021;11;12;3;3;0;7;0;1;0;0;0;0;0;1
114069;11;4;4300414;2021;9;12;6;3;0;5;0;0;1;0;0;0;1;0
114066;11;3;3400723;2021;4;18;6;3;5;2;0;1;1;0;0;0;0;0
114063;11;3;3200206;2021;4;14;6;3;0;1;0;1;0;0;0;0;0;0
114062;11;3;3701660;2021;10;8;4;3;5;3;0;1;0;0;0;0;0;0
114061;11;12;12100204;2021;12;13;5;3;1;7;0;0;1;0;0;0;0;0
114060;11;7;7501133;2021;8;13;3;3;2;6;0;0;1;0;0;0;0;0
114057;11;4;4300415;2021;3;9;2;3;2;6;0;0;1;0;0;0;0;0
114054;11;4;4300621;2021;6;8;3;3;3;6;0;0;1;0;0;0;0;0
114051;11;3;3601142;2021;4;18;6;3;6;4;0;1;0;1;0;0;0;0
114050;11;7;7501135;2021;8;10;7;2;3;6;0;0;1;0;1;0;0;0
114046;11;10;10300734;2021;7;8;3;3;5;7;0;0;1;0;0;1;0;0
114044;11;3;3601451;2021;10;9;4;3;5;2;0;1;1;0;0;0;0;0
114043;11;1;1300836;2021;11;17;2;3;6;2;2;0;1;1;0;0;0;1
114041;11;7;7400928;2021;5;7;5;3;2;6;0;0;1;0;0;0;0;0
114038;11;1;1100205;2021;1;6;2;3;5;2;2;0;1;0;0;0;0;1
114035;11;7;7501133;2021;4;21;7;2;0;1;2;1;0;0;0;0;0;0
114034;11;1;1300836;2021;6;18;4;3;2;6;0;0;1;0;0;0;1;0
114030;11;3;3701657;2021;5;20;3;3;2;2;1;1;1;0;0;0;0;0
114029;11;7;7400825;2021;8;18;7;3;2;6;0;0;1;0;0;0;0;0
114027;11;1;1100206;2021;9;13;7;3;0;1;0;0;0;0;0;0;1;0
114025;11;4;4200311;2021;3;15;3;3;2;6;0;0;1;0;0;0;0;0
114022;11;1;1100310;2021;7;23;6;2;5;2;2;0;0;0;0;0;1;0
114020;11;3;3601141;2021;9;16;5;2;3;6;0;1;0;0;0;0;0;0
114019;11;10;10100210;2021;11;14;3;3;5;3;0;0;1;0;1;0;0;0
114018;11;4;4200310;2021;10;8;6;3;5;3;0;0;1;0;0;1;0;0
114017;11;4;4200207;2021;12;16;4;3;2;6;2;0;1;0;0;0;0;0
114016;11;1;1401044;2021;9;15;6;3;2;6;0;0;1;0;0;0;0;0
114014;11;2;2500728;2021;2;13;5;3;5;3;0;1;1;0;0;0;0;0
114011;11;2;2100101;2021;6;10;3;3;3;6;0;1;1;0;0;0;0;0
114008;11;11;11100101;2021;5;8;3;3;2;2;0;0;1;0;0;0;0;0
114007;11;4;4400830;2021;8;12;2;3;2;6;0;0;1;0;0;0;1;0
114003;11;6;6100209;2021;7;13;6;3;2;6;0;0;1;0;0;0;0;0
114001;11;12;12200412;2021;10;10;7;2;2;6;0;0;1;0;1;0;0;0
114000;11;2;2200209;2021;11;16;6;3;2;7;1;1;1;0;0;0;0;0
113996;11;7;7300619;2021;1;15;4;3;5;3;0;0;1;0;0;0;0;1
113993;11;7;7300619;2021;4;16;6;3;2;6;0;0;1;0;0;0;0;0
113992;11;7;7501133;2021;6;17;3;3;0;7;0;1;0;0;0;0;0;0
113990;11;1;1401049;2021;12;13;4;3;2;6;0;0;1;0;0;0;0;1
113989;11;7;7400822;2021;5;13;1;3;8;1;0;0;1;0;0;0;0;1
113988;11;2;2200207;2021;6;12;3;3;5;3;0;1;1;0;0;0;0;0
113987;11;7;7200308;2021;8;7;3;3;0;2;0;1;1;0;0;0;0;0
113986;11;7;7501030;2021;9;10;6;3;2;6;0;0;1;0;0;0;0;0
113982;11;1;1300836;2021;3;18;2;3;0;2;1;1;1;0;0;0;0;0
113979;11;4;4100101;2021;6;7;4;3;3;6;0;0;1;0;1;0;0;1
113977;11;4;4100101;2021;9;20;7;3;3;6;2;0;1;0;0;1;0;0
113976;11;7;7601236;2021;11;6;3;2;6;4;2;0;1;1;0;0;0;1
113975;11;2;2200208;2021;8;20;4;3;5;2;2;1;1;0;0;0;0;1
113970;11;1;1100206;2021;7;19;4;3;0;3;0;1;0;0;1;0;0;0
113969;11;11;11100101;2021;10;5;5;3;2;1;2;0;1;0;0;1;0;1
113968;11;4;4100101;2021;12;7;7;3;3;6;0;0;1;0;0;0;0;1
113967;11;7;7400928;2021;5;16;7;3;3;6;2;0;1;0;0;0;0;0
113964;11;11;11300722;2021;1;11;4;3;2;2;0;1;1;0;0;0;0;1
113960;11;11;11401034;2021;6;15;5;3;5;3;0;1;1;0;0;0;0;0
113956;11;4;4200310;2021;5;9;2;3;2;6;0;0;1;0;0;0;0;0
113955;11;4;4300414;2021;6;23;5;3;3;6;2;0;1;0;0;0;0;0
113954;11;7;7400824;2021;8;6;3;3;5;2;0;0;1;0;0;0;0;0
113952;11;4;4400725;2021;9;15;2;2;2;6;0;0;1;0;1;0;0;0
113950;11;7;7501133;2021;3;10;5;3;3;6;0;0;1;0;0;1;1;0
113946;11;4;4200206;2021;7;14;6;3;4;6;0;0;1;0;0;0;0;0
113944;11;2;2500727;2021;9;17;5;3;5;2;1;1;1;0;0;0;0;1
113943;11;2;2500830;2021;11;3;1;3;3;6;2;0;1;0;1;0;0;0
113942;11;12;12100205;2021;8;15;1;2;5;3;0;0;1;0;0;0;0;0
113939;11;1;1300836;2021;4;9;5;3;5;2;0;1;0;0;0;0;1;0
113936;11;9;9100409;2021;3;11;5;3;2;6;0;0;0;0;0;1;0;0
113935;11;1;1100205;2021;10;21;3;2;5;2;2;1;1;0;0;0;0;1
113934;11;3;3601449;2021;12;10;2;3;1;5;0;1;1;0;0;0;0;1
113933;11;3;3601451;2021;9;17;6;3;5;2;0;1;1;0;0;0;0;0
113931;11;2;2400520;2021;2;16;7;3;0;2;2;0;1;0;0;0;1;1
113927;11;9;9200613;2021;6;13;7;3;2;3;0;1;1;0;0;0;0;0
113922;11;4;4200308;2021;5;15;2;3;0;1;0;0;0;0;1;0;0;0
113921;11;4;4400725;2021;5;19;1;3;2;6;0;0;1;0;0;0;0;0
113920;11;9;9100101;2021;8;3;1;3;5;3;2;0;1;0;0;0;1;0
113916;11;1;1100205;2021;7;17;4;3;2;6;0;0;1;0;0;0;0;0
113913;11;1;1100102;2021;7;22;7;3;5;3;2;0;1;0;1;0;0;0
113911;11;9;9100306;2021;10;22;2;3;3;6;2;0;1;0;0;0;0;0
113910;11;3;3100101;2021;11;18;5;3;5;3;2;0;1;0;0;1;0;1
113908;11;12;12500930;2021;9;19;7;3;6;4;1;0;1;1;0;0;0;0
113905;11;7;7400822;2021;4;17;2;3;2;6;0;0;1;0;0;0;1;0
113902;11;3;3601245;2021;3;20;3;3;3;6;2;0;1;0;1;0;0;0
113901;11;3;3701657;2021;7;18;5;3;0;2;0;0;1;0;1;0;0;0
113899;11;7;7501133;2021;10;15;7;3;2;6;0;0;1;0;0;0;0;0
113898;11;10;10400940;2021;12;15;1;3;5;2;1;0;1;0;0;0;0;2
113897;11;10;10100208;2021;8;16;5;3;2;6;0;0;1;0;0;0;0;0
113894;11;7;7200410;2021;2;14;7;3;3;6;0;0;1;0;0;0;1;0
113891;11;7;7501029;2021;6;14;3;2;5;2;0;1;0;0;0;1;0;0
113889;11;2;2500727;2021;9;8;6;3;6;4;0;1;0;1;0;0;0;0
113888;11;4;4200207;2021;5;12;3;3;3;6;0;0;1;0;0;1;0;0
113887;11;3;3601142;2021;8;17;3;3;6;4;0;0;1;1;0;0;0;0
113883;11;4;4200310;2021;7;13;1;2;5;2;0;0;1;0;1;0;0;0
113881;11;2;2500729;2021;10;19;4;3;2;6;1;0;1;0;0;0;0;0
113880;11;2;2400522;2021;11;16;4;3;2;6;1;0;1;0;0;0;1;1
113878;11;11;11100101;2021;5;10;7;2;0;2;0;1;1;0;0;0;0;0
113875;11;12;12100103;2021;1;17;4;3;2;6;2;0;1;0;0;0;0;1
113871;11;3;3601452;2021;4;23;1;3;5;2;2;1;1;0;0;0;0;0
113870;11;3;3701660;2021;6;13;4;3;3;6;0;1;1;0;0;0;0;0
113867;11;7;7400823;2021;12;20;2;3;3;6;2;0;1;0;0;0;0;1
113866;11;3;3701660;2021;5;6;6;1;5;2;0;1;0;0;0;1;0;1
113865;11;6;6400735;2021;8;17;6;3;3;6;0;1;1;0;0;0;0;0
113863;11;1;1100310;2021;9;10;4;3;3;6;0;0;1;0;1;0;0;0
113861;11;5;5200528;2021;3;18;6;3;1;6;1;0;1;0;1;0;1;0
113858;11;11;11300722;2021;6;14;2;3;2;6;0;1;0;0;0;0;1;0
113856;11;3;3601348;2021;9;0;3;3;1;7;2;0;0;0;0;0;1;0
113855;11;9;9100305;2021;11;9;2;3;5;2;0;1;1;0;0;0;0;1
113854;11;5;5400943;2021;8;13;7;3;2;6;0;0;1;0;0;0;0;0
113850;11;4;4300622;2021;7;17;5;3;3;6;0;1;1;0;0;0;0;0
113849;11;1;1100102;2021;10;3;1;3;1;5;2;0;1;0;0;0;1;0
113848;11;7;7300619;2021;12;13;5;3;0;1;0;0;1;0;0;0;0;0
113845;11;10;10400941;2021;1;16;3;3;3;6;1;0;1;0;0;0;0;1
113841;11;3;3601449;2021;6;7;2;2;5;2;0;1;1;0;0;0;0;0
113837;11;4;4400830;2021;5;5;2;3;3;1;0;0;1;0;1;0;0;1
113836;11;6;6100209;2021;6;12;6;3;5;3;0;0;1;0;1;0;0;0
113835;11;7;7400822;2021;8;13;4;3;2;6;0;0;1;0;0;0;0;0
113828;11;6;6400737;2021;7;14;2;3;2;6;0;0;1;0;0;0;0;1
113826;11;12;12500930;2021;10;7;7;3;2;6;0;0;1;0;0;0;0;0
113825;11;3;3100103;2021;11;16;3;3;8;1;2;0;1;0;0;0;0;0
113824;11;3;3601142;2021;9;19;1;3;6;7;2;0;0;1;0;0;1;0
113821;11;1;1400940;2021;4;15;3;3;5;3;0;0;1;0;0;0;0;0
113818;11;2;2500727;2021;3;11;7;3;5;3;0;0;1;0;0;0;0;0
113817;11;2;2200208;2021;10;18;6;3;0;6;1;0;1;0;1;0;0;1