OBJECTID;LAND;BEZ;LOR_ab_2021;UJAHR;UMONAT;USTUNDE;UWOCHENTAG;UKATEGORIE;UART;UTYP1;ULICHTVERH;IstRad;IstPKW;IstFuss;IstKrad;IstGkfz;IstSonstige;USTRZUSTAND
113816;11;3;3701657;2021;12;20;5;3;6;4;2;0;1;1;0;0;0;0
113815;11;7;7400824;2021;9;4;3;3;5;2;2;0;1;0;1;0;0;0
113814;11;9;9100101;2021;8;15;2;2;5;3;0;1;1;0;0;0;0;0
113809;11;3;3500936;2021;7;11;5;3;6;7;0;0;0;1;0;0;1;0
113808;11;3;3400831;2021;10;11;3;3;3;6;0;0;1;0;0;0;0;1
113807;11;11;11401034;2021;12;16;2;3;6;4;1;0;1;1;0;0;0;0
113804;11;7;7601236;2021;1;17;2;3;0;4;2;0;1;1;0;0;0;0
113800;11;4;4200206;2021;6;8;2;3;2;6;0;0;1;0;0;0;1;0
113796;11;3;3701660;2021;5;14;6;3;2;6;0;0;1;0;1;0;0;0
113795;11;4;4100101;2021;6;13;6;3;8;1;0;0;0;0;0;1;0;0
113794;11;10;10400837;2021;8;15;4;3;3;6;0;0;1;0;1;0;0;0
113788;11;12;12200414;2021;7;11;7;2;2;6;0;0;1;0;0;0;0;0
113786;11;10;10300733;2021;10;14;6;3;5;2;0;1;0;0;0;0;1;0
113785;11;2;2200208;2021;11;11;1;3;3;6;0;0;1;0;0;0;0;0
113784;11;1;1400940;2021;8;16;5;3;5;3;0;0;0;0;1;0;1;0
113781;11;4;4200310;2021;4;15;7;3;6;7;0;0;1;1;0;0;0;0
113778;11;4;4400725;2021;3;15;5;2;0;1;0;0;0;0;1;0;0;0
113777;11;4;4400830;2021;10;16;4;3;2;6;0;0;1;0;0;0;0;0
113776;11;7;7200308;2021;12;16;5;3;2;6;1;0;1;0;0;0;1;1
113775;11;3;3400826;2021;9;20;2;2;1;7;2;0;1;0;0;0;0;0
113773;11;7;7400825;2021;2;10;4;3;1;5;0;0;0;0;0;0;1;1
113769;11;9;9100407;2021;6;9;3;3;2;6;0;0;1;0;0;0;0;0
113764;11;6;6300526;2021;5;11;2;3;5;3;0;0;1;0;0;0;1;0
113763;11;3;3601449;2021;8;7;4;3;3;6;0;1;0;0;0;0;0;0
113759;11;3;3500936;2021;7;21;1;3;0;1;2;0;0;0;1;0;0;1
113756;11;1;1100102;2021;7;11;2;2;6;4;0;0;1;1;0;0;0;0
113754;11;2;2200209;2021;10;19;2;2;1;1;2;0;1;0;0;0;0;0
113753;11;1;1100102;2021;11;13;7;2;6;4;0;1;0;1;0;0;0;0
113751;11;4;4300621;2021;9;16;6;3;0;5;0;0;1;0;0;0;1;0
113748;11;3;3500936;2021;4;8;6;3;5;7;0;0;1;0;0;0;1;0
113745;11;7;7601236;2021;3;16;3;3;2;6;0;0;1;0;0;1;0;0
113744;11;1;1401044;2021;7;14;3;3;2;6;0;0;1;0;0;0;1;0
113742;11;7;7501133;2021;10;18;6;2;5;2;2;1;1;0;0;0;0;1
113741;11;11;11401032;2021;12;9;7;3;2;6;0;0;1;0;0;0;0;2
113740;11;3;3200204;2021;5;19;2;1;9;7;0;0;0;0;1;0;0;0
113739;11;12;12100204;2021;8;14;1;3;5;2;0;0;1;0;0;0;1;0
113738;11;2;2500727;2021;9;18;5;3;0;1;0;1;0;0;0;0;0;0
113735;11;11;11300722;2021;3;8;4;3;5;2;0;1;1;0;0;0;0;0
113732;11;2;2400625;2021;6;15;4;2;5;7;0;0;1;0;1;0;0;1
113730;11;3;3601347;2021;9;15;6;3;5;3;0;1;0;0;0;0;1;0
113729;11;5;5200528;2021;8;19;7;3;5;2;0;1;1;0;0;0;0;0
113726;11;2;2500727;2021;7;17;4;3;5;2;0;1;1;0;0;0;0;0
113724;11;3;3601348;2021;10;16;3;2;1;5;0;0;1;0;1;0;0;0
113723;11;6;6300527;2021;12;13;6;3;5;7;0;0;1;0;1;0;0;0
113722;11;12;12100103;2021;5;11;3;3;1;5;0;1;1;0;0;0;0;0
113719;11;7;7300619;2021;1;22;6;3;2;7;2;0;1;0;0;0;0;1
113715;11;10;10300734;2021;6;10;2;2;0;1;0;1;0;0;0;0;0;0
113711;11;12;12100101;2021;5;12;6;3;5;3;0;1;1;0;0;0;0;0
113710;11;1;1100102;2021;8;13;1;3;6;7;0;1;0;1;0;0;0;0
113708;11;3;3400828;2021;9;15;2;3;4;6;0;1;0;0;0;0;0;0
113706;11;7;7300619;2021;3;13;7;3;2;6;0;0;1;0;0;0;1;0
113703;11;1;1100205;2021;6;18;4;3;0;1;0;0;0;0;1;0;0;1
113701;11;9;9200613;2021;9;10;2;3;5;2;0;1;1;0;0;0;0;0
113700;11;4;4300413;2021;11;12;2;3;2;6;0;0;0;0;1;0;1;0
113699;11;3;3601245;2021;8;12;3;3;6;4;0;0;0;1;0;0;1;0
113694;11;1;1100310;2021;7;11;7;3;3;6;0;0;1;0;1;0;0;0
113693;11;7;7300619;2021;10;10;4;3;5;3;0;1;1;0;0;0;0;0
113692;11;7;7501133;2021;12;22;6;3;0;7;2;0;1;0;1;0;0;0
113689;11;1;1400940;2021;1;6;4;3;5;3;2;0;1;0;0;0;0;1
113685;11;1;1400940;2021;6;18;2;3;0;3;0;0;1;0;1;0;0;0
113681;11;1;1100310;2021;5;18;3;3;2;6;0;1;0;0;0;0;0;0
113680;11;2;2200208;2021;8;15;5;3;2;6;0;0;1;0;0;0;1;0
113673;11;7;6100102;2021;7;16;4;3;2;6;0;0;1;0;1;0;0;0
113671;11;4;4300414;2021;10;14;3;3;2;6;0;0;1;0;0;0;0;1
113670;11;3;3601449;2021;11;7;2;3;5;2;0;1;0;0;0;0;1;0
113669;11;3;3701657;2021;9;15;4;3;5;2;0;1;1;0;0;0;0;0
113666;11;1;1300836;2021;4;14;4;3;2;6;0;0;0;0;1;0;1;0
113663;11;4;4501148;2021;3;16;2;3;2;6;0;0;1;0;0;0;0;0
113662;11;1;1100310;2021;10;15;1;3;6;4;0;1;0;1;0;0;0;0
113661;11;9;9100101;2021;12;17;6;3;3;6;1;0;1;0;0;0;0;0
113660;11;10;10300733;2021;9;9;3;3;0;2;0;1;1;0;0;0;0;0
113658;11;1;1400940;2021;2;19;7;3;5;3;2;0;1;0;0;0;0;0
113654;11;4;4300621;2021;6;12;3;3;6;4;0;1;0;1;0;0;0;0
113650;11;9;9100101;2021;5;12;1;3;2;6;0;0;1;0;1;0;0;0
113649;11;4;4300415;2021;8;7;3;3;3;6;0;0;1;0;0;1;0;0
113645;11;12;12100204;2021;7;15;3;3;5;2;0;1;1;0;0;0;0;0
113643;11;6;6300527;2021;10;13;4;3;5;2;0;1;1;0;0;0;0;0
113642;11;4;4200311;2021;11;15;7;3;2;6;0;0;1;0;0;0;0;1
113638;11;11;11300724;2021;4;7;2;3;2;7;0;0;1;0;0;0;0;0
113635;11;4;4200310;2021;3;8;3;3;5;2;0;1;1;0;0;0;0;0
113634;11;12;12200414;2021;6;22;7;3;2;6;2;0;1;0;0;0;0;0
113632;11;12;12100204;2021;10;18;7;3;3;6;2;0;1;0;0;0;0;0
113630;11;7;7501133;2021;8;13;4;3;2;6;0;0;1;0;0;0;0;0
113629;11;11;11401034;2021;9;8;2;2;3;6;0;0;1;0;1;0;0;0
113625;11;3;3601142;2021;2;18;4;2;3;6;1;1;0;0;0;0;0;0
113622;11;9;9100101;2021;6;19;7;3;0;7;0;1;0;0;0;0;0;0
113620;11;3;3601347;2021;9;16;3;3;1;5;0;1;1;0;0;0;0;0
113619;11;4;4300622;2021;11;16;4;3;2;6;1;0;1;0;1;0;0;0
113618;11;7;7200411;2021;8;12;2;3;2;6;0;0;1;0;0;0;0;1
113612;11;11;11401032;2021;2;8;4;3;2;6;0;0;1;0;0;0;0;1
113608;11;9;9100305;2021;6;16;5;3;5;2;0;1;1;0;0;0;0;0
113603;11;1;1100310;2021;5;2;4;3;0;7;2;0;0;0;0;0;1;0
113602;11;1;1100207;2021;8;14;7;3;5;2;0;0;1;0;1;0;0;0
113598;11;7;7601236;2021;7;8;5;3;6;4;0;1;0;1;0;0;0;0
113595;11;1;1300836;2021;7;18;3;3;5;2;0;1;1;0;0;0;0;0
113593;11;7;7601442;2021;10;16;5;3;1;5;0;1;1;0;0;0;0;0
113592;11;4;4100101;2021;11;15;6;3;2;6;0;0;1;0;0;0;0;0
113590;11;12;12500926;2021;9;7;3;3;0;2;0;1;1;0;0;0;0;0
113587;11;3;3601449;2021;4;13;4;3;5;2;0;0;1;0;0;0;0;0
113584;11;9;9100101;2021;4;15;1;3;2;6;0;0;1;0;0;0;0;0
113583;11;1;1400940;2021;7;19;1;3;5;3;1;0;1;0;0;0;0;1
113581;11;12;12500927;2021;10;22;4;3;2;6;2;0;1;0;1;0;0;0
113580;11;2;2500727;2021;12;18;5;2;1;1;2;0;1;0;1;0;0;2
113579;11;7;7501133;2021;8;18;3;3;6;7;0;1;0;1;0;0;0;0
113578;11;3;3100101;2021;9;13;6;3;2;6;0;0;1;0;0;0;0;0
113574;11;3;3400826;2021;2;12;4;3;2;6;0;0;1;0;0;0;0;0
113571;11;4;4300415;2021;6;15;3;3;2;6;0;0;1;0;0;0;0;0
113569;11;9;9100409;2021;9;15;4;3;3;6;0;0;1;0;0;0;1;0
113568;11;3;3200309;2021;11;17;4;3;2;6;1;0;1;0;0;0;0;0
113567;11;3;3601449;2021;8;15;6;3;0;7;0;1;0;0;0;0;0;1
113564;11;9;9200613;2021;7;10;2;3;3;6;0;0;1;0;1;0;0;0
113563;11;9;9100305;2021;10;15;5;3;5;2;0;0;1;0;0;0;0;1
113562;11;1;2400520;2021;12;9;4;3;2;6;0;0;1;0;0;0;0;0
113561;11;1;1100102;2021;5;12;7;3;2;1;0;0;1;0;0;0;0;0
113558;11;12;12200414;2021;1;14;4;3;2;6;0;0;1;0;0;0;0;1
113554;11;2;2500727;2021;6;19;3;3;3;2;0;0;1;0;0;0;0;0
113550;11;7;7501133;2021;5;17;4;3;5;2;0;1;1;0;0;0;0;0
113549;11;6;6300527;2021;8;20;3;2;5;2;1;0;1;0;0;0;0;0
113547;11;2;2500833;2021;9;7;7;3;0;1;0;1;0;0;0;0;0;0
113545;11;1;1100102;2021;3;12;2;3;4;6;0;1;0;0;0;0;0;0
113542;11;3;3601451;2021;6;7;1;3;5;3;0;1;1;0;0;0;0;0
113540;11;2;2100101;2021;9;15;5;2;5;3;0;0;1;0;0;0;1;0
113539;11;4;4200308;2021;11;17;5;3;2;6;2;0;1;0;0;0;0;1
113538;11;4;4300622;2021;8;12;5;3;3;2;0;0;1;0;0;0;0;1
113533;11;4;4200311;2021;10;10;3;3;2;6;0;0;1;0;0;0;0;0
113532;11;10;10300734;2021;12;9;5;3;2;6;0;0;1;0;0;0;0;0
113529;11;12;12100103;2021;2;10;3;3;5;2;0;0;1;0;0;0;0;1
113525;11;2;2500727;2021;6;15;5;3;5;2;0;1;1;0;0;0;0;0
113521;11;4;4200206;2021;5;14;5;3;2;6;0;0;1;0;0;0;0;0
113520;11;2;2200208;2021;8;15;5;3;5;3;0;0;1;0;0;0;0;0
113513;11;12;12200414;2021;7;8;4;3;3;6;0;0;1;0;0;1;0;1
113511;11;12;12200414;2021;10;10;3;3;0;1;0;0;1;0;0;0;1;1
113510;11;7;7300619;2021;11;19;5;2;2;6;1;0;1;0;0;0;1;1
113509;11;1;1100310;2021;9;0;6;3;0;3;0;1;1;0;0;0;0;0
113506;11;4;4400726;2021;4;15;7;3;2;6;0;0;1;0;0;0;1;0
113503;11;7;7200411;2021;3;18;7;3;5;7;1;0;1;0;0;0;0;1
113502;11;5;5200633;2021;10;8;2;3;3;6;0;0;1;0;0;1;0;0
113501;11;4;4100102;2021;12;17;4;3;0;1;2;0;0;0;1;0;0;0
113500;11;1;1100310;2021;9;13;5;3;2;6;0;0;1;0;1;0;0;0
113498;11;9;9100101;2021;2;14;1;3;3;6;0;0;1;0;0;0;1;0
113494;11;3;3601451;2021;6;14;7;3;6;4;0;0;1;1;0;0;0;0
113490;11;7;7501030;2021;5;11;2;3;5;2;0;0;1;0;1;0;0;0
113489;11;4;4200308;2021;8;14;2;3;2;6;0;0;1;0;0;0;0;0
113485;11;4;4300621;2021;7;18;5;3;5;2;0;1;1;0;0;0;0;1
113483;11;1;1100310;2021;10;10;2;3;0;5;0;1;1;0;0;0;0;0
113482;11;3;3601449;2021;11;7;4;3;5;2;0;1;1;0;0;0;0;1
113480;11;12;12200414;2021;6;21;7;2;4;6;2;0;1;0;1;0;0;0
113477;11;9;9100101;2021;1;22;2;3;5;3;2;0;1;0;0;0;0;1
113474;11;6;6400737;2021;4;21;2;3;2;6;2;0;1;0;0;1;0;0
113473;11;3;3601142;2021;6;16;2;3;5;2;0;1;1;0;0;0;0;0
113471;11;7;7400927;2021;11;13;3;3;3;6;0;0;1;0;0;1;0;0
113469;11;12;12500824;2021;5;13;1;3;2;6;0;0;1;0;0;0;0;1
113468;11;3;3601451;2021;8;6;2;2;5;3;0;1;1;0;0;0;0;0
113467;11;7;7400825;2021;9;16;2;2;0;2;0;0;1;0;0;0;1;0
113463;11;12;12400723;2021;3;19;2;3;5;3;2;0;1;0;0;0;0;0
113460;11;2;2500835;2021;7;15;6;3;5;3;0;1;1;0;0;0;0;0
113458;11;11;11300722;2021;9;15;7;3;2;2;0;0;1;0;0;0;0;0
113457;11;2;2500729;2021;11;9;2;2;6;4;0;0;1;1;1;0;0;0
113456;11;7;7200411;2021;8;0;3;3;5;2;2;1;1;0;0;0;0;0
113451;11;5;5200634;2021;7;17;2;3;0;1;0;1;1;0;0;0;0;0
113450;11;10;10300733;2021;10;14;4;3;2;6;0;0;1;0;0;0;0;0
113449;11;4;4100101;2021;12;17;6;3;2;6;2;0;1;0;0;0;0;1
113448;11;3;3400620;2021;5;10;1;2;2;6;0;0;1;0;1;0;0;0
113445;11;1;1100310;2021;1;16;5;3;5;3;1;1;1;0;0;0;0;0
113441;11;6;6300527;2021;6;18;2;2;0;2;0;1;1;0;0;0;0;0
113437;11;4;4501151;2021;5;15;2;3;2;6;0;0;1;0;0;0;0;0
113436;11;1;1300836;2021;8;22;1;3;5;2;2;0;1;0;0;0;0;1
113434;11;7;7400824;2021;9;18;3;3;2;6;0;0;1;0;0;0;0;0
113433;11;7;7200308;2021;3;10;7;3;3;6;0;0;1;0;0;0;0;0
113429;11;10;10100208;2021;7;10;3;3;2;6;0;0;1;0;0;0;1;0
113427;11;3;3601142;2021;9;8;5;3;1;7;0;0;0;0;1;0;1;0
113426;11;12;12400618;2021;11;6;3;3;2;7;2;0;1;0;0;1;0;1
113425;11;1;1200624;2021;8;6;1;3;8;1;0;0;1;0;0;0;0;1
113422;11;2;2500834;2021;4;16;5;3;0;1;0;1;0;0;0;0;0;0
113419;11;12;12400619;2021;3;7;6;3;3;7;0;0;1;0;0;0;0;1
113418;11;1;1100310;2021;10;22;3;3;5;2;2;1;1;0;0;0;0;1
113417;11;4;4200311;2021;12;16;5;3;2;6;0;0;1;0;0;0;0;0
113416;11;12;12200411;2021;9;5;6;2;0;1;2;0;0;0;1;0;0;1
113414;11;7;7400928;2021;2;14;2;3;3;6;0;0;1;0;0;1;0;0
113410;11;3;3500936;2021;6;17;7;2;5;7;0;0;1;0;0;0;1;0
113407;11;1;1100310;2021;7;16;3;3;6;2;0;0;1;1;0;0;0;0
113406;11;7;7400822;2021;10;20;5;2;2;6;2;0;1;0;0;0;0;0
113405;11;9;9100101;2021;12;9;4;3;5;7;0;1;1;0;0;0;0;1
113404;11;7;7400824;2021;5;13;2;2;3;6;0;0;1;0;0;0;1;0
113401;11;2;2500726;2021;1;22;4;2;5;3;2;0;1;0;0;0;0;1
113397;11;3;3601451;2021;6;6;5;3;0;1;0;1;0;0;0;0;0;0
113393;11;4;4200310;2021;5;13;7;3;2;6;0;0;1;0;0;0;0;1
113392;11;7;7601236;2021;8;19;7;3;2;2;0;0;1;0;1;0;0;0
113390;11;2;2500727;2021;9;0;7;2;0;1;2;0;0;0;0;0;1;0
113388;11;4;4300414;2021;3;20;4;2;6;7;2;0;1;1;0;0;0;0
113385;11;7;7300619;2021;7;9;6;2;2;6;0;0;1;0;0;0;0;0
113383;11;4;4400830;2021;9;17;4;3;2;6;0;0;1;0;0;0;0;1
113382;11;2;2500727;2021;11;13;6;3;5;2;0;0;1;0;0;0;1;0
113381;11;12;12200310;2021;8;13;7;3;2;6;0;0;1;0;0;0;0;0
113378;11;3;3200205;2021;4;13;2;2;6;4;0;1;0;1;0;0;0;0
113375;11;10;10300733;2021;3;14;6;3;5;2;0;1;1;0;0;0;0;1
113374;11;1;1100310;2021;10;2;1;3;0;7;2;0;0;0;0;0;1;0
113373;11;3;3701657;2021;12;7;6;2;6;4;1;0;1;1;0;0;0;1
113371;11;7;6100209;2021;1;1;7;3;8;1;2;0;1;0;0;0;0;2
113367;11;4;4400725;2021;6;7;4;3;2;6;0;0;1;0;0;0;0;0
113363;11;2;2200207;2021;5;16;4;3;0;4;0;0;0;1;0;0;1;0
113362;11;1;12100101;2021;5;1;1;3;9;1;2;0;0;0;1;0;0;0
113361;11;7;7400825;2021;8;8;6;3;0;6;0;0;1;0;0;0;1;0
113354;11;2;2500727;2021;7;18;5;3;5;2;0;1;1;0;0;0;0;1
113352;11;9;9100101;2021;10;13;2;3;2;6;0;0;0;0;1;0;1;0
113351;11;1;1100310;2021;11;9;4;3;6;4;0;1;0;1;0;0;0;1
113350;11;7;7400825;2021;9;16;7;3;2;6;0;0;1;0;0;0;0;0
113348;11;7;7400721;2021;6;15;7;3;3;6;0;0;1;0;1;0;0;0
113346;11;10;10100206;2021;4;15;4;3;2;7;0;0;1;0;0;0;0;0
113343;11;3;3601141;2021;3;19;3;3;1;1;1;1;1;0;0;0;0;0
113342;11;1;1100102;2021;10;15;3;3;2;2;0;0;1;0;1;0;0;0
113341;11;3;3200206;2021;12;9;2;3;6;7;0;1;0;1;0;0;0;0
113340;11;10;10100312;2021;9;6;5;3;3;6;0;0;1;0;1;0;0;1
113337;11;7;7300619;2021;2;22;2;3;9;1;2;0;1;0;0;0;0;2
113334;11;4;4200311;2021;6;14;6;3;3;6;0;0;1;0;0;0;0;0
113331;11;1;1200624;2021;5;19;3;3;1;5;0;0;1;0;0;0;0;1
113330;11;1;1100310;2021;8;19;7;3;5;2;0;1;1;0;0;0;0;0
113326;11;3;3200204;2021;7;14;7;3;2;6;0;0;1;0;0;0;0;0
113324;11;10;10400941;2021;10;13;5;2;2;6;0;0;1;0;0;0;0;0
113323;11;7;7501135;2021;11;13;7;3;9;1;0;1;0;0;0;0;0;0
113321;11;3;3500936;2021;4;18;6;3;0;1;0;1;0;0;0;0;0;0
113318;11;7;7400825;2021;1;15;5;3;2;6;0;0;1;0;0;0;0;1
113315;11;2;2500727;2021;4;9;4;3;5;2;0;1;1;0;0;0;0;0
113314;11;7;7300619;2021;6;13;1;3;2;6;0;0;1;0;0;0;0;0
113311;11;4;4200311;2021;12;21;6;3;5;2;2;0;1;0;0;0;0;1
113310;11;4;4400727;2021;5;8;3;2;3;6;0;0;1;0;0;1;0;0
113309;11;12;12100205;2021;8;18;3;3;5;2;0;1;1;0;0;0;0;0
113307;11;3;3601449;2021;9;14;4;3;5;2;0;1;1;0;0;0;0;1
113304;11;2;2500727;2021;3;12;5;3;5;2;0;1;0;0;0;0;1;0
113301;11;2;2100101;2021;6;17;3;3;5;2;0;1;1;0;0;0;0;0
113299;11;3;3601142;2021;9;20;5;3;5;3;2;0;1;0;0;0;0;0
113298;11;12;12100204;2021;11;10;3;3;1;5;0;1;1;0;0;0;0;1
113297;11;2;2500833;2021;8;1;5;3;0;7;2;0;0;0;0;0;1;0
113292;11;3;3601142;2021;7;9;5;3;3;6;0;1;0;0;0;0;1;0
113291;11;1;1100310;2021;10;12;7;3;5;3;0;1;1;0;0;0;0;0
113290;11;6;6300629;2021;12;12;3;3;2;6;0;0;1;0;0;0;0;0
113287;11;7;4501153;2021;1;17;2;3;2;6;2;0;1;0;0;0;0;1
113283;11;6;6300527;2021;6;12;6;3;5;2;0;0;1;0;0;1;0;0
113279;11;3;3400829;2021;5;14;2;2;2;2;0;0;1;0;1;0;0;0
113278;11;7;7200411;2021;6;8;5;2;5;3;0;1;0;0;0;0;1;0
113277;11;4;4300414;2021;8;16;7;3;5;2;0;1;1;0;0;0;0;0
113274;11;1;1100104;2021;3;19;3;3;1;6;2;1;1;0;0;0;1;0
113270;11;4;4200311;2021;7;19;3;3;2;2;0;1;1;0;0;0;0;0
113268;11;3;3601142;2021;9;17;4;3;0;7;0;1;0;0;0;0;0;1
113267;11;4;4200206;2021;11;18;6;3;2;6;2;0;1;0;0;0;0;0
113266;11;7;7501030;2021;8;11;5;3;0;7;0;0;1;0;0;0;0;0
113263;11;1;1401049;2021;4;15;6;3;2;6;0;0;1;0;0;0;0;0
113260;11;7;7501133;2021;3;16;1;3;2;2;0;0;1;0;0;0;0;0
113259;11;3;3701660;2021;10;19;3;1;6;4;1;0;0;1;1;0;0;0
113258;11;7;7400822;2021;12;16;6;3;2;6;2;0;1;0;0;0;0;1
113257;11;4;4300621;2021;9;19;6;3;5;2;2;1;1;0;0;0;0;0
113255;11;1;1100207;2021;2;19;2;3;2;6;2;0;1;0;0;0;0;2
113251;11;4;4400726;2021;6;12;6;3;2;6;0;0;1;0;0;0;0;0
113246;11;7;7601547;2021;5;16;4;2;6;4;0;0;1;1;0;0;0;0
113245;11;6;6400735;2021;8;18;3;3;2;6;0;1;0;0;0;1;0;0
113241;11;7;7300619;2021;7;17;6;3;9;1;0;0;1;0;0;0;0;0
113238;11;4;4400726;2021;7;14;7;3;2;6;0;0;1;0;0;0;0;0
113236;11;1;1100102;2021;10;17;7;3;6;4;0;0;1;1;0;0;0;0
113235;11;11;11401032;2021;11;18;5;2;2;6;1;0;1;0;0;0;0;1
113233;11;4;7200308;2021;9;21;1;3;3;6;2;0;1;0;0;0;0;0
113230;11;3;3500936;2021;4;15;3;3;3;6;0;0;1;0;1;0;0;0
113227;11;6;6400735;2021;4;14;6;2;3;4;0;1;0;1;0;0;0;0
113226;11;10;10100103;2021;7;9;2;3;5;3;0;0;1;0;0;0;0;0
113224;11;1;1100104;2021;10;6;7;3;5;3;2;0;1;0;0;0;0;0
113223;11;7;7400823;2021;12;7;3;3;3;6;1;0;1;0;1;1;0;0
113222;11;2;2500729;2021;5;17;3;3;6;7;0;0;0;1;0;0;1;0
113221;11;1;1100311;2021;5;22;2;3;3;7;1;1;0;0;0;0;1;0
113220;11;4;4200310;2021;8;14;1;3;3;6;0;0;1;0;0;0;0;0
113219;11;3;3100103;2021;9;13;3;2;7;7;0;0;1;0;0;0;1;0
113216;11;3;3601142;2021;3;17;2;2;3;2;1;0;1;0;1;0;0;0
113213;11;7;7601442;2021;6;9;2;3;6;4;0;0;1;1;0;0;0;0
113211;11;12;12400723;2021;9;13;4;3;5;2;0;1;1;0;0;0;0;0
113210;11;1;1400940;2021;5;11;2;3;5;3;0;0;1;0;0;0;0;0
113209;11;7;7501133;2021;8;22;3;3;2;6;2;0;1;0;0;0;1;0
113205;11;5;5200528;2021;7;19;3;3;0;2;0;0;1;0;0;0;1;0
113203;11;3;3100103;2021;10;17;5;2;3;5;0;0;1;0;0;0;0;0
113202;11;7;7400721;2021;11;6;2;3;2;6;1;0;1;0;0;0;0;1
113200;11;10;10100206;2021;5;18;7;3;3;6;0;0;1;0;0;0;0;0
113198;11;7;7501133;2021;5;12;6;2;5;3;0;1;1;0;0;0;0;1
113197;11;2;2500728;2021;8;7;6;3;1;1;0;1;1;0;0;0;0;0
113193;11;4;4300621;2021;7;7;3;3;5;2;0;1;1;0;0;0;0;0
113189;11;2;2500727;2021;7;12;4;3;0;1;0;1;0;0;0;0;0;0
113187;11;1;1400940;2021;10;15;6;3;5;3;0;0;1;0;0;0;0;0
113186;11;7;7200308;2021;11;8;2;3;5;2;0;1;1;0;0;0;0;1
113185;11;3;3701660;2021;9;17;6;2;0;2;0;1;1;0;0;0;0;0
113182;11;6;6300527;2021;4;15;2;3;5;2;0;0;1;0;0;0;0;0
113179;11;4;4501151;2021;4;14;3;2;2;6;0;0;1;0;0;0;0;0
113178;11;7;7501133;2021;10;12;6;3;2;6;0;0;1;0;0;0;0;0
113177;11;3;3400725;2021;12;14;6;3;2;6;0;0;1;0;0;0;1;0
113176;11;3;3601449;2021;7;9;7;3;0;7;0;1;0;0;0;0;0;0
113173;11;7;7400824;2021;2;10;4;3;3;6;0;1;0;0;0;0;1;0
113170;11;1;1100102;2021;6;13;1;3;0;6;0;1;0;0;0;0;1;0
113167;11;3;3400826;2021;4;13;6;3;2;6;0;0;1;0;1;0;0;0
113166;11;2;2400625;2021;8;13;4;3;1;5;0;1;1;0;0;0;0;0
113162;11;7;7200308;2021;7;14;3;3;2;2;0;0;1;0;0;0;0;0
113160;11;12;12100103;2021;10;22;3;3;2;6;2;0;1;0;0;0;0;0
113159;11;3;3200206;2021;11;20;1;3;6;4;2;0;1;1;0;0;0;1
113157;11;7;7601236;2021;5;20;1;3;5;2;2;1;1;0;0;0;0;1
113154;11;4;4400727;2021;1;18;5;3;3;6;2;0;1;0;0;0;0;0
113151;11;4;4400725;2021;4;18;1;3;2;6;0;0;1;0;0;0;0;0
113150;11;7;7501030;2021;6;10;4;3;5;2;0;0;1;0;1;0;0;0
113147;11;1;1100310;2021;12;0;2;3;5;2;2;0;1;0;0;0;1;0
113146;11;9;9100101;2021;5;6;3;3;3;6;0;1;0;0;0;0;1;0
113145;11;6;6300527;2021;8;23;6;2;5;3;2;0;1;0;0;0;0;1
113143;11;6;6400737;2021;9;12;1;3;3;7;0;0;1;0;1;0;0;0
113141;11;4;4200311;2021;3;8;4;3;2;6;0;0;1;0;0;1;0;0
113138;11;4;4200206;2021;6;17;4;3;2;6;0;0;1;0;0;0;0;1
113136;11;4;4400727;2021;9;14;7;3;2;6;0;0;1;0;0;0;0;0
113135;11;1;1100310;2021;11;17;4;3;0;7;0;1;0;0;0;0;0;0
113134;11;3;3601451;2021;8;14;3;2;5;2;0;1;0;0;0;0;1;0
113129;11;2;2500729;2021;7;6;6;3;0;7;0;1;0;0;0;0;0;0
113128;11;5;5400943;2021;10;16;3;3;8;1;0;0;1;0;0;0;0;0
113127;11;4;4200310;2021;12;0;3;2;6;7;2;0;1;1;0;0;0;0
113124;11;7;7300619;2021;1;14;6;3;2;6;0;0;1;0;0;0;0;1
113120;11;6;6100101;2021;6;13;4;3;2;6;0;0;1;0;0;0;0;0
113116;11;7;7200308;2021;5;18;1;3;5;2;0;1;1;0;0;0;0;0
113115;11;1;1401044;2021;6;9;5;3;6;2;0;0;1;1;0;0;0;0
113114;11;5;5200528;2021;8;13;5;2;3;6;0;0;1;0;1;0;0;0
113108;11;9;9100202;2021;7;12;7;3;3;6;0;0;1;0;1;0;0;0
113106;11;3;3601451;2021;10;10;7;3;5;2;0;0;1;0;1;0;0;0
113105;11;7;7300619;2021;11;7;4;3;2;6;1;0;1;0;0;0;1;1
113104;11;4;4200207;2021;9;15;1;3;2;6;0;0;1;0;0;0;0;0
113101;11;3;3601449;2021;4;22;5;3;5;3;2;0;1;0;0;0;0;1
113098;11;12;12500930;2021;3;8;6;3;2;6;0;0;1;0;0;0;1;1
113097;11;4;4400830;2021;10;16;5;3;2;6;0;0;1;0;0;0;0;1
113096;11;7;7501133;2021;12;18;1;3;5;2;2;1;1;0;0;0;0;1
113095;11;1;1400940;2021;9;18;2;2;5;2;0;1;1;0;0;0;0;0
113093;11;7;7501133;2021;2;18;3;3;5;3;2;0;1;0;0;0;0;1
113089;11;2;2200207;2021;6;18;4;2;5;3;0;1;1;0;0;0;0;0
113084;11;2;2400521;2021;5;18;1;2;6;4;0;1;0;1;0;0;0;0