OBJECTID;LAND;BEZ;LOR_ab_2021;UJAHR;UMONAT;USTUNDE;UWOCHENTAG;UKATEGORIE;UART;UTYP1;ULICHTVERH;IstRad;IstPKW;IstFuss;IstKrad;IstGkfz;IstSonstige;USTRZUSTAND
113083;11;3;3601139;2021;8;19;1;2;0;6;0;1;0;0;0;0;0;0
113079;11;7;7300619;2021;7;18;5;3;2;6;0;0;1;0;0;0;0;0
113076;11;1;1100310;2021;7;11;2;3;0;4;0;0;0;1;0;0;1;0
113074;11;7;7200308;2021;10;22;5;3;6;2;2;0;1;1;0;0;0;0
113073;11;3;3601449;2021;11;6;6;3;5;2;2;1;1;0;0;0;0;0
113071;11;7;7300619;2021;9;15;6;3;2;6;0;0;1;0;0;0;0;1
113068;11;12;12100101;2021;4;14;3;3;1;5;0;1;1;0;0;0;0;0
113065;11;12;12100103;2021;4;10;7;3;2;6;0;0;1;0;0;0;0;0
113064;11;1;1100207;2021;7;16;4;3;0;1;0;0;1;0;0;0;0;0
113062;11;4;4200308;2021;10;6;3;3;0;6;2;0;1;0;0;0;0;0
113061;11;7;7601442;2021;12;18;1;2;1;5;2;0;1;0;0;0;0;1
113060;11;12;12100204;2021;8;13;5;3;0;2;0;1;1;1;0;0;0;0
113059;11;1;1100102;2021;9;13;3;3;2;6;0;0;1;0;0;0;0;0
113055;11;2;2500726;2021;2;15;6;3;3;6;0;0;1;0;0;0;0;0
113052;11;7;7400825;2021;6;17;2;3;2;6;0;0;1;0;0;0;1;0
113050;11;3;3701660;2021;9;11;1;3;5;3;0;1;1;0;0;0;0;0
113049;11;9;9100101;2021;8;13;2;3;0;2;0;1;0;0;0;1;0;0
113046;11;4;4300622;2021;7;15;7;3;5;3;0;0;1;0;0;0;1;0
113044;11;10;10100206;2021;10;21;3;3;5;2;2;0;1;0;0;0;0;0
113043;11;4;4200206;2021;12;11;1;3;2;6;0;0;1;0;0;0;0;1
113042;11;3;3701657;2021;5;17;6;3;0;2;0;0;1;0;0;0;1;1
113038;11;6;6400737;2021;1;22;5;2;2;6;2;0;1;0;0;0;0;1
113034;11;1;1100310;2021;6;17;3;3;5;3;0;1;0;0;0;0;0;0
113031;11;4;4200206;2021;12;11;4;3;2;6;0;0;1;0;1;0;0;1
113030;11;7;7400825;2021;6;9;4;3;0;6;0;0;1;0;0;0;1;0
113029;11;1;1100102;2021;8;21;1;3;5;3;2;0;1;0;0;0;0;0
113027;11;3;3400620;2021;9;10;4;3;0;1;0;0;1;0;0;0;0;0
113025;11;10;10300733;2021;3;17;7;3;5;2;1;1;1;0;0;0;0;0
113022;11;11;11300725;2021;6;0;3;3;0;2;2;1;0;0;0;0;1;0
113020;11;10;10100312;2021;9;11;3;3;0;5;0;0;0;0;1;0;1;1
113019;11;12;12100205;2021;11;9;2;3;2;6;0;0;1;0;0;0;0;1
113018;11;9;9100203;2021;8;8;2;3;3;6;0;0;1;0;0;0;0;0
113013;11;4;4200308;2021;10;14;7;3;2;6;0;0;1;0;0;0;0;0
113012;11;9;9100306;2021;12;9;2;3;2;6;0;0;1;0;0;1;0;1
113009;11;10;10100206;2021;1;10;6;3;2;6;0;0;1;0;0;0;1;0
113005;11;10;10100311;2021;6;14;7;3;0;1;0;0;0;0;1;0;0;1
113001;11;3;3200204;2021;5;16;4;3;2;6;0;0;1;0;1;0;0;0
113000;11;6;6100209;2021;8;9;6;3;2;6;0;0;1;0;0;0;0;0
112994;11;6;6400737;2021;1;4;6;3;2;6;2;0;0;0;0;0;1;1
112990;11;1;1100310;2021;6;22;7;3;0;1;2;0;0;0;0;0;1;0
112986;11;4;4400830;2021;5;11;6;3;2;6;0;0;1;0;0;0;1;1
112985;11;7;7601442;2021;6;13;4;3;5;7;0;1;0;0;0;0;1;0
112984;11;3;3601139;2021;8;18;7;3;5;2;0;1;1;0;0;0;0;0
112982;11;7;7400927;2021;9;7;3;3;3;6;0;0;1;0;0;0;1;0
112980;11;3;3500936;2021;3;10;7;3;2;6;0;0;1;0;0;0;0;0
112977;11;7;7200308;2021;6;16;4;3;6;4;0;0;0;1;0;0;1;1
112975;11;12;12400723;2021;9;11;5;3;5;3;0;0;1;0;0;0;0;0
112974;11;4;4200206;2021;11;18;2;3;2;6;2;0;1;0;0;0;0;0
112973;11;3;3400620;2021;8;15;3;2;5;7;0;0;1;0;0;0;1;0
112969;11;4;4100101;2021;7;13;6;3;2;6;0;0;1;0;0;0;0;0
112968;11;2;2500727;2021;10;8;6;3;0;7;0;1;0;0;0;0;0;1
112967;11;7;7501133;2021;12;16;2;3;2;6;2;0;1;0;0;0;0;0
112964;11;12;12100103;2021;1;11;3;3;2;6;0;0;1;0;0;0;0;1
112960;11;2;2200208;2021;6;17;7;3;3;6;0;0;1;0;0;0;0;0
112956;11;9;9100203;2021;5;9;2;3;5;3;0;1;1;0;0;0;0;0
112955;11;2;2500727;2021;6;19;5;2;3;6;0;1;0;0;0;0;1;0
112954;11;9;9100101;2021;8;11;4;3;5;2;0;1;1;0;0;0;0;0
112947;11;11;11401032;2021;7;12;3;3;2;6;0;0;1;0;0;0;0;0
112945;11;3;3701660;2021;10;11;7;3;6;4;0;1;0;1;0;0;0;0
112944;11;1;1100310;2021;11;1;3;2;0;1;2;0;0;0;0;0;1;0
112943;11;4;4300622;2021;9;8;2;3;5;2;0;1;1;0;0;0;0;0
112940;11;9;9100305;2021;4;11;4;3;6;4;0;0;1;1;0;0;0;0
112937;11;9;9100407;2021;3;10;6;3;3;6;0;0;1;0;0;1;0;0
112936;11;10;10300733;2021;10;3;1;2;3;6;2;1;1;0;0;0;0;0
112935;11;7;7601236;2021;12;8;5;3;4;6;0;0;1;0;0;0;0;0
112934;11;12;12100101;2021;9;6;5;3;5;2;1;1;1;0;0;0;0;1
112932;11;5;5200634;2021;2;15;3;3;3;6;0;0;1;0;0;1;0;2
112928;11;1;1100205;2021;6;9;6;3;4;6;0;1;0;0;0;0;0;0
112924;11;2;2200209;2021;5;14;4;3;5;3;0;1;1;0;0;0;0;0
112923;11;4;4300622;2021;8;18;2;3;5;2;0;1;1;0;0;0;0;0
112918;11;1;1100207;2021;7;18;5;2;0;1;0;1;0;0;0;0;0;1
112916;11;4;4501151;2021;10;16;6;3;2;6;0;0;1;0;0;0;1;0
112915;11;2;2500833;2021;11;17;4;3;2;3;2;0;1;0;0;0;0;0
112913;11;3;3200205;2021;9;15;6;3;5;2;0;1;1;0;0;0;0;1
112910;11;10;10400940;2021;4;16;5;2;5;3;0;1;1;0;0;0;0;0
112907;11;6;6400735;2021;4;15;3;3;5;2;0;1;1;0;0;0;0;1
112906;11;7;7601442;2021;6;6;4;3;1;5;0;0;1;0;1;0;0;0
112904;11;4;4501148;2021;11;17;5;3;2;6;2;0;1;0;0;0;0;1
112902;11;4;4200308;2021;5;11;2;3;3;6;0;0;1;0;0;1;0;0
112901;11;10;10400837;2021;8;10;1;3;2;6;0;0;1;0;0;0;0;0
112900;11;3;3400723;2021;9;14;4;3;3;6;0;0;0;0;1;0;1;0
112896;11;7;7601544;2021;2;10;1;3;5;7;0;0;1;0;0;0;0;0
112893;11;10;10400940;2021;6;13;5;3;2;6;0;0;1;0;0;0;0;0
112891;11;4;4200311;2021;9;13;6;2;3;6;0;0;1;0;1;0;0;0
112890;11;3;3601451;2021;10;19;1;3;0;6;2;0;1;0;1;0;0;0
112889;11;3;3601348;2021;8;18;7;3;5;2;0;1;1;0;0;0;0;0
112885;11;4;4200206;2021;7;15;3;3;2;6;0;0;1;0;0;0;0;0
112884;11;7;7200410;2021;10;14;2;2;1;5;0;1;0;0;0;0;1;0
112883;11;2;2500728;2021;12;10;4;3;0;7;0;1;0;0;0;0;0;0
112882;11;7;7501030;2021;5;8;7;3;6;4;0;0;1;1;0;0;0;0
112879;11;8;8200622;2021;1;17;2;3;3;6;2;0;1;0;0;0;0;1
112875;11;7;7200411;2021;6;12;7;3;2;6;0;0;1;0;0;0;0;1
112871;11;12;12500927;2021;5;18;6;3;3;6;0;1;1;0;0;0;0;1
112870;11;4;4300414;2021;6;17;5;3;5;2;0;0;1;0;1;0;0;0
112869;11;7;7601236;2021;8;19;6;3;1;1;0;0;1;0;0;0;0;0
112867;11;2;2500726;2021;9;16;2;3;0;7;0;1;0;0;0;0;0;0
112865;11;2;2200209;2021;3;9;6;3;3;6;0;0;1;0;0;1;0;0
112862;11;2;2500727;2021;6;18;4;3;2;6;0;0;1;0;0;0;0;1
112860;11;4;4501151;2021;9;15;2;3;2;6;0;0;1;0;0;0;0;0
112859;11;3;3400723;2021;11;14;5;3;1;5;0;0;1;0;0;0;1;0
112858;11;2;2200208;2021;9;12;4;3;5;2;0;1;1;0;0;0;0;0
112855;11;7;7501133;2021;4;20;2;3;5;2;1;1;1;0;0;0;0;0
112852;11;12;12601032;2021;10;16;3;3;2;6;0;0;1;0;0;0;1;0
112851;11;4;4300621;2021;12;18;6;3;2;7;2;0;1;0;0;0;1;1
112848;11;9;9100202;2021;2;22;3;1;8;1;2;0;1;0;0;0;0;1
112844;11;3;3601347;2021;6;20;3;3;2;2;0;0;1;0;1;0;0;0
112840;11;10;10400940;2021;5;12;6;3;2;6;0;0;1;0;0;0;0;0
112839;11;12;12400721;2021;8;17;4;3;5;3;0;1;1;0;0;0;0;0
112832;11;5;5200633;2021;7;9;7;2;5;3;0;0;1;0;0;0;0;0
112830;11;3;3400831;2021;10;16;6;3;5;7;0;1;1;0;0;0;0;0
112829;11;9;9100203;2021;11;21;5;3;6;7;2;0;1;1;0;0;0;1
112828;11;12;12500927;2021;9;15;5;3;2;6;0;0;1;0;0;0;0;0
112825;11;7;7501030;2021;4;17;5;3;3;6;0;0;1;0;0;0;0;0
112822;11;12;12601032;2021;3;13;3;3;3;6;0;0;1;0;1;0;0;0
112821;11;1;1100310;2021;10;22;2;2;3;6;2;1;1;0;0;0;0;0
112820;11;7;7501133;2021;12;10;4;3;3;6;0;0;1;0;0;0;1;1
112819;11;7;7400720;2021;5;15;2;3;6;4;0;0;1;1;0;0;0;0
112818;11;5;5200528;2021;9;15;5;1;5;2;0;0;1;0;1;0;0;0
112816;11;2;2500728;2021;2;11;5;3;2;6;0;0;1;0;1;0;0;1
112813;11;7;7400721;2021;6;9;1;3;5;2;0;1;0;0;1;0;0;0
112810;11;4;4400726;2021;5;11;5;3;2;3;0;0;1;0;0;1;0;0
112809;11;7;7501135;2021;8;15;7;3;2;6;0;0;1;0;1;0;0;0
112805;11;11;11300725;2021;7;16;5;3;5;2;0;0;1;0;1;0;0;1
112803;11;12;12400723;2021;10;15;5;3;5;2;0;0;1;0;1;0;0;0
112802;11;4;4400727;2021;11;17;5;3;2;6;1;0;1;0;0;1;0;0
112798;11;2;2400625;2021;1;6;1;3;8;1;2;1;0;0;0;0;0;0
112795;11;4;4200206;2021;4;13;7;3;2;6;0;0;1;0;0;0;0;0
112794;11;4;4200311;2021;6;13;1;3;5;5;0;1;1;0;0;0;0;0
112789;11;4;4200308;2021;7;20;7;3;3;6;1;0;1;0;0;1;0;0
112787;11;7;7300619;2021;10;7;3;2;2;6;1;0;1;0;0;0;0;1
112786;11;3;3601451;2021;11;9;6;3;2;6;0;0;1;0;0;0;0;0
112785;11;7;7501133;2021;9;16;6;3;2;7;0;0;1;0;0;0;0;0
112782;11;1;1100310;2021;4;20;5;3;5;2;1;1;1;0;0;0;0;1
112779;11;7;7400822;2021;3;14;5;3;2;6;0;0;1;0;0;0;0;1
112778;11;7;7200410;2021;10;18;3;3;0;5;2;0;1;0;0;0;0;1
112777;11;1;1100102;2021;12;16;1;3;5;3;1;0;1;0;0;0;0;1
112776;11;4;4100101;2021;9;14;3;3;0;1;0;0;1;0;0;0;0;0
112774;11;7;7601236;2021;2;12;2;3;4;1;0;0;1;0;0;0;1;2
112770;11;4;4100101;2021;6;16;5;3;2;6;0;0;1;0;0;0;1;0
112766;11;1;1100310;2021;5;18;4;3;0;2;0;1;1;0;0;0;0;0
112765;11;7;7601236;2021;8;17;4;3;5;3;0;0;1;0;1;0;0;0
112761;11;1;1100310;2021;7;13;5;3;5;3;0;1;0;0;0;0;1;0
112759;11;2;2400521;2021;10;19;5;3;5;3;2;0;1;0;1;0;0;0
112758;11;12;12100103;2021;11;16;1;3;5;7;2;0;1;0;0;0;0;0
112754;11;3;3601141;2021;4;14;5;3;1;5;0;0;1;0;0;0;0;1
112751;11;2;2500835;2021;3;10;4;3;5;3;0;0;1;0;0;1;0;0
112750;11;4;4300414;2021;6;15;4;3;6;4;0;0;1;1;0;0;0;0
112748;11;7;7501133;2021;11;16;6;3;5;2;1;0;1;0;0;0;1;1
112746;11;6;6300527;2021;5;14;4;2;2;6;0;0;0;0;1;1;0;0
112745;11;1;1100310;2021;8;6;1;3;5;2;0;0;1;0;0;0;0;0
112744;11;3;3200205;2021;9;15;4;3;5;3;0;0;1;0;0;0;0;0
112740;11;12;12400723;2021;2;14;5;3;2;6;0;0;1;0;0;0;0;0
112737;11;9;9200613;2021;6;16;7;3;2;6;0;0;1;0;0;0;0;0
112735;11;7;7400720;2021;9;5;1;2;1;6;2;0;1;0;0;0;0;0
112734;11;2;2400625;2021;11;0;7;3;6;4;2;0;0;1;0;0;1;1
112733;11;7;7501030;2021;8;18;3;3;2;6;0;0;1;0;0;0;0;0
112728;11;12;12500927;2021;7;19;2;3;3;6;0;0;1;0;0;0;0;0
112727;11;1;1300836;2021;10;15;6;3;5;2;0;0;1;0;0;0;0;1
112726;11;2;2500727;2021;11;17;3;3;5;2;2;1;1;0;0;0;0;1
112725;11;3;3601451;2021;5;19;2;3;5;3;0;1;1;0;0;0;0;0
112722;11;7;7300619;2021;1;15;3;3;2;2;1;0;1;0;0;0;0;1
112718;11;3;3601142;2021;6;23;1;3;5;2;2;0;1;0;1;0;0;0
112714;11;3;3701657;2021;5;16;6;2;2;6;0;0;0;0;1;0;1;1
112713;11;10;10300734;2021;6;16;5;3;2;6;0;0;1;0;1;0;0;0
112712;11;3;3400620;2021;8;18;1;2;5;3;0;0;1;0;0;0;0;0
112710;11;7;7501133;2021;9;14;6;3;2;3;0;1;1;0;0;0;0;1
112709;11;9;9200613;2021;3;13;6;2;2;2;0;0;1;0;0;1;0;0
112706;11;2;2500727;2021;7;20;3;3;0;1;0;1;0;0;0;0;0;0
112704;11;9;9100101;2021;9;0;4;3;5;2;2;1;0;0;0;0;1;0
112703;11;7;7501133;2021;11;9;5;3;2;2;0;0;1;0;0;0;1;0
112702;11;3;3601347;2021;8;16;2;3;2;6;0;0;1;0;0;0;1;1
112699;11;5;5400943;2021;4;12;2;3;5;3;0;1;1;0;0;0;0;0
112696;11;7;7601547;2021;3;10;7;3;3;6;0;0;1;0;0;0;0;1
112695;11;1;1100102;2021;10;4;1;3;0;7;2;1;0;0;0;0;1;0
112694;11;7;7100205;2021;12;21;3;3;3;6;2;1;1;0;0;0;0;1
112693;11;1;1100104;2021;9;20;6;3;2;2;2;0;1;0;0;0;0;0
112691;11;8;8200622;2021;2;12;4;3;0;7;0;0;0;0;0;0;1;1
112687;11;2;2400521;2021;6;9;5;3;0;1;0;1;0;0;0;0;0;0
112683;11;2;2500728;2021;5;12;5;1;3;5;0;1;0;0;0;1;1;0
112682;11;7;7501133;2021;8;6;4;3;1;5;0;0;1;0;0;0;1;0
112678;11;1;1100102;2021;7;17;6;2;6;4;0;0;1;1;0;0;0;0
112674;11;3;3701660;2021;7;12;6;3;0;1;0;1;0;0;0;0;0;0
112672;11;7;7501030;2021;10;19;3;3;3;6;2;0;1;0;0;0;1;1
112671;11;3;3500936;2021;11;20;3;3;3;6;2;0;1;0;0;0;0;1
112670;11;6;6400737;2021;9;18;5;2;8;1;0;0;1;0;0;0;0;0
112667;11;4;4200206;2021;4;15;7;3;5;2;0;1;0;0;0;0;0;0
112664;11;3;3601449;2021;4;15;6;2;5;2;0;0;1;0;0;0;0;0
112663;11;7;7400720;2021;10;20;3;3;2;6;2;0;1;0;0;0;0;0
112662;11;4;4400725;2021;12;7;6;3;3;6;2;0;1;0;0;0;0;1
112661;11;4;4200308;2021;8;13;2;2;0;1;0;0;0;0;1;0;0;0
112658;11;7;7200308;2021;2;9;4;3;2;6;0;0;1;0;0;0;0;0
112655;11;1;1100207;2021;6;13;3;3;2;7;0;0;1;0;1;0;0;0
112652;11;1;1100207;2021;5;9;3;3;2;6;0;0;1;0;0;0;0;0
112651;11;4;4300621;2021;8;13;2;3;6;7;0;1;0;1;0;0;0;0
112647;11;2;2100101;2021;7;6;4;3;3;6;0;0;1;0;0;0;0;0
112645;11;3;3701657;2021;10;17;5;3;3;6;0;1;0;0;0;0;0;0
112644;11;4;4400725;2021;11;17;5;3;3;6;2;0;1;0;0;1;0;1
112642;11;4;4200206;2021;5;15;1;3;2;6;0;0;1;0;0;0;0;1
112639;11;2;2200208;2021;1;12;4;3;3;6;0;0;1;0;0;1;0;0
112636;11;7;7501133;2021;4;1;1;3;5;2;2;0;1;0;0;0;0;1
112635;11;10;10400941;2021;6;17;4;3;5;2;0;1;1;0;0;0;0;0
112631;11;12;12100101;2021;5;11;3;3;2;6;0;0;1;0;0;0;0;0
112630;11;8;8100521;2021;8;14;6;3;2;6;0;0;1;0;0;0;0;0
112628;11;7;7400824;2021;9;16;6;3;0;1;0;0;1;0;0;0;0;1
112626;11;7;7501030;2021;3;12;4;2;6;7;0;0;0;1;0;0;1;0
112623;11;3;3601139;2021;7;20;6;2;0;2;0;1;1;0;0;0;0;0
112621;11;3;3100103;2021;9;14;4;3;3;6;0;0;1;0;0;1;0;0
112620;11;6;6400737;2021;11;8;2;3;5;3;0;0;1;0;0;0;0;0
112619;11;1;1100310;2021;8;1;1;3;2;6;2;1;1;0;0;0;0;0
112614;11;1;1100104;2021;7;14;7;3;5;2;0;1;1;0;0;0;0;0
112613;11;2;2100101;2021;10;19;4;3;5;2;2;1;1;0;0;0;0;0
112612;11;7;7200308;2021;12;8;6;3;0;1;1;0;0;0;1;0;0;1
112609;11;7;7601544;2021;1;11;3;3;5;2;0;0;1;0;0;0;0;0
112605;11;7;7400822;2021;6;16;6;3;2;6;0;0;1;0;0;1;0;0
112601;11;1;1100102;2021;5;10;3;3;5;3;0;0;1;0;0;0;1;0
112600;11;12;12500930;2021;6;12;6;3;2;6;0;0;1;0;0;0;0;0
112599;11;4;4400830;2021;8;14;4;3;2;6;0;0;1;0;0;0;0;0
112593;11;9;9100101;2021;7;6;2;2;2;2;0;1;0;0;0;1;0;0
112591;11;1;1300836;2021;10;12;6;1;5;2;0;1;0;0;0;1;0;0
112590;11;4;4200311;2021;11;7;5;3;3;6;0;0;1;0;0;1;0;0
112589;11;10;10100312;2021;12;17;4;2;6;4;2;0;1;1;0;0;0;1
112588;11;12;12100205;2021;5;15;1;3;5;3;0;0;1;0;0;0;0;0
112587;11;3;3601449;2021;8;16;3;3;5;2;0;1;1;0;0;0;0;0
112586;11;3;3601142;2021;9;10;5;3;4;6;0;1;0;0;0;0;1;0
112582;11;1;1100310;2021;2;6;3;3;5;2;0;1;0;0;0;0;1;0
112579;11;6;6400735;2021;6;17;1;2;1;5;0;0;1;0;1;0;0;0
112577;11;3;3601451;2021;9;19;4;3;5;2;2;1;1;0;0;0;0;0
112576;11;2;2500727;2021;11;9;3;3;2;2;0;0;1;0;0;0;0;1
112575;11;6;6300629;2021;8;16;4;3;4;6;0;0;1;0;0;0;1;0
112570;11;7;7400824;2021;7;22;3;3;5;3;2;0;1;0;0;0;0;0
112569;11;1;1100310;2021;10;8;7;3;2;6;0;0;1;0;0;0;1;1
112568;11;3;3701660;2021;12;16;2;3;5;2;2;1;1;0;0;0;0;0
112567;11;7;7501133;2021;5;11;2;3;5;2;0;1;0;0;0;0;1;0
112563;11;4;4400726;2021;1;11;5;3;5;3;0;0;1;0;0;0;0;0
112559;11;7;7400927;2021;6;6;5;3;2;6;0;0;1;0;0;0;0;0
112555;11;4;4200311;2021;5;20;2;3;3;6;2;0;1;0;0;1;0;1
112554;11;12;12200414;2021;8;15;6;3;3;6;0;0;1;0;0;0;0;0
112552;11;11;11300724;2021;9;5;4;2;3;6;2;0;1;0;1;0;0;0
112551;11;3;3701660;2021;3;16;3;3;5;2;0;0;0;0;1;0;1;0
112547;11;12;12601032;2021;7;15;6;3;2;1;0;0;1;0;0;0;0;1
112545;11;4;4300414;2021;9;10;3;3;0;1;0;0;0;0;1;0;0;1
112544;11;9;9200613;2021;11;17;4;3;4;6;2;1;0;0;0;0;0;0
112543;11;4;4400725;2021;8;16;6;3;2;6;0;0;1;0;0;0;0;0
112540;11;10;10300733;2021;4;12;4;3;2;6;0;0;1;0;0;0;0;0
112537;11;6;6400737;2021;3;14;4;3;3;6;0;0;1;0;0;0;1;0
112536;11;3;3601451;2021;10;18;4;3;5;2;2;1;0;0;0;0;1;0
112535;11;1;1100102;2021;12;20;7;3;2;2;2;0;1;0;0;0;0;0
112534;11;7;7501030;2021;9;21;6;3;0;6;2;0;1;0;0;0;1;0
112532;11;7;7400927;2021;2;9;4;3;2;6;0;0;1;0;0;0;0;1
112528;11;6;6300527;2021;6;8;5;3;5;2;0;0;1;0;0;1;0;0
112524;11;2;2400522;2021;5;17;1;3;2;6;0;0;1;0;0;0;0;1
112523;11;11;11300722;2021;5;15;6;3;5;3;0;1;1;0;0;0;0;1
112522;11;4;4200310;2021;8;7;6;3;2;6;0;1;0;0;0;0;0;0
112518;11;12;12100204;2021;7;15;3;3;1;5;0;0;1;0;0;0;0;0
112514;11;3;3601139;2021;7;17;7;3;0;1;0;1;0;0;0;0;0;0
112512;11;7;7601547;2021;10;7;2;3;6;4;0;0;1;1;0;0;0;0
112511;11;7;7400824;2021;11;19;2;3;0;6;2;0;1;0;0;0;1;0
112509;11;11;11300722;2021;9;16;6;3;5;2;0;0;1;0;1;0;0;0
112506;11;3;3701657;2021;4;11;2;3;2;2;0;0;1;0;0;0;0;0
112503;11;4;4300621;2021;3;11;3;3;5;3;0;1;1;0;0;0;0;0
112502;11;4;4400727;2021;7;14;5;3;6;7;0;0;1;0;0;0;1;0
112500;11;6;6400735;2021;10;14;7;3;6;7;0;1;0;1;0;0;0;0
112499;11;6;6300629;2021;12;19;7;3;0;6;2;0;1;0;1;0;0;2
112498;11;1;1100310;2021;8;19;4;3;2;6;0;1;1;0;0;0;0;0
112495;11;1;1400940;2021;3;15;3;3;5;3;0;1;0;0;1;0;0;0
112492;11;9;9100101;2021;6;16;2;3;4;6;0;1;0;0;0;0;0;0
112490;11;7;7601442;2021;9;14;5;3;5;3;0;0;1;0;0;0;0;0
112489;11;10;10400940;2021;5;16;3;3;5;3;0;1;1;0;0;0;0;0
112488;11;1;1100310;2021;8;16;3;3;1;5;0;0;1;0;1;0;0;0
112484;11;2;2400521;2021;7;9;3;3;2;3;0;1;0;0;0;0;0;0
112482;11;7;7501030;2021;10;14;4;3;5;2;0;1;1;0;0;0;0;0
112481;11;7;7400720;2021;11;8;2;3;5;2;0;1;1;0;0;0;0;1
112479;11;2;2500726;2021;5;14;7;3;0;1;0;0;1;0;1;0;0;0
112476;11;4;4200311;2021;1;14;3;3;2;6;0;0;1;0;0;0;1;0
112472;11;12;12200310;2021;4;17;1;3;3;6;0;0;1;0;0;1;0;0
112471;11;7;7601341;2021;6;11;4;3;2;6;0;0;1;0;0;0;1;0
112467;11;2;2500727;2021;5;15;5;3;5;3;0;0;1;0;0;0;0;1
112466;11;2;2500727;2021;8;17;6;2;5;2;0;1;0;0;0;0;1;1
112464;11;1;1100310;2021;9;19;3;3;2;6;1;0;1;0;0;0;0;0
112462;11;4;4300621;2021;3;18;3;3;6;4;2;1;0;1;0;0;0;0
112459;11;6;6400737;2021;6;2;1;3;1;5;2;0;1;0;0;0;1;0
112457;11;10;10400940;2021;9;13;2;3;0;1;0;1;0;0;0;0;0;0
112456;11;9;9100101;2021;11;14;4;3;6;4;0;0;0;1;1;0;0;0
112455;11;1;1100310;2021;8;7;3;3;0;2;0;1;0;0;0;0;1;1
112451;11;2;2500727;2021;7;13;7;2;5;2;0;0;1;0;0;0;0;0
112450;11;12;12400721;2021;10;8;3;3;5;3;0;1;1;0;0;0;0;1
112449;11;2;2500728;2021;12;21;4;2;6;2;2;0;1;1;0;0;0;0
112446;11;10;10100206;2021;1;4;3;3;5;3;2;0;1;0;0;0;1;2
112442;11;3;3601449;2021;6;1;1;3;0;1;2;0;0;0;0;0;1;0
112438;11;7;7300619;2021;5;10;4;3;2;6;0;0;1;0;0;0;0;0
112437;11;4;4200207;2021;8;16;7;3;0;7;0;0;1;0;0;0;1;0
112431;11;4;4300414;2021;7;15;7;3;6;4;0;1;0;1;0;0;0;0
112429;11;12;12601031;2021;10;7;7;3;9;1;0;0;1;0;0;0;0;0
112428;11;7;7501030;2021;11;16;5;3;6;4;0;0;1;1;0;0;0;1
112427;11;5;5200528;2021;9;15;7;3;2;6;0;0;1;0;0;0;0;0
112424;11;1;1100207;2021;4;13;5;3;5;7;0;0;0;0;1;0;0;0
112421;11;7;7400823;2021;3;14;4;3;2;7;0;0;1;0;0;0;0;0
112420;11;3;3601245;2021;10;10;6;3;0;6;0;0;1;0;0;0;1;0
112419;11;6;6400735;2021;12;17;1;3;5;2;2;1;1;0;0;0;0;1
112418;11;10;10300733;2021;9;7;3;3;2;6;0;0;1;0;0;0;1;0
112416;11;11;11300724;2021;2;14;7;3;2;6;0;0;1;0;0;0;0;2
112412;11;3;3400725;2021;6;17;6;3;2;6;0;0;1;0;0;0;0;0
112407;11;4;4400726;2021;5;18;2;2;2;6;0;0;1;0;0;0;0;0
112406;11;6;6400735;2021;8;15;7;2;4;6;0;0;1;0;0;0;0;0
112402;11;2;2500727;2021;7;17;3;2;8;1;0;1;0;0;0;0;0;0
112399;11;10;10100210;2021;7;8;2;3;0;6;0;1;1;0;0;0;0;0
112397;11;3;3400724;2021;10;14;3;3;2;6;0;0;1;0;0;0;1;1
112396;11;1;1100104;2021;11;15;4;2;6;2;0;0;0;1;0;1;0;0
112394;11;4;4200207;2021;9;16;2;3;2;6;0;0;1;0;0;0;0;0
112391;11;2;2500729;2021;4;9;3;3;5;2;0;0;1;0;0;0;1;0
112388;11;3;3601449;2021;4;20;7;2;5;2;2;0;1;0;0;0;0;0
112387;11;9;9100101;2021;7;15;2;3;2;6;0;0;1;0;1;0;0;0
112385;11;1;1100205;2021;10;19;3;3;5;2;2;1;1;0;0;0;0;0
112384;11;7;7501133;2021;12;17;3;3;5;7;2;0;1;0;0;0;1;0
112383;11;9;9100409;2021;8;19;5;2;0;6;0;0;1;0;0;0;0;0
112382;11;4;4300621;2021;9;19;4;2;5;7;1;0;1;0;1;0;0;0
112381;11;1;1100104;2021;8;1;2;3;5;3;2;0;1;0;0;0;1;1
112378;11;4;4501151;2021;4;17;3;3;2;6;0;0;1;0;0;0;0;0
112375;11;1;1100310;2021;3;16;4;2;2;2;0;1;1;0;0;0;0;0
112374;11;3;3601451;2021;10;7;4;3;5;2;1;1;1;0;0;0;0;1
112373;11;7;7601442;2021;12;18;4;3;5;7;2;1;1;0;0;0;0;0
112372;11;12;12100204;2021;9;11;5;3;2;2;0;1;1;0;0;0;0;0
112370;11;9;9100203;2021;2;10;2;3;2;6;0;0;1;0;0;0;0;1
112366;11;1;1400940;2021;6;23;3;2;5;3;2;0;1;0;0;0;0;0
112361;11;3;3200206;2021;5;17;3;3;2;6;0;0;1;0;0;0;0;1
112360;11;11;11300725;2021;5;16;6;3;2;6;0;0;1;0;1;0;0;1
112359;11;2;2200208;2021;8;13;3;2;5;2;0;1;0;0;0;1;0;0
112355;11;3;3701657;2021;7;19;1;3;3;6;1;0;1;0;1;0;0;1