OBJECTID;LAND;BEZ;LOR_ab_2021;UJAHR;UMONAT;USTUNDE;UWOCHENTAG;UKATEGORIE;UART;UTYP1;ULICHTVERH;IstRad;IstPKW;IstFuss;IstKrad;IstGkfz;IstSonstige;USTRZUSTAND
112352;11;8;8200622;2021;7;17;7;2;3;6;0;0;1;0;1;0;0;0
112350;11;7;7400720;2021;10;15;6;3;6;7;0;0;0;1;0;1;0;0
112349;11;3;3400723;2021;11;7;5;3;6;4;0;0;0;1;0;0;1;0
112347;11;9;9100306;2021;9;12;6;3;3;6;0;0;1;0;0;1;0;0
112344;11;7;7601341;2021;4;18;4;2;3;6;0;0;1;0;0;0;0;0
112341;11;12;12100204;2021;3;5;2;3;5;2;2;1;1;0;0;0;0;0
112340;11;4;4300621;2021;7;9;6;3;5;2;0;1;1;0;0;0;0;0
112338;11;1;1200624;2021;10;19;5;3;0;2;0;1;1;0;0;0;0;0
112337;11;9;9100409;2021;12;9;4;2;8;1;0;0;0;0;0;1;0;0
112336;11;1;1100205;2021;8;14;4;3;4;6;0;1;0;0;0;0;1;0
112335;11;4;4300414;2021;9;20;5;3;5;3;2;0;1;0;0;0;1;0
112332;11;3;3701660;2021;2;23;6;3;1;5;2;1;1;0;0;0;0;0
112329;11;1;1100310;2021;6;16;3;3;3;7;0;1;1;0;0;0;0;0
112327;11;10;10100311;2021;9;16;5;3;5;3;0;1;1;0;0;0;0;0
112326;11;9;9100305;2021;8;14;6;3;2;7;0;0;1;0;0;0;0;0
112322;11;12;12100205;2021;7;17;4;3;5;2;0;1;0;0;0;0;1;0
112320;11;1;1100310;2021;10;10;7;3;2;6;0;0;1;0;0;1;0;0
112319;11;2;2400625;2021;11;23;3;3;6;4;2;1;0;1;0;0;0;0
112318;11;1;1400940;2021;5;6;2;3;5;3;0;0;1;0;1;0;0;1
112315;11;12;12500926;2021;1;19;6;3;5;3;2;0;1;0;1;0;0;1
112311;11;6;6400737;2021;6;10;1;3;2;6;0;0;1;0;0;0;0;0
112308;11;2;2500727;2021;12;20;1;3;5;2;2;0;1;0;0;0;0;2
112307;11;2;2100101;2021;8;10;6;3;2;6;0;0;1;0;0;0;0;0
112305;11;2;2500728;2021;9;18;3;3;3;6;0;1;0;0;0;0;1;0
112303;11;7;7400927;2021;3;7;5;3;0;7;0;0;1;0;0;0;0;0
112300;11;1;1401044;2021;6;19;1;3;5;2;0;1;1;0;0;0;0;0
112298;11;10;10400940;2021;9;16;5;3;0;2;0;1;0;0;0;0;1;0
112297;11;7;7501133;2021;11;8;2;3;5;3;0;0;1;0;1;0;0;0
112296;11;1;1200624;2021;8;21;1;2;5;3;2;0;1;0;0;0;0;1
112291;11;1;1100104;2021;7;10;5;3;5;2;0;1;1;0;0;0;0;0
112290;11;4;4300622;2021;10;9;3;3;6;7;0;1;0;1;0;0;0;1
112289;11;7;7300619;2021;12;11;6;3;2;1;0;0;1;0;0;0;0;1
112286;11;3;3200205;2021;1;16;5;2;0;7;1;1;0;0;0;0;0;1
112282;11;9;9100202;2021;6;14;2;3;5;3;0;1;1;0;0;0;0;0
112278;11;7;7300619;2021;5;12;3;3;5;3;0;0;1;0;0;0;0;0
112277;11;2;2500727;2021;8;17;4;3;3;6;0;1;0;0;1;0;0;0
112270;11;12;12601032;2021;7;8;4;3;5;2;0;1;0;0;0;0;1;1
112268;11;4;4300414;2021;10;15;2;3;5;2;0;0;1;0;0;0;0;0
112267;11;3;3601142;2021;11;7;2;2;0;1;0;1;0;0;0;0;0;1
112266;11;12;12100204;2021;9;17;4;3;5;2;0;1;1;0;0;0;0;0
112263;11;1;1100310;2021;4;9;2;3;3;6;0;1;0;0;0;0;1;1
112260;11;3;3601142;2021;3;17;3;3;2;6;1;0;1;0;0;0;0;0
112259;11;1;1100102;2021;10;14;5;3;5;2;0;0;1;0;0;0;1;0
112258;11;10;10100312;2021;12;18;5;3;9;1;2;0;1;0;0;0;0;2
112257;11;1;1100310;2021;9;11;7;3;5;2;0;1;0;0;0;0;1;0
112255;11;10;10300733;2021;2;17;5;3;1;5;2;0;1;0;0;0;0;0
112251;11;2;2500833;2021;6;3;7;3;0;1;2;0;0;0;0;0;1;0
112247;11;10;10400941;2021;5;17;4;3;5;3;0;1;1;0;0;0;0;0
112246;11;4;4300621;2021;8;12;2;3;5;2;0;1;1;0;0;0;0;0
112241;11;7;7400823;2021;7;12;2;3;2;6;0;0;1;0;0;0;0;0
112239;11;7;7501133;2021;10;13;1;2;2;6;0;0;1;0;0;0;0;0
112238;11;7;7400822;2021;11;17;4;3;2;1;1;0;1;0;0;0;0;1
112236;11;4;4300415;2021;9;10;3;3;3;6;0;0;1;0;1;0;0;0
112233;11;1;1100102;2021;4;12;3;3;2;6;0;0;1;0;0;0;1;0
112230;11;10;10100206;2021;4;13;4;3;5;2;0;0;1;0;0;0;0;0
112229;11;4;4300414;2021;6;12;2;3;6;4;0;1;0;1;0;0;0;0
112227;11;4;4200206;2021;10;18;1;3;0;1;2;0;0;0;1;0;0;0
112225;11;3;3400620;2021;6;15;3;3;5;2;0;1;1;0;0;0;0;0
112224;11;2;2500726;2021;8;10;3;3;2;6;0;0;1;0;1;0;0;0
112223;11;9;9100203;2021;9;6;4;3;5;3;0;1;1;0;0;0;0;0
112219;11;6;6400736;2021;2;11;3;2;2;6;0;0;1;0;0;0;0;0
112216;11;4;4501153;2021;6;8;5;3;2;6;0;0;1;0;0;0;0;1
112214;11;7;7200411;2021;9;13;4;2;2;6;0;0;0;0;1;0;1;0
112213;11;2;2500727;2021;10;10;1;3;5;2;0;0;1;0;0;0;0;0
112212;11;2;2500727;2021;8;15;4;3;5;3;0;1;0;0;0;0;0;0
112207;11;1;1300836;2021;7;17;1;3;0;1;0;0;0;0;1;0;0;0
112206;11;7;7501030;2021;10;15;5;3;6;4;0;0;1;1;0;0;0;1
112205;11;3;3200206;2021;12;21;1;2;9;1;2;0;1;0;0;0;0;1
112204;11;10;10300733;2021;5;13;2;3;2;6;0;0;1;0;1;0;0;0
112201;11;2;2100101;2021;1;13;3;3;2;6;0;0;1;0;0;0;1;1
112197;11;7;7501133;2021;6;11;5;3;5;2;0;1;0;0;0;0;1;0
112193;11;6;6400737;2021;5;10;7;3;2;6;0;0;1;0;0;0;0;0
112192;11;10;10100312;2021;6;6;5;2;5;2;0;0;0;0;1;0;1;0
112191;11;2;2500727;2021;8;8;5;3;5;2;0;0;1;0;0;0;0;0
112189;11;4;4400830;2021;9;14;3;3;2;6;0;0;1;0;0;0;0;0
112187;11;7;7400928;2021;3;15;1;3;2;6;0;0;1;0;0;0;0;0
112184;11;10;10400940;2021;7;20;6;3;5;3;0;1;1;0;0;0;0;0
112182;11;9;9100101;2021;9;19;4;3;5;2;2;1;1;0;0;0;0;1
112181;11;5;5200528;2021;11;17;6;2;4;6;1;0;1;0;0;0;0;0
112180;11;2;2200208;2021;8;10;3;2;3;6;0;1;0;0;0;0;0;0
112177;11;4;4300414;2021;4;17;1;3;6;2;0;0;1;1;0;0;0;0
112174;11;4;4300414;2021;3;16;4;3;6;2;0;0;1;1;0;0;0;1
111541;11;4;4400726;2021;1;1;6;3;9;1;2;0;1;0;0;0;0;0
110370;11;3;2400520;2021;1;20;1;3;3;6;2;0;1;0;0;0;0;1
109998;11;7;7300619;2021;1;14;7;3;2;6;0;0;1;0;0;0;0;1
109753;11;12;12400723;2021;1;14;2;3;5;3;0;0;1;0;0;0;1;1
3187;11;8;8100521;2020;1;11;4;2;3;6;0;0;1;0;0;1;0;1
3198;11;4;4400727;2020;1;2;3;2;9;1;2;0;0;0;0;1;0;1
3215;11;4;4400830;2020;1;7;1;3;0;1;1;0;0;0;0;0;1;1
3224;11;2;2400521;2020;1;22;6;2;1;5;2;0;1;0;0;0;0;0
3241;11;4;4400727;2020;1;17;1;3;0;1;2;0;0;0;1;0;0;1
3252;11;7;4501153;2020;1;14;6;3;2;6;0;0;1;0;0;0;0;0
3274;11;7;7100205;2020;1;13;2;3;0;4;0;0;0;1;0;0;1;0
3290;11;7;7400721;2020;1;15;7;2;1;1;0;0;1;0;0;0;0;0
3299;11;3;3200206;2020;1;13;5;3;2;6;0;0;1;0;0;0;0;0
3303;11;1;1400940;2020;1;9;1;3;5;3;0;0;1;0;0;0;0;0
3317;11;9;9100101;2020;2;12;7;3;2;2;0;0;0;0;1;0;1;1
3319;11;4;4501151;2020;1;17;5;3;2;1;2;0;1;0;0;0;0;0
3331;11;4;4300414;2020;1;11;5;3;0;1;0;1;0;0;0;0;0;0
3355;11;4;4400726;2020;1;15;2;3;5;3;0;0;1;0;0;1;0;0
3359;11;1;1100102;2020;1;15;5;3;5;2;0;0;1;0;0;0;0;1
3375;11;2;2400522;2020;1;18;4;3;3;6;1;1;0;0;0;0;0;0
3379;11;12;12200414;2020;1;14;5;2;3;7;0;0;1;0;0;1;0;1
3391;11;1;1100310;2020;1;10;6;3;5;2;0;0;1;0;0;0;0;0
3407;11;2;2500835;2020;1;21;4;3;6;7;2;1;0;1;0;0;0;0
3435;11;5;5200634;2020;1;15;4;3;2;6;0;0;1;0;0;0;1;1
3446;11;3;3601452;2020;1;7;3;3;0;7;0;0;1;0;0;0;1;1
3468;11;6;6400735;2020;1;11;4;3;5;2;0;0;1;0;0;0;0;0
3483;11;7;7601236;2020;1;9;3;2;6;2;0;0;0;1;0;1;0;0
3511;11;3;3500936;2020;1;7;3;3;3;6;0;1;1;0;0;0;0;0
3522;11;3;3501037;2020;1;17;3;3;5;3;2;0;1;0;0;0;0;1
3539;11;1;1100310;2020;1;13;1;3;5;3;0;0;1;0;0;0;0;0
3548;11;1;1100205;2020;1;18;5;3;4;6;2;1;0;0;0;0;1;0
3561;11;4;4200308;2020;1;6;3;3;3;6;2;0;1;0;0;1;0;1
3586;11;11;11300722;2020;1;4;2;3;6;2;2;0;1;1;0;0;0;1
3597;11;6;6300527;2020;1;3;1;3;3;6;2;0;1;0;0;0;1;1
3621;11;7;7400927;2020;1;9;4;3;3;6;0;0;1;0;0;1;0;0
3625;11;4;4300414;2020;1;15;7;3;1;5;0;0;1;0;1;0;0;0
3637;11;12;12500930;2020;1;15;6;3;3;6;0;0;1;0;0;0;0;0
3639;11;1;1100310;2020;1;3;4;2;6;4;2;0;1;1;0;0;0;0
3659;11;1;1100310;2020;1;16;6;3;2;6;2;0;1;0;0;0;0;1
3670;11;4;4501148;2020;1;22;5;3;2;6;2;0;1;0;0;0;0;0
3694;11;3;3701657;2020;1;6;4;3;5;2;2;0;1;0;0;0;0;0
3698;11;12;12400723;2020;1;11;5;3;5;3;0;1;1;0;0;0;0;1
3710;11;3;3200206;2020;1;16;5;2;0;7;0;1;0;0;0;0;0;0
3725;11;4;4100101;2020;1;17;3;3;2;6;2;0;1;0;0;0;0;0
3750;11;1;1100205;2020;1;8;5;3;2;6;0;0;1;0;0;0;0;0
3775;11;4;4100101;2020;1;14;1;2;2;6;0;0;1;0;0;0;0;0
3779;11;12;12601031;2020;1;13;5;3;5;3;0;0;1;0;0;0;0;1
3790;11;1;1100311;2020;1;17;4;3;0;5;2;1;1;0;0;0;0;1
3807;11;1;1401049;2020;1;7;3;3;1;5;1;1;1;0;0;0;0;0
3833;11;3;3200205;2020;1;12;3;3;1;5;0;1;1;0;0;0;0;1
3845;11;7;7501029;2020;1;16;3;3;6;2;1;0;0;1;0;0;1;1
3853;11;10;10100312;2020;1;12;4;3;1;5;0;0;1;0;0;0;1;1
3865;11;1;1100205;2020;1;18;3;3;0;1;2;0;1;0;1;0;0;1
3882;11;4;4300415;2020;1;17;2;3;3;6;2;0;1;0;0;1;0;0
3891;11;10;10100311;2020;1;6;6;2;0;1;2;0;0;0;1;0;0;2
3908;11;4;4200311;2020;1;19;1;3;5;3;2;0;1;0;0;1;0;0
3920;11;4;4400830;2020;1;15;6;3;2;6;0;0;1;0;0;1;0;0
3943;11;2;2500727;2020;1;22;4;3;5;3;2;0;1;0;0;0;0;0
3956;11;4;4300621;2020;1;15;7;3;5;7;0;0;1;0;0;0;0;0
3965;11;4;4200311;2020;1;18;5;3;3;6;0;0;1;0;0;0;1;0
3983;11;3;3200204;2020;1;13;6;3;5;2;0;1;1;0;0;0;0;1
3996;11;9;9100409;2020;1;12;5;3;2;6;0;0;1;0;0;0;1;0
4020;11;4;4100101;2020;1;5;3;3;2;6;2;0;1;0;0;0;0;0
4024;11;5;5400942;2020;1;15;5;3;2;6;0;0;1;0;0;0;0;1
4036;11;7;7400822;2020;1;14;4;2;2;6;0;0;1;0;0;0;0;0
4046;11;7;7601341;2020;1;7;6;3;5;3;2;1;1;0;0;0;0;1
4058;11;4;4200311;2020;1;11;6;3;2;6;0;0;1;0;0;0;0;0
4074;11;3;3200206;2020;1;17;5;3;2;6;1;0;1;0;0;0;0;0
4102;11;4;4501148;2020;1;16;4;3;3;6;2;0;1;0;0;1;0;0
4114;11;7;7501030;2020;1;5;3;3;5;2;2;0;1;0;0;0;0;1
4131;11;4;4100101;2020;1;6;3;3;2;6;2;0;1;0;0;0;0;0
4150;11;7;7501030;2020;1;10;3;2;5;3;0;0;1;0;0;0;0;0
4178;11;11;11401032;2020;1;9;4;3;5;3;0;1;1;0;0;0;0;0
4189;11;9;9100202;2020;1;7;3;3;5;3;1;1;1;0;0;0;0;1
4206;11;4;4200308;2020;1;18;1;3;2;6;2;0;1;0;0;0;0;0
4215;11;5;5200633;2020;1;16;5;3;3;6;2;0;0;0;1;0;1;0
4232;11;6;6300526;2020;1;16;6;2;6;2;2;0;1;1;0;0;0;1
4253;11;9;9100203;2020;1;18;2;3;5;3;2;0;1;0;0;0;0;0
4264;11;9;9100203;2020;1;12;2;3;5;3;0;1;1;0;0;0;0;0
4280;11;10;10300733;2020;1;12;6;2;5;2;0;0;1;0;0;0;0;0
4289;11;1;1300836;2020;1;10;5;3;3;6;0;0;1;0;0;1;0;0
4293;11;5;5200528;2020;1;0;1;3;5;2;2;1;1;0;0;0;0;0
4306;11;1;1100310;2020;2;0;7;3;5;2;2;0;1;0;0;0;0;0
4308;11;1;1400940;2020;1;22;5;3;0;1;2;0;0;0;1;0;0;1
4320;11;7;7100206;2020;1;11;5;3;2;6;0;0;1;0;0;0;0;0
4340;11;6;6300629;2020;1;22;6;3;1;7;2;1;1;0;0;0;0;0
4364;11;2;2200207;2020;1;18;4;3;2;6;2;0;1;0;0;0;0;0
4368;11;7;7501133;2020;1;20;5;3;5;3;2;0;1;0;0;0;0;1
4380;11;7;7501029;2020;1;6;6;3;6;2;2;0;1;1;0;0;0;1
4396;11;10;10100206;2020;1;18;4;3;5;2;2;0;1;0;0;0;0;1
4424;11;3;3601451;2020;1;7;4;2;5;3;2;1;0;0;0;0;1;1
4443;11;1;1400940;2020;1;17;1;3;5;3;2;1;1;0;0;0;0;0
4447;11;12;12100205;2020;1;14;5;3;2;6;0;0;1;0;0;0;0;1
4458;11;4;4100101;2020;1;10;4;3;5;3;0;0;1;0;0;1;0;0
4474;11;9;9100203;2020;1;8;3;3;5;3;0;1;1;0;0;0;0;1
4501;11;7;7300619;2020;1;16;3;3;2;2;2;0;1;0;0;0;0;1
4512;11;2;2500728;2020;1;13;3;2;0;2;0;1;1;0;0;0;0;1
4528;11;4;4200311;2020;1;12;1;3;2;6;0;0;1;0;0;0;0;1
4534;11;10;10300733;2020;1;11;3;3;3;6;0;0;1;0;0;1;0;1
4551;11;2;2400625;2020;1;6;2;3;6;4;1;0;1;1;0;0;0;0
4560;11;6;6400735;2020;1;11;6;3;5;7;0;0;1;0;0;0;0;0
4577;11;7;7400927;2020;1;0;2;3;9;1;2;0;1;0;0;0;0;0
4588;11;1;1401044;2020;1;19;1;3;5;2;1;0;1;0;0;0;0;0
4612;11;4;4200311;2020;1;8;4;3;2;6;0;0;1;0;0;0;0;0
4616;11;3;3400723;2020;1;16;7;3;6;2;2;0;1;1;0;0;0;0
4632;11;4;4100101;2020;1;15;5;3;5;3;0;0;1;0;0;0;1;0
4649;11;12;12100101;2020;1;22;6;3;5;7;2;0;1;0;0;0;0;1
4661;11;12;12500927;2020;1;12;5;3;3;6;0;0;1;0;1;0;0;0
4685;11;10;10400837;2020;1;5;4;3;2;6;2;0;1;0;0;0;0;0
4689;11;7;7400822;2020;1;17;5;3;2;6;2;0;1;0;0;0;0;1
4701;11;6;6100209;2020;1;8;5;2;9;1;0;0;1;0;0;0;0;1
4716;11;4;4200206;2020;1;20;3;3;6;4;2;0;1;1;0;0;0;0
4725;11;4;4100101;2020;1;14;6;3;3;6;0;0;1;0;1;0;0;0
4741;11;10;10100312;2020;1;7;5;2;1;1;2;0;1;0;0;1;0;0
4769;11;1;1100310;2020;1;12;5;3;2;1;0;0;1;0;0;1;0;1
4781;11;2;2100101;2020;1;20;4;3;6;2;2;0;1;1;0;0;0;1
4798;11;5;5200528;2020;1;7;3;3;2;6;2;0;1;0;0;0;1;0
4823;11;1;1401044;2020;1;17;3;3;6;3;2;0;1;1;0;0;0;1
4824;11;2;3601452;2020;10;1;7;2;5;2;2;1;1;0;0;0;0;1
4826;11;2;2400522;2020;4;22;4;3;1;5;2;0;1;0;0;0;1;1
4827;11;7;7501133;2020;9;13;5;3;2;7;0;0;1;0;0;0;0;0
4828;11;3;3100101;2020;11;6;2;3;2;6;2;0;1;0;0;0;1;1
4829;11;12;12601032;2020;5;15;1;3;2;6;0;0;1;0;0;0;0;0
4830;11;3;3601451;2020;8;7;3;3;5;3;0;1;1;0;0;0;0;0
4831;11;1;1300836;2020;6;16;4;3;3;6;0;1;1;0;0;0;0;0
4832;11;5;5200633;2020;5;19;5;2;6;7;0;0;1;1;0;0;0;0
4833;11;4;4300414;2020;4;19;4;3;3;5;1;1;1;0;0;0;0;1
4834;11;7;7501135;2020;9;14;4;3;3;6;0;0;0;0;1;0;1;0
4835;11;2;2400521;2020;12;14;6;3;3;6;0;0;1;0;1;0;0;0
4836;11;7;7100205;2020;8;14;4;3;0;7;0;0;0;0;1;0;1;0
4837;11;7;7501030;2020;6;22;6;3;2;7;2;0;1;0;0;0;0;0
4838;11;4;4300622;2020;10;14;1;3;0;6;0;0;1;0;0;0;0;1
4840;11;2;2500727;2020;4;16;4;3;6;4;0;1;0;1;0;0;0;0
4841;11;4;4200308;2020;11;17;4;3;2;6;2;0;1;0;0;0;0;0
4842;11;1;1100102;2020;9;17;3;3;5;2;0;1;1;0;0;0;0;0
4843;11;12;12100103;2020;8;17;2;3;2;6;0;0;1;0;1;0;0;0
4844;11;4;4300414;2020;4;9;4;3;5;3;0;0;1;0;0;0;0;1
4845;11;3;3400830;2020;10;11;6;2;5;7;0;1;1;0;0;0;0;1
4846;11;4;4300620;2020;8;16;4;3;5;2;0;1;1;0;0;0;0;0
4847;11;1;1100310;2020;7;23;4;3;2;6;2;0;1;0;0;0;1;1
4848;11;4;4501148;2020;6;10;6;2;8;1;0;0;0;0;1;0;0;0
4849;11;10;10100312;2020;11;5;5;2;3;6;2;1;0;0;1;0;0;0
4850;11;1;1100206;2020;4;7;4;3;3;6;0;1;1;0;0;0;0;0
4851;11;7;7601236;2020;9;15;5;3;6;4;0;0;1;1;0;0;0;0
4852;11;2;2200208;2020;12;20;3;3;5;2;2;1;1;0;0;0;0;0
4853;11;12;12100205;2020;6;19;2;3;6;2;0;0;1;1;0;0;0;0
4855;11;4;4400726;2020;4;13;3;3;2;7;0;0;1;0;0;0;1;0
4856;11;3;3601452;2020;9;20;5;3;5;2;2;1;1;0;0;0;0;0
4857;11;12;12500824;2020;7;11;7;2;0;7;0;0;1;0;0;0;0;0
4858;11;2;2200207;2020;4;23;3;3;3;6;2;0;1;0;0;0;0;1
4859;11;7;7501133;2020;10;18;5;3;0;3;1;1;1;0;0;0;0;1
4860;11;7;7400927;2020;12;12;4;3;2;6;0;0;1;0;0;0;0;0
4861;11;3;3200205;2020;5;15;7;3;1;5;0;0;1;0;0;0;1;0
4862;11;5;5200633;2020;8;11;7;3;6;4;0;0;0;1;1;0;0;0
4863;11;6;6300527;2020;7;16;4;3;2;6;0;0;1;0;0;0;0;0
4864;11;3;3100101;2020;5;15;1;2;3;6;0;0;1;0;1;0;0;0
4865;11;12;12100205;2020;10;14;4;3;5;3;0;0;1;0;0;0;0;0
4866;11;3;3400620;2020;4;10;3;3;2;6;0;0;1;0;0;0;0;0
4867;11;3;3500936;2020;9;6;2;3;2;6;1;0;1;0;0;0;0;0
4868;11;7;7300619;2020;11;10;2;3;2;6;0;0;1;0;0;0;1;0
4869;11;2;2100101;2020;5;18;7;3;5;3;0;1;1;0;0;0;0;0
4870;11;12;12100103;2020;8;18;6;3;5;2;0;1;1;0;0;0;0;0
4871;11;7;7400720;2020;6;3;1;3;3;6;2;0;1;0;0;0;0;1
4872;11;1;1300836;2020;4;8;3;3;5;2;0;1;1;0;0;0;0;0
4873;11;6;6400735;2020;10;11;7;3;2;2;0;0;1;0;1;0;0;0
4874;11;6;6300526;2020;12;6;5;3;5;3;2;1;1;0;0;0;0;0
4875;11;7;7400927;2020;8;15;2;3;2;6;0;0;1;0;0;0;0;0
4876;11;7;7501030;2020;7;8;5;3;2;6;0;0;1;0;0;0;0;0
4877;11;2;2500727;2020;4;7;3;3;5;3;0;1;1;0;0;0;0;0
4878;11;1;1100207;2020;10;10;5;3;3;6;0;0;1;0;1;0;0;0
4880;11;12;12400723;2020;4;12;2;3;2;2;0;0;1;0;0;0;0;0
4881;11;10;10400940;2020;9;9;3;3;5;2;0;1;1;0;0;0;0;0
4882;11;4;4200311;2020;11;11;2;2;8;1;0;1;0;0;0;0;0;0
4883;11;7;7200411;2020;9;0;7;3;1;5;2;1;1;0;0;0;0;0
4884;11;8;8200624;2020;5;19;7;3;2;6;0;0;1;0;0;0;0;0
4885;11;7;7400720;2020;8;16;1;3;2;6;0;0;1;0;0;0;0;0
4886;11;1;1100102;2020;6;18;3;3;2;6;0;0;1;0;1;0;0;0
4887;11;6;6400735;2020;4;18;1;2;0;1;0;1;0;0;0;0;0;0
4888;11;1;1100310;2020;9;12;2;3;2;6;0;0;1;0;0;0;0;0
4889;11;7;7501030;2020;12;6;4;3;2;6;2;0;1;0;1;0;0;1
4890;11;1;1401049;2020;8;13;3;3;3;6;0;1;1;0;0;0;0;0
4891;11;3;3701660;2020;6;12;4;3;1;5;0;1;1;0;0;0;0;0
4893;11;6;6400838;2020;4;10;6;3;2;6;0;0;1;0;1;0;0;0
4894;11;4;4300414;2020;11;6;2;3;5;2;0;0;1;0;0;0;0;0
4895;11;4;4100101;2020;9;14;1;3;2;6;0;0;1;0;0;0;0;0
4896;11;3;3601139;2020;8;15;7;2;5;2;0;1;1;0;0;0;0;0
4897;11;7;7300619;2020;4;15;5;2;5;7;0;0;1;0;0;0;0;0
4898;11;6;6400736;2020;10;16;4;3;9;1;1;0;1;0;0;0;0;1
4899;11;3;3200205;2020;8;9;3;3;0;7;0;1;0;0;0;0;0;1
4900;11;3;3400620;2020;7;7;2;3;5;2;0;0;1;0;0;0;1;0
4901;11;7;7400825;2020;6;8;4;3;2;6;0;0;1;0;0;0;0;0
4902;11;4;4300413;2020;11;8;3;3;2;6;0;0;1;0;1;0;0;0
4903;11;7;7601442;2020;4;15;5;3;5;7;0;1;1;0;0;0;0;0
4904;11;2;2400522;2020;9;16;4;3;5;3;0;1;0;0;1;0;0;0
4905;11;1;1100104;2020;11;17;1;3;4;6;2;0;1;0;0;0;0;0
4906;11;7;7400928;2020;6;19;6;3;2;6;2;0;1;0;0;0;0;0
4907;11;1;1100310;2020;4;17;5;3;5;2;0;1;1;0;0;0;0;0
4908;11;2;2200208;2020;9;18;3;3;4;6;0;1;0;0;0;0;1;0
4909;11;4;4200207;2020;7;15;5;3;2;6;0;0;1;0;0;0;0;0
4910;11;3;3400620;2020;4;17;5;3;5;7;0;0;1;0;0;0;1;0
4911;11;11;11300725;2020;10;5;4;3;0;1;2;0;0;0;1;0;0;1
4912;11;10;10300733;2020;12;0;5;3;5;3;2;0;1;0;0;0;0;1
4913;11;4;4200311;2020;8;15;5;3;0;2;0;0;1;0;1;0;0;0
4914;11;4;4300621;2020;7;17;2;3;5;2;0;1;1;0;0;0;0;0
4915;11;6;6400735;2020;5;15;6;2;2;3;0;0;1;0;1;0;0;0
4916;11;5;5200634;2020;10;20;3;3;0;7;2;1;0;0;0;0;0;0
4917;11;2;2400625;2020;4;18;4;3;5;7;0;0;1;0;1;0;0;0
4918;11;7;7400721;2020;9;12;7;3;2;6;0;0;1;0;0;0;0;0
4919;11;4;4200311;2020;11;18;5;2;6;4;2;0;1;1;0;0;0;1
4920;11;7;7501029;2020;8;10;4;3;2;6;0;0;0;0;1;0;1;1
4921;11;6;6100101;2020;7;15;3;3;5;2;0;1;1;0;0;0;0;0
4922;11;10;10400837;2020;6;19;5;3;0;1;0;0;0;0;0;0;1;1
4923;11;11;11300722;2020;11;7;4;3;5;3;0;1;1;0;0;0;0;0
4924;11;3;3601449;2020;4;14;4;3;2;6;0;0;1;0;1;0;0;0
4925;11;2;2500834;2020;9;13;5;2;2;6;0;1;0;0;0;1;0;0
4926;11;3;3601142;2020;11;12;2;2;5;3;0;0;1;0;1;0;0;0
4927;11;1;1300836;2020;6;13;1;3;0;7;0;1;0;0;0;0;0;0
4929;11;3;3200206;2020;4;14;4;3;0;6;0;0;0;0;1;0;1;0
4930;11;2;2500729;2020;9;17;4;3;6;7;0;0;1;1;0;0;0;1
4931;11;6;6300527;2020;7;16;5;3;5;2;0;1;1;0;0;0;0;0
4932;11;9;9100203;2020;4;12;4;2;6;4;0;0;1;1;0;0;0;0
4933;11;12;12100101;2020;10;17;5;3;5;2;0;1;1;0;0;0;0;1
4934;11;3;3500934;2020;12;18;2;3;1;5;2;0;1;0;0;0;0;1
4935;11;11;11100101;2020;8;14;5;3;5;3;0;1;1;0;0;0;0;0
4936;11;2;2500727;2020;7;18;3;3;4;6;0;1;0;0;0;0;0;0
4937;11;10;10400837;2020;5;1;7;2;0;1;2;1;0;0;0;0;0;0
4938;11;1;1100102;2020;10;11;3;3;5;2;0;1;1;0;0;0;0;0
4939;11;3;3601142;2020;4;7;4;3;2;2;0;1;1;0;0;0;0;0
4940;11;4;4300414;2020;9;10;1;2;5;7;0;1;1;0;0;0;0;0
4941;11;4;4200206;2020;11;15;2;2;1;5;0;1;1;0;0;0;0;0
4942;11;9;9100203;2020;5;9;6;3;5;3;0;1;1;0;0;0;0;0
4943;11;1;1100206;2020;8;16;5;3;3;6;0;1;1;0;0;0;0;0
4944;11;4;4200310;2020;6;11;7;3;2;6;0;0;1;0;0;0;0;0
4945;11;11;11300724;2020;4;21;3;3;5;3;1;1;1;0;0;0;0;0
4946;11;4;4400830;2020;10;23;6;3;2;6;2;0;1;0;0;0;0;0
4947;11;7;7601236;2020;12;8;4;3;5;3;0;1;1;0;0;0;0;0
4948;11;7;7601442;2020;8;16;2;3;5;3;0;1;1;0;0;0;0;0
4949;11;2;2500728;2020;6;10;3;3;1;7;0;1;1;0;0;0;0;0
4950;11;1;1100310;2020;4;16;3;3;2;6;0;0;1;0;0;0;0;0
4951;11;4;4200311;2020;10;14;5;3;3;6;0;0;1;0;0;1;0;0
4953;11;1;1100102;2020;4;9;3;3;5;3;0;0;1;0;0;0;0;0
4954;11;12;12100101;2020;9;17;2;3;5;3;0;1;1;0;0;0;0;0
4955;11;3;3400724;2020;11;12;1;3;2;6;0;0;1;0;0;0;0;0
4956;11;7;7300619;2020;9;16;6;3;3;6;0;0;1;0;1;0;1;0
4957;11;4;4501148;2020;4;19;3;3;3;6;0;0;1;0;0;1;0;0
4958;11;2;2200209;2020;5;10;5;3;3;6;0;0;1;0;0;0;0;0
4959;11;7;7200410;2020;8;1;7;3;1;5;2;1;1;0;0;0;0;0
4960;11;9;9100305;2020;7;23;3;3;5;3;2;1;1;0;0;0;0;0
4961;11;4;4200311;2020;6;14;3;3;3;6;0;0;1;0;0;0;0;0
4962;11;7;7501133;2020;4;13;2;2;3;6;0;0;1;0;1;0;0;0
4963;11;1;1100104;2020;9;12;7;3;2;6;0;0;0;0;1;0;1;1
4964;11;2;2400625;2020;12;7;2;3;5;2;1;1;1;0;0;0;0;1
4965;11;7;7400720;2020;6;15;4;2;5;2;0;1;1;0;0;0;0;0
4967;11;10;10400837;2020;4;18;2;3;2;6;0;1;1;0;0;0;0;0
4968;11;2;2400522;2020;11;18;1;3;5;3;2;1;0;0;0;0;1;0
4969;11;2;2500727;2020;9;21;7;3;2;6;2;0;1;0;0;0;0;0
4970;11;7;7400822;2020;7;13;6;3;2;6;0;0;1;0;0;0;0;0
4971;11;3;3601449;2020;4;23;1;3;5;2;2;0;1;0;0;0;0;0