OBJECTID;LAND;BEZ;LOR_ab_2021;UJAHR;UMONAT;USTUNDE;UWOCHENTAG;UKATEGORIE;UART;UTYP1;ULICHTVERH;IstRad;IstPKW;IstFuss;IstKrad;IstGkfz;IstSonstige;USTRZUSTAND
4972;11;6;6100101;2020;10;13;3;3;5;2;0;0;1;0;0;0;0;0
4973;11;1;1100206;2020;8;18;2;3;6;4;0;1;0;1;0;0;0;0
4974;11;1;1100310;2020;7;5;1;3;0;1;1;0;0;0;0;0;1;0
4975;11;2;2500728;2020;6;16;4;3;5;2;0;1;1;0;0;0;0;0
4976;11;4;4400727;2020;11;5;2;3;0;1;2;0;0;0;1;0;0;1
4977;11;2;2500727;2020;4;15;1;3;5;2;0;0;1;0;1;0;0;0
4978;11;1;1100205;2020;9;3;4;3;0;1;2;1;0;0;0;0;0;0
4979;11;4;4400726;2020;11;14;7;3;2;6;0;0;1;0;0;0;0;0
4980;11;1;1300836;2020;6;20;5;2;3;6;0;1;0;0;0;0;0;0
4981;11;9;9100101;2020;4;14;1;3;4;6;0;1;1;0;0;0;0;0
4982;11;2;2400625;2020;8;18;2;2;8;1;0;1;0;0;1;0;0;0
4983;11;7;7300619;2020;7;16;4;2;2;6;0;0;1;0;0;0;0;0
4984;11;3;3200205;2020;4;18;1;2;5;2;0;1;1;0;0;0;0;0
4985;11;6;6100208;2020;10;15;4;3;2;6;0;0;1;0;0;0;0;0
4986;11;12;12200412;2020;12;19;3;3;2;6;1;0;1;0;0;0;1;1
4987;11;4;4300622;2020;8;17;4;3;0;5;0;0;1;0;1;0;0;0
4988;11;2;2500727;2020;7;1;2;3;0;1;2;1;0;0;0;0;0;0
4989;11;4;4300622;2020;5;21;5;3;5;2;2;0;1;0;0;0;1;0
4990;11;2;2500729;2020;10;9;2;3;2;6;0;0;1;0;0;0;0;1
4992;11;5;5200528;2020;4;13;1;3;7;7;0;0;1;0;0;0;0;0
4993;11;6;6300527;2020;9;16;6;3;5;2;0;1;0;0;0;0;1;0
4994;11;9;9100101;2020;11;6;4;3;5;2;1;1;1;0;0;0;0;1
4995;11;6;6300526;2020;5;14;5;3;6;4;0;0;1;1;0;0;0;0
4996;11;7;7601341;2020;8;14;3;3;0;6;0;0;1;0;1;0;0;0
4997;11;3;3601141;2020;6;8;5;3;2;6;0;0;1;0;0;1;0;1
4998;11;12;12200411;2020;5;18;5;3;2;6;0;0;1;0;0;0;0;0
4999;11;11;11300722;2020;4;18;7;2;5;2;0;1;1;0;0;0;0;0
5000;11;4;4200311;2020;10;17;5;2;0;1;0;0;0;0;1;0;0;0
5001;11;4;4200310;2020;12;14;2;3;3;6;0;0;1;0;0;0;1;0
5002;11;12;12100204;2020;8;17;5;3;5;2;0;1;1;0;0;0;0;0
5003;11;7;7400720;2020;6;17;2;3;3;1;0;1;1;0;0;0;0;1
5004;11;2;2500726;2020;4;19;7;3;0;1;0;1;0;0;0;0;0;0
5005;11;3;3601142;2020;10;23;2;3;1;5;2;1;0;0;1;0;0;1
5007;11;2;2500726;2020;4;19;7;3;5;7;0;0;1;0;0;0;1;0
5008;11;3;3400721;2020;11;18;6;3;3;6;2;0;1;0;0;0;0;0
5009;11;4;4300415;2020;9;15;5;3;2;6;0;0;1;0;0;0;0;0
5010;11;9;9100407;2020;4;17;7;2;2;6;0;0;1;0;0;0;0;0
5011;11;12;12100205;2020;5;14;5;3;5;2;0;1;1;0;0;0;0;0
5012;11;12;12200310;2020;8;22;5;3;0;1;2;0;0;0;1;0;0;0
5013;11;11;11300724;2020;7;17;7;3;2;6;0;0;1;0;0;0;0;0
5014;11;9;9200613;2020;6;13;7;3;4;6;0;1;0;0;0;0;0;0
5015;11;2;2500727;2020;5;7;5;3;5;2;0;1;0;0;0;1;0;0
5016;11;2;2400522;2020;8;19;4;3;5;3;1;1;1;0;0;0;0;1
5017;11;6;6300527;2020;6;12;6;3;5;3;0;0;1;0;0;0;0;0
5018;11;3;3200206;2020;4;14;6;2;1;5;0;1;1;0;0;0;0;0
5019;11;2;2200209;2020;10;13;6;3;0;7;0;1;1;0;0;0;0;0
5020;11;4;4100101;2020;12;15;3;3;2;6;0;0;1;0;0;0;0;0
5021;11;6;6300629;2020;8;0;1;2;0;1;2;1;0;0;0;0;0;0
5022;11;12;12400723;2020;6;10;2;3;5;2;0;1;1;0;0;0;0;0
5023;11;1;1200624;2020;4;21;6;3;3;6;2;0;1;0;0;0;0;0
5024;11;3;3601141;2020;10;9;4;3;0;7;0;1;0;0;0;0;1;1
5026;11;1;1100102;2020;4;18;6;3;2;6;0;0;1;0;0;0;0;0
5027;11;3;3601141;2020;9;20;1;3;0;6;2;0;1;0;1;0;0;0
5028;11;7;7601442;2020;11;10;6;3;0;7;0;0;1;0;0;0;0;0
5029;11;6;6300524;2020;9;15;6;3;2;3;0;1;1;0;0;0;0;0
5030;11;1;1300836;2020;4;19;5;3;2;3;0;0;1;0;0;0;0;0
5031;11;2;2500727;2020;5;15;4;3;5;2;0;1;1;0;0;0;0;0
5032;11;7;7400824;2020;8;8;6;3;5;2;0;1;1;0;0;0;0;0
5033;11;3;3701660;2020;7;16;3;3;0;1;0;0;0;0;1;0;0;0
5034;11;12;12400723;2020;6;3;1;3;6;7;2;1;0;1;0;0;0;0
5035;11;7;7400927;2020;4;14;5;3;0;6;0;0;0;0;1;0;1;0
5036;11;12;12500928;2020;9;11;6;3;0;1;0;0;0;0;1;0;0;1
5037;11;2;2100101;2020;12;18;1;3;0;1;2;0;0;0;1;0;0;1
5038;11;4;4200311;2020;6;14;4;3;2;6;0;0;1;0;0;0;0;0
5040;11;12;12100204;2020;4;10;5;2;5;2;0;1;1;0;0;0;0;0
5041;11;7;7200308;2020;11;8;5;3;5;2;0;1;1;0;0;0;0;0
5042;11;4;4100101;2020;9;14;7;3;2;6;0;0;1;0;0;0;0;0
5043;11;4;4200308;2020;7;14;5;3;2;6;0;0;1;0;0;0;1;0
5044;11;2;2500728;2020;4;8;5;3;5;2;0;1;1;0;0;0;0;0
5045;11;4;4100101;2020;10;21;7;2;0;1;2;0;0;0;1;0;0;0
5046;11;7;7501133;2020;8;11;2;2;0;6;0;1;0;0;0;0;1;0
5047;11;7;7200308;2020;7;14;6;3;0;4;0;0;0;1;0;0;1;0
5048;11;7;7501030;2020;6;11;3;3;5;3;0;0;1;0;0;0;0;0
5049;11;7;7100206;2020;10;15;7;3;6;7;0;0;0;1;0;0;1;1
5050;11;7;7200308;2020;4;22;4;3;3;6;2;0;1;0;0;0;1;0
5051;11;3;3601142;2020;9;13;3;3;4;6;0;1;0;0;0;0;1;0
5052;11;9;9100202;2020;11;16;6;3;5;3;2;1;1;0;0;0;0;0
5053;11;11;11100101;2020;6;7;5;3;5;7;0;0;1;0;1;0;0;0
5054;11;3;3300517;2020;4;18;4;2;3;6;0;0;1;0;1;0;0;0
5055;11;10;10100311;2020;8;13;2;3;3;6;0;0;1;0;0;0;0;0
5056;11;4;4400726;2020;7;7;4;3;3;6;0;0;1;0;0;1;0;0
5057;11;7;7601544;2020;6;18;3;3;6;7;0;1;0;1;0;0;0;0
5058;11;3;3701657;2020;4;10;4;3;5;2;0;0;1;0;0;0;1;0
5059;11;9;9200613;2020;10;16;2;3;2;6;0;0;1;0;0;0;1;1
5060;11;6;6400735;2020;12;8;2;3;1;5;0;1;0;0;0;1;0;1
5061;11;1;1100310;2020;8;9;4;2;5;3;0;1;0;0;0;0;0;0
5062;11;3;3601347;2020;7;8;1;2;0;7;0;1;0;0;0;0;0;0
5063;11;3;3601142;2020;5;10;4;3;5;3;0;1;0;0;0;0;1;0
5064;11;7;7501133;2020;10;5;2;3;5;2;2;0;1;0;1;0;0;0
5066;11;4;4300622;2020;4;16;4;3;5;2;0;0;1;0;1;0;0;0
5067;11;1;1100207;2020;9;8;5;3;5;2;0;1;1;0;0;0;0;0
5068;11;7;7501030;2020;11;14;3;3;5;2;0;0;1;0;0;0;0;0
5069;11;3;3601348;2020;5;14;4;3;5;2;0;0;1;0;0;0;1;0
5070;11;10;10300733;2020;8;19;3;2;2;6;0;0;1;0;1;0;0;0
5071;11;10;10100208;2020;6;13;5;3;2;6;0;0;1;0;0;0;0;0
5072;11;6;6400737;2020;5;16;5;3;1;5;0;0;1;0;0;0;0;0
5073;11;7;7200308;2020;4;11;3;2;6;2;0;0;0;1;0;0;1;0
5074;11;1;1100102;2020;9;15;4;3;2;6;0;0;1;0;0;0;0;0
5075;11;6;6400737;2020;12;10;7;3;5;3;0;0;1;0;0;0;0;0
5076;11;4;4200311;2020;8;14;5;3;2;6;0;0;1;0;0;0;0;0
5077;11;1;1100102;2020;6;13;1;3;0;2;0;0;1;0;1;0;0;1
5078;11;1;1300836;2020;10;21;1;3;6;2;2;0;1;1;0;0;0;1
5080;11;4;4200308;2020;4;11;3;2;3;6;0;0;1;0;0;1;0;0
5081;11;7;7400825;2020;11;11;4;3;2;6;0;0;1;0;0;0;0;0
5082;11;2;2500727;2020;9;20;3;3;0;1;2;1;0;0;0;0;0;0
5083;11;1;1100310;2020;4;7;3;3;2;6;0;0;1;0;1;0;0;0
5084;11;11;11300722;2020;10;9;6;3;5;2;0;1;1;0;0;0;0;0
5085;11;1;1300836;2020;8;17;4;3;0;7;0;0;1;0;0;0;0;0
5086;11;2;2500728;2020;7;8;5;3;6;4;0;1;0;1;0;0;0;0
5087;11;1;1100104;2020;6;15;6;3;5;2;0;0;1;0;1;0;0;0
5088;11;10;10300733;2020;4;7;3;3;3;6;0;0;1;0;0;1;0;0
5089;11;9;9100101;2020;9;19;5;3;2;6;2;0;1;0;0;0;0;0
5090;11;7;7400824;2020;12;6;4;3;2;6;2;0;1;0;0;0;0;1
5091;11;1;1300836;2020;6;14;3;3;2;6;0;0;1;0;0;0;0;0
5093;11;3;3100101;2020;4;22;3;3;7;7;2;0;0;0;1;0;0;0
5094;11;1;1100310;2020;9;20;6;3;5;3;1;0;1;0;0;0;1;0
5095;11;12;12100103;2020;7;19;1;3;0;1;0;0;1;0;0;0;0;1
5096;11;4;4200206;2020;4;14;3;3;2;6;0;0;1;0;0;0;1;0
5097;11;12;12500824;2020;10;9;6;3;2;6;0;0;1;0;0;0;0;0
5098;11;4;4400726;2020;12;14;4;3;2;6;0;0;1;0;0;0;1;0
5099;11;3;3601347;2020;5;12;3;2;3;6;0;1;1;0;0;0;0;1
5100;11;3;3701659;2020;8;19;1;3;5;2;0;1;1;0;0;0;0;0
5101;11;12;12500930;2020;7;15;5;3;6;4;0;0;1;1;0;0;0;1
5102;11;7;7501133;2020;6;13;2;3;2;6;0;0;1;0;0;0;0;0
5103;11;6;6300527;2020;10;14;4;3;2;6;0;0;1;0;0;0;0;0
5104;11;4;4300414;2020;4;13;1;3;5;2;0;1;1;0;0;0;0;0
5105;11;6;6300629;2020;9;17;2;3;3;6;0;0;1;0;1;0;0;0
5106;11;5;5200634;2020;11;18;3;3;2;6;2;0;1;0;0;0;1;0
5107;11;3;3601348;2020;4;16;1;3;0;6;0;0;1;0;1;0;0;0
5108;11;10;10100311;2020;9;6;5;3;2;6;0;0;1;0;0;0;0;0
5109;11;7;7400824;2020;12;20;6;3;3;6;2;0;1;0;0;1;0;0
5110;11;7;7601236;2020;6;17;3;3;5;2;0;1;0;0;0;1;0;0
5112;11;4;4200206;2020;4;14;1;3;2;6;0;0;1;0;0;0;0;0
5113;11;7;7200410;2020;9;15;6;2;1;5;0;0;1;0;1;0;0;0
5114;11;6;6400737;2020;7;11;3;3;1;5;0;0;1;0;0;0;0;0
5115;11;7;7400824;2020;4;22;7;3;6;2;2;0;1;1;0;0;0;0
5116;11;4;4200311;2020;10;16;6;3;2;6;0;0;1;0;0;0;0;0
5117;11;2;2100101;2020;8;18;1;3;3;6;0;1;1;0;0;0;0;0
5118;11;12;12100103;2020;7;11;6;3;2;1;0;1;1;0;0;0;0;1
5119;11;6;6400735;2020;6;12;3;3;5;7;0;1;1;0;0;0;0;0
5120;11;4;4300621;2020;10;10;5;3;0;2;0;1;0;0;0;0;1;1
5121;11;12;12400721;2020;4;14;7;3;3;6;0;0;1;0;1;0;0;0
5122;11;7;7501133;2020;9;11;2;3;8;7;0;0;0;0;0;0;1;0
5123;11;1;1200624;2020;11;16;5;3;2;6;2;0;1;0;1;0;0;1
5124;11;12;12601031;2020;6;14;4;3;2;2;0;0;1;0;1;0;0;0
5125;11;4;4200310;2020;8;11;1;2;5;2;0;1;1;0;0;0;0;0
5126;11;2;2500729;2020;6;15;3;3;6;4;0;0;0;1;0;0;1;0
5127;11;6;6400737;2020;4;19;6;3;0;1;1;0;0;0;1;0;0;0
5128;11;3;3701660;2020;10;16;2;3;3;6;0;0;1;0;1;0;0;1
5129;11;9;9200613;2020;12;12;7;3;2;6;0;0;1;0;0;0;0;0
5130;11;4;4400727;2020;8;13;3;3;2;6;0;0;1;0;0;0;0;0
5131;11;4;4300414;2020;7;9;5;3;0;7;0;1;0;1;0;0;0;0
5132;11;11;11300722;2020;5;14;3;3;6;7;0;0;0;1;0;0;1;0
5133;11;7;7200308;2020;10;0;6;2;9;1;2;0;1;0;0;0;0;0
5135;11;1;1100310;2020;4;17;6;3;2;6;0;0;1;0;0;0;0;0
5136;11;4;4400725;2020;9;19;4;3;2;6;1;0;1;0;0;0;0;0
5137;11;7;7501133;2020;11;18;2;3;2;6;2;0;1;0;0;0;0;1
5138;11;11;11300722;2020;5;11;2;3;2;6;0;0;1;0;0;0;0;1
5139;11;7;7100205;2020;8;14;2;3;1;5;0;1;1;0;0;0;0;0
5140;11;2;2400522;2020;6;15;4;2;6;4;0;0;1;1;0;0;0;0
5141;11;4;4100101;2020;5;15;5;3;2;6;0;0;1;0;0;0;0;0
5142;11;6;6300527;2020;4;15;6;2;5;2;0;0;1;0;0;0;0;0
5143;11;3;3701657;2020;9;9;4;3;2;6;0;1;1;0;0;0;0;0
5144;11;2;2500727;2020;12;19;5;3;5;2;2;1;1;0;0;0;0;1
5145;11;12;12500928;2020;8;8;4;3;5;2;0;1;1;0;0;0;0;0
5146;11;6;6400735;2020;6;16;6;3;0;5;0;1;1;0;0;0;0;1
5147;11;1;1100205;2020;10;17;7;3;2;6;0;0;1;0;0;0;0;0
5149;11;2;2500727;2020;4;13;5;2;3;6;0;1;0;0;0;0;0;0
5150;11;7;7501030;2020;11;12;4;2;3;6;0;1;1;0;0;0;0;0
5151;11;6;6300629;2020;9;15;3;3;5;3;0;0;1;0;1;0;0;0
5152;11;1;1100104;2020;8;14;2;2;2;6;0;0;0;0;1;0;1;0
5153;11;1;1300836;2020;4;17;5;3;2;6;0;0;1;0;0;0;0;0
5154;11;2;2500727;2020;10;21;6;3;5;2;2;1;1;0;0;0;0;1
5155;11;1;1100205;2020;8;12;4;3;3;6;0;1;0;0;0;1;0;0
5156;11;7;7400823;2020;7;12;4;3;3;6;0;0;1;0;1;0;0;1
5157;11;2;2500727;2020;6;6;6;3;5;2;0;1;0;0;0;0;1;1
5158;11;9;9100306;2020;11;13;5;3;3;6;0;0;1;0;1;0;0;0
5159;11;3;3601449;2020;4;16;5;3;5;2;0;1;1;0;0;0;0;0
5160;11;1;1100310;2020;9;14;5;3;5;3;0;1;1;0;0;0;0;0
5161;11;1;1100102;2020;11;11;2;3;5;3;0;0;1;0;0;0;0;0
5162;11;7;7400721;2020;6;16;2;3;2;6;0;0;1;0;0;0;0;0
5164;11;10;10300733;2020;4;15;5;3;2;2;0;0;1;0;0;0;0;0
5165;11;3;3701660;2020;9;8;5;2;5;2;0;1;0;0;0;0;0;0
5166;11;9;9100101;2020;7;12;6;3;0;6;0;0;0;0;0;0;1;0
5167;11;12;12400723;2020;4;12;5;3;0;1;0;1;0;0;0;0;0;0
5168;11;3;3701657;2020;10;13;5;3;5;2;0;1;1;0;0;0;0;0
5169;11;7;7601442;2020;12;14;3;3;1;5;0;0;1;0;0;0;1;1
5170;11;3;3200206;2020;5;9;2;3;5;2;0;1;1;0;0;0;0;0
5171;11;2;2500834;2020;8;20;6;2;3;6;1;1;0;0;0;0;0;0
5172;11;12;12100103;2020;7;18;3;3;2;2;0;0;1;0;0;0;0;0
5173;11;1;1401044;2020;5;15;1;3;0;7;0;1;1;0;0;0;0;0
5174;11;4;4400830;2020;10;17;4;3;2;6;1;0;1;0;0;0;0;0
5175;11;4;4200207;2020;4;14;4;3;2;6;0;0;1;0;0;0;1;0
5176;11;10;10100311;2020;9;16;1;3;3;6;0;0;1;0;1;0;0;0
5177;11;4;4200311;2020;11;20;2;3;3;6;2;0;1;0;0;1;0;0
5178;11;7;7501030;2020;5;8;2;3;3;6;0;1;0;0;0;0;1;1
5179;11;4;4200311;2020;8;10;6;2;6;4;0;1;0;1;0;0;0;0
5180;11;7;7501029;2020;6;13;7;3;5;3;0;1;1;0;0;0;0;0
5181;11;8;8200622;2020;4;8;4;3;5;3;0;0;1;0;0;1;0;0
5182;11;3;3601451;2020;10;20;7;3;0;1;2;1;0;0;0;0;0;0
5183;11;12;12100103;2020;12;18;5;3;3;6;2;0;1;0;1;0;0;0
5184;11;2;2500727;2020;8;9;2;3;5;2;0;0;1;0;0;0;1;0
5185;11;2;2500729;2020;7;14;4;3;6;4;0;0;0;1;0;0;1;1
5186;11;1;1200624;2020;4;16;3;3;2;6;0;0;1;0;0;0;0;0
5187;11;4;4200310;2020;10;11;5;3;2;6;0;0;1;0;0;0;0;0
5189;11;3;3200205;2020;4;13;3;3;5;3;0;0;1;0;1;0;0;0
5190;11;4;4501151;2020;9;16;3;3;2;6;0;0;1;0;0;0;0;0
5191;11;12;12400723;2020;11;14;1;3;0;1;0;1;0;0;0;0;0;0
5192;11;9;9100101;2020;9;19;6;2;8;1;0;0;1;0;0;0;0;0
5193;11;1;1100205;2020;5;17;2;3;0;1;0;0;0;0;1;0;0;1
5194;11;12;12100204;2020;8;19;7;3;5;2;0;1;1;0;0;0;0;1
5195;11;7;7601442;2020;6;16;3;3;2;6;0;0;1;0;0;0;0;0
5196;11;3;3701657;2020;4;19;3;3;5;2;0;1;1;0;0;0;0;0
5197;11;12;12100205;2020;9;18;2;3;5;2;1;1;1;0;0;0;0;0
5198;11;7;7400824;2020;12;20;2;3;5;2;2;0;1;0;0;0;0;0
5199;11;7;7300619;2020;5;15;2;3;2;6;0;0;1;0;0;0;0;1
5200;11;12;12100205;2020;8;20;7;3;5;3;1;0;1;0;0;0;0;0
5201;11;9;9200613;2020;6;13;2;2;3;6;0;0;0;0;1;1;0;0
5202;11;10;10100311;2020;4;20;3;2;0;1;2;1;0;0;0;0;0;0
5203;11;3;3601347;2020;10;14;7;2;0;1;0;1;0;0;0;0;0;0
5204;11;2;2200208;2020;12;14;6;3;2;6;0;0;1;0;0;0;0;0
5205;11;4;4200206;2020;8;17;3;2;5;3;0;0;0;0;1;0;1;0
5206;11;4;4300414;2020;7;16;5;3;3;6;0;1;0;0;0;0;0;0
5207;11;12;12500930;2020;10;11;6;2;2;6;0;0;1;0;1;0;0;0
5209;11;3;3400831;2020;4;10;3;3;5;7;0;1;1;0;0;0;0;0
5210;11;9;9100305;2020;9;15;4;3;5;2;0;0;1;0;1;0;0;0
5211;11;11;11300725;2020;11;8;2;3;0;6;0;0;1;0;1;0;0;1
5212;11;4;4100101;2020;5;14;2;3;2;6;0;0;1;0;0;1;0;1
5213;11;12;12200414;2020;8;22;1;3;3;6;2;0;1;0;0;1;0;0
5214;11;7;7400824;2020;6;11;3;3;5;3;0;1;0;0;0;0;1;0
5215;11;12;12400723;2020;4;11;2;3;5;3;0;1;1;0;0;0;0;0
5216;11;7;7200308;2020;9;9;2;2;0;2;0;1;0;0;0;0;1;0
5217;11;3;3100103;2020;12;14;4;3;2;6;0;0;0;0;0;1;1;1
5218;11;2;2200207;2020;8;14;3;3;0;3;0;1;0;0;1;0;0;0
5219;11;4;4501148;2020;6;16;5;3;2;6;0;0;1;0;1;0;0;0
5221;11;4;4200311;2020;4;7;2;3;2;6;0;0;1;0;0;1;0;0
5222;11;2;2500727;2020;11;15;2;3;5;2;0;1;1;0;0;0;0;0
5223;11;1;1100206;2020;9;23;2;2;9;1;2;0;1;0;0;0;0;0
5224;11;7;7400824;2020;8;18;7;3;1;5;0;0;1;0;0;0;1;0
5225;11;4;4300621;2020;4;15;2;3;3;6;0;1;0;0;0;0;0;0
5226;11;2;2200209;2020;10;6;5;3;0;6;2;0;0;0;1;0;1;1
5227;11;3;3400620;2020;8;19;3;3;5;2;0;0;1;0;0;0;1;0
5228;11;6;6100209;2020;7;0;3;3;8;1;2;0;1;0;0;0;0;0
5229;11;12;12200414;2020;6;17;5;3;2;6;0;0;1;0;0;0;0;1
5230;11;7;7400824;2020;11;0;4;3;5;2;2;0;1;0;0;0;0;0
5231;11;1;1100207;2020;4;15;2;3;2;6;0;0;1;0;0;0;0;0
5232;11;1;1100310;2020;9;8;5;3;2;6;0;0;1;0;1;0;0;0
5233;11;7;7601547;2020;11;7;2;3;6;3;0;0;1;1;0;0;0;0
5234;11;2;2500727;2020;6;1;7;3;0;1;2;1;0;0;0;0;0;1
5235;11;8;8100521;2020;4;15;7;2;0;1;0;0;0;0;1;0;0;0
5236;11;7;7300619;2020;9;14;4;2;5;3;0;0;1;0;0;0;1;0
5237;11;3;3601348;2020;7;20;5;3;5;2;1;1;1;0;0;0;0;0
5238;11;2;2500830;2020;4;11;7;3;0;7;0;1;0;1;0;0;0;0
5239;11;10;10100206;2020;10;12;4;3;5;3;0;0;1;0;0;0;1;1
5240;11;4;4400726;2020;12;0;6;3;9;1;2;0;1;0;0;0;0;0
5241;11;2;2100101;2020;8;8;5;3;5;2;0;1;1;0;0;0;0;0
5242;11;3;3200206;2020;7;17;3;3;5;2;0;1;1;0;0;0;0;0
5243;11;10;10100312;2020;5;9;7;3;5;3;0;1;1;0;0;0;0;0
5244;11;2;2200208;2020;10;14;3;3;0;1;0;1;0;0;0;0;0;1
5245;11;3;3501037;2020;4;12;6;3;2;6;0;0;1;0;0;0;0;0
5246;11;4;4400725;2020;9;18;1;3;2;6;0;0;1;0;0;0;0;0
5247;11;3;3601142;2020;11;13;2;2;5;3;0;0;1;0;1;0;0;0
5248;11;3;3400723;2020;5;18;1;2;0;1;0;0;0;0;1;0;0;1
5249;11;9;9100101;2020;8;15;5;3;0;1;0;1;0;0;0;0;0;0
5250;11;12;12400723;2020;6;15;6;3;5;7;0;0;0;0;1;0;1;0
5251;11;2;2200209;2020;4;11;5;3;3;6;0;1;0;0;0;1;0;0
5252;11;2;2500835;2020;10;16;6;3;2;7;0;0;1;0;0;0;1;0
5253;11;2;2500834;2020;12;17;3;3;1;5;2;1;1;0;0;0;0;0
5254;11;4;4400725;2020;8;14;1;3;0;6;0;0;1;0;1;0;0;0
5255;11;9;9100101;2020;6;10;3;3;5;2;0;0;1;0;1;0;0;0
5256;11;3;3701657;2020;3;5;3;2;6;2;2;0;1;1;0;0;0;1
5257;11;4;4300414;2020;10;7;4;3;3;6;0;0;1;0;1;0;0;1
5259;11;1;1200624;2020;3;12;3;3;2;6;0;0;1;0;0;0;1;0
5260;11;11;11300724;2020;9;15;2;3;5;3;0;1;1;0;0;0;0;0
5261;11;3;3601141;2020;11;11;7;3;3;6;0;1;1;0;0;0;0;0
5262;11;12;12100204;2020;9;16;6;2;5;3;0;1;1;0;0;0;0;0
5263;11;4;4100101;2020;3;12;3;3;2;6;0;0;1;0;0;0;0;0
5264;11;6;6400737;2020;5;12;7;2;0;7;0;0;1;0;0;0;0;0
5265;11;3;3701657;2020;8;1;7;3;2;2;2;0;1;0;0;0;1;0
5266;11;9;9100407;2020;7;22;3;2;2;6;2;0;1;0;0;0;0;0
5267;11;5;5200528;2020;6;11;2;3;2;6;0;0;1;0;0;0;1;0
5268;11;9;9200613;2020;3;19;2;3;5;3;2;1;1;0;0;0;0;0
5269;11;1;1401044;2020;9;19;7;3;2;6;1;0;1;0;0;0;0;1
5270;11;1;1401044;2020;12;15;2;3;0;2;1;0;1;0;1;0;0;1
5271;11;7;7601442;2020;6;15;4;3;3;6;0;0;1;0;1;0;0;0
5273;11;3;3200206;2020;3;9;2;3;2;6;0;0;1;0;0;0;0;0
5274;11;4;4400726;2020;11;14;6;3;2;6;0;0;1;0;0;0;0;0
5275;11;11;11401034;2020;9;17;7;3;9;1;0;0;1;0;0;0;0;0
5276;11;6;6300527;2020;7;23;5;2;5;3;2;0;1;0;0;0;0;0
5277;11;6;6400735;2020;3;16;7;3;0;4;0;0;0;1;1;0;0;0
5278;11;7;7400721;2020;10;14;2;2;5;3;0;0;1;0;1;0;0;0
5279;11;3;3601142;2020;8;13;2;3;2;6;0;1;1;0;0;0;0;0
5280;11;1;1400940;2020;7;1;1;2;2;3;2;0;1;0;0;0;0;0
5281;11;2;2400522;2020;6;19;3;3;3;6;0;1;1;0;0;0;0;0
5282;11;7;7501133;2020;11;17;1;3;5;2;2;0;1;0;0;0;0;1
5283;11;9;9100101;2020;3;13;7;3;2;6;0;1;1;0;0;0;0;0
5284;11;3;3601451;2020;9;14;3;3;9;1;0;0;0;0;0;0;1;0
5285;11;6;6400735;2020;11;16;7;3;2;6;2;0;1;0;0;0;0;0
5286;11;2;2500728;2020;6;14;5;2;2;6;0;0;1;0;0;0;0;0
5287;11;10;10400940;2020;3;18;7;3;5;2;1;0;1;0;0;0;0;0
5288;11;7;7601236;2020;8;16;2;3;6;4;0;0;1;1;0;0;0;1
5289;11;3;3601142;2020;7;11;4;3;6;4;0;1;1;1;0;0;0;0
5290;11;2;2500727;2020;6;11;4;3;0;3;0;1;0;0;0;0;1;0
5291;11;3;3601142;2020;6;12;4;3;2;6;0;0;1;0;0;0;0;0
5293;11;1;1100311;2020;3;14;6;3;3;6;0;0;1;0;1;0;0;0
5294;11;10;10300734;2020;11;10;2;3;2;6;0;0;1;0;0;0;0;0
5295;11;6;6300526;2020;9;13;1;3;9;1;0;0;0;0;1;0;0;0
5296;11;2;3701659;2020;7;8;6;3;5;3;0;1;1;0;0;0;0;0
5297;11;4;4400726;2020;3;17;6;3;3;6;0;0;1;0;1;0;0;0
5298;11;4;4400726;2020;10;20;4;3;2;6;2;0;1;0;0;0;1;1
5299;11;2;2500727;2020;8;13;3;3;5;2;0;1;1;0;0;0;0;1
5300;11;10;10400940;2020;7;13;2;3;2;6;0;0;1;0;0;0;0;0
5301;11;8;8200622;2020;6;18;4;3;2;6;0;0;1;0;0;0;0;0
5302;11;7;7501133;2020;11;14;2;3;5;7;0;0;1;0;0;0;1;0
5303;11;12;12400723;2020;3;15;6;3;5;3;0;0;1;0;1;0;0;0
5304;11;6;6300526;2020;9;12;4;3;3;6;0;0;1;0;1;0;0;0
5305;11;11;11300722;2020;11;0;7;3;2;6;2;1;0;0;0;0;0;0
5306;11;12;12100205;2020;6;14;6;3;6;4;0;1;0;1;0;0;0;0
5307;11;4;4300621;2020;3;15;5;3;5;3;0;0;1;0;0;0;0;0
5308;11;7;7501133;2020;9;7;3;2;5;3;0;0;1;0;0;0;0;0
5309;11;4;4300414;2020;7;12;5;3;6;4;0;1;0;1;0;0;0;0
5310;11;10;10100206;2020;3;19;5;2;5;2;2;0;1;0;0;0;0;0
5311;11;1;1300836;2020;10;16;4;3;2;6;0;0;1;0;0;0;0;1
5312;11;2;2200208;2020;12;21;4;3;9;1;2;0;1;0;0;0;0;1
5313;11;10;10100311;2020;8;11;5;2;0;1;0;0;1;0;1;0;0;0
5314;11;12;12100204;2020;7;14;2;3;5;2;0;1;1;0;0;0;0;0
5315;11;2;2400625;2020;5;12;6;3;4;7;0;1;0;1;0;0;0;0
5316;11;7;7601442;2020;10;15;2;2;2;6;1;0;1;0;0;1;0;0
5318;11;3;3701657;2020;3;19;4;3;5;2;2;1;1;0;0;0;0;0
5319;11;9;9200613;2020;9;13;6;3;5;3;0;1;0;0;0;1;0;0
5320;11;3;3601449;2020;11;21;4;3;6;4;2;0;0;1;1;0;0;0
5321;11;7;7601236;2020;5;12;7;3;1;5;0;0;1;0;0;0;1;0
5322;11;1;1100102;2020;8;8;4;3;2;6;0;0;1;0;0;0;0;0
5323;11;3;3701659;2020;6;8;6;3;5;3;0;1;1;0;0;0;0;0
5324;11;6;6400737;2020;3;12;4;3;5;2;0;0;1;0;0;0;0;0
5325;11;7;7400824;2020;10;14;5;3;2;6;0;0;1;0;0;0;0;0
5326;11;4;4400727;2020;12;14;3;3;2;6;0;0;1;0;0;0;0;0
5327;11;1;1100310;2020;8;20;7;3;5;3;0;1;1;0;0;0;0;0
5328;11;2;2500727;2020;6;11;2;3;5;2;0;1;1;0;0;0;0;0
5329;11;4;4300414;2020;3;18;3;2;0;1;1;1;0;0;0;0;0;0
5330;11;4;4200308;2020;10;19;3;3;2;6;2;0;1;0;0;0;0;0