OBJECTID;LAND;BEZ;LOR_ab_2021;UJAHR;UMONAT;USTUNDE;UWOCHENTAG;UKATEGORIE;UART;UTYP1;ULICHTVERH;IstRad;IstPKW;IstFuss;IstKrad;IstGkfz;IstSonstige;USTRZUSTAND
5332;11;3;3601449;2020;3;16;3;3;2;6;0;0;1;0;0;1;0;0
5333;11;4;4100101;2020;9;18;1;3;2;6;0;0;1;0;0;0;0;0
5334;11;11;11100101;2020;11;8;6;3;5;2;0;1;0;0;0;1;0;0
5335;11;1;1100104;2020;9;9;5;3;2;6;0;0;1;0;1;0;0;0
5336;11;10;10100206;2020;3;7;3;3;2;6;0;0;1;0;0;0;0;0
5337;11;3;3701660;2020;5;10;7;3;6;4;0;0;1;1;0;0;0;0
5338;11;8;8200622;2020;8;18;5;3;3;6;0;0;1;0;0;1;0;0
5339;11;1;1100310;2020;7;7;1;2;9;1;0;0;0;0;1;0;0;0
5340;11;4;4300620;2020;6;18;1;2;5;3;0;0;0;0;1;0;1;0
5341;11;6;6300527;2020;3;15;2;2;2;6;0;0;1;0;0;0;0;0
5342;11;3;3701660;2020;9;8;6;3;1;5;0;1;1;0;0;0;0;1
5343;11;9;9100101;2020;12;14;1;3;2;6;0;0;1;0;0;0;0;0
5344;11;1;1100104;2020;6;12;4;3;0;6;0;0;0;0;1;0;1;0
5346;11;4;4300414;2020;3;13;2;3;0;2;0;1;1;0;0;0;0;0
5347;11;1;1100310;2020;9;13;7;3;5;2;0;1;1;0;0;0;0;0
5348;11;7;7501133;2020;7;11;4;3;2;6;0;0;1;0;0;0;1;0
5349;11;12;12100205;2020;3;17;1;3;5;3;0;0;1;0;0;0;0;0
5350;11;2;2400521;2020;10;20;7;3;5;3;2;1;1;0;0;0;0;0
5351;11;10;10400941;2020;8;8;2;3;5;7;0;0;1;0;0;0;0;0
5352;11;12;12100204;2020;7;14;6;2;5;2;0;1;1;0;0;0;0;1
5353;11;7;7400825;2020;6;10;3;3;5;2;0;1;0;0;0;0;1;0
5354;11;4;4300414;2020;10;19;6;3;6;2;2;0;1;1;0;0;0;1
5355;11;11;11401034;2020;3;17;7;2;2;6;0;0;1;0;0;0;0;0
5356;11;2;2500728;2020;9;16;3;3;2;6;0;0;1;0;0;0;0;0
5357;11;1;1400940;2020;11;9;5;3;5;2;0;1;1;0;0;0;0;1
5358;11;7;7400824;2020;6;7;4;2;5;2;0;0;1;0;0;0;1;0
5359;11;4;4501151;2020;8;11;2;3;3;6;0;0;1;0;0;1;0;0
5360;11;10;10400837;2020;6;17;3;3;0;2;0;1;1;0;0;0;0;0
5361;11;11;11300722;2020;3;10;6;3;2;6;0;0;1;0;0;0;0;0
5362;11;4;4200207;2020;10;18;2;2;2;6;1;0;1;0;0;0;0;1
5363;11;2;2100101;2020;12;17;7;3;5;3;2;1;1;0;0;0;0;1
5364;11;2;2500727;2020;8;0;3;3;5;3;2;0;0;0;1;0;1;0
5365;11;6;6400737;2020;7;15;6;3;2;7;0;1;1;0;0;0;0;0
5366;11;12;12100103;2020;5;13;3;2;5;2;0;0;1;0;0;0;0;0
5367;11;3;3601452;2020;10;19;1;3;2;6;2;0;1;0;0;0;0;0
5369;11;4;4300415;2020;3;16;4;3;2;6;0;0;1;0;0;0;0;0
5370;11;3;3601141;2020;9;13;5;3;6;4;0;1;0;1;0;0;0;0
5371;11;12;12200310;2020;11;7;3;3;2;6;2;0;1;0;0;0;0;1
5372;11;4;4100101;2020;5;16;7;3;2;6;0;0;1;0;0;0;0;0
5373;11;5;5200634;2020;8;17;3;3;2;6;0;0;1;0;1;0;0;0
5374;11;2;2100101;2020;6;8;4;3;0;1;0;1;0;0;0;0;0;0
5375;11;2;2500727;2020;5;9;5;3;0;2;0;0;1;0;1;0;0;0
5376;11;2;2400625;2020;3;20;4;3;3;6;2;1;0;0;0;0;0;0
5377;11;3;3701659;2020;9;6;4;3;5;2;1;1;1;0;0;0;0;0
5378;11;7;7601236;2020;12;18;6;3;2;5;2;0;1;0;0;0;1;0
5379;11;8;8100521;2020;8;15;4;3;2;6;0;0;0;0;0;0;1;0
5380;11;6;6300629;2020;6;18;7;3;1;1;0;1;1;0;0;0;0;0
5381;11;4;4200308;2020;3;16;4;3;2;6;0;0;1;0;0;0;0;0
5382;11;12;12100204;2020;10;13;3;3;2;6;0;0;1;0;0;0;0;0
5383;11;7;7300619;2020;12;12;3;3;5;3;0;1;1;0;0;0;0;1
5384;11;7;7501133;2020;8;16;4;3;5;3;0;1;1;0;0;0;0;0
5385;11;6;6400735;2020;7;19;1;3;8;1;0;1;0;0;0;0;0;1
5386;11;3;3701657;2020;5;5;5;3;5;2;1;1;1;0;0;0;0;0
5387;11;4;4300622;2020;10;8;2;3;2;6;0;0;1;0;0;0;1;1
5389;11;7;7601544;2020;3;8;4;3;6;2;0;0;1;1;0;0;0;0
5390;11;4;4300621;2020;9;13;5;3;3;6;0;1;0;0;0;0;0;0
5391;11;1;1100102;2020;11;17;3;3;2;2;2;0;1;0;0;0;0;1
5392;11;5;5200634;2020;5;16;7;3;0;7;0;1;0;0;0;0;0;0
5393;11;6;6300629;2020;8;14;3;3;5;3;0;1;1;0;0;0;0;0
5394;11;3;3200206;2020;6;18;5;3;5;5;0;0;1;0;1;0;0;1
5395;11;2;2500835;2020;5;18;5;3;0;3;0;1;0;0;0;0;1;0
5396;11;3;3701657;2020;3;15;3;3;5;2;0;0;1;0;0;0;1;0
5397;11;7;7400824;2020;10;5;5;2;5;2;2;0;1;0;1;0;0;0
5398;11;6;6400737;2020;12;5;7;3;3;6;2;0;1;0;0;0;0;0
5399;11;4;4200311;2020;8;17;5;3;2;6;0;0;1;0;0;0;0;0
5400;11;12;12100205;2020;6;13;1;3;0;1;0;0;0;0;1;0;0;1
5401;11;7;7601442;2020;3;18;3;2;5;7;1;0;1;0;1;0;0;0
5402;11;12;12100101;2020;10;16;2;3;0;3;0;0;1;0;1;0;0;0
5404;11;6;6400737;2020;3;16;3;2;0;1;0;1;0;0;0;0;0;0
5405;11;7;7200308;2020;11;14;5;3;6;4;0;1;0;1;0;0;0;0
5406;11;1;1100310;2020;9;10;4;3;3;6;0;1;1;0;0;0;0;0
5407;11;4;4400725;2020;3;9;3;3;5;3;0;0;1;0;0;1;0;0
5408;11;4;4200310;2020;10;16;7;3;2;6;0;0;1;0;0;0;0;0
5409;11;2;2400522;2020;8;14;5;3;2;6;0;0;1;0;0;0;0;0
5410;11;6;6300527;2020;7;16;6;3;2;6;0;0;1;0;0;0;1;1
5411;11;7;7601442;2020;6;8;6;3;2;6;0;0;1;0;0;0;0;0
5412;11;4;4300413;2020;3;5;3;3;2;6;1;0;1;0;0;0;0;0
5413;11;7;7200411;2020;9;17;5;2;2;6;0;0;1;0;0;0;0;0
5414;11;7;7400928;2020;12;16;6;3;2;6;2;0;1;0;0;0;0;0
5415;11;1;1300836;2020;6;17;3;3;2;6;0;0;1;0;0;0;0;0
5417;11;4;4300621;2020;3;14;3;3;5;2;0;1;1;0;0;0;0;0
5418;11;4;4300414;2020;9;9;6;3;0;6;0;0;1;0;1;0;0;1
5419;11;3;3601142;2020;7;23;2;2;1;5;2;1;1;0;0;0;0;1
5420;11;2;2400522;2020;3;12;2;3;2;6;0;0;1;0;0;0;0;0
5421;11;2;2400625;2020;10;19;6;3;6;7;2;1;0;1;0;0;0;1
5422;11;3;3400826;2020;12;11;5;2;5;3;0;0;1;0;0;0;1;0
5423;11;1;1300836;2020;8;12;1;2;5;2;0;0;1;0;0;0;0;0
5424;11;12;12100204;2020;7;17;5;2;0;6;0;0;0;0;1;0;1;1
5425;11;7;7501030;2020;5;16;2;3;5;2;0;0;1;0;0;0;0;1
5426;11;7;7400824;2020;6;16;2;3;3;2;0;0;1;0;1;0;0;0
5427;11;9;9100305;2020;10;9;5;3;0;1;0;1;1;0;0;0;0;1
5428;11;7;7501135;2020;3;11;2;2;2;6;0;0;1;0;1;0;0;0
5429;11;4;4501151;2020;9;9;2;3;2;6;0;0;1;0;0;0;0;0
5430;11;1;1300836;2020;11;19;4;3;2;6;2;0;1;0;0;0;0;0
5431;11;7;7501133;2020;6;12;4;3;0;2;0;1;1;0;0;0;0;0
5432;11;9;9200613;2020;8;15;7;3;1;5;0;1;0;0;0;0;1;0
5433;11;12;12400723;2020;6;7;3;3;5;2;0;0;1;0;1;0;0;0
5434;11;1;1100102;2020;3;18;2;3;2;6;2;0;1;0;0;0;0;0
5435;11;12;12100204;2020;10;18;2;2;0;1;2;0;0;0;1;0;0;1
5436;11;7;7501133;2020;12;7;6;3;1;5;1;0;1;0;0;0;0;1
5437;11;6;6400737;2020;8;8;3;3;5;3;0;0;1;0;0;0;0;0
5438;11;12;12500928;2020;7;17;5;3;5;2;0;1;1;0;0;0;0;0
5439;11;3;3601141;2020;10;19;6;3;5;2;2;1;1;0;0;0;0;1
5441;11;6;6300629;2020;3;13;2;3;3;6;0;1;0;0;0;0;0;0
5442;11;5;5200633;2020;9;9;4;3;2;6;0;0;1;0;0;0;0;0
5443;11;4;4200311;2020;11;6;2;2;6;4;1;0;1;1;0;0;0;1
5444;11;2;2400625;2020;5;14;7;3;6;7;0;1;0;1;0;0;0;0
5445;11;2;2500729;2020;8;8;2;2;6;7;0;1;0;1;0;0;0;0
5446;11;6;6400735;2020;6;18;4;3;5;2;0;1;1;0;0;0;0;0
5447;11;2;2500727;2020;5;23;4;3;5;2;2;1;1;0;0;0;0;0
5448;11;3;3601348;2020;3;17;1;3;0;4;1;0;0;1;0;0;1;0
5449;11;12;4100101;2020;9;5;3;3;2;6;2;0;1;0;0;0;0;0
5450;11;9;9100101;2020;12;20;5;3;2;6;2;0;1;0;1;0;0;1
5451;11;3;3701659;2020;8;18;3;3;5;2;0;1;1;0;0;0;0;0
5452;11;7;7400822;2020;6;12;6;3;2;6;0;0;1;0;0;0;0;0
5453;11;4;4400726;2020;10;13;7;3;2;6;0;0;1;0;0;0;0;0
5455;11;9;9100409;2020;3;16;1;3;2;6;0;0;1;0;1;0;0;0
5456;11;9;9100306;2020;11;5;4;2;0;6;2;0;1;0;1;0;0;0
5457;11;3;3601142;2020;9;15;2;3;3;6;0;1;1;0;0;0;0;0
5458;11;12;12100103;2020;8;12;1;3;5;2;0;0;1;0;1;0;0;1
5459;11;9;9100101;2020;3;15;1;3;3;6;0;0;1;0;0;0;0;0
5460;11;4;4200311;2020;10;19;5;3;2;6;2;0;1;0;0;0;0;1
5461;11;7;7400825;2020;8;11;4;3;1;5;0;1;1;0;0;0;0;0
5462;11;3;3601449;2020;7;15;3;3;5;2;0;1;1;0;0;0;0;0
5463;11;12;12601032;2020;5;15;2;3;2;6;0;0;1;0;1;0;0;1
5464;11;3;3701660;2020;6;14;5;3;2;6;0;1;1;0;0;0;0;0
5465;11;9;9100202;2020;11;12;4;3;3;6;0;1;0;0;0;0;0;0
5466;11;12;12100205;2020;3;18;1;3;5;2;2;0;1;0;0;0;0;0
5467;11;10;10100210;2020;9;6;5;2;2;6;2;0;1;0;0;0;1;0
5468;11;2;2400521;2020;11;9;2;3;6;4;0;1;1;1;0;0;0;0
5469;11;1;1100102;2020;6;12;1;3;5;3;0;0;1;0;0;0;0;0
5471;11;7;7400720;2020;3;16;7;3;2;6;0;0;1;0;0;0;0;0
5472;11;7;7400824;2020;9;21;4;3;6;2;2;0;1;1;0;0;0;0
5473;11;4;4200310;2020;7;7;6;3;3;6;0;1;0;0;0;0;1;0
5474;11;2;2200208;2020;3;17;6;3;2;6;0;0;1;0;0;0;0;0
5475;11;8;8200624;2020;10;17;5;3;2;6;1;0;1;0;0;0;0;1
5476;11;7;7400928;2020;12;20;2;3;9;1;2;0;1;0;0;0;0;2
5477;11;4;4300414;2020;10;14;1;3;3;6;0;0;1;0;0;0;0;1
5479;11;7;7601442;2020;3;13;6;3;2;6;0;0;1;0;1;0;0;0
5480;11;3;3701657;2020;11;17;4;3;3;6;2;0;1;0;1;0;0;0
5481;11;1;1100104;2020;9;18;3;3;5;2;0;0;1;0;0;0;0;0
5482;11;1;1300836;2020;8;8;2;3;1;5;0;1;1;0;0;0;0;0
5483;11;10;10100206;2020;3;14;6;3;6;4;0;0;1;1;0;0;0;1
5484;11;6;6300527;2020;10;13;6;3;2;2;0;0;1;1;0;0;0;0
5485;11;4;4400726;2020;8;17;4;3;2;6;0;0;1;0;0;0;1;0
5486;11;1;1100205;2020;7;18;4;3;0;1;0;0;0;0;1;0;0;1
5487;11;4;4300622;2020;5;14;2;2;0;7;0;1;0;0;0;0;0;1
5488;11;6;6400735;2020;6;14;6;3;5;3;0;0;1;0;0;0;0;0
5489;11;4;4200206;2020;3;12;5;3;2;6;0;0;1;0;0;0;0;0
5490;11;12;12400721;2020;9;15;5;3;2;6;0;0;1;0;0;0;0;0
5491;11;4;4300414;2020;12;18;3;2;5;2;2;0;1;0;0;0;0;0
5492;11;10;10100311;2020;6;14;2;3;2;6;0;0;1;0;1;0;0;0
5494;11;7;7400825;2020;3;12;5;3;0;6;0;0;1;0;1;0;0;1
5495;11;7;7200411;2020;9;21;5;3;1;5;1;1;1;0;0;0;0;0
5496;11;4;4200207;2020;7;12;7;3;2;6;0;0;1;0;0;0;1;0
5497;11;1;1400940;2020;3;10;5;3;5;3;0;0;1;0;0;0;0;1
5498;11;7;7601544;2020;10;16;5;3;1;7;0;0;1;0;0;0;0;1
5499;11;9;9100203;2020;12;13;4;3;5;3;0;0;1;0;0;0;1;0
5500;11;2;2500727;2020;5;19;7;3;0;1;0;1;0;0;0;0;0;0
5501;11;7;7400825;2020;8;21;7;3;2;6;2;0;1;0;0;0;0;0
5502;11;7;7300619;2020;7;9;5;3;5;3;0;0;1;0;0;0;0;0
5503;11;4;4200206;2020;6;17;2;3;2;6;0;0;1;0;0;0;0;0
5504;11;4;4300414;2020;10;8;4;3;2;6;0;0;1;0;0;0;1;0
5505;11;7;7400721;2020;3;10;5;3;2;6;0;0;1;0;0;0;1;1
5506;11;10;10300733;2020;9;16;2;3;5;2;0;1;1;0;0;0;0;0
5507;11;7;7100206;2020;11;9;3;3;2;6;0;0;1;0;0;0;0;0
5508;11;3;3200206;2020;5;19;6;3;2;6;0;0;1;0;0;0;0;0
5509;11;3;3601452;2020;8;18;7;3;1;5;0;1;1;0;0;0;0;0
5510;11;3;3601347;2020;6;9;1;3;2;6;0;0;1;0;0;0;0;0
5511;11;3;3701657;2020;3;15;4;3;2;6;0;1;1;0;0;0;0;0
5512;11;4;4300415;2020;10;16;7;3;3;6;0;0;1;0;0;1;0;0
5513;11;6;6300527;2020;12;16;5;3;5;2;2;0;1;0;0;0;1;0
5514;11;10;10100208;2020;8;14;3;3;2;6;0;0;1;0;0;0;0;0
5515;11;10;10400837;2020;7;13;5;3;2;6;0;0;1;0;0;0;1;0
5516;11;3;3200205;2020;3;18;3;3;5;3;2;1;1;0;0;0;0;1
5517;11;4;4400725;2020;10;18;6;3;2;6;1;0;1;0;0;0;0;1
5519;11;10;10400941;2020;3;17;3;3;5;2;1;0;1;0;0;0;0;1
5520;11;7;7400720;2020;9;17;4;3;2;6;0;0;1;0;1;0;0;0
5521;11;5;5200528;2020;11;8;2;3;5;2;0;1;1;0;0;0;0;1
5522;11;4;4400727;2020;9;12;7;3;2;6;0;0;1;0;0;0;0;0
5523;11;7;7400720;2020;5;12;6;3;2;6;0;0;1;0;0;0;0;0
5524;11;2;3601452;2020;8;16;1;3;3;5;0;1;0;0;0;0;1;0
5525;11;7;7200411;2020;6;20;3;3;0;6;1;0;0;0;0;0;1;0
5526;11;3;3601449;2020;3;16;3;2;6;4;0;0;1;1;0;0;0;1
5527;11;7;7601442;2020;9;0;2;3;3;6;2;0;1;0;0;0;0;0
5528;11;4;4300622;2020;12;15;4;3;3;6;0;0;1;0;0;0;0;1
5529;11;6;6300527;2020;8;9;3;3;5;2;0;0;1;0;0;0;0;0
5530;11;12;12601032;2020;6;11;5;3;5;3;0;0;1;0;0;0;0;0
5532;11;3;3601347;2020;3;16;3;3;5;3;0;1;1;0;0;0;0;1
5533;11;4;4300414;2020;11;8;2;3;3;6;0;1;0;0;0;0;0;0
5534;11;1;1100102;2020;9;12;2;3;5;2;0;1;1;0;0;0;0;0
5535;11;7;7400825;2020;8;12;7;3;0;6;0;0;1;0;1;0;0;0
5536;11;4;4200206;2020;3;16;3;2;6;4;0;0;0;1;1;0;0;1
5537;11;3;3400620;2020;10;16;4;3;3;6;0;1;1;0;0;0;0;1
5538;11;7;7601547;2020;8;10;3;3;2;6;0;0;1;0;0;0;0;0
5539;11;9;9100305;2020;7;13;2;3;5;3;0;1;1;0;0;0;0;0
5540;11;5;5200528;2020;5;14;2;3;5;2;0;1;1;0;0;0;0;0
5541;11;1;1100102;2020;6;18;5;3;5;2;0;1;1;0;0;0;0;1
5542;11;3;3701660;2020;11;14;3;3;1;5;0;1;0;0;0;0;1;0
5543;11;7;7400824;2020;3;13;3;3;2;6;0;0;1;0;0;0;1;1
5544;11;9;9100202;2020;9;16;4;3;0;6;0;0;1;0;0;0;1;0
5545;11;7;7200410;2020;11;17;2;3;1;5;2;1;1;0;0;0;0;0
5546;11;4;4300414;2020;6;10;7;3;1;5;0;0;1;0;0;0;0;0
5547;11;2;2400522;2020;3;12;3;3;0;6;0;0;1;0;1;0;0;1
5548;11;1;1300836;2020;9;9;4;3;5;2;0;1;1;0;0;0;0;0
5549;11;1;1400940;2020;7;16;5;3;0;2;0;0;1;0;1;0;0;0
5550;11;10;10100210;2020;3;12;3;3;2;6;0;0;1;0;0;0;0;1
5551;11;1;1100102;2020;10;8;4;3;5;2;0;1;1;0;0;0;0;0
5552;11;12;12100205;2020;12;13;5;3;0;2;0;0;1;0;1;0;0;1
5553;11;10;10400837;2020;8;16;5;2;5;3;0;1;1;0;0;0;0;0
5554;11;6;6300526;2020;7;20;2;2;6;2;0;1;0;1;0;0;0;1
5555;11;7;7501133;2020;5;16;6;3;2;2;0;0;1;0;1;0;0;0
5556;11;1;1100311;2020;10;8;3;3;3;6;0;1;1;0;1;0;0;0
5557;11;4;4200311;2020;3;16;2;2;3;6;0;0;1;0;1;0;0;0
5558;11;7;7400721;2020;9;17;7;3;2;6;0;0;1;0;0;0;0;0
5559;11;3;3701657;2020;11;11;6;3;5;3;0;1;1;0;0;0;0;0
5560;11;9;9200613;2020;5;13;5;2;3;6;0;0;0;0;1;0;1;0
5561;11;7;7501133;2020;8;14;5;3;5;3;0;0;1;0;1;0;0;0
5562;11;3;3601449;2020;6;13;6;3;2;6;0;0;0;0;0;1;0;0
5563;11;3;3400831;2020;3;16;2;3;5;3;0;1;1;0;0;0;0;1
5564;11;2;2500727;2020;10;12;6;3;5;2;0;1;1;0;0;0;0;0
5565;11;7;7200308;2020;12;15;3;3;2;6;1;0;1;0;0;0;0;0
5566;11;7;7100205;2020;8;17;1;3;2;6;0;0;1;0;0;0;0;0
5567;11;7;7300619;2020;6;23;2;2;9;1;2;0;1;0;0;0;0;0
5568;11;7;7200308;2020;3;10;2;3;5;2;0;1;0;0;0;0;1;1
5569;11;9;9100101;2020;10;10;4;3;2;6;0;0;1;0;0;0;1;1
5571;11;1;1100104;2020;3;7;2;3;6;4;0;0;0;1;0;0;1;1
5572;11;1;1400940;2020;9;13;2;3;5;3;0;1;1;0;0;0;0;0
5573;11;2;2500727;2020;11;12;6;3;5;2;0;1;0;0;0;0;1;0
5574;11;1;1100206;2020;9;10;6;3;2;6;0;1;0;0;0;0;1;0
5575;11;1;1100102;2020;8;18;6;3;3;6;0;1;0;0;0;0;1;0
5576;11;1;1401044;2020;7;22;3;3;2;3;2;0;1;0;0;0;0;1
5577;11;2;2400521;2020;5;17;7;3;2;6;0;0;1;0;0;0;0;0
5578;11;9;9100306;2020;10;7;3;3;2;6;0;0;1;0;0;0;1;0
5579;11;4;4200310;2020;3;3;1;2;0;1;2;0;0;0;1;0;0;1
5580;11;4;4400727;2020;9;15;1;3;2;6;0;0;1;0;0;0;0;0
5581;11;3;3200205;2020;11;10;2;3;5;2;0;1;1;0;0;0;0;0
5582;11;3;3701657;2020;5;18;5;3;5;2;0;1;1;0;0;0;0;0
5583;11;7;7501030;2020;8;18;5;3;5;3;0;0;1;0;1;0;0;0
5584;11;2;2500729;2020;6;12;7;3;3;1;0;0;1;0;1;0;0;0
5585;11;1;1100310;2020;3;14;7;3;3;2;0;0;1;0;0;0;1;0
5586;11;4;4200308;2020;10;19;6;3;2;6;2;0;1;0;0;0;0;0
5587;11;4;4300413;2020;12;11;5;3;2;6;0;0;1;0;0;0;0;0
5588;11;3;3601139;2020;8;9;2;2;5;2;0;1;1;0;0;0;0;0
5589;11;3;3701657;2020;7;0;4;1;9;1;2;0;0;0;1;0;0;0
5590;11;3;3701660;2020;3;1;7;3;2;2;2;1;1;0;0;0;0;1
5591;11;4;4400725;2020;10;16;5;3;2;6;0;0;1;0;0;0;0;0
5593;11;12;12601031;2020;3;18;6;3;2;6;2;0;1;0;0;0;0;1
5594;11;10;10400941;2020;9;15;3;3;2;6;0;0;1;0;1;0;0;0
5595;11;12;12400723;2020;11;14;1;3;2;7;0;0;1;0;0;0;1;0
5596;11;1;1401044;2020;9;17;6;3;2;6;0;0;1;0;1;0;0;0
5597;11;1;1100310;2020;5;18;5;3;2;6;0;0;1;0;1;0;0;0
5598;11;1;1100104;2020;8;11;7;3;0;2;0;0;1;0;1;0;0;1
5599;11;4;4200311;2020;7;18;3;3;6;7;0;0;0;1;0;0;1;0
5600;11;4;4200207;2020;6;10;3;3;3;6;0;0;1;0;0;1;0;0
5601;11;9;9200613;2020;3;17;6;3;5;3;1;1;1;0;0;0;0;1
5602;11;4;4400726;2020;9;21;7;3;9;1;2;0;1;0;0;0;0;1
5603;11;4;4200207;2020;12;8;2;3;0;6;0;0;1;0;0;0;0;0
5604;11;2;2400625;2020;6;8;4;2;6;4;0;1;0;1;0;0;0;0
5606;11;6;6300527;2020;3;15;6;3;8;1;0;1;1;0;0;0;0;1
5607;11;9;9100203;2020;11;8;2;3;5;3;0;1;0;0;0;1;0;0
5608;11;1;1100102;2020;9;23;7;2;0;1;2;0;0;0;0;0;1;0
5609;11;6;6400737;2020;7;17;6;2;0;1;0;1;0;0;0;0;0;0
5610;11;4;4400726;2020;3;15;6;3;2;6;0;0;1;0;0;0;0;1
5611;11;7;7400824;2020;10;7;4;3;0;2;1;0;0;0;0;1;1;1
5612;11;5;5400943;2020;8;16;3;3;5;3;0;0;1;0;0;0;0;0
5613;11;3;3601449;2020;7;2;1;3;0;1;2;0;0;0;0;0;1;0
5614;11;2;2500727;2020;5;12;2;3;0;6;0;0;1;0;1;0;0;1
5615;11;11;11400931;2020;6;16;4;2;3;6;0;0;1;0;1;0;0;0
5616;11;2;2400625;2020;11;10;2;3;0;1;0;1;0;0;0;0;0;0
5617;11;3;3400826;2020;3;8;6;3;5;2;0;1;1;0;0;0;0;1
5618;11;12;12200310;2020;9;19;4;2;2;6;1;0;0;0;1;0;1;0
5619;11;2;2500726;2020;11;14;7;3;3;6;0;1;1;0;0;0;0;0
5620;11;4;4100101;2020;6;12;6;3;2;6;0;0;1;0;0;0;0;0
5621;11;2;2500727;2020;3;14;6;3;5;2;0;1;0;0;0;0;1;1
5622;11;9;9200613;2020;9;7;3;3;2;6;0;0;1;0;0;0;1;0
5623;11;4;4300622;2020;7;18;4;3;4;6;0;1;0;0;0;0;0;0
5624;11;2;2200208;2020;3;18;5;3;3;6;2;1;0;0;0;0;0;0
5625;11;4;4300414;2020;10;15;4;3;2;6;0;0;1;0;0;0;0;1
5626;11;1;1100310;2020;12;10;4;3;3;6;0;1;1;0;0;0;0;1
5627;11;1;1200624;2020;8;18;4;3;3;6;0;0;1;0;1;0;0;0
5628;11;6;6300526;2020;7;11;2;2;6;4;0;1;0;1;0;0;0;0
5629;11;12;12200414;2020;5;16;5;3;2;6;0;0;1;0;0;0;0;0
5630;11;2;2400522;2020;10;0;2;3;0;6;2;0;1;0;0;0;0;0
5632;11;3;3701659;2020;3;15;5;3;5;3;0;1;0;0;0;0;1;0
5633;11;3;3601449;2020;9;16;6;3;2;6;0;0;1;0;0;1;0;0
5634;11;7;7400720;2020;11;18;4;3;5;2;2;1;1;0;0;0;0;0
5635;11;4;4200206;2020;5;8;5;3;2;6;0;0;1;0;0;0;0;0
5636;11;12;12100103;2020;8;6;4;3;5;2;0;1;1;0;0;0;0;1
5637;11;3;3500936;2020;6;10;5;3;0;7;0;0;1;0;1;0;0;1
5638;11;9;9100101;2020;5;14;3;2;5;2;0;1;0;0;0;0;1;0
5639;11;2;2200208;2020;3;12;5;3;2;6;0;0;1;0;0;0;0;0
5640;11;3;3200206;2020;10;8;5;3;5;3;0;1;1;0;0;0;0;0
5641;11;3;3500936;2020;12;13;2;3;3;6;0;1;0;0;0;1;0;1
5642;11;6;6400737;2020;8;17;6;3;2;6;0;0;1;0;0;0;0;0
5643;11;12;12100204;2020;6;14;2;3;6;4;0;1;0;1;0;0;0;0
5644;11;1;1400940;2020;3;11;5;2;5;3;0;0;1;0;1;0;0;0
5645;11;4;4300414;2020;10;15;2;3;0;7;0;1;1;0;0;0;0;0
5647;11;3;3400831;2020;3;9;5;3;5;3;0;1;1;0;0;0;0;0
5648;11;2;2500727;2020;11;18;6;3;5;3;2;1;1;0;0;0;0;0
5649;11;12;12200412;2020;9;20;5;3;3;6;1;0;1;0;0;1;0;0
5650;11;3;3601141;2020;3;9;5;3;5;3;0;1;0;0;0;0;0;0
5651;11;3;3601449;2020;5;0;5;3;5;2;2;1;1;0;0;0;0;0
5652;11;1;1100310;2020;8;18;5;3;5;2;0;1;1;0;0;0;0;0
5653;11;5;5200634;2020;7;21;7;3;0;1;2;1;0;0;0;0;0;0
5654;11;4;4400727;2020;6;21;7;3;3;6;1;0;1;0;0;0;0;0
5655;11;7;7100205;2020;3;8;5;3;3;6;0;1;1;0;0;0;0;0
5656;11;12;12500930;2020;9;5;5;2;5;3;2;0;1;0;1;0;0;0
5657;11;10;10100312;2020;12;12;7;3;5;7;0;0;1;0;0;0;0;0
5658;11;4;4400726;2020;6;10;3;3;3;6;0;0;1;0;0;0;0;0
5660;11;4;4400725;2020;3;12;4;3;2;6;0;0;0;0;0;1;1;1
5661;11;1;1100102;2020;9;15;6;3;1;7;0;0;1;0;0;0;1;0
5662;11;9;9100203;2020;7;13;3;3;5;3;0;1;1;0;0;0;0;0
5663;11;3;3601449;2020;3;9;4;3;5;2;0;0;1;0;0;0;1;0
5664;11;7;7400822;2020;10;17;6;3;2;6;0;0;1;0;0;0;0;0
5665;11;7;7601442;2020;8;18;1;3;5;7;0;0;1;0;0;0;0;0
5666;11;9;9100101;2020;7;14;6;3;2;6;0;0;1;0;0;1;0;1
5667;11;10;10100311;2020;6;3;3;2;1;5;2;0;1;0;0;0;1;0
5668;11;7;7200411;2020;3;9;4;3;2;6;0;0;1;0;0;1;0;0
5669;11;1;1300836;2020;5;15;4;3;5;2;0;1;1;0;0;0;0;0
5670;11;7;7100206;2020;8;14;6;2;5;3;0;1;0;0;0;0;1;0
5671;11;1;1100102;2020;7;12;3;3;0;1;0;0;0;0;1;0;0;0
5672;11;2;2100101;2020;6;13;1;3;5;3;0;0;1;0;0;0;0;0
5673;11;12;12400723;2020;3;9;4;3;5;3;0;0;1;0;0;0;0;0
5674;11;7;7300619;2020;9;15;6;3;2;6;0;0;1;0;0;0;0;0
5675;11;7;7501030;2020;12;14;2;3;1;5;0;1;1;0;0;0;0;1
5676;11;7;7200308;2020;6;15;4;3;6;4;0;0;1;1;0;0;0;0
5678;11;11;11300725;2020;3;8;4;2;1;7;0;1;0;0;1;0;0;0
5679;11;3;3601449;2020;11;13;5;2;6;4;0;0;1;1;0;0;0;0
5680;11;4;4100101;2020;9;16;7;2;2;6;0;0;1;0;0;0;0;0
5681;11;2;2200208;2020;7;15;5;3;5;2;0;1;1;0;0;0;0;0
5682;11;4;4200311;2020;3;7;4;3;2;6;0;0;1;0;1;0;0;0
5683;11;10;10300733;2020;10;20;1;3;5;2;2;0;1;0;0;0;0;0
5684;11;3;3500934;2020;8;10;2;2;3;6;0;0;0;0;1;1;0;0
5685;11;7;7601544;2020;7;14;7;3;5;7;0;1;1;0;0;0;0;0
5686;11;2;2500727;2020;6;17;3;3;0;7;0;1;0;0;0;0;0;0
5687;11;10;10100208;2020;10;18;7;3;0;1;2;1;0;0;0;0;0;1
5688;11;12;12100204;2020;3;17;3;2;5;2;1;1;0;0;0;0;1;0
5689;11;7;7200411;2020;9;14;3;3;2;6;0;0;1;0;1;0;0;0
5690;11;4;4200308;2020;11;17;6;3;2;6;2;0;1;0;0;0;0;1
5691;11;11;11100101;2020;6;13;5;3;5;2;0;1;1;0;0;0;0;0
5692;11;9;9100202;2020;3;15;3;2;0;2;0;0;1;0;0;0;1;1