OBJECTID;LAND;BEZ;LOR_ab_2021;UJAHR;UMONAT;USTUNDE;UWOCHENTAG;UKATEGORIE;UART;UTYP1;ULICHTVERH;IstRad;IstPKW;IstFuss;IstKrad;IstGkfz;IstSonstige;USTRZUSTAND
5693;11;7;7400720;2020;8;14;2;3;2;6;0;0;1;0;0;0;1;0
5694;11;2;2500726;2020;7;9;4;3;6;7;0;1;0;1;0;0;0;0
5695;11;7;7200410;2020;6;19;3;3;1;5;0;1;1;0;0;0;0;0
5696;11;7;7501133;2020;3;5;2;3;6;2;2;0;1;1;0;0;0;1
5697;11;5;5400943;2020;10;14;3;3;5;2;0;1;1;0;0;0;0;0
5698;11;4;4400726;2020;12;15;3;3;2;6;0;0;1;0;0;1;0;1
5699;11;9;9200613;2020;8;18;4;3;2;6;0;1;0;0;0;0;0;0
5700;11;10;10100210;2020;7;8;1;3;5;3;0;1;0;0;0;0;1;0
5701;11;2;2100101;2020;5;9;4;3;5;2;0;1;1;0;0;0;0;0
5702;11;7;7501029;2020;10;7;2;3;2;6;0;0;1;0;0;1;0;1
5704;11;11;11300722;2020;3;7;2;2;8;1;0;0;0;0;1;0;0;0
5705;11;4;4300622;2020;9;17;5;3;2;6;0;0;1;0;0;0;0;0
5706;11;12;12100101;2020;11;14;3;2;6;7;0;0;1;1;0;0;0;1
5707;11;6;6400736;2020;5;11;4;3;2;6;0;0;1;0;0;0;0;0
5708;11;6;6400735;2020;8;13;3;3;0;1;0;0;0;0;1;0;0;0
5709;11;3;3601141;2020;6;17;5;3;1;1;0;1;0;0;1;0;0;1
5710;11;11;11300722;2020;5;12;3;3;3;6;0;0;1;0;1;0;0;0
5711;11;3;3100103;2020;3;7;2;2;2;6;0;0;1;0;0;1;1;1
5712;11;3;3701657;2020;9;16;4;3;5;2;0;1;0;0;1;0;0;0
5713;11;1;1100102;2020;12;1;7;2;0;1;2;1;0;0;0;0;0;0
5714;11;5;5400943;2020;8;15;5;3;5;3;0;1;1;0;0;0;0;0
5715;11;1;1100310;2020;6;2;1;3;0;1;2;0;0;0;0;0;1;0
5716;11;4;4200311;2020;10;17;2;3;5;3;1;0;1;0;0;1;0;0
5718;11;1;1100310;2020;3;13;2;3;2;6;0;0;1;0;0;0;0;0
5719;11;12;12100205;2020;11;8;5;3;5;2;0;0;1;0;0;0;1;0
5720;11;2;2400521;2020;9;15;3;3;0;7;0;1;0;0;0;0;0;0
5721;11;11;11401034;2020;3;0;1;2;1;6;2;0;1;0;0;1;0;1
5722;11;11;11300724;2020;10;11;7;3;4;6;0;1;0;0;0;0;0;0
5723;11;12;12500930;2020;8;13;5;3;5;3;0;1;1;0;0;0;0;0
5724;11;1;1100104;2020;7;13;5;3;5;5;0;1;1;0;0;0;0;1
5725;11;2;2500727;2020;5;11;1;3;5;3;0;1;1;0;0;0;0;0
5726;11;7;7400823;2020;6;18;6;3;2;6;0;0;1;0;0;0;0;0
5727;11;2;2100101;2020;2;5;7;3;5;3;2;0;1;0;0;0;0;1
5728;11;3;3601449;2020;9;16;5;3;2;6;0;0;1;0;1;0;0;0
5729;11;3;3601449;2020;12;5;4;3;0;1;2;1;0;0;0;0;0;1
5730;11;3;3701657;2020;6;15;3;3;5;2;0;1;1;0;0;0;0;0
5732;11;1;1100310;2020;2;19;7;2;3;6;2;1;1;0;0;0;0;1
5733;11;3;3601449;2020;9;7;6;3;5;2;0;1;1;0;0;0;0;0
5734;11;7;7601547;2020;7;0;1;3;0;1;2;1;0;0;0;0;0;0
5735;11;1;1400940;2020;2;16;7;2;5;3;1;0;1;0;0;0;0;0
5736;11;7;7501030;2020;10;15;6;3;6;7;0;1;0;1;0;0;0;0
5737;11;12;12100205;2020;12;12;4;3;5;3;0;0;1;0;0;0;1;0
5738;11;7;7400928;2020;8;10;1;3;3;6;0;0;1;0;0;0;0;0
5739;11;12;12400723;2020;7;16;5;3;5;3;0;1;1;0;0;0;0;1
5740;11;4;4200311;2020;5;13;1;3;0;3;0;1;1;0;0;0;0;1
5741;11;4;4400726;2020;6;14;2;3;2;6;0;0;1;0;0;0;0;0
5742;11;3;3601449;2020;10;16;4;3;2;6;2;0;1;0;0;0;0;1
5743;11;1;1100311;2020;2;16;7;3;4;6;0;1;0;0;0;0;1;0
5744;11;7;7300619;2020;9;13;2;3;5;3;0;0;1;0;0;1;0;0
5745;11;2;2100101;2020;11;11;3;3;0;7;0;1;0;0;0;0;0;0
5746;11;3;3601141;2020;6;8;4;3;5;2;0;1;1;0;0;0;0;0
5747;11;8;8200622;2020;8;22;7;3;3;6;2;0;1;0;0;1;0;0
5748;11;12;12400723;2020;6;8;2;3;0;3;0;1;1;0;0;0;0;0
5749;11;3;3601348;2020;2;13;7;3;6;4;0;0;0;1;0;0;1;0
5750;11;4;4100101;2020;10;13;1;3;2;6;0;0;1;0;0;0;0;0
5751;11;10;10400940;2020;12;14;6;3;5;2;0;0;1;0;0;0;1;0
5752;11;7;7200411;2020;8;18;3;2;1;5;0;1;1;0;0;0;0;0
5753;11;12;12100204;2020;7;16;5;3;5;2;0;1;1;0;0;0;0;0
5754;11;2;2100101;2020;10;11;6;3;5;3;0;1;1;0;0;0;0;0
5756;11;12;12100204;2020;2;15;6;3;5;2;0;1;1;0;0;0;0;0
5757;11;12;12400619;2020;9;14;4;3;2;6;0;0;1;0;0;0;0;0
5758;11;7;7501133;2020;11;6;2;3;0;6;2;0;1;0;1;0;0;1
5759;11;3;3400723;2020;10;11;6;3;2;6;0;0;1;0;0;0;0;1
5760;11;4;4200311;2020;2;13;6;3;5;2;0;0;1;0;0;0;0;0
5761;11;4;4200311;2020;9;18;3;3;5;2;0;0;1;0;0;0;0;0
5762;11;1;1400940;2020;11;17;5;3;5;3;2;0;1;0;0;0;1;1
5763;11;1;1100310;2020;6;15;4;3;5;2;0;1;0;0;0;0;1;0
5764;11;4;4100102;2020;8;21;1;3;8;1;2;0;1;0;0;0;0;1
5765;11;12;12100205;2020;6;16;3;3;5;3;0;0;1;0;1;0;0;0
5766;11;4;4200308;2020;2;12;6;3;3;6;0;0;1;0;0;1;0;0
5767;11;5;5200634;2020;10;16;2;3;2;6;0;0;1;0;0;0;1;1
5768;11;10;10100206;2020;12;13;7;2;0;1;0;0;0;0;1;0;0;1
5769;11;4;4400725;2020;8;19;3;3;0;4;0;0;1;1;0;0;0;0
5770;11;7;7501133;2020;7;6;6;3;5;2;0;0;0;0;1;0;1;0
5771;11;4;4300414;2020;5;14;3;3;5;2;0;1;0;0;0;0;1;0
5772;11;2;2500833;2020;10;15;7;2;2;6;0;1;1;0;0;0;0;0
5774;11;4;4300414;2020;2;9;6;2;6;7;0;0;1;1;0;0;0;0
5775;11;7;7200411;2020;9;10;4;3;1;5;0;1;1;0;0;0;0;0
5776;11;4;4200206;2020;11;14;2;3;1;5;0;1;1;0;0;0;0;0
5777;11;4;4300415;2020;5;16;4;3;2;6;0;0;1;0;0;0;0;0
5778;11;4;4300621;2020;8;7;3;3;5;2;0;1;0;0;0;0;1;0
5779;11;7;7400822;2020;6;15;4;3;2;6;0;0;1;0;0;0;0;0
5780;11;4;4300414;2020;5;8;3;3;5;2;0;0;1;1;0;0;0;0
5781;11;3;3200205;2020;2;8;6;3;5;3;0;1;1;0;0;0;0;0
5782;11;10;10400940;2020;9;13;4;3;0;1;0;1;0;0;0;0;0;0
5783;11;7;7501135;2020;12;18;6;3;6;7;2;0;1;1;0;0;0;0
5784;11;11;11300722;2020;8;9;4;2;5;2;0;1;1;0;0;0;0;0
5785;11;4;4200311;2020;6;8;6;3;3;6;0;0;1;0;0;1;0;0
5786;11;1;1300836;2020;10;14;7;3;5;7;0;0;1;0;0;0;0;0
5788;11;7;7400721;2020;2;11;5;3;2;6;0;0;1;0;0;1;0;1
5789;11;1;1100310;2020;11;16;4;2;1;5;2;1;1;0;0;0;0;0
5790;11;1;1100104;2020;9;16;3;3;5;3;0;0;1;0;1;0;0;0
5791;11;11;11100101;2020;8;15;2;3;5;2;0;1;0;0;0;0;1;0
5792;11;1;1100104;2020;2;17;4;3;4;6;0;1;0;0;0;0;1;0
5793;11;4;4100101;2020;10;10;6;3;0;6;0;0;0;0;0;0;1;0
5794;11;2;2500728;2020;8;15;4;2;2;2;0;1;0;0;0;0;0;0
5795;11;7;7300619;2020;7;12;4;3;2;6;0;0;1;0;0;0;0;1
5796;11;1;1100310;2020;6;9;6;3;5;3;0;1;1;0;0;0;0;0
5797;11;3;3601142;2020;11;13;5;3;2;7;0;0;1;0;0;0;1;0
5798;11;1;1300836;2020;2;18;4;3;6;2;2;0;1;1;0;0;0;1
5799;11;4;4300414;2020;9;22;5;3;6;4;2;1;0;1;0;0;0;0
5800;11;12;12100205;2020;12;10;3;3;2;6;0;0;1;0;0;0;1;0
5801;11;6;6400735;2020;6;17;2;3;8;1;0;1;0;0;0;0;0;0
5803;11;1;1300836;2020;2;15;4;3;0;2;0;1;0;0;0;0;1;0
5804;11;5;5200634;2020;9;17;5;3;5;3;0;0;1;0;0;0;0;0
5805;11;12;12400723;2020;7;16;6;3;5;3;0;1;1;0;0;0;0;0
5806;11;9;9100305;2020;2;14;4;2;5;3;0;1;1;0;0;0;0;0
5807;11;3;3601451;2020;10;13;5;3;3;6;0;1;0;0;0;0;1;0
5808;11;6;6400735;2020;12;14;3;3;0;5;0;1;1;0;0;0;0;0
5809;11;1;1100102;2020;5;18;4;3;5;3;0;1;1;0;0;0;0;0
5810;11;3;3701659;2020;8;15;7;3;5;3;0;0;1;0;0;0;1;0
5811;11;11;11401032;2020;7;14;4;3;3;1;0;0;1;0;0;1;0;0
5812;11;4;4400727;2020;5;23;1;2;0;1;2;1;0;0;0;0;0;0
5813;11;11;11401034;2020;10;8;4;3;8;1;0;0;0;0;1;0;0;1
5814;11;2;2200209;2020;2;21;4;3;9;1;2;0;1;0;0;0;0;1
5815;11;12;12200414;2020;9;13;1;3;8;1;0;0;1;0;0;0;0;0
5816;11;3;3601139;2020;11;7;2;3;6;4;0;0;1;1;0;0;0;0
5817;11;1;1100207;2020;5;17;4;2;5;3;0;1;1;0;0;0;0;0
5818;11;7;7400824;2020;8;20;6;3;6;7;1;0;1;1;0;0;0;0
5819;11;9;9100202;2020;6;18;7;3;5;3;1;1;1;0;0;0;0;1
5820;11;7;7400721;2020;2;20;4;3;5;3;2;0;1;0;0;0;0;0
5821;11;2;2400522;2020;10;22;7;3;4;6;2;1;0;0;0;0;1;0
5822;11;12;12200310;2020;12;6;5;3;2;6;2;0;1;0;0;0;0;0
5823;11;2;2200208;2020;8;10;2;3;5;2;0;1;0;0;0;0;1;0
5824;11;1;1200624;2020;7;8;5;3;0;6;0;0;0;0;1;0;1;1
5825;11;1;1100102;2020;2;19;4;3;2;6;2;0;1;0;0;0;0;1
5826;11;6;6100101;2020;10;0;5;3;2;6;2;0;1;0;0;0;1;0
5828;11;10;10300733;2020;2;18;4;3;5;2;2;1;1;0;0;0;0;1
5829;11;10;10100206;2020;9;12;3;2;5;3;0;0;1;0;0;1;0;0
5830;11;3;3601348;2020;11;13;1;3;2;6;0;1;1;0;0;0;0;0
5831;11;7;7501029;2020;9;0;6;3;3;2;2;0;1;0;0;0;0;0
5832;11;7;7400822;2020;5;17;4;3;2;6;0;0;1;0;0;0;0;0
5833;11;3;3601452;2020;8;1;7;3;2;6;2;1;1;0;0;0;0;0
5834;11;1;1300836;2020;6;16;3;3;5;2;0;1;1;0;0;0;0;0
5835;11;1;1100206;2020;2;22;3;3;2;6;2;0;1;0;0;0;0;0
5836;11;12;12100103;2020;9;20;2;3;5;2;2;0;1;0;0;0;1;0
5837;11;4;4400830;2020;12;9;3;3;2;6;0;0;1;0;0;0;1;0
5838;11;2;2500726;2020;6;12;4;3;5;3;0;1;1;1;0;0;0;0
5840;11;9;9100101;2020;2;21;3;3;2;6;2;0;1;0;0;0;0;0
5841;11;2;2500727;2020;11;18;2;2;5;2;2;1;1;0;0;0;0;0
5842;11;6;6400735;2020;9;17;1;3;1;5;0;1;1;0;0;0;0;0
5843;11;7;7400825;2020;7;11;6;3;2;6;0;0;1;0;0;0;0;0
5844;11;2;2200208;2020;2;11;3;2;6;7;0;0;1;1;0;0;0;1
5845;11;12;12601031;2020;10;14;4;3;5;3;0;0;1;0;0;0;0;1
5846;11;7;7400824;2020;8;14;3;2;1;5;0;1;1;0;0;0;0;0
5847;11;4;4200308;2020;7;15;2;3;2;6;0;0;1;0;0;0;0;0
5848;11;2;2400522;2020;5;23;7;3;5;3;2;1;1;0;0;0;0;0
5849;11;6;6300526;2020;6;19;4;3;5;3;0;1;0;0;0;0;0;0
5850;11;4;4200308;2020;11;20;2;2;3;6;2;0;1;0;1;0;0;0
5851;11;3;3701657;2020;2;18;3;3;6;4;2;1;0;1;0;0;0;0
5852;11;6;6300629;2020;9;13;4;3;1;5;0;1;1;0;0;0;0;0
5853;11;7;7400824;2020;11;12;7;3;3;6;0;0;1;0;0;0;0;0
5854;11;3;3701660;2020;5;16;4;3;3;6;0;1;0;0;0;0;0;0
5855;11;10;10300733;2020;8;16;2;3;0;2;0;1;1;0;0;0;0;0
5856;11;7;7601442;2020;6;11;4;3;3;6;0;0;1;0;1;0;0;0
5857;11;9;9200613;2020;2;17;3;3;5;2;1;1;1;0;0;0;0;1
5858;11;3;3400829;2020;9;8;3;3;2;6;0;0;1;0;0;0;1;0
5859;11;4;4300622;2020;12;17;4;3;5;2;1;0;1;0;0;0;0;1
5860;11;7;7400822;2020;8;16;3;3;0;1;0;0;1;0;1;0;0;0
5861;11;3;3601449;2020;6;16;5;3;6;7;0;1;0;1;0;0;0;0
5862;11;7;7501133;2020;10;17;7;3;2;6;0;0;1;0;0;0;0;0
5864;11;10;10100312;2020;2;5;2;2;6;6;1;0;1;1;0;0;0;1
5865;11;3;3601449;2020;11;10;3;2;0;2;0;0;0;0;0;1;1;0
5866;11;3;3500936;2020;9;14;2;3;3;6;0;1;1;0;0;0;0;0
5867;11;2;2200209;2020;8;1;1;3;2;6;2;0;1;0;1;0;0;0
5868;11;7;7501133;2020;2;7;2;3;5;2;0;0;0;0;1;0;1;0
5869;11;3;3601451;2020;10;15;5;3;2;6;0;0;1;0;0;1;0;1
5870;11;3;3601347;2020;8;14;3;3;2;6;0;1;0;0;0;0;1;0
5871;11;3;3601452;2020;7;13;3;3;1;5;0;1;1;0;0;0;0;0
5872;11;7;7501030;2020;6;18;5;3;1;1;0;0;1;0;0;0;0;1
5873;11;7;7601236;2020;11;6;4;3;6;4;2;0;1;1;0;0;0;0
5874;11;2;2500727;2020;2;20;2;3;5;3;1;1;1;0;0;0;0;1
5875;11;2;2100101;2020;9;11;5;3;5;2;0;1;1;0;0;0;0;0
5876;11;12;12200310;2020;11;8;2;3;3;6;0;0;1;0;0;1;0;0
5877;11;6;6400737;2020;6;9;1;2;4;6;0;1;0;0;0;0;0;0
5878;11;6;6400737;2020;2;19;2;3;2;6;2;0;1;0;0;0;0;1
5879;11;3;3601142;2020;9;15;4;3;1;5;0;1;1;0;0;0;0;1
5880;11;2;2500729;2020;7;21;5;3;1;5;1;0;1;0;1;0;0;0
5881;11;4;4400726;2020;2;15;2;3;3;6;0;0;1;0;0;1;0;0
5882;11;5;5400942;2020;10;10;4;3;0;7;0;0;1;0;0;0;1;0
5883;11;11;11300722;2020;12;17;6;3;6;4;2;1;0;1;0;0;0;1
5884;11;12;12601032;2020;8;11;5;3;2;6;0;0;1;0;0;0;0;0
5885;11;10;10400837;2020;7;18;3;2;2;6;0;0;1;0;0;0;0;0
5886;11;7;7300619;2020;5;13;7;3;8;1;0;0;1;0;0;0;0;0
5887;11;4;4200311;2020;10;17;3;3;3;6;2;0;1;0;0;0;1;0
5888;11;2;2200208;2020;2;16;1;3;2;6;2;0;1;0;0;0;0;1
5889;11;1;1100207;2020;9;20;1;3;2;6;1;0;1;0;0;0;0;0
5890;11;9;9200613;2020;11;15;2;3;2;6;0;0;1;0;0;0;0;0
5891;11;4;4200206;2020;5;15;4;2;1;1;0;1;0;0;0;1;0;0
5892;11;1;1100102;2020;8;16;5;3;2;6;0;0;1;0;0;0;0;0
5893;11;10;10300734;2020;6;10;6;3;2;6;0;0;1;0;0;1;0;0
5894;11;1;1100310;2020;2;17;1;3;5;3;2;0;1;0;0;0;0;1
5895;11;7;7501135;2020;10;16;6;3;5;3;0;1;1;0;0;0;0;0
5896;11;1;1300836;2020;12;0;3;3;2;6;2;0;1;0;0;0;0;0
5897;11;12;12100103;2020;8;0;1;3;6;7;2;1;0;1;0;0;0;0
5898;11;1;1100310;2020;6;22;3;3;5;3;2;0;1;0;0;0;0;0
5899;11;3;3601449;2020;2;20;7;3;3;6;2;0;1;0;0;0;0;0
5900;11;7;7100205;2020;10;14;5;3;1;5;0;1;1;0;0;0;0;0
5902;11;3;3500936;2020;2;19;7;3;6;4;2;0;0;1;0;0;1;1
5903;11;4;4300622;2020;9;17;2;3;5;2;0;0;1;0;1;0;0;0
5904;11;1;1200624;2020;11;23;7;2;6;7;2;0;1;1;0;0;0;0
5905;11;4;4200308;2020;9;12;6;2;2;6;0;0;0;0;0;1;1;0
5906;11;12;12100204;2020;2;19;7;3;6;2;2;0;1;1;0;0;0;1
5907;11;1;1401044;2020;5;13;3;3;3;6;0;0;1;0;0;0;0;0
5908;11;4;4200311;2020;8;10;7;3;2;6;0;0;1;0;0;0;0;1
5909;11;4;4100101;2020;7;19;3;3;2;6;0;0;1;0;0;0;0;0
5910;11;3;3501037;2020;6;15;2;3;2;6;0;1;0;0;0;0;0;0
5911;11;12;12100205;2020;2;20;6;2;1;5;2;0;1;0;0;0;0;0
5912;11;12;12400618;2020;9;10;7;3;8;1;0;0;1;0;0;0;0;1
5913;11;2;2100101;2020;12;2;2;3;3;6;2;1;0;0;0;0;0;0
5914;11;2;2500727;2020;6;11;4;3;2;6;0;1;0;0;0;0;0;0
5916;11;1;1100310;2020;2;18;6;3;5;5;0;0;1;0;0;0;0;0
5917;11;1;1300836;2020;11;13;6;3;0;7;0;0;0;0;1;0;0;1
5918;11;4;4300622;2020;9;18;7;3;5;2;0;0;1;0;1;0;0;0
5919;11;2;2500726;2020;7;12;6;2;3;6;0;1;0;0;0;0;0;0
5920;11;12;12500824;2020;2;13;6;3;2;6;0;0;1;0;0;0;0;0
5921;11;9;9100101;2020;10;22;2;3;3;6;2;0;1;0;1;0;0;0
5922;11;5;5200528;2020;8;15;2;3;2;6;0;0;1;0;0;0;0;0
5923;11;2;2500726;2020;7;21;1;3;5;2;0;1;1;0;0;0;0;0
5924;11;2;2500728;2020;6;13;4;3;3;6;0;1;1;0;0;0;0;0
5925;11;1;1400940;2020;11;13;1;3;5;3;0;0;1;0;0;0;0;1
5926;11;12;12100204;2020;2;10;6;3;5;3;0;0;1;0;0;1;0;1
5927;11;3;3200204;2020;9;17;3;3;2;7;0;1;0;0;1;0;0;0
5928;11;3;3400826;2020;11;20;7;3;2;6;2;0;1;0;0;0;1;0
5929;11;4;4200309;2020;6;15;5;3;4;6;0;0;1;0;0;0;1;0
5930;11;7;7501135;2020;2;12;6;3;0;6;0;1;1;0;0;0;0;0
5931;11;1;1100207;2020;8;18;2;3;2;6;0;0;1;0;0;0;0;0
5932;11;4;4300414;2020;7;14;4;3;3;6;0;1;0;0;1;0;0;0
5933;11;2;2500835;2020;2;6;6;3;5;3;2;1;1;0;0;0;0;1
5934;11;4;4300414;2020;10;9;3;3;3;6;0;0;1;0;0;0;0;0
5935;11;4;4300621;2020;12;12;3;3;5;7;0;0;1;0;0;0;0;0
5936;11;5;5400943;2020;8;16;4;3;5;2;0;1;1;0;0;0;0;0
5937;11;2;2500729;2020;7;9;2;3;5;2;0;1;1;0;0;0;0;0
5938;11;7;7400824;2020;5;7;5;3;0;5;0;0;0;0;1;0;1;0
5939;11;7;7400720;2020;10;8;2;3;2;6;0;0;1;0;0;0;1;1
5941;11;1;1100310;2020;2;23;5;3;5;2;2;0;1;0;0;0;0;1
5942;11;3;3601452;2020;9;2;5;3;2;6;2;1;1;0;0;0;0;0
5943;11;1;1401044;2020;11;16;4;2;6;7;0;0;0;1;0;0;1;0
5944;11;2;2100101;2020;5;21;3;3;0;1;1;1;0;0;0;0;0;0
5945;11;10;10400837;2020;8;14;3;3;5;2;0;1;1;0;0;0;0;0
5946;11;1;1200624;2020;6;17;5;3;0;2;0;1;1;0;0;0;0;0
5947;11;7;7501030;2020;6;15;6;3;2;6;0;0;1;0;0;0;0;0
5948;11;12;12400723;2020;2;0;5;3;3;6;2;0;1;0;0;0;0;1
5949;11;4;4200311;2020;9;15;3;2;2;6;0;0;1;0;0;0;1;0
5950;11;6;6400735;2020;7;13;5;3;1;7;0;0;1;0;0;0;0;0
5951;11;2;3601452;2020;2;21;5;3;2;6;2;0;1;0;0;0;0;0
5952;11;4;4200206;2020;10;16;4;2;3;6;0;0;1;0;1;0;0;1
5953;11;1;1100310;2020;12;16;4;3;5;3;2;0;1;0;0;0;0;1
5954;11;6;6400737;2020;8;13;5;3;5;3;0;1;1;0;0;0;0;0
5955;11;10;10400941;2020;7;17;2;3;2;6;0;0;1;0;0;0;0;0
5956;11;7;7400824;2020;5;16;6;3;3;2;0;0;1;0;0;1;0;0
5957;11;3;3100101;2020;10;20;2;2;8;1;2;0;1;0;0;1;0;1
5958;11;1;1100104;2020;2;18;5;2;6;4;1;1;0;1;0;0;0;1
5959;11;7;7100205;2020;9;0;7;3;1;5;2;0;1;0;0;0;1;0
5960;11;8;8200622;2020;11;18;5;3;2;6;2;0;1;0;0;1;0;1
5961;11;7;7501030;2020;5;19;3;3;1;5;1;1;1;0;0;0;0;0
5962;11;1;1300836;2020;8;18;4;3;2;6;0;0;1;0;0;0;0;1
5963;11;3;3601347;2020;6;10;6;3;3;6;0;1;0;0;0;0;0;0
5964;11;12;12400723;2020;2;18;5;3;5;3;2;1;1;0;0;0;0;1
5965;11;2;2500835;2020;10;14;5;2;0;6;0;0;0;0;1;0;1;0
5966;11;1;1100311;2020;12;14;3;3;6;4;0;1;0;1;0;0;0;0
5967;11;4;4300414;2020;8;14;7;3;5;2;0;0;1;0;1;0;0;0
5968;11;3;3200205;2020;6;19;2;3;5;2;0;1;1;0;0;0;0;0
5969;11;1;1300836;2020;2;19;4;3;5;5;2;0;1;0;0;0;0;1
5970;11;2;2500727;2020;10;4;4;2;5;2;2;0;1;0;0;0;0;1
5972;11;10;10400940;2020;2;18;4;3;2;6;2;0;1;0;0;0;0;1
5973;11;10;10300733;2020;9;19;1;2;2;6;1;0;1;0;1;0;0;0
5974;11;9;9200613;2020;11;8;6;2;5;2;0;1;1;0;0;0;0;0
5975;11;4;4300414;2020;9;11;5;3;6;4;0;0;1;1;0;0;0;0
5976;11;1;1100310;2020;2;16;4;3;5;2;0;1;0;0;0;0;1;0
5977;11;1;1400940;2020;5;18;3;3;5;3;0;0;1;0;0;0;0;0
5978;11;12;12100205;2020;8;15;6;1;5;2;0;1;0;0;0;1;0;0
5979;11;3;3100101;2020;7;6;2;3;8;1;0;0;0;0;0;1;0;0
5980;11;7;7601442;2020;6;0;1;3;0;1;2;1;0;0;0;0;0;0
5981;11;4;4300415;2020;2;16;4;3;2;6;0;0;1;0;0;0;0;0
5982;11;1;1100102;2020;9;9;6;3;5;2;0;0;1;0;0;0;0;1
5983;11;1;1100102;2020;12;10;1;3;5;2;0;1;1;0;0;0;0;0
5984;11;7;7300619;2020;6;13;4;3;2;6;0;0;1;0;1;0;0;0
5986;11;4;4300621;2020;2;7;4;3;2;6;0;0;1;0;0;0;0;1
5987;11;3;3200204;2020;11;7;5;3;0;2;0;1;1;0;0;0;0;0
5988;11;6;6400735;2020;9;14;7;3;5;7;0;0;1;0;0;0;0;0
5989;11;7;7300619;2020;7;17;4;3;2;6;0;0;1;0;1;0;0;0
5990;11;6;6300527;2020;2;12;4;3;2;6;0;0;1;0;0;0;1;1
5991;11;3;3701657;2020;10;0;7;3;5;3;2;1;1;0;0;0;0;1
5992;11;4;4200310;2020;8;10;2;3;2;6;0;0;1;0;0;0;0;0
5993;11;8;8200622;2020;7;20;6;3;2;6;1;0;1;0;0;0;0;0
5994;11;4;4501151;2020;5;22;7;3;2;6;2;0;1;0;0;0;0;0
5995;11;12;12500927;2020;6;11;3;3;3;6;0;0;1;0;0;0;0;0
5996;11;4;4300622;2020;10;13;7;3;0;6;0;0;1;0;1;0;0;1
5997;11;3;3200205;2020;2;9;4;3;6;7;0;0;1;1;0;0;0;1
5998;11;3;3601142;2020;9;11;3;3;6;7;0;0;1;1;0;0;0;0
5999;11;4;4501151;2020;11;17;6;3;2;6;2;0;1;0;0;0;0;1
6000;11;1;1100207;2020;6;4;5;3;2;6;0;0;1;0;1;0;0;0
6001;11;2;3601452;2020;8;12;2;3;2;6;0;0;1;0;0;1;0;0
6002;11;7;7100205;2020;6;17;3;3;2;6;0;1;0;0;0;0;0;0
6003;11;3;3400829;2020;2;19;3;2;6;7;2;1;0;1;0;0;0;0
6004;11;6;6300629;2020;10;17;2;3;5;2;0;1;1;0;0;0;0;0
6005;11;12;12100103;2020;12;7;2;3;5;3;0;1;1;0;0;0;0;1
6006;11;3;3400826;2020;8;8;4;2;5;2;0;1;1;0;0;0;0;0
6007;11;2;2500835;2020;7;22;1;3;0;1;2;0;0;0;1;0;0;1
6008;11;3;3601347;2020;5;19;3;3;2;6;0;0;1;0;0;0;0;0
6009;11;5;5200528;2020;10;20;1;2;9;1;2;0;0;0;1;0;0;0
6011;11;7;7200308;2020;2;14;3;3;2;6;0;0;1;0;0;0;0;1
6012;11;6;6100101;2020;9;15;5;3;3;6;0;0;0;0;1;0;0;0
6013;11;4;4200310;2020;11;13;3;3;2;6;0;0;1;0;0;0;0;0
6014;11;2;2400521;2020;5;17;3;3;5;3;0;1;1;0;0;0;0;0
6015;11;4;4300621;2020;8;18;3;3;3;6;0;0;1;0;1;0;0;0
6016;11;7;7300619;2020;6;11;5;2;2;3;0;0;1;0;0;0;1;1
6017;11;12;12100204;2020;5;11;2;3;5;3;0;1;1;0;0;0;0;0
6018;11;7;7300619;2020;2;8;3;3;5;2;0;0;1;0;0;0;0;1
6019;11;6;6400736;2020;9;15;4;3;0;7;0;0;1;0;0;0;0;0
6020;11;3;3601449;2020;12;12;6;3;1;7;0;0;1;0;0;0;0;0
6021;11;12;12200310;2020;8;12;4;2;3;6;0;0;1;0;0;1;0;0
6022;11;12;12100103;2020;6;10;7;3;0;1;0;0;0;0;1;0;0;0
6023;11;7;7601341;2020;10;12;1;3;6;4;0;0;1;1;0;0;0;1
6025;11;7;7200308;2020;2;8;3;2;2;2;0;0;1;0;0;1;0;1
6026;11;4;4100101;2020;11;18;4;3;2;6;2;0;1;0;0;0;0;0
6027;11;9;9100101;2020;9;18;3;3;2;6;0;1;1;0;0;0;0;0
6028;11;4;4200308;2020;8;16;2;3;2;6;0;0;1;0;0;0;1;0
6029;11;5;5200528;2020;2;22;3;2;6;2;2;0;1;1;0;0;0;0
6030;11;7;7501133;2020;10;17;6;2;2;6;0;0;1;0;0;0;0;0
6031;11;3;3601449;2020;8;19;4;3;5;2;0;1;1;0;0;0;0;0
6032;11;12;12400723;2020;7;17;5;2;5;2;0;0;1;0;1;0;0;0
6033;11;7;7501133;2020;6;15;6;3;1;5;0;0;0;0;0;0;1;0
6034;11;3;3701657;2020;2;19;3;3;0;2;1;1;0;0;0;0;0;0
6035;11;1;1100310;2020;9;16;5;3;3;2;0;0;1;0;0;0;1;0
6036;11;10;10400837;2020;12;15;4;3;5;2;0;1;0;0;0;1;0;0
6037;11;6;6100101;2020;6;10;2;3;5;2;0;1;1;0;0;0;0;0
6038;11;3;3601449;2020;5;18;1;3;2;6;0;0;1;0;0;0;0;0
6039;11;7;7100205;2020;2;17;3;3;2;6;1;0;1;0;0;0;0;0
6040;11;4;4400830;2020;10;6;5;3;3;6;0;0;1;0;0;1;0;0
6041;11;1;1400940;2020;12;21;1;3;5;3;2;1;1;0;0;0;0;0
6042;11;6;6400735;2020;8;16;5;2;0;1;0;1;0;0;0;0;0;0
6043;11;1;1300836;2020;6;16;2;3;2;2;0;0;1;0;0;0;0;0
6044;11;1;1100205;2020;2;12;3;3;5;7;0;0;1;0;0;0;0;1
6045;11;4;4200206;2020;10;11;2;3;6;7;0;0;1;1;0;0;0;1
6047;11;10;10400837;2020;2;13;2;3;2;6;0;0;1;0;0;0;1;0
6048;11;4;4300622;2020;11;17;6;2;6;4;2;1;0;1;0;0;0;0
6049;11;4;4200311;2020;9;16;5;3;5;2;0;0;1;0;1;0;0;0
6050;11;3;3200206;2020;2;6;2;3;2;6;2;0;1;0;0;0;1;0
6051;11;11;11300722;2020;8;15;5;3;5;2;0;1;1;0;0;0;0;0