OBJECTID;LAND;BEZ;LOR_ab_2021;UJAHR;UMONAT;USTUNDE;UWOCHENTAG;UKATEGORIE;UART;UTYP1;ULICHTVERH;IstRad;IstPKW;IstFuss;IstKrad;IstGkfz;IstSonstige;USTRZUSTAND
6052;11;2;2200209;2020;7;5;6;3;0;6;1;0;1;0;1;0;0;0
6053;11;7;7400927;2020;6;16;6;3;2;6;0;0;1;0;0;0;0;0
6054;11;1;1100206;2020;2;19;2;2;6;7;2;0;0;1;0;0;1;0
6055;11;7;7400824;2020;9;18;5;2;5;3;0;1;0;0;0;0;1;0
6056;11;4;4300413;2020;12;11;6;3;2;6;0;0;1;0;0;0;0;0
6057;11;2;2500726;2020;6;19;3;3;5;2;0;0;1;0;0;0;1;0
6059;11;7;7300619;2020;2;15;2;2;3;6;0;0;1;0;0;1;0;0
6060;11;12;12200310;2020;9;10;6;3;0;1;0;0;0;0;1;0;0;1
6061;11;4;4300414;2020;7;21;3;3;1;5;2;0;0;0;1;0;1;0
6062;11;4;4300621;2020;2;15;2;3;1;5;0;0;1;0;0;0;0;0
6063;11;7;7400927;2020;10;16;6;3;2;6;0;0;1;0;0;0;0;0
6064;11;12;12500930;2020;12;20;5;2;4;6;2;0;1;0;0;0;0;1
6065;11;1;1100102;2020;8;13;1;2;0;1;0;1;0;0;0;0;0;0
6066;11;7;7501133;2020;7;9;6;3;2;6;0;0;1;0;0;0;1;1
6067;11;3;3601451;2020;6;19;3;3;5;3;0;1;1;0;0;0;0;0
6068;11;6;6300527;2020;10;13;5;2;5;2;0;1;1;0;0;0;0;0
6069;11;7;7400720;2020;2;16;1;3;1;5;0;1;0;0;1;0;0;0
6070;11;10;10400941;2020;9;10;2;3;5;2;0;0;1;0;0;0;0;0
6071;11;9;9200613;2020;11;13;5;3;2;7;0;0;1;0;0;0;1;0
6072;11;6;6300527;2020;6;13;4;3;0;6;0;0;1;0;0;0;1;0
6073;11;7;7501030;2020;8;11;1;3;1;5;0;1;1;0;0;0;0;0
6074;11;7;7400720;2020;6;14;3;3;6;2;0;1;1;1;0;0;0;0
6075;11;1;1100102;2020;2;14;1;3;5;3;0;0;1;0;0;0;0;0
6076;11;4;4400726;2020;10;18;2;3;2;6;1;0;1;0;0;0;0;1
6077;11;4;4400726;2020;12;1;7;2;9;1;2;0;1;0;0;0;0;1
6078;11;1;1100310;2020;8;13;3;3;2;2;0;0;1;0;0;0;0;0
6079;11;3;3200205;2020;7;17;5;3;5;3;0;1;0;0;1;0;0;0
6080;11;4;4100101;2020;5;7;2;3;2;6;0;0;1;0;0;0;0;1
6081;11;1;1400940;2020;10;19;6;2;5;3;2;0;1;0;0;0;0;1
6083;11;4;4400726;2020;2;7;1;3;9;1;0;0;1;0;0;0;0;0
6084;11;10;10400837;2020;9;10;4;3;2;6;0;0;1;0;0;0;1;0
6085;11;4;4300414;2020;11;15;2;3;6;4;0;0;1;1;0;0;0;0
6086;11;3;3601451;2020;5;10;3;3;6;4;0;0;0;1;0;0;1;0
6087;11;4;4200308;2020;8;12;2;3;2;6;0;0;1;0;1;0;0;0
6088;11;1;1100104;2020;6;19;4;3;0;2;0;1;1;0;0;0;0;0
6089;11;1;1300836;2020;5;18;1;3;5;3;0;1;1;0;0;0;0;0
6090;11;1;1100205;2020;2;20;7;3;0;5;0;1;1;0;0;0;0;0
6091;11;4;4300414;2020;9;9;4;3;5;7;0;0;1;0;0;1;0;0
6092;11;3;3200206;2020;12;12;5;3;2;6;0;0;1;0;0;0;0;0
6093;11;11;11401032;2020;8;18;4;2;5;3;0;1;1;0;0;0;0;0
6094;11;2;2400522;2020;6;12;6;3;5;3;0;1;1;0;0;0;0;0
6095;11;1;1100310;2020;10;13;7;3;5;2;0;1;1;0;0;0;0;0
6097;11;2;2500727;2020;2;20;6;3;5;2;2;0;1;0;0;0;0;0
6098;11;4;4300622;2020;11;11;4;2;5;2;0;1;1;0;0;0;0;0
6099;11;10;10400940;2020;9;18;2;2;0;1;0;1;0;0;0;0;0;0
6100;11;7;7501030;2020;8;13;1;3;2;6;0;0;1;0;0;0;0;1
6101;11;1;1100205;2020;2;19;6;2;5;7;2;0;1;0;0;0;0;0
6102;11;7;7400822;2020;10;22;5;3;9;1;2;0;1;0;0;0;0;1
6103;11;4;4200311;2020;8;11;4;2;5;3;0;0;1;0;0;0;0;0
6104;11;4;4300414;2020;7;12;4;3;3;6;0;0;1;0;0;0;0;1
6105;11;3;3601449;2020;6;20;5;3;5;2;0;0;1;0;0;0;0;1
6106;11;8;8100521;2020;11;14;4;3;3;6;0;0;1;0;0;1;0;0
6107;11;4;4100101;2020;2;16;6;3;2;6;0;0;1;0;0;0;0;0
6108;11;7;7400822;2020;9;18;5;3;2;6;0;0;1;0;0;0;0;0
6109;11;10;10100208;2020;11;10;2;3;3;6;0;0;1;0;0;1;0;0
6110;11;1;1100102;2020;6;12;2;3;2;3;0;1;1;0;0;0;0;0
6112;11;3;3601449;2020;2;16;6;2;6;7;1;0;1;1;0;0;0;1
6113;11;3;3200206;2020;9;6;5;3;0;1;0;1;0;0;0;1;0;1
6114;11;9;9100101;2020;7;10;6;3;6;2;0;0;1;1;0;0;0;0
6115;11;4;4200308;2020;2;14;6;3;2;6;0;0;1;0;0;0;0;0
6116;11;4;4300622;2020;10;8;5;3;5;2;0;1;1;0;0;0;0;0
6117;11;3;3701657;2020;12;13;3;3;5;2;0;1;1;0;0;0;0;1
6118;11;12;12100205;2020;8;19;6;3;0;6;0;0;0;0;1;0;1;0
6119;11;7;7200308;2020;7;15;3;3;2;6;0;0;1;0;0;0;0;0
6120;11;1;1100102;2020;5;15;1;3;6;4;0;1;0;1;0;0;0;0
6121;11;8;8100521;2020;10;6;4;3;3;6;2;0;1;0;0;1;0;1
6122;11;4;4200308;2020;2;14;6;3;2;6;0;0;1;0;0;1;0;0
6123;11;2;2500727;2020;9;16;1;3;5;2;0;1;1;0;0;0;0;0
6124;11;1;1100310;2020;11;18;2;3;2;6;2;0;1;0;1;0;0;0
6125;11;7;7300619;2020;5;7;3;2;3;6;0;0;1;0;1;0;0;0
6126;11;12;12100103;2020;8;11;5;3;1;7;0;1;1;0;0;0;0;0
6127;11;3;3601347;2020;6;16;7;3;3;6;0;1;0;0;0;0;0;1
6128;11;4;4100101;2020;2;9;6;2;2;6;0;0;1;0;0;0;0;0
6129;11;9;9100306;2020;10;15;6;3;2;6;0;0;1;0;0;0;0;0
6130;11;5;5400943;2020;12;12;5;3;5;3;0;1;1;0;0;0;0;0
6132;11;2;2500729;2020;2;7;6;3;6;4;1;0;0;1;0;1;0;0
6133;11;7;7400824;2020;9;21;5;3;0;1;2;1;0;0;0;0;0;0
6134;11;7;7200410;2020;7;20;7;3;2;6;0;0;1;0;0;0;0;0
6135;11;3;3601451;2020;2;8;5;3;0;1;0;1;0;0;0;0;0;0
6136;11;7;7501029;2020;10;16;5;3;3;2;0;0;1;0;0;1;0;1
6137;11;3;3601142;2020;12;13;4;3;0;2;0;1;1;0;0;0;0;1
6138;11;3;3601348;2020;5;10;2;3;2;6;0;0;1;0;0;0;1;1
6139;11;4;4400727;2020;8;22;7;3;3;6;2;0;1;0;1;0;0;0
6140;11;6;6100102;2020;7;9;5;3;2;6;0;0;1;0;0;1;0;0
6141;11;10;10100206;2020;6;17;2;3;8;7;0;0;1;0;0;0;0;0
6142;11;6;6300527;2020;10;12;4;3;5;3;0;0;1;0;1;0;0;0
6143;11;7;7501029;2020;2;22;5;3;3;6;2;0;1;0;0;0;0;1
6144;11;11;11300722;2020;9;17;2;3;2;6;0;0;1;0;1;0;0;0
6145;11;3;3701657;2020;11;17;3;3;3;6;2;1;0;0;0;0;0;1
6146;11;12;12200414;2020;5;17;2;3;2;6;0;0;1;0;0;0;0;0
6147;11;7;7501133;2020;8;20;7;3;5;2;2;0;1;0;0;0;1;0
6148;11;12;12100103;2020;6;12;1;3;5;2;0;0;1;0;0;0;0;0
6149;11;11;11401032;2020;2;19;5;3;2;6;2;0;1;0;0;0;0;1
6150;11;1;1100104;2020;10;7;7;3;0;7;1;0;0;0;0;0;1;0
6151;11;3;3200309;2020;12;12;6;3;2;6;0;0;1;0;0;0;0;0
6152;11;1;1100102;2020;8;16;3;3;5;3;0;1;0;0;0;0;0;0
6153;11;3;3601142;2020;7;15;5;3;6;4;0;0;1;1;0;0;0;0
6154;11;9;9100409;2020;2;14;5;3;2;7;0;0;1;0;0;0;1;0
6155;11;3;3200205;2020;10;14;6;3;5;3;0;1;1;0;0;0;0;0
6157;11;6;6400737;2020;2;7;5;3;1;5;0;0;1;0;0;0;0;0
6158;11;7;7400824;2020;9;15;4;3;0;1;0;1;1;0;0;0;0;0
6159;11;3;3200205;2020;11;8;2;3;5;2;0;1;1;0;0;0;0;1
6160;11;11;11401032;2020;9;16;1;3;1;5;0;1;1;0;0;0;0;0
6161;11;2;2100101;2020;5;14;2;3;2;6;0;0;1;0;0;0;0;1
6162;11;3;3400620;2020;8;19;1;2;2;6;0;0;1;0;0;0;0;0
6163;11;4;4200207;2020;6;8;3;3;2;6;0;0;1;0;0;0;1;0
6164;11;11;11300724;2020;2;15;5;3;0;7;0;1;0;0;0;0;0;1
6165;11;3;3200204;2020;9;14;2;2;5;2;0;0;1;0;0;0;0;0
6166;11;4;7300619;2020;12;14;4;3;2;6;0;0;1;0;0;0;0;1
6167;11;3;3601451;2020;8;9;3;3;3;6;0;1;1;0;0;0;0;0
6168;11;1;1100311;2020;6;12;5;3;5;3;0;1;1;0;0;0;0;0
6170;11;7;7200410;2020;2;18;4;3;3;6;1;1;1;0;0;0;0;0
6171;11;11;11300725;2020;11;18;2;3;1;5;2;1;1;0;0;0;0;0
6172;11;3;3200206;2020;9;5;2;3;5;3;1;0;1;0;1;0;0;0
6173;11;10;10300733;2020;8;14;7;3;5;3;0;1;1;0;0;0;0;0
6174;11;6;6300527;2020;2;10;4;3;2;6;0;0;1;0;0;1;0;0
6175;11;7;7300517;2020;10;5;5;3;0;1;2;0;0;0;0;0;1;1
6176;11;7;7400822;2020;8;19;3;2;2;6;0;0;1;0;1;0;0;0
6177;11;2;2400625;2020;7;22;3;3;5;3;2;0;1;0;0;0;1;0
6178;11;3;3601142;2020;6;16;5;3;3;6;0;1;1;0;0;0;0;1
6179;11;7;7501133;2020;11;12;3;3;5;3;0;0;1;0;0;0;0;0
6180;11;7;7501133;2020;2;13;4;3;3;6;0;1;1;0;0;0;0;0
6181;11;4;4300414;2020;9;18;4;3;2;6;1;0;1;0;0;0;0;0
6182;11;4;4300621;2020;11;19;2;3;2;6;2;0;1;0;0;0;1;0
6183;11;7;7400720;2020;6;11;7;3;5;2;0;1;1;0;0;0;0;0
6184;11;1;1300836;2020;2;20;4;3;2;6;2;0;1;0;0;0;0;0
6185;11;12;12400619;2020;9;9;4;3;2;6;0;0;1;0;0;0;0;0
6186;11;11;11300724;2020;7;7;5;3;0;2;0;1;1;0;0;0;0;0
6187;11;10;10400940;2020;2;12;3;3;5;2;0;0;1;0;1;0;0;0
6188;11;1;1100310;2020;10;19;4;3;5;3;2;1;1;0;0;0;0;1
6189;11;7;7200308;2020;12;3;6;3;8;1;2;0;1;0;0;0;0;1
6190;11;9;9100101;2020;8;17;5;2;5;2;0;1;1;0;0;0;0;0
6191;11;4;4200206;2020;7;17;3;3;2;6;0;0;1;0;0;0;0;0
6192;11;12;12100103;2020;5;11;6;3;5;2;0;1;0;0;0;1;0;0
6193;11;7;7300619;2020;10;8;3;3;5;2;0;1;1;0;0;0;0;0
6194;11;10;10300734;2020;2;7;2;3;2;6;1;0;1;0;0;0;0;1
6195;11;2;2400625;2020;9;18;1;2;6;4;0;1;0;1;0;0;0;0
6196;11;5;5400943;2020;11;13;1;3;5;3;0;1;1;0;0;0;0;0
6197;11;9;9200613;2020;5;15;2;3;2;6;0;0;1;0;0;1;0;0
6198;11;12;12400723;2020;8;15;5;3;2;6;0;0;1;0;0;0;0;0
6199;11;1;1200624;2020;6;14;6;3;2;6;0;0;1;0;0;0;0;0
6200;11;3;3100101;2020;2;5;2;3;3;6;2;0;1;0;0;1;0;1
6201;11;11;11300722;2020;10;13;6;3;5;3;0;1;1;0;0;0;0;0
6202;11;7;7300619;2020;12;16;3;3;2;6;2;0;0;0;1;0;1;0
6203;11;12;12400618;2020;8;18;1;3;2;6;0;0;0;0;1;0;0;0
6204;11;6;6300629;2020;6;6;2;3;0;6;0;1;1;0;0;0;0;0
6205;11;2;2500727;2020;2;23;1;3;5;3;2;0;1;0;0;0;0;1
6206;11;12;12100205;2020;10;9;4;3;5;3;0;0;1;0;0;0;0;1
6208;11;3;3701657;2020;2;1;1;2;0;1;2;1;0;0;0;0;0;0
6209;11;6;6400737;2020;9;11;2;3;0;6;0;0;1;0;0;0;0;0
6210;11;4;4300414;2020;11;16;7;3;6;2;1;0;1;1;0;0;0;0
6211;11;7;7400823;2020;9;11;6;3;2;6;0;0;1;0;0;0;1;0
6212;11;7;7200411;2020;2;18;1;3;0;5;2;1;1;0;0;0;0;1
6213;11;7;7100205;2020;5;11;2;3;1;5;0;1;1;0;0;0;0;1
6214;11;12;12100103;2020;8;18;6;3;0;1;1;1;0;0;0;0;0;0
6215;11;1;1100310;2020;7;13;3;3;5;3;0;1;0;0;0;0;1;0
6216;11;3;3601142;2020;6;18;2;2;1;1;0;1;1;0;0;0;0;0
6217;11;9;9200613;2020;2;13;7;3;0;7;0;1;0;0;0;0;0;0
6218;11;1;1100310;2020;9;20;6;3;1;5;2;1;1;0;0;0;0;0
6219;11;12;12100103;2020;12;15;2;3;3;6;0;0;1;0;0;0;0;1
6220;11;7;7200411;2020;6;15;4;3;6;7;0;0;1;1;0;0;0;0
6222;11;2;2500727;2020;2;20;7;3;2;6;2;0;1;0;0;0;0;0
6223;11;3;3400830;2020;11;11;6;3;5;2;0;1;0;0;0;0;1;0
6224;11;2;2500726;2020;9;10;7;3;2;6;0;0;1;0;0;0;0;1
6225;11;2;2500833;2020;7;18;5;3;3;6;0;1;1;0;0;0;0;0
6226;11;7;7400928;2020;8;9;2;3;2;6;0;0;1;0;0;0;0;0
6227;11;1;1400940;2020;7;7;4;2;5;3;0;1;1;0;0;0;0;0
6228;11;4;4300414;2020;2;19;7;3;2;6;2;0;1;0;0;0;0;0
6229;11;7;7300619;2020;10;16;5;3;5;2;0;0;1;0;1;0;0;0
6231;11;7;7501135;2020;2;18;7;3;0;5;2;0;1;0;0;0;1;0
6232;11;7;7501133;2020;9;16;3;3;6;2;0;0;1;1;0;0;0;0
6233;11;10;10300733;2020;11;15;1;2;9;1;0;0;1;0;0;0;0;0
6234;11;7;7200308;2020;9;17;6;3;6;4;0;0;1;1;0;0;0;0
6235;11;2;2100101;2020;5;14;1;3;2;6;0;0;1;0;0;0;0;0
6236;11;10;10400837;2020;8;18;7;2;6;3;0;0;1;1;0;0;0;0
6237;11;1;1100310;2020;6;16;3;3;2;2;0;0;1;0;1;0;0;0
6238;11;4;4200311;2020;2;15;7;3;2;6;0;0;1;0;0;0;0;0
6239;11;4;4200206;2020;9;16;1;3;5;2;0;1;1;0;0;0;0;0
6240;11;4;4200310;2020;12;7;2;3;3;6;0;1;1;0;0;0;0;0
6241;11;12;12100205;2020;6;10;4;3;2;7;0;0;1;0;1;0;0;0
6243;11;12;12500926;2020;2;14;7;3;6;4;0;0;1;1;0;0;0;0
6244;11;3;3200309;2020;11;9;2;2;2;6;0;0;1;0;0;0;1;0
6245;11;10;10100311;2020;9;21;1;3;0;1;1;1;0;0;0;0;0;0
6246;11;1;1100207;2020;7;18;6;3;2;6;0;0;1;0;1;0;0;0
6247;11;1;1100310;2020;2;19;6;3;5;3;2;1;0;0;0;0;1;0
6248;11;1;1300836;2020;10;7;4;3;6;2;0;0;1;1;0;0;0;1
6249;11;2;2400625;2020;8;10;3;2;0;1;0;1;0;0;0;0;0;1
6250;11;6;6400735;2020;7;11;1;3;8;1;0;1;0;0;0;0;0;0
6251;11;4;4200311;2020;6;17;4;3;2;6;0;0;1;0;0;0;0;0
6252;11;3;3601451;2020;11;11;2;3;2;2;0;0;1;0;0;0;0;0
6253;11;4;4100101;2020;2;21;6;3;2;6;2;0;1;0;0;0;0;0
6254;11;1;1100102;2020;9;11;4;3;2;6;0;0;1;0;0;0;0;0
6255;11;2;2400522;2020;11;1;7;2;0;1;2;1;0;0;0;0;0;0
6256;11;3;3601245;2020;6;6;6;3;0;5;0;1;1;0;0;0;0;0
6257;11;2;2400625;2020;2;15;6;3;0;2;0;1;1;0;0;0;0;0
6258;11;2;2500728;2020;9;7;3;3;5;3;0;1;1;0;0;0;0;0
6259;11;3;3500936;2020;7;9;5;3;2;6;0;0;1;0;0;0;0;0
6260;11;4;4200311;2020;2;20;5;2;6;4;2;0;0;1;0;0;1;0
6261;11;1;1100310;2020;10;15;4;2;2;2;0;0;1;0;0;1;0;1
6262;11;4;4200311;2020;12;19;4;3;3;6;2;0;1;0;0;0;0;1
6263;11;7;7200410;2020;8;18;4;3;0;5;0;1;1;0;0;0;0;0
6264;11;9;9200613;2020;7;11;2;3;5;3;0;1;0;0;0;0;1;0
6265;11;3;3500933;2020;5;16;5;3;0;6;0;0;1;0;1;0;0;0
6266;11;10;10100206;2020;10;9;2;3;5;3;0;0;1;0;0;0;0;1
6268;11;7;7400825;2020;2;19;5;3;6;4;2;0;0;1;1;0;0;0
6269;11;9;9100305;2020;9;13;6;3;5;3;0;1;1;0;0;0;0;0
6270;11;1;1100102;2020;11;18;4;3;6;4;2;1;0;1;0;0;0;0
6271;11;10;10300733;2020;5;15;7;3;0;1;0;0;0;0;1;0;0;1
6272;11;9;9100101;2020;8;16;4;3;2;6;0;0;1;0;0;0;0;1
6273;11;11;11300724;2020;6;7;6;3;3;6;0;0;1;0;0;1;0;0
6274;11;4;4200207;2020;2;18;5;3;2;6;2;0;1;0;0;0;0;0
6275;11;11;11300722;2020;10;8;5;3;5;3;0;1;1;0;0;0;0;0
6276;11;1;1300836;2020;12;14;3;3;3;6;0;0;1;0;0;0;0;0
6277;11;7;7300619;2020;8;9;6;3;9;1;0;0;0;0;1;0;0;0
6278;11;6;6400737;2020;6;16;2;2;1;1;0;0;1;0;0;0;0;0
6279;11;2;2500726;2020;2;11;5;3;1;5;0;1;1;0;0;0;0;0
6280;11;2;2500834;2020;10;18;2;3;6;7;1;1;0;1;0;0;0;0
6282;11;2;2100101;2020;2;14;4;3;5;3;0;0;1;0;0;1;0;0
6283;11;7;7501133;2020;11;4;6;3;0;6;2;0;1;0;1;0;0;0
6284;11;3;3200206;2020;9;2;5;3;6;2;2;0;1;1;0;0;0;1
6285;11;4;4300622;2020;2;15;4;3;2;6;0;1;0;0;0;0;0;0
6286;11;3;3200205;2020;5;15;6;3;5;3;0;1;1;0;0;0;0;0
6287;11;2;2100101;2020;8;18;5;3;1;5;0;1;1;0;0;0;0;0
6288;11;1;1300836;2020;7;18;1;3;2;6;0;0;1;0;1;0;0;0
6289;11;1;1300836;2020;6;17;1;3;5;3;0;0;1;0;0;1;0;0
6290;11;3;3501037;2020;2;4;4;3;4;7;2;0;1;0;0;0;0;1
6291;11;3;3601348;2020;9;11;5;3;6;2;0;0;1;1;0;0;0;0
6292;11;12;12200414;2020;12;6;7;3;0;1;2;0;0;0;0;0;1;0
6293;11;7;7100206;2020;6;20;3;3;1;5;0;1;1;0;0;0;0;0
6295;11;8;8200624;2020;2;19;4;3;3;6;2;0;1;0;0;1;0;0
6296;11;2;2500727;2020;9;15;6;3;0;6;0;1;0;0;0;0;0;0
6297;11;2;2500727;2020;7;14;3;3;5;2;0;0;1;0;0;0;0;0
6298;11;11;11300724;2020;2;20;4;2;5;2;2;1;1;0;0;0;0;0
6299;11;1;1300836;2020;10;13;6;3;5;3;0;1;0;0;0;0;1;0
6300;11;7;7501133;2020;8;8;2;3;2;6;0;0;1;0;0;0;0;0
6301;11;4;4100101;2020;7;14;6;3;2;6;0;0;1;0;0;0;0;1
6302;11;4;4200310;2020;6;10;3;3;4;6;0;1;0;0;0;0;0;0
6303;11;12;12500928;2020;10;9;6;3;5;3;0;0;1;0;0;0;0;1
6304;11;2;2400522;2020;2;17;4;3;2;6;1;0;1;0;0;1;0;0
6305;11;3;3200206;2020;9;18;3;3;0;1;0;1;1;0;0;0;0;0
6306;11;1;1401044;2020;11;19;5;3;2;6;2;1;0;0;0;0;1;1
6307;11;6;6300629;2020;6;16;4;3;1;1;0;1;1;0;0;0;0;0
6308;11;5;5200528;2020;8;17;1;3;5;2;1;1;1;0;0;0;0;1
6309;11;11;11300722;2020;6;16;3;3;5;3;0;1;1;0;0;0;0;0
6310;11;2;2200208;2020;2;10;4;3;2;2;0;1;0;0;0;1;0;0
6311;11;9;9100202;2020;10;14;2;3;5;3;0;1;0;0;1;0;0;0
6312;11;4;4200311;2020;12;14;7;3;2;6;0;0;1;0;0;0;1;0
6313;11;12;12100204;2020;8;19;3;3;0;4;0;1;0;1;0;0;0;0
6314;11;4;4400726;2020;7;13;6;3;2;6;0;0;1;0;0;0;0;0
6315;11;7;7400720;2020;5;11;3;3;5;2;0;1;1;0;0;0;0;0
6316;11;1;1200624;2020;2;6;4;3;0;7;2;1;0;0;0;0;0;1
6317;11;7;7501133;2020;10;11;1;3;5;3;0;0;1;0;0;0;0;1
6318;11;3;3200206;2020;8;7;2;3;0;1;0;1;0;0;0;0;0;0
6319;11;8;8200622;2020;7;16;7;3;2;6;0;0;1;0;0;0;0;0
6320;11;6;6400737;2020;6;18;3;3;2;6;0;0;1;0;1;0;0;0
6321;11;2;2400521;2020;11;12;1;3;2;6;0;0;1;0;0;0;0;0
6322;11;7;7501030;2020;2;6;4;3;0;1;1;0;0;0;1;0;0;1
6323;11;4;4300621;2020;9;14;3;3;0;6;0;0;1;0;1;0;0;0
6324;11;2;2100101;2020;11;21;6;3;5;3;2;0;1;0;0;0;0;0
6325;11;1;1100104;2020;6;15;5;3;2;6;0;0;1;0;0;0;0;0
6326;11;7;7400824;2020;2;5;4;3;2;6;2;0;1;0;0;0;0;1
6327;11;7;7100206;2020;8;15;2;3;2;6;0;0;1;0;0;0;0;0
6328;11;6;6300629;2020;7;11;4;2;5;5;0;1;0;0;0;0;1;0
6329;11;6;6400737;2020;6;22;3;3;3;6;1;0;1;0;0;0;0;0
6330;11;7;7400721;2020;2;15;3;3;2;6;0;0;1;0;0;0;1;1
6331;11;4;4400727;2020;10;14;3;3;2;6;0;0;1;0;0;0;0;0
6332;11;6;6300527;2020;12;18;3;3;1;5;2;0;1;0;0;0;0;1
6333;11;1;1100207;2020;8;6;4;3;2;6;0;0;1;0;0;0;1;0
6334;11;3;3601142;2020;7;14;1;3;4;6;0;1;0;0;0;0;0;0
6335;11;1;1100310;2020;5;13;5;3;2;6;0;0;1;0;1;0;0;0
6336;11;9;9100101;2020;10;7;2;3;0;5;0;1;0;0;0;0;1;1
6338;11;4;4200310;2020;2;18;3;2;6;4;2;0;1;1;0;0;0;1
6339;11;10;10300733;2020;9;18;5;3;5;2;0;1;1;0;0;0;0;0
6340;11;7;7400822;2020;11;16;3;3;0;1;1;0;0;0;1;0;0;1
6341;11;3;3400721;2020;4;13;5;2;6;7;0;1;0;1;0;0;0;0
6342;11;10;10100208;2020;8;22;3;2;6;4;2;0;1;1;0;0;0;0
6343;11;4;4300414;2020;6;17;5;3;2;3;0;0;1;0;0;0;0;1
6344;11;3;3601449;2020;5;17;1;3;5;2;0;1;1;0;0;0;0;0
6345;11;11;11100101;2020;2;7;2;3;2;6;1;0;1;0;0;0;0;1
6346;11;8;8200624;2020;9;23;4;3;3;6;2;0;1;0;0;1;0;0
6347;11;7;7200411;2020;12;13;7;3;1;5;0;1;1;0;0;0;0;0
6348;11;4;4300621;2020;8;16;5;3;2;6;0;0;1;0;1;0;0;0
6349;11;4;4400726;2020;6;15;1;3;2;6;0;0;1;0;0;0;0;1
6350;11;7;7601544;2020;10;16;2;3;0;7;0;1;0;0;0;0;0;0
6352;11;12;12100205;2020;2;11;2;3;2;7;0;0;1;0;0;0;0;1
6353;11;1;1100102;2020;11;11;5;3;2;6;0;0;1;0;0;0;1;0
6354;11;1;1100205;2020;9;9;4;3;3;6;0;0;1;0;1;0;0;0
6355;11;1;1400940;2020;2;23;2;3;5;3;2;0;1;0;0;0;0;1
6356;11;4;4100101;2020;10;10;7;3;3;6;0;0;1;0;0;1;0;1
6357;11;12;12100103;2020;8;14;5;3;2;6;0;0;1;0;0;0;1;0
6358;11;1;2400520;2020;7;14;5;3;2;6;0;0;1;0;0;0;0;0
6359;11;7;7501029;2020;5;12;7;3;0;7;0;1;0;0;0;0;0;0
6360;11;10;10100208;2020;6;13;6;3;5;3;0;1;1;0;0;0;0;1
6361;11;7;7400927;2020;2;21;2;3;0;6;2;0;1;0;0;0;0;1
6362;11;7;7501133;2020;9;16;5;2;2;6;0;0;1;0;0;0;0;0
6363;11;1;1100102;2020;12;8;5;3;2;6;0;0;1;0;0;0;0;0
6364;11;7;7601341;2020;6;15;3;2;5;3;0;1;1;0;0;0;0;0
6366;11;7;7300619;2020;2;18;2;2;0;6;2;0;1;0;1;0;0;1
6367;11;3;3601141;2020;9;8;6;3;5;2;0;1;1;0;0;0;0;1
6368;11;10;10300733;2020;7;19;2;3;0;1;0;0;0;0;1;0;0;1
6369;11;2;2500727;2020;2;17;2;3;5;2;2;0;1;0;0;0;0;1
6370;11;12;12100103;2020;10;19;6;3;5;3;2;0;1;0;1;0;0;1
6371;11;12;12100103;2020;12;13;4;3;5;3;0;0;1;0;0;0;0;0
6372;11;1;1300836;2020;8;21;1;2;0;1;2;1;0;0;0;0;0;0
6373;11;7;7200308;2020;7;18;5;3;5;2;0;1;1;0;0;0;0;1
6374;11;4;4200206;2020;5;17;6;2;6;2;0;0;1;1;0;0;0;0
6375;11;4;4200310;2020;6;14;2;2;0;7;0;1;0;0;0;0;0;0
6376;11;6;6400737;2020;10;21;4;3;3;6;2;0;0;0;1;0;1;0
6377;11;12;12400723;2020;2;17;2;3;2;6;2;0;1;0;0;0;0;1
6378;11;12;12500930;2020;9;16;2;3;5;7;0;0;1;0;1;0;0;0
6379;11;4;4300621;2020;11;13;4;3;5;3;0;0;1;0;0;0;1;0
6380;11;6;6400737;2020;6;10;4;3;2;6;0;0;1;0;0;0;0;0
6381;11;9;9200613;2020;8;13;7;3;3;5;0;0;1;0;0;0;0;0
6382;11;9;9200613;2020;6;10;3;3;5;2;0;1;1;0;0;0;0;0
6383;11;4;4200308;2020;2;13;2;3;2;6;0;0;1;0;0;0;0;1
6384;11;4;4200310;2020;10;15;1;3;1;5;0;1;1;0;0;0;0;0
6385;11;1;1100310;2020;12;9;6;3;0;6;0;1;1;0;0;0;0;0
6386;11;12;12100204;2020;8;10;3;3;6;7;0;1;0;1;0;0;0;0
6387;11;7;7400824;2020;7;16;5;3;2;6;0;0;1;0;0;0;0;0
6388;11;7;7200308;2020;10;19;6;3;2;2;2;1;1;0;0;0;0;1
6390;11;4;4300622;2020;2;12;2;3;2;6;0;0;1;0;0;0;0;1
6391;11;4;4200311;2020;9;7;4;3;2;6;0;0;1;0;0;0;0;0
6392;11;4;4200308;2020;11;5;2;3;3;6;2;0;1;0;1;0;0;1
6393;11;1;1200624;2020;4;17;5;3;2;6;0;0;1;0;0;0;1;0
6394;11;4;4200311;2020;8;17;2;3;2;6;0;0;1;0;1;0;0;1
6395;11;9;9100203;2020;6;7;4;3;5;3;0;1;1;0;0;0;0;0
6396;11;4;4400725;2020;2;22;7;3;2;6;2;0;1;0;0;0;0;0
6397;11;2;2500727;2020;9;16;3;3;5;3;0;1;1;0;0;0;0;0
6398;11;4;4200206;2020;12;18;5;3;6;2;2;0;1;1;0;0;0;0
6399;11;3;3601142;2020;8;17;3;3;3;6;0;1;0;0;0;0;0;0
6400;11;2;2400522;2020;6;19;5;3;0;6;0;1;0;0;0;0;0;0
6401;11;7;7200411;2020;10;12;7;3;2;2;0;0;1;0;0;0;0;0
6403;11;10;10400940;2020;2;17;7;3;5;3;2;0;1;0;0;0;0;1
6404;11;2;2200209;2020;11;6;3;3;7;7;2;1;0;0;0;0;0;0
6405;11;6;6400736;2020;2;12;7;3;2;6;0;0;1;0;0;0;0;1
6406;11;1;1100310;2020;9;15;2;3;5;2;0;1;1;0;0;0;0;0
6407;11;3;3601141;2020;8;1;1;3;6;4;2;1;0;1;0;0;0;0
6408;11;4;4100101;2020;10;16;5;3;3;6;0;0;1;0;0;1;0;1
135646;11;6;6100103;2020;1;17;2;3;0;3;2;0;1;0;1;0;0;1
135648;11;12;12601032;2020;1;15;3;3;2;6;0;0;1;0;0;0;0;1
135649;11;11;11200410;2020;1;16;2;3;6;4;2;0;1;1;0;0;0;0