OBJECTID;LAND;BEZ;LOR_ab_2021;UJAHR;UMONAT;USTUNDE;UWOCHENTAG;UKATEGORIE;UART;UTYP1;ULICHTVERH;IstRad;IstPKW;IstFuss;IstKrad;IstGkfz;IstSonstige;USTRZUSTAND
135650;11;6;6400844;2020;1;13;4;3;6;4;0;0;1;1;0;0;0;1
135651;11;8;8100310;2020;1;11;2;2;5;3;0;1;1;0;0;0;0;0
135653;11;8;8100105;2020;1;9;2;3;0;5;0;1;1;0;0;0;0;0
135655;11;12;12400722;2020;1;16;2;3;2;6;0;0;1;0;0;0;0;1
135656;11;8;8100314;2020;1;17;2;3;6;7;2;1;0;1;0;0;0;0
135658;11;8;8100417;2020;1;15;2;3;5;7;0;0;1;0;0;0;0;0
135659;11;4;4400725;2020;1;9;4;2;0;7;0;0;1;0;0;0;0;1
135660;11;1;1300733;2020;1;15;2;3;1;5;1;1;1;0;0;0;0;1
135661;11;9;9100407;2020;1;12;4;3;0;2;0;0;0;0;0;1;1;1
135662;11;3;3300411;2020;1;15;2;3;5;2;0;0;1;0;0;0;0;0
135663;11;10;10300731;2020;1;14;2;3;5;3;0;1;1;0;0;0;0;1
135665;11;4;4300416;2020;1;14;2;3;0;6;0;0;1;0;0;0;1;0
135666;11;10;10100311;2020;1;14;2;3;6;4;0;0;1;1;0;0;0;0
135668;11;10;10100315;2020;1;14;2;3;5;3;0;0;1;0;0;0;0;0
135669;11;1;1100311;2020;1;20;3;3;5;2;2;1;1;0;0;0;0;1
135670;11;1;1200519;2020;1;12;2;3;2;6;0;0;1;0;0;0;0;1
135671;11;3;3701657;2020;1;12;2;3;0;7;0;1;0;0;0;0;0;1
135673;11;6;6100206;2020;1;14;3;3;5;2;0;1;1;0;0;0;0;1
135674;11;8;8200725;2020;1;10;2;3;5;3;0;0;1;0;0;0;0;0
135676;11;6;6200313;2020;1;9;2;3;2;2;0;0;1;0;0;0;0;0
135678;11;12;12400619;2020;1;9;2;2;5;2;0;1;1;0;0;0;0;1
135680;11;4;4300414;2020;1;8;2;3;5;2;0;1;1;0;0;0;0;0
135681;11;6;6400843;2020;1;8;2;3;6;2;1;0;1;1;0;0;0;0
135682;11;2;2200210;2020;1;8;3;3;2;6;0;0;1;0;0;0;0;1
135683;11;6;6300528;2020;1;7;2;3;1;5;0;0;1;0;0;0;0;1
135684;11;2;2200209;2020;1;19;1;3;4;7;2;0;1;0;0;0;1;1
135686;11;9;9200613;2020;1;14;3;3;6;4;0;0;1;1;0;0;0;0
135687;11;1;1100309;2020;1;23;1;3;0;1;2;1;0;0;0;0;0;1
135688;11;1;2100101;2020;1;16;4;2;0;3;2;1;1;0;0;0;0;1
135689;11;7;7501134;2020;1;12;1;2;0;1;0;1;0;0;0;0;0;1
135691;11;2;2200208;2020;1;5;1;2;6;2;1;0;1;1;0;0;0;0
135692;11;1;1100206;2020;1;2;1;3;5;3;2;0;1;0;0;0;0;1
135693;11;4;4300416;2020;1;20;4;2;5;7;2;0;1;0;1;0;0;1
135694;11;1;1400939;2020;1;0;1;3;5;3;2;0;1;0;0;0;0;0
135695;11;1;1100308;2020;1;23;1;3;5;3;2;0;1;0;0;0;0;1
135696;11;1;1400942;2020;1;20;1;3;2;6;2;0;1;0;0;0;0;1
135697;11;8;8100208;2020;1;18;1;3;5;3;1;1;1;0;0;0;0;0
135698;11;4;4100101;2020;1;15;1;3;2;6;2;0;1;0;0;0;0;1
135700;11;5;5100312;2020;1;13;3;3;6;7;0;0;1;1;0;0;0;0
135701;11;4;4501042;2020;1;22;7;3;6;7;2;0;1;1;0;0;0;0
135702;11;9;9200715;2020;1;6;4;3;5;2;2;0;1;0;0;0;1;1
135703;11;5;5200632;2020;1;18;7;3;2;2;2;0;1;0;0;0;0;0
135705;11;11;11300620;2020;1;18;7;3;2;6;2;0;1;0;0;0;0;1
135707;11;6;6200311;2020;1;17;7;3;5;3;2;0;1;0;0;0;0;1
135708;11;1;1401044;2020;1;17;7;3;5;3;2;1;1;0;0;0;0;1
135711;11;4;4300622;2020;1;17;7;3;5;2;2;0;1;0;0;0;0;1
135712;11;12;12200307;2020;1;16;7;3;6;2;2;0;1;1;0;0;0;1
135714;11;1;1100415;2020;1;16;7;3;2;6;2;0;1;0;0;0;0;1
135715;11;12;12601236;2020;1;11;4;3;5;2;0;0;1;0;0;0;0;1
135716;11;3;3400831;2020;1;14;7;3;2;6;0;0;1;0;0;0;0;1
135717;11;1;1100308;2020;1;13;7;3;5;2;0;1;1;0;0;0;0;1
135719;11;3;3300516;2020;1;13;7;3;5;2;0;0;1;0;0;0;0;1
135721;11;1;1200517;2020;1;13;7;2;5;2;0;1;1;0;0;0;0;1
135722;11;7;7601341;2020;1;10;3;3;5;2;0;0;1;0;0;0;0;0
135723;11;4;4501150;2020;1;11;7;3;0;4;0;1;0;1;0;0;0;1
135724;11;7;7601341;2020;1;14;3;3;2;6;0;0;1;0;0;0;0;1
135725;11;5;5300840;2020;1;7;7;3;0;2;1;0;1;0;1;0;0;1
135726;11;1;1100310;2020;1;3;7;3;5;3;2;0;1;0;0;0;0;1
135728;11;4;4500936;2020;1;0;7;2;5;2;2;0;1;0;0;0;1;1
135730;11;10;10300734;2020;1;12;5;3;5;3;0;1;0;0;0;0;1;1
135731;11;6;6100209;2020;1;13;6;3;2;6;0;0;1;0;0;0;0;1
135732;11;8;8100521;2020;1;19;6;3;2;6;2;0;1;0;0;0;0;1
135733;11;6;6200421;2020;1;12;6;3;0;1;0;1;0;0;0;0;0;1
135734;11;1;1400938;2020;1;16;6;3;0;3;2;0;1;0;1;0;0;1
135736;11;3;3400826;2020;1;14;3;3;1;5;0;1;1;0;0;0;0;1
135737;11;8;8100314;2020;1;15;6;3;5;3;1;0;1;0;0;0;0;1
135738;11;3;3400618;2020;1;15;6;3;1;5;1;0;1;0;1;0;0;1
135740;11;3;3300516;2020;1;14;3;3;2;6;0;0;1;0;0;0;1;1
135741;11;9;9501939;2020;1;15;6;3;5;2;0;0;1;0;0;0;1;1
135742;11;4;4300622;2020;1;17;4;3;0;3;2;1;0;0;1;0;0;1
135743;11;7;7100205;2020;1;14;6;3;5;3;0;0;1;0;0;0;0;1
135744;11;5;5100314;2020;1;7;3;3;5;3;1;0;1;0;0;0;0;0
135745;11;5;5100211;2020;1;13;6;2;2;6;0;0;1;0;0;0;0;1
135746;11;4;4300619;2020;1;14;6;3;2;6;0;0;1;0;0;0;0;0
135747;11;9;9100407;2020;1;20;6;2;6;2;2;0;0;1;0;0;1;1
135748;11;4;4300623;2020;1;19;6;2;6;2;2;0;1;1;0;0;0;1
135750;11;6;6100206;2020;1;12;3;2;6;4;0;0;1;1;0;0;0;1
135751;11;12;12200310;2020;1;20;6;2;5;3;2;0;1;0;0;0;1;1
135752;11;7;7300515;2020;1;19;3;2;5;3;2;0;1;0;1;0;0;1
135753;11;4;4200310;2020;1;5;4;3;5;3;2;0;1;0;0;0;0;1
135754;11;2;2100106;2020;1;18;6;3;5;3;2;1;1;0;0;0;0;1
135755;11;4;4400726;2020;1;18;6;3;5;3;2;1;1;0;0;0;0;1
135756;11;5;5200527;2020;1;19;3;2;5;3;2;0;1;0;1;0;0;0
135757;11;4;4501043;2020;1;14;4;3;2;6;0;0;1;0;0;0;0;1
135758;11;8;8100209;2020;1;16;6;3;6;2;1;0;1;1;0;0;0;1
135760;11;6;6200313;2020;1;17;6;3;2;2;2;0;1;0;0;0;0;1
135761;11;4;4200308;2020;1;17;6;3;6;2;2;0;1;1;0;0;0;1
135763;11;2;2300316;2020;1;17;6;2;6;2;2;0;1;1;0;0;0;1
135764;11;5;5100208;2020;1;17;6;3;6;4;2;0;1;1;0;0;0;1
135766;11;11;11400927;2020;1;16;6;3;2;2;2;1;1;0;0;0;0;1
135767;11;1;1100308;2020;1;18;3;3;0;1;2;1;0;0;0;0;0;1
135768;11;1;1100312;2020;1;7;4;3;5;3;1;1;1;0;0;0;0;1
135769;11;11;11200411;2020;1;23;6;3;5;2;2;0;1;0;0;0;0;1
135770;11;8;8100208;2020;1;22;6;3;6;4;2;1;0;1;0;0;0;1
135772;11;12;12200310;2020;1;22;6;2;6;4;2;0;1;1;0;0;0;1
135774;11;8;8200623;2020;1;21;6;3;0;2;2;0;1;1;0;0;0;1
135775;11;6;6300631;2020;1;20;6;2;5;3;2;1;1;0;0;0;0;1
135777;11;1;1300732;2020;1;20;6;2;5;3;2;1;1;0;0;0;0;1
135778;11;7;7300618;2020;1;17;3;3;5;3;2;1;1;0;0;0;0;1
135779;11;2;2500833;2020;1;21;3;3;6;4;2;0;1;1;0;0;0;1
135780;11;4;4501148;2020;1;13;6;3;5;2;0;0;1;0;0;0;0;0
135781;11;3;3601450;2020;1;13;6;3;5;3;0;0;1;0;0;0;0;0
135783;11;1;1300730;2020;1;15;2;3;5;2;0;0;1;0;0;0;0;1
135784;11;5;5200420;2020;1;12;6;3;2;6;0;0;1;0;0;0;0;1
135786;11;12;12200309;2020;1;18;4;3;5;7;2;0;1;0;1;0;0;1
135787;11;3;3601346;2020;1;12;6;3;2;1;0;0;1;0;1;0;0;0
135788;11;9;9501737;2020;1;11;6;3;5;2;0;1;1;0;0;0;0;1
135790;11;3;3400721;2020;1;10;6;3;5;3;0;1;1;0;0;0;0;1
135791;11;7;7400823;2020;1;8;3;3;6;2;0;0;1;1;0;0;0;1
135792;11;7;7300517;2020;1;1;6;3;0;1;2;1;0;0;0;0;0;0
135793;11;6;6400843;2020;1;15;5;3;6;4;1;0;1;1;0;0;0;0
135795;11;3;3601140;2020;1;18;2;3;0;1;2;0;0;0;1;0;0;1
135796;11;8;8100206;2020;1;3;5;2;5;3;2;0;1;0;0;0;0;2
135797;11;2;2200210;2020;1;17;3;3;5;3;2;1;1;0;0;0;0;1
135798;11;6;6200421;2020;1;16;4;3;2;6;2;0;1;0;0;0;0;1
135799;11;4;4300619;2020;1;14;5;2;3;6;0;0;1;0;1;1;0;0
135800;11;10;10400941;2020;1;16;3;3;5;3;1;1;1;0;0;0;0;1
135801;11;1;1300730;2020;1;13;5;3;5;2;0;0;1;0;0;0;0;0
135802;11;9;9301228;2020;1;13;5;3;2;6;0;1;1;0;0;0;0;0
135803;11;4;4400833;2020;1;12;5;3;6;2;0;0;1;1;0;0;0;0
135804;11;3;3200310;2020;1;12;5;3;0;7;0;1;1;0;0;0;0;0
135805;11;2;2500726;2020;1;11;5;3;3;2;0;1;1;0;0;0;0;0
135806;11;4;4500936;2020;1;11;5;3;5;2;0;0;1;0;0;0;0;0
135807;11;12;12200307;2020;1;8;5;3;0;7;0;0;1;0;0;0;0;0
135808;11;7;7601546;2020;1;8;5;3;5;3;0;0;1;0;0;0;0;0
135810;11;3;3701554;2020;1;21;2;3;8;1;2;0;0;0;1;0;0;0
135811;11;7;7400720;2020;1;6;5;3;5;3;2;0;1;0;0;0;0;2
135812;11;5;5100314;2020;1;7;4;3;2;6;0;0;1;0;0;0;0;1
135813;11;8;8200623;2020;1;3;5;3;5;3;2;0;1;0;0;0;0;1
135815;11;7;7400824;2020;1;22;5;2;0;1;2;0;1;0;0;0;0;1
135817;11;7;7601443;2020;1;19;5;2;1;5;2;0;1;0;0;0;0;0
135818;11;2;1100311;2020;1;18;5;2;6;4;2;0;1;1;0;0;0;0
135820;11;11;11400929;2020;1;18;5;3;5;3;2;0;1;0;0;0;1;0
135821;11;6;6200317;2020;1;15;3;3;5;3;1;1;1;0;0;0;0;1
135823;11;6;6100102;2020;1;17;5;2;0;6;2;0;1;0;0;0;1;0
135824;11;3;3400724;2020;1;11;4;3;5;3;0;0;1;0;0;0;0;1
135825;11;1;1100102;2020;1;17;5;3;5;2;2;1;1;0;0;0;0;0
135826;11;1;1300733;2020;1;15;5;3;5;3;1;1;1;0;0;0;0;0
135828;11;1;1200517;2020;1;15;5;3;2;2;0;0;1;0;0;0;0;0
135829;11;2;2300314;2020;1;7;5;1;6;4;1;0;0;1;0;0;1;0
135831;11;3;3701660;2020;1;13;4;3;6;4;0;0;1;1;0;0;0;0
135832;11;3;3400619;2020;1;11;3;2;5;3;0;1;1;0;0;0;0;1
135833;11;11;11300722;2020;1;18;4;2;5;2;2;0;1;0;1;0;0;0
135834;11;6;6400840;2020;1;21;4;3;5;2;2;1;1;0;0;0;0;0
135836;11;2;2100106;2020;1;13;4;1;5;2;0;1;0;0;0;1;0;1
135837;11;8;8100206;2020;1;11;4;2;5;3;0;0;1;0;0;0;0;0
135838;11;1;1400938;2020;1;3;4;3;5;2;2;0;1;0;0;0;0;1
135840;11;8;8100206;2020;1;3;4;3;5;3;2;0;1;0;0;0;0;0
135842;11;8;8200623;2020;1;2;4;3;5;3;2;0;1;0;0;0;0;0
135843;11;4;4501043;2020;1;15;3;3;6;4;1;1;0;1;0;0;0;1
135844;11;3;3601346;2020;1;1;4;2;0;1;2;1;0;0;0;0;0;0
135845;11;4;4501042;2020;1;7;3;3;1;5;0;1;1;0;0;0;0;1
135849;11;1;1100309;2020;1;20;2;3;6;2;2;0;1;1;0;0;0;0
135851;11;8;8100312;2020;1;19;2;3;1;5;2;1;1;0;0;0;0;0
135853;11;6;6300526;2020;1;19;4;3;5;2;2;1;1;0;0;0;0;1
135860;11;6;6200315;2020;1;18;2;2;6;4;2;0;1;1;0;0;0;1
135862;11;2;2200208;2020;1;6;4;3;5;2;2;1;1;0;0;0;0;1
135867;11;7;7400822;2020;1;15;4;3;6;4;0;0;1;1;0;0;0;0
135877;11;5;5100316;2020;1;8;4;3;0;5;0;0;0;0;0;0;1;1
135886;11;1;1100416;2020;1;8;3;3;1;5;1;1;0;0;0;0;1;1
135892;11;10;10100314;2020;1;21;5;2;9;1;2;0;0;0;0;0;1;1
135897;11;6;6300633;2020;1;9;3;2;5;2;0;0;1;0;0;0;0;1
135901;11;8;8401242;2020;1;18;2;2;5;2;2;0;1;0;1;0;0;1
135903;11;8;8401243;2020;1;15;3;3;3;6;1;0;1;0;0;0;1;1
135904;11;1;1100101;2020;1;17;4;3;1;5;2;1;1;0;0;0;0;1
135906;11;12;12100101;2020;1;15;3;3;5;2;0;0;1;0;0;0;0;0
135912;11;4;4100101;2020;1;7;3;3;6;2;2;0;1;1;0;0;0;1
135913;11;1;1401047;2020;1;18;7;3;6;2;2;0;1;1;0;0;0;0
135914;11;12;12100101;2020;1;16;2;3;2;3;2;0;1;0;0;0;0;0
135915;11;9;9100409;2020;1;12;6;3;1;5;0;0;1;0;0;0;0;1
135916;11;6;6300632;2020;1;15;7;3;5;3;0;0;1;0;0;0;0;0
135917;11;11;11300617;2020;1;10;6;3;5;2;0;1;1;0;0;0;0;0
135918;11;8;8100102;2020;1;7;5;3;5;2;2;1;1;0;0;0;0;0
135919;11;9;9200614;2020;1;7;2;3;5;3;2;1;1;0;0;0;0;0
135920;11;2;2500833;2020;1;10;6;3;5;3;0;0;1;0;0;1;0;1
135921;11;2;2300417;2020;1;18;3;3;1;5;2;1;1;0;0;0;0;0
135922;11;6;6200422;2020;1;10;6;3;5;3;0;0;1;0;0;1;0;1
135923;11;4;4501148;2020;1;18;7;3;8;1;2;0;1;0;0;0;0;0
135924;11;2;2300314;2020;1;13;2;3;5;3;0;1;1;0;0;0;0;1
135925;11;4;4501146;2020;1;10;6;2;0;1;0;1;0;0;0;0;0;1
135926;11;5;5100316;2020;1;10;5;3;6;4;0;0;1;1;0;0;0;0
135927;11;4;4501152;2020;1;18;4;3;6;4;2;1;0;1;0;0;0;0
135928;11;6;6300634;2020;1;14;1;3;5;2;0;0;1;0;1;0;0;0
135929;11;3;3601142;2020;1;9;4;3;5;2;0;1;1;0;0;0;0;0
135930;11;1;1100206;2020;1;15;2;2;5;2;0;0;1;0;1;0;0;0
135931;11;5;5200423;2020;1;7;3;3;5;2;2;0;1;0;0;0;0;0
135932;11;9;9200717;2020;1;9;6;2;5;3;0;1;1;0;0;0;0;1
135933;11;9;9401431;2020;1;8;6;3;3;6;1;1;0;0;0;0;1;0
135934;11;8;8100314;2020;1;9;2;3;2;2;0;0;1;0;0;0;1;0
135935;11;6;6100101;2020;1;8;6;2;5;2;0;1;1;0;0;0;0;1
135936;11;3;3601142;2020;1;18;5;3;1;5;2;1;1;0;0;0;0;0
135937;11;4;4400835;2020;1;16;4;3;5;2;2;0;1;0;1;0;0;0
135938;11;9;9100408;2020;1;12;1;1;5;2;0;1;0;0;0;0;1;0
135939;11;8;8100311;2020;1;12;2;3;5;3;0;1;1;0;0;0;0;1
135940;11;2;2100101;2020;1;8;6;3;0;1;1;0;0;0;0;0;1;1
135941;11;4;4501042;2020;1;5;7;3;0;1;2;0;0;0;0;0;1;1
135942;11;10;10100314;2020;1;14;6;3;0;7;0;0;1;0;0;0;1;0
135943;11;4;4501043;2020;1;15;1;3;2;6;0;0;1;0;0;0;1;0
135944;11;1;1100206;2020;1;8;6;3;5;3;0;0;1;0;0;0;0;0
135945;11;3;3300412;2020;1;10;3;3;4;7;0;0;1;0;0;0;0;0
135946;11;4;4300622;2020;1;8;6;2;5;2;0;1;1;0;0;0;0;1
135947;11;8;8200730;2020;1;7;6;2;6;2;1;0;1;1;0;0;0;2
135948;11;9;9100306;2020;1;7;2;3;6;2;2;0;1;1;0;0;0;0
135949;11;6;6400838;2020;1;7;6;2;6;2;0;0;1;1;0;0;0;1
135950;11;1;1200626;2020;1;18;5;3;6;4;1;1;0;1;0;0;0;0
135951;11;7;7200308;2020;1;13;4;3;5;5;0;1;1;0;0;0;0;0
135952;11;4;4501045;2020;1;18;7;3;5;3;2;1;1;0;0;0;0;0
135953;11;3;3400829;2020;1;17;2;3;5;3;2;1;1;0;0;0;0;0
135954;11;9;9100407;2020;1;7;6;3;5;3;2;1;1;0;0;0;0;1
135955;11;1;1300733;2020;1;3;7;3;5;2;2;0;1;0;0;0;0;1
135956;11;1;1300836;2020;1;13;6;3;2;6;0;0;1;0;0;0;1;0
135957;11;9;9200510;2020;1;10;5;3;2;6;0;0;1;0;0;0;0;0
135958;11;9;9100409;2020;1;9;2;3;5;3;0;1;1;0;0;0;0;0
135959;11;8;8100312;2020;1;20;6;3;5;3;2;1;1;0;0;0;0;1
135960;11;5;5100314;2020;1;17;5;3;6;4;2;0;1;1;0;0;0;0
135961;11;12;12200310;2020;1;11;2;2;0;2;0;0;1;0;0;0;1;0
135962;11;11;11200411;2020;1;7;4;2;5;3;2;1;1;0;0;0;0;0
135963;11;6;6100206;2020;1;13;7;3;5;3;0;1;1;0;0;0;0;0
135964;11;7;7100205;2020;1;16;2;2;3;6;0;0;1;0;0;0;0;0
135965;11;2;2300315;2020;1;19;6;3;5;3;1;1;1;0;0;0;0;1
135966;11;6;6200422;2020;1;1;7;2;1;1;2;0;1;0;0;0;0;1
135967;11;4;4100102;2020;1;11;6;3;0;2;0;1;1;0;0;0;0;0
135968;11;9;9501736;2020;1;7;5;3;5;3;1;1;1;0;0;0;0;0
135969;11;9;9401329;2020;1;17;2;3;1;5;2;0;1;0;0;0;0;0
135970;11;2;2400623;2020;1;19;6;3;3;6;2;1;1;0;0;0;0;1
135971;11;9;9200510;2020;1;17;3;3;2;2;2;0;1;0;0;0;0;0
135972;11;6;6200313;2020;1;19;6;2;6;2;2;0;1;1;0;0;0;0
135973;11;1;1100310;2020;1;18;7;3;2;2;2;0;1;0;0;0;0;0
135974;11;12;12200307;2020;1;11;2;3;5;3;0;0;1;0;0;0;0;0
135975;11;4;4400727;2020;1;18;6;3;6;4;2;0;1;1;0;0;0;1
135976;11;3;11300617;2020;1;20;3;3;2;6;2;0;1;0;0;0;0;0
135977;11;6;6200311;2020;1;17;6;3;5;3;2;0;1;0;0;0;0;1
135978;11;6;6200421;2020;1;10;7;3;5;2;0;1;1;0;0;0;0;1
135979;11;3;3400723;2020;1;15;2;3;5;7;0;0;1;0;1;0;0;1
135980;11;1;1401045;2020;1;17;6;3;2;2;2;0;1;0;0;0;0;1
135981;11;3;3601140;2020;1;8;5;3;2;7;0;0;1;0;0;0;0;0
135982;11;2;2500726;2020;1;8;4;3;5;3;0;0;1;0;0;0;0;0
135983;11;2;2500835;2020;1;19;1;3;6;2;2;0;1;1;0;0;0;0
135984;11;2;2200210;2020;1;16;3;3;5;2;0;1;1;0;0;0;0;0
135985;11;1;1100313;2020;1;17;6;3;5;2;2;0;0;0;1;0;1;1
135986;11;2;2400521;2020;1;7;6;3;1;5;0;1;1;0;0;0;0;0
135987;11;3;3200309;2020;1;8;2;3;5;2;0;1;1;0;0;0;0;0
135988;11;3;3601348;2020;1;16;6;3;0;1;2;0;0;0;1;0;0;1
135989;11;2;2100104;2020;1;16;5;2;6;4;2;0;1;1;0;0;0;0
135990;11;9;9200819;2020;1;16;4;3;5;2;0;1;1;0;0;0;0;0
135991;11;9;9100203;2020;1;10;7;3;6;4;0;0;1;1;0;0;0;0
135992;11;4;4200310;2020;1;21;5;2;8;1;2;0;1;0;0;0;0;0
135993;11;6;6200312;2020;1;17;4;2;5;3;2;0;1;0;1;0;0;0
135994;11;8;8100314;2020;1;5;1;3;0;7;2;0;1;0;0;0;0;0
135995;11;2;2200209;2020;1;8;3;3;0;2;0;1;0;0;0;1;0;1
135996;11;7;7100101;2020;1;15;6;2;0;3;1;1;0;0;0;0;1;1
135997;11;6;6100209;2020;1;18;6;3;6;2;1;0;1;1;0;0;0;0
135998;11;1;1300836;2020;1;0;2;3;1;1;2;0;1;0;0;0;0;1
135999;11;4;4400830;2020;1;15;6;3;6;2;1;0;1;1;0;0;0;1
136000;11;6;6200314;2020;1;17;5;3;5;2;2;0;1;0;1;0;0;0
136001;11;5;5100317;2020;1;13;4;2;2;6;0;0;1;0;0;0;0;0
136002;11;3;3601450;2020;1;16;2;3;5;2;2;0;1;0;0;0;0;1
136003;11;7;7400826;2020;1;15;6;3;6;7;0;1;0;1;0;0;0;0
136004;11;2;2100106;2020;1;17;6;3;6;7;2;1;0;1;0;0;0;0
136005;11;5;5300736;2020;1;23;2;3;0;3;2;1;1;0;0;0;0;0
136006;11;7;7100204;2020;1;14;6;3;5;7;0;0;1;0;1;0;0;1
136007;11;4;4501043;2020;1;12;6;3;1;5;0;0;1;0;1;0;0;1
136008;11;7;7601238;2020;1;14;6;3;2;2;0;0;1;0;0;0;0;0
136009;11;9;9501941;2020;1;13;1;2;4;1;0;0;1;0;0;0;0;0
136010;11;12;12200515;2020;1;17;5;3;6;4;2;0;1;1;0;0;0;0
136011;11;5;5100104;2020;1;8;2;3;5;3;0;0;1;0;0;1;0;0
136012;11;6;6200315;2020;1;9;1;2;6;2;0;0;1;1;0;0;0;0
136013;11;10;10100315;2020;1;5;4;3;6;2;2;0;1;1;0;0;0;0
136014;11;2;2200208;2020;1;23;7;3;5;2;2;1;1;0;0;0;0;1
136015;11;7;7601546;2020;1;15;2;3;6;5;0;0;1;1;0;0;0;0
136016;11;7;7400721;2020;1;5;6;3;6;2;2;0;1;1;0;0;0;0
136017;11;7;7501030;2020;1;14;6;3;0;3;0;0;1;0;0;0;1;0
136018;11;4;4200308;2020;1;10;6;2;5;2;0;1;1;0;0;0;0;0
136019;11;12;12200412;2020;1;9;1;3;5;2;0;0;1;0;0;0;0;1
136020;11;8;8100416;2020;1;11;4;3;6;4;0;0;1;1;0;0;0;0
136021;11;12;12200414;2020;1;15;2;3;2;6;1;0;1;0;0;0;0;1
136022;11;11;11400927;2020;1;12;6;3;0;1;0;0;0;0;1;0;0;1
136023;11;3;3300516;2020;1;14;7;3;5;3;0;0;1;0;0;0;0;0
136024;11;12;12100205;2020;1;8;5;2;1;7;0;0;1;0;0;1;0;0
136025;11;7;7501030;2020;1;7;2;3;5;5;1;1;1;0;0;0;0;0
136026;11;8;8300934;2020;1;4;6;3;6;2;2;0;0;1;0;1;0;1
136027;11;11;11300723;2020;1;19;3;3;2;6;2;0;1;0;0;0;0;1
136028;11;12;12601235;2020;1;7;6;3;6;2;2;0;1;1;0;0;0;1
136029;11;1;1401047;2020;1;10;7;3;2;6;0;0;1;0;0;0;0;0
136030;11;1;1400937;2020;1;14;2;3;2;6;0;0;1;0;0;1;0;1
136031;11;10;10100311;2020;1;7;6;3;4;6;2;0;1;0;0;0;1;1
136032;11;2;2200211;2020;1;12;5;3;5;3;0;1;1;0;0;0;0;0
136033;11;9;9200715;2020;1;14;7;3;2;6;0;0;1;0;0;0;0;0
136034;11;5;5300736;2020;1;18;4;2;2;6;2;0;1;0;0;0;0;0
136035;11;4;4200205;2020;1;17;1;2;5;5;0;0;1;0;1;0;0;0
136036;11;7;7400721;2020;1;11;3;3;0;6;0;0;0;1;0;0;1;0
136037;11;5;5100208;2020;1;7;6;2;6;2;2;0;1;1;0;0;0;1
136038;11;7;7601545;2020;1;7;6;3;0;1;0;1;0;0;0;0;0;1
136039;11;5;5100211;2020;1;7;3;3;2;6;1;0;1;0;0;0;0;0
136040;11;9;9501940;2020;1;6;6;3;6;2;2;0;1;1;0;0;0;1
136041;11;3;3400721;2020;1;18;7;3;0;2;2;0;1;0;0;0;1;0
136042;11;6;6300528;2020;1;9;2;3;6;2;0;0;0;1;0;0;1;0
136043;11;5;5300737;2020;1;6;6;3;6;2;2;0;1;1;0;0;0;1
136044;11;10;10200423;2020;1;16;5;2;6;4;1;0;1;1;0;0;0;0
136045;11;7;7400927;2020;1;15;7;3;5;2;0;0;1;0;0;0;0;0
136046;11;1;1100415;2020;1;18;4;3;1;5;2;0;1;0;0;0;0;0
136047;11;1;1100416;2020;1;1;1;3;0;1;2;1;0;0;0;0;0;1
136048;11;1;1100102;2020;1;9;2;3;3;6;0;0;1;0;0;0;0;0
136049;11;7;7601341;2020;1;7;5;3;5;2;1;1;1;0;0;0;0;1
136050;11;11;11401137;2020;1;13;6;3;5;2;0;1;1;0;0;0;0;0
136051;11;7;7100206;2020;1;15;6;3;0;7;0;1;0;0;0;0;0;0
136052;11;7;7501031;2020;1;16;1;3;5;3;2;0;1;0;0;0;1;0
136053;11;7;7400928;2020;1;14;5;3;4;6;0;1;1;0;0;0;0;0
136054;11;5;5100313;2020;1;13;5;3;2;6;0;0;0;0;1;0;1;0
136055;11;5;5100208;2020;1;12;2;3;5;2;0;0;1;0;0;0;0;0
136056;11;11;11300620;2020;1;7;2;3;2;6;0;0;1;0;0;0;0;0
136057;11;3;3300516;2020;1;17;5;3;0;1;2;0;1;0;1;0;0;1
136058;11;4;4300518;2020;1;16;5;3;2;6;0;0;1;0;0;0;0;0
136059;11;1;1401043;2020;1;15;4;3;5;3;0;1;1;0;0;0;0;0
136060;11;3;3701556;2020;1;18;7;3;3;2;2;1;1;0;0;0;0;0
136061;11;12;12200515;2020;1;18;2;3;1;1;2;1;1;0;0;0;0;0
136062;11;1;1400938;2020;1;21;5;3;6;4;2;0;1;1;0;0;0;1
136063;11;1;1100102;2020;1;13;6;3;5;3;0;0;1;0;0;0;0;1
136064;11;3;3601142;2020;1;14;6;3;2;7;0;1;1;0;0;0;0;0
136065;11;7;7501029;2020;1;15;7;3;5;3;0;1;1;0;0;0;0;0
136066;11;5;5200629;2020;1;11;5;2;2;6;0;0;1;0;0;0;1;0
136067;11;12;12200515;2020;1;9;2;3;0;6;0;1;0;0;0;0;1;0
136068;11;6;6400737;2020;1;15;7;3;5;2;0;1;1;0;0;0;0;0
136069;11;3;3601244;2020;1;11;3;3;5;3;0;1;1;0;0;0;0;0
136070;11;3;3601243;2020;1;23;7;3;5;2;2;0;1;0;0;0;1;0
136071;11;1;1100205;2020;1;8;4;3;5;3;0;1;1;0;0;0;0;0
136072;11;12;12200307;2020;1;17;7;2;6;2;2;0;1;1;0;0;0;0
136073;11;11;11300620;2020;1;16;2;3;5;3;2;0;1;0;0;0;0;1
136074;11;1;1400938;2020;1;20;5;2;6;2;2;0;1;1;0;0;0;1
136075;11;12;12200412;2020;1;13;6;3;2;6;0;0;1;0;0;0;1;0
136076;11;3;3100101;2020;1;10;6;2;5;3;0;1;1;0;0;0;0;0