OBJECTID;LAND;BEZ;LOR_ab_2021;UJAHR;UMONAT;USTUNDE;UWOCHENTAG;UKATEGORIE;UART;UTYP1;ULICHTVERH;IstRad;IstPKW;IstFuss;IstKrad;IstGkfz;IstSonstige;USTRZUSTAND
136739;11;1;1300732;2020;2;16;6;2;1;5;1;0;1;0;1;0;0;1
136740;11;6;6200421;2020;2;13;4;3;0;3;0;0;1;0;1;0;0;1
136741;11;6;6200312;2020;2;9;7;3;2;6;0;0;1;0;0;0;0;0
136742;11;11;11100204;2020;2;18;7;3;6;4;2;0;1;1;0;0;0;0
136743;11;4;4300517;2020;2;9;3;3;2;2;0;0;1;0;0;0;0;1
136744;11;1;1100207;2020;2;20;2;3;5;5;2;1;0;0;0;0;1;0
136745;11;1;1100206;2020;2;13;5;3;2;7;0;0;1;0;1;0;0;1
136746;11;12;12200414;2020;2;16;6;3;2;6;0;0;1;0;0;0;0;0
136747;11;9;9200819;2020;2;14;6;3;0;7;0;0;0;1;0;0;1;0
136748;11;11;11300721;2020;2;18;4;3;2;6;2;0;0;0;1;0;1;1
136749;11;8;8100104;2020;2;18;3;3;5;2;1;1;1;0;0;0;0;1
136750;11;4;4501153;2020;2;14;6;3;5;2;0;1;1;0;0;0;0;1
136751;11;12;12500928;2020;2;9;3;2;2;6;0;0;1;0;1;0;0;1
136752;11;1;1100308;2020;2;6;6;1;0;7;2;0;0;0;0;0;1;0
136753;11;9;9100101;2020;2;7;2;3;2;7;0;0;1;0;0;1;0;1
136754;11;9;9200715;2020;2;14;2;3;3;6;0;0;1;0;0;0;1;0
136755;11;5;5100104;2020;2;7;5;3;6;4;0;0;1;1;0;0;0;0
136756;11;2;2500834;2020;2;10;2;3;5;2;0;0;1;0;0;0;0;0
136757;11;2;2100104;2020;2;16;2;3;5;2;0;1;1;0;0;0;0;0
136758;11;5;5100316;2020;2;11;5;3;6;7;0;0;1;1;0;0;0;0
136759;11;4;4501150;2020;2;13;6;3;5;7;0;0;1;0;0;0;0;1
136760;11;6;6200312;2020;2;17;4;3;5;2;1;0;1;0;0;0;0;1
136761;11;10;10100206;2020;2;15;3;3;6;4;0;0;1;1;0;0;0;1
136762;11;7;7601341;2020;2;13;6;3;5;2;0;1;0;0;0;0;1;1
136763;11;11;11300722;2020;2;17;3;3;2;2;2;1;1;0;0;0;0;1
136764;11;1;1200520;2020;2;23;6;3;0;1;2;0;0;0;0;0;1;1
136765;11;4;4501042;2020;2;20;2;3;6;4;2;0;1;1;0;0;0;1
136766;11;7;7501031;2020;2;19;5;2;5;5;2;0;1;0;1;0;0;1
136767;11;5;5300839;2020;2;18;4;3;6;2;2;0;1;1;0;0;0;1
136768;11;6;6200317;2020;2;18;6;2;5;2;2;1;1;0;0;0;0;1
136769;11;3;3400829;2020;2;14;4;3;5;3;0;1;1;0;0;0;0;0
136770;11;5;5100104;2020;2;9;7;3;2;6;0;0;1;0;0;0;0;0
136771;11;2;2300315;2020;2;14;1;3;5;3;0;1;1;0;0;0;0;1
136772;11;6;6100210;2020;2;13;3;3;5;2;0;0;1;0;1;0;0;1
136773;11;3;3200309;2020;2;17;6;3;5;3;2;0;1;0;0;0;0;1
136774;11;3;3701555;2020;2;14;4;3;5;2;0;1;0;0;0;0;1;0
136775;11;4;4300622;2020;2;6;6;3;5;3;2;0;1;0;0;0;0;1
136776;11;9;9501737;2020;2;8;4;3;5;3;0;1;0;0;0;0;0;0
136777;11;4;4300414;2020;2;20;1;3;6;4;2;0;1;1;0;0;0;1
136778;11;12;12500926;2020;2;15;3;3;3;6;0;0;0;0;0;0;1;0
136779;11;5;5300736;2020;2;5;6;3;2;6;2;0;1;0;1;0;0;1
136780;11;2;2200212;2020;2;12;3;3;1;5;0;1;0;0;0;1;0;1
136781;11;11;11200411;2020;2;14;6;3;5;2;0;1;1;0;0;0;0;0
136782;11;1;1100308;2020;2;18;2;3;0;1;2;0;1;0;1;0;0;1
136783;11;7;7300517;2020;2;20;4;1;6;4;2;0;0;1;0;0;1;1
136784;11;3;3601245;2020;2;9;4;3;0;1;0;1;0;0;0;0;0;1
136785;11;1;1401043;2020;2;5;6;3;5;3;2;0;1;0;0;0;0;1
136786;11;1;1200517;2020;2;14;4;3;0;1;0;0;0;0;1;0;0;0
136787;11;2;2300314;2020;2;1;7;3;2;6;2;0;1;0;0;0;0;0
136788;11;4;4300622;2020;2;20;7;3;6;2;2;0;1;1;0;0;0;1
136789;11;1;1100308;2020;2;9;3;2;6;4;0;0;0;1;0;0;1;0
136790;11;11;11100204;2020;2;7;2;3;2;2;0;1;1;0;0;0;0;0
136791;11;5;5200526;2020;2;7;6;3;6;4;0;1;0;1;0;0;0;0
136792;11;10;10100312;2020;2;5;5;2;0;7;2;0;1;0;0;0;0;0
136793;11;1;1401045;2020;2;12;2;2;6;7;0;0;1;1;0;0;0;0
136794;11;5;5200526;2020;2;8;6;2;6;4;0;0;1;1;0;0;0;1
136795;11;7;7601442;2020;2;11;2;2;5;2;0;0;1;0;0;0;0;0
136796;11;2;2400522;2020;2;21;4;3;3;6;2;1;1;0;0;0;0;1
136797;11;7;7300516;2020;2;8;4;2;5;3;0;1;1;0;0;0;0;1
136798;11;1;1401049;2020;2;22;5;3;5;3;2;1;1;0;0;0;0;1
136799;11;6;6200312;2020;2;13;4;3;5;7;0;1;1;0;0;0;0;1
136800;11;10;10400837;2020;2;13;7;3;5;3;0;0;1;0;0;0;0;0
136801;11;11;11300722;2020;2;18;7;3;5;2;2;1;1;0;0;0;0;0
136802;11;9;9200613;2020;2;6;2;3;2;7;2;0;1;0;0;0;0;1
136803;11;4;4501041;2020;2;19;2;3;2;6;2;0;1;0;0;0;0;0
136804;11;8;8200832;2020;2;14;5;3;5;2;0;0;1;0;0;0;1;1
136805;11;7;7601544;2020;2;22;5;3;5;3;2;0;1;0;0;0;0;1
136806;11;7;7300618;2020;2;21;5;3;5;3;2;1;1;0;0;0;0;1
136807;11;4;4400834;2020;2;18;4;3;5;2;2;1;1;0;0;0;0;1
136808;11;1;1100310;2020;2;17;3;3;5;2;0;1;1;0;0;0;0;0
136809;11;6;6200314;2020;2;19;5;2;6;4;2;0;0;1;0;0;1;1
136810;11;1;1100312;2020;2;6;3;3;5;3;1;1;1;0;0;0;0;1
136811;11;6;6300528;2020;2;19;5;3;2;6;2;0;1;0;0;0;0;1
136812;11;12;12500930;2020;2;19;4;3;5;2;2;0;1;0;0;0;0;1
136813;11;1;1100101;2020;2;11;3;3;0;6;0;0;1;0;1;0;0;1
136814;11;9;9200614;2020;2;19;5;2;6;4;2;0;1;1;0;0;0;1
136815;11;7;7400823;2020;2;19;3;3;5;3;2;1;1;0;0;0;0;0
136816;11;3;3400620;2020;2;11;7;3;1;5;0;0;1;0;0;0;0;0
136817;11;6;6400844;2020;2;9;2;3;5;2;0;1;1;0;0;0;0;1
136818;11;4;4501044;2020;2;15;2;3;5;3;0;0;1;0;0;0;0;0
136819;11;2;2100106;2020;2;11;5;3;2;6;0;0;1;0;0;0;0;0
136820;11;3;3400721;2020;2;18;5;3;2;6;1;0;1;0;0;0;0;1
136821;11;7;7501029;2020;2;16;4;3;2;6;0;0;1;0;0;0;0;1
136822;11;10;10200418;2020;2;16;3;3;0;3;0;0;1;0;0;0;1;0
136823;11;5;5200420;2020;2;18;5;3;0;3;2;0;1;0;1;0;0;1
136824;11;11;11300723;2020;2;14;3;2;5;3;0;1;1;0;0;0;0;0
136825;11;10;10100209;2020;2;17;6;2;6;4;2;0;1;1;0;0;0;0
136826;11;7;7501029;2020;2;19;2;3;2;2;2;0;1;0;0;0;0;1
136827;11;4;4501153;2020;2;8;6;2;2;6;0;0;1;0;0;0;0;1
136828;11;7;7100102;2020;2;21;2;3;2;6;2;0;1;0;0;0;0;1
136829;11;9;9200819;2020;2;15;1;3;5;2;0;1;1;0;0;0;0;1
136830;11;10;10200418;2020;2;7;5;3;6;4;0;0;1;1;0;0;0;0
136831;11;3;3300516;2020;2;13;4;3;0;1;0;1;0;0;0;0;0;1
136832;11;8;8200622;2020;2;18;5;3;2;6;2;0;1;0;0;0;0;1
136833;11;3;3400725;2020;2;15;4;3;1;5;0;1;0;0;0;0;1;1
136834;11;4;4501042;2020;2;17;1;3;5;2;2;0;1;0;0;0;0;1
136835;11;1;1100309;2020;2;14;3;3;2;7;0;1;1;0;0;0;0;1
136836;11;2;2200213;2020;2;16;5;3;6;4;1;0;1;1;0;0;0;0
136837;11;2;2200210;2020;2;11;3;3;5;2;0;0;1;0;0;0;0;0
136838;11;12;12400722;2020;2;13;6;3;5;3;0;0;1;0;0;0;0;0
136839;11;3;3601141;2020;2;14;2;3;0;6;0;1;1;0;0;0;0;0
136840;11;7;7400823;2020;2;22;4;3;6;2;2;0;1;1;0;0;0;1
136841;11;3;3601449;2020;2;8;4;3;5;2;0;0;1;0;0;0;0;1
136842;11;8;;2020;2;16;5;3;5;3;1;1;1;0;0;0;0;0
136843;11;11;11200410;2020;2;14;4;3;5;2;0;1;1;0;0;0;0;1
136844;11;10;10100311;2020;2;22;6;1;6;4;2;0;0;1;0;0;1;1
136845;11;6;6100210;2020;2;16;5;3;5;3;0;0;1;0;1;0;0;1
136846;11;1;1300733;2020;2;11;4;3;5;3;0;1;0;0;0;0;0;1
136847;11;4;4300623;2020;2;9;5;3;3;6;0;1;0;0;0;0;0;0
136848;11;8;8200726;2020;2;7;4;3;6;4;0;0;1;1;0;0;0;1
136849;11;4;4400728;2020;2;14;6;3;2;6;0;0;1;0;0;0;0;1
136850;11;9;9501939;2020;2;9;1;2;6;4;0;0;1;1;0;0;0;1
136851;11;5;5100209;2020;2;12;3;3;2;6;0;0;1;0;0;0;0;0
136852;11;12;12500930;2020;2;11;2;3;2;6;0;0;1;0;0;0;1;0
136853;11;5;5100206;2020;2;9;6;3;5;5;0;0;1;0;1;0;0;1
136854;11;9;9100306;2020;2;22;1;3;2;6;2;0;1;0;0;0;0;0
136855;11;1;1100310;2020;2;16;7;3;5;3;1;1;1;0;0;0;0;0
136856;11;10;10100102;2020;2;19;4;3;5;2;2;0;1;0;0;0;0;1
136857;11;1;1100102;2020;2;7;4;3;8;1;0;0;1;0;0;0;0;1
136858;11;1;1100205;2020;2;15;5;3;5;3;0;1;1;0;0;0;0;0
136859;11;2;2100103;2020;2;8;4;3;2;2;0;0;1;0;1;0;0;1
136860;11;2;2200210;2020;2;23;6;3;6;4;2;0;1;1;0;0;0;1
136861;11;1;1200628;2020;2;15;7;3;1;5;0;1;1;0;0;0;0;0
136862;11;4;4300619;2020;2;21;2;3;5;3;2;0;1;0;0;0;0;1
136863;11;9;9200819;2020;2;15;7;3;2;6;0;0;1;0;0;0;0;0
136864;11;11;11300721;2020;2;16;2;3;0;2;0;0;1;0;0;0;1;0
136865;11;4;4100101;2020;2;13;5;2;2;7;0;0;1;0;0;0;0;1
136866;11;1;1100309;2020;2;19;7;3;0;5;2;1;1;0;0;0;0;1
136867;11;2;2200212;2020;2;9;3;3;5;3;0;1;1;0;0;0;0;1
136868;11;2;2500830;2020;2;20;7;3;1;5;2;1;1;0;0;0;0;0
136869;11;12;12200308;2020;2;5;2;3;2;6;2;0;1;0;0;0;0;0
136870;11;9;9200511;2020;2;16;5;3;0;5;0;1;1;0;0;0;0;0
136871;11;11;11400930;2020;2;15;5;3;6;6;0;1;0;1;0;0;0;0
136872;11;5;5100316;2020;2;14;5;3;5;2;0;0;1;0;0;0;0;0
136873;11;1;1100102;2020;2;18;4;3;5;3;2;0;1;0;1;0;0;1
136874;11;9;9200819;2020;2;7;3;3;2;6;0;0;1;0;0;0;0;1
136875;11;12;12400721;2020;2;12;5;3;5;3;0;1;1;0;0;0;0;0
136876;11;1;3601140;2020;2;11;3;2;6;6;0;1;0;1;0;0;0;0
136877;11;4;4501045;2020;2;3;7;3;9;1;2;0;1;0;0;0;0;0
136878;11;4;4501043;2020;2;9;2;2;6;4;0;0;1;1;0;0;0;0
136879;11;9;9401534;2020;2;18;7;3;2;7;2;1;1;0;0;0;0;0
136880;11;6;6400838;2020;2;15;2;3;5;3;0;0;1;0;1;0;0;0
136881;11;6;6200317;2020;2;8;5;3;5;2;0;1;1;0;0;0;0;0
136882;11;1;2400521;2020;2;14;4;3;1;5;0;1;0;0;0;0;1;1
136883;11;2;2400521;2020;2;12;5;3;5;2;0;1;1;0;0;0;0;0
136884;11;12;12200414;2020;2;15;4;3;2;6;1;0;1;0;0;0;0;1
136885;11;2;2500834;2020;2;9;5;3;5;2;0;1;0;0;0;1;0;0
136886;11;1;1100415;2020;2;18;4;3;5;2;2;1;1;0;0;0;0;1
136887;11;4;4300622;2020;2;17;3;3;2;6;0;0;1;0;0;0;0;0
136888;11;1;1400940;2020;2;9;5;2;5;3;0;1;1;0;0;0;0;0
136889;11;4;4501041;2020;2;17;3;3;5;2;2;0;0;0;0;1;1;1
136890;11;4;4501148;2020;2;23;6;3;5;2;2;0;1;0;0;0;0;0
136891;11;1;1100313;2020;2;20;2;3;1;5;2;1;1;0;0;0;0;1
136892;11;4;4500938;2020;2;16;7;3;5;3;0;0;1;0;1;0;0;0
136893;11;3;3300516;2020;2;2;1;3;1;1;2;0;1;0;0;0;0;0
136894;11;4;4300624;2020;2;7;5;3;6;4;0;1;0;1;0;0;0;0
136895;11;1;1100308;2020;2;22;4;3;5;2;2;0;1;0;1;0;0;1
136896;11;10;10300731;2020;2;9;5;3;5;3;0;0;1;0;0;0;0;0
136897;11;1;1401048;2020;2;14;4;2;5;2;0;1;0;0;0;0;1;0
136898;11;1;1300732;2020;2;23;6;2;6;4;2;0;1;1;0;0;0;0
136899;11;3;3500933;2020;2;15;1;3;1;5;0;0;1;0;0;0;0;1
136900;11;10;10400938;2020;2;13;3;3;5;3;0;0;1;0;0;0;0;1
136901;11;3;3400619;2020;2;8;5;3;5;3;0;1;1;0;0;0;0;0
136902;11;5;5100317;2020;2;14;2;3;2;6;0;0;1;0;0;0;0;0
136903;11;9;9100203;2020;2;7;6;3;0;7;0;1;1;0;1;1;0;1
136904;11;9;9100304;2020;2;14;2;3;6;7;0;1;0;1;0;0;0;0
136905;11;1;1100205;2020;2;20;1;3;1;5;2;0;1;0;0;0;0;1
136906;11;2;2400521;2020;2;16;3;2;6;4;0;0;1;1;0;0;0;0
136907;11;6;6300527;2020;2;8;5;3;5;2;0;1;1;0;0;0;0;0
136908;11;3;3400725;2020;2;12;3;3;5;3;0;1;1;0;0;0;0;1
136909;11;2;2200212;2020;2;15;6;3;2;6;0;0;1;0;0;0;0;0
136910;11;8;8100415;2020;2;18;2;3;5;3;2;0;1;0;0;0;0;1
136911;11;1;1100313;2020;2;14;5;3;0;2;0;1;1;0;0;0;0;1
136912;11;5;5100317;2020;2;11;4;2;8;1;0;0;0;0;1;0;0;1
136913;11;12;12100204;2020;2;7;5;3;1;1;0;0;1;0;0;0;1;0
136914;11;4;4501043;2020;2;5;4;3;5;3;2;1;1;0;0;0;0;0
136915;11;3;3500934;2020;2;21;6;3;0;3;2;0;1;0;1;0;0;1
136916;11;6;6200421;2020;2;9;1;3;2;6;0;0;1;0;0;0;0;1
136917;11;2;2500833;2020;2;11;3;3;6;2;0;0;0;1;0;0;1;1
136918;11;9;9200819;2020;2;15;7;3;2;7;0;1;1;0;0;0;0;0
136919;11;6;6300526;2020;2;9;2;3;5;3;0;1;1;0;0;0;0;0
136920;11;1;1100310;2020;2;7;6;3;1;7;0;1;1;0;0;0;0;1
136921;11;1;1100206;2020;2;13;7;3;5;3;0;0;1;0;0;0;1;0
136922;11;12;12601235;2020;2;19;4;2;6;2;2;0;1;1;0;0;0;1
136923;11;12;12500824;2020;2;21;4;2;6;4;2;1;0;1;0;0;0;1
136924;11;11;11200514;2020;2;8;4;3;5;2;0;1;1;0;0;0;0;1
136925;11;11;11100309;2020;2;15;5;3;6;7;0;1;0;1;0;0;0;0
136926;11;4;4100101;2020;2;13;4;3;2;6;0;0;1;0;0;0;0;1
136927;11;1;1401048;2020;2;20;6;3;5;2;2;0;1;0;0;0;0;0
136928;11;1;1200519;2020;2;18;7;3;0;6;2;1;1;0;0;0;0;1
136929;11;5;5300736;2020;2;8;3;3;2;6;0;0;1;0;0;0;0;1
136930;11;2;2200208;2020;2;19;2;3;2;6;2;0;1;0;0;0;0;0
136931;11;1;1300834;2020;2;14;5;3;3;6;0;0;1;0;0;0;1;1
136932;11;6;6200314;2020;2;12;4;3;5;3;0;0;1;0;0;0;0;0
136933;11;8;8100419;2020;2;18;4;2;6;4;2;0;1;1;0;0;0;0
136934;11;7;7501029;2020;2;18;4;3;1;5;2;1;1;0;0;0;0;0
136935;11;2;2300316;2020;2;20;3;2;5;7;1;0;1;0;1;0;0;0
136936;11;1;1100206;2020;2;16;4;3;5;2;0;1;0;0;0;0;0;0
136937;11;9;9501941;2020;2;7;3;3;4;6;0;1;0;0;0;0;0;0
136938;11;4;4300416;2020;2;9;6;3;5;3;0;1;1;0;0;0;0;0
136939;11;8;8401242;2020;2;0;2;3;1;5;2;0;1;0;0;0;1;0
136940;11;6;6400735;2020;2;13;7;3;5;3;0;1;1;0;0;0;0;0
136941;11;4;4500937;2020;2;14;2;3;5;2;0;0;1;0;0;0;1;0
136942;11;1;1100309;2020;2;0;4;3;5;2;2;1;0;0;0;0;1;1
136943;11;11;11200411;2020;2;16;4;3;6;4;0;0;1;1;0;0;0;0
136944;11;7;7100205;2020;2;22;4;3;5;3;2;0;1;0;0;0;1;1
136945;11;1;1401046;2020;2;11;7;3;5;2;0;1;1;0;0;0;0;0
136946;11;8;8200832;2020;2;10;2;3;5;3;0;0;1;0;0;0;0;1
136947;11;3;3400724;2020;2;15;2;3;5;2;0;1;1;0;0;0;0;0
136948;11;1;1300835;2020;2;11;5;3;0;1;0;0;0;0;1;0;0;0
136949;11;7;7400826;2020;2;16;4;3;2;6;0;0;1;0;0;0;1;0
136950;11;3;3500934;2020;2;17;4;3;6;2;2;0;1;1;0;0;0;1
136951;11;5;5100104;2020;2;16;3;2;2;6;0;0;1;0;1;0;0;0
136952;11;8;8300935;2020;2;14;4;3;5;2;0;0;1;0;0;0;0;0
136953;11;1;1401048;2020;2;15;3;3;5;2;0;1;1;0;0;0;0;1
136954;11;3;3701555;2020;2;20;6;3;6;2;2;0;1;1;0;0;0;0
136955;11;6;6300632;2020;2;19;2;3;6;2;2;0;1;1;0;0;0;1
136956;11;8;8100206;2020;2;18;5;2;6;4;2;0;1;1;0;0;0;1
136957;11;12;12200411;2020;2;18;4;3;5;3;2;0;1;0;0;0;1;1
136958;11;9;9502043;2020;2;11;4;3;5;3;0;1;1;0;0;0;0;0
136959;11;1;1100206;2020;2;8;5;3;5;3;0;1;1;0;0;0;0;0
136960;11;4;4200311;2020;2;13;4;2;1;5;0;0;1;0;0;0;0;0
136961;11;8;8100314;2020;2;9;4;3;0;2;0;1;1;1;0;0;0;0
136962;11;1;1300836;2020;2;16;4;3;3;6;0;0;1;0;0;0;0;0
136963;11;7;7400823;2020;2;19;1;3;2;6;2;0;1;0;0;0;0;1
136964;11;4;4300619;2020;2;15;3;3;5;3;0;1;1;0;0;0;0;0
136965;11;5;5100101;2020;2;9;4;2;4;6;0;0;1;0;0;0;0;0
136966;11;3;3500934;2020;2;11;3;3;5;3;0;0;1;0;0;0;1;1
136967;11;12;12500930;2020;2;13;6;3;0;1;0;0;0;0;1;0;0;0
136968;11;5;5200629;2020;2;18;2;3;6;2;2;0;1;1;0;0;0;1
136969;11;11;11400929;2020;2;13;7;3;5;3;0;0;1;0;0;0;0;0
136970;11;10;10400836;2020;2;21;4;3;6;2;2;0;0;1;0;0;1;1
136971;11;11;11300721;2020;2;9;4;3;6;4;0;0;1;1;0;0;0;1
136972;11;12;12100102;2020;2;9;4;3;5;3;0;0;1;0;0;0;1;0
136973;11;8;8100208;2020;2;14;4;2;6;4;0;0;1;1;0;0;0;1
136974;11;12;12200310;2020;2;19;6;3;9;1;2;0;1;0;0;0;0;0
136975;11;1;1100310;2020;2;19;7;3;2;2;2;0;1;0;0;0;1;1
136976;11;2;2200209;2020;2;9;3;3;1;5;0;1;1;0;0;0;0;1
136977;11;3;3400828;2020;2;7;2;3;2;2;0;0;1;0;0;0;0;0
136978;11;3;3400725;2020;2;7;4;3;1;5;0;1;1;0;0;0;0;1
136979;11;10;10100210;2020;2;17;6;3;6;7;1;0;1;1;0;0;0;1
136980;11;9;9200715;2020;2;10;1;3;5;2;0;0;1;0;0;1;0;1
136981;11;4;4300517;2020;2;12;3;3;5;3;0;1;1;0;0;0;0;1
136982;11;4;4501153;2020;2;11;2;2;6;4;0;1;0;1;0;0;0;0
136983;11;1;1100310;2020;2;9;6;3;5;7;0;1;0;0;0;0;1;0
136984;11;1;1200519;2020;2;23;1;3;2;6;2;0;1;0;0;0;0;1
136985;11;1;2400623;2020;2;18;4;3;6;2;2;0;1;1;0;0;0;1
136986;11;7;7300516;2020;2;7;4;3;1;7;0;0;1;1;0;0;0;1
136987;11;10;10200629;2020;2;8;4;3;5;3;0;1;1;0;0;0;0;0
136988;11;11;11100309;2020;2;11;4;3;5;2;0;1;1;0;0;0;0;1
136989;11;12;12400616;2020;2;16;6;3;0;7;0;0;1;0;0;0;0;0
136990;11;12;12400720;2020;2;16;7;3;3;6;0;1;0;0;0;0;1;0
136991;11;6;6200312;2020;2;6;2;3;0;7;0;0;0;0;1;0;1;1
136992;11;12;12100102;2020;2;18;2;2;6;4;2;0;1;1;0;0;0;0
136993;11;4;4200310;2020;2;14;5;3;2;6;0;0;1;0;0;0;0;1
136994;11;2;2200208;2020;2;8;4;3;5;2;0;1;1;0;0;0;0;1
136995;11;6;6300527;2020;2;18;4;3;6;4;2;0;1;1;0;0;0;1
136996;11;5;5300736;2020;2;5;6;3;5;2;2;0;1;0;0;0;0;1
136997;11;11;11200513;2020;2;7;4;3;0;3;0;0;0;0;0;0;1;0
136998;11;11;11501340;2020;2;20;4;3;5;3;2;1;1;0;0;0;0;0
136999;11;1;1401046;2020;2;18;4;3;6;4;2;0;1;1;0;0;0;1
137000;11;9;9502043;2020;2;5;3;2;5;3;2;1;1;0;0;0;0;1
137001;11;1;1200522;2020;2;20;4;3;5;2;2;1;1;0;0;0;0;0
137002;11;9;9200819;2020;2;18;3;3;4;6;2;1;0;0;0;0;0;0
137003;11;2;2200210;2020;2;10;7;3;5;3;0;1;1;0;0;0;0;0
137004;11;7;7400825;2020;2;9;2;2;0;5;0;0;0;0;0;0;1;0
137005;11;4;4500937;2020;2;15;2;3;5;2;0;1;1;0;0;0;0;0
137006;11;1;1100312;2020;2;8;5;3;5;3;0;1;0;0;0;0;0;0
137007;11;12;12400618;2020;2;19;4;3;5;2;2;0;1;0;0;0;0;0
137008;11;5;5100314;2020;2;15;4;2;5;3;0;1;1;0;0;0;0;1
137009;11;2;2400623;2020;2;16;3;3;2;6;0;0;1;0;1;0;0;0
137010;11;1;1300733;2020;2;19;4;3;5;3;2;1;1;0;0;0;0;0
137011;11;2;2500830;2020;2;12;3;3;0;1;0;0;0;0;1;0;0;1
137012;11;4;4501043;2020;2;17;3;3;5;3;1;1;1;0;0;0;0;0
137013;11;10;10200423;2020;2;5;4;3;5;3;2;1;1;0;0;0;0;0
137014;11;2;2400624;2020;2;1;3;3;0;1;2;0;0;0;0;0;1;1
137015;11;10;10400835;2020;2;22;6;3;5;3;2;0;1;0;0;0;0;0
137016;11;4;4200308;2020;2;21;2;2;6;2;2;0;1;1;0;0;0;1
137017;11;5;5100104;2020;2;12;1;3;6;4;0;0;1;1;0;0;0;1
137018;11;3;3300411;2020;2;7;5;3;5;3;1;1;1;0;0;0;0;1
137019;11;10;10100315;2020;2;13;4;3;6;4;0;0;1;1;0;0;0;1
137020;11;7;7501133;2020;2;18;3;3;2;6;2;0;1;0;0;0;0;1
137021;11;1;1100103;2020;2;15;4;3;1;5;0;1;1;0;0;0;0;1
137022;11;9;9401534;2020;2;15;1;3;6;2;0;0;1;1;0;0;0;1
137023;11;12;12200515;2020;2;14;3;3;6;4;0;0;0;1;0;0;1;0
137024;11;3;3601346;2020;2;20;3;3;0;1;1;1;0;0;0;0;0;1
137025;11;9;9100304;2020;2;10;3;3;5;3;0;1;1;0;0;0;0;0
137026;11;7;7400721;2020;2;11;6;3;1;7;0;0;1;0;0;0;0;0
137027;11;10;10100316;2020;2;14;2;2;5;2;0;1;1;0;0;0;0;0
137028;11;8;8100102;2020;2;23;4;2;6;4;2;1;0;1;0;0;0;1
137029;11;12;12400619;2020;2;16;6;3;2;2;0;0;1;0;1;0;0;0
137030;11;10;10200418;2020;2;18;2;3;6;4;2;0;0;1;1;0;0;1
137031;11;6;6300527;2020;2;16;5;3;2;6;0;0;1;0;0;0;1;1
137032;11;5;5100210;2020;2;11;4;3;5;3;0;0;1;0;0;0;0;1
137033;11;2;2100106;2020;2;19;3;3;3;6;2;1;1;0;0;0;0;0
137034;11;6;6200315;2020;2;7;4;3;5;2;0;1;1;0;0;0;0;1
137035;11;4;4200311;2020;2;16;6;3;2;6;0;0;1;0;0;0;0;1
137036;11;1;1300733;2020;2;2;1;3;5;3;2;0;1;0;0;0;0;0
137037;11;5;5100316;2020;2;11;3;2;6;4;0;0;1;1;0;0;0;1
137038;11;4;4501146;2020;2;12;7;3;5;7;0;0;1;0;1;0;0;0
137039;11;11;11400927;2020;2;10;2;3;0;4;0;0;0;1;1;0;0;0
137040;11;10;10400938;2020;2;8;6;2;2;2;0;0;1;0;1;0;0;1
137041;11;9;9100304;2020;2;10;7;3;5;7;0;0;1;0;0;0;0;0
137042;11;8;8100209;2020;2;19;4;3;5;3;2;0;1;0;0;0;0;1
137043;11;7;7400822;2020;2;7;4;3;5;3;0;0;1;0;0;0;0;0
137044;11;4;4100102;2020;2;15;3;3;5;2;0;0;1;0;0;0;0;0
137045;11;11;11501340;2020;2;0;4;3;5;3;2;0;1;0;0;0;1;0
137046;11;5;5100316;2020;2;13;7;3;2;6;0;0;1;0;0;0;0;0
137047;11;3;3100103;2020;3;9;5;3;2;2;0;1;1;0;0;0;0;0
137048;11;6;6200421;2020;3;14;3;3;2;6;0;0;1;0;0;0;0;1
137049;11;9;9200819;2020;3;16;5;3;5;2;0;0;1;0;0;0;0;0
137050;11;3;3500932;2020;3;14;3;3;0;1;0;1;0;0;0;0;0;0
137051;11;11;11200513;2020;3;8;2;3;5;3;0;0;1;0;0;0;0;1
137052;11;2;2100105;2020;3;13;3;3;5;2;0;1;1;0;0;0;0;0
137053;11;10;10200418;2020;3;13;3;3;5;2;0;0;1;0;0;0;0;0
137054;11;1;1100207;2020;3;8;5;3;0;3;0;0;1;0;1;0;0;0
137055;11;6;6400844;2020;3;18;6;3;6;2;2;0;1;1;0;0;0;1
137056;11;4;4501042;2020;3;1;5;2;0;1;2;0;0;0;0;0;1;0
137057;11;3;3400723;2020;3;13;3;3;3;6;0;0;1;0;0;0;1;0
137058;11;1;1100309;2020;3;13;4;3;5;3;0;1;1;0;0;0;0;0
137059;11;4;4200310;2020;3;13;3;3;5;7;0;0;1;0;0;0;0;1
137060;11;8;8100415;2020;3;13;2;2;3;6;0;1;1;0;1;0;1;0
137061;11;9;9401329;2020;3;15;1;3;2;7;0;0;1;0;0;0;1;0
137062;11;3;3100103;2020;3;16;2;3;5;3;0;1;1;0;0;0;0;0
137063;11;1;1100310;2020;3;13;2;3;0;1;0;1;0;0;0;0;0;1
137064;11;1;1100309;2020;3;6;6;3;5;7;1;0;1;0;1;0;0;1
137065;11;12;12200412;2020;3;0;1;3;0;7;2;0;1;0;0;0;0;1
137066;11;8;8100105;2020;3;20;2;3;6;4;2;0;0;1;1;0;0;0
137067;11;4;4400831;2020;3;17;2;3;1;5;1;1;1;0;0;0;0;0
137068;11;5;5100313;2020;3;11;6;3;0;2;0;1;1;0;0;0;0;1