OBJECTID;LAND;BEZ;LOR_ab_2021;UJAHR;UMONAT;USTUNDE;UWOCHENTAG;UKATEGORIE;UART;UTYP1;ULICHTVERH;IstRad;IstPKW;IstFuss;IstKrad;IstGkfz;IstSonstige;USTRZUSTAND
137069;11;1;1100206;2020;3;19;4;3;0;6;2;1;1;0;0;0;0;0
137070;11;1;1100310;2020;3;15;2;3;6;4;0;0;0;1;0;0;1;0
137071;11;3;3701554;2020;3;17;4;3;0;1;0;1;0;0;0;0;0;0
137072;11;6;6100205;2020;3;7;2;3;2;6;0;0;1;0;0;0;0;1
137073;11;7;7400927;2020;3;5;2;3;5;7;2;0;1;0;0;0;1;1
137074;11;1;1100310;2020;3;9;1;3;5;2;0;1;1;0;0;0;0;0
137075;11;1;1401046;2020;3;15;2;3;5;2;0;1;0;0;0;0;1;0
137076;11;3;3701556;2020;3;13;6;3;5;3;0;1;1;0;0;0;0;1
137077;11;4;4501042;2020;3;19;4;3;1;5;2;1;1;0;0;0;0;0
137078;11;6;6300526;2020;3;15;2;3;5;3;0;1;0;0;0;0;0;0
137079;11;3;3400723;2020;3;16;5;3;2;6;0;0;1;0;0;0;0;0
137080;11;1;1300836;2020;3;14;2;2;8;1;0;0;1;0;0;0;0;0
137081;11;2;2200213;2020;3;18;4;3;0;7;1;1;1;0;0;0;0;1
137082;11;4;4300619;2020;3;15;4;3;6;7;0;0;0;1;0;0;1;0
137083;11;8;8200833;2020;3;13;2;3;1;5;0;0;1;0;0;0;0;0
137084;11;2;2200208;2020;3;12;2;3;6;4;0;1;0;1;0;0;0;0
137085;11;2;2500835;2020;3;8;4;3;5;2;0;1;1;0;0;0;0;0
137086;11;4;4200310;2020;3;11;2;3;2;6;0;0;1;0;0;1;0;1
137087;11;7;7501134;2020;3;10;2;2;6;2;0;0;1;1;0;0;0;0
137088;11;9;9200613;2020;3;14;7;3;5;3;0;1;1;0;0;0;0;0
137089;11;4;4200308;2020;3;10;2;3;2;6;0;0;1;0;0;0;0;1
137090;11;4;4200310;2020;3;11;6;3;5;7;0;1;1;0;0;0;0;0
137091;11;3;3400723;2020;3;16;4;3;2;6;0;0;1;0;0;0;0;0
137092;11;2;2200208;2020;3;9;2;3;0;1;0;1;0;0;0;0;0;1
137093;11;7;7200414;2020;3;16;5;3;2;6;0;1;1;0;0;0;0;0
137094;11;1;1200517;2020;3;8;2;3;2;6;0;0;1;0;0;1;0;1
137095;11;5;5200629;2020;3;10;2;3;6;4;0;0;1;1;0;0;0;1
137096;11;9;9300920;2020;3;7;2;3;3;6;0;1;1;0;0;0;0;1
137097;11;6;6300525;2020;3;13;1;3;7;7;0;1;0;0;0;0;0;0
137098;11;4;4501147;2020;3;16;4;3;2;6;0;1;0;0;0;0;0;0
137099;11;7;7400721;2020;3;12;6;3;2;2;0;0;1;0;0;0;0;1
137100;11;5;5400942;2020;3;14;1;3;0;6;0;1;0;0;0;0;0;1
137101;11;7;7300619;2020;3;21;1;2;5;7;2;0;1;0;0;0;0;0
137102;11;11;10100205;2020;3;9;7;3;2;6;0;0;1;0;0;0;0;1
137103;11;2;2200211;2020;3;20;1;3;1;5;2;1;1;0;0;0;0;0
137104;11;5;5100314;2020;3;19;6;2;1;3;2;0;1;0;0;0;0;1
137105;11;3;3400831;2020;3;15;4;3;2;6;0;0;1;0;0;0;1;0
137106;11;3;3601142;2020;3;19;1;3;3;6;2;1;0;0;0;0;0;0
137107;11;2;2100104;2020;3;15;5;3;5;3;0;1;1;0;0;0;0;0
137108;11;1;1100310;2020;3;18;1;3;0;7;2;0;0;0;1;0;0;1
137109;11;11;11501339;2020;3;8;2;3;2;6;0;0;1;0;0;0;0;1
137110;11;8;8200726;2020;3;17;1;3;2;6;0;0;1;0;0;0;0;0
137111;11;7;7601442;2020;3;16;1;3;6;4;0;0;1;1;0;0;0;0
137112;11;12;12200515;2020;3;12;4;2;3;6;0;0;1;0;1;0;0;0
137113;11;12;12100101;2020;3;18;6;3;5;2;2;1;1;0;0;0;0;1
137114;11;10;10100206;2020;3;12;4;3;5;2;0;0;0;0;0;0;1;0
137115;11;1;1100308;2020;3;15;1;2;0;1;0;0;0;0;1;0;0;1
137116;11;7;7100205;2020;3;12;4;3;1;5;0;1;1;0;0;0;0;0
137117;11;3;3400619;2020;3;19;1;3;5;3;2;1;1;0;0;0;0;0
137118;11;8;8200832;2020;3;16;4;3;5;3;0;0;1;0;1;0;0;0
137119;11;3;3200204;2020;3;14;1;3;6;4;0;0;1;1;0;0;0;1
137120;11;8;8100419;2020;3;22;4;3;5;3;2;0;1;0;0;0;0;0
137121;11;5;5100315;2020;3;14;1;2;6;4;0;0;1;1;0;0;0;1
137122;11;1;1200628;2020;3;13;1;3;0;1;0;0;0;0;1;0;0;1
137123;11;11;11200513;2020;3;19;1;2;0;1;2;1;0;0;0;0;0;0
137124;11;9;9401329;2020;3;11;1;3;4;6;0;1;1;0;0;0;0;0
137125;11;8;8301036;2020;3;11;1;3;5;2;0;1;1;0;0;0;0;1
137126;11;5;5200629;2020;3;16;6;2;6;4;0;0;1;1;0;0;0;1
137127;11;4;4501149;2020;3;22;4;3;5;7;2;0;1;0;1;0;0;0
137128;11;8;8200725;2020;3;9;1;3;3;6;0;0;1;0;1;0;0;1
137129;11;2;2400625;2020;3;22;4;3;2;6;2;0;1;0;0;0;0;0
137130;11;1;1100206;2020;3;6;1;2;5;3;2;0;1;0;0;0;0;0
137131;11;2;2200213;2020;3;0;1;2;0;1;2;1;0;0;0;0;0;1
137132;11;9;9200613;2020;3;0;1;3;5;2;2;1;1;0;0;0;0;1
137133;11;11;11300721;2020;2;18;7;3;2;2;2;0;1;0;1;0;0;1
137134;11;6;6100209;2020;3;14;1;3;0;5;0;0;1;0;0;0;0;0
137135;11;1;1200623;2020;2;2;7;3;0;2;2;1;1;0;0;0;0;0
137136;11;6;6300634;2020;2;17;7;2;6;4;1;0;1;1;0;0;0;1
137137;11;5;5100104;2020;3;6;6;2;5;3;2;0;1;0;1;0;0;1
137138;11;8;8100206;2020;3;21;4;3;1;5;2;1;1;0;0;0;0;0
137139;11;4;4501042;2020;2;5;7;3;5;3;2;0;1;0;0;0;0;1
137140;11;1;1300836;2020;2;15;7;3;5;3;0;0;1;0;1;0;0;1
137141;11;3;3601245;2020;3;19;4;3;6;2;2;0;0;1;0;0;1;0
137142;11;1;1200522;2020;2;16;7;3;6;4;0;0;1;1;0;0;0;0
137143;11;6;6300631;2020;2;6;7;2;4;6;2;0;0;0;0;0;1;1
137144;11;5;5100316;2020;3;13;7;3;0;6;0;0;1;0;0;0;1;0
137145;11;2;2500834;2020;2;2;7;2;6;7;2;0;1;1;0;0;0;1
137146;11;1;1100308;2020;3;8;6;3;5;3;0;0;1;0;0;0;0;1
137147;11;3;3400723;2020;3;15;4;3;4;6;0;1;0;0;0;0;0;0
137148;11;2;2100106;2020;2;23;7;3;5;2;2;0;1;0;0;0;0;1
137149;11;7;7100102;2020;3;14;5;3;1;5;0;0;1;0;1;0;0;0
137150;11;2;2500830;2020;2;19;7;3;1;5;2;1;1;0;0;0;0;1
137151;11;5;5300736;2020;3;13;6;3;4;6;0;0;1;0;0;0;0;1
137152;11;8;8100311;2020;3;13;4;3;5;5;0;1;1;0;0;0;0;0
137153;11;1;1300836;2020;2;19;7;3;5;3;2;0;1;0;0;0;0;1
137154;11;8;8100209;2020;3;14;5;3;5;2;0;1;1;0;0;0;0;0
137155;11;4;4501148;2020;2;19;7;3;1;5;2;1;1;0;0;0;0;1
137156;11;8;8100312;2020;3;11;2;3;2;6;0;0;1;0;0;0;0;0
137157;11;2;2400623;2020;2;19;7;3;5;3;2;1;1;0;0;0;0;1
137158;11;12;12500928;2020;2;18;7;3;5;3;2;0;1;0;0;0;0;1
137159;11;3;3601245;2020;3;0;7;3;1;5;2;1;1;0;0;0;0;1
137160;11;9;9401534;2020;3;11;6;1;6;4;0;0;0;1;0;0;1;1
137161;11;1;1200628;2020;2;17;7;3;5;2;0;0;1;0;0;0;1;0
137162;11;7;7501029;2020;3;13;4;3;6;4;0;0;1;1;0;0;0;0
137163;11;7;7300517;2020;2;18;7;3;1;5;2;1;1;0;0;0;0;1
137164;11;7;7400825;2020;3;13;5;3;5;3;0;0;1;0;1;0;0;0
137165;11;2;2200212;2020;2;16;7;3;6;7;0;0;1;1;0;0;0;0
137166;11;8;8100103;2020;3;7;2;3;2;7;0;1;1;0;0;0;0;1
137167;11;1;1200520;2020;3;16;5;3;1;5;0;1;1;0;0;0;0;0
137168;11;8;8401243;2020;2;15;7;3;6;2;0;0;1;1;0;0;0;0
137169;11;5;5200527;2020;2;15;7;3;6;4;0;0;1;1;0;0;0;0
137170;11;12;12200412;2020;2;15;7;3;5;5;0;0;1;0;1;0;0;0
137171;11;1;1100310;2020;3;5;2;3;5;2;1;0;1;0;0;0;0;1
137172;11;7;7601545;2020;3;20;5;2;8;1;2;0;1;0;0;0;0;0
137173;11;1;1400938;2020;2;14;7;3;2;6;0;0;1;0;0;0;0;0
137174;11;10;10200526;2020;2;14;7;3;6;6;0;0;1;1;0;0;0;0
137175;11;12;12400618;2020;3;11;4;3;5;3;0;0;1;0;0;0;0;0
137176;11;6;6100207;2020;3;18;6;3;2;6;2;0;1;0;0;0;0;1
137177;11;7;7200409;2020;3;11;4;3;5;2;0;1;1;0;0;0;0;0
137178;11;5;5100316;2020;2;13;7;3;6;7;0;0;1;1;0;0;0;0
137179;11;6;6100210;2020;3;10;4;3;5;3;0;0;1;0;0;0;0;1
137180;11;11;11400931;2020;2;13;7;3;6;4;0;0;1;1;0;0;0;0
137181;11;8;8401245;2020;2;12;7;3;5;2;0;1;1;0;0;0;0;0
137182;11;5;5100209;2020;3;16;1;3;5;2;0;0;1;0;0;0;0;0
137183;11;9;9200717;2020;3;19;5;3;5;2;2;1;1;0;0;0;0;0
137184;11;2;2300316;2020;2;11;7;3;2;6;0;0;1;0;0;0;0;0
137185;11;4;4300623;2020;2;19;6;3;1;5;1;1;1;0;0;0;0;0
137186;11;11;11501238;2020;3;7;6;3;6;2;0;0;1;1;0;0;0;1
137187;11;3;3500936;2020;3;10;4;3;6;4;0;0;1;1;0;0;0;0
137188;11;6;6200314;2020;2;11;6;2;6;6;0;0;1;1;0;0;0;0
137189;11;5;5200631;2020;3;16;6;3;2;7;0;0;1;0;0;0;0;1
137190;11;1;1200629;2020;3;10;4;3;5;2;0;1;0;0;0;0;1;0
137191;11;12;12200309;2020;2;13;6;2;2;6;0;0;1;0;0;0;0;0
137192;11;8;8301037;2020;3;8;4;3;5;3;0;1;1;0;0;0;0;0
137193;11;7;7100102;2020;2;8;6;3;2;6;0;0;1;0;0;0;0;0
137194;11;4;4100102;2020;2;7;6;3;5;3;0;1;0;0;0;1;0;1
137195;11;1;1200623;2020;3;13;1;2;1;1;0;0;1;0;0;0;0;0
137196;11;2;2400623;2020;3;18;5;3;2;7;2;1;1;0;0;0;0;0
137197;11;5;5200629;2020;2;18;6;3;5;3;2;1;1;0;0;0;0;0
137198;11;5;5300736;2020;2;19;6;3;2;6;2;0;1;0;0;0;0;0
137199;11;5;5100211;2020;3;14;6;3;5;2;0;0;1;0;0;0;0;1
137200;11;1;1400937;2020;3;7;4;3;6;2;0;0;1;1;0;0;0;0
137201;11;3;3701554;2020;2;21;6;3;5;3;2;1;1;0;0;0;0;0
137202;11;1;1300733;2020;3;12;5;3;6;7;0;0;1;1;0;0;0;0
137203;11;8;8200624;2020;2;19;6;2;6;4;2;0;1;1;0;0;0;0
137204;11;4;4500939;2020;3;7;4;3;5;2;0;1;1;0;0;0;0;0
137205;11;7;7200414;2020;2;18;6;3;5;7;2;0;1;0;1;0;0;0
137206;11;12;12601235;2020;2;18;6;3;5;2;2;1;1;0;0;0;0;0
137207;11;1;1100416;2020;3;9;7;3;0;1;0;1;0;0;0;0;0;1
137208;11;4;4501042;2020;2;18;6;3;2;6;2;0;1;0;0;0;0;0
137209;11;6;6100101;2020;3;4;4;2;0;7;2;1;0;0;0;0;0;1
137210;11;10;10100205;2020;2;17;6;2;0;3;1;1;1;0;0;0;0;0
137211;11;2;2500836;2020;2;16;6;3;5;3;0;1;1;0;0;0;0;0
137212;11;2;2300316;2020;3;19;7;2;6;4;2;0;1;1;0;0;0;0
137213;11;6;6300633;2020;2;16;6;3;5;2;0;0;1;0;0;0;1;0
137214;11;2;2200210;2020;3;12;6;3;5;3;0;1;1;0;0;0;0;1
137215;11;8;8200624;2020;3;5;4;3;5;2;0;0;1;0;0;0;0;0
137216;11;12;12500824;2020;2;16;6;3;5;3;0;0;1;0;1;0;0;0
137217;11;8;8200730;2020;3;11;5;3;0;2;0;1;0;0;0;0;1;0
137218;11;12;12200310;2020;2;16;6;3;6;2;0;0;1;1;0;0;0;0
137219;11;2;2400623;2020;3;11;2;2;5;2;0;0;1;0;0;0;0;1
137220;11;1;1300835;2020;3;18;5;3;5;7;2;0;1;0;0;0;1;0
137221;11;1;1200625;2020;2;15;6;3;2;6;0;0;1;0;0;0;0;0
137222;11;4;4501041;2020;2;15;6;3;3;6;0;1;1;0;0;0;0;0
137223;11;11;11300722;2020;3;9;6;3;5;2;0;1;1;0;0;0;0;1
137224;11;10;10400941;2020;3;18;5;3;5;3;2;1;1;0;0;0;0;0
137225;11;3;3601141;2020;2;15;6;3;5;3;0;1;1;0;0;0;0;0
137226;11;12;12500928;2020;2;15;6;3;5;3;0;1;1;0;0;0;0;0
137227;11;3;3701554;2020;3;20;6;3;5;3;2;1;1;0;0;0;0;1
137228;11;4;4300623;2020;3;1;4;3;0;1;2;0;0;0;0;0;1;1
137229;11;1;1300836;2020;2;14;6;3;2;6;0;0;1;0;1;0;0;0
137230;11;4;4300518;2020;3;11;5;3;5;2;0;1;1;0;0;0;0;0
137231;11;4;4501042;2020;2;14;6;3;2;6;0;0;1;0;0;0;0;0
137232;11;2;2300316;2020;3;8;2;3;5;3;0;1;1;0;0;0;0;1
137233;11;3;3300516;2020;2;13;6;3;5;3;0;0;1;0;0;0;0;0
137234;11;2;2200209;2020;2;13;6;3;3;6;0;0;1;0;0;0;0;0
137235;11;12;12200414;2020;3;7;4;3;2;6;0;0;0;0;0;1;1;1
137236;11;4;4200311;2020;3;18;6;3;6;4;2;0;1;1;0;0;0;1
137237;11;1;2400623;2020;3;9;3;3;5;2;0;1;1;0;0;0;0;0
137238;11;10;10100104;2020;2;11;6;2;6;4;0;0;1;1;0;0;0;0
137239;11;1;1200628;2020;3;12;3;3;0;1;0;1;0;0;0;0;0;1
137240;11;7;7601442;2020;2;4;6;1;5;3;2;0;1;0;0;0;0;2
137241;11;1;1100206;2020;2;10;6;3;5;3;0;0;1;0;0;0;0;0
137242;11;1;1300733;2020;3;15;1;3;1;5;0;0;1;0;1;0;0;0
137243;11;2;2200209;2020;3;17;5;3;5;2;1;1;1;0;0;0;0;0
137244;11;6;6100205;2020;2;9;6;3;0;3;0;0;1;0;1;0;0;1
137245;11;10;10100311;2020;3;8;3;3;5;2;0;1;1;0;0;0;0;0
137246;11;5;5100316;2020;2;9;6;3;1;5;0;1;1;0;0;0;0;1
137247;11;4;4501043;2020;2;9;6;3;5;3;0;0;1;0;0;0;0;1
137248;11;11;11300723;2020;3;21;1;2;1;5;2;0;1;0;0;0;0;0
137249;11;6;6400838;2020;2;8;6;3;2;2;0;0;1;0;0;0;0;1
137250;11;12;12200307;2020;2;7;6;3;6;4;0;0;0;1;0;0;1;0
137251;11;2;2200209;2020;3;15;6;3;3;6;0;1;0;0;0;1;0;1
137252;11;4;4500937;2020;3;10;3;3;8;7;0;0;1;1;0;0;0;0
137253;11;1;1100205;2020;2;0;6;3;2;2;2;0;1;0;0;0;0;1
137254;11;9;9501941;2020;3;17;3;3;4;6;0;1;0;0;0;0;0;1
137255;11;7;7300619;2020;2;18;5;3;0;3;2;0;1;0;1;0;0;0
137256;11;11;11100204;2020;2;6;5;2;6;7;1;1;0;1;0;0;0;1
137257;11;1;1100206;2020;3;9;1;3;5;3;0;0;1;0;0;0;0;0
137258;11;4;4300623;2020;2;22;5;3;6;2;2;0;1;1;0;0;0;1
137259;11;4;4300620;2020;3;13;6;2;5;2;0;0;1;0;1;0;0;1
137260;11;2;2400521;2020;3;21;3;3;5;3;2;1;1;0;0;0;0;0
137261;11;1;1200520;2020;2;21;5;3;1;5;2;0;1;0;0;0;0;1
137262;11;12;12500926;2020;3;6;6;3;0;3;1;0;1;0;1;0;0;1
137263;11;9;9100202;2020;3;8;3;3;5;2;1;1;1;0;0;0;0;0
137264;11;7;7200413;2020;2;20;5;3;4;6;2;0;1;0;0;0;1;1
137265;11;8;8100104;2020;2;20;5;3;5;2;2;1;1;0;0;0;0;0
137266;11;7;7601442;2020;3;19;3;3;5;2;2;1;1;0;0;0;0;0
137267;11;8;8100521;2020;2;19;5;2;6;4;2;0;1;1;0;0;0;0
137268;11;1;1100206;2020;2;19;5;3;5;2;2;1;1;0;0;0;0;0
137269;11;10;10300731;2020;3;13;7;3;5;3;0;0;1;0;0;0;0;0
137270;11;3;3601142;2020;3;17;5;3;6;4;1;0;1;1;0;0;0;0
137271;11;5;5200422;2020;2;16;5;2;8;1;1;0;1;0;0;0;0;0
137272;11;1;1400940;2020;3;9;6;3;2;6;0;0;1;0;0;0;0;1
137273;11;1;1100416;2020;3;19;3;3;5;3;2;0;1;0;0;0;1;0
137274;11;5;5100208;2020;2;19;5;3;2;6;2;0;1;0;0;0;0;1
137275;11;12;12200309;2020;3;11;5;3;2;6;0;0;1;0;0;0;0;0
137276;11;8;8100105;2020;2;18;5;3;2;7;2;1;1;0;0;0;0;0
137277;11;12;12500930;2020;3;5;2;3;5;2;1;1;1;0;0;0;0;0
137278;11;5;5100314;2020;2;17;5;3;1;5;2;0;1;0;0;0;0;0
137279;11;5;5100104;2020;2;18;5;2;5;2;2;1;1;0;0;0;0;0
137280;11;1;1400938;2020;3;10;5;3;2;6;0;0;1;0;0;1;1;0
137281;11;12;12200515;2020;2;16;5;3;6;4;0;0;1;1;0;0;0;0
137282;11;1;1100207;2020;2;15;5;3;6;4;0;1;0;1;0;0;0;0
137283;11;8;8100208;2020;2;14;5;3;2;6;0;0;1;0;0;0;1;0
137284;11;5;5100317;2020;3;7;7;3;1;7;0;0;1;0;0;0;0;1
137285;11;6;6100101;2020;2;14;5;3;5;3;0;0;1;0;0;0;0;1
137286;11;12;12500928;2020;3;19;6;3;5;3;2;1;1;0;0;0;0;1
137287;11;2;2100104;2020;3;19;3;3;5;3;2;1;1;0;0;0;0;0
137288;11;4;4501042;2020;2;13;5;3;5;3;0;1;1;0;0;0;0;0
137289;11;11;11100309;2020;3;9;5;3;6;4;0;0;1;1;0;0;0;0
137290;11;1;1100101;2020;2;13;5;3;0;2;0;0;1;0;0;0;1;0
137291;11;3;3300412;2020;3;8;2;3;5;3;0;0;1;0;0;0;0;1
137292;11;4;4501041;2020;2;13;5;3;0;6;0;0;1;0;0;0;1;0
137293;11;9;9401330;2020;2;13;5;3;5;3;0;1;1;0;0;0;0;0
137294;11;4;4400832;2020;3;18;6;2;6;4;2;0;1;1;0;0;0;1
137295;11;7;7400824;2020;3;19;3;3;5;3;2;1;1;0;0;0;0;0
137296;11;3;3200205;2020;2;11;5;3;5;3;0;0;1;0;0;0;0;0
137297;11;7;7200411;2020;2;12;5;3;0;2;0;0;1;0;0;0;1;1
137298;11;1;1100310;2020;3;18;3;3;5;3;2;1;1;0;0;0;0;1
137299;11;5;5200528;2020;3;19;6;3;5;2;2;0;1;0;0;0;0;1
137300;11;8;8100521;2020;3;10;3;3;5;3;0;1;1;0;0;0;0;1
137301;11;1;1401049;2020;2;11;5;3;2;6;0;0;1;0;0;0;0;0
137302;11;11;11200512;2020;3;11;3;2;5;7;0;0;1;0;0;0;1;0
137303;11;11;11501340;2020;2;11;5;2;6;4;0;0;0;1;0;0;1;1
137304;11;1;1401049;2020;2;11;5;3;5;3;0;1;1;0;0;0;0;1
137305;11;2;2400521;2020;3;17;1;3;2;2;1;0;1;0;0;0;0;0
137306;11;11;11501238;2020;2;10;5;3;2;6;0;0;1;0;0;0;1;1
137307;11;5;5100317;2020;2;10;5;2;5;2;0;0;1;0;0;1;0;1
137308;11;3;3300514;2020;3;15;6;3;5;3;0;0;1;0;1;0;0;1
137309;11;12;12200515;2020;3;11;3;3;1;5;0;1;1;0;0;0;0;0
137310;11;6;6100208;2020;2;9;5;3;5;3;0;1;1;0;0;0;0;1
137311;11;12;12601031;2020;3;10;3;3;5;3;0;0;1;0;0;0;0;0
137312;11;7;7601442;2020;2;7;5;3;6;2;0;0;0;1;0;0;1;1
137313;11;4;4200311;2020;3;9;3;3;3;6;0;0;1;0;0;1;0;0
137314;11;8;8100206;2020;2;7;5;3;2;6;0;0;1;0;0;0;0;0
137315;11;9;9501939;2020;2;6;5;3;2;6;2;0;1;0;0;0;0;1
137316;11;9;9401534;2020;3;14;1;2;5;3;0;1;1;0;0;0;0;0
137317;11;7;7400927;2020;2;6;5;3;5;2;2;1;1;0;0;0;0;1
137318;11;11;11300721;2020;2;5;5;3;2;6;2;0;1;0;0;1;0;1
137319;11;3;3400829;2020;3;6;6;2;5;3;1;0;1;0;0;0;0;1
137320;11;4;4200310;2020;3;16;3;3;5;3;0;0;1;0;1;0;0;1
137321;11;4;4300623;2020;2;12;4;3;1;5;0;1;1;0;0;0;0;1
137322;11;5;5100316;2020;2;14;4;3;6;7;0;0;0;1;0;0;1;1
137323;11;4;4501040;2020;3;15;3;3;1;5;0;0;0;0;0;0;1;1
137324;11;10;10300732;2020;2;15;4;3;2;7;0;0;1;0;0;0;1;1
137325;11;3;3300516;2020;2;8;4;1;4;6;0;0;1;0;1;0;0;0
137326;11;3;3400619;2020;3;12;7;3;5;3;0;0;1;0;0;0;0;0
137327;11;4;4100101;2020;2;18;4;3;2;6;2;0;1;0;0;0;0;1
137328;11;3;3601244;2020;3;22;6;3;6;6;2;0;1;1;0;0;0;1
137329;11;12;12601031;2020;2;17;4;3;2;6;1;0;1;0;0;0;0;1
137330;11;6;6100209;2020;3;20;7;3;6;6;2;0;1;1;0;0;0;0
137331;11;11;11501340;2020;2;16;4;3;5;3;0;0;1;0;0;0;0;1
137332;11;6;6200314;2020;3;13;6;3;5;3;0;0;1;0;0;0;0;1
137333;11;6;6300632;2020;3;15;3;3;5;3;0;1;1;0;0;0;0;1
137334;11;2;2300316;2020;2;15;4;3;5;3;0;1;1;0;0;0;1;1
137335;11;7;7300517;2020;3;9;5;3;5;3;0;1;1;0;0;0;0;0
137336;11;3;3500933;2020;2;15;4;3;0;1;0;0;0;0;1;0;0;1
137337;11;9;9200715;2020;3;11;2;3;5;3;0;1;1;0;0;0;0;1
137338;11;1;1100310;2020;3;17;5;3;6;4;0;0;1;1;0;0;0;0
137339;11;1;1100102;2020;2;15;4;3;0;6;0;0;1;0;1;0;1;0
137340;11;4;4501044;2020;2;17;4;3;5;7;0;0;1;0;0;0;0;1
137341;11;3;3601449;2020;3;0;7;3;0;1;2;0;0;0;0;0;1;1
137342;11;4;4200207;2020;3;16;5;3;0;4;0;0;1;1;0;0;0;0
137343;11;1;1100312;2020;2;8;4;3;5;3;0;1;1;0;0;0;0;1
137344;11;8;8100104;2020;3;14;3;3;2;6;0;0;1;0;0;0;0;0
137345;11;6;6200420;2020;2;20;4;3;4;1;2;0;1;0;0;0;0;1
137346;11;9;9501838;2020;3;19;6;3;2;6;2;0;1;0;0;0;0;1
137347;11;7;7100103;2020;3;10;5;3;1;5;0;1;1;0;0;0;0;1
137348;11;4;4300416;2020;3;12;4;2;1;5;0;1;1;0;0;0;0;0
137349;11;1;1401045;2020;3;17;4;3;1;5;0;1;1;0;0;0;0;0
137350;11;7;7601341;2020;3;11;7;2;5;3;0;1;1;0;0;0;0;0
137351;11;1;1100309;2020;3;12;2;3;5;3;0;1;1;0;0;0;0;0
137352;11;3;3300514;2020;3;11;5;3;5;3;0;1;1;0;0;0;0;0
137353;11;8;8100102;2020;3;0;7;3;5;3;2;1;1;0;0;0;0;0
137354;11;8;8200727;2020;3;11;4;3;2;6;0;0;1;0;0;0;0;0
137355;11;1;1100311;2020;3;9;4;3;5;2;0;1;0;0;0;0;1;0
137356;11;11;11300721;2020;3;12;6;3;5;2;0;1;1;0;0;0;0;1
137357;11;5;5100104;2020;3;11;4;2;1;5;0;0;1;0;0;0;0;0
137358;11;6;6200316;2020;3;17;2;3;2;6;0;0;1;0;0;0;0;0
137359;11;2;2500833;2020;3;18;3;3;0;3;2;0;1;0;0;0;1;0
137360;11;11;11300722;2020;3;10;4;2;5;3;0;0;1;0;0;0;1;0
137361;11;2;2100101;2020;3;14;7;3;5;2;0;0;1;0;0;0;0;0
137362;11;3;3200206;2020;3;8;2;3;5;3;0;1;1;0;0;0;0;0
137363;11;1;1400939;2020;3;15;7;3;5;2;0;0;1;0;1;0;0;0
137364;11;7;7400721;2020;3;15;4;3;2;6;0;0;1;0;0;0;0;0
137365;11;2;2100104;2020;3;20;4;3;5;3;2;1;1;0;0;0;0;0
137366;11;1;1300733;2020;3;18;7;3;1;5;2;1;1;0;0;0;0;0
137367;11;11;11300620;2020;3;15;4;3;6;7;0;0;1;1;0;0;0;0
137368;11;12;12200307;2020;3;21;4;3;0;3;2;1;1;0;0;0;0;0
137369;11;9;9300922;2020;3;10;6;3;5;2;0;1;1;0;0;0;0;1
137370;11;3;3601141;2020;3;8;4;3;5;3;0;1;1;0;0;0;0;0
137371;11;4;4400835;2020;3;13;2;3;2;6;0;0;1;0;0;0;0;0
137372;11;2;2400623;2020;3;22;3;3;5;2;2;1;1;0;0;0;0;0
137373;11;8;8100206;2020;3;8;4;2;6;4;0;0;1;1;0;0;0;0
137374;11;12;12500929;2020;3;13;6;2;6;4;0;0;1;1;0;0;0;0
137375;11;3;3500933;2020;3;17;2;3;5;3;0;1;1;0;0;0;0;0
137376;11;12;12601032;2020;3;13;7;3;0;3;0;0;1;0;1;0;0;0
137377;11;12;12200411;2020;3;12;4;3;3;6;0;0;1;0;0;1;0;0
137378;11;1;1100415;2020;3;17;4;2;0;1;0;1;0;0;0;0;0;0
137379;11;4;4501040;2020;3;15;5;3;5;2;0;1;1;0;0;0;0;0
137380;11;12;12400618;2020;3;17;3;3;5;2;1;0;1;0;1;0;0;1
137381;11;11;11501341;2020;3;17;4;3;2;6;1;0;1;0;0;0;0;0
137382;11;7;7601236;2020;3;16;1;3;5;3;0;1;1;0;0;0;0;0
137383;11;11;11401135;2020;3;7;3;3;5;3;0;1;1;0;0;0;0;0
137384;11;6;6100209;2020;3;23;3;2;0;7;2;0;1;0;0;0;0;1
137385;11;1;1100103;2020;3;19;5;3;5;2;2;0;1;0;0;0;1;0
137386;11;9;9200818;2020;3;12;3;3;3;3;0;0;1;0;0;0;0;1
137387;11;5;5200528;2020;3;7;2;3;2;6;0;0;1;0;0;1;0;0
137388;11;12;12200309;2020;3;8;3;3;1;5;0;0;1;0;0;0;1;0
137389;11;2;2500833;2020;3;23;3;3;5;3;2;0;1;0;0;0;0;1
137390;11;7;7601544;2020;3;19;6;2;1;5;2;0;1;0;0;1;0;0
137391;11;6;6300633;2020;3;7;2;3;2;6;0;0;1;0;0;1;0;0
137392;11;1;1401047;2020;3;12;7;3;5;2;0;1;1;0;0;0;0;0
137393;11;11;11300619;2020;3;16;3;2;6;4;0;0;1;1;0;0;0;0
137394;11;5;5300737;2020;3;15;4;3;5;2;0;0;1;0;1;0;0;0
137395;11;7;7100102;2020;3;13;5;3;5;2;0;0;1;0;0;0;1;0
137396;11;1;1300732;2020;3;20;3;3;6;4;2;1;0;1;0;0;0;1
137397;11;7;7200307;2020;3;17;4;3;1;5;0;1;1;0;0;0;0;0
137398;11;11;11401034;2020;3;11;1;3;0;1;0;0;0;0;1;0;0;0
137399;11;7;7601339;2020;3;13;2;3;5;3;0;0;1;0;1;0;0;0