OBJECTID;LAND;BEZ;LOR_ab_2021;UJAHR;UMONAT;USTUNDE;UWOCHENTAG;UKATEGORIE;UART;UTYP1;ULICHTVERH;IstRad;IstPKW;IstFuss;IstKrad;IstGkfz;IstSonstige;USTRZUSTAND
137400;11;11;11200410;2020;3;14;5;2;5;2;0;0;1;0;1;0;0;0
137401;11;8;8200623;2020;3;2;1;3;5;2;2;0;1;0;0;0;0;0
137402;11;1;1401048;2020;3;20;3;3;2;5;2;0;1;0;0;0;0;1
137403;11;8;8200730;2020;3;16;5;2;5;3;0;0;0;0;1;0;1;0
137404;11;8;8100417;2020;3;15;6;3;2;6;0;0;1;0;1;0;0;0
137405;11;10;10300732;2020;3;15;5;3;5;3;0;1;1;0;0;0;0;0
137406;11;6;6300634;2020;3;12;2;2;3;6;0;1;0;0;0;1;0;0
137407;11;1;1300836;2020;3;11;5;3;2;2;0;0;1;0;1;0;0;0
137408;11;11;11400927;2020;3;17;6;2;6;4;1;0;1;1;0;0;0;1
137409;11;2;2400623;2020;3;12;3;2;6;4;0;1;0;1;0;0;0;0
137410;11;7;7400822;2020;3;11;4;2;5;3;0;1;1;0;0;0;0;0
137411;11;9;9200510;2020;3;10;5;3;2;6;0;0;1;0;0;0;0;0
137412;11;1;1300733;2020;3;16;3;3;5;2;0;1;1;0;0;0;0;1
137413;11;4;4501045;2020;3;16;4;3;6;4;0;0;1;1;0;0;0;0
137414;11;3;3601450;2020;3;5;7;3;0;1;2;1;0;0;0;0;0;0
137415;11;2;2200210;2020;3;11;2;3;6;4;0;1;0;1;0;0;0;0
137416;11;6;6200313;2020;3;17;7;3;3;6;0;1;1;0;0;0;0;0
137417;11;1;1200517;2020;3;22;3;3;0;6;2;0;0;0;0;0;1;1
137418;11;7;7400927;2020;3;6;4;3;5;2;0;1;0;0;0;1;0;0
137419;11;7;7400928;2020;3;5;6;2;1;5;2;0;1;0;0;0;1;0
137420;11;7;7501030;2020;3;9;3;3;0;1;0;1;0;0;0;0;0;1
137421;11;2;2400521;2020;3;17;2;3;5;3;0;1;1;0;0;0;0;0
137422;11;11;11400930;2020;3;15;3;3;2;6;0;0;1;0;0;0;0;0
137423;11;5;5200630;2020;3;19;3;2;5;2;2;1;1;0;0;0;0;1
137424;11;12;12601031;2020;3;19;3;2;6;2;2;0;1;1;0;0;0;1
137425;11;7;7400928;2020;3;5;2;2;5;3;2;0;1;0;1;0;0;0
137426;11;8;8200624;2020;3;4;4;3;5;2;2;0;0;0;1;0;1;0
137427;11;4;4400728;2020;3;14;4;3;2;2;0;0;1;0;0;0;0;1
137428;11;12;12100204;2020;3;19;3;3;6;4;2;0;1;1;0;0;0;1
137429;11;10;10200421;2020;3;17;7;3;6;4;0;0;1;1;0;0;0;0
137430;11;12;12100205;2020;3;9;2;3;3;6;0;0;1;0;0;0;0;0
137431;11;4;4501041;2020;3;16;7;3;2;6;0;0;1;0;1;0;0;0
137432;11;2;2200208;2020;3;19;4;3;5;2;2;1;1;0;0;0;0;0
137433;11;4;4200310;2020;3;11;4;3;5;2;0;1;1;0;0;0;0;0
137434;11;4;4500937;2020;3;1;6;3;2;6;2;0;1;0;0;0;0;0
137435;11;2;2200210;2020;3;19;3;3;5;3;2;1;1;0;0;0;0;1
137436;11;3;3400619;2020;3;10;2;3;5;2;0;1;1;0;0;0;0;0
137437;11;10;10400938;2020;3;19;3;3;2;2;2;0;1;0;1;0;0;0
137438;11;1;1100207;2020;3;19;3;2;5;3;2;1;1;0;0;0;0;1
137439;11;12;12200307;2020;3;13;6;3;3;6;0;0;1;0;1;0;0;0
137440;11;6;6100206;2020;3;16;2;3;6;4;0;0;1;1;0;0;0;0
137441;11;3;3100103;2020;3;12;7;3;5;2;0;1;1;0;0;0;0;0
137442;11;3;3601245;2020;3;23;6;3;5;2;2;0;1;0;0;0;0;0
137443;11;9;9401534;2020;3;8;2;3;1;5;0;1;1;0;0;0;0;0
137444;11;12;12400720;2020;3;15;7;3;5;3;0;0;1;0;1;0;0;0
137445;11;6;6200317;2020;3;14;4;3;1;5;0;1;1;0;0;0;0;0
137446;11;9;9200511;2020;3;19;4;3;6;2;2;0;1;1;0;0;0;0
137447;11;4;4300619;2020;3;18;5;2;6;4;2;0;1;1;0;0;0;0
137448;11;7;7601236;2020;3;19;3;2;6;2;2;0;1;1;0;0;0;1
137449;11;5;5400942;2020;3;16;2;3;0;1;0;0;0;0;1;0;0;0
137450;11;5;5100315;2020;3;15;3;3;1;5;0;0;1;0;0;0;0;0
137451;11;12;12500928;2020;3;18;3;2;6;2;2;0;1;1;0;0;0;1
137452;11;7;7300515;2020;3;8;5;3;3;6;0;1;1;0;0;0;0;0
137453;11;10;10100102;2020;3;14;2;3;5;2;0;0;1;0;0;0;0;0
137454;11;1;1100205;2020;3;14;5;3;0;1;0;1;0;0;0;0;0;0
137455;11;3;3601348;2020;3;20;6;2;5;3;2;0;1;0;0;0;0;1
137456;11;9;9100408;2020;3;14;3;2;0;7;0;0;1;0;0;0;0;0
137457;11;7;7501134;2020;3;13;4;2;6;4;0;0;1;1;0;0;0;0
137458;11;7;7601341;2020;3;12;5;3;3;6;0;0;1;0;0;0;0;1
137459;11;1;1300835;2020;3;18;3;3;5;3;2;1;1;0;0;0;0;1
137460;11;6;6200423;2020;3;16;4;3;0;7;0;0;1;0;0;0;0;0
137461;11;3;3100102;2020;3;11;7;3;5;2;0;1;1;0;0;0;0;0
137462;11;3;3500934;2020;3;12;2;3;5;3;0;1;1;0;0;0;0;0
137463;11;1;1400937;2020;3;12;3;3;5;2;0;1;1;0;0;0;0;0
137464;11;5;5300838;2020;3;15;4;2;5;2;0;0;1;0;1;0;0;0
137465;11;6;6100207;2020;3;13;5;2;5;2;0;0;0;0;1;0;1;0
137466;11;1;1100207;2020;3;18;3;3;5;2;2;1;1;0;0;0;0;1
137467;11;7;7400927;2020;3;15;4;2;1;5;0;0;0;0;1;0;1;0
137468;11;9;9200717;2020;3;14;1;3;2;6;0;1;0;0;0;0;0;0
137469;11;12;12500930;2020;3;13;3;3;6;7;0;1;0;1;0;0;0;0
137470;11;9;9100101;2020;3;15;5;3;5;3;0;1;0;0;0;0;0;0
137471;11;12;12200413;2020;3;16;1;3;5;3;0;1;0;0;0;0;0;0
137472;11;6;6400838;2020;3;8;5;3;5;3;0;0;1;0;0;0;1;0
137473;11;4;4200310;2020;3;8;4;3;2;6;0;0;1;0;0;0;1;0
137474;11;7;7501031;2020;3;15;6;3;2;6;0;0;1;0;0;0;0;0
137475;11;4;4300623;2020;3;11;3;3;2;6;0;0;1;0;0;0;0;0
137476;11;11;11501339;2020;3;12;4;3;1;5;0;1;1;0;0;0;0;0
137477;11;3;3300412;2020;3;9;5;3;1;5;0;1;1;0;0;0;0;0
137478;11;1;1200517;2020;3;20;3;3;5;5;2;0;1;0;0;0;1;1
137479;11;1;2400520;2020;3;14;4;3;6;4;0;0;1;0;0;0;1;0
137480;11;12;12100102;2020;3;20;7;3;5;3;2;0;1;0;0;0;0;0
137481;11;4;4500939;2020;3;11;2;3;2;6;0;0;0;0;1;0;1;0
137482;11;2;2100105;2020;3;8;4;3;5;3;0;1;1;0;0;0;0;0
137483;11;1;1200517;2020;3;20;7;3;2;2;2;0;1;0;0;0;0;0
137484;11;3;3300514;2020;3;7;4;3;5;3;0;1;1;0;0;0;0;1
137485;11;6;6200423;2020;3;14;5;3;5;3;0;0;1;0;1;0;0;0
137486;11;1;1400938;2020;3;11;7;3;5;2;0;0;1;0;0;0;0;0
137487;11;1;1100101;2020;3;16;3;3;2;6;1;0;1;0;0;0;0;1
137488;11;3;3500936;2020;3;9;4;3;3;5;0;0;1;0;0;0;0;0
137489;11;8;8200727;2020;3;11;6;3;2;7;0;0;1;0;0;0;0;1
137490;11;5;5100316;2020;3;16;3;3;6;7;1;0;1;1;0;0;0;1
137491;11;11;11200411;2020;3;17;2;3;5;3;0;1;1;0;0;0;0;0
137492;11;4;4200310;2020;3;15;3;3;5;2;0;1;1;0;0;0;0;0
137493;11;1;1100310;2020;3;8;4;3;0;5;0;1;1;0;0;0;0;0
137494;11;3;3601243;2020;3;15;3;3;8;1;0;0;1;0;0;0;0;1
137495;11;6;6200317;2020;3;15;7;2;0;1;0;1;0;0;0;0;0;0
137496;11;3;3601347;2020;3;18;2;3;2;6;1;0;1;0;0;0;0;0
137497;11;10;10100209;2020;3;7;4;2;5;3;0;1;1;0;0;0;0;0
137498;11;5;5300840;2020;3;15;7;3;4;1;0;0;1;0;1;0;0;0
137499;11;7;7100206;2020;3;16;4;3;0;1;0;0;0;0;1;0;0;0
137500;11;12;12100103;2020;3;19;4;2;0;1;2;1;0;0;0;0;0;0
137501;11;2;2300316;2020;3;15;5;3;0;7;0;1;0;0;0;0;0;0
137502;11;4;4100101;2020;3;15;3;3;0;7;0;0;1;0;1;1;0;1
137503;11;5;5100316;2020;3;8;2;3;5;7;0;0;1;0;1;0;0;0
137504;11;1;1100416;2020;3;9;3;3;5;3;0;1;1;0;0;0;0;0
137505;11;9;9100305;2020;3;6;4;2;5;3;0;1;1;0;0;0;0;0
137506;11;10;10300731;2020;3;10;5;3;5;2;0;0;1;0;0;0;0;0
137507;11;8;8100417;2020;3;9;6;3;2;5;0;0;1;0;0;0;1;0
137508;11;4;4400830;2020;3;7;3;3;5;3;0;1;1;0;0;0;0;1
137509;11;9;9200819;2020;3;14;2;3;3;6;0;0;1;0;0;1;0;0
137510;11;8;8300934;2020;3;15;3;3;0;7;0;0;0;0;0;0;1;0
137511;11;9;9501736;2020;3;15;3;3;2;7;0;0;1;0;0;0;0;1
137512;11;2;2100101;2020;3;16;6;3;6;4;0;0;0;1;1;0;0;0
137513;11;6;6100103;2020;3;18;2;3;6;7;1;1;0;1;0;0;0;0
137514;11;6;6200315;2020;3;7;4;3;2;6;0;0;1;0;0;0;0;1
137515;11;12;12500825;2020;3;14;7;3;5;2;0;1;1;0;0;0;0;0
137516;11;3;3400830;2020;3;13;4;3;0;7;0;1;0;0;0;0;0;0
137517;11;9;9502043;2020;3;18;4;3;5;3;1;1;1;0;0;0;0;0
137518;11;11;11300724;2020;3;16;5;3;5;3;0;1;1;0;0;0;0;0
137519;11;8;8401243;2020;3;14;3;2;0;7;0;1;0;0;0;0;0;1
137520;11;12;12200309;2020;3;14;4;3;6;4;0;0;1;1;0;0;0;0
137521;11;1;1100310;2020;3;19;1;2;0;7;2;0;1;0;0;0;0;0
137522;11;12;12500930;2020;3;7;3;3;2;6;0;0;1;0;0;0;1;0
137523;11;1;1401045;2020;3;14;3;3;3;6;0;0;1;0;0;0;1;1
137524;11;9;9301126;2020;3;17;5;3;1;5;0;0;1;0;0;0;0;0
137525;11;3;3601450;2020;3;1;2;3;7;7;2;1;0;0;0;0;0;0
137526;11;1;1200518;2020;3;12;5;3;6;4;0;0;1;1;0;0;0;0
137527;11;5;5300840;2020;3;12;3;3;5;2;0;0;1;0;0;0;0;1
137528;11;3;3601141;2020;3;13;6;3;5;3;0;1;1;0;0;0;0;0
137529;11;7;7501135;2020;3;16;2;3;6;4;0;0;0;1;0;0;1;0
137530;11;10;10100311;2020;3;12;7;3;5;2;0;0;1;0;0;0;1;0
137531;11;1;1100103;2020;3;20;3;3;5;3;2;1;1;0;0;0;0;0
137532;11;1;1300733;2020;3;16;4;3;5;2;0;0;1;0;0;0;0;0
137533;11;5;5100208;2020;3;13;5;3;1;5;0;0;1;0;0;0;1;0
137534;11;6;6100102;2020;3;12;3;3;0;4;0;0;0;1;0;0;1;1
137535;11;11;11100309;2020;3;14;4;2;2;6;0;0;1;0;0;0;0;0
137536;11;9;9100202;2020;3;13;1;3;9;1;0;0;0;0;1;0;0;0
137537;11;3;3501038;2020;3;11;3;3;1;5;0;1;1;0;0;0;0;0
137538;11;5;5100316;2020;3;6;4;3;2;6;0;0;1;0;0;0;0;0
137539;11;5;5100316;2020;3;0;5;2;2;2;2;0;1;0;0;0;0;0
137540;11;6;6400735;2020;3;12;1;2;4;6;0;0;1;0;1;0;0;0
137541;11;5;5100314;2020;3;15;5;2;0;1;0;1;0;0;0;0;0;0
137542;11;12;12200515;2020;3;14;4;3;0;7;0;1;0;0;0;0;0;0
137543;11;7;7501032;2020;3;14;6;3;6;4;0;0;1;1;0;0;0;0
137544;11;6;6200423;2020;3;18;3;3;1;7;1;0;1;0;1;0;0;0
137545;11;6;6100208;2020;3;10;4;3;0;4;0;0;1;1;0;0;0;0
137546;11;2;2100101;2020;3;5;5;3;5;3;2;1;1;0;0;0;0;1
137547;11;3;3300516;2020;3;18;6;3;0;1;2;0;0;0;1;0;0;1
137548;11;3;3601346;2020;3;12;3;3;5;7;0;0;1;0;0;0;1;0
137549;11;2;2200210;2020;3;12;4;3;5;2;0;0;1;0;0;1;0;0
137550;11;4;4200311;2020;3;10;5;2;4;5;0;0;1;0;0;0;0;1
137551;11;2;2300417;2020;3;12;3;3;5;3;0;0;1;0;0;0;0;1
137552;11;8;8301036;2020;3;14;4;3;6;4;0;0;1;1;0;0;0;0
137553;11;6;6400736;2020;3;11;7;3;6;4;0;0;1;1;0;0;0;0
137554;11;8;8200624;2020;3;12;2;3;5;2;0;0;1;0;0;0;0;0
137555;11;6;6100209;2020;3;11;5;3;1;7;0;0;1;0;0;0;0;0
137556;11;2;2500836;2020;3;0;7;3;0;1;2;0;0;0;0;0;1;0
137557;11;3;3400725;2020;3;11;3;3;5;3;0;0;1;0;0;0;0;1
137558;11;8;8100521;2020;3;9;4;3;5;7;0;0;1;0;1;0;0;0
137559;11;9;9501737;2020;3;11;6;3;6;2;0;0;1;1;0;0;0;0
137560;11;4;4100101;2020;3;11;3;3;5;2;0;0;1;0;0;0;1;1
137561;11;2;2300316;2020;3;17;2;3;0;6;0;0;1;0;1;0;0;0
137562;11;3;3601244;2020;3;16;3;3;6;4;0;1;0;1;0;0;0;0
137563;11;2;2400522;2020;3;7;3;3;3;6;1;1;1;0;0;0;0;0
137564;11;7;7100102;2020;3;12;7;2;5;3;0;1;1;0;0;0;0;0
137565;11;6;6200421;2020;3;8;2;3;2;6;0;0;1;0;0;0;0;0
137566;11;4;4300621;2020;3;20;4;3;1;5;2;1;1;0;0;0;0;0
137567;11;4;4200310;2020;3;10;3;3;2;6;0;0;1;0;1;0;1;1
137568;11;12;12500929;2020;3;18;7;2;5;3;1;0;1;0;1;0;0;0
137569;11;4;4300623;2020;3;10;2;3;0;7;0;1;0;0;0;0;0;0
137570;11;5;5200629;2020;3;17;7;3;5;3;0;0;1;0;0;0;0;0
137571;11;1;1100308;2020;3;21;4;3;9;1;2;0;0;0;1;0;0;0
137572;11;1;1300836;2020;3;18;4;3;0;7;2;0;0;0;1;0;1;1
137573;11;1;1100102;2020;3;2;6;3;8;1;2;0;1;0;0;0;0;0
137574;11;5;5300840;2020;3;9;3;3;5;7;0;0;1;0;1;0;0;1
137575;11;4;4300620;2020;3;11;2;2;5;7;0;0;1;0;0;1;0;0
137576;11;8;8200831;2020;3;21;3;3;1;5;2;0;1;0;1;0;0;0
137577;11;12;12200412;2020;3;8;3;3;6;4;0;0;1;1;0;0;0;0
137578;11;4;4300623;2020;3;13;6;3;2;7;0;0;0;0;1;0;1;0
137579;11;10;10100316;2020;3;16;2;3;2;6;0;0;1;0;0;0;0;0
137580;11;3;3500934;2020;3;13;7;3;5;3;0;1;1;0;0;0;0;0
137581;11;1;1100101;2020;3;10;4;3;5;3;0;0;1;0;0;0;0;0
137582;11;7;7100102;2020;3;15;4;3;5;3;0;0;1;0;0;0;1;0
137583;11;2;2500729;2020;3;14;5;3;5;5;0;0;1;0;0;0;0;0
137584;11;4;4300415;2020;3;8;3;3;0;5;0;1;1;0;0;0;0;0
137585;11;12;12200412;2020;3;15;7;3;5;2;0;1;1;0;0;0;0;0
137586;11;6;6400840;2020;3;15;4;3;8;1;0;0;1;0;0;0;0;0
137587;11;5;5100211;2020;3;19;4;3;2;6;2;0;1;0;1;0;0;0
137588;11;4;4300620;2020;3;18;5;3;1;5;2;1;0;0;0;0;1;0
137589;11;3;3100103;2020;3;7;3;3;5;3;0;1;1;0;0;0;0;0
137590;11;7;7501133;2020;3;5;2;2;0;1;1;0;0;0;1;0;0;0
137591;11;4;4400830;2020;3;14;3;2;1;5;0;1;1;0;0;0;0;0
137592;11;5;5300840;2020;3;9;2;3;2;6;0;0;1;0;0;0;0;1
137593;11;7;7300619;2020;3;16;5;3;3;6;0;0;1;0;1;0;0;0
137594;11;1;1300836;2020;3;15;2;3;5;3;0;0;1;0;0;0;0;0
137595;11;3;3601245;2020;3;19;4;3;5;2;2;0;1;0;0;0;0;0
137596;11;10;10100104;2020;3;22;6;2;6;4;2;0;1;1;0;0;0;0
137597;11;1;1401049;2020;3;15;3;3;2;6;0;0;1;0;0;0;0;0
137598;11;9;9200819;2020;3;14;4;3;5;7;0;1;0;0;0;0;1;0
137599;11;1;1100102;2020;3;11;5;3;0;7;0;1;0;0;0;0;0;1
137600;11;7;7100102;2020;3;20;2;3;5;2;2;0;1;0;0;0;0;0
137601;11;4;4501153;2020;3;14;4;3;2;2;0;0;1;0;0;0;0;0
137602;11;12;12400618;2020;3;0;1;3;8;1;2;0;1;0;0;0;0;0
137603;11;5;5200629;2020;3;11;2;3;0;3;0;0;1;0;1;0;0;0
137604;11;10;10300733;2020;3;14;5;3;2;6;0;0;1;0;0;0;0;0
137605;11;7;7601236;2020;3;11;7;3;1;5;0;0;1;0;0;0;0;0
137606;11;9;9100304;2020;3;13;4;3;5;2;0;0;1;0;0;0;0;0
137607;11;11;11300826;2020;3;16;1;2;6;7;0;0;1;1;0;0;0;0
137608;11;9;9200511;2020;3;5;3;3;5;2;0;1;1;0;0;0;0;0
137609;11;3;3501038;2020;3;16;5;2;5;3;0;0;1;0;1;0;0;0
137610;11;2;2300314;2020;3;17;1;3;2;1;0;1;1;0;0;0;0;0
137611;11;10;10400940;2020;3;10;5;3;5;2;0;1;1;0;0;0;0;0
137612;11;3;3501038;2020;3;15;6;3;2;6;0;0;1;0;0;0;0;0
137613;11;6;6100102;2020;3;12;3;3;5;3;0;1;1;0;0;0;0;0
137614;11;1;7100101;2020;3;10;4;3;3;2;0;0;1;0;1;0;0;0
137615;11;4;4200308;2020;3;9;5;3;5;2;0;0;1;0;0;0;0;1
137616;11;3;3701657;2020;3;18;2;2;0;1;2;0;0;0;0;0;1;0
137617;11;7;7100101;2020;3;13;4;3;2;6;0;1;1;0;0;0;0;0
137618;11;12;1300730;2020;3;20;7;3;2;6;2;0;1;0;0;0;0;0
137619;11;7;7300618;2020;3;11;2;3;1;5;0;1;1;0;0;0;0;0
137620;11;1;1100308;2020;3;22;7;3;5;3;2;0;1;0;0;0;0;0
137621;11;10;10100311;2020;3;8;4;3;2;6;0;0;0;0;0;0;1;0
137622;11;9;9301228;2020;3;7;6;3;4;6;0;0;1;0;0;0;0;0
137623;11;10;10300732;2020;3;16;2;3;3;6;1;0;1;0;0;0;0;1
137624;11;7;7200412;2020;3;15;2;2;5;3;0;1;0;0;0;0;1;0
137625;11;1;1100308;2020;3;16;4;3;0;3;0;1;1;0;0;0;0;0
137626;11;8;8100209;2020;3;13;6;3;6;2;0;0;0;1;0;0;1;0
137627;11;9;9100304;2020;3;15;2;3;6;4;0;0;1;1;0;0;0;0
137628;11;7;7501134;2020;3;17;2;3;2;6;1;0;1;0;0;0;0;0
137629;11;8;8200831;2020;3;12;3;3;1;5;0;0;1;0;0;0;0;0
137630;11;4;4300619;2020;3;12;4;3;0;6;0;0;1;0;1;0;0;0
137631;11;12;12500927;2020;3;15;2;3;1;5;0;0;1;0;1;0;0;1
137632;11;4;4501150;2020;3;21;7;3;6;7;2;1;0;1;0;0;0;0
137633;11;2;2100106;2020;3;20;2;3;5;2;2;0;1;0;0;0;0;0
137634;11;3;3200204;2020;3;15;7;3;5;2;0;0;1;0;0;0;0;0
137635;11;4;4200310;2020;3;17;4;2;6;4;0;0;1;1;0;0;0;0
137636;11;2;2200211;2020;3;16;4;3;5;3;0;1;1;0;0;0;0;0
137637;11;7;7300619;2020;3;14;5;3;2;6;0;0;1;0;0;0;0;0
137638;11;12;12500824;2020;3;15;2;3;5;3;0;1;1;0;0;0;0;1
137639;11;2;2100106;2020;3;8;2;3;5;3;0;0;1;0;0;0;0;0
137640;11;2;2400521;2020;3;17;3;3;5;2;1;1;1;0;0;0;0;0
137641;11;6;6200422;2020;3;13;2;3;5;7;0;0;1;0;0;0;0;1
137642;11;11;11400927;2020;3;10;6;3;5;2;0;0;1;0;1;0;0;0
137643;11;4;4300416;2020;3;7;2;3;0;1;0;0;0;0;1;0;0;0
137644;11;1;1400942;2020;3;15;2;3;2;6;0;0;1;0;0;0;1;0
137645;11;12;12500824;2020;3;15;3;3;0;2;0;0;1;0;1;0;0;0
137646;11;3;3500934;2020;3;12;2;3;0;3;0;0;0;0;0;0;1;1
137647;11;5;5200420;2020;3;21;6;3;5;3;2;1;1;0;0;0;0;0
137648;11;11;11300722;2020;3;7;2;3;5;2;0;1;1;0;0;0;0;0
137649;11;9;9200715;2020;3;14;7;3;5;2;0;1;1;0;0;0;0;0
137650;11;7;7100206;2020;3;13;4;3;6;4;0;0;1;1;0;0;0;0
137651;11;1;1100313;2020;3;18;4;2;5;2;1;1;1;0;0;0;0;0
137652;11;9;9200716;2020;3;18;5;3;5;3;2;0;1;0;0;0;1;0
137653;11;12;12200412;2020;3;12;2;3;2;6;0;0;1;0;0;1;0;1
137654;11;2;2100101;2020;3;19;2;3;0;1;2;1;0;0;0;0;0;0
137655;11;6;6200313;2020;3;8;3;3;2;6;0;0;1;0;0;0;0;0
137656;11;12;12200309;2020;3;22;2;3;5;3;2;0;1;0;0;0;1;0
137657;11;1;1200517;2020;3;12;5;3;5;3;0;1;1;0;0;0;0;0
137658;11;8;8401241;2020;3;14;2;3;3;5;0;1;1;0;0;0;0;0
137659;11;8;8401243;2020;3;14;5;3;5;2;0;1;1;0;0;0;0;0
137660;11;5;5100210;2020;3;18;6;3;5;7;2;0;1;0;0;0;0;1
137661;11;11;11300722;2020;3;15;3;3;5;3;0;0;1;0;0;0;0;0
137662;11;3;3200204;2020;3;13;4;2;8;1;0;0;0;0;1;0;0;0
137663;11;1;1100101;2020;3;12;7;3;5;3;0;0;1;0;0;0;0;0
137664;11;1;1100415;2020;3;18;3;3;6;4;1;0;1;1;0;0;0;0
137665;11;3;3400620;2020;3;15;4;3;5;2;0;1;1;0;0;0;0;0
137666;11;7;7300516;2020;3;13;5;2;6;7;0;0;0;1;0;0;1;0
137667;11;6;6200316;2020;3;12;2;3;2;7;0;0;1;0;0;0;0;0
137668;11;4;4400725;2020;3;13;4;3;5;2;0;1;1;0;0;0;0;0
137669;11;11;11300620;2020;3;14;1;3;6;7;0;0;1;1;0;0;0;0
137670;11;3;3601245;2020;3;13;3;2;5;2;0;1;1;0;0;0;0;0
137671;11;7;7601238;2020;3;19;4;3;2;6;2;0;1;0;1;0;0;0
137672;11;10;10400836;2020;3;2;5;3;4;7;2;1;0;0;0;0;0;0
137673;11;5;5100103;2020;3;13;1;3;5;3;0;1;1;0;0;0;0;0
137674;11;6;6400838;2020;3;17;5;3;5;3;0;0;1;0;0;0;0;0
137675;11;3;3200309;2020;3;19;4;3;6;4;2;0;1;1;0;0;0;0
137676;11;5;5200420;2020;3;15;6;3;5;3;0;0;1;0;0;0;0;0
137677;11;7;7300619;2020;3;8;3;3;5;2;0;0;1;0;0;0;0;0
137678;11;6;6200311;2020;3;11;4;3;1;1;0;0;1;0;1;0;1;0
137679;11;12;12200414;2020;3;5;5;3;2;6;1;0;1;0;0;0;0;0
137680;11;10;10100206;2020;3;11;2;2;1;5;0;0;1;0;0;0;0;1
137681;11;2;2100102;2020;3;19;7;3;1;7;2;0;1;0;0;0;1;0
137682;11;6;6300631;2020;3;10;2;3;2;1;0;1;0;0;0;1;0;0
137683;11;8;8100209;2020;4;17;5;3;5;3;0;0;0;0;1;0;0;0
137684;11;3;3400828;2020;4;18;4;3;5;3;1;1;1;0;0;0;0;0
137685;11;7;7400823;2020;4;17;6;3;5;2;0;1;1;0;0;0;0;0
137686;11;1;1300836;2020;4;19;5;3;6;4;2;0;1;1;0;0;0;0
137687;11;5;5100317;2020;4;16;4;2;5;2;0;1;0;0;0;1;0;0
137688;11;1;1200517;2020;4;15;6;3;0;7;0;1;0;0;0;0;0;0
137689;11;7;7400823;2020;4;19;5;3;2;7;0;0;0;0;1;0;1;0
137690;11;8;8401139;2020;4;17;1;3;3;6;0;1;1;0;0;0;0;0
137691;11;9;9401329;2020;4;16;4;3;3;6;0;1;0;0;0;0;1;0
137692;11;7;7400927;2020;4;18;5;2;6;7;0;0;0;1;0;0;1;0
137693;11;11;11300722;2020;4;16;4;3;5;7;0;0;1;0;0;0;1;0
137694;11;1;1401046;2020;4;9;5;2;3;6;0;0;1;0;0;0;0;0
137695;11;6;6200421;2020;4;17;5;3;2;6;0;0;1;0;0;0;0;0
137696;11;9;9100203;2020;4;15;4;3;5;2;0;1;1;0;0;0;0;0
137697;11;1;1100309;2020;4;9;5;3;5;7;0;1;0;0;0;0;1;0
137698;11;3;3601244;2020;4;22;3;3;2;7;2;0;1;0;1;0;0;0
137699;11;3;3601140;2020;4;13;5;3;5;2;0;0;1;0;0;0;0;0
137700;11;9;9301025;2020;4;15;1;3;5;3;0;1;1;0;0;0;0;0
137701;11;9;9501939;2020;4;9;5;3;6;2;0;0;1;1;0;0;0;0
137702;11;2;2200209;2020;4;18;5;3;5;2;0;0;1;0;1;0;0;0
137703;11;8;8200832;2020;4;16;1;2;0;1;0;0;0;0;1;0;0;0
137704;11;8;8200726;2020;4;18;5;3;2;6;0;0;1;0;0;0;0;0
137705;11;3;3500936;2020;4;14;5;3;0;2;0;1;0;0;0;0;1;0
137706;11;7;7601341;2020;4;15;4;3;1;5;0;1;1;0;0;0;0;0
137707;11;7;7400721;2020;4;17;5;2;0;1;0;1;0;0;0;0;0;0
137708;11;2;2200209;2020;4;16;5;3;5;2;0;1;1;0;0;0;0;0
137709;11;6;6400841;2020;4;15;4;3;2;6;0;0;1;0;0;0;0;0
137710;11;2;2100106;2020;4;17;5;3;5;2;0;1;1;0;0;0;0;0
137711;11;3;3400826;2020;4;16;3;3;5;2;0;1;1;0;0;0;0;0
137712;11;7;7400826;2020;4;16;5;3;2;7;0;1;1;0;0;0;0;0
137713;11;4;4200311;2020;4;18;7;2;5;3;0;0;1;0;0;0;0;0
137714;11;1;1200522;2020;4;15;5;2;5;2;0;1;1;0;0;0;0;0
137715;11;9;9200715;2020;4;15;5;3;5;2;0;0;1;0;0;0;0;0
137716;11;7;7601442;2020;4;13;4;3;5;2;0;0;1;0;1;0;0;0
137717;11;4;4200204;2020;4;16;6;3;5;2;0;1;1;0;0;0;0;0
137718;11;1;1400939;2020;4;15;5;3;5;3;0;0;1;0;0;0;0;0
137719;11;9;9200510;2020;4;10;4;3;0;2;0;1;0;0;0;0;1;0
137720;11;2;2200212;2020;4;17;6;3;2;6;0;0;1;0;1;0;0;0
137721;11;9;9501939;2020;4;13;4;3;5;2;0;0;1;0;1;0;0;0
137722;11;8;8200624;2020;4;15;5;3;6;4;0;0;1;1;0;0;0;0
137723;11;10;10200418;2020;4;12;4;3;0;1;0;0;0;0;1;0;0;0
137724;11;4;4100101;2020;4;15;5;3;5;2;0;0;1;0;0;0;0;0
137725;11;8;8401243;2020;4;13;5;3;0;2;0;0;0;0;1;1;0;0
137726;11;9;9200716;2020;4;10;4;3;6;2;0;0;1;1;0;0;0;0
137727;11;2;2300315;2020;4;13;5;3;2;6;0;0;1;0;1;0;0;0
137728;11;1;1100312;2020;4;13;3;3;2;6;0;0;1;0;0;0;0;0
137729;11;5;5200524;2020;4;12;5;3;5;2;0;0;1;0;0;0;0;0