OBJECTID;LAND;BEZ;LOR_ab_2021;UJAHR;UMONAT;USTUNDE;UWOCHENTAG;UKATEGORIE;UART;UTYP1;ULICHTVERH;IstRad;IstPKW;IstFuss;IstKrad;IstGkfz;IstSonstige;USTRZUSTAND
137730;11;2;2500727;2020;4;12;5;3;2;6;0;0;1;0;0;0;0;0
137731;11;6;6200313;2020;4;17;4;3;3;6;0;1;0;0;0;0;1;0
137732;11;1;1100311;2020;4;10;4;3;5;3;0;1;1;0;0;0;0;0
137733;11;3;3400619;2020;4;14;6;3;1;5;0;1;1;0;0;0;0;0
137734;11;4;4300621;2020;4;17;4;3;6;4;0;1;0;1;0;0;0;0
137735;11;6;6200313;2020;4;18;4;3;1;5;0;1;1;0;0;0;0;0
137736;11;3;3601451;2020;4;15;6;3;5;2;0;1;1;0;0;0;0;0
137737;11;4;4501043;2020;4;22;4;3;0;1;2;1;0;0;0;0;0;0
137738;11;6;6200317;2020;4;9;1;2;5;3;0;0;1;0;1;0;0;0
137739;11;5;5100315;2020;4;9;4;3;6;2;0;0;1;1;0;0;0;0
137740;11;1;1100311;2020;4;20;4;3;3;3;2;0;1;0;1;0;0;0
137741;11;12;12601133;2020;4;18;4;2;0;1;0;0;0;0;0;0;1;0
137742;11;8;8200730;2020;4;14;2;2;5;2;0;1;0;0;0;0;0;0
137743;11;1;1100310;2020;4;17;4;3;5;2;0;1;1;0;0;0;0;0
137744;11;7;7501031;2020;4;16;4;3;2;6;0;0;1;0;0;1;1;0
137745;11;9;9501737;2020;4;10;4;3;1;5;0;0;1;0;0;0;0;0
137746;11;9;9502043;2020;4;16;4;3;0;7;0;1;0;0;0;0;0;0
137747;11;6;6400736;2020;4;9;6;3;4;2;0;0;1;0;0;0;1;0
137748;11;8;8100521;2020;4;15;4;3;0;6;0;1;1;0;0;0;0;0
137749;11;12;12200309;2020;4;13;4;3;6;7;0;0;1;1;0;0;0;0
137750;11;8;8200727;2020;4;9;6;3;2;6;0;0;1;0;0;0;0;0
137751;11;10;10300731;2020;4;14;4;3;5;3;0;1;1;0;0;0;0;0
137752;11;1;1400941;2020;4;19;1;3;4;6;0;0;1;0;1;0;0;0
137753;11;10;10300733;2020;3;9;3;2;0;1;0;1;0;0;0;0;0;0
137754;11;9;9200717;2020;4;14;4;3;1;5;0;1;1;0;0;0;0;0
137755;11;12;12100205;2020;3;12;3;3;2;6;0;0;1;0;0;0;0;0
137756;11;12;12500930;2020;4;14;4;3;5;3;0;0;1;0;0;0;0;0
137757;11;4;4200310;2020;4;16;5;3;0;7;0;1;1;0;0;0;0;1
137758;11;12;12601235;2020;3;9;3;2;6;4;0;0;1;1;0;0;0;0
137759;11;4;4200207;2020;3;8;3;3;2;7;0;0;1;0;1;0;0;0
137760;11;11;11200512;2020;4;14;4;3;5;2;0;1;1;0;0;0;0;0
137761;11;6;6400735;2020;4;14;4;3;5;3;0;1;1;0;0;0;0;0
137762;11;10;10100206;2020;3;7;3;3;5;3;0;0;1;0;0;0;1;0
137763;11;4;4300412;2020;4;13;4;3;2;6;0;0;1;0;0;0;1;0
137764;11;9;9502043;2020;4;12;3;3;2;6;0;0;1;0;0;0;0;0
137765;11;12;12500926;2020;4;20;5;3;5;3;1;1;1;0;0;0;0;0
137766;11;2;2400521;2020;4;13;4;3;5;7;0;0;1;0;1;0;0;0
137767;11;8;8100419;2020;4;15;1;2;3;6;0;1;0;0;1;0;0;0
137768;11;5;5100208;2020;4;12;4;3;2;6;0;0;1;0;0;0;0;0
137769;11;3;3300517;2020;4;12;4;3;5;7;0;1;1;0;0;0;0;0
137770;11;11;11300721;2020;3;17;3;3;5;3;0;1;0;0;0;0;0;0
137771;11;1;1401049;2020;4;12;4;3;2;6;0;0;1;0;0;0;0;0
137772;11;1;1200628;2020;4;15;5;3;5;2;0;1;1;0;0;0;0;0
137773;11;3;3300412;2020;3;15;3;3;5;3;0;0;1;0;0;0;0;0
137774;11;4;4501150;2020;4;11;4;3;6;7;0;0;1;1;0;0;0;0
137775;11;3;3300411;2020;4;15;3;3;5;3;0;0;1;0;1;0;0;0
137776;11;11;11200411;2020;4;9;4;3;5;3;0;0;1;0;0;0;0;0
137777;11;4;4500939;2020;4;7;4;3;5;2;0;0;1;0;0;0;0;0
137778;11;1;1100102;2020;4;17;3;3;0;1;0;1;0;0;0;0;0;0
137779;11;1;1100207;2020;4;7;4;3;5;3;0;1;0;0;0;0;1;0
137780;11;9;9502043;2020;4;22;7;3;8;1;2;0;1;0;0;0;0;0
137781;11;11;11300620;2020;4;4;4;3;5;2;2;0;1;0;1;0;0;0
137782;11;2;1100311;2020;4;17;3;3;3;6;0;1;1;0;0;0;0;0
137783;11;10;10100311;2020;3;15;3;3;2;6;0;0;1;0;0;1;1;0
137784;11;9;9502043;2020;4;8;3;2;5;2;0;0;1;0;1;0;0;0
137785;11;5;5200423;2020;4;9;5;3;2;1;0;0;1;0;0;0;0;0
137786;11;1;1100310;2020;4;17;6;3;1;6;0;1;1;0;0;0;0;0
137787;11;4;4200311;2020;3;12;3;3;6;7;0;1;0;1;0;0;0;0
137788;11;11;11400931;2020;4;16;3;3;2;7;0;1;1;0;0;0;0;0
137789;11;1;1100311;2020;4;14;2;3;5;3;0;1;1;0;0;0;0;0
137790;11;5;5200528;2020;4;15;3;3;5;3;0;1;0;0;0;0;1;0
137791;11;12;12200411;2020;4;14;3;2;5;3;0;1;1;0;0;0;0;0
137792;11;12;12601134;2020;4;13;3;3;0;1;0;0;0;0;1;0;0;0
137793;11;6;6200313;2020;3;11;3;3;2;2;0;0;1;0;0;0;0;0
137794;11;1;1300731;2020;4;2;6;3;1;5;2;0;1;0;0;0;0;0
137795;11;4;4100101;2020;4;16;3;2;5;3;0;1;1;0;0;0;0;0
137796;11;8;8100312;2020;4;17;4;3;6;4;0;1;0;1;0;0;0;0
137797;11;1;1100205;2020;4;16;3;3;5;3;0;1;1;0;0;0;0;0
137798;11;8;8300935;2020;4;16;3;3;0;2;0;0;1;0;1;0;0;0
137799;11;6;6200313;2020;3;17;2;3;5;3;0;0;1;0;0;0;0;1
137800;11;6;6400839;2020;4;0;6;3;8;1;2;0;1;0;0;0;0;0
137801;11;7;7501133;2020;4;17;3;3;5;3;0;1;1;0;0;0;0;0
137802;11;8;8100104;2020;4;20;4;3;1;5;2;1;1;0;0;0;1;0
137803;11;2;2300316;2020;4;16;6;3;6;7;0;0;1;1;0;0;0;0
137804;11;6;6200422;2020;4;18;3;3;5;3;0;1;1;0;0;0;0;0
137805;11;10;10400837;2020;4;14;1;3;1;5;0;1;1;0;0;0;0;0
137806;11;9;9100306;2020;4;16;7;3;2;2;0;0;1;0;0;0;0;0
137807;11;11;11100204;2020;4;22;3;3;5;3;2;1;1;0;0;0;0;0
137808;11;12;12400618;2020;4;12;3;3;1;5;0;1;1;0;0;0;0;0
137809;11;2;2100101;2020;4;12;3;3;5;2;0;1;1;0;0;0;0;0
137810;11;3;3100103;2020;3;13;2;3;5;3;0;1;1;0;0;0;0;1
137811;11;9;9502043;2020;4;17;5;3;2;6;0;0;1;0;0;0;0;0
137812;11;12;12100205;2020;4;12;3;3;0;7;0;0;1;0;0;0;1;0
137813;11;4;4200308;2020;4;12;4;3;5;2;0;0;1;0;1;0;0;0
137814;11;9;9100306;2020;4;13;5;2;2;6;0;0;1;0;1;0;0;0
137815;11;7;7501133;2020;4;14;7;3;6;4;0;0;1;1;0;0;0;0
137816;11;11;11300722;2020;4;11;3;3;5;3;0;0;1;0;0;0;0;0
137817;11;3;3400618;2020;4;17;1;3;3;6;0;1;0;0;0;0;0;0
137818;11;1;1400938;2020;4;14;6;3;5;2;0;1;1;0;0;0;0;0
137819;11;12;12100206;2020;4;13;7;3;6;4;0;0;1;1;0;0;0;0
137820;11;2;2500833;2020;4;11;3;3;0;3;0;0;1;0;1;0;0;0
137821;11;9;9401635;2020;4;20;1;2;0;7;2;0;0;0;1;0;0;1
137822;11;8;8200623;2020;3;11;2;2;0;7;0;1;0;0;0;0;0;0
137823;11;5;5300736;2020;4;10;3;3;5;3;0;0;1;0;1;0;0;0
137824;11;4;4100101;2020;3;11;2;2;8;1;0;0;1;0;0;0;0;0
137825;11;11;11401137;2020;4;10;3;3;9;1;0;0;1;0;0;0;0;0
137826;11;7;7501031;2020;4;17;5;3;0;3;0;0;1;0;1;0;0;0
137827;11;4;4300623;2020;4;9;3;2;6;4;0;1;0;1;0;0;0;0
137828;11;10;10100205;2020;3;9;2;3;5;2;0;1;1;0;0;0;0;0
137829;11;9;9300920;2020;4;9;3;3;1;5;0;1;1;0;0;0;0;0
137830;11;12;12500825;2020;4;7;3;2;5;3;0;0;1;0;0;0;0;0
137831;11;2;2100106;2020;4;13;7;2;5;2;0;0;1;0;1;0;0;0
137832;11;1;1401047;2020;4;16;2;3;3;6;0;1;1;0;0;1;0;0
137833;11;9;9501939;2020;4;15;1;2;5;2;0;1;1;0;0;0;0;0
137834;11;11;11300721;2020;4;13;2;3;0;1;0;0;0;0;1;0;0;1
137835;11;11;11300724;2020;4;13;2;3;5;3;0;1;1;0;0;0;0;0
137836;11;1;1200519;2020;3;9;2;2;0;1;0;0;0;0;1;0;0;0
137837;11;12;12400723;2020;4;13;2;2;6;4;0;1;0;1;0;0;0;0
137838;11;8;8100521;2020;4;14;5;2;5;7;0;0;1;0;1;0;0;0
137839;11;1;1300732;2020;4;12;2;3;5;2;0;1;1;0;0;0;0;0
137840;11;8;8300934;2020;4;11;2;3;0;6;0;0;1;0;0;0;1;0
137841;11;6;6300630;2020;3;8;2;3;5;7;0;1;1;0;0;0;0;0
137842;11;12;12200413;2020;4;11;2;3;5;3;0;0;1;0;0;0;0;0
137843;11;12;12500930;2020;4;16;5;3;6;7;0;0;1;1;0;0;0;0
137844;11;7;7601545;2020;3;8;2;3;5;2;0;1;1;0;0;0;0;0
137845;11;2;2500726;2020;4;20;2;3;6;4;1;0;0;1;0;0;1;0
137846;11;6;6300633;2020;4;16;3;3;6;2;0;0;1;1;0;0;0;0
137847;11;12;12601031;2020;4;12;7;3;5;3;0;1;1;0;0;0;0;0
137848;11;10;10100311;2020;4;11;2;3;5;2;0;1;1;0;0;0;0;0
137849;11;7;7300619;2020;4;18;7;2;0;5;0;1;1;0;0;0;0;0
137850;11;5;5100211;2020;4;11;2;3;5;3;0;1;1;0;0;0;0;0
137851;11;5;5300735;2020;4;19;2;3;6;4;1;0;1;1;0;0;0;0
137852;11;7;7400927;2020;3;10;2;1;4;6;0;0;0;0;1;1;0;0
137853;11;12;12100205;2020;4;8;5;3;0;3;0;1;0;0;0;0;1;0
137854;11;11;11200514;2020;4;11;2;3;5;2;0;0;1;0;0;0;0;0
137855;11;7;7501030;2020;4;7;5;3;6;4;0;0;1;1;0;0;0;0
137856;11;11;11400927;2020;4;16;6;3;5;3;0;1;1;0;0;0;0;0
137857;11;5;5100209;2020;3;17;1;3;1;5;0;1;1;0;0;0;0;0
137858;11;4;4400728;2020;4;10;2;3;6;2;0;0;1;1;0;0;0;0
137859;11;9;9301126;2020;4;9;2;3;0;7;0;0;1;0;1;0;0;1
137860;11;7;7100102;2020;3;0;1;3;5;2;2;0;1;0;0;0;0;0
137861;11;5;5200629;2020;4;10;2;3;1;5;0;0;1;0;1;0;0;0
137862;11;4;4200308;2020;4;15;3;3;2;6;0;0;1;0;0;0;0;0
137863;11;2;2400522;2020;4;6;2;3;5;2;0;0;1;0;1;0;0;0
137864;11;7;7501134;2020;4;18;2;3;5;2;1;0;1;0;1;0;0;0
137865;11;10;10100205;2020;4;18;2;3;5;3;0;1;1;0;0;0;0;0
137866;11;4;6400737;2020;3;11;7;3;0;1;0;1;0;0;0;0;0;0
137867;11;1;1100308;2020;4;17;5;3;2;6;0;0;1;0;1;0;0;0
137868;11;1;1400942;2020;4;2;2;3;8;1;2;0;1;0;0;0;0;0
137869;11;2;2300314;2020;4;19;4;2;5;3;1;0;1;0;0;0;0;0
137870;11;1;1400938;2020;4;15;6;3;2;6;0;0;1;0;1;0;0;0
137871;11;6;6400838;2020;4;11;7;3;0;2;0;1;1;0;0;0;0;0
137872;11;12;12601235;2020;4;18;2;3;5;7;0;0;1;0;1;0;0;0
137873;11;6;6300527;2020;4;10;1;3;1;5;0;1;1;0;0;0;0;0
137874;11;4;4200310;2020;4;9;7;3;5;3;0;0;1;0;0;0;0;0
137875;11;2;2200208;2020;4;2;2;2;5;3;2;1;1;0;0;0;0;0
137876;11;3;3501038;2020;4;17;2;3;2;6;0;0;1;0;0;0;0;0
137877;11;5;5300736;2020;4;16;2;3;0;6;0;0;1;0;0;0;1;0
137878;11;4;4300517;2020;4;17;2;3;5;7;0;1;1;0;0;0;0;0
137879;11;6;6400841;2020;4;15;2;3;1;5;0;0;1;0;0;0;0;0
137880;11;9;9200510;2020;4;15;2;3;5;2;0;1;0;0;0;1;0;0
137881;11;1;1100310;2020;3;13;7;3;0;2;0;0;0;0;1;0;1;0
137882;11;10;10400940;2020;4;11;5;3;2;2;0;0;1;0;0;0;1;0
137883;11;6;6400840;2020;4;14;2;3;8;1;0;0;1;0;0;0;0;0
137884;11;4;4501042;2020;4;15;4;3;5;2;0;0;1;0;0;0;0;0
137885;11;1;1200519;2020;4;19;6;3;5;3;0;1;1;0;0;0;0;0
137886;11;9;9100101;2020;4;13;2;2;5;2;0;0;1;0;1;0;0;0
137887;11;2;2300316;2020;4;19;1;3;5;3;1;0;1;0;1;0;0;0
137888;11;6;6400842;2020;3;15;7;2;5;3;0;1;1;0;0;0;0;0
137889;11;9;9100304;2020;4;17;1;3;3;6;0;1;1;0;0;0;0;0
137890;11;5;5200631;2020;3;16;7;3;5;3;0;1;0;0;0;0;0;0
137891;11;4;4400728;2020;4;14;1;3;5;3;0;1;0;0;1;0;0;0
137892;11;1;1200628;2020;4;17;5;3;5;2;0;1;1;0;0;0;0;0
137893;11;7;7400928;2020;3;18;7;3;1;5;0;0;1;0;0;0;0;0
137894;11;4;4300518;2020;4;14;1;3;0;3;0;0;1;0;1;0;0;0
137895;11;8;8200727;2020;4;18;3;3;5;3;0;1;1;0;0;0;0;0
137896;11;6;6200422;2020;4;7;7;3;0;1;0;0;0;0;1;0;0;0
137897;11;6;6400735;2020;3;18;7;2;0;6;1;1;0;0;0;0;1;0
137898;11;6;6400735;2020;4;13;1;3;5;2;0;1;1;0;0;0;0;0
137899;11;3;3601142;2020;4;11;3;3;6;2;0;0;1;1;0;0;0;0
137900;11;11;11100206;2020;4;8;5;3;6;4;0;0;1;1;0;0;0;0
137901;11;10;10400941;2020;4;12;1;3;1;3;0;1;1;0;0;0;1;0
137902;11;1;1100416;2020;4;15;1;3;0;1;0;1;0;0;0;0;0;0
137903;11;4;4100101;2020;4;12;1;3;2;6;0;0;1;0;0;0;0;0
137904;11;2;2500831;2020;4;19;1;3;0;1;1;1;0;0;0;0;0;0
137905;11;1;1100309;2020;3;12;7;3;1;5;0;0;1;0;0;0;0;0
137906;11;8;8100104;2020;4;19;1;3;5;7;1;1;1;0;0;0;0;0
137907;11;1;1100103;2020;4;15;5;3;5;2;0;0;1;0;0;0;0;0
137908;11;12;12100102;2020;3;12;7;2;5;3;0;0;1;0;1;0;0;0
137909;11;8;8100208;2020;4;17;1;3;5;3;0;1;1;0;0;0;0;0
137910;11;1;1400942;2020;4;15;3;3;2;6;0;0;1;0;0;0;0;0
137911;11;2;2500727;2020;4;16;7;3;3;6;0;0;1;0;1;0;0;0
137912;11;12;12200411;2020;4;17;7;3;2;6;0;0;1;0;0;0;1;0
137913;11;12;12500926;2020;4;10;7;3;5;2;0;1;0;0;0;0;1;0
137914;11;9;9401433;2020;4;13;7;3;0;5;0;0;1;0;0;0;0;0
137915;11;8;8200726;2020;3;12;7;3;5;2;0;1;1;0;0;0;0;0
137916;11;12;12100103;2020;4;17;7;3;1;6;0;1;1;0;0;0;0;0
137917;11;1;1300730;2020;4;21;7;3;2;6;2;0;1;0;1;0;0;0
137918;11;11;11300620;2020;4;18;7;2;5;2;0;1;1;0;0;0;0;0
137919;11;3;3601452;2020;4;17;7;3;4;6;0;1;0;0;0;0;0;0
137920;11;6;6100208;2020;3;10;7;3;5;2;0;0;1;0;1;0;0;0
137921;11;12;12100206;2020;4;16;7;2;1;7;0;0;1;0;1;0;0;0
137922;11;9;9501939;2020;4;11;5;3;5;3;0;0;1;0;0;0;0;0
137923;11;4;4300415;2020;4;18;6;3;0;3;0;1;1;0;0;0;0;0
137924;11;12;12200310;2020;3;7;7;3;5;3;0;0;1;0;0;0;0;0
137925;11;2;2400521;2020;4;16;7;2;5;3;0;1;1;0;0;0;0;0
137926;11;4;4300412;2020;4;12;3;3;6;2;0;0;1;1;0;0;0;0
137927;11;6;6200314;2020;4;23;6;3;1;5;2;1;1;0;0;0;0;0
137928;11;9;9200613;2020;4;16;7;3;2;6;0;0;1;0;0;0;0;0
137929;11;2;2500833;2020;4;15;7;3;2;1;0;1;1;0;0;0;0;0
137930;11;11;11401137;2020;4;15;7;3;0;1;0;1;0;0;0;0;0;0
137931;11;8;8200728;2020;3;2;7;2;1;5;2;0;1;0;1;0;0;0
137932;11;10;10200421;2020;4;11;5;3;3;6;0;0;0;0;0;1;1;0
137933;11;2;2400521;2020;4;14;7;3;5;2;0;1;1;0;0;0;0;0
137934;11;4;4501041;2020;4;17;4;3;6;7;0;1;0;1;0;0;0;0
137935;11;7;7200414;2020;4;15;6;3;5;2;0;1;1;0;0;0;0;0
137936;11;4;4200207;2020;4;13;7;3;5;7;0;1;0;0;0;0;0;0
137937;11;7;7501133;2020;4;2;1;2;1;1;2;0;1;0;0;0;0;0
137938;11;10;10400938;2020;4;11;5;3;5;3;0;1;1;0;0;0;0;0
137939;11;5;5200633;2020;4;13;7;3;2;6;0;0;1;0;0;0;0;0
137940;11;5;5100210;2020;4;21;4;2;0;3;2;1;0;0;0;0;1;0
137941;11;4;4500937;2020;4;16;6;3;2;6;0;0;1;0;0;0;0;0
137942;11;2;2400521;2020;4;13;7;3;2;2;0;1;1;0;0;0;0;0
137943;11;9;9100203;2020;4;12;1;3;5;2;0;0;1;0;0;0;0;0
137944;11;9;9501838;2020;4;10;7;3;0;1;0;1;0;0;0;0;0;0
137945;11;6;6200316;2020;4;9;7;3;1;5;0;1;1;0;0;0;0;0
137946;11;8;8100418;2020;4;15;6;3;3;6;0;1;0;0;0;0;0;0
137947;11;6;6100102;2020;3;10;6;3;0;3;0;0;1;0;0;0;1;0
137948;11;6;6300633;2020;4;11;5;3;2;6;0;0;1;0;0;0;0;0
137949;11;2;2200210;2020;4;9;6;3;5;2;0;1;1;0;0;0;0;0
137950;11;6;6300634;2020;4;13;4;2;5;2;0;0;1;0;0;0;0;0
137951;11;6;6100208;2020;4;11;5;3;0;3;0;1;0;0;0;0;1;0
137952;11;2;2200213;2020;4;21;6;3;5;3;2;1;1;0;0;0;0;0
137953;11;10;10200418;2020;4;18;1;3;5;2;0;0;1;0;0;0;0;0
137954;11;1;1100206;2020;4;11;6;3;6;7;0;0;0;1;0;0;1;0
137955;11;6;6200422;2020;3;10;6;3;0;6;0;0;1;0;0;0;1;0
137956;11;3;3701660;2020;3;9;6;3;0;5;0;1;1;0;0;0;0;0
137957;11;1;1100310;2020;4;11;6;3;1;5;0;1;1;0;0;0;0;0
137958;11;11;11400931;2020;3;7;6;3;5;2;0;0;1;0;0;0;0;0
137959;11;8;8301036;2020;4;10;6;3;5;3;0;1;1;0;0;0;0;0
137960;11;1;1400942;2020;4;18;5;3;5;3;0;0;1;0;0;0;1;0
137961;11;8;8200730;2020;4;21;6;3;5;3;2;0;1;0;0;0;0;0
137962;11;9;9501838;2020;3;15;6;3;7;7;0;1;0;0;0;0;0;0
137963;11;11;11401136;2020;4;9;6;3;6;4;0;0;1;1;0;0;0;0
137964;11;3;3100101;2020;4;8;3;3;2;6;0;0;1;0;0;0;0;0
137965;11;6;6200317;2020;4;20;5;3;5;3;2;0;1;0;0;0;0;0
137966;11;12;12400618;2020;4;9;6;3;5;3;0;0;1;0;0;0;0;0
137967;11;5;5400943;2020;4;15;1;3;5;3;0;1;0;1;0;0;0;0
137968;11;6;6200311;2020;4;8;6;3;6;4;0;0;1;1;0;0;0;0
137969;11;2;2100104;2020;4;18;6;3;6;4;0;1;0;1;0;0;0;0
137970;11;8;8100521;2020;3;13;6;3;2;6;0;0;1;0;0;0;0;0
137971;11;6;6200422;2020;4;15;6;2;5;3;0;1;1;0;0;0;0;0
137972;11;7;7400927;2020;4;14;5;3;5;3;0;0;1;0;0;0;0;0
137973;11;12;12500930;2020;3;12;6;3;5;2;0;0;1;0;1;0;0;0
137974;11;5;5200629;2020;4;12;6;3;3;6;0;0;1;0;1;0;0;0
137975;11;4;4501153;2020;4;15;3;3;5;3;0;0;1;0;0;0;0;0
137976;11;9;9100304;2020;4;7;6;2;6;4;0;0;1;1;0;0;0;0
137977;11;1;1400942;2020;4;16;5;3;5;2;0;1;1;0;0;0;0;0
137978;11;2;2100105;2020;3;11;6;3;7;7;0;1;0;0;0;0;0;0
137979;11;3;3601449;2020;4;15;5;3;5;3;0;0;1;0;0;0;0;0
137980;11;3;3601243;2020;4;17;3;3;0;1;0;1;0;0;0;0;0;0
137981;11;2;2400623;2020;4;16;5;3;5;2;0;0;1;0;1;0;0;0
137982;11;8;8401243;2020;4;21;7;3;5;3;2;0;1;0;0;0;1;0
137983;11;1;1400937;2020;4;14;5;2;2;7;0;0;1;0;0;0;0;0
137984;11;1;1100416;2020;4;16;5;3;5;3;0;0;1;0;0;0;0;0
137985;11;10;10300733;2020;3;11;6;3;2;6;0;1;1;0;0;0;0;0
137986;11;3;3501037;2020;4;16;5;3;1;5;0;1;1;0;0;0;0;0
137987;11;12;12500927;2020;4;7;5;3;0;2;0;0;1;0;0;0;1;0
137988;11;1;1100416;2020;4;17;6;3;6;6;0;1;0;1;0;0;0;0
137989;11;1;1401045;2020;3;9;6;3;2;6;0;0;1;0;0;0;0;0
137990;11;11;11400928;2020;4;12;5;3;5;2;0;1;1;0;0;0;0;0
137991;11;11;11401137;2020;4;10;2;3;5;3;0;0;1;0;0;0;0;0
137992;11;6;6200317;2020;4;18;5;3;5;3;0;0;1;0;0;0;0;0
137993;11;7;7400826;2020;4;17;5;3;5;2;0;1;1;0;0;0;0;0
137994;11;7;7400721;2020;4;17;5;3;1;5;0;1;1;0;0;0;0;0
137995;11;1;1300836;2020;4;17;5;3;5;2;0;1;1;0;0;0;0;0
137996;11;12;12100205;2020;4;16;5;3;9;1;0;0;1;0;0;0;0;0
137997;11;5;5100105;2020;3;9;6;2;5;3;0;1;1;0;0;0;0;0
137998;11;9;9100408;2020;4;10;5;3;6;4;0;1;0;1;0;0;0;0
137999;11;4;4501150;2020;4;9;5;3;5;3;0;0;1;0;0;0;0;0
138000;11;9;9200511;2020;4;19;4;2;5;2;0;1;1;0;0;0;0;0
138001;11;9;9100305;2020;4;16;6;3;2;6;0;0;1;0;0;0;0;0
138002;11;1;1300836;2020;4;19;6;3;5;3;0;1;1;0;0;0;0;0
138003;11;7;7601340;2020;4;7;5;3;0;3;0;1;0;0;0;0;1;0
138004;11;3;3200204;2020;4;12;1;2;0;7;0;1;0;0;0;0;0;0
138005;11;1;1401049;2020;4;18;6;3;0;7;0;1;0;0;0;0;0;0
138006;11;1;1300836;2020;4;16;4;2;6;4;0;0;1;1;0;0;0;0
138007;11;9;9200819;2020;4;16;4;3;0;6;0;1;0;0;0;0;0;0
138008;11;8;8200726;2020;4;20;4;3;5;3;2;0;1;0;0;0;1;0
138009;11;9;9200512;2020;3;21;5;3;0;1;2;1;0;0;0;0;0;0
138010;11;7;7601236;2020;4;14;3;3;2;5;0;0;1;0;0;0;0;0
138011;11;11;11300826;2020;4;17;7;3;5;3;0;0;1;0;0;0;0;0
138012;11;11;11100309;2020;4;13;5;3;2;6;0;0;1;0;1;0;0;0
138013;11;3;3601452;2020;4;18;1;3;5;3;0;1;0;0;0;0;0;0
138014;11;1;1400942;2020;4;7;4;3;1;5;0;1;1;0;0;0;0;0
138015;11;1;1100103;2020;4;19;7;3;5;2;0;0;1;0;0;0;0;0
138016;11;4;4501044;2020;4;15;5;3;5;3;0;1;1;0;0;0;0;0
138017;11;8;8100102;2020;4;20;3;3;4;7;0;0;1;0;1;0;0;1
138018;11;3;3300514;2020;4;19;7;3;0;1;0;0;0;0;1;0;0;0
138019;11;1;1100416;2020;4;15;5;3;3;6;0;1;0;0;0;0;0;0
138020;11;8;8200832;2020;4;11;2;3;0;3;0;1;0;0;0;0;1;0
138021;11;1;1401044;2020;4;15;4;3;0;5;0;0;1;0;1;0;0;0
138022;11;12;12100204;2020;4;11;4;2;6;2;0;0;1;1;0;0;0;0
138023;11;4;4501152;2020;4;21;2;3;0;1;2;1;1;0;0;0;0;0
138024;11;1;1100207;2020;4;22;4;3;5;3;2;0;1;0;0;0;0;0
138025;11;2;2300316;2020;4;18;1;3;5;2;0;1;1;0;0;0;0;0
138026;11;1;1401047;2020;4;14;7;3;2;2;0;1;1;0;0;0;0;0
138027;11;5;5100316;2020;4;21;4;3;5;2;2;0;1;0;0;0;0;0
138028;11;2;2100104;2020;4;11;6;3;2;6;0;0;1;0;1;0;0;0
138029;11;4;4300517;2020;4;14;3;3;5;3;0;0;1;0;0;0;0;0
138030;11;4;4501042;2020;4;8;5;3;1;5;0;1;1;0;0;0;0;0
138031;11;3;3200204;2020;4;12;5;3;5;2;0;1;1;0;0;0;0;0
138032;11;8;8100312;2020;4;14;2;3;3;6;0;1;1;0;0;0;0;0
138033;11;8;8100415;2020;4;22;4;3;5;3;2;0;1;0;0;0;1;1
138034;11;8;8200726;2020;4;12;5;3;5;3;0;0;1;0;1;0;0;0
138035;11;12;12100205;2020;4;14;5;3;2;6;0;0;1;0;1;0;0;0
138036;11;4;4500938;2020;4;15;2;3;0;3;0;0;1;0;0;0;1;0
138037;11;4;4300415;2020;4;18;4;3;5;2;0;1;1;0;0;0;0;1
138038;11;4;4200308;2020;4;16;2;3;5;2;0;1;1;0;0;0;0;0
138039;11;10;10100311;2020;4;20;4;3;5;3;0;1;1;0;0;0;0;0
138040;11;8;8100209;2020;4;17;1;2;5;3;0;0;1;0;1;0;0;0
138041;11;5;5200633;2020;4;16;7;3;0;3;0;1;0;0;0;0;1;0
138042;11;1;1400942;2020;4;20;4;3;2;6;0;0;1;0;0;0;0;0
138043;11;7;7501030;2020;4;12;6;3;5;2;0;1;0;0;0;1;0;0
138044;11;7;7100206;2020;4;18;2;3;0;1;0;1;0;0;0;0;0;0
138045;11;5;5100316;2020;4;18;5;3;6;4;0;0;1;1;0;0;0;0
138046;11;4;4300414;2020;4;14;2;3;2;6;0;1;1;0;0;0;0;0
138047;11;9;9401329;2020;4;9;4;3;0;5;0;1;1;0;0;0;0;0
138048;11;4;4501146;2020;4;14;2;3;5;2;0;1;1;0;0;0;0;0
138049;11;8;8100419;2020;4;19;4;3;5;3;0;0;1;0;0;0;0;0
138050;11;5;5100103;2020;4;14;7;3;2;6;0;0;1;0;1;0;0;0
138051;11;5;5400943;2020;4;13;5;3;1;5;0;0;1;0;0;0;0;0
138052;11;1;1300834;2020;4;0;3;3;9;1;2;0;1;0;0;0;0;0
138053;11;4;4300412;2020;4;13;7;3;3;6;0;0;1;0;0;0;0;0
138054;11;11;11400929;2020;4;19;4;3;5;7;0;0;1;0;1;0;0;0
138055;11;11;11100204;2020;4;15;2;3;5;3;0;0;1;0;0;0;0;0
138056;11;10;10200526;2020;4;19;4;3;2;6;0;1;1;0;0;0;0;0
138057;11;7;7501134;2020;4;13;7;3;3;6;0;1;1;0;0;0;0;0
138058;11;4;4501042;2020;4;7;4;3;5;2;0;0;1;0;1;0;0;0
138059;11;6;6100204;2020;4;20;7;2;1;6;2;0;1;0;0;0;1;0