OBJECTID;LAND;BEZ;LOR_ab_2021;UJAHR;UMONAT;USTUNDE;UWOCHENTAG;UKATEGORIE;UART;UTYP1;ULICHTVERH;IstRad;IstPKW;IstFuss;IstKrad;IstGkfz;IstSonstige;USTRZUSTAND
138060;11;1;1100415;2020;4;19;4;3;0;1;0;1;0;0;0;0;0;0
138061;11;6;6200317;2020;4;17;6;3;6;7;0;1;0;1;0;0;0;0
138062;11;2;2200213;2020;4;18;2;3;0;1;0;1;0;0;0;0;0;0
138063;11;8;8100311;2020;4;16;5;3;5;3;0;1;1;0;0;0;0;0
138064;11;5;5100211;2020;4;8;2;2;5;7;0;1;1;0;0;0;0;0
138065;11;1;1100310;2020;4;15;4;2;5;2;0;1;1;0;0;0;0;0
138066;11;2;2500835;2020;4;17;1;3;0;7;0;1;0;1;0;0;0;0
138067;11;5;5200632;2020;4;18;4;2;5;2;0;1;1;0;0;0;0;0
138068;11;4;4500938;2020;4;19;7;3;0;7;1;1;1;0;0;0;0;0
138069;11;12;12200412;2020;4;19;5;3;0;1;1;1;0;0;0;0;0;0
138070;11;12;12601031;2020;4;9;3;3;5;2;0;0;1;0;0;0;0;0
138071;11;3;3300516;2020;4;13;7;2;0;1;0;1;0;0;0;0;0;0
138072;11;4;4200308;2020;4;12;6;1;6;2;0;0;0;1;0;1;0;0
138073;11;9;9200716;2020;4;15;2;2;1;5;0;1;1;0;0;0;0;0
138074;11;8;8200727;2020;4;18;4;3;5;3;0;0;1;0;0;0;0;0
138075;11;3;3601449;2020;4;17;4;3;0;2;0;1;1;0;0;0;0;1
138076;11;10;10300734;2020;4;19;3;3;2;6;0;0;1;0;1;0;0;0
138077;11;5;5100103;2020;4;17;6;3;5;2;0;1;1;0;0;0;0;0
138078;11;12;12500824;2020;4;17;2;3;5;3;0;0;1;0;1;0;0;0
138079;11;10;10300733;2020;4;11;4;3;5;3;0;1;1;0;0;0;0;0
138080;11;4;4500938;2020;4;8;3;3;5;2;0;1;1;0;0;0;0;0
138081;11;9;9100305;2020;4;12;2;3;5;2;0;1;1;0;0;0;0;0
138082;11;9;9200717;2020;4;12;4;3;5;2;0;1;1;0;0;0;0;0
138083;11;12;12500930;2020;4;16;1;3;0;1;0;0;0;0;1;0;0;0
138084;11;1;1200517;2020;4;18;4;2;3;6;0;0;1;0;1;0;0;0
138085;11;3;3601449;2020;4;11;7;3;6;2;0;0;1;1;0;0;0;0
138086;11;9;9200511;2020;4;18;5;2;0;1;0;1;0;0;0;0;0;0
138087;11;8;8100417;2020;4;18;3;3;3;6;0;1;1;0;0;0;0;0
138088;11;1;1400942;2020;4;13;7;3;5;7;0;0;1;0;0;0;1;0
138089;11;3;3300516;2020;4;14;5;2;5;3;0;1;1;0;0;0;0;0
138090;11;2;2200209;2020;4;9;5;3;2;6;0;1;1;0;0;0;0;0
138091;11;1;1401044;2020;4;11;2;3;6;4;0;0;1;1;0;0;0;0
138092;11;4;4501043;2020;4;17;4;3;5;7;0;0;1;0;0;0;1;0
138093;11;9;9200510;2020;4;17;4;3;5;3;0;0;1;0;0;0;0;1
138094;11;3;3400724;2020;4;17;2;3;5;2;0;1;1;0;0;0;0;0
138095;11;1;1300733;2020;4;18;4;2;6;2;0;0;1;1;0;0;0;0
138096;11;3;3300412;2020;4;12;1;3;5;3;0;0;1;0;0;0;0;0
138097;11;2;2100102;2020;4;0;7;3;5;3;2;1;1;0;0;0;0;0
138098;11;2;2200210;2020;4;17;4;3;3;6;0;1;0;0;0;0;0;0
138099;11;12;12100103;2020;4;13;6;3;5;5;0;0;1;0;1;0;0;0
138100;11;8;8100417;2020;4;17;4;3;1;5;0;1;1;0;0;0;0;0
138101;11;6;6400838;2020;4;19;1;3;5;3;0;1;1;0;0;0;0;0
138102;11;4;4400727;2020;4;13;1;2;2;7;0;0;1;0;1;0;0;0
138103;11;3;3601243;2020;4;17;4;3;6;2;0;0;1;1;0;0;0;0
138104;11;11;11300722;2020;4;21;6;3;5;2;2;0;1;0;0;0;0;0
138105;11;5;5300736;2020;4;15;3;3;5;3;0;1;1;0;0;0;0;0
138106;11;7;7300515;2020;4;11;7;3;5;2;0;1;1;0;0;0;0;0
138107;11;1;1300732;2020;4;10;5;3;2;6;0;0;1;0;0;1;0;0
138108;11;2;2200210;2020;4;14;5;3;5;3;0;1;0;0;0;0;1;0
138109;11;1;1401046;2020;4;10;2;3;6;2;0;0;0;1;0;0;1;0
138110;11;3;3400724;2020;4;18;4;3;0;1;0;1;0;0;0;0;0;0
138111;11;5;5200527;2020;4;15;2;3;0;5;0;0;1;0;0;0;0;0
138112;11;1;1401047;2020;4;17;4;3;2;7;0;1;1;0;0;0;0;0
138113;11;4;4200206;2020;4;17;1;2;5;2;0;0;0;0;1;0;0;0
138114;11;1;1100309;2020;4;16;7;2;0;1;0;1;0;0;0;0;0;0
138115;11;2;2200208;2020;4;16;4;3;5;3;0;0;1;0;0;0;0;0
138116;11;3;3501037;2020;4;11;6;3;5;2;0;1;1;0;0;0;0;0
138117;11;3;3400618;2020;4;21;2;3;5;3;2;0;1;0;0;0;0;0
138118;11;6;6200421;2020;4;17;5;2;6;4;0;0;1;1;0;0;0;0
138119;11;7;7601340;2020;4;13;3;3;1;5;0;0;1;0;0;0;0;0
138120;11;1;1400942;2020;4;0;5;3;5;3;2;0;1;0;0;0;1;0
138121;11;4;4200310;2020;4;12;5;3;5;2;0;1;1;0;0;0;0;0
138122;11;3;3601453;2020;4;13;2;3;5;2;0;1;1;0;0;0;0;0
138123;11;2;2300315;2020;4;17;4;3;5;3;0;1;1;0;0;0;0;1
138124;11;9;9200511;2020;4;7;2;3;4;6;0;0;1;0;0;0;0;0
138125;11;2;2100102;2020;4;16;4;3;5;3;0;1;1;0;0;0;0;0
138126;11;2;2500832;2020;4;16;7;3;2;6;0;1;1;0;0;0;0;0
138127;11;7;7501030;2020;4;6;4;2;1;5;0;1;1;0;0;0;0;1
138128;11;2;2200208;2020;4;10;7;3;5;2;0;1;1;0;0;0;0;0
138129;11;1;1300835;2020;4;17;4;3;5;3;0;1;1;0;0;0;0;0
138130;11;4;4200308;2020;4;19;6;3;5;3;1;1;1;0;0;0;0;0
138131;11;8;8401245;2020;4;18;2;3;5;3;0;0;1;0;0;0;0;0
138132;11;7;7200307;2020;4;16;5;3;5;7;0;0;1;0;0;0;0;0
138133;11;4;4500936;2020;4;12;2;3;5;3;0;1;1;0;0;0;0;0
138134;11;10;10400939;2020;4;14;4;3;5;3;0;0;1;0;0;0;0;0
138135;11;2;2500832;2020;4;18;1;3;3;6;0;0;1;0;1;0;0;0
138136;11;5;5200629;2020;4;16;4;3;5;2;0;1;1;0;0;0;0;0
138137;11;5;5200527;2020;4;12;7;2;5;3;0;0;1;0;0;0;0;0
138138;11;6;6200313;2020;4;14;5;3;2;6;0;0;1;0;0;0;0;0
138139;11;5;5200527;2020;4;8;2;3;5;3;0;1;1;0;0;0;0;0
138140;11;4;4100101;2020;4;15;4;3;5;2;0;0;1;0;0;0;1;0
138141;11;10;10100205;2020;4;19;2;2;5;3;0;0;1;0;1;0;0;0
138142;11;7;7200308;2020;4;15;4;3;5;2;0;1;1;0;0;0;0;0
138143;11;1;1100416;2020;4;14;7;3;5;7;0;1;1;0;0;0;0;0
138144;11;11;11400929;2020;4;11;5;3;5;3;0;0;1;0;0;0;0;0
138145;11;1;1300836;2020;4;11;3;3;6;4;0;1;0;1;0;0;0;0
138146;11;6;6100209;2020;4;16;6;3;5;2;0;1;1;0;0;0;0;0
138147;11;1;1300836;2020;4;17;6;3;1;5;0;1;1;0;0;0;0;0
138148;11;1;1200628;2020;4;16;2;1;6;4;0;0;1;1;0;0;0;0
138149;11;2;2200210;2020;4;19;4;3;0;3;0;0;1;0;1;0;0;1
138150;11;6;6300525;2020;4;16;5;2;5;2;0;1;1;0;0;0;0;0
138151;11;6;6200317;2020;4;8;3;3;5;3;0;0;1;0;0;0;0;0
138152;11;5;5100315;2020;4;11;1;3;5;3;0;1;1;0;0;0;0;0
138153;11;7;7601443;2020;4;17;1;3;5;3;0;1;1;0;0;0;0;0
138154;11;12;12200310;2020;4;16;4;3;5;3;0;0;1;0;0;0;0;0
138155;11;10;10200422;2020;4;7;7;2;5;2;0;0;1;0;0;0;0;0
138156;11;6;6200422;2020;4;10;5;2;1;5;0;0;1;0;1;0;0;0
138157;11;3;3300516;2020;4;16;3;3;6;4;0;1;0;1;0;0;0;0
138158;11;5;5200524;2020;4;13;6;2;5;2;0;0;1;0;1;0;0;0
138159;11;1;1200625;2020;4;13;5;2;5;3;0;1;1;0;0;0;0;1
138160;11;6;6200421;2020;4;16;5;3;3;6;0;0;1;0;0;0;0;0
138161;11;6;6100208;2020;4;14;5;3;1;1;0;0;1;0;0;0;0;0
138162;11;6;6300629;2020;4;10;2;3;5;3;0;0;1;0;1;0;0;0
138163;11;9;9200511;2020;4;20;3;3;0;1;2;1;0;0;0;0;0;1
138164;11;11;10100205;2020;4;13;6;3;5;3;0;0;1;0;0;0;0;0
138165;11;11;11300617;2020;4;16;5;3;0;4;0;1;0;1;0;0;0;0
138166;11;8;8100206;2020;4;18;6;3;2;6;0;0;1;0;0;0;0;0
138167;11;2;2300314;2020;4;15;2;2;5;3;0;0;1;0;0;0;0;0
138168;11;8;8100310;2020;4;15;4;2;1;5;0;0;1;0;0;0;0;0
138169;11;6;6300633;2020;4;17;4;3;2;2;0;0;1;0;1;0;0;1
138170;11;10;10400939;2020;4;13;2;3;0;7;0;1;0;0;0;0;0;0
138171;11;2;2200208;2020;4;15;4;3;5;3;0;1;1;0;0;0;0;0
138172;11;1;1100207;2020;4;18;1;2;5;2;0;0;1;0;1;0;0;0
138173;11;11;11501238;2020;4;18;7;3;2;6;0;0;1;0;1;0;0;0
138174;11;11;11401137;2020;4;14;4;3;2;6;0;0;1;0;0;0;0;0
138175;11;4;4500937;2020;4;14;6;2;1;5;0;1;1;0;0;0;0;0
138176;11;1;1400940;2020;4;14;3;3;2;6;0;1;0;0;0;0;0;0
138177;11;2;2200209;2020;4;8;5;2;5;2;0;1;0;0;0;0;1;0
138178;11;1;1300835;2020;4;19;5;3;6;4;0;0;1;1;0;0;0;0
138179;11;7;7400823;2020;4;13;5;3;5;2;0;0;1;0;1;0;0;0
138180;11;1;1401046;2020;4;10;2;3;5;3;0;0;1;0;0;0;0;0
138181;11;9;9100407;2020;4;22;4;2;9;1;2;0;1;0;0;0;0;1
138182;11;6;6300526;2020;4;8;2;3;3;6;0;1;0;0;0;0;1;0
138183;11;8;8100206;2020;4;14;4;3;1;5;0;1;1;0;0;0;0;0
138184;11;8;8100310;2020;4;15;7;3;1;5;0;1;1;0;0;0;0;0
138185;11;3;3400723;2020;4;18;4;3;0;5;0;1;1;0;0;0;0;0
138186;11;1;1401047;2020;4;16;2;3;1;5;0;1;1;0;0;0;0;0
138187;11;11;11300617;2020;4;13;4;2;8;1;0;0;0;0;1;0;0;0
138188;11;7;7400720;2020;4;1;1;3;0;1;2;0;0;0;1;0;0;0
138189;11;3;3400619;2020;4;17;7;3;5;2;0;1;1;0;0;0;0;0
138190;11;8;8100521;2020;4;13;4;3;0;3;0;0;1;0;1;0;0;0
138191;11;11;11300722;2020;4;12;6;3;5;2;0;1;1;0;0;0;0;0
138192;11;1;1100102;2020;4;12;2;3;5;2;0;1;1;0;0;0;0;0
138193;11;2;2400625;2020;4;20;5;3;1;5;1;0;0;0;0;0;1;0
138194;11;2;2500835;2020;4;18;5;3;5;2;0;1;1;0;0;0;0;0
138195;11;1;1100311;2020;4;17;5;3;5;2;0;1;1;0;0;0;0;0
138196;11;2;2100106;2020;4;8;2;2;3;6;0;1;1;0;0;0;0;0
138197;11;1;1100308;2020;4;16;4;3;1;5;0;1;1;0;0;0;0;0
138198;11;1;1200628;2020;4;14;2;2;2;2;0;0;1;0;0;0;0;0
138199;11;3;3601141;2020;4;13;4;3;5;2;0;1;0;0;0;0;1;0
138200;11;11;11100307;2020;4;15;7;3;5;3;0;0;1;0;0;0;0;0
138201;11;9;9100304;2020;4;10;5;3;5;3;0;1;1;0;0;0;0;0
138202;11;9;9401432;2020;4;21;3;3;5;3;2;0;1;0;0;0;0;0
138203;11;11;10100205;2020;4;13;6;3;5;3;0;1;1;0;0;0;0;0
138204;11;4;4200308;2020;4;11;4;3;2;6;0;0;1;0;1;0;0;0
138205;11;11;11501340;2020;4;18;6;3;0;1;0;1;1;0;0;0;0;0
138206;11;8;8200832;2020;4;18;2;3;5;3;0;1;1;0;0;0;0;0
138207;11;10;10100311;2020;4;17;5;2;5;3;0;1;0;0;0;0;1;0
138208;11;1;1401046;2020;4;9;4;3;2;6;0;0;1;0;0;0;1;0
138209;11;12;12200309;2020;4;14;7;3;3;6;0;1;1;0;0;0;0;0
138210;11;4;4200311;2020;4;11;4;3;3;6;0;0;1;0;1;0;0;0
138211;11;8;8100206;2020;4;10;6;3;5;7;0;0;1;0;1;0;0;0
138212;11;6;6200316;2020;4;19;2;3;5;3;0;1;1;0;0;0;0;0
138213;11;5;5300839;2020;4;17;5;3;5;3;0;0;1;0;1;0;0;0
138214;11;4;4501041;2020;4;22;2;3;0;1;2;1;0;0;0;0;0;0
138215;11;10;10400940;2020;4;15;4;2;5;3;0;1;1;0;0;0;0;0
138216;11;6;6300634;2020;4;18;2;2;5;2;0;0;1;0;0;0;0;0
138217;11;5;5100208;2020;4;11;4;3;2;6;0;0;1;0;0;0;0;0
138218;11;3;3300411;2020;4;13;7;3;5;2;0;1;1;0;0;0;0;0
138219;11;4;4300619;2020;4;10;5;3;5;2;0;1;1;0;0;0;0;0
138220;11;4;4300414;2020;4;10;3;3;5;3;0;1;0;0;1;0;0;0
138221;11;3;3400721;2020;4;12;6;3;2;6;0;0;1;0;0;0;0;0
138222;11;3;3400723;2020;4;16;5;3;1;5;0;1;1;0;0;0;0;0
138223;11;4;4300414;2020;4;15;6;3;2;1;0;1;1;0;0;0;0;0
138224;11;3;3601450;2020;4;15;2;2;5;3;0;0;1;0;1;0;0;0
138225;11;10;10100205;2020;4;17;4;2;0;1;0;0;0;0;1;0;0;1
138226;11;12;12200307;2020;4;18;5;3;2;7;0;0;1;0;1;0;0;0
138227;11;9;9200715;2020;4;6;3;3;2;2;0;0;1;0;0;0;1;0
138228;11;1;1401044;2020;4;13;1;3;0;7;0;1;1;0;0;0;0;0
138229;11;3;3200205;2020;4;13;1;3;5;3;0;0;1;0;0;0;0;0
138230;11;2;2400623;2020;4;10;3;3;0;1;0;1;0;0;0;0;0;0
138231;11;4;4300416;2020;4;12;2;3;2;6;0;0;1;0;0;1;0;0
138232;11;1;1100308;2020;4;12;4;3;0;3;0;0;1;0;0;0;1;0
138233;11;1;1401045;2020;4;16;1;3;2;6;0;0;1;0;0;0;0;0
138234;11;9;9301126;2020;4;10;4;2;0;1;0;1;0;0;0;0;0;0
138235;11;1;1100103;2020;4;18;7;3;5;3;0;1;1;0;0;0;0;0
138236;11;1;1100311;2020;4;9;5;3;5;2;0;1;1;0;0;0;0;0
138237;11;2;2400624;2020;4;19;3;3;6;4;0;1;0;1;0;0;0;0
138238;11;1;1100308;2020;4;12;6;3;3;6;0;1;1;0;0;0;0;0
138239;11;12;12200309;2020;4;16;5;3;5;2;0;1;0;0;0;0;1;0
138240;11;4;4200308;2020;4;14;2;3;5;2;0;1;0;0;0;0;0;0
138241;11;11;10100205;2020;4;9;4;3;5;3;0;1;1;0;0;0;0;0
138242;11;4;4500939;2020;4;5;4;3;2;2;0;0;1;0;1;0;0;1
138243;11;6;6200313;2020;4;18;2;3;1;3;0;1;1;0;0;0;0;0
138244;11;1;1100205;2020;4;7;4;3;5;2;0;1;1;0;0;0;0;0
138245;11;1;1100311;2020;4;13;1;3;5;2;0;0;1;0;0;0;0;0
138246;11;7;7400927;2020;4;3;7;3;0;1;2;1;0;0;0;0;0;0
138247;11;2;2400623;2020;4;7;4;3;5;2;0;0;1;0;1;0;0;0
138248;11;7;7501029;2020;4;13;6;3;6;2;0;0;1;1;0;0;0;0
138249;11;4;4400728;2020;4;14;3;3;2;7;0;0;1;1;0;0;0;0
138250;11;2;2200211;2020;4;7;5;3;0;7;0;0;0;0;1;1;0;1
138251;11;12;12500926;2020;4;18;5;3;5;2;0;1;1;0;0;0;0;0
138252;11;8;8200624;2020;4;12;5;3;0;1;0;1;0;0;0;0;0;0
138253;11;3;3100102;2020;4;14;3;3;0;6;0;1;0;0;0;0;1;0
138254;11;6;6100206;2020;4;12;6;3;2;3;0;1;0;0;0;0;0;0
138255;11;1;1300733;2020;4;16;3;3;5;3;0;1;1;0;0;0;0;0
138256;11;4;4300413;2020;4;12;6;3;5;2;0;1;1;0;0;0;0;0
138257;11;5;5400942;2020;4;12;5;3;5;2;0;1;1;0;0;0;0;1
138258;11;1;1100102;2020;4;13;5;2;9;1;0;0;0;0;1;0;0;0
138259;11;12;12200412;2020;4;14;2;3;5;3;0;0;1;0;1;0;0;0
138260;11;7;7400721;2020;4;18;4;3;5;2;0;1;0;0;0;0;1;1
138261;11;6;6400843;2020;4;15;2;3;5;2;0;1;1;0;0;0;0;0
138262;11;3;3400725;2020;4;19;3;3;1;5;0;1;1;0;0;0;0;0
138263;11;4;4400728;2020;4;17;1;3;2;6;0;0;1;0;0;0;0;0
138264;11;5;5200631;2020;4;17;7;3;1;5;0;1;1;0;0;0;0;0
138265;11;6;6200422;2020;4;18;3;2;5;3;0;1;1;0;0;0;0;0
138266;11;10;10100205;2020;4;11;6;3;5;7;0;0;1;0;0;0;0;0
138267;11;9;9401534;2020;4;21;2;2;0;1;2;0;0;0;1;0;0;0
138268;11;1;1100205;2020;4;17;5;3;5;3;0;1;1;0;0;0;0;0
138269;11;5;5100317;2020;4;8;2;3;5;2;0;1;0;0;0;1;0;0
138270;11;4;4300517;2020;4;16;4;3;5;2;0;0;1;0;0;0;0;0
138271;11;11;11300721;2020;4;20;2;2;3;6;1;0;1;0;1;0;0;0
138272;11;11;11100203;2020;4;18;3;3;2;2;0;0;1;0;1;0;0;0
138273;11;8;8200730;2020;4;9;2;3;5;2;0;1;1;0;0;0;0;0
138274;11;6;6100205;2020;4;21;4;3;5;3;2;0;1;0;0;0;0;0
138275;11;12;12601031;2020;4;15;2;3;2;2;0;0;1;0;0;0;0;0
138276;11;6;6200420;2020;4;18;3;3;5;7;0;0;1;0;0;0;1;0
138277;11;7;7601544;2020;4;21;7;2;5;2;2;0;1;0;0;0;0;0
138278;11;7;7200308;2020;4;7;4;3;1;5;0;1;1;0;0;0;0;1
138279;11;9;9200715;2020;4;10;6;3;5;7;0;0;1;0;1;0;0;0
138280;11;7;6100210;2020;4;17;3;2;5;3;0;1;1;0;0;0;0;0
138281;11;1;1400939;2020;4;19;6;3;5;2;0;1;1;0;0;0;0;0
138282;11;3;3601140;2020;4;18;2;3;5;2;0;1;1;0;0;0;0;0
138283;11;10;10100102;2020;4;16;5;3;5;3;0;1;1;0;0;0;0;1
138284;11;5;5100315;2020;4;17;5;2;1;5;0;0;1;0;0;0;0;0
138285;11;12;12200309;2020;4;12;2;3;1;5;0;0;1;0;1;0;0;0
138286;11;6;6300526;2020;4;14;4;3;1;5;0;1;1;0;0;0;0;0
138287;11;6;6300634;2020;4;21;1;2;5;2;2;0;1;0;0;0;0;0
138288;11;4;4400726;2020;4;17;3;3;2;6;0;0;1;0;0;0;0;0
138289;11;4;4501045;2020;4;12;7;3;1;5;0;1;1;0;0;0;0;0
138290;11;10;10400837;2020;4;7;5;3;4;6;0;1;1;0;0;0;0;0
138291;11;2;2500834;2020;4;22;3;3;6;2;2;0;0;1;0;0;1;0
138292;11;2;2200212;2020;4;9;6;3;3;6;0;1;0;0;0;0;0;0
138293;11;1;1200518;2020;4;17;6;3;2;6;0;0;1;0;0;0;0;0
138294;11;9;9501941;2020;4;14;7;3;5;2;0;1;1;0;0;0;0;0
138295;11;7;7601340;2020;4;7;5;3;5;2;0;1;1;0;0;0;0;0
138296;11;7;7300619;2020;4;12;3;2;2;6;0;0;1;0;1;0;0;0
138297;11;3;3601245;2020;4;8;6;2;6;4;0;0;1;1;0;0;0;0
138298;11;1;1100101;2020;4;17;6;3;5;3;0;1;1;0;0;0;0;0
138299;11;12;12100101;2020;4;17;2;3;5;3;0;1;1;0;0;0;0;0
138300;11;11;11300620;2020;4;10;4;3;0;2;0;1;0;0;0;0;1;0
138301;11;1;1100415;2020;4;8;3;3;0;7;0;0;1;0;0;0;1;0
138302;11;9;9100203;2020;4;22;1;3;1;5;2;0;1;0;0;0;0;0
138303;11;6;6300634;2020;4;11;4;3;5;2;0;0;1;0;0;0;1;0
138304;11;11;11400931;2020;4;18;1;3;5;3;0;0;1;0;1;0;0;0
138305;11;12;12500930;2020;4;16;3;3;5;2;0;0;1;0;1;0;0;0
138306;11;3;3400831;2020;4;9;7;3;5;2;0;0;1;0;0;0;0;0
138307;11;2;2100106;2020;4;14;4;3;0;7;0;1;0;0;0;0;0;0
138308;11;11;11300826;2020;4;17;3;3;5;2;0;1;1;0;0;0;0;0
138309;11;11;11300721;2020;4;8;6;3;5;3;0;1;1;0;0;0;0;0
138310;11;1;1100308;2020;4;14;5;3;5;3;0;0;1;0;0;0;1;0
138311;11;4;4300619;2020;4;17;5;3;5;2;0;0;1;0;1;0;0;0
138312;11;8;8100310;2020;4;11;2;3;5;2;0;1;1;0;0;0;0;0
138313;11;5;5100313;2020;4;18;4;3;2;6;1;0;1;0;0;0;0;1
138314;11;8;8100520;2020;4;17;2;3;6;4;0;0;1;1;0;0;0;0
138315;11;12;12100206;2020;4;16;3;3;3;6;0;0;1;0;1;0;0;0
138316;11;7;7200410;2020;4;1;1;3;9;1;2;0;1;0;0;0;0;0
138317;11;4;4200310;2020;4;15;2;3;6;4;0;0;1;1;0;0;0;0
138318;11;11;11401033;2020;4;16;3;3;1;5;0;0;1;0;0;0;1;0
138319;11;3;3400618;2020;4;17;4;3;5;2;0;0;1;0;1;0;0;1
138320;11;3;3200310;2020;4;6;3;3;9;1;0;0;1;0;0;0;0;0
138321;11;10;10300731;2020;4;16;3;2;0;3;0;0;0;0;1;0;1;0
138322;11;8;8100521;2020;4;19;1;2;6;7;0;0;0;1;1;0;0;0
138323;11;1;1100310;2020;4;2;1;3;0;1;2;1;0;0;0;0;0;0
138324;11;8;8200730;2020;4;16;3;3;5;2;0;1;1;0;0;1;0;0
138325;11;8;8200622;2020;4;7;6;3;5;3;0;1;1;0;0;0;0;0
138326;11;1;1300834;2020;4;15;3;3;2;6;0;0;1;0;0;0;0;0
138327;11;3;3500936;2020;4;8;6;3;0;1;0;1;0;0;0;0;0;0
138328;11;11;11200513;2020;4;9;5;3;0;1;0;1;0;0;0;0;0;0
138329;11;1;1100309;2020;4;13;5;3;3;6;0;1;1;0;0;0;0;0
138330;11;2;2200210;2020;4;14;2;3;3;5;0;0;1;0;1;0;0;0
138331;11;1;1100103;2020;4;14;4;3;2;3;0;0;1;0;1;0;0;0
138332;11;1;1100311;2020;4;10;2;3;5;2;0;0;1;0;0;0;0;0
138333;11;2;2200210;2020;4;15;3;2;5;3;0;1;0;0;1;0;0;0
138334;11;4;4501153;2020;4;15;1;2;5;3;0;0;1;0;1;0;0;0
138335;11;5;5300737;2020;4;14;7;3;2;6;0;0;1;0;1;0;1;0
138336;11;7;7100206;2020;4;15;3;3;5;2;0;1;1;0;0;0;0;0
138337;11;2;2300316;2020;4;10;6;3;5;2;0;1;0;0;0;0;1;0
138338;11;1;1400938;2020;4;16;7;3;1;5;0;1;1;0;0;0;0;0
138339;11;8;8401243;2020;4;15;3;3;5;2;0;0;1;0;0;0;1;0
138340;11;12;12200310;2020;4;13;6;3;5;2;0;1;0;0;0;1;0;0
138341;11;9;9100101;2020;4;19;3;3;1;5;0;1;0;0;0;0;1;0
138342;11;8;8100312;2020;4;20;5;3;3;6;1;1;0;0;0;0;0;1
138343;11;6;6300527;2020;4;11;5;3;5;3;0;1;0;0;0;0;1;0
138344;11;7;7601341;2020;4;14;2;3;5;3;0;0;1;0;0;0;0;0
138345;11;4;4400835;2020;4;7;4;3;6;2;0;0;1;1;0;0;0;0
138346;11;9;9100305;2020;4;20;2;3;5;2;1;0;1;0;0;0;0;0
138347;11;8;8100415;2020;4;15;3;3;1;5;0;0;1;0;0;0;0;0
138348;11;6;6400735;2020;4;16;7;3;0;1;0;0;0;0;1;0;0;0
138349;11;4;4300518;2020;4;8;3;3;3;6;0;0;1;0;0;0;0;0
138350;11;4;4501042;2020;4;8;6;3;5;3;0;1;1;0;0;0;0;0
138351;11;12;12200310;2020;4;14;3;3;5;2;0;1;0;0;0;0;1;0
138352;11;4;4300412;2020;4;18;6;3;1;5;0;0;1;0;1;0;0;0
138353;11;8;8100102;2020;4;17;2;3;2;7;0;0;1;0;1;0;0;0
138354;11;2;2500728;2020;4;16;5;3;5;3;0;1;1;0;0;0;0;0
138355;11;11;11400929;2020;4;11;3;3;2;2;0;0;1;0;0;0;0;0
138356;11;8;8100521;2020;4;12;2;3;5;2;0;0;1;0;0;0;0;0
138357;11;7;7300516;2020;4;13;4;3;2;6;0;1;1;0;0;0;0;0
138358;11;1;1100206;2020;4;19;2;3;2;2;0;1;1;0;0;0;0;0
138359;11;7;7400822;2020;4;17;5;2;8;1;0;1;0;0;0;0;0;0
138360;11;4;4300414;2020;4;8;2;3;0;2;0;1;1;0;0;0;0;0
138361;11;3;3601245;2020;4;15;4;3;5;3;0;0;1;0;1;0;0;0
138362;11;8;8200727;2020;4;18;2;3;1;5;0;0;1;0;0;0;0;0
138363;11;2;2300417;2020;4;12;3;3;1;5;0;1;1;0;0;0;0;0
138364;11;12;12500926;2020;4;13;7;3;0;2;0;0;1;0;0;0;1;0
138365;11;8;8200624;2020;4;12;4;3;0;2;0;1;1;0;0;0;0;0
138366;11;9;9401534;2020;4;10;3;3;2;6;0;0;1;0;0;0;0;0
138367;11;4;4500939;2020;4;8;6;3;5;2;0;0;1;0;0;0;0;0
138368;11;1;1200626;2020;4;15;5;3;4;6;0;1;0;0;0;0;0;0
138369;11;6;6200423;2020;4;8;6;3;2;6;0;0;1;0;0;0;0;0
138370;11;1;1100206;2020;4;16;2;3;5;2;0;1;1;0;0;0;0;0
138371;11;6;6400737;2020;4;17;4;3;0;1;0;1;0;0;0;0;0;1
138372;11;9;9200819;2020;4;15;5;3;5;2;0;1;1;0;0;0;0;0
138373;11;9;9100101;2020;4;19;3;3;2;2;0;1;1;0;0;0;0;0
138374;11;7;7501032;2020;4;10;1;3;0;1;0;1;0;0;0;0;0;0
138375;11;2;2200211;2020;4;18;1;3;0;1;0;1;0;0;0;0;0;0
138376;11;12;12601032;2020;4;12;3;3;1;5;0;0;1;0;0;0;0;0
138377;11;8;8100415;2020;4;21;6;3;5;2;2;1;1;0;0;0;0;0
138378;11;6;6100210;2020;4;7;6;3;5;7;0;0;1;0;0;0;0;0
138379;11;11;11200410;2020;4;16;3;3;5;7;0;1;0;0;0;0;1;0
138380;11;1;1100313;2020;5;16;1;3;6;4;0;1;0;1;0;0;0;0
138381;11;7;7400825;2020;5;19;7;2;5;3;0;0;1;0;0;0;0;0
138382;11;5;5200528;2020;5;12;6;3;2;6;0;0;1;0;0;0;0;0
138383;11;2;2500833;2020;5;17;2;3;5;3;0;0;1;0;0;0;0;1
138384;11;9;9501939;2020;5;9;2;3;5;3;0;1;1;0;0;0;0;1
138385;11;12;12100205;2020;5;8;6;3;0;1;0;0;1;0;0;0;0;0
138386;11;1;1401047;2020;5;13;6;3;5;3;0;0;0;0;1;0;1;0
138387;11;1;1100206;2020;5;2;6;3;5;3;2;0;1;0;0;0;1;0
138388;11;1;1100309;2020;5;20;5;3;0;1;1;1;0;0;0;0;0;0
138389;11;7;7400928;2020;5;13;1;3;0;2;0;1;1;0;0;0;0;0