OBJECTID;LAND;BEZ;LOR_ab_2021;UJAHR;UMONAT;USTUNDE;UWOCHENTAG;UKATEGORIE;UART;UTYP1;ULICHTVERH;IstRad;IstPKW;IstFuss;IstKrad;IstGkfz;IstSonstige;USTRZUSTAND
138390;11;11;11200513;2020;5;16;4;3;0;1;0;1;0;0;0;0;0;0
138391;11;10;10200422;2020;5;15;1;3;0;7;0;0;0;1;1;0;0;0
138392;11;8;8100417;2020;5;8;5;2;5;3;0;0;1;0;1;0;0;0
138393;11;9;9501838;2020;5;15;3;3;7;7;0;0;1;0;0;0;0;0
138394;11;7;7100204;2020;5;20;1;3;5;3;0;0;1;0;0;0;0;1
138395;11;7;7501029;2020;5;17;6;2;0;7;0;1;0;0;0;0;0;0
138396;11;11;11200410;2020;5;11;5;3;6;4;0;0;1;1;0;0;0;0
138397;11;11;11300826;2020;5;20;5;3;5;3;0;1;1;0;0;0;0;0
138398;11;2;2300315;2020;5;17;5;3;0;1;0;1;0;0;0;0;0;0
138399;11;12;12200309;2020;5;17;5;3;2;6;0;0;1;0;0;0;0;0
138400;11;3;3100103;2020;5;17;5;3;5;3;0;1;1;0;0;0;0;0
138401;11;1;1400937;2020;5;13;4;3;5;3;0;1;1;0;0;0;0;0
138402;11;6;6300632;2020;5;10;6;3;2;2;0;0;1;0;0;0;0;0
138403;11;6;6200314;2020;5;16;5;3;5;2;0;1;1;0;0;0;0;0
138404;11;1;1100206;2020;5;16;5;3;5;2;0;1;1;0;0;0;0;0
138405;11;4;4501149;2020;5;16;4;3;5;7;0;0;1;0;1;0;0;0
138406;11;3;3701555;2020;5;19;1;3;5;3;0;0;1;0;0;0;0;1
138407;11;8;8100311;2020;5;15;5;3;5;2;0;0;1;0;0;0;1;0
138408;11;7;7200308;2020;5;9;3;3;2;6;0;1;1;0;0;0;0;0
138409;11;1;1100102;2020;5;19;1;3;2;2;0;0;1;0;0;0;0;1
138410;11;6;6400840;2020;5;8;6;3;0;3;0;0;0;0;0;0;1;0
138411;11;9;9300920;2020;5;15;5;3;2;6;0;0;1;0;1;0;0;0
138412;11;1;1200626;2020;5;15;5;3;2;6;0;0;1;0;1;0;0;0
138413;11;4;4100101;2020;5;15;5;2;3;6;0;0;1;0;1;0;0;0
138414;11;5;5300735;2020;5;15;5;3;5;2;0;0;1;0;0;0;0;0
138415;11;5;5300735;2020;5;12;4;3;5;3;0;0;1;0;0;0;0;0
138416;11;7;7400927;2020;5;18;1;3;5;3;0;0;1;0;0;0;0;1
138417;11;2;2500831;2020;5;13;1;3;4;6;0;1;1;0;0;0;1;0
138418;11;9;9300920;2020;5;14;5;3;5;3;0;1;1;0;0;0;0;0
138419;11;1;1100205;2020;5;17;2;2;6;4;0;0;1;1;0;0;0;1
138420;11;1;1100104;2020;5;13;2;3;5;2;0;0;1;1;0;0;0;1
138421;11;7;7400823;2020;5;13;5;3;5;3;0;1;1;0;0;0;0;0
138422;11;12;12200412;2020;5;17;1;3;5;7;0;0;1;0;0;0;0;0
138423;11;9;9301025;2020;5;14;6;3;5;3;0;0;1;0;0;0;0;0
138424;11;2;2500729;2020;5;17;1;3;1;5;0;1;1;0;0;0;0;0
138425;11;5;5300839;2020;5;15;1;3;3;6;0;1;0;0;0;0;0;0
138426;11;3;3200204;2020;5;20;5;3;5;2;2;0;1;0;0;0;0;0
138427;11;8;8100103;2020;5;0;3;3;1;5;2;0;1;0;0;0;0;0
138428;11;10;10300731;2020;5;19;5;3;2;6;0;0;1;0;0;0;0;0
138429;11;5;5100208;2020;5;16;1;3;5;3;0;0;1;0;0;0;0;0
138430;11;7;7100206;2020;5;7;6;3;5;2;0;1;0;0;0;0;0;0
138431;11;12;12601031;2020;5;18;5;3;1;5;0;1;1;0;0;0;0;0
138432;11;1;1400942;2020;5;18;5;3;6;2;0;0;1;1;0;0;0;0
138433;11;12;12500926;2020;5;13;5;3;2;6;0;0;1;0;0;0;0;0
138434;11;2;2500834;2020;5;13;5;3;1;5;0;1;0;0;0;0;1;0
138435;11;9;9501941;2020;5;7;4;3;5;3;0;0;1;0;1;0;0;1
138436;11;7;7400720;2020;5;16;1;3;5;3;0;1;1;0;0;0;0;0
138437;11;1;1300733;2020;5;20;7;3;1;5;1;1;1;0;0;0;0;0
138438;11;2;2200208;2020;5;13;5;3;5;2;0;1;1;0;0;0;0;0
138439;11;5;5200420;2020;5;12;2;3;0;7;0;0;0;0;1;0;0;1
138440;11;11;11400931;2020;5;11;2;3;5;2;0;1;1;0;0;0;0;1
138441;11;12;12500927;2020;5;13;5;2;4;6;0;0;1;0;1;0;0;0
138442;11;7;7400721;2020;5;13;6;3;5;3;0;1;1;0;0;0;0;0
138443;11;12;12500824;2020;5;12;5;3;2;2;0;0;1;0;0;0;0;0
138444;11;2;2200208;2020;5;8;5;3;5;2;0;1;1;0;0;0;0;0
138445;11;3;3601243;2020;5;14;1;2;5;3;0;1;0;0;0;0;0;0
138446;11;10;10200422;2020;5;6;5;2;6;4;0;0;1;1;0;0;0;0
138447;11;11;11400931;2020;5;12;5;3;5;2;0;0;1;0;0;0;0;0
138448;11;9;9200716;2020;5;11;5;3;5;3;0;1;1;0;0;0;0;0
138449;11;2;2100102;2020;5;14;5;3;1;5;0;1;1;0;0;0;0;0
138450;11;6;6300528;2020;5;10;5;2;0;6;0;1;1;0;0;0;0;0
138451;11;7;7300517;2020;5;10;3;3;5;2;0;1;1;0;0;0;0;0
138452;11;5;5100316;2020;5;12;1;3;3;6;0;0;1;0;0;0;0;0
138453;11;7;7601340;2020;5;18;7;3;5;2;0;1;1;0;0;0;0;0
138454;11;9;9100101;2020;5;10;5;3;5;3;0;1;1;0;0;0;0;0
138455;11;5;5100103;2020;5;16;2;3;2;6;0;0;1;0;0;0;0;1
138456;11;7;7601546;2020;5;9;2;3;2;2;0;0;1;0;0;0;0;1
138457;11;5;5100316;2020;5;7;5;2;5;3;0;0;1;0;1;0;0;0
138458;11;12;12400618;2020;5;11;6;3;5;2;0;1;1;0;0;0;0;0
138459;11;6;6100207;2020;5;7;5;2;5;2;0;1;0;0;0;0;1;0
138460;11;10;10300731;2020;5;14;4;3;6;7;0;1;0;1;0;0;0;0
138461;11;11;11501340;2020;5;12;1;2;0;1;0;1;0;0;0;0;0;0
138462;11;11;11300722;2020;5;22;4;3;5;3;2;0;1;0;0;0;0;0
138463;11;6;6300528;2020;5;9;1;3;1;5;0;1;1;0;0;0;0;0
138464;11;7;7400927;2020;5;14;4;3;5;2;0;0;0;0;1;0;1;0
138465;11;1;1100309;2020;5;10;3;3;1;5;0;1;0;0;0;0;1;0
138466;11;2;2400623;2020;5;9;1;3;5;3;0;1;1;0;0;0;0;0
138467;11;3;3701657;2020;5;7;6;2;0;6;0;1;1;0;0;0;0;0
138468;11;8;8200623;2020;5;14;4;3;5;7;0;0;1;0;1;0;0;0
138469;11;8;8301036;2020;5;8;1;3;5;3;0;1;1;0;0;0;0;0
138470;11;8;8100311;2020;5;14;4;3;5;3;0;1;1;0;0;0;0;0
138471;11;1;1300836;2020;5;18;3;3;1;7;0;0;1;0;0;0;0;0
138472;11;5;5100315;2020;5;21;7;2;6;4;2;0;1;1;0;0;0;0
138473;11;1;1100416;2020;5;19;6;3;0;1;0;1;0;0;0;0;0;0
138474;11;9;9100408;2020;5;13;4;3;5;2;0;0;1;0;0;0;0;0
138475;11;10;10300731;2020;5;12;4;3;2;6;0;0;1;0;0;0;0;0
138476;11;7;7300619;2020;5;21;5;3;0;1;2;0;0;0;1;0;0;0
138477;11;4;4200308;2020;5;12;4;3;5;3;0;0;1;0;0;0;0;0
138478;11;6;6100205;2020;5;11;4;2;2;6;0;0;1;0;1;0;0;0
138479;11;11;11200411;2020;5;15;4;3;2;6;0;0;1;0;0;1;0;0
138480;11;11;11401137;2020;5;17;7;2;8;1;0;1;0;0;1;0;0;0
138481;11;7;7100102;2020;5;9;4;3;5;2;0;0;0;0;1;0;1;0
138482;11;2;2300315;2020;5;7;3;3;1;5;0;1;0;0;0;1;0;0
138483;11;8;8401243;2020;5;12;7;3;5;2;0;1;1;0;0;0;0;0
138484;11;3;3601244;2020;5;7;6;3;5;2;0;1;0;0;0;0;0;0
138485;11;3;3500935;2020;5;9;4;3;5;2;0;0;1;0;0;0;0;0
138486;11;2;2100102;2020;5;8;4;3;1;5;0;1;1;0;0;0;0;0
138487;11;5;5200420;2020;5;14;5;3;4;7;0;1;0;0;0;0;1;0
138488;11;9;9300920;2020;5;6;4;3;1;5;0;0;1;0;1;0;0;0
138489;11;7;7601340;2020;5;17;5;3;2;3;0;0;1;0;0;0;0;0
138490;11;6;6400841;2020;5;12;4;3;5;3;0;0;1;0;0;0;0;0
138491;11;7;7200409;2020;5;21;4;3;0;5;2;1;1;0;0;0;0;0
138492;11;12;12200309;2020;5;14;4;3;0;2;0;0;0;0;0;0;1;0
138493;11;3;3200309;2020;5;11;7;3;5;3;0;0;1;0;0;0;0;0
138494;11;3;3200204;2020;5;13;1;3;5;2;0;1;0;0;0;0;0;0
138495;11;4;4300619;2020;5;20;4;3;5;3;0;0;1;0;0;0;0;0
138496;11;10;10400938;2020;5;20;2;3;5;3;1;0;1;0;0;0;0;0
138497;11;2;2500833;2020;5;18;4;3;1;1;0;1;1;0;0;0;0;0
138498;11;5;5100316;2020;5;11;7;3;2;6;0;0;1;0;0;0;0;0
138499;11;12;12200309;2020;5;15;6;3;5;3;0;0;1;0;1;0;0;0
138500;11;2;2500727;2020;5;17;4;3;5;2;0;1;1;0;0;0;0;0
138501;11;3;3400831;2020;5;17;4;3;5;2;0;1;1;0;0;0;0;0
138502;11;3;3500934;2020;5;12;5;3;2;6;0;0;1;0;0;0;0;0
138503;11;1;1200520;2020;5;16;4;3;5;3;0;0;1;0;0;0;0;0
138504;11;2;2400521;2020;5;13;4;3;0;2;0;1;1;0;0;0;0;0
138505;11;12;12200309;2020;5;10;7;3;3;6;0;0;0;0;1;0;1;0
138506;11;1;1100312;2020;5;0;7;3;0;1;2;1;0;0;0;0;0;0
138507;11;4;4500937;2020;5;16;4;3;1;5;0;1;1;0;0;0;0;0
138508;11;6;6400737;2020;5;16;2;3;5;3;0;0;1;0;0;0;0;1
138509;11;2;2200213;2020;5;9;2;3;0;2;0;1;1;0;0;0;0;1
138510;11;2;2200208;2020;5;9;3;3;0;7;0;1;0;0;0;0;0;0
138511;11;4;4100101;2020;5;11;4;3;2;2;0;0;1;0;0;0;0;0
138512;11;6;6300633;2020;5;19;7;3;1;5;0;0;1;0;0;0;0;0
138513;11;6;6400843;2020;5;12;7;3;1;5;0;0;1;0;0;0;0;0
138514;11;10;10300733;2020;5;21;3;3;2;3;1;1;1;0;0;0;0;1
138515;11;7;7400825;2020;5;16;2;3;2;6;0;0;1;0;0;0;0;1
138516;11;3;3500936;2020;5;11;2;3;2;6;0;0;1;0;0;0;0;1
138517;11;7;7200414;2020;5;19;3;3;2;6;0;1;1;0;0;0;0;1
138518;11;4;4200309;2020;5;14;6;2;2;6;0;0;1;0;1;0;0;0
138519;11;1;1100103;2020;5;17;3;3;5;3;0;0;1;0;0;0;0;0
138520;11;9;9200819;2020;5;10;3;2;6;4;0;0;1;1;0;0;0;0
138521;11;4;4501147;2020;5;10;5;3;3;6;0;1;0;0;0;0;0;0
138522;11;11;11300722;2020;5;8;2;3;5;3;0;0;1;0;0;0;0;0
138523;11;12;12400720;2020;5;10;3;2;5;3;0;1;1;0;0;0;0;0
138524;11;2;2300314;2020;5;16;3;3;5;2;0;1;1;0;0;0;0;0
138525;11;1;1100309;2020;5;19;7;3;3;6;0;1;0;0;1;0;0;0
138526;11;2;2500832;2020;5;17;7;3;2;6;0;1;1;0;0;0;0;0
138527;11;1;1401048;2020;5;9;3;3;2;3;0;0;1;0;0;0;1;0
138528;11;4;4500938;2020;5;16;2;3;5;2;0;1;1;0;0;0;0;1
138529;11;7;7501030;2020;5;8;3;3;5;2;0;0;1;0;0;0;0;0
138530;11;6;6200420;2020;5;10;6;2;5;3;0;0;1;0;0;0;0;0
138531;11;3;3601141;2020;5;7;2;3;5;2;0;1;1;0;0;0;0;1
138532;11;1;1100311;2020;5;5;3;3;2;6;1;0;1;0;0;0;0;0
138533;11;8;8100310;2020;5;17;3;3;2;6;0;1;1;0;0;0;0;1
138534;11;6;6100101;2020;5;16;3;3;6;4;0;0;1;1;0;0;0;1
138535;11;2;2500833;2020;5;13;6;3;5;3;0;0;1;0;0;0;0;0
138536;11;4;4100101;2020;5;6;2;3;5;2;1;0;1;0;0;1;1;1
138537;11;6;6100205;2020;5;16;3;3;2;6;0;0;1;0;1;0;0;1
138538;11;9;9501940;2020;5;15;3;3;5;2;0;1;1;0;0;0;0;1
138539;11;9;9301126;2020;5;18;7;3;3;6;0;1;1;0;0;0;0;0
138540;11;10;10100102;2020;5;10;5;3;5;3;0;1;1;0;0;0;0;0
138541;11;6;6200421;2020;5;17;7;3;2;6;0;0;1;0;0;0;0;0
138542;11;4;4300622;2020;5;15;3;2;2;6;0;0;1;0;0;0;1;0
138543;11;2;2500830;2020;5;17;3;3;1;5;0;1;1;0;0;0;0;0
138544;11;6;6400737;2020;5;17;7;2;5;2;0;1;1;0;0;0;0;0
138545;11;7;7100103;2020;5;22;6;3;1;5;2;1;1;0;0;0;0;0
138546;11;5;5100313;2020;5;14;3;3;2;6;0;0;1;0;0;0;0;0
138547;11;4;4500939;2020;5;14;3;3;2;6;0;1;1;0;0;0;0;1
138548;11;7;7100102;2020;5;15;5;3;0;2;0;1;1;0;0;0;0;0
138549;11;3;3601450;2020;5;11;2;3;5;3;0;0;1;0;0;0;0;1
138550;11;3;3200308;2020;5;14;3;3;5;3;0;0;1;0;0;0;0;1
138551;11;4;4200308;2020;5;14;3;3;6;6;0;1;0;1;0;0;0;0
138552;11;11;11200411;2020;5;14;4;3;2;6;0;0;1;0;0;0;0;0
138553;11;3;3400724;2020;5;17;7;3;5;2;0;1;1;0;0;0;0;0
138554;11;12;12400617;2020;5;16;1;3;5;7;0;1;0;0;0;0;1;0
138555;11;6;6100209;2020;5;12;3;3;0;3;0;0;1;0;1;0;0;0
138556;11;6;6200313;2020;5;6;3;3;5;2;2;1;0;0;0;0;1;0
138557;11;1;1100312;2020;5;19;4;2;0;6;0;0;1;0;1;0;0;0
138558;11;2;2100102;2020;5;17;7;3;0;7;0;1;0;0;0;0;0;0
138559;11;4;4400727;2020;5;12;3;3;6;7;0;0;1;1;0;0;0;0
138560;11;9;9200614;2020;5;10;3;1;6;4;0;0;1;1;0;0;0;0
138561;11;7;7400823;2020;5;17;7;3;5;3;0;0;1;0;0;0;0;0
138562;11;1;1400937;2020;5;9;6;2;2;7;0;0;1;0;0;0;1;0
138563;11;6;6200312;2020;5;11;3;3;2;6;0;0;1;0;0;0;0;0
138564;11;8;8100418;2020;5;10;2;3;5;3;0;1;1;0;0;0;0;0
138565;11;2;2400521;2020;5;15;5;3;5;2;0;1;1;0;0;0;0;0
138566;11;8;8200725;2020;5;20;2;2;0;1;1;0;0;0;1;0;0;1
138567;11;8;8100102;2020;5;16;2;2;6;4;0;1;0;1;0;0;0;1
138568;11;4;4300517;2020;5;16;2;2;5;2;0;0;1;0;1;0;0;1
138569;11;7;7300517;2020;5;12;4;2;0;4;0;1;0;1;0;0;0;0
138570;11;8;8100104;2020;5;16;7;3;2;2;0;0;1;0;0;0;0;0
138571;11;8;8401139;2020;5;13;1;2;5;2;0;0;1;0;1;0;0;0
138572;11;12;12500928;2020;5;15;2;3;5;2;0;0;1;0;0;0;0;0
138573;11;2;2200213;2020;5;15;2;3;2;6;0;0;1;0;1;0;0;1
138574;11;1;1400938;2020;5;13;2;3;5;2;0;1;1;0;0;0;0;1
138575;11;4;4400727;2020;5;15;2;3;0;6;0;0;1;0;1;0;0;1
138576;11;3;3601450;2020;5;15;7;3;6;4;0;0;0;1;0;0;1;0
138577;11;12;12500825;2020;5;14;6;3;1;5;0;0;1;0;1;0;0;0
138578;11;1;1300836;2020;5;15;2;3;0;2;0;0;0;0;1;0;1;1
138579;11;8;8100102;2020;5;14;2;3;6;4;0;0;0;1;1;0;0;1
138580;11;3;3100101;2020;5;11;5;3;4;6;0;0;1;0;0;0;0;0
138581;11;10;10200417;2020;5;13;2;2;6;4;0;0;0;1;0;0;1;0
138582;11;4;4400835;2020;5;13;7;3;1;1;0;1;1;0;0;0;0;0
138583;11;1;1400937;2020;5;18;6;3;0;2;0;1;1;0;0;0;0;0
138584;11;1;1401045;2020;5;13;2;3;6;4;0;0;0;1;1;0;0;1
138585;11;1;1400939;2020;5;12;2;3;2;6;0;0;1;0;0;0;0;1
138586;11;1;1100206;2020;5;13;5;3;1;5;0;1;1;0;0;0;0;0
138587;11;2;2200211;2020;5;11;2;3;5;2;0;1;1;0;0;0;0;1
138588;11;9;9502043;2020;5;10;4;3;1;5;0;1;1;0;0;0;0;0
138589;11;11;11501340;2020;5;15;7;3;0;7;0;1;1;0;0;0;0;0
138590;11;5;5200420;2020;5;23;7;2;1;1;2;0;1;0;0;0;0;0
138591;11;12;12200309;2020;5;11;2;3;0;1;0;0;0;0;1;0;0;1
138592;11;4;4200309;2020;5;15;2;3;2;6;0;0;1;0;0;0;0;1
138593;11;4;4200311;2020;5;11;2;3;5;2;0;0;1;0;0;0;1;1
138594;11;1;1300731;2020;5;22;2;3;5;2;2;0;1;0;1;0;0;0
138595;11;2;2400521;2020;5;18;6;3;5;2;0;1;1;0;0;0;0;0
138596;11;11;11200411;2020;5;12;2;3;6;2;0;0;1;1;0;0;0;1
138597;11;4;4300624;2020;5;19;2;3;2;6;0;0;1;0;0;0;0;1
138598;11;10;10200420;2020;5;17;2;3;5;2;0;1;1;0;0;0;0;0
138599;11;9;9100203;2020;5;9;5;3;2;6;0;0;1;0;0;1;0;0
138600;11;7;7100101;2020;5;20;2;3;0;1;1;0;0;0;1;0;0;1
138601;11;1;1100102;2020;5;16;2;1;8;1;0;1;0;0;0;0;0;0
138602;11;4;4300623;2020;5;18;3;3;2;6;0;0;1;0;0;0;0;0
138603;11;1;1300733;2020;5;16;2;3;5;2;0;1;1;0;0;0;0;0
138604;11;9;9301126;2020;5;7;3;3;6;4;0;1;0;1;0;0;0;0
138605;11;2;2200207;2020;5;20;7;3;5;2;1;1;1;0;0;0;0;0
138606;11;3;3200309;2020;5;18;7;2;8;1;0;0;0;0;1;0;0;0
138607;11;3;3400830;2020;5;16;2;2;6;4;0;0;1;1;0;0;0;1
138608;11;9;9501939;2020;5;15;2;3;5;3;0;0;1;0;0;0;0;1
138609;11;7;7100205;2020;5;8;2;3;0;1;0;0;0;0;1;0;0;1
138610;11;11;11300618;2020;5;10;2;3;5;2;0;1;1;0;0;0;0;1
138611;11;12;12400721;2020;5;12;6;3;6;4;0;0;1;1;0;0;0;0
138612;11;1;1100207;2020;5;9;2;3;1;5;0;1;1;0;0;0;0;0
138613;11;3;3601245;2020;5;8;2;3;0;7;0;1;0;0;0;0;0;0
138614;11;1;1400938;2020;5;20;7;2;6;4;0;0;0;1;1;0;0;0
138615;11;4;4501042;2020;5;22;4;3;1;5;2;0;1;0;0;0;0;0
138616;11;2;2300315;2020;5;13;7;2;0;1;0;1;0;0;0;0;0;0
138617;11;2;2500835;2020;5;8;2;3;2;6;0;0;1;0;0;0;1;1
138618;11;7;7601547;2020;5;14;3;3;1;5;0;1;1;0;0;0;0;0
138619;11;1;1200520;2020;5;18;7;3;3;6;0;1;1;0;0;0;0;0
138620;11;8;8200727;2020;5;10;6;3;5;2;0;1;1;0;0;0;0;0
138621;11;8;8401243;2020;5;8;2;3;0;4;0;0;1;1;0;0;0;0
138622;11;12;12200412;2020;5;13;1;3;2;6;0;0;1;0;0;0;0;0
138623;11;6;6400844;2020;5;18;5;3;2;6;0;0;1;0;0;0;0;0
138624;11;8;8100521;2020;5;19;2;3;6;4;0;0;1;1;0;0;0;1
138625;11;6;6200312;2020;5;17;1;3;6;4;0;0;1;1;0;0;0;0
138626;11;8;8100209;2020;5;15;7;3;0;3;0;0;1;0;1;0;0;0
138627;11;11;11400931;2020;5;17;6;3;4;6;0;1;0;0;0;0;0;0
138628;11;5;5100211;2020;5;16;1;3;5;3;0;0;1;0;0;0;0;0
138629;11;1;1400942;2020;5;15;1;3;6;4;0;0;1;1;0;0;0;0
138630;11;10;10100104;2020;5;19;5;3;1;5;0;0;1;0;1;0;0;0
138631;11;6;6100205;2020;5;11;1;3;2;2;0;1;1;0;0;0;0;0
138632;11;2;2300316;2020;5;0;1;3;5;3;2;0;1;0;0;0;0;1
138633;11;10;10300731;2020;5;16;4;3;5;3;0;0;1;0;0;0;1;0
138634;11;5;5200528;2020;5;13;7;3;5;2;0;1;1;0;0;0;0;0
138635;11;2;2300316;2020;5;13;1;3;5;2;0;1;1;0;0;0;0;0
138636;11;6;6200311;2020;5;8;3;2;0;6;0;0;0;0;0;1;1;0
138637;11;4;4300416;2020;5;16;6;3;6;6;0;1;0;1;0;0;0;0
138638;11;8;8100419;2020;5;19;6;3;5;7;0;0;1;0;0;0;0;0
138639;11;5;5200420;2020;5;13;1;3;1;5;0;0;1;0;0;0;0;0
138640;11;6;6400843;2020;5;12;1;3;0;1;0;1;0;0;0;0;0;0
138641;11;5;5300839;2020;5;14;5;3;2;6;0;0;1;0;0;0;0;0
138642;11;5;5200420;2020;5;11;1;3;5;3;0;1;1;0;0;0;0;0
138643;11;8;8401243;2020;5;12;4;2;6;4;0;0;1;1;0;0;0;0
138644;11;12;12601235;2020;5;22;6;3;0;7;2;1;0;0;0;0;0;0
138645;11;7;7300517;2020;5;9;7;2;5;2;0;1;1;0;0;0;0;0
138646;11;9;9501737;2020;5;7;1;3;9;1;0;0;1;0;0;0;0;0
138647;11;6;6100208;2020;5;15;4;3;6;4;0;1;0;1;0;0;0;0
138648;11;12;12200310;2020;5;19;6;3;2;2;0;0;1;0;0;0;1;0
138649;11;2;2100104;2020;5;14;1;3;5;3;0;1;1;0;0;0;0;0
138650;11;8;8100314;2020;5;22;7;2;5;3;2;0;1;0;0;0;1;1
138651;11;4;4300619;2020;5;16;2;3;5;3;0;0;1;0;1;0;0;1
138652;11;3;3601245;2020;5;21;7;3;5;3;2;1;1;0;0;0;0;1
138653;11;2;2100101;2020;5;15;6;3;3;6;0;0;1;0;1;0;0;0
138654;11;1;1100308;2020;5;17;6;3;1;5;0;1;1;0;0;0;0;0
138655;11;7;7300517;2020;5;12;7;3;5;3;0;0;1;0;0;0;0;1
138656;11;1;1300835;2020;5;16;7;3;2;6;0;0;1;0;0;0;0;0
138657;11;6;6300524;2020;5;12;5;3;2;2;0;0;1;0;1;0;0;0
138658;11;1;1400937;2020;5;19;2;3;5;2;0;0;1;0;0;0;0;1
138659;11;8;8100104;2020;5;13;7;3;1;5;0;1;1;0;0;0;0;0
138660;11;1;1100101;2020;5;7;4;3;0;2;0;1;1;0;0;0;0;0
138661;11;2;2200208;2020;5;22;6;3;0;1;2;1;0;0;0;0;0;0
138662;11;10;10300731;2020;5;18;7;2;5;3;1;0;1;0;0;0;1;0
138663;11;9;9501939;2020;5;13;7;3;2;6;0;0;1;0;0;0;0;0
138664;11;1;1100313;2020;5;14;2;3;5;3;0;1;1;0;0;0;0;1
138665;11;3;3300514;2020;5;10;2;3;0;7;0;0;1;0;0;0;0;1
138666;11;2;2100104;2020;5;12;7;3;5;3;0;1;1;0;0;0;0;1
138667;11;11;11200514;2020;5;13;6;2;5;3;0;0;1;0;1;0;0;0
138668;11;6;6200422;2020;5;12;7;3;6;7;0;1;0;1;0;0;0;0
138669;11;11;11401135;2020;5;9;7;3;0;3;0;1;0;0;0;0;1;0
138670;11;7;7601236;2020;5;14;2;3;0;1;0;0;0;0;1;0;0;1
138671;11;12;12200515;2020;5;10;2;2;6;2;0;0;1;1;0;0;0;1
138672;11;10;10100311;2020;5;13;7;3;2;6;0;0;1;0;0;0;0;1
138673;11;12;12200515;2020;5;7;6;3;5;2;0;1;0;0;0;1;0;0
138674;11;3;3601348;2020;5;14;7;3;0;6;0;0;1;0;1;0;0;1
138675;11;7;7200308;2020;5;11;7;2;5;3;0;0;1;0;0;0;0;1
138676;11;1;1100310;2020;5;14;5;3;0;1;0;1;0;0;0;0;0;0
138677;11;9;9200715;2020;5;15;7;3;2;6;0;0;1;0;0;0;0;1
138678;11;6;6300525;2020;5;13;3;3;5;3;0;1;1;0;0;0;0;0
138679;11;5;5100313;2020;5;21;6;3;2;7;2;0;1;0;0;0;0;0
138680;11;2;2200210;2020;5;17;7;3;2;6;0;1;0;0;0;0;0;0
138681;11;7;7400927;2020;5;16;7;3;2;2;0;0;1;0;0;0;0;1
138682;11;9;9501939;2020;5;18;1;3;0;2;0;1;1;0;0;0;0;0
138683;11;5;5200423;2020;5;16;7;3;2;6;0;0;1;0;0;0;0;0
138684;11;3;3400826;2020;5;11;6;2;5;3;0;0;1;0;0;0;0;0
138685;11;10;10100316;2020;5;17;7;3;0;7;0;0;1;0;0;0;1;0
138686;11;7;7300619;2020;5;18;7;3;5;3;0;0;1;0;0;0;0;1
138687;11;8;8100415;2020;5;20;4;3;5;2;1;1;1;0;0;0;0;0
138688;11;5;5400944;2020;5;20;6;2;0;1;1;1;0;0;0;0;0;0
138689;11;3;3400618;2020;5;3;7;3;6;6;2;0;1;1;0;0;0;0
138690;11;9;9501940;2020;5;14;6;3;2;6;0;0;1;0;0;0;0;0
138691;11;11;11200411;2020;5;18;6;2;0;1;0;0;1;0;1;0;0;0
138692;11;12;12500927;2020;5;2;5;2;0;1;2;0;1;0;0;0;0;0
138693;11;4;4300518;2020;5;15;6;3;3;6;0;1;0;0;0;0;1;0
138694;11;7;7100103;2020;5;20;6;3;0;6;2;0;1;0;1;0;0;1
138695;11;7;7100102;2020;5;17;3;3;5;5;0;0;1;0;1;0;0;0
138696;11;5;5200423;2020;5;15;6;2;5;2;0;0;1;0;0;0;0;0
138697;11;12;12200309;2020;5;13;6;3;5;2;0;1;1;0;0;0;0;0
138698;11;9;9501737;2020;5;15;6;3;5;2;0;0;1;0;0;0;0;0
138699;11;9;9501939;2020;5;10;6;3;3;6;0;0;1;0;1;0;0;0
138700;11;1;1400939;2020;5;21;5;3;0;1;2;1;0;0;0;0;0;0
138701;11;3;3400620;2020;5;2;6;3;8;7;2;0;1;0;0;0;0;0
138702;11;11;11400927;2020;5;23;6;3;6;7;2;1;0;1;0;0;0;0
138703;11;5;5200629;2020;5;14;4;3;5;3;0;1;0;0;0;0;1;0
138704;11;5;5200634;2020;5;15;6;3;2;6;0;0;1;0;0;0;0;0
138705;11;9;9401534;2020;5;17;1;3;2;6;0;0;1;0;0;0;0;0
138706;11;6;6100102;2020;5;22;6;3;0;1;2;0;0;0;1;0;0;1
138707;11;8;8401242;2020;5;7;3;3;5;3;0;0;1;0;0;0;0;0
138708;11;8;8100417;2020;5;15;6;3;5;3;0;0;1;0;0;0;0;0
138709;11;2;2200212;2020;5;18;6;3;2;6;0;0;1;0;0;0;0;0
138710;11;3;3500932;2020;5;16;6;2;7;7;0;1;0;0;0;0;0;0
138711;11;5;5100317;2020;5;10;3;3;2;6;0;0;1;0;0;0;0;0
138712;11;9;9501736;2020;5;13;6;3;3;6;0;1;0;0;0;0;0;0
138713;11;9;9100304;2020;5;9;6;3;5;2;0;1;1;0;0;0;0;0
138714;11;7;7400928;2020;5;19;6;3;2;6;0;0;1;0;1;0;0;0
138715;11;1;1400939;2020;5;17;6;3;6;4;0;0;1;1;0;0;0;0
138716;11;6;6200421;2020;5;16;5;3;3;2;0;0;1;0;1;0;0;0
138717;11;6;6400737;2020;5;16;6;2;1;5;0;1;1;0;0;0;0;0
138718;11;6;6300524;2020;5;15;6;3;4;6;0;1;1;0;0;0;0;0
138719;11;12;12200309;2020;5;12;4;3;5;7;0;0;0;0;1;0;1;0