OBJECTID;LAND;BEZ;LOR_ab_2021;UJAHR;UMONAT;USTUNDE;UWOCHENTAG;UKATEGORIE;UART;UTYP1;ULICHTVERH;IstRad;IstPKW;IstFuss;IstKrad;IstGkfz;IstSonstige;USTRZUSTAND
138720;11;2;2500833;2020;5;12;6;3;0;7;0;0;1;0;1;0;0;1
138721;11;5;5300737;2020;5;13;1;3;0;5;0;0;1;0;1;0;0;0
138722;11;1;1401046;2020;5;14;6;3;6;4;0;0;1;1;0;0;0;0
138723;11;10;10200524;2020;5;14;2;3;6;4;0;0;1;1;0;0;0;0
138724;11;12;12200307;2020;5;13;6;3;5;2;0;1;1;0;0;0;0;0
138725;11;4;4200206;2020;5;12;6;3;5;2;0;1;1;0;0;0;0;0
138726;11;12;12500926;2020;5;14;6;3;0;1;0;0;0;0;1;0;0;0
138727;11;7;7400826;2020;5;4;6;2;9;1;2;0;1;0;0;0;0;0
138728;11;9;9501737;2020;5;11;6;2;0;1;0;1;0;0;0;0;0;0
138729;11;8;8200624;2020;5;12;5;3;2;6;0;0;1;0;0;0;1;0
138730;11;1;1401048;2020;5;17;6;2;0;1;0;0;0;0;1;0;0;0
138731;11;2;2400623;2020;5;19;3;3;5;2;0;1;1;0;0;0;0;0
138732;11;3;3200309;2020;4;9;5;3;6;7;0;0;1;1;0;0;0;1
138733;11;1;1300733;2020;5;14;5;3;2;6;0;0;0;0;0;0;1;0
138734;11;5;5100313;2020;4;14;5;3;2;6;0;0;1;0;0;0;0;1
138735;11;3;3601453;2020;5;10;4;3;5;3;0;0;1;0;0;0;0;0
138736;11;12;12200412;2020;5;11;6;3;5;3;0;1;1;0;0;0;0;0
138737;11;4;4300414;2020;5;2;7;3;1;5;2;1;1;0;0;0;0;0
138738;11;4;4500936;2020;4;14;5;3;5;2;0;1;1;0;0;0;0;1
138739;11;3;3200206;2020;5;21;1;3;5;3;2;0;1;0;0;0;1;0
138740;11;5;5100105;2020;5;11;2;2;7;7;0;0;1;0;0;0;0;1
138741;11;10;10300734;2020;4;15;5;2;5;3;0;1;1;0;0;0;0;0
138742;11;4;4300416;2020;5;14;6;2;5;2;0;1;1;0;0;0;0;0
138743;11;11;11100204;2020;5;17;2;2;6;4;0;0;0;1;0;0;1;1
138744;11;4;4501152;2020;4;15;5;3;2;6;0;0;1;0;1;0;0;1
138745;11;1;1100308;2020;4;15;5;3;5;3;0;1;1;0;0;0;0;1
138746;11;7;7100102;2020;5;10;5;3;6;7;0;0;0;1;0;1;0;0
138747;11;12;12200309;2020;5;17;2;3;5;2;0;1;0;0;0;0;1;0
138748;11;4;4501041;2020;4;15;5;3;5;3;0;1;1;0;0;0;0;1
138749;11;1;1400942;2020;5;19;3;3;2;2;0;0;1;0;0;0;0;0
138750;11;5;5100211;2020;5;11;6;2;0;6;0;0;1;0;1;0;0;0
138751;11;1;1300836;2020;5;12;7;3;2;6;0;0;1;0;0;0;1;0
138752;11;7;7601442;2020;4;15;5;2;5;2;0;0;1;0;0;0;0;1
138753;11;12;12200307;2020;4;14;5;3;2;2;0;0;1;0;0;0;0;1
138754;11;8;8100521;2020;5;15;3;3;3;6;0;0;1;1;0;1;0;0
138755;11;8;8100104;2020;5;16;5;3;6;4;0;0;1;1;0;0;0;0
138756;11;5;5300736;2020;5;20;3;3;6;4;1;0;1;1;0;0;0;0
138757;11;6;6200422;2020;5;10;4;2;5;3;0;1;1;0;0;0;0;0
138758;11;8;8200727;2020;5;12;2;3;5;3;0;0;1;0;0;0;0;1
138759;11;7;7601341;2020;5;16;4;3;0;1;0;1;0;0;0;0;0;0
138760;11;9;9100203;2020;5;16;4;3;5;3;0;0;0;0;1;0;0;0
138761;11;7;7601544;2020;5;18;7;2;0;7;0;1;0;0;0;0;0;0
138762;11;8;8100105;2020;5;15;3;3;1;7;0;0;1;1;0;0;0;0
138763;11;5;5200632;2020;5;13;7;2;3;6;0;0;1;0;0;0;0;0
138764;11;4;4300517;2020;5;19;3;2;5;2;0;1;1;0;0;0;0;0
138765;11;8;8200725;2020;5;15;3;3;2;6;0;1;1;0;0;0;0;0
138766;11;10;10200421;2020;5;16;6;2;6;4;0;0;1;1;0;0;0;0
138767;11;6;6200313;2020;5;18;5;3;3;6;0;1;1;0;0;0;0;0
138768;11;2;2400624;2020;5;14;3;3;2;2;0;0;1;0;1;0;0;0
138769;11;4;4501041;2020;5;16;2;3;0;4;0;1;0;1;0;0;0;0
138770;11;12;12100205;2020;5;13;5;3;5;3;0;1;1;0;0;0;0;0
138771;11;4;4501043;2020;5;16;4;3;5;2;0;1;1;0;0;0;0;0
138772;11;5;5100105;2020;5;22;1;3;5;3;2;0;1;0;0;0;0;1
138773;11;7;7400721;2020;5;7;4;3;0;7;0;0;1;0;0;0;1;0
138774;11;9;9401534;2020;5;12;7;3;2;6;0;0;1;0;0;0;0;0
138775;11;3;3300516;2020;5;0;6;3;0;1;2;1;0;0;0;0;0;0
138776;11;9;9200510;2020;5;15;3;3;8;7;0;1;1;0;0;0;0;0
138777;11;11;11501340;2020;5;10;2;3;0;6;0;1;1;0;0;0;0;0
138778;11;5;5100208;2020;5;14;4;2;5;7;0;0;1;0;1;0;0;0
138779;11;10;10400941;2020;5;16;7;3;5;3;0;0;1;0;0;0;0;0
138780;11;8;8200726;2020;5;1;7;3;2;6;2;0;1;0;0;0;0;1
138781;11;11;11300722;2020;5;17;3;3;2;6;0;0;1;0;0;0;0;0
138782;11;12;12200307;2020;5;15;3;3;0;7;0;0;0;0;1;0;1;1
138783;11;6;6300633;2020;5;14;6;3;5;2;0;1;1;0;0;0;0;0
138784;11;5;5200633;2020;5;14;5;3;5;2;0;0;1;0;0;0;0;0
138785;11;7;7200409;2020;5;12;7;3;0;6;0;1;0;0;0;0;0;0
138786;11;4;4100101;2020;5;14;3;3;5;3;0;0;1;0;0;0;0;0
138787;11;1;1200628;2020;5;17;2;3;6;4;0;1;0;1;0;0;0;0
138788;11;1;1400938;2020;5;12;5;3;2;3;0;0;1;0;1;0;0;0
138789;11;5;5200420;2020;5;16;4;3;2;6;0;0;1;0;0;0;0;0
138790;11;7;7601544;2020;5;13;1;3;4;1;0;0;1;0;0;0;0;1
138791;11;9;9301228;2020;5;16;4;2;0;7;0;0;1;0;0;1;0;0
138792;11;6;6100206;2020;5;8;6;2;2;6;0;1;0;0;0;0;0;0
138793;11;4;4100101;2020;5;18;6;3;5;2;0;0;1;0;0;0;0;0
138794;11;4;4501044;2020;5;14;3;3;5;3;0;1;1;0;0;0;0;0
138795;11;8;8200623;2020;5;14;3;3;0;2;0;1;1;0;0;0;0;0
138796;11;8;8100521;2020;5;10;5;3;5;7;0;0;1;0;0;0;0;0
138797;11;1;1100313;2020;5;20;3;3;2;2;0;0;1;0;0;0;0;0
138798;11;9;9502043;2020;5;10;4;2;5;3;0;1;1;0;0;0;0;0
138799;11;12;12200307;2020;5;14;3;3;0;7;0;0;0;0;1;0;1;1
138800;11;10;10100312;2020;5;15;2;3;2;6;0;0;1;0;0;0;0;1
138801;11;4;4501153;2020;5;20;4;3;5;3;1;0;1;0;1;0;0;0
138802;11;1;1401046;2020;5;12;3;3;2;6;0;0;1;0;0;0;1;0
138803;11;4;4300623;2020;5;12;5;2;1;5;0;1;1;0;0;0;0;0
138804;11;1;1100308;2020;5;10;5;3;0;1;0;0;0;0;1;0;0;0
138805;11;2;2500833;2020;5;18;7;3;5;7;0;0;1;0;1;0;0;0
138806;11;3;3400620;2020;5;11;3;3;6;7;0;0;1;1;0;0;0;0
138807;11;4;4500938;2020;5;8;2;3;6;2;0;0;1;1;0;0;0;0
138808;11;4;4100101;2020;5;8;5;3;5;2;0;0;1;0;0;0;1;0
138809;11;3;3400618;2020;5;16;4;2;6;4;0;0;1;1;0;0;0;0
138810;11;7;7200411;2020;5;0;7;2;6;4;2;0;1;1;0;0;0;1
138811;11;9;9401534;2020;5;14;4;3;5;3;0;0;1;0;0;1;0;0
138812;11;12;12200414;2020;5;11;6;3;2;6;0;0;1;0;0;0;0;0
138813;11;1;1401047;2020;5;21;6;3;2;6;1;0;1;0;0;0;0;1
138814;11;12;12601236;2020;5;10;3;3;0;3;0;0;1;0;1;0;0;0
138815;11;5;5400942;2020;5;9;3;3;1;6;0;1;1;0;0;0;1;0
138816;11;7;7400826;2020;5;5;5;2;0;6;0;0;1;0;1;0;0;0
138817;11;10;10200628;2020;5;20;3;3;5;3;0;1;1;0;0;0;0;0
138818;11;8;8100102;2020;5;17;4;3;5;3;0;1;1;0;0;0;0;0
138819;11;1;1100311;2020;5;13;2;3;2;6;0;0;1;0;0;0;1;1
138820;11;11;11300724;2020;5;17;4;3;2;6;0;0;1;0;1;0;0;0
138821;11;3;3300516;2020;5;14;4;3;5;3;0;1;1;0;0;0;0;0
138822;11;4;4100101;2020;5;9;3;3;5;2;0;0;1;0;0;0;0;0
138823;11;10;10400938;2020;5;13;7;3;2;6;0;0;1;0;0;0;0;0
138824;11;2;2200210;2020;5;20;3;3;5;3;0;0;1;0;0;0;0;0
138825;11;6;6400838;2020;5;15;4;3;5;2;0;1;1;0;0;0;0;0
138826;11;1;1100313;2020;5;19;7;3;3;6;0;1;1;0;0;0;0;0
138827;11;7;7100102;2020;5;11;4;3;5;7;0;0;1;0;0;0;0;0
138828;11;6;6400737;2020;5;7;6;2;5;2;0;1;1;0;0;0;0;0
138829;11;10;10100206;2020;5;16;6;3;5;2;0;1;0;0;0;0;1;0
138830;11;10;10100210;2020;5;13;3;3;5;3;0;1;1;0;0;0;0;0
138831;11;4;4300620;2020;5;8;3;3;5;2;0;1;0;0;0;0;0;0
138832;11;10;10100312;2020;5;16;5;3;5;2;0;1;1;0;0;0;0;0
138833;11;3;3200205;2020;5;19;3;3;5;3;0;1;1;0;0;0;0;0
138834;11;12;12500929;2020;5;10;4;3;5;3;0;1;1;0;0;0;0;0
138835;11;10;10100209;2020;5;11;2;3;2;6;0;0;1;0;0;0;0;0
138836;11;9;9200819;2020;5;16;4;3;5;3;0;1;0;0;0;0;1;0
138837;11;11;11300722;2020;5;17;7;3;5;2;0;1;1;0;0;0;0;0
138838;11;2;2200209;2020;5;8;3;3;5;7;0;0;1;0;1;0;0;0
138839;11;3;3400725;2020;5;11;7;3;5;3;0;0;1;0;1;0;0;0
138840;11;11;11300826;2020;5;18;3;3;9;1;0;0;1;0;1;0;0;0
138841;11;8;8401242;2020;5;7;3;3;5;3;0;1;1;0;0;0;0;0
138842;11;2;2200208;2020;5;15;6;3;5;3;0;1;1;0;0;0;0;0
138843;11;6;6400838;2020;5;17;5;2;0;1;0;0;0;0;1;0;0;0
138844;11;1;1100313;2020;5;23;7;3;5;3;2;0;1;0;0;0;0;0
138845;11;12;12500825;2020;5;6;3;3;1;5;0;1;1;0;0;0;0;0
138846;11;4;4501040;2020;5;20;2;3;1;5;1;1;1;0;0;0;0;0
138847;11;5;5400944;2020;5;12;5;3;2;6;0;0;1;0;0;0;0;0
138848;11;8;8200833;2020;5;6;3;2;3;5;0;0;1;0;1;0;0;0
138849;11;9;9100407;2020;5;20;6;3;5;3;0;0;1;0;0;0;0;0
138850;11;9;9501838;2020;5;22;5;3;0;1;2;1;0;0;0;0;0;0
138851;11;10;10200418;2020;5;6;3;3;0;3;1;0;1;0;1;0;0;0
138852;11;6;6100103;2020;5;7;3;3;5;3;0;1;1;0;0;0;0;0
138853;11;6;6300629;2020;5;14;5;2;3;6;0;1;0;0;0;0;0;0
138854;11;8;8200624;2020;5;8;4;3;2;6;0;0;1;0;0;0;0;0
138855;11;1;1300733;2020;5;9;2;3;2;6;0;1;0;0;0;0;0;0
138856;11;2;2300315;2020;5;8;4;3;5;2;0;1;1;0;0;0;0;0
138857;11;1;1100416;2020;5;14;7;3;1;5;0;1;1;0;0;0;0;0
138858;11;6;6200423;2020;5;11;6;3;0;4;0;1;0;1;0;0;0;0
138859;11;4;4500939;2020;5;15;3;3;5;2;0;1;1;0;0;0;0;0
138860;11;7;7601340;2020;5;5;3;3;5;3;0;0;1;0;0;0;1;0
138861;11;11;10100205;2020;5;13;6;3;5;3;0;1;1;0;0;0;0;0
138862;11;6;6400735;2020;5;13;5;3;0;4;0;1;0;1;0;0;0;0
138863;11;6;6300634;2020;5;0;7;3;2;6;2;0;1;0;0;0;0;0
138864;11;8;8100102;2020;5;4;3;3;0;7;1;1;0;0;0;0;0;0
138865;11;4;4300412;2020;5;17;2;3;5;2;0;1;1;0;0;0;0;1
138866;11;7;7400720;2020;5;10;5;3;5;3;0;0;1;0;0;0;0;0
138867;11;6;6100209;2020;5;15;4;3;1;5;0;0;1;0;0;0;0;0
138868;11;1;1100416;2020;5;19;1;3;0;1;1;0;0;0;1;0;0;1
138869;11;11;11501238;2020;5;13;4;3;0;2;0;1;0;0;0;1;0;0
138870;11;9;9100304;2020;5;12;6;3;6;4;0;0;1;1;0;0;0;0
138871;11;3;3300517;2020;5;19;4;3;5;3;0;1;1;0;0;0;0;0
138872;11;9;9502043;2020;5;16;1;3;2;6;0;0;1;0;0;0;0;1
138873;11;9;9100407;2020;5;6;4;3;1;5;0;1;1;0;0;0;0;0
138874;11;1;1100207;2020;5;9;7;3;5;3;0;0;1;0;0;0;0;0
138875;11;12;12200310;2020;5;12;6;3;5;2;0;0;1;0;1;0;0;0
138876;11;9;9100304;2020;5;15;3;3;1;1;0;0;1;0;0;0;0;0
138877;11;1;1100416;2020;5;9;3;3;0;1;0;1;0;0;0;0;0;0
138878;11;3;3701554;2020;5;8;5;3;0;1;0;1;0;0;0;0;0;0
138879;11;4;4200308;2020;5;9;5;3;1;5;0;0;1;0;0;0;0;0
138880;11;1;1100309;2020;5;20;7;3;5;2;0;1;1;0;0;0;0;0
138881;11;7;7400927;2020;5;14;3;3;0;1;0;0;0;0;1;0;0;0
138882;11;1;1300835;2020;5;6;2;3;5;3;0;0;1;0;0;0;1;1
138883;11;3;3601245;2020;5;10;4;3;5;2;0;1;1;0;0;0;0;0
138884;11;9;9100304;2020;5;16;4;3;2;6;0;0;1;0;0;0;0;0
138885;11;4;4501045;2020;5;20;7;2;5;7;1;1;1;0;0;0;0;0
138886;11;1;1300836;2020;5;12;4;3;5;3;0;0;1;0;0;0;0;0
138887;11;10;10300731;2020;5;11;6;3;5;3;0;1;1;0;0;0;0;0
138888;11;9;9200715;2020;5;15;6;3;5;2;0;1;1;0;0;0;0;0
138889;11;1;1401043;2020;5;13;3;3;3;6;0;0;1;0;1;0;0;0
138890;11;10;10100311;2020;5;13;2;1;5;2;0;1;0;0;0;1;0;0
138891;11;9;9300920;2020;5;17;5;3;0;6;0;1;0;0;0;0;0;0
138892;11;7;7501135;2020;5;18;3;3;5;7;0;0;1;0;0;0;0;0
138893;11;6;6300527;2020;5;11;4;3;3;6;0;1;0;0;0;1;0;0
138894;11;2;2500834;2020;5;18;6;3;1;5;0;1;1;0;0;0;0;0
138895;11;3;3501038;2020;5;14;3;3;5;2;0;1;1;0;0;0;0;0
138896;11;4;4300620;2020;5;17;2;3;0;7;0;1;0;0;0;0;1;0
138897;11;8;8100314;2020;5;8;5;3;5;3;0;1;1;0;0;0;0;0
138898;11;8;8100415;2020;5;18;3;3;3;6;0;1;1;0;0;0;1;0
138899;11;2;2400623;2020;5;20;4;3;5;3;1;1;1;0;0;0;0;0
138900;11;10;10100208;2020;5;15;2;3;5;2;0;0;1;0;0;0;0;0
138901;11;8;8100417;2020;5;18;4;3;2;6;0;0;1;0;0;0;0;0
138902;11;12;12200309;2020;5;14;4;3;6;4;0;0;1;1;0;0;0;0
138903;11;5;5200528;2020;5;14;7;3;2;6;0;0;1;0;0;0;1;0
138904;11;9;9501737;2020;5;11;4;3;5;2;0;1;1;0;0;0;0;0
138905;11;7;7400927;2020;5;10;4;3;3;6;0;1;0;0;0;0;1;0
138906;11;3;3601141;2020;5;0;6;3;0;1;2;1;0;0;0;0;0;0
138907;11;11;11300721;2020;5;15;6;3;2;7;0;1;1;0;0;0;0;0
138908;11;8;8100105;2020;5;19;2;2;6;4;0;0;1;1;0;0;0;0
138909;11;11;11300826;2020;5;15;5;3;5;3;0;1;0;0;0;0;0;0
138910;11;1;1300732;2020;5;17;3;3;2;6;0;0;1;0;0;0;0;0
138911;11;1;1401047;2020;5;9;4;3;5;2;0;0;1;0;0;0;1;0
138912;11;5;5100209;2020;5;10;2;3;5;2;0;0;1;0;0;0;0;1
138913;11;9;9200614;2020;5;15;4;2;6;4;0;0;1;1;0;0;0;0
138914;11;6;6400736;2020;5;13;4;3;2;6;0;1;0;0;0;0;0;0
138915;11;5;5200631;2020;5;16;7;3;0;3;0;0;1;0;0;0;1;0
138916;11;7;7200411;2020;5;13;2;3;5;2;0;1;1;0;0;0;0;1
138917;11;12;12601236;2020;5;17;4;3;0;6;0;0;1;1;0;0;0;0
138918;11;7;7300516;2020;5;13;4;3;6;2;0;0;1;1;0;0;0;0
138919;11;3;3601142;2020;5;14;4;3;6;4;0;0;1;1;0;0;0;0
138920;11;7;7601442;2020;5;18;7;3;0;5;0;0;1;0;0;0;1;0
138921;11;5;5100316;2020;5;19;2;3;2;2;0;1;1;0;0;0;0;0
138922;11;12;12500930;2020;5;13;7;3;5;2;0;0;1;0;0;0;0;0
138923;11;1;1100310;2020;5;20;3;2;1;5;1;1;0;0;0;0;1;0
138924;11;4;4500937;2020;5;19;2;3;2;7;0;0;1;0;1;0;0;0
138925;11;4;4100101;2020;5;17;6;3;5;2;0;0;1;0;0;0;0;0
138926;11;3;3500935;2020;5;21;5;3;0;1;0;1;0;0;0;0;0;0
138927;11;12;12500825;2020;5;15;2;3;1;5;0;0;1;0;0;0;0;0
138928;11;9;9501737;2020;5;7;3;2;5;3;0;1;1;0;0;0;0;0
138929;11;8;8100310;2020;5;13;5;3;5;3;0;1;1;0;0;0;0;0
138930;11;1;1400938;2020;5;7;4;3;0;1;0;0;0;0;1;0;0;0
138931;11;4;4100101;2020;5;16;1;3;0;1;0;1;0;0;0;0;0;0
138932;11;12;12200310;2020;5;8;4;2;5;3;0;1;1;0;0;0;0;0
138933;11;6;6400736;2020;5;13;4;3;3;7;0;1;0;0;0;0;0;0
138934;11;12;12400720;2020;5;14;7;3;6;4;0;1;0;1;0;0;0;0
138935;11;1;1400942;2020;5;3;6;2;6;4;2;0;0;1;0;0;1;0
138936;11;9;9200717;2020;5;13;3;3;5;3;0;1;1;0;0;0;0;0
138937;11;12;12400619;2020;5;18;2;3;2;6;0;0;1;0;0;0;0;0
138938;11;5;5100206;2020;5;14;5;2;5;2;0;0;1;0;1;1;0;0
138939;11;9;9401329;2020;5;12;5;2;7;7;0;1;0;0;0;0;0;0
138940;11;3;3500933;2020;5;1;7;2;8;1;2;0;0;0;0;0;1;0
138941;11;2;2200210;2020;5;2;7;3;0;1;2;1;0;0;0;0;0;1
138942;11;11;11300617;2020;5;13;3;3;5;2;0;1;1;0;0;0;0;0
138943;11;2;2400625;2020;5;9;2;3;2;6;0;0;1;0;0;0;0;0
138944;11;5;5200632;2020;5;14;6;3;0;3;0;1;1;0;0;0;0;0
138945;11;6;6400838;2020;5;15;5;2;0;7;0;1;1;0;0;0;0;0
138946;11;3;3400618;2020;5;14;7;3;0;4;0;0;0;1;0;1;0;0
138947;11;12;12100206;2020;5;8;2;3;5;2;0;0;1;0;0;0;0;0
138948;11;4;4300415;2020;5;17;2;3;5;5;0;1;1;0;0;0;0;1
138949;11;4;4400727;2020;5;12;5;3;5;3;0;0;1;0;0;0;0;0
138950;11;10;10200422;2020;5;18;4;3;5;2;0;0;1;0;0;0;0;0
138951;11;1;1100206;2020;5;14;1;3;2;2;0;0;1;0;1;0;0;1
138952;11;7;7501031;2020;5;15;4;1;6;4;0;0;0;1;0;1;0;0
138953;11;8;8300935;2020;5;13;4;3;2;6;0;0;1;0;0;0;0;0
138954;11;2;2400623;2020;5;7;6;3;5;2;0;1;1;0;0;0;0;0
138955;11;12;12500825;2020;5;9;6;3;5;2;0;0;1;0;0;0;0;0
138956;11;4;4501042;2020;5;15;3;3;5;7;0;0;1;0;1;0;0;0
138957;11;4;4300619;2020;5;7;2;3;6;4;0;0;0;1;1;0;0;0
138958;11;10;10200420;2020;5;10;5;3;5;2;0;0;1;0;0;0;0;0
138959;11;7;7601339;2020;5;17;3;3;5;2;0;1;1;0;0;0;0;0
138960;11;6;6200421;2020;5;0;5;3;9;1;2;0;1;0;0;0;0;0
138961;11;3;3601142;2020;5;17;2;3;0;3;0;1;1;0;0;0;0;0
138962;11;1;1200522;2020;5;15;2;2;5;7;0;0;1;0;1;0;0;1
138963;11;12;12200412;2020;5;21;4;2;0;1;2;1;0;0;0;0;0;0
138964;11;3;3400618;2020;5;16;4;3;0;1;0;0;0;0;1;0;0;0
138965;11;12;12500824;2020;5;18;7;3;1;5;0;0;1;0;0;0;0;0
138966;11;6;6100206;2020;5;12;4;3;5;3;0;1;1;0;0;0;0;0
138967;11;10;10100313;2020;5;17;2;3;9;1;0;0;0;0;1;0;0;0
138968;11;9;9200510;2020;5;8;2;3;5;2;0;0;1;0;1;0;0;1
138969;11;3;3601450;2020;5;8;5;3;5;2;0;1;1;0;0;0;0;0
138970;11;1;1100310;2020;5;17;4;3;5;3;0;1;1;0;0;0;0;0
138971;11;2;2400623;2020;5;16;1;3;5;2;0;1;1;0;0;0;0;1
138972;11;4;4501040;2020;5;14;4;2;5;2;0;1;1;0;0;0;0;0
138973;11;11;11200512;2020;5;11;6;3;0;7;0;0;1;0;0;0;1;0
138974;11;3;3500936;2020;5;21;6;3;0;1;2;0;0;0;1;0;0;0
138975;11;11;11400929;2020;5;10;3;3;5;3;0;1;1;0;0;0;0;0
138976;11;7;7501029;2020;5;20;2;3;2;6;1;0;1;0;1;0;0;0
138977;11;7;7400826;2020;5;7;5;3;2;6;0;0;1;0;0;0;0;0
138978;11;12;12500825;2020;5;17;3;3;5;3;0;0;0;0;1;1;0;0
138979;11;1;1100102;2020;5;20;4;2;0;1;0;0;0;0;1;0;0;0
138980;11;9;9200818;2020;5;13;2;3;8;1;0;0;0;0;1;0;0;1
138981;11;9;9501939;2020;5;18;4;3;5;2;0;1;0;0;0;0;0;0
138982;11;5;5200634;2020;5;12;4;2;6;4;0;0;1;1;0;0;0;0
138983;11;3;3701556;2020;5;14;4;3;1;5;0;1;1;0;0;0;0;0
138984;11;5;5100208;2020;5;14;7;3;5;2;0;1;1;0;0;0;0;0
138985;11;5;5200631;2020;5;11;4;3;5;2;0;0;1;0;0;0;0;0
138986;11;1;1200628;2020;5;8;4;3;0;6;0;1;0;0;0;1;0;0
138987;11;8;8100311;2020;5;20;6;3;1;5;0;1;1;0;0;0;0;0
138988;11;1;1300733;2020;5;12;6;3;5;2;0;1;0;0;0;1;0;0
138989;11;8;8200725;2020;5;9;6;3;2;2;0;0;1;0;1;1;0;0
138990;11;6;6400735;2020;5;17;6;3;2;5;0;1;1;0;0;0;1;0
138991;11;9;9300920;2020;5;13;3;2;5;3;0;0;1;0;1;0;0;0
138992;11;8;8200623;2020;5;17;2;3;1;5;0;1;1;0;0;0;0;0
138993;11;10;10400835;2020;5;16;5;3;0;5;0;0;1;0;0;0;1;0
138994;11;8;8401139;2020;5;16;3;3;2;6;0;0;1;0;1;0;0;0
138995;11;2;2100102;2020;5;10;4;3;5;3;0;1;1;0;0;0;0;0
138996;11;3;3200309;2020;5;12;2;2;5;2;0;1;1;0;0;0;0;1
138997;11;1;1300835;2020;5;16;4;3;5;2;0;1;0;0;0;0;1;0
138998;11;8;8100520;2020;5;14;4;3;2;6;0;0;1;0;0;1;0;0
138999;11;12;12200309;2020;5;17;7;3;8;1;0;0;1;0;0;0;0;0
139000;11;2;2100102;2020;5;17;2;2;5;3;0;1;1;0;0;0;0;0
139001;11;1;1100309;2020;5;13;7;3;1;5;0;0;1;0;1;0;0;0
139002;11;6;6400842;2020;5;19;3;3;5;3;0;0;1;0;0;0;0;0
139003;11;12;12200515;2020;5;16;2;3;6;7;0;1;0;1;0;0;0;0
139004;11;1;1401046;2020;5;15;6;2;5;2;0;0;1;0;0;0;0;0
139005;11;3;3701554;2020;5;18;5;3;1;5;0;1;1;0;0;0;0;0
139006;11;1;1100313;2020;5;15;2;3;2;6;0;0;0;0;1;0;1;0
139007;11;3;3400826;2020;5;16;2;3;4;6;0;1;0;0;0;0;1;0
139008;11;10;10100311;2020;5;13;5;3;5;2;0;0;1;0;1;0;0;0
139009;11;1;1200628;2020;5;19;4;3;6;4;0;0;1;1;0;0;0;0
139010;11;6;6200316;2020;5;0;1;3;0;1;2;1;0;0;0;0;0;0
139011;11;10;10100312;2020;5;6;4;3;5;2;0;1;1;0;0;0;0;0
139012;11;7;7100102;2020;5;18;3;3;2;2;0;1;1;0;0;0;0;0
139013;11;6;6200421;2020;5;15;2;3;5;2;0;1;1;0;0;0;0;0
139014;11;6;6300634;2020;5;7;3;3;5;2;0;0;1;0;0;0;1;0
139015;11;11;11300724;2020;5;14;5;3;5;2;0;1;1;0;0;0;0;0
139016;11;3;3300514;2020;5;9;4;2;5;3;0;1;1;0;0;0;0;0
139017;11;1;1100104;2020;5;8;2;3;0;2;0;0;1;0;0;0;1;1
139018;11;1;1401048;2020;5;10;4;3;2;3;0;0;0;0;1;0;1;0
139019;11;2;2300316;2020;5;16;7;3;5;2;0;1;1;0;0;0;0;0
139020;11;5;5100314;2020;5;14;7;3;3;6;0;0;1;0;1;0;0;0
139021;11;2;2200210;2020;5;16;3;2;0;7;0;1;0;0;0;0;0;0
139022;11;2;2500833;2020;5;15;2;3;2;6;0;1;0;0;1;0;0;0
139023;11;5;5100317;2020;5;14;6;2;5;3;0;1;1;0;0;0;0;0
139024;11;9;9501736;2020;5;14;5;3;0;3;0;1;0;0;0;0;1;0
139025;11;3;3200206;2020;5;11;7;2;0;7;0;0;0;0;1;0;0;0
139026;11;7;7501030;2020;5;13;2;2;2;6;0;0;1;0;0;0;0;0
139027;11;7;7601442;2020;5;17;2;3;2;6;1;0;1;0;0;0;0;0
139028;11;9;9100101;2020;5;12;5;3;5;2;0;1;0;0;0;1;0;0
139029;11;3;3601142;2020;5;15;4;3;5;2;0;1;1;0;0;0;0;0
139030;11;12;12100102;2020;5;7;1;3;1;5;0;1;1;0;0;0;0;0
139031;11;6;6100208;2020;5;16;4;3;0;3;0;1;1;0;0;0;0;0
139032;11;12;12601032;2020;5;15;6;3;5;3;0;0;1;0;1;0;0;0
139033;11;12;12601236;2020;5;18;6;3;5;3;0;0;1;0;0;0;0;0
139034;11;1;1100310;2020;5;10;3;3;2;6;0;0;1;0;1;0;0;0
139035;11;10;10400836;2020;5;13;2;2;0;1;0;1;0;0;0;0;0;0
139036;11;1;1100313;2020;5;21;5;3;5;2;1;1;0;0;1;0;0;0
139037;11;3;3500933;2020;5;10;7;3;5;2;0;0;1;0;0;0;0;0
139038;11;12;12100204;2020;5;12;6;3;5;2;0;0;1;0;0;0;1;0
139039;11;11;11400929;2020;5;13;3;3;2;6;0;0;1;0;1;0;0;0
139040;11;6;6200423;2020;5;13;2;3;5;3;0;0;1;0;0;0;0;0
139041;11;4;4300622;2020;5;10;5;3;3;6;0;0;1;0;1;0;0;0
139042;11;1;1100309;2020;5;10;5;3;4;7;0;0;1;0;0;0;0;0
139043;11;2;2300419;2020;5;20;7;3;0;4;0;1;0;1;0;0;0;0
139044;11;3;3601245;2020;5;13;2;3;5;2;0;1;1;0;0;0;0;0
139045;11;8;8200624;2020;5;7;2;3;5;3;0;1;1;0;0;0;0;1
139046;11;5;5100104;2020;5;14;5;3;5;3;0;0;1;0;0;0;0;0
139047;11;12;12200309;2020;5;16;4;3;2;6;0;0;1;0;0;0;0;0
139048;11;12;12500929;2020;5;8;7;3;0;1;0;0;0;0;1;0;0;1