OBJECTID;LAND;BEZ;LOR_ab_2021;UJAHR;UMONAT;USTUNDE;UWOCHENTAG;UKATEGORIE;UART;UTYP1;ULICHTVERH;IstRad;IstPKW;IstFuss;IstKrad;IstGkfz;IstSonstige;USTRZUSTAND
139049;11;1;1200517;2020;5;13;4;3;0;6;0;0;1;0;1;0;0;0
139050;11;3;3400721;2020;5;18;3;3;6;7;0;0;1;1;0;0;0;0
139051;11;12;12100102;2020;5;11;6;3;1;5;0;0;1;0;0;0;0;0
139052;11;4;4501042;2020;5;20;6;3;5;2;0;1;1;0;0;0;0;0
139053;11;6;6400844;2020;5;9;3;2;5;2;0;1;1;0;0;0;0;0
139054;11;11;11200410;2020;5;13;2;2;6;7;0;0;1;1;0;0;0;0
139055;11;8;8401243;2020;5;18;5;3;5;3;0;1;1;0;0;0;0;0
139056;11;1;1100309;2020;5;16;3;3;0;1;0;1;0;0;0;0;0;0
139057;11;1;1200522;2020;5;11;4;3;1;7;0;0;1;0;0;0;0;0
139058;11;8;8200624;2020;5;13;2;2;5;3;0;0;1;0;1;0;0;1
139059;11;12;12100101;2020;5;17;4;3;6;4;0;0;1;1;0;0;0;0
139060;11;6;6400842;2020;5;14;4;3;5;2;0;1;1;0;0;0;0;0
139061;11;10;10400836;2020;5;15;3;3;5;3;0;0;1;0;0;0;0;0
139062;11;7;7100102;2020;5;7;4;3;5;2;0;1;0;0;0;0;1;0
139063;11;2;2400522;2020;5;14;2;3;6;4;0;1;0;1;0;0;0;0
139064;11;3;3200309;2020;5;18;4;2;3;2;0;1;1;0;0;0;0;0
139065;11;3;3601243;2020;5;16;4;3;1;5;0;1;1;0;0;0;0;0
139066;11;8;8401245;2020;5;18;7;3;5;3;0;1;1;0;0;0;0;0
139067;11;10;10400940;2020;5;11;4;3;2;6;0;0;1;0;0;0;0;0
139068;11;10;10300731;2020;5;4;6;3;5;3;1;1;1;0;0;0;0;0
139069;11;3;3601243;2020;5;14;6;3;2;6;0;0;1;0;0;0;0;0
139070;11;9;9200818;2020;5;8;3;3;2;6;0;0;1;0;0;0;0;0
139071;11;4;4300414;2020;5;13;2;3;5;3;0;1;1;0;0;0;0;0
139072;11;1;1100312;2020;5;15;5;3;1;5;0;0;1;0;0;0;0;0
139073;11;1;1200522;2020;5;15;3;3;5;2;0;1;1;0;0;0;0;0
139074;11;5;5400943;2020;5;10;4;3;1;5;0;0;1;0;1;0;0;0
139075;11;10;10200421;2020;5;11;2;3;0;2;0;0;0;1;0;0;1;1
139076;11;5;5100208;2020;5;18;4;3;5;2;0;0;1;0;0;0;0;0
139077;11;8;8100417;2020;5;17;7;3;5;2;0;1;1;0;0;0;0;0
139078;11;7;7601443;2020;5;10;7;3;1;5;0;1;1;0;0;0;0;0
139079;11;8;8100416;2020;5;17;3;3;6;4;0;0;1;1;0;0;0;0
139080;11;8;8401246;2020;5;12;2;2;9;1;0;0;1;0;0;0;0;0
139081;11;5;5100101;2020;5;14;6;3;1;5;0;1;1;0;0;0;0;0
139082;11;1;1100205;2020;5;19;7;3;2;2;0;0;1;0;0;0;1;0
139083;11;1;1300732;2020;5;10;2;3;6;7;0;0;0;1;0;0;1;0
139084;11;5;5100211;2020;5;13;7;3;2;6;0;0;1;0;0;0;0;0
139085;11;1;1400938;2020;5;20;3;3;5;2;1;1;1;0;0;0;0;0
139086;11;9;9501941;2020;5;16;1;3;0;6;0;1;0;0;0;0;0;0
139087;11;4;4500936;2020;5;18;6;2;0;1;0;0;0;0;1;0;0;0
139088;11;6;6100207;2020;5;23;5;3;1;5;2;1;1;0;0;0;0;0
139089;11;6;6100209;2020;5;16;1;3;2;6;0;1;1;0;0;0;0;0
139090;11;2;2500728;2020;5;7;3;3;5;2;0;1;1;0;0;0;0;0
139091;11;4;4501148;2020;5;13;5;3;5;2;0;1;1;0;0;0;0;0
139092;11;9;9200512;2020;5;8;4;3;1;5;0;1;1;0;0;0;0;0
139093;11;12;12200307;2020;5;8;2;3;1;7;0;1;1;0;0;0;0;1
139094;11;3;3100102;2020;5;8;4;2;6;4;0;0;0;1;1;0;0;0
139095;11;3;3400723;2020;5;14;7;2;5;2;0;1;1;0;0;0;0;0
139096;11;8;8100417;2020;5;9;6;3;2;2;0;0;1;0;0;0;0;0
139097;11;2;2100102;2020;5;15;3;3;5;2;0;0;1;0;1;0;0;0
139098;11;10;10200630;2020;5;14;1;3;0;7;0;1;1;0;0;0;0;0
139099;11;3;3500935;2020;5;12;6;2;0;5;0;0;0;0;0;0;1;0
139100;11;9;9100409;2020;5;12;5;2;5;7;0;0;1;0;1;0;0;0
139101;11;6;6300526;2020;5;6;7;2;8;1;0;0;1;0;0;0;0;0
139102;11;1;1100309;2020;5;21;1;3;0;1;2;1;0;0;0;0;0;0
139103;11;4;4501041;2020;5;16;2;3;2;2;0;0;1;0;0;0;0;1
139104;11;3;3701555;2020;5;9;5;3;0;3;0;0;1;0;1;0;0;0
139105;11;12;12400723;2020;5;15;4;3;6;4;0;0;1;1;0;0;0;0
139106;11;1;1100415;2020;5;16;5;3;5;3;0;0;1;0;0;0;1;0
139107;11;11;11200515;2020;5;19;7;3;1;5;0;1;0;0;0;0;1;0
139108;11;2;2400624;2020;5;20;1;3;5;3;1;1;1;0;0;0;0;0
139109;11;8;8100104;2020;5;17;2;3;2;6;0;0;1;0;1;0;0;1
139110;11;6;6100207;2020;5;12;5;3;6;4;0;0;1;1;0;0;0;0
139111;11;1;1200626;2020;5;19;4;3;5;3;0;1;0;0;1;0;0;0
139112;11;8;8401243;2020;5;14;1;3;5;3;0;0;1;0;0;0;0;1
139113;11;11;11501238;2020;5;4;4;3;5;3;1;0;1;0;0;0;0;0
139114;11;3;3300516;2020;5;12;6;3;2;6;0;0;1;0;0;0;0;0
139115;11;12;12400722;2020;5;11;6;3;2;6;0;0;1;0;0;0;0;0
139116;11;4;4200308;2020;5;13;3;3;2;6;0;0;1;0;0;1;0;0
139117;11;7;7300517;2020;5;20;1;3;5;2;1;1;1;0;0;0;0;0
139118;11;11;11100309;2020;5;16;5;3;3;2;0;0;1;0;0;0;0;0
139119;11;4;4400728;2020;5;8;5;3;1;5;0;1;1;0;0;0;0;0
139120;11;7;7400928;2020;5;20;1;2;2;6;0;0;1;0;0;0;0;0
139121;11;5;5300840;2020;5;6;2;3;0;6;0;0;1;0;1;0;0;1
139122;11;8;8100314;2020;5;16;4;3;6;7;0;0;0;1;0;0;1;0
139123;11;5;5300736;2020;5;16;4;3;2;6;0;0;1;0;0;0;1;0
139124;11;5;5200420;2020;5;20;7;3;9;2;1;0;1;0;0;0;0;0
139125;11;7;7501029;2020;5;12;4;3;5;3;0;0;1;0;1;0;0;0
139126;11;6;6400838;2020;5;10;6;2;2;7;0;0;1;0;1;0;0;0
139127;11;1;1400942;2020;5;17;6;3;5;3;0;1;1;0;0;0;0;0
139128;11;8;8300934;2020;5;13;3;3;5;3;0;1;1;0;0;0;0;0
139129;11;9;9200511;2020;5;16;1;2;6;4;0;0;1;1;0;0;0;0
139130;11;5;5100316;2020;5;15;4;3;5;3;0;1;1;0;0;0;0;0
139131;11;1;1100416;2020;5;11;6;3;3;6;0;1;0;0;0;0;1;0
139132;11;6;6400844;2020;5;17;6;3;5;3;0;1;1;0;1;0;0;0
139133;11;9;9100203;2020;5;10;3;3;5;3;0;1;1;0;0;0;0;0
139134;11;2;2400521;2020;5;17;1;3;5;2;0;1;1;0;0;0;0;0
139135;11;12;12500825;2020;5;7;5;3;5;3;0;0;1;0;0;0;0;0
139136;11;11;11501339;2020;5;15;3;3;5;3;0;0;1;0;1;0;0;0
139137;11;7;7501029;2020;5;22;4;3;5;7;2;0;1;0;1;0;0;0
139138;11;11;11100102;2020;5;13;2;3;5;2;0;1;1;0;0;0;0;1
139139;11;1;1200628;2020;5;18;4;3;2;6;0;0;1;0;0;0;0;0
139140;11;5;5200423;2020;5;16;3;2;5;2;0;0;1;0;1;0;0;0
139141;11;2;2300418;2020;5;14;4;3;0;1;0;1;0;0;0;0;0;0
139142;11;8;8100102;2020;5;14;7;3;2;7;0;1;1;0;0;0;0;0
139143;11;4;4200308;2020;5;11;4;3;2;6;0;0;1;0;0;0;0;0
139144;11;2;2500726;2020;5;13;3;3;2;3;0;0;1;0;0;0;1;0
139145;11;6;6300630;2020;5;22;6;3;8;1;2;0;0;0;1;0;0;0
139146;11;7;7200414;2020;5;12;6;3;1;5;0;1;1;0;0;0;0;0
139147;11;4;4300416;2020;5;17;1;3;1;5;0;1;1;0;0;0;0;0
139148;11;3;3400620;2020;5;15;5;2;5;2;0;1;1;0;0;0;0;0
139149;11;10;10300731;2020;5;9;4;3;3;6;0;0;0;0;0;0;1;0
139150;11;1;1400938;2020;6;19;2;3;5;3;0;1;1;0;0;0;0;0
139151;11;7;7400823;2020;6;22;2;3;0;2;1;0;1;0;1;0;0;0
139152;11;5;5300737;2020;6;10;7;3;6;7;0;1;0;1;0;0;0;0
139153;11;7;7601341;2020;6;14;6;2;5;2;0;1;1;0;0;0;0;0
139154;11;12;12400618;2020;6;13;4;3;2;6;0;1;1;0;0;0;0;0
139155;11;7;7501032;2020;6;20;7;3;8;1;0;0;1;0;0;0;0;0
139156;11;8;8200726;2020;6;14;6;3;2;2;0;0;1;0;1;0;0;0
139157;11;2;2400521;2020;6;11;6;3;5;2;0;1;1;0;0;0;0;0
139158;11;11;11501238;2020;6;16;3;3;3;6;0;1;1;0;0;0;0;0
139159;11;6;6400844;2020;6;15;2;2;5;2;0;0;1;0;0;0;0;0
139160;11;11;11300721;2020;6;11;6;3;5;2;0;1;0;0;0;1;0;0
139161;11;10;10100312;2020;6;11;2;2;3;6;0;0;1;0;0;1;0;0
139162;11;1;1100416;2020;6;15;2;3;1;5;0;1;1;0;0;0;0;0
139163;11;4;4501152;2020;6;23;6;3;0;1;2;0;0;0;0;0;1;1
139164;11;12;12601236;2020;6;17;5;3;0;7;0;0;1;0;0;0;0;1
139165;11;10;10200422;2020;6;16;1;3;0;7;0;0;0;0;0;0;1;0
139166;11;12;12400618;2020;6;14;2;3;0;7;0;1;0;0;0;0;0;0
139167;11;9;9301126;2020;6;14;6;3;2;7;0;1;1;0;0;0;0;1
139168;11;7;7400823;2020;6;22;6;3;5;2;2;0;1;0;0;0;0;1
139169;11;3;3601141;2020;6;6;4;3;5;3;0;1;0;0;0;0;1;0
139170;11;1;1200628;2020;6;21;6;3;5;3;2;1;1;0;0;0;0;0
139171;11;3;3300413;2020;6;10;3;3;5;3;0;0;1;0;0;0;0;0
139172;11;9;9200715;2020;6;21;6;3;5;3;1;0;1;0;0;0;1;0
139173;11;5;5100209;2020;6;13;6;2;5;2;0;0;1;0;0;0;0;0
139174;11;2;2200212;2020;6;8;3;3;5;3;0;1;0;0;0;0;0;0
139175;11;7;7400824;2020;6;11;6;3;2;6;0;0;1;0;0;0;0;0
139176;11;8;8300934;2020;6;15;2;3;0;7;0;1;1;0;0;0;1;0
139177;11;12;12400619;2020;6;12;2;3;3;6;0;1;0;0;0;0;0;0
139178;11;5;5100209;2020;6;10;6;3;1;7;0;0;1;0;0;0;0;0
139179;11;6;6300634;2020;6;17;4;3;5;3;0;1;1;0;0;0;0;0
139180;11;3;3500936;2020;6;16;5;3;1;5;0;1;1;0;0;0;0;0
139181;11;11;11501341;2020;6;17;1;3;5;3;0;0;1;0;0;0;0;0
139182;11;3;3501037;2020;6;13;2;3;5;3;0;1;1;0;0;0;0;0
139183;11;3;3701660;2020;6;20;6;3;1;5;1;0;1;0;1;0;0;0
139184;11;8;8100312;2020;6;13;6;3;1;5;0;1;1;0;0;0;0;0
139185;11;5;5300737;2020;6;10;4;3;2;6;0;0;1;0;0;0;0;0
139186;11;8;8100418;2020;6;9;6;3;1;5;0;1;1;0;0;0;0;1
139187;11;10;10400938;2020;6;8;3;3;5;3;0;1;0;0;0;0;1;0
139188;11;4;4300623;2020;6;20;6;3;0;2;0;1;1;0;0;0;0;0
139189;11;8;8401242;2020;6;9;2;3;5;3;0;0;1;0;0;0;0;0
139190;11;11;11200411;2020;6;13;2;3;5;3;0;0;0;0;1;0;1;0
139191;11;7;7501031;2020;6;10;7;3;6;2;0;0;1;1;0;0;0;0
139192;11;5;4200308;2020;6;12;6;3;2;6;0;0;1;0;0;0;0;0
139193;11;8;8200624;2020;6;15;4;3;0;3;0;1;1;0;0;0;0;0
139194;11;2;2100106;2020;6;22;7;3;6;4;2;0;0;1;0;0;1;0
139195;11;5;5100101;2020;6;12;2;3;2;6;0;1;1;0;0;0;0;0
139196;11;1;1400942;2020;6;18;6;3;2;6;0;0;1;0;0;0;0;0
139197;11;8;8100209;2020;6;10;2;3;5;2;0;0;1;0;0;0;0;0
139198;11;10;10400835;2020;6;12;2;3;5;3;0;1;1;0;0;0;0;0
139199;11;5;5200629;2020;6;19;6;3;5;3;0;1;1;0;0;0;0;0
139200;11;8;8401241;2020;6;16;4;3;6;4;0;0;1;1;0;0;0;0
139201;11;11;11100204;2020;6;12;5;3;6;4;0;0;1;1;0;0;0;0
139202;11;3;3601449;2020;6;17;1;3;3;6;0;0;1;0;1;0;0;0
139203;11;1;1300733;2020;6;11;2;3;2;6;0;0;1;0;0;0;0;0
139204;11;2;2100102;2020;6;12;6;3;5;3;0;1;1;0;0;0;0;0
139205;11;3;3701555;2020;6;8;6;3;0;1;0;0;0;0;1;0;0;1
139206;11;4;4501148;2020;6;8;4;3;5;2;0;0;1;0;0;0;1;0
139207;11;9;9401329;2020;6;8;6;2;5;3;0;0;1;0;0;0;0;0
139208;11;7;7100205;2020;6;15;3;2;4;6;0;0;0;0;0;0;1;0
139209;11;6;6100205;2020;6;7;6;2;1;5;0;1;1;0;0;0;0;1
139210;11;9;9200613;2020;6;20;2;3;5;2;0;1;0;0;0;0;1;0
139211;11;9;9401330;2020;6;10;2;3;0;1;0;1;0;0;0;0;0;0
139212;11;12;12500929;2020;6;9;7;2;5;3;0;1;1;0;0;0;0;0
139213;11;9;9501737;2020;6;7;6;3;0;1;0;1;0;0;0;0;0;1
139214;11;6;6400737;2020;6;14;4;3;5;3;0;0;1;0;0;0;0;0
139215;11;4;4501041;2020;6;23;7;3;5;7;2;0;1;0;0;0;0;0
139216;11;1;1100205;2020;6;7;6;3;5;3;0;1;1;0;0;0;0;1
139217;11;2;2300419;2020;6;18;6;3;2;6;0;1;1;0;0;0;0;1
139218;11;4;4501042;2020;6;18;3;3;5;2;0;1;1;0;0;0;0;0
139219;11;9;9401329;2020;6;10;2;3;0;2;0;1;1;0;0;0;0;0
139220;11;3;3300516;2020;6;16;6;3;2;2;0;0;1;0;0;0;1;0
139221;11;7;7200414;2020;6;23;2;3;0;1;2;1;0;0;0;0;0;0
139222;11;3;3500935;2020;6;7;6;3;0;1;0;0;0;0;1;0;0;1
139223;11;9;9501737;2020;6;19;3;2;3;6;0;1;0;0;0;0;0;0
139224;11;6;6300527;2020;6;7;5;3;0;3;0;1;0;0;0;0;0;0
139225;11;3;3601243;2020;6;13;3;3;5;3;0;0;1;0;0;0;1;0
139226;11;10;10200526;2020;6;17;5;3;0;1;0;0;1;0;0;0;0;0
139227;11;12;12100205;2020;6;17;2;3;5;3;0;0;1;0;0;0;0;0
139228;11;4;4300622;2020;6;10;2;3;5;7;0;0;1;0;1;0;0;0
139229;11;3;3500934;2020;6;15;7;3;5;2;0;0;0;0;1;0;1;0
139230;11;4;4501042;2020;6;14;5;3;1;5;0;0;1;0;0;0;1;0
139231;11;12;12100101;2020;6;13;4;3;2;6;0;0;1;0;0;0;1;0
139232;11;7;7100205;2020;6;18;7;3;5;2;0;1;1;0;0;0;0;1
139233;11;4;4500937;2020;6;16;5;3;0;5;0;0;1;0;0;0;0;0
139234;11;7;7501029;2020;6;15;3;3;2;6;0;0;1;0;1;0;0;0
139235;11;1;1401043;2020;6;21;2;3;5;3;1;1;1;0;0;0;0;0
139236;11;4;4300621;2020;6;8;5;3;2;6;0;0;1;0;0;0;1;0
139237;11;3;3300515;2020;6;15;2;3;5;2;0;0;1;0;1;0;0;0
139238;11;1;1401045;2020;6;5;2;2;0;1;0;0;0;0;1;0;0;0
139239;11;2;2400624;2020;6;16;5;3;5;3;0;1;1;0;0;0;0;1
139240;11;1;1100416;2020;6;17;5;3;5;3;0;1;1;0;0;0;0;1
139241;11;1;1100103;2020;6;13;1;3;5;3;0;1;1;0;0;0;0;0
139242;11;4;4100101;2020;6;20;2;3;3;6;0;1;1;0;0;0;0;0
139243;11;2;2300314;2020;6;23;5;3;1;5;2;0;0;0;1;0;0;1
139244;11;1;1100102;2020;6;19;2;2;5;3;0;0;1;0;0;0;1;0
139245;11;9;9501939;2020;6;16;5;2;5;2;0;1;1;0;0;0;0;1
139246;11;9;9100101;2020;6;3;5;3;0;7;2;1;0;0;0;0;0;0
139247;11;3;3500932;2020;6;16;2;3;2;7;0;0;1;0;1;0;0;0
139248;11;2;2500833;2020;6;20;2;3;6;4;0;0;1;1;0;0;0;0
139249;11;1;1100311;2020;6;7;5;3;5;2;0;1;1;0;0;0;0;0
139250;11;2;2400623;2020;6;14;5;3;2;6;0;0;1;0;0;0;0;0
139251;11;5;5200528;2020;6;18;4;3;2;6;0;0;1;0;0;0;1;0
139252;11;5;5200629;2020;6;16;7;3;3;6;0;0;1;0;0;0;1;0
139253;11;8;8100415;2020;6;13;5;3;0;7;0;1;0;0;0;0;0;0
139254;11;7;7601544;2020;6;13;3;3;2;7;0;0;1;0;1;0;0;0
139255;11;5;5100209;2020;6;22;5;3;1;5;2;0;1;0;0;0;0;1
139256;11;8;8100209;2020;6;14;2;3;5;2;0;1;1;0;0;0;0;0
139257;11;2;2100101;2020;6;19;2;3;5;2;0;1;1;0;0;0;0;0
139258;11;12;12400619;2020;6;11;5;3;0;1;0;1;0;0;0;0;0;0
139259;11;7;7100102;2020;6;17;4;3;2;6;0;0;1;0;0;0;1;0
139260;11;4;4501146;2020;6;14;5;3;5;3;0;1;1;0;0;0;0;0
139261;11;9;9200510;2020;6;20;1;3;0;7;1;1;0;0;0;0;0;0
139262;11;12;12601134;2020;6;19;2;3;2;6;0;0;1;0;0;0;0;0
139263;11;9;9300920;2020;6;11;5;3;5;3;0;0;1;0;1;0;0;0
139264;11;1;1100311;2020;6;11;5;2;5;2;0;1;1;0;0;0;0;0
139265;11;9;9502043;2020;6;10;4;3;5;3;0;1;1;0;0;0;0;0
139266;11;8;8100521;2020;6;19;5;2;5;3;0;0;1;0;0;0;0;1
139267;11;9;9501939;2020;6;8;3;3;3;6;0;1;0;0;0;0;0;0
139268;11;2;2200210;2020;6;18;5;3;5;3;0;1;1;0;0;0;0;1
139269;11;8;8300935;2020;6;12;4;2;5;3;0;0;1;0;0;0;0;0
139270;11;7;7100101;2020;6;19;5;3;6;4;0;1;0;1;0;0;0;1
139271;11;11;11200512;2020;6;9;3;3;2;6;0;0;1;0;0;0;0;0
139272;11;7;7400822;2020;6;17;5;2;1;1;0;0;1;0;0;0;0;1
139273;11;6;6300524;2020;6;12;2;3;5;2;0;1;0;0;0;1;0;0
139274;11;3;3601142;2020;6;17;2;3;5;3;0;1;0;0;0;0;0;0
139275;11;4;4501042;2020;6;10;5;3;5;2;0;0;1;0;0;0;1;0
139276;11;2;2500728;2020;6;16;4;3;1;5;0;1;1;0;0;0;0;0
139277;11;9;9200510;2020;6;6;4;3;5;2;0;1;0;0;0;0;1;0
139278;11;2;2400623;2020;6;15;1;3;4;6;0;1;1;0;0;0;0;0
139279;11;5;5200528;2020;6;18;2;2;5;3;0;0;1;0;1;0;0;0
139280;11;10;10200629;2020;6;17;5;3;5;3;0;1;1;0;0;0;0;0
139281;11;1;1100308;2020;6;10;5;2;8;1;0;1;0;0;0;0;0;0
139282;11;3;3400829;2020;6;17;4;3;5;2;0;1;1;0;0;0;0;0
139283;11;9;9200510;2020;6;7;5;3;5;2;0;0;1;0;0;0;0;0
139284;11;8;8100102;2020;6;15;3;3;5;3;0;1;1;0;0;0;0;0
139285;11;1;1100207;2020;6;5;5;3;5;2;0;0;1;0;1;0;0;0
139286;11;5;5300736;2020;6;19;2;3;0;5;0;0;1;0;1;0;0;0
139287;11;8;8100208;2020;6;18;2;3;5;3;0;1;1;0;0;0;0;0
139288;11;5;5200632;2020;6;13;7;3;2;6;0;0;1;0;0;0;0;0
139289;11;4;4500937;2020;6;0;5;3;1;7;2;0;0;0;1;0;0;0
139290;11;11;11200411;2020;6;14;4;3;5;3;0;0;1;0;0;0;0;0
139291;11;7;7300516;2020;6;9;5;3;5;2;0;0;1;0;0;0;0;0
139292;11;12;12200412;2020;6;11;2;3;2;6;0;0;1;0;0;0;0;0
139293;11;1;1200625;2020;6;17;2;3;2;2;0;0;1;0;0;0;0;0
139294;11;2;2300314;2020;6;17;6;3;0;5;0;1;1;0;0;0;0;0
139295;11;3;3500936;2020;6;17;5;3;2;2;0;0;1;0;0;0;0;1
139296;11;3;3400725;2020;6;14;4;3;5;3;0;1;1;0;0;0;0;0
139297;11;3;3300411;2020;6;21;7;3;1;5;0;0;1;0;0;0;0;0
139298;11;8;8100418;2020;6;9;5;3;0;3;0;1;1;0;0;0;0;0
139299;11;9;9300920;2020;6;9;5;3;1;5;0;1;1;0;0;0;0;0
139300;11;11;11401137;2020;6;17;3;3;4;6;0;1;0;0;0;0;0;0
139301;11;1;1100104;2020;6;8;5;3;5;2;0;1;1;0;0;0;0;0
139302;11;1;1401046;2020;6;14;7;3;3;6;0;1;1;0;0;0;0;0
139303;11;5;5200631;2020;6;11;3;3;2;6;0;0;1;0;0;0;0;0
139304;11;1;1100309;2020;6;7;5;3;5;3;0;0;1;0;0;0;1;0
139305;11;6;6100102;2020;6;17;2;2;5;2;0;0;1;0;1;0;0;0
139306;11;1;1400938;2020;6;17;2;3;1;5;0;1;1;0;0;0;0;0
139307;11;2;2200210;2020;6;23;6;3;5;3;2;0;0;0;1;0;1;0
139308;11;7;7200307;2020;6;16;5;3;2;6;0;0;1;0;0;0;0;0
139309;11;8;8100416;2020;6;19;4;3;6;7;0;0;1;1;0;0;0;0
139310;11;3;3601450;2020;6;16;7;3;2;6;0;0;1;0;0;0;0;0
139311;11;1;1300836;2020;6;16;5;2;5;3;0;1;1;0;0;0;0;1
139312;11;7;7300517;2020;6;14;7;2;5;3;0;1;1;0;0;0;0;0
139313;11;2;2200211;2020;6;10;3;3;1;5;0;1;0;0;0;0;1;0
139314;11;4;4501042;2020;6;20;7;3;5;7;1;0;1;0;0;0;0;0
139315;11;2;2200210;2020;6;7;5;3;5;2;0;1;1;0;0;0;0;0
139316;11;2;2500726;2020;6;14;7;3;2;3;0;1;0;0;1;0;0;0
139317;11;8;8401244;2020;6;16;5;2;2;2;0;0;1;0;0;0;1;1
139318;11;8;8100208;2020;6;18;3;3;1;5;0;1;1;0;0;0;0;0
139319;11;3;3601245;2020;6;5;2;3;6;4;0;0;1;1;0;0;0;0
139320;11;7;7400927;2020;6;15;5;3;5;2;0;0;1;0;0;0;1;0
139321;11;12;12500825;2020;6;17;2;3;0;1;0;0;0;0;0;0;1;0
139322;11;5;5100317;2020;6;17;2;3;0;2;0;1;1;0;0;0;0;0
139323;11;2;2100106;2020;6;15;5;2;5;2;0;1;1;0;0;0;0;0
139324;11;2;2200209;2020;6;17;5;3;6;4;0;0;1;1;0;0;0;1
139325;11;2;2500831;2020;6;16;2;3;5;2;0;0;1;0;1;0;0;0
139326;11;8;8200623;2020;6;17;2;3;1;7;0;0;1;0;0;0;0;0
139327;11;3;3601243;2020;6;15;5;2;0;1;0;0;0;0;1;0;0;1
139328;11;6;6300525;2020;6;15;5;3;3;7;0;1;0;0;0;0;0;1
139329;11;11;11401135;2020;6;7;4;2;0;7;0;0;1;0;1;0;0;0
139330;11;1;1200624;2020;6;9;5;3;5;2;0;1;0;0;0;0;1;0
139331;11;3;3601141;2020;6;13;7;3;5;3;0;1;1;0;0;0;0;0
139332;11;3;3601453;2020;6;10;3;3;5;2;0;1;1;0;0;0;0;0
139333;11;3;3701657;2020;6;17;4;3;3;6;0;1;0;0;0;0;0;0
139334;11;10;10400940;2020;6;10;2;3;5;3;0;0;1;0;1;0;0;0
139335;11;9;9301227;2020;6;16;2;3;1;1;0;1;1;0;0;0;0;0
139336;11;9;9200613;2020;6;22;4;3;1;1;2;1;1;0;0;0;0;0
139337;11;6;6200317;2020;6;16;4;3;5;2;0;1;1;0;0;0;0;0
139338;11;11;11400927;2020;6;13;5;3;5;3;0;1;1;0;0;0;0;1
139339;11;2;2200208;2020;6;19;4;3;0;2;0;1;1;0;0;0;0;0
139340;11;6;6200312;2020;6;15;2;2;0;2;0;0;1;0;0;0;1;0
139341;11;1;1300834;2020;6;16;2;3;1;5;0;0;1;0;0;0;0;0
139342;11;7;7300619;2020;6;19;4;3;5;2;0;1;0;0;1;0;0;0
139343;11;4;4500938;2020;6;17;4;3;5;2;0;1;1;0;0;0;0;0
139344;11;7;7300619;2020;6;16;5;3;5;2;0;1;1;0;0;0;0;1
139345;11;4;4400725;2020;6;18;1;3;5;7;0;1;1;0;0;0;0;0
139346;11;5;5100316;2020;5;16;1;3;3;2;0;0;1;0;0;0;0;0
139347;11;2;2200211;2020;6;19;4;3;5;2;0;1;1;0;0;0;0;0
139348;11;1;1100414;2020;6;8;4;3;5;2;0;1;1;0;0;0;0;0
139349;11;6;6200422;2020;6;10;4;3;1;5;0;1;1;0;0;0;0;0
139350;11;8;8301037;2020;6;6;4;2;2;6;0;0;1;0;0;0;0;0
139351;11;6;6200421;2020;6;18;7;3;0;1;0;0;0;0;1;0;0;1
139352;11;4;4300622;2020;6;9;3;3;1;5;0;1;1;0;0;0;0;0
139353;11;4;4500937;2020;6;6;4;3;5;7;0;0;1;0;1;0;0;0
139354;11;6;6300630;2020;6;12;2;3;5;2;0;0;1;0;1;0;0;0
139355;11;8;8100521;2020;5;23;1;3;5;3;2;0;1;0;0;0;0;0
139356;11;11;11501238;2020;6;17;6;3;5;3;0;1;0;0;0;0;0;0
139357;11;1;1100310;2020;6;22;4;3;5;2;2;0;1;0;0;0;0;0
139358;11;9;9200819;2020;6;15;4;2;6;4;0;0;1;1;0;0;0;0
139359;11;8;8100417;2020;6;14;7;3;0;7;0;1;0;0;0;0;0;0
139360;11;8;8100415;2020;5;19;1;3;5;7;0;0;1;0;0;0;0;0
139361;11;6;6300629;2020;6;22;4;2;0;1;2;1;0;0;0;0;0;0
139362;11;12;12100204;2020;6;19;4;3;2;6;0;0;1;0;0;0;0;0
139363;11;2;2400623;2020;6;14;3;2;0;6;0;1;0;0;0;0;0;0
139364;11;11;11400928;2020;6;19;4;3;5;7;0;1;1;0;0;0;0;0
139365;11;3;3400620;2020;6;19;1;3;4;6;0;1;1;0;0;0;0;0
139366;11;7;7100205;2020;5;19;1;3;5;3;0;1;1;0;0;0;0;0
139367;11;9;9401432;2020;6;19;4;2;3;6;0;1;1;0;0;0;0;0
139368;11;2;2100101;2020;6;18;4;2;5;3;0;0;1;0;0;0;0;0
139369;11;1;1300834;2020;6;9;4;3;0;3;0;1;0;0;1;0;0;0
139370;11;11;11300725;2020;6;18;4;2;5;3;0;0;1;0;1;0;0;0
139371;11;2;2300316;2020;6;16;3;3;5;2;0;1;0;0;0;0;0;0
139372;11;7;7501134;2020;6;12;4;2;4;6;0;0;1;0;0;0;0;0
139373;11;3;3400829;2020;6;12;2;3;2;7;0;0;1;0;0;0;0;0
139374;11;7;7501134;2020;5;17;1;3;0;1;0;0;0;0;1;0;0;0
139375;11;8;8100520;2020;6;13;6;3;0;2;0;1;1;0;0;0;0;0
139376;11;9;9200717;2020;6;11;4;3;5;3;0;1;1;0;0;0;0;0
139377;11;1;1100310;2020;6;15;4;3;2;6;0;0;0;0;1;0;1;0
139378;11;3;3400619;2020;6;23;7;3;5;3;2;1;1;0;0;0;0;0
139379;11;8;8401243;2020;6;10;4;3;5;7;0;1;1;0;0;0;0;0