OBJECTID;LAND;BEZ;LOR_ab_2021;UJAHR;UMONAT;USTUNDE;UWOCHENTAG;UKATEGORIE;UART;UTYP1;ULICHTVERH;IstRad;IstPKW;IstFuss;IstKrad;IstGkfz;IstSonstige;USTRZUSTAND
139380;11;10;10200629;2020;6;12;7;3;5;2;0;0;1;0;0;0;0;0
139381;11;10;10400941;2020;6;10;4;3;5;3;0;1;1;0;0;0;0;0
139382;11;3;3400619;2020;6;19;3;2;5;7;0;0;1;0;0;0;0;0
139383;11;6;6400838;2020;6;8;4;3;5;3;0;0;1;0;0;0;0;0
139384;11;12;12200515;2020;6;19;7;3;1;5;0;1;1;0;0;0;0;0
139385;11;7;7200307;2020;6;18;2;3;0;5;0;1;1;0;0;0;0;0
139386;11;12;12100204;2020;6;17;4;3;2;6;0;0;1;0;0;0;0;0
139387;11;2;2200210;2020;6;16;2;3;5;3;0;1;1;0;0;0;0;0
139388;11;9;9300920;2020;6;13;3;3;8;1;0;0;1;0;0;0;0;0
139389;11;5;5400943;2020;6;18;4;3;5;2;0;1;1;0;0;0;0;0
139390;11;9;9100203;2020;6;18;2;3;5;3;0;0;1;0;1;0;0;0
139391;11;6;6400838;2020;5;19;1;2;7;7;1;0;0;0;1;0;0;0
139392;11;1;1100310;2020;6;10;6;2;9;1;0;0;1;0;0;0;0;0
139393;11;3;3500934;2020;6;16;4;3;1;5;0;1;1;0;0;0;0;0
139394;11;5;5100210;2020;6;13;4;2;0;2;0;0;1;0;1;0;0;0
139395;11;7;7100204;2020;6;18;7;3;1;5;0;1;1;0;0;0;0;1
139396;11;11;11100309;2020;6;16;4;3;2;6;0;0;1;0;0;0;0;0
139397;11;12;12100103;2020;6;15;4;3;2;6;0;0;1;0;0;0;0;0
139398;11;7;7100102;2020;6;15;3;3;1;5;0;1;1;0;0;0;0;0
139399;11;1;1100101;2020;5;18;1;3;4;6;1;1;0;0;1;0;0;0
139400;11;3;3601450;2020;6;15;4;3;2;6;0;0;1;0;0;0;1;0
139401;11;2;2200211;2020;6;16;2;3;5;2;0;1;1;0;0;0;0;0
139402;11;6;6200423;2020;5;17;1;3;2;7;0;0;1;0;0;0;0;0
139403;11;6;6300528;2020;6;15;4;3;5;7;0;0;1;0;1;0;0;0
139404;11;9;9501939;2020;6;17;5;2;5;3;0;1;1;0;0;0;0;1
139405;11;9;9100306;2020;6;17;1;3;0;1;0;1;0;0;0;0;0;0
139406;11;3;3501038;2020;5;17;1;3;1;5;0;1;1;0;0;0;0;0
139407;11;9;9100203;2020;6;14;4;3;5;7;0;0;1;0;0;0;0;0
139408;11;12;12500930;2020;6;15;4;3;5;2;0;1;1;0;0;0;0;0
139409;11;2;2100102;2020;6;17;4;3;1;5;0;1;1;0;0;0;0;0
139410;11;1;1100101;2020;6;14;4;3;3;6;0;1;1;0;0;0;0;0
139411;11;6;6100102;2020;6;12;7;3;5;2;0;1;1;0;0;0;0;0
139412;11;5;5200528;2020;5;13;1;3;2;6;0;0;1;0;0;0;0;0
139413;11;8;8200727;2020;6;14;4;3;6;4;0;0;1;1;0;0;0;0
139414;11;11;11200512;2020;6;14;4;3;5;7;0;0;1;0;0;0;1;0
139415;11;2;2400623;2020;6;18;4;2;5;3;0;1;1;0;0;0;0;0
139416;11;12;12500928;2020;6;16;7;3;1;5;0;1;1;0;0;0;0;0
139417;11;10;10100313;2020;6;14;4;3;5;3;0;0;1;0;0;0;1;0
139418;11;3;3500934;2020;6;6;3;3;5;3;0;0;1;0;0;0;1;0
139419;11;2;2500834;2020;6;14;4;3;5;3;0;1;1;0;0;0;0;0
139420;11;12;12100101;2020;6;15;2;2;5;2;0;0;1;0;1;0;0;0
139421;11;5;5100315;2020;5;13;1;2;5;2;0;0;1;0;1;0;0;0
139422;11;2;2500726;2020;6;11;4;1;5;2;0;1;0;0;0;1;0;0
139423;11;2;2100102;2020;6;17;4;3;5;3;0;1;1;0;0;0;0;0
139424;11;2;2100102;2020;6;16;5;3;5;3;0;0;1;0;1;0;0;1
139425;11;1;1200517;2020;6;17;1;3;1;5;0;0;1;0;0;0;1;0
139426;11;9;9501838;2020;5;12;1;3;5;7;0;1;1;0;0;0;0;0
139427;11;7;7601340;2020;6;14;4;3;2;2;0;0;1;0;0;0;1;0
139428;11;8;8401243;2020;6;13;4;3;5;2;0;0;1;0;0;0;0;0
139429;11;8;8401243;2020;6;10;4;3;5;2;0;0;1;0;0;0;0;0
139430;11;7;7601339;2020;6;13;4;3;5;2;0;1;1;0;0;0;0;0
139431;11;1;1100206;2020;6;8;3;3;5;3;0;0;1;0;1;0;0;0
139432;11;5;5100313;2020;6;11;4;3;0;6;0;0;1;0;0;0;1;0
139433;11;6;6400842;2020;6;8;2;3;5;2;0;1;1;0;0;0;0;0
139434;11;5;5200420;2020;5;12;1;3;5;2;0;1;1;0;0;0;0;0
139435;11;3;3601245;2020;6;10;3;3;5;3;0;0;1;0;0;0;1;0
139436;11;2;2200210;2020;6;12;3;3;2;6;0;0;1;0;1;0;0;0
139437;11;2;2200210;2020;6;9;2;3;0;4;0;1;0;1;0;0;0;0
139438;11;8;8100104;2020;5;10;1;3;2;6;0;0;1;0;1;0;0;0
139439;11;2;2200208;2020;6;9;3;2;3;6;0;1;0;0;0;0;0;0
139440;11;10;10100209;2020;6;16;4;3;5;3;0;1;1;0;0;0;0;0
139441;11;1;1100207;2020;6;18;4;3;5;2;0;1;1;0;0;0;0;0
139442;11;6;6400843;2020;6;18;1;3;5;3;0;0;1;0;0;0;0;0
139443;11;1;1100205;2020;5;17;1;3;5;3;0;1;1;0;0;0;0;0
139444;11;4;4501042;2020;6;21;3;3;6;4;1;1;0;1;0;0;0;0
139445;11;3;3100103;2020;6;19;3;3;5;2;0;1;1;0;0;0;0;0
139446;11;2;2400521;2020;6;8;4;3;5;2;0;1;1;0;0;0;0;0
139447;11;6;6400735;2020;6;19;3;2;5;2;0;1;0;0;0;0;0;0
139448;11;1;1300834;2020;6;12;7;2;6;7;0;1;0;1;0;0;0;0
139449;11;6;6400842;2020;6;15;3;3;5;3;0;1;1;0;0;0;0;0
139450;11;1;1100207;2020;6;19;3;3;6;7;0;0;1;1;0;0;0;0
139451;11;2;2200211;2020;6;20;2;3;5;7;0;1;1;0;0;0;0;0
139452;11;2;2200213;2020;5;5;1;2;4;7;0;0;1;0;0;0;0;0
139453;11;9;9200819;2020;6;18;6;3;5;3;0;1;1;0;0;0;0;0
139454;11;2;2200210;2020;6;16;3;3;5;2;0;1;1;0;0;0;0;0
139455;11;5;5200423;2020;6;14;4;3;5;2;0;0;1;0;0;0;0;0
139456;11;2;2200211;2020;6;11;7;3;6;7;0;1;0;1;0;0;0;0
139457;11;9;9501737;2020;6;12;3;2;3;6;0;1;1;0;0;0;0;0
139458;11;9;9200512;2020;6;18;3;3;1;5;0;1;1;0;0;0;0;0
139459;11;1;1401047;2020;6;18;3;3;1;5;0;1;1;0;0;0;0;0
139460;11;1;1401043;2020;6;17;6;3;2;6;0;0;1;0;0;0;1;1
139461;11;7;7100205;2020;6;18;3;3;5;2;0;1;1;0;0;0;0;0
139462;11;5;5300736;2020;6;15;4;2;5;2;0;0;1;0;1;0;0;0
139463;11;8;8100415;2020;6;22;7;3;5;7;2;1;1;0;0;0;0;0
139464;11;1;1100310;2020;6;16;3;3;2;6;0;0;1;0;0;0;0;0
139465;11;6;6300632;2020;6;16;3;3;0;4;0;0;0;1;0;0;1;0
139466;11;5;5200631;2020;6;19;3;3;6;7;0;0;1;1;0;0;0;0
139467;11;1;1100205;2020;6;16;3;2;5;2;0;0;1;0;1;0;0;0
139468;11;2;2500832;2020;6;12;3;2;0;1;0;1;0;0;0;0;0;0
139469;11;7;7200308;2020;6;15;3;3;3;6;0;1;1;0;0;0;0;0
139470;11;3;3601245;2020;6;17;2;2;5;3;0;0;1;0;1;0;0;0
139471;11;10;10100312;2020;5;17;1;3;5;3;0;1;1;0;0;0;0;0
139472;11;9;9100101;2020;6;16;6;3;1;5;0;1;1;0;0;0;0;0
139473;11;3;3200309;2020;6;16;3;3;0;7;0;1;0;0;0;0;0;0
139474;11;5;5100316;2020;6;20;4;3;5;2;1;1;1;0;0;0;0;0
139475;11;2;2200213;2020;6;17;7;3;5;3;0;1;1;0;0;0;0;0
139476;11;2;2300418;2020;6;15;3;3;6;7;0;1;0;1;0;0;0;0
139477;11;2;2200209;2020;6;14;3;3;0;7;0;0;1;0;0;0;1;0
139478;11;1;1401045;2020;6;15;3;3;3;6;0;0;0;0;1;0;1;0
139479;11;8;8100104;2020;6;15;2;3;6;4;0;0;1;1;0;0;0;0
139480;11;5;5100312;2020;5;16;1;2;1;5;0;0;1;0;0;0;0;0
139481;11;7;7601340;2020;5;1;1;2;9;1;2;0;1;0;0;0;0;0
139482;11;8;8100314;2020;6;15;3;3;2;7;0;1;1;0;0;0;0;0
139483;11;4;4100102;2020;6;21;2;3;3;6;1;0;1;0;0;0;0;0
139484;11;4;4200308;2020;5;17;1;3;2;6;0;0;1;0;0;0;0;0
139485;11;1;1100308;2020;6;15;3;3;1;5;0;0;1;0;0;0;1;0
139486;11;11;11400931;2020;6;17;5;3;5;3;0;1;1;0;0;0;0;0
139487;11;1;1100102;2020;6;16;2;3;5;2;0;1;1;0;0;0;0;0
139488;11;11;11300620;2020;5;17;1;3;0;2;0;0;1;0;1;0;0;0
139489;11;5;5200634;2020;6;14;3;2;1;5;0;0;1;0;0;0;0;0
139490;11;10;10400939;2020;6;14;3;3;0;2;0;1;1;0;0;0;0;0
139491;11;1;1100104;2020;6;8;4;3;5;2;0;1;1;0;0;0;0;0
139492;11;7;7300516;2020;6;16;7;3;5;2;0;1;1;0;0;0;0;0
139493;11;4;4400726;2020;6;15;3;3;2;6;0;0;1;0;0;0;0;0
139494;11;11;11300721;2020;6;10;3;3;5;3;0;0;1;0;0;0;1;0
139495;11;2;2500728;2020;6;14;3;3;5;6;0;0;1;0;0;0;0;0
139496;11;7;7100103;2020;6;12;2;3;5;2;0;1;1;0;0;0;0;0
139497;11;2;2500830;2020;5;16;1;3;1;5;0;1;1;0;0;0;0;0
139498;11;2;2100106;2020;6;13;3;2;5;2;0;0;1;0;1;0;0;0
139499;11;3;3400722;2020;6;16;4;3;5;3;0;1;0;0;0;0;0;0
139500;11;2;2100101;2020;6;12;5;3;5;2;0;1;1;0;0;0;0;0
139501;11;11;11300722;2020;6;20;1;3;5;3;0;0;1;0;0;0;1;0
139502;11;8;8200624;2020;5;16;1;3;5;7;0;0;1;0;0;0;0;0
139503;11;10;10400837;2020;6;13;3;3;5;3;0;1;1;0;0;0;0;0
139504;11;12;12500928;2020;6;13;3;3;5;3;0;0;1;0;1;0;0;0
139505;11;12;12400722;2020;6;9;4;3;5;2;0;0;1;0;1;0;0;0
139506;11;7;7300515;2020;6;10;3;3;5;7;0;0;1;0;0;0;0;0
139507;11;12;12200309;2020;6;17;4;3;3;6;0;0;1;0;1;0;0;0
139508;11;7;7501029;2020;6;17;5;3;5;3;0;1;1;0;0;0;0;1
139509;11;9;9401534;2020;6;11;1;2;0;1;0;1;0;0;0;0;0;1
139510;11;1;1100313;2020;5;15;1;2;1;5;0;1;1;0;0;0;0;0
139511;11;3;3500936;2020;6;9;3;2;0;3;0;0;1;0;1;0;0;0
139512;11;6;6300526;2020;6;12;3;3;5;2;0;1;1;0;0;0;0;0
139513;11;3;3200309;2020;6;11;4;2;0;1;0;1;0;0;0;0;0;0
139514;11;1;1400938;2020;6;8;3;3;5;2;0;1;1;0;0;0;0;0
139515;11;3;3601142;2020;6;9;3;2;5;2;0;1;0;0;0;1;0;0
139516;11;8;8100419;2020;6;8;3;3;1;5;0;1;1;0;0;0;0;0
139517;11;11;11300620;2020;6;9;2;3;5;2;0;1;0;0;0;0;0;0
139518;11;1;1300732;2020;5;14;1;2;6;4;0;0;1;1;0;0;0;0
139519;11;3;3300514;2020;6;8;3;3;5;2;0;1;1;0;0;0;0;0
139520;11;6;6100207;2020;6;15;4;3;1;5;0;1;1;0;0;0;0;0
139521;11;2;2100106;2020;6;13;1;2;5;2;0;1;1;0;0;0;0;0
139522;11;3;3601142;2020;5;13;1;3;0;7;0;1;0;0;0;0;0;0
139523;11;6;6300528;2020;6;8;3;3;2;7;0;1;0;0;0;0;1;0
139524;11;7;7601340;2020;6;7;3;2;5;2;0;1;1;0;0;0;0;0
139525;11;3;3601450;2020;6;10;3;3;5;2;0;1;1;0;0;0;0;0
139526;11;1;1100416;2020;6;7;3;3;2;7;0;1;1;0;0;0;0;0
139527;11;8;8100314;2020;6;14;3;3;5;7;0;1;1;0;0;0;0;0
139528;11;12;12400618;2020;6;7;3;3;5;2;0;1;1;0;0;0;0;0
139529;11;10;10200629;2020;6;7;3;3;1;5;0;1;0;0;0;0;1;0
139530;11;4;4300412;2020;6;8;3;2;6;4;0;0;1;1;0;0;0;0
139531;11;7;7501029;2020;6;12;3;3;5;2;0;1;0;0;0;0;1;0
139532;11;7;7400823;2020;6;11;2;3;2;2;0;0;1;0;0;0;0;0
139533;11;1;1300836;2020;5;17;1;3;0;6;0;0;1;0;0;0;1;0
139534;11;8;8100521;2020;6;16;6;3;5;3;0;0;1;0;0;0;0;0
139535;11;10;10400938;2020;6;5;3;3;2;6;0;0;1;0;0;0;0;0
139536;11;2;2200210;2020;6;15;4;3;5;7;0;1;1;0;0;0;0;0
139537;11;1;1200517;2020;6;20;7;3;5;3;0;1;1;0;0;0;0;0
139538;11;2;2300316;2020;6;19;3;3;5;3;0;1;1;0;0;0;0;0
139539;11;3;3400830;2020;6;12;7;3;5;2;0;0;1;0;0;0;0;0
139540;11;7;7200412;2020;6;12;3;3;5;2;0;0;1;0;1;0;0;0
139541;11;3;3400721;2020;6;19;3;3;6;6;0;1;0;1;0;0;0;0
139542;11;3;3400619;2020;6;16;3;2;1;7;0;0;1;0;1;0;1;0
139543;11;10;10100316;2020;6;11;7;3;2;6;0;0;1;0;0;0;0;0
139544;11;9;9200819;2020;6;11;2;3;0;6;0;0;1;0;0;0;1;0
139545;11;4;4100101;2020;6;18;2;3;0;6;0;0;1;0;0;0;1;0
139546;11;2;2500726;2020;6;17;2;3;5;3;0;1;1;0;1;0;0;0
139547;11;8;8100310;2020;5;22;7;3;1;5;2;1;1;0;0;0;0;0
139548;11;8;8100310;2020;6;19;4;3;3;6;0;1;1;0;0;0;0;0
139549;11;6;6200311;2020;6;15;7;2;2;7;0;0;1;0;0;0;0;0
139550;11;5;5300737;2020;6;16;7;2;5;2;0;0;1;0;0;0;0;0
139551;11;5;5100316;2020;6;22;2;2;5;3;2;0;1;0;0;0;0;0
139552;11;9;9401635;2020;6;12;4;3;1;5;0;0;1;0;1;0;0;0
139553;11;3;3601449;2020;6;15;4;3;5;3;0;1;1;0;0;0;0;0
139554;11;2;2300314;2020;6;19;2;3;5;2;0;1;1;0;0;0;0;0
139555;11;4;4200203;2020;6;19;2;3;1;5;0;1;1;0;0;0;0;0
139556;11;6;6200316;2020;6;18;2;3;4;6;0;1;0;0;0;0;0;0
139557;11;5;5200629;2020;6;11;4;3;5;7;0;0;1;0;0;0;0;0
139558;11;2;2200212;2020;6;18;2;3;0;7;0;1;1;0;0;0;0;0
139559;11;2;2200211;2020;6;10;4;3;6;4;0;1;0;1;0;0;0;0
139560;11;4;4501042;2020;6;17;2;3;5;7;0;0;1;0;0;0;0;0
139561;11;4;4300620;2020;6;13;5;2;3;6;0;1;1;0;0;0;0;0
139562;11;2;2300419;2020;6;10;4;2;5;2;0;1;1;0;0;0;0;0
139563;11;1;1100415;2020;6;17;2;3;5;5;0;1;1;0;0;0;0;0
139564;11;7;7200409;2020;6;16;2;3;5;2;0;1;1;0;0;0;0;0
139565;11;2;2400521;2020;6;16;2;2;0;1;0;1;0;0;0;0;0;0
139566;11;1;1100309;2020;6;16;2;3;2;6;0;1;1;0;0;0;0;0
139567;11;4;4501043;2020;6;10;4;3;5;3;0;1;1;0;0;0;0;0
139568;11;4;4501146;2020;6;15;2;3;2;6;0;0;1;0;1;0;0;0
139569;11;9;9100203;2020;6;12;2;3;2;6;0;0;1;0;0;0;1;0
139570;11;7;7601341;2020;6;11;5;3;2;6;0;0;1;0;1;0;0;0
139571;11;3;3601142;2020;6;9;4;3;5;3;0;0;1;0;0;0;0;0
139572;11;2;2200209;2020;6;23;2;3;1;5;2;1;1;0;0;0;0;0
139573;11;5;5100208;2020;6;13;2;3;5;2;0;1;1;0;0;0;0;0
139574;11;11;11400931;2020;6;22;2;2;5;3;2;1;0;0;1;0;0;0
139575;11;7;7300516;2020;6;9;4;3;5;3;0;1;1;0;0;0;0;0
139576;11;6;6200423;2020;6;15;4;3;5;2;0;0;1;0;0;0;0;0
139577;11;2;2400625;2020;6;21;2;3;1;5;1;1;1;0;0;0;0;0
139578;11;11;11100206;2020;6;20;2;2;5;3;1;1;1;0;0;0;0;0
139579;11;3;3501037;2020;6;8;4;3;5;3;0;1;1;0;0;0;0;0
139580;11;2;2400521;2020;6;9;4;3;5;2;0;0;1;0;1;0;0;0
139581;11;6;6300633;2020;6;20;2;2;2;4;0;0;1;1;0;0;0;0
139582;11;9;9501838;2020;6;9;4;3;2;6;0;0;1;0;0;0;0;0
139583;11;11;11200410;2020;6;20;2;3;5;2;1;1;1;0;0;0;0;0
139584;11;8;8100520;2020;6;20;2;3;0;2;1;1;1;0;0;0;0;0
139585;11;1;1100309;2020;6;9;5;3;0;6;0;1;1;0;0;0;0;0
139586;11;9;9200819;2020;6;8;4;3;5;2;0;1;1;0;0;0;0;0
139587;11;7;7601442;2020;6;20;2;3;5;2;0;1;1;0;0;0;0;0
139588;11;1;1401047;2020;6;20;2;3;5;7;0;1;1;0;0;0;0;0
139589;11;6;6200423;2020;6;11;2;3;0;7;0;1;0;0;0;0;0;0
139590;11;8;8200727;2020;6;8;4;3;6;7;0;0;1;1;0;0;0;0
139591;11;5;5200632;2020;6;15;4;2;2;6;0;0;1;0;1;0;0;0
139592;11;1;1400940;2020;6;8;2;3;4;6;0;0;1;0;0;0;0;0
139593;11;6;6200420;2020;6;8;2;3;6;2;0;0;0;1;0;0;1;0
139594;11;10;10300732;2020;6;7;2;3;6;4;0;0;1;1;0;0;0;0
139595;11;3;3500933;2020;6;8;4;2;5;3;0;1;1;0;0;0;0;0
139596;11;10;10200420;2020;6;7;2;3;0;1;0;1;0;0;0;0;0;0
139597;11;11;11300724;2020;6;6;2;3;5;3;0;1;1;0;0;0;0;0
139598;11;10;10400837;2020;6;6;2;3;5;3;0;1;1;0;0;0;0;0
139599;11;3;3300516;2020;6;5;2;3;0;1;0;0;0;0;1;0;0;1
139600;11;6;6100102;2020;6;1;4;3;0;1;2;0;0;0;0;0;1;0
139601;11;6;6200421;2020;6;15;4;3;2;6;0;0;1;0;0;0;1;0
139602;11;5;5200528;2020;6;16;2;3;2;6;0;0;1;0;1;0;0;0
139603;11;1;1200628;2020;6;16;2;2;5;2;0;0;1;0;0;0;0;0
139604;11;4;4100101;2020;6;16;2;3;1;5;0;0;1;0;0;0;0;0
139605;11;6;6200313;2020;6;8;3;3;0;5;0;0;1;0;0;0;0;0
139606;11;10;10400940;2020;6;15;2;3;4;6;0;1;0;0;0;0;0;0
139607;11;4;4500936;2020;6;15;3;3;2;6;0;0;1;0;0;0;0;0
139608;11;5;5200420;2020;6;15;2;2;5;3;0;1;0;0;0;1;0;0
139609;11;11;11401136;2020;6;11;5;3;8;7;0;0;0;0;0;0;1;0
139610;11;11;11300722;2020;6;21;3;3;1;5;1;1;1;0;0;0;0;0
139611;11;5;5200421;2020;6;9;3;3;6;7;0;1;0;1;0;0;0;0
139612;11;12;12500825;2020;6;15;2;3;2;6;0;0;1;0;0;0;0;0
139613;11;8;8200831;2020;6;15;5;3;5;3;0;0;1;0;0;0;0;0
139614;11;2;2300417;2020;6;19;3;3;0;2;0;1;0;0;1;0;0;0
139615;11;8;8200622;2020;6;14;2;3;5;2;0;0;1;0;0;0;0;0
139616;11;7;7601544;2020;6;14;2;3;3;6;0;0;1;0;1;0;0;0
139617;11;1;1100308;2020;6;14;2;3;3;6;0;1;1;0;0;0;0;0
139618;11;7;7200413;2020;6;13;2;3;1;5;0;1;1;0;0;0;0;0
139619;11;1;1200628;2020;6;19;3;3;5;2;0;0;1;0;1;0;0;0
139620;11;12;12200310;2020;6;13;2;2;5;3;0;0;1;0;1;0;0;0
139621;11;2;2400521;2020;6;13;2;2;0;5;0;1;1;0;0;0;0;0
139622;11;3;3300516;2020;6;10;5;3;5;3;0;0;1;0;0;0;0;0
139623;11;1;1401047;2020;6;18;3;3;6;4;0;1;0;1;0;0;0;0
139624;11;6;6200422;2020;6;13;2;3;0;7;0;1;0;0;0;0;0;0
139625;11;2;2100102;2020;6;12;2;2;5;3;0;1;1;0;0;0;0;0
139626;11;1;1100103;2020;6;12;2;3;2;7;0;0;0;0;1;0;1;0
139627;11;2;2300314;2020;6;20;2;3;5;2;0;1;1;0;0;0;0;0
139628;11;6;6300524;2020;6;11;2;2;5;2;0;1;1;0;0;0;0;0
139629;11;1;1200517;2020;6;18;3;3;5;2;0;0;1;0;1;0;0;0
139630;11;2;2100101;2020;6;17;2;3;5;2;0;1;0;0;0;0;0;0
139631;11;1;1100309;2020;6;10;2;3;6;4;0;1;0;1;0;0;0;0
139632;11;10;10200423;2020;6;8;5;3;5;2;0;0;1;0;1;0;0;0
139633;11;7;7100101;2020;6;18;3;3;3;6;0;1;0;0;0;0;0;0
139634;11;5;5200524;2020;6;11;2;3;5;2;0;0;1;0;0;0;1;0
139635;11;3;3200310;2020;6;10;2;3;0;2;0;0;1;0;0;0;1;0
139636;11;5;5200528;2020;6;10;2;2;4;6;0;0;1;0;0;0;0;0
139637;11;1;1100101;2020;6;18;3;3;5;2;0;0;1;0;0;0;0;0
139638;11;1;1300836;2020;6;21;4;3;5;3;2;0;1;0;0;0;0;0
139639;11;2;2200210;2020;6;8;2;3;0;7;0;1;0;0;0;0;0;0
139640;11;3;3300413;2020;6;16;2;1;5;2;0;0;1;0;1;0;0;0
139641;11;2;2200210;2020;6;18;3;3;1;5;0;1;1;0;0;0;0;0
139642;11;1;1100415;2020;6;19;4;3;0;1;0;1;0;0;0;0;0;0
139643;11;3;3300517;2020;6;17;1;3;0;3;0;1;0;0;0;0;1;0
139644;11;6;6400844;2020;6;18;1;3;5;2;0;1;0;0;1;0;0;0
139645;11;6;6200311;2020;6;8;4;3;5;3;0;1;1;0;0;0;0;0
139646;11;4;4501149;2020;6;22;1;3;2;7;2;1;1;0;0;0;0;0
139647;11;3;3100103;2020;6;8;4;3;6;4;0;0;1;1;0;0;0;0
139648;11;1;1300834;2020;6;22;1;3;5;2;2;1;1;0;0;0;0;0
139649;11;1;1100206;2020;6;20;1;3;1;7;0;1;1;0;0;0;0;0
139650;11;8;8300935;2020;6;18;3;2;4;6;0;0;1;0;1;0;0;0
139651;11;8;8100417;2020;6;14;4;3;5;3;0;1;1;0;0;0;0;0
139652;11;4;4400728;2020;6;20;1;3;1;5;0;1;1;0;0;0;0;0
139653;11;6;6400844;2020;6;19;1;3;5;2;0;1;1;0;0;0;0;0
139654;11;8;8100209;2020;6;8;4;3;5;2;0;0;1;0;0;0;0;0
139655;11;8;8300935;2020;6;18;1;3;0;1;0;1;0;0;0;0;0;0
139656;11;3;3601243;2020;6;17;1;3;1;5;0;1;1;0;0;0;0;0
139657;11;1;1200517;2020;6;7;4;3;4;6;0;0;1;0;0;0;1;0
139658;11;3;3300516;2020;6;18;1;2;9;1;0;0;1;0;0;0;0;0
139659;11;10;10100311;2020;6;17;3;3;5;2;0;1;1;0;0;0;0;0
139660;11;9;9100306;2020;6;16;1;2;5;7;0;0;1;0;1;0;0;0
139661;11;9;9401534;2020;6;17;3;3;6;4;2;1;0;1;0;0;0;0
139662;11;1;1100206;2020;6;15;1;3;0;1;0;0;0;0;0;0;1;0
139663;11;4;4300622;2020;6;14;5;3;2;6;0;0;1;0;1;0;0;0
139664;11;7;7200409;2020;6;17;3;3;0;5;0;0;1;0;0;0;0;0
139665;11;7;7200414;2020;6;12;1;3;2;6;0;1;1;0;0;0;0;0
139666;11;8;8200832;2020;6;7;4;3;2;1;0;0;1;0;1;0;0;0
139667;11;1;1100206;2020;6;11;1;3;5;5;0;1;1;0;0;0;0;0
139668;11;1;1400942;2020;6;11;1;3;2;6;0;0;1;0;0;0;0;0
139669;11;5;5100317;2020;6;17;3;3;2;6;0;0;1;0;0;0;0;0
139670;11;4;4300620;2020;6;16;1;3;5;2;0;1;0;0;0;0;0;0
139671;11;2;2200210;2020;6;22;7;3;5;3;2;0;1;0;0;0;0;1
139672;11;4;4300622;2020;6;17;3;3;2;6;0;0;1;0;1;0;0;0
139673;11;8;8100310;2020;6;21;7;3;5;3;2;1;1;0;0;0;0;1
139674;11;2;2300419;2020;6;21;7;2;6;4;2;0;1;1;0;0;0;1
139675;11;5;5200527;2020;6;11;5;3;5;3;0;0;1;0;0;0;0;0
139676;11;10;10100315;2020;6;16;3;3;2;6;0;0;1;0;0;0;0;0
139677;11;8;8100311;2020;6;20;7;3;5;3;2;1;1;0;0;0;0;1
139678;11;1;1100310;2020;6;5;4;3;5;2;0;1;1;0;0;0;0;0
139679;11;12;12200515;2020;6;20;7;3;6;7;1;1;0;1;0;0;0;1
139680;11;1;1100311;2020;6;19;7;3;0;1;1;1;0;0;0;0;0;1
139681;11;12;12100101;2020;6;16;3;3;6;4;0;0;1;1;0;0;0;0
139682;11;1;1400940;2020;6;14;4;2;2;6;0;0;1;0;1;0;0;0
139683;11;10;10400938;2020;6;19;7;3;0;1;1;1;0;0;0;0;0;1
139684;11;3;3200206;2020;6;18;7;3;0;6;0;0;1;0;1;0;0;1
139685;11;3;3601245;2020;6;7;5;3;0;7;0;1;0;1;0;0;0;0
139686;11;8;8300935;2020;6;9;3;3;1;5;0;0;1;0;0;0;0;0
139687;11;9;9200715;2020;6;16;7;2;0;7;0;1;0;0;0;0;0;0
139688;11;1;1300834;2020;6;16;7;2;0;1;0;0;0;0;1;0;0;1
139689;11;1;1100309;2020;6;9;5;3;5;3;0;1;0;0;0;0;1;0
139690;11;5;5100316;2020;6;9;3;3;2;6;0;0;1;0;0;0;1;0
139691;11;4;4300517;2020;6;16;7;1;5;3;0;1;1;0;0;0;0;0
139692;11;10;10100206;2020;6;14;7;2;2;6;0;0;1;0;0;0;0;1
139693;11;1;1200623;2020;6;14;7;3;1;5;0;1;1;0;0;0;0;0
139694;11;1;1100205;2020;6;16;3;3;0;1;0;1;0;0;0;0;0;0
139695;11;1;1300730;2020;6;18;4;3;5;3;0;1;0;0;0;0;0;0
139696;11;8;8100417;2020;6;14;7;3;5;7;0;1;1;0;0;0;0;0
139697;11;1;1300836;2020;6;14;7;3;0;2;0;1;1;0;0;0;0;0
139698;11;12;12200310;2020;6;18;4;3;5;2;0;1;1;0;0;0;0;0
139699;11;1;1300732;2020;6;14;7;3;6;4;0;1;0;1;0;0;0;0
139700;11;12;12200411;2020;6;17;4;3;2;6;0;0;1;0;1;0;0;0
139701;11;9;9200819;2020;6;14;7;3;6;4;0;0;1;1;0;0;0;0
139702;11;1;1100101;2020;6;13;7;3;5;3;0;1;1;0;0;0;0;0
139703;11;1;1300836;2020;6;12;7;3;0;7;0;1;0;0;0;0;0;0
139704;11;8;8100102;2020;6;11;7;3;5;7;0;0;1;0;1;0;0;0
139705;11;3;3500934;2020;6;8;3;3;5;3;0;0;1;0;0;0;0;0
139706;11;6;6200314;2020;6;13;4;2;2;6;0;1;1;0;0;0;0;0
139707;11;12;12500824;2020;6;10;7;3;2;6;0;0;1;0;0;0;0;0
139708;11;5;5200525;2020;6;11;7;2;5;3;0;0;1;0;1;0;0;0
139709;11;6;6200422;2020;6;6;7;3;5;3;0;0;1;0;0;0;0;0