OBJECTID;LAND;BEZ;LOR_ab_2021;UJAHR;UMONAT;USTUNDE;UWOCHENTAG;UKATEGORIE;UART;UTYP1;ULICHTVERH;IstRad;IstPKW;IstFuss;IstKrad;IstGkfz;IstSonstige;USTRZUSTAND
139710;11;12;12500825;2020;6;15;3;2;5;2;0;0;1;0;1;0;0;0
139711;11;1;1100206;2020;6;1;7;3;1;5;2;1;1;0;0;0;0;0
139712;11;3;3500936;2020;6;14;3;2;1;5;0;1;0;0;0;0;1;0
139713;11;1;1401047;2020;6;0;7;3;6;2;2;0;0;1;0;0;1;0
139714;11;1;1400938;2020;6;12;5;3;0;2;0;1;1;0;0;0;0;0
139715;11;7;7400823;2020;6;8;3;3;5;2;0;1;1;0;0;0;0;0
139716;11;11;11200411;2020;6;17;7;3;3;2;1;1;1;0;0;0;0;1
139717;11;1;1100312;2020;6;16;4;3;5;2;0;1;1;0;0;0;0;0
139718;11;6;6200421;2020;6;15;5;3;6;6;0;1;0;1;0;0;0;0
139719;11;2;2200211;2020;6;14;3;3;3;6;0;1;1;0;0;0;0;0
139720;11;4;4100101;2020;6;13;6;2;5;2;0;1;0;0;0;0;1;0
139721;11;1;1100309;2020;6;20;6;2;3;6;0;1;1;0;0;0;0;0
139722;11;4;4501041;2020;6;19;6;3;0;7;0;1;0;0;0;0;0;1
139723;11;8;8100314;2020;6;18;6;3;0;1;0;1;0;0;0;0;0;0
139724;11;1;1100309;2020;6;8;3;3;0;1;0;1;0;0;0;0;0;0
139725;11;12;12200308;2020;6;18;6;3;0;1;0;0;1;0;1;0;0;0
139726;11;12;12200308;2020;6;18;6;3;5;3;0;0;1;0;0;0;1;0
139727;11;8;8401241;2020;6;11;5;3;5;3;0;0;1;0;0;0;0;0
139728;11;1;1401049;2020;6;15;3;3;5;3;0;1;1;0;0;0;0;0
139729;11;6;6300631;2020;6;17;6;3;5;3;0;0;1;0;0;0;0;0
139730;11;9;9502043;2020;6;17;6;3;5;3;0;0;1;0;0;0;0;0
139731;11;5;5100209;2020;6;17;6;3;6;7;0;1;0;1;0;0;0;0
139732;11;6;6200420;2020;6;14;3;3;2;6;0;1;1;0;0;0;0;0
139733;11;12;12601133;2020;6;16;6;3;6;7;0;1;0;1;0;0;0;0
139734;11;7;7601546;2020;6;15;6;3;1;5;0;1;1;0;0;0;0;0
139735;11;1;1300836;2020;6;13;3;3;5;3;0;1;1;0;0;0;0;0
139736;11;5;5400943;2020;6;8;6;3;2;6;0;1;1;0;0;0;0;0
139737;11;8;8100311;2020;6;15;6;3;5;7;0;1;1;0;0;0;1;0
139738;11;10;10400940;2020;6;9;5;1;6;4;0;1;0;1;0;0;0;0
139739;11;9;9501939;2020;6;6;3;3;5;2;0;1;1;0;0;0;0;0
139740;11;12;12200308;2020;6;14;6;3;2;6;0;0;1;0;0;0;0;0
139741;11;1;1401044;2020;6;16;4;3;4;6;0;1;0;0;0;0;1;0
139742;11;2;2500830;2020;6;14;6;3;3;6;0;1;1;0;0;0;0;0
139743;11;1;1100308;2020;6;13;6;3;0;1;0;0;0;0;1;0;0;0
139744;11;3;3300516;2020;6;6;3;3;5;3;0;0;1;0;0;0;1;0
139745;11;7;7501134;2020;6;13;4;3;5;3;0;1;1;0;0;0;0;0
139746;11;2;2200209;2020;6;13;6;2;5;2;0;1;0;0;0;0;1;0
139747;11;1;1100207;2020;6;13;6;3;5;2;0;1;1;0;0;0;0;0
139748;11;2;2300316;2020;6;12;6;3;5;7;0;0;1;0;1;0;0;0
139749;11;1;1300836;2020;6;13;4;3;0;7;0;0;0;0;1;0;0;1
139750;11;1;1100102;2020;6;23;6;3;5;2;2;0;1;0;1;0;0;0
139751;11;3;3400723;2020;6;22;6;3;1;5;2;1;1;0;0;0;0;0
139752;11;8;8100311;2020;6;23;4;3;1;1;2;0;1;0;1;0;0;0
139753;11;4;4100101;2020;6;22;6;2;1;5;2;1;0;0;0;0;1;0
139754;11;4;4200308;2020;6;12;6;3;5;2;0;1;0;0;0;0;1;0
139755;11;1;1200628;2020;6;12;6;2;5;2;0;0;1;0;0;0;1;0
139756;11;7;7400928;2020;6;5;3;3;5;3;0;1;1;0;0;0;0;0
139757;11;2;2500834;2020;6;17;4;3;5;2;0;1;1;0;0;0;0;0
139758;11;5;5400943;2020;6;20;6;3;5;2;0;0;1;0;1;0;0;0
139759;11;10;10400940;2020;6;12;6;3;5;2;0;1;1;0;0;0;0;0
139760;11;9;9501940;2020;6;12;6;3;1;5;0;1;1;0;0;0;0;0
139761;11;2;2400522;2020;6;11;6;3;2;6;0;0;1;0;1;0;0;0
139762;11;5;5100315;2020;6;0;3;2;5;3;2;1;1;0;0;0;0;0
139763;11;1;1100206;2020;6;13;3;3;5;2;0;0;1;0;1;0;0;0
139764;11;7;7601238;2020;6;11;6;3;1;5;0;0;1;0;0;0;0;0
139765;11;11;11400931;2020;6;12;3;3;5;2;0;1;1;0;0;0;0;0
139766;11;9;9200614;2020;6;10;6;2;6;4;0;0;1;1;0;0;0;0
139767;11;1;1200629;2020;6;14;5;3;0;7;0;1;0;1;0;0;0;0
139768;11;9;9100408;2020;6;12;3;3;2;6;0;0;1;0;0;0;0;0
139769;11;10;10400938;2020;6;9;6;3;2;6;0;0;1;0;0;0;0;0
139770;11;5;5100211;2020;6;8;6;3;1;5;0;0;1;0;0;0;0;0
139771;11;10;10300731;2020;6;8;6;3;5;2;0;1;1;0;0;0;0;0
139772;11;3;3601141;2020;6;7;6;2;5;2;0;1;1;0;0;0;0;0
139773;11;2;2300316;2020;6;11;3;3;5;3;0;1;1;0;0;0;0;0
139774;11;6;6400838;2020;6;6;6;3;5;2;0;1;1;0;0;0;0;0
139775;11;3;3500934;2020;6;9;5;3;6;7;0;1;0;1;0;0;0;0
139776;11;8;8200832;2020;6;10;5;3;6;2;0;0;1;1;0;0;0;0
139777;11;8;8401246;2020;6;11;3;3;5;3;0;0;1;0;0;1;0;0
139778;11;6;6300524;2020;6;7;5;2;0;1;0;1;0;0;0;0;0;1
139779;11;7;7601442;2020;6;12;5;3;5;2;0;0;1;0;0;0;0;1
139780;11;4;4501147;2020;6;11;5;3;5;2;0;1;1;0;0;0;0;1
139781;11;2;2500832;2020;6;12;5;3;5;7;0;1;1;0;0;0;0;0
139782;11;1;1100207;2020;6;11;3;3;0;7;0;1;1;0;0;0;0;0
139783;11;4;4501045;2020;6;11;5;3;6;4;0;1;0;1;0;0;0;1
139784;11;12;12400723;2020;6;9;5;3;5;3;0;1;1;0;0;0;0;1
139785;11;4;4501149;2020;6;9;5;3;6;2;0;0;1;1;0;0;0;1
139786;11;1;1400938;2020;6;10;3;3;5;2;0;1;1;0;0;0;0;0
139787;11;4;4400726;2020;6;9;5;3;3;6;0;0;1;0;0;1;0;0
139788;11;5;5100313;2020;6;9;5;3;6;4;0;0;1;1;0;0;0;1
139789;11;4;4400833;2020;6;7;5;3;5;3;0;0;1;0;0;0;0;0
139790;11;1;1100206;2020;6;10;3;2;0;7;0;1;0;0;0;0;0;0
139791;11;4;4400833;2020;6;9;5;3;2;6;0;0;1;0;0;0;1;1
139792;11;1;1401048;2020;6;9;5;3;5;2;0;1;0;0;0;0;1;1
139793;11;7;7501029;2020;6;20;5;3;2;6;1;0;1;0;0;0;1;0
139794;11;3;3601141;2020;6;8;5;3;0;6;0;0;0;0;1;0;1;1
139795;11;8;8100209;2020;6;13;2;3;2;3;0;0;1;0;0;1;0;0
139796;11;10;10200627;2020;6;12;4;3;2;6;0;0;1;0;0;0;0;0
139797;11;2;2200208;2020;6;8;5;2;0;2;0;1;1;0;0;0;0;1
139798;11;1;1300834;2020;6;7;5;3;1;5;0;1;1;0;0;0;0;1
139799;11;3;3500935;2020;6;8;4;3;5;3;0;0;1;1;0;0;1;0
139800;11;1;1300836;2020;6;16;4;3;1;5;0;1;1;0;0;0;1;0
139801;11;7;7601544;2020;6;19;5;3;2;1;0;0;1;0;0;0;0;0
139802;11;12;12200309;2020;6;15;4;3;1;5;0;1;1;0;0;0;0;0
139803;11;12;12100205;2020;6;6;5;3;5;3;0;1;1;0;0;0;0;1
139804;11;4;4200311;2020;6;19;5;3;5;7;0;0;1;0;0;0;0;0
139805;11;5;5200629;2020;6;15;5;3;5;3;0;0;1;0;0;0;0;0
139806;11;4;4100102;2020;6;15;2;2;6;7;0;1;0;1;0;0;0;0
139807;11;1;1300834;2020;6;19;5;3;6;4;0;0;1;1;0;0;0;1
139808;11;11;11400929;2020;6;19;5;3;5;3;0;1;1;0;0;0;0;1
139809;11;4;4300412;2020;6;13;5;3;5;2;0;1;0;0;0;1;0;0
139810;11;4;4100101;2020;6;18;2;3;5;2;0;1;1;0;0;0;0;0
139811;11;2;2400625;2020;6;17;7;3;5;2;0;0;1;0;0;0;0;1
139812;11;3;3400620;2020;6;23;7;3;0;7;2;1;0;0;0;0;0;0
139813;11;8;8100104;2020;6;6;4;3;5;7;0;0;1;0;0;0;0;0
139814;11;8;8100105;2020;6;20;5;3;5;7;0;0;1;0;0;0;0;0
139815;11;7;7601236;2020;6;11;3;3;1;5;0;0;1;0;0;0;0;0
139816;11;1;1200628;2020;6;16;7;3;5;3;0;0;1;0;0;0;0;1
139817;11;12;12200515;2020;6;13;3;3;6;7;0;0;0;1;0;0;1;0
139818;11;1;1300836;2020;6;16;7;3;6;2;0;0;1;1;0;0;0;1
139819;11;10;10300734;2020;6;7;5;3;5;2;0;0;1;0;1;0;0;0
139820;11;4;4400835;2020;6;14;6;3;5;3;0;0;1;0;0;0;0;1
139821;11;5;5100316;2020;6;6;2;3;1;5;0;1;1;0;0;0;0;0
139822;11;1;1300836;2020;6;16;7;3;0;1;0;1;0;0;0;0;0;1
139823;11;7;7100103;2020;6;19;4;2;0;1;0;0;0;0;0;0;1;0
139824;11;1;1401046;2020;6;7;3;3;5;2;0;1;1;0;0;0;0;0
139825;11;6;6200313;2020;6;18;3;3;5;2;0;1;1;0;0;0;0;0
139826;11;4;4501042;2020;6;12;2;3;5;5;0;1;1;0;0;0;0;0
139827;11;3;3300411;2020;6;16;7;3;2;2;0;0;1;0;0;0;0;1
139828;11;6;6400838;2020;6;10;4;2;0;7;0;0;0;0;0;1;0;0
139829;11;12;12200309;2020;6;13;6;3;6;7;0;1;0;1;0;0;0;0
139830;11;4;4501045;2020;6;14;2;3;1;5;0;0;0;0;1;0;1;0
139831;11;1;1400939;2020;6;15;7;3;2;6;0;0;1;0;0;0;0;1
139832;11;4;4500939;2020;6;16;4;2;9;1;0;0;0;0;1;0;0;0
139833;11;8;8401243;2020;6;17;3;2;0;1;0;1;0;0;0;0;0;0
139834;11;6;6400843;2020;6;8;2;3;2;6;0;0;1;0;0;0;0;0
139835;11;4;4100101;2020;6;15;7;3;1;7;0;0;1;0;0;0;0;1
139836;11;9;9300923;2020;6;22;7;3;1;5;2;0;1;0;0;0;0;1
139837;11;8;8401243;2020;6;9;4;3;5;3;0;1;1;0;0;0;0;0
139838;11;8;8200624;2020;6;17;5;3;6;4;0;0;1;1;0;0;0;0
139839;11;12;12601235;2020;6;15;1;2;1;5;0;0;1;0;0;0;1;0
139840;11;7;7100102;2020;6;18;6;3;6;4;0;0;0;1;1;0;0;1
139841;11;4;4100101;2020;6;10;2;3;5;2;0;0;1;0;0;1;0;0
139842;11;2;2200213;2020;6;22;6;3;1;5;2;1;1;0;0;0;0;0
139843;11;2;2300316;2020;6;10;4;3;5;7;0;1;0;0;0;0;1;0
139844;11;12;12200414;2020;6;19;5;2;5;2;0;1;1;0;0;0;0;0
139845;11;4;4400833;2020;6;11;2;3;5;3;0;1;0;0;0;0;1;0
139846;11;9;9200510;2020;6;17;6;3;0;2;0;1;1;0;0;0;0;1
139847;11;2;2500833;2020;6;13;4;3;5;2;0;0;1;0;0;0;1;0
139848;11;1;1401049;2020;6;16;3;3;5;3;0;1;1;0;0;0;0;0
139849;11;8;8401243;2020;6;17;2;3;5;3;0;1;1;0;0;0;0;0
139850;11;8;8100312;2020;6;13;6;2;1;5;0;1;1;0;0;0;0;0
139851;11;1;1300834;2020;6;18;7;3;2;6;0;0;1;0;0;0;0;1
139852;11;2;2200208;2020;6;17;4;3;0;2;0;1;1;0;0;0;0;0
139853;11;4;4200311;2020;6;21;5;3;0;7;1;0;0;0;1;0;0;0
139854;11;9;9501939;2020;6;12;3;2;5;2;0;1;1;0;0;0;0;0
139855;11;8;8100415;2020;6;12;6;3;5;2;0;1;1;0;0;0;0;0
139856;11;1;1100206;2020;6;12;4;3;0;6;0;1;1;0;0;0;0;0
139857;11;2;2200210;2020;6;15;3;3;8;1;0;1;1;0;0;0;0;0
139858;11;8;8200832;2020;6;12;5;3;1;5;0;0;1;0;0;0;1;0
139859;11;4;4501041;2020;6;16;6;3;2;6;0;1;1;0;0;0;0;0
139860;11;3;3300516;2020;6;17;2;2;5;3;0;1;0;0;1;0;0;0
139861;11;2;2400521;2020;6;12;6;3;0;7;0;0;1;1;0;0;0;0
139862;11;4;4501149;2020;6;18;7;3;2;7;0;0;1;0;1;0;0;1
139863;11;12;12100204;2020;6;14;4;3;0;5;0;0;1;0;0;0;1;0
139864;11;4;4501153;2020;6;14;5;3;6;7;0;1;0;1;0;0;0;0
139865;11;4;4200309;2020;6;9;3;3;3;6;0;0;1;0;1;0;0;0
139866;11;1;1200520;2020;6;23;6;3;2;2;2;1;1;0;0;0;0;0
139867;11;2;2200213;2020;6;10;3;3;2;6;0;0;1;0;0;0;0;0
139868;11;4;4300624;2020;6;18;6;3;0;6;0;0;1;0;0;0;1;0
139869;11;12;12500926;2020;6;14;5;3;2;2;0;1;1;0;0;0;0;0
139870;11;7;7501029;2020;6;14;6;3;0;3;0;1;1;0;0;0;0;1
139871;11;9;9501838;2020;6;15;2;3;3;6;0;1;0;0;0;0;1;0
139872;11;3;3601244;2020;6;21;6;3;0;2;1;1;1;0;0;0;0;0
139873;11;4;4400834;2020;6;14;3;3;5;2;0;1;1;0;0;0;0;0
139874;11;9;9100101;2020;6;19;6;3;0;1;0;1;0;0;0;0;0;1
139875;11;4;4400835;2020;6;10;5;3;2;6;0;0;1;0;0;0;1;0
139876;11;10;10100206;2020;6;15;6;2;5;3;0;1;1;0;0;0;0;0
139877;11;9;9200819;2020;6;17;2;3;4;6;0;1;0;0;0;0;0;0
139878;11;4;4501149;2020;6;19;6;3;1;5;1;0;1;0;1;0;0;1
139879;11;1;1100309;2020;6;21;4;3;2;6;1;0;1;0;1;0;0;0
139880;11;9;9501737;2020;6;14;5;3;2;6;0;0;1;0;0;0;0;0
139881;11;9;9100202;2020;6;7;3;2;2;6;0;0;1;0;0;0;0;0
139882;11;7;7400823;2020;6;19;2;3;2;6;0;0;1;0;0;0;0;0
139883;11;1;1401045;2020;6;19;6;3;4;3;0;1;0;0;0;0;1;1
139884;11;8;8100418;2020;6;11;4;3;6;4;0;0;1;1;0;0;0;0
139885;11;1;1401047;2020;6;19;5;3;5;2;0;1;1;0;0;0;0;0
139886;11;2;2400623;2020;6;13;2;3;0;1;0;1;0;0;0;0;0;0
139887;11;7;7501029;2020;6;18;6;3;5;2;0;1;1;0;0;0;0;0
139888;11;9;9100306;2020;6;15;4;2;2;6;0;0;1;0;1;0;0;0
139889;11;9;9300920;2020;6;17;3;3;5;3;0;1;0;0;0;0;1;0
139890;11;2;2500830;2020;6;18;4;3;5;2;0;1;1;0;0;0;0;0
139891;11;10;10100316;2020;6;6;3;3;0;2;0;1;1;0;0;0;0;0
139892;11;11;11200512;2020;6;10;2;2;5;2;0;0;1;0;1;0;0;0
139893;11;8;8100311;2020;6;18;6;3;2;6;0;0;1;0;0;0;0;0
139894;11;6;6300526;2020;6;9;4;3;5;2;0;0;1;0;0;0;1;0
139895;11;2;2300315;2020;6;18;5;3;3;6;0;1;0;0;0;0;0;0
139896;11;3;3701554;2020;6;21;1;3;0;7;1;1;1;0;0;0;0;0
139897;11;4;4100102;2020;6;17;6;3;3;6;0;0;1;0;0;1;0;1
139898;11;4;4500939;2020;6;13;4;3;5;2;0;0;1;0;1;0;0;0
139899;11;11;11200512;2020;6;19;3;2;3;6;0;1;0;0;0;1;0;0
139900;11;7;7601545;2020;6;18;2;3;6;4;0;0;1;1;0;0;0;0
139901;11;3;3500935;2020;6;17;6;3;1;5;0;1;1;0;0;0;0;0
139902;11;2;2300315;2020;6;15;7;3;5;3;0;1;1;0;0;0;0;1
139903;11;1;1300731;2020;6;15;2;2;6;7;0;0;0;1;0;0;1;0
139904;11;2;2100104;2020;6;16;6;3;5;2;0;1;1;0;0;0;0;1
139905;11;3;3200205;2020;6;15;7;3;5;2;0;1;1;0;0;0;0;1
139906;11;10;10100314;2020;6;8;4;3;5;2;0;0;1;0;0;0;0;0
139907;11;3;3500934;2020;6;16;5;3;6;4;0;0;1;1;0;0;0;0
139908;11;9;9200715;2020;6;14;1;2;5;2;0;0;1;0;0;0;0;0
139909;11;2;2200209;2020;6;19;3;3;5;2;0;1;1;0;0;0;0;0
139910;11;3;3601244;2020;6;11;1;2;5;3;0;1;1;0;0;0;0;0
139911;11;6;6100208;2020;6;14;3;3;2;6;0;0;1;0;0;0;0;0
139912;11;7;7601442;2020;6;12;5;3;2;7;0;1;1;0;0;0;1;0
139913;11;6;6400844;2020;6;15;6;3;1;5;0;1;1;0;0;0;0;1
139914;11;6;6100209;2020;6;17;2;3;5;2;0;1;1;0;0;0;0;0
139915;11;4;4300619;2020;6;16;6;2;6;4;0;0;1;1;0;0;0;0
139916;11;3;3400724;2020;6;14;7;3;0;2;0;0;1;0;1;0;0;1
139917;11;1;1300835;2020;6;22;4;2;0;1;2;1;0;0;0;0;0;0
139918;11;9;9200716;2020;6;15;5;3;0;3;0;0;1;0;1;0;0;0
139919;11;8;8100209;2020;6;10;1;3;5;7;0;1;1;0;0;0;0;0
139920;11;1;1100309;2020;6;9;3;3;2;2;0;0;1;0;1;0;0;0
139921;11;8;8100206;2020;6;7;4;3;0;7;0;0;1;0;0;0;0;0
139922;11;7;7400927;2020;6;20;5;2;1;5;0;0;1;0;1;0;0;0
139923;11;2;2100106;2020;6;20;1;3;2;6;0;0;1;0;0;0;0;0
139924;11;8;8200624;2020;6;11;3;3;3;6;0;0;1;0;0;0;0;0
139925;11;5;5200527;2020;6;13;6;3;6;7;0;1;0;1;0;0;0;0
139926;11;10;10200420;2020;6;13;3;3;6;4;0;1;0;1;0;0;0;0
139927;11;2;2300315;2020;6;15;6;3;5;2;0;1;1;0;0;0;0;1
139928;11;6;6400844;2020;6;8;5;3;5;2;0;1;0;0;0;0;1;0
139929;11;1;1200628;2020;6;14;6;3;5;2;0;1;1;0;0;0;0;0
139930;11;3;3400827;2020;6;6;2;3;0;5;0;0;0;0;1;0;1;0
139931;11;7;7601340;2020;6;14;6;3;5;3;0;1;1;0;0;0;0;0
139932;11;3;3601244;2020;6;19;4;3;5;3;0;0;1;0;1;0;0;0
139933;11;8;8100310;2020;6;18;1;3;0;5;0;1;0;0;0;0;1;0
139934;11;4;4200310;2020;6;7;3;3;2;6;0;0;1;0;0;0;0;0
139935;11;11;11300721;2020;6;11;2;3;2;6;0;0;1;0;1;0;0;0
139936;11;6;6300525;2020;6;14;6;3;5;3;0;1;1;0;0;0;0;0
139937;11;6;6300631;2020;6;11;4;3;9;1;0;0;0;0;1;0;0;0
139938;11;4;4501042;2020;6;11;2;3;3;6;0;1;0;0;0;0;1;0
139939;11;4;4300518;2020;6;14;6;3;5;3;0;0;1;0;0;0;0;0
139940;11;1;1100308;2020;6;11;4;3;0;1;0;1;0;0;0;0;0;0
139941;11;4;4501153;2020;6;13;6;3;0;1;0;0;0;0;1;0;0;0
139942;11;5;5100317;2020;6;14;2;3;0;1;0;0;0;0;1;0;0;0
139943;11;9;9200819;2020;6;13;6;2;0;2;0;0;1;0;0;0;1;0
139944;11;12;12200310;2020;6;17;4;2;5;3;0;0;1;0;1;0;0;0
139945;11;1;1400937;2020;6;19;1;3;5;3;0;1;1;0;0;0;0;0
139946;11;8;8401241;2020;6;17;3;3;1;5;0;1;1;0;0;0;0;0
139947;11;1;1100310;2020;6;9;2;3;0;1;0;1;0;0;0;0;0;0
139948;11;4;4100102;2020;6;10;6;3;0;1;0;0;0;0;1;0;0;0
139949;11;11;11100309;2020;6;13;7;3;3;6;0;0;0;0;1;1;0;1
139950;11;3;3701660;2020;6;9;4;3;6;7;0;1;0;1;0;0;0;0
139951;11;6;6100208;2020;6;18;5;3;0;6;0;0;1;0;1;0;0;0
139952;11;9;9501838;2020;6;15;1;3;5;2;0;1;1;0;0;0;0;0
139953;11;9;9301025;2020;6;10;6;3;5;3;0;0;1;0;0;1;0;0
139954;11;7;7100103;2020;6;12;4;3;3;6;0;1;0;0;0;0;0;0
139955;11;4;4300620;2020;6;19;5;3;1;7;0;0;1;0;1;0;0;0
139956;11;3;3100102;2020;6;14;2;3;0;3;0;0;1;0;1;0;0;0
139957;11;11;11300722;2020;6;9;6;3;3;6;0;1;1;0;0;0;0;0
139958;11;2;2400625;2020;6;14;4;3;2;6;0;0;1;0;0;0;0;0
139959;11;9;9401635;2020;6;16;3;3;2;3;0;1;1;0;0;0;1;0
139960;11;6;6300632;2020;6;21;2;2;0;1;1;0;0;0;1;0;0;0
139961;11;1;1400938;2020;6;7;6;3;6;4;0;0;1;1;0;0;0;0
139962;11;7;7100101;2020;6;11;7;3;0;7;0;0;0;1;0;0;1;0
139963;11;12;12200412;2020;6;7;4;2;0;7;0;0;1;0;0;0;0;0
139964;11;3;3500935;2020;6;20;5;3;7;7;0;1;0;0;0;0;0;0
139965;11;9;9200819;2020;6;17;1;2;0;1;0;1;0;0;0;0;0;0
139966;11;11;11200411;2020;6;12;3;2;5;7;0;0;1;0;0;1;0;0
139967;11;2;2100105;2020;6;10;7;3;1;5;0;1;1;0;0;0;0;1
139968;11;7;7501031;2020;6;14;3;3;2;6;0;0;1;0;0;0;0;0
139969;11;12;12200307;2020;6;11;5;3;0;1;0;0;0;0;1;0;0;0
139970;11;4;4300623;2020;6;16;6;3;0;6;0;0;1;0;0;0;1;0
139971;11;7;7501030;2020;6;19;3;2;1;7;0;0;1;0;0;0;0;0
139972;11;8;8401243;2020;6;13;5;3;5;3;0;1;1;0;0;0;0;0
139973;11;10;10400941;2020;6;17;6;3;5;3;0;0;1;0;1;0;0;0
139974;11;9;9200511;2020;6;18;2;3;1;5;0;1;1;0;0;0;0;0
139975;11;1;1100102;2020;6;6;6;3;5;2;0;0;1;0;1;0;0;0
139976;11;7;7400822;2020;6;13;7;3;1;5;0;0;1;0;1;0;0;1
139977;11;1;1401047;2020;6;0;4;3;5;3;2;0;1;0;0;0;0;0
139978;11;1;1300836;2020;6;16;5;3;6;2;0;0;1;1;0;0;0;0
139979;11;1;1100313;2020;6;11;3;3;5;3;0;1;1;0;0;0;0;0
139980;11;9;9401534;2020;6;11;6;3;0;1;0;1;0;0;0;0;0;0
139981;11;1;1100103;2020;6;12;3;3;5;3;0;0;1;0;0;0;0;0
139982;11;8;8401244;2020;6;12;6;3;2;6;0;0;1;0;0;0;0;0
139983;11;12;12500926;2020;6;12;5;3;1;5;0;0;1;0;0;0;0;0
139984;11;6;6300634;2020;6;14;6;3;5;3;0;0;1;0;0;0;0;1
139985;11;6;6200422;2020;6;15;2;3;2;6;0;0;1;0;0;0;0;0
139986;11;5;5100313;2020;6;12;6;3;5;2;0;1;1;0;0;0;0;0
139987;11;6;6100205;2020;6;19;4;3;5;7;0;0;1;0;1;0;0;0
139988;11;11;11200410;2020;6;12;7;3;5;3;0;1;1;0;0;0;0;0
139989;11;3;3300516;2020;6;16;2;3;1;6;0;1;1;0;0;0;0;0
139990;11;6;6300634;2020;6;11;6;3;5;2;0;0;1;0;0;0;1;0
139991;11;6;6300524;2020;6;22;4;3;5;2;2;1;0;0;1;0;0;0
139992;11;6;6200420;2020;6;14;5;3;2;6;0;0;1;0;0;0;0;0
139993;11;1;1300834;2020;6;8;3;3;5;2;0;1;1;0;0;0;0;0
139994;11;8;8100314;2020;6;22;2;3;5;2;2;1;1;0;0;0;0;0
139995;11;10;10300731;2020;6;17;5;3;0;2;0;1;1;0;0;0;0;0
139996;11;1;1100311;2020;6;19;4;3;5;2;0;1;1;0;0;0;0;0
139997;11;9;9200819;2020;6;16;5;3;3;6;0;0;1;0;0;0;0;0
139998;11;1;1401047;2020;6;13;2;3;5;3;0;0;1;0;0;0;1;0
139999;11;2;2100104;2020;6;1;5;3;0;1;2;1;0;0;0;0;0;1
140000;11;9;9100304;2020;6;16;4;3;0;1;0;0;0;0;1;0;0;0
140001;11;3;3400721;2020;6;17;3;3;2;1;0;1;1;0;0;0;0;0
140002;11;4;4300622;2020;6;8;2;3;5;7;0;0;1;0;1;0;0;0
140003;11;6;6400839;2020;6;15;5;3;0;7;0;1;0;0;0;0;0;0
140004;11;3;3200206;2020;6;7;3;3;5;3;0;1;0;0;0;0;0;0
140005;11;4;4500939;2020;6;10;2;3;5;3;0;1;1;0;0;0;0;0
140006;11;9;9401433;2020;6;21;5;2;0;7;1;1;0;0;0;0;0;0
140007;11;7;7501134;2020;6;10;4;3;8;1;0;0;1;1;0;0;0;0
140008;11;6;6400737;2020;6;18;5;3;1;5;0;1;1;0;0;0;0;0
140009;11;4;4400726;2020;6;21;1;3;1;5;1;1;1;0;0;0;0;0
140010;11;2;2500830;2020;6;19;5;3;0;1;0;1;0;0;0;0;0;0
140011;11;2;2100104;2020;6;13;4;2;8;1;0;0;0;0;0;0;1;0
140012;11;2;2200211;2020;6;11;7;3;6;4;0;1;1;1;0;0;0;0
140013;11;5;5100208;2020;6;16;3;3;2;2;0;0;1;0;0;0;0;0
140014;11;11;11100205;2020;6;8;2;3;5;2;0;0;1;0;1;0;0;0
140015;11;3;3601348;2020;6;19;5;3;5;3;0;1;1;0;0;0;0;0
140016;11;3;3601348;2020;6;5;7;3;1;5;0;1;1;0;0;0;0;0
140017;11;3;3100103;2020;6;15;4;3;5;3;0;1;1;0;0;0;0;0
140018;11;4;4501040;2020;6;21;5;3;5;2;1;0;1;0;0;0;0;0
140019;11;4;4300414;2020;6;5;7;3;3;6;1;1;1;0;0;0;0;0
140020;11;6;6200316;2020;6;8;4;3;1;5;0;0;1;0;0;0;1;0
140021;11;3;3200308;2020;6;17;5;3;1;5;0;0;1;0;0;0;0;0
140022;11;12;12601236;2020;6;14;1;3;5;2;0;1;1;0;0;0;0;0
140023;11;9;9401329;2020;6;5;4;3;6;6;0;1;0;1;0;0;0;0
140024;11;5;5200629;2020;6;15;3;3;5;2;0;1;1;0;0;0;0;0
140025;11;1;1300733;2020;6;12;5;3;6;4;0;1;0;1;0;0;0;0
140026;11;3;3601141;2020;6;19;6;3;0;7;0;1;0;1;0;0;0;0
140027;11;7;7400927;2020;6;17;2;3;5;7;0;1;1;0;0;0;0;0
140028;11;1;1200522;2020;6;19;5;3;5;3;0;1;1;0;0;0;0;0
140029;11;2;2400521;2020;6;3;7;2;5;2;2;0;1;0;0;0;0;1
140030;11;4;4400835;2020;6;22;4;3;6;7;2;0;1;1;0;0;0;0
140031;11;5;5200632;2020;6;16;5;3;5;2;0;0;1;0;1;0;0;0
140032;11;2;2300316;2020;6;9;3;3;5;7;0;1;1;0;0;0;0;0
140033;11;2;2500834;2020;6;17;3;3;3;6;0;0;0;0;0;1;1;0
140034;11;11;11100204;2020;6;18;5;3;5;2;0;1;1;0;0;0;0;0
140035;11;7;7601341;2020;6;11;3;3;5;3;0;1;1;0;0;0;0;0
140036;11;2;2200210;2020;6;18;5;3;5;2;0;1;1;0;0;0;0;0
140037;11;6;6400737;2020;6;13;3;3;0;6;0;1;1;0;0;0;0;0
140038;11;2;2100103;2020;6;19;5;3;2;6;0;1;1;0;0;0;0;0
140039;11;6;6200316;2020;6;8;5;3;0;1;0;1;0;0;0;0;0;0
140040;11;9;9200819;2020;6;15;6;3;0;1;0;0;0;0;1;0;0;1