OBJECTID;LAND;BEZ;LOR_ab_2021;UJAHR;UMONAT;USTUNDE;UWOCHENTAG;UKATEGORIE;UART;UTYP1;ULICHTVERH;IstRad;IstPKW;IstFuss;IstKrad;IstGkfz;IstSonstige;USTRZUSTAND
140041;11;2;2400521;2020;6;17;2;2;5;2;0;1;1;0;0;0;0;0
140042;11;1;1100205;2020;6;17;5;3;2;2;0;0;1;0;0;0;1;0
140043;11;6;6400736;2020;6;19;4;2;0;1;1;1;0;0;0;0;0;0
140044;11;1;1100205;2020;6;13;5;3;1;5;0;0;1;0;1;0;0;0
140045;11;12;12100205;2020;6;18;3;3;3;6;0;1;1;0;0;0;0;0
140046;11;4;4501150;2020;6;11;2;3;4;2;0;1;1;0;0;0;0;0
140047;11;10;10400941;2020;6;17;5;3;5;3;0;1;1;0;0;0;0;0
140048;11;11;11300618;2020;6;11;4;3;2;6;0;0;1;0;0;0;1;0
140049;11;2;2200209;2020;6;19;5;3;6;7;0;1;0;1;0;0;0;0
140050;11;1;1100103;2020;6;13;2;3;2;6;0;1;0;0;0;0;0;0
140051;11;2;2200210;2020;6;16;5;3;5;3;0;0;1;0;0;0;0;0
140052;11;4;4100101;2020;6;15;4;3;0;3;0;0;1;0;0;0;1;0
140053;11;1;1100104;2020;6;22;4;3;6;7;2;1;0;1;0;0;0;0
140054;11;3;3601348;2020;6;14;6;3;5;3;0;1;1;0;0;0;0;0
140055;11;1;1200628;2020;6;14;2;3;2;6;0;0;1;0;0;1;0;0
140056;11;4;4300619;2020;6;16;5;3;6;7;0;0;1;1;0;0;0;0
140057;11;1;1100309;2020;6;17;4;3;1;5;0;1;1;0;0;0;0;0
140058;11;6;6300524;2020;6;5;3;3;1;1;0;0;1;0;0;0;1;0
140059;11;5;5100211;2020;6;9;2;3;0;7;0;1;0;0;0;0;1;0
140060;11;12;12601235;2020;6;16;5;2;1;5;0;0;1;0;1;0;0;0
140061;11;4;4100101;2020;6;9;4;3;5;3;0;0;1;0;0;0;1;0
140062;11;12;12200308;2020;6;17;5;3;2;6;0;0;1;0;0;0;0;0
140063;11;1;1100102;2020;6;16;1;2;0;1;0;1;0;0;0;0;0;0
140064;11;9;9100409;2020;6;15;5;3;2;7;0;1;0;0;0;0;1;0
140065;11;7;7100102;2020;6;13;4;3;2;6;0;0;1;0;1;0;0;0
140066;11;2;1100313;2020;6;15;3;3;1;7;0;0;1;0;0;0;1;0
140067;11;4;4100101;2020;6;17;3;2;5;3;0;0;0;0;1;0;1;0
140068;11;4;4501151;2020;6;19;2;3;6;7;0;1;0;1;0;0;0;0
140069;11;5;5200528;2020;6;15;5;3;5;3;0;0;1;0;0;0;1;0
140070;11;4;4100101;2020;6;1;7;3;0;1;2;0;1;0;0;0;0;1
140071;11;4;4200310;2020;6;8;4;3;1;5;0;0;1;0;0;1;0;0
140072;11;4;4500939;2020;6;16;5;3;5;2;0;1;1;0;0;0;0;0
140073;11;4;4501153;2020;6;12;1;2;6;7;0;0;1;1;0;0;0;0
140074;11;9;9200716;2020;6;18;7;3;0;1;0;0;0;0;1;0;0;1
140075;11;4;4501153;2020;6;14;3;3;1;5;0;1;1;0;0;0;0;0
140076;11;7;7100102;2020;6;17;7;3;5;2;0;1;1;0;0;0;0;1
140077;11;12;12500825;2020;6;14;3;3;5;2;0;0;1;0;0;0;0;0
140078;11;9;9501737;2020;6;12;5;3;0;1;0;1;0;0;0;0;0;0
140079;11;8;8100520;2020;6;17;6;3;3;6;0;0;1;0;0;0;0;0
140080;11;8;8401243;2020;6;17;2;3;0;3;0;1;1;0;0;0;0;0
140081;11;10;10200627;2020;6;8;5;3;6;7;0;0;1;1;0;0;0;0
140082;11;1;1100313;2020;6;22;4;3;0;1;2;1;0;0;0;0;0;0
140083;11;7;7501134;2020;6;15;5;3;0;7;0;1;0;0;0;0;1;0
140084;11;11;11100102;2020;7;10;7;2;1;5;0;1;1;0;0;0;0;0
140085;11;2;2200212;2020;6;13;2;3;2;3;0;1;1;0;0;0;0;0
140086;11;8;8100207;2020;6;0;1;3;0;1;2;1;0;0;0;0;0;0
140087;11;6;6200421;2020;7;21;5;3;0;2;0;1;0;0;1;0;0;0
140088;11;1;1100207;2020;7;8;4;3;3;6;0;1;1;0;0;0;0;0
140089;11;2;2300417;2020;7;18;6;3;6;4;0;0;1;1;0;0;0;0
140090;11;6;6100103;2020;6;13;2;2;2;7;0;0;1;0;0;0;0;0
140091;11;2;2300315;2020;6;20;3;3;5;2;0;1;1;0;0;0;0;0
140092;11;4;4300624;2020;6;13;1;3;3;5;0;0;1;0;1;0;0;1
140093;11;11;11300722;2020;7;19;1;3;1;5;0;1;1;0;0;0;0;1
140094;11;11;11200513;2020;6;9;3;3;2;6;0;0;0;0;1;0;1;0
140095;11;2;2300419;2020;6;14;1;3;0;7;0;0;1;1;0;0;0;0
140096;11;9;9401329;2020;7;9;7;3;5;2;0;1;1;0;0;0;0;0
140097;11;1;1100416;2020;6;19;2;2;0;1;0;1;0;0;0;0;0;0
140098;11;1;1100311;2020;6;14;1;3;2;6;0;0;1;0;0;0;0;1
140099;11;2;2500835;2020;7;16;4;3;1;5;0;0;1;0;0;0;1;0
140100;11;11;11200411;2020;7;13;6;3;5;3;0;0;1;0;0;1;0;0
140101;11;7;7300515;2020;6;16;3;3;5;2;0;1;1;0;0;0;0;0
140102;11;9;9501737;2020;7;1;1;2;0;1;2;0;0;0;1;0;0;0
140103;11;1;1400938;2020;6;19;3;3;2;3;0;1;1;0;0;0;0;0
140104;11;4;4500936;2020;7;16;1;2;1;5;0;1;0;0;0;0;1;0
140105;11;2;2500831;2020;6;8;3;3;5;3;0;1;1;0;0;0;0;0
140106;11;9;9301025;2020;6;14;1;3;5;3;0;1;1;0;0;0;0;1
140107;11;1;1200517;2020;7;14;5;3;1;5;0;1;1;0;0;0;0;0
140108;11;1;1100207;2020;7;17;7;3;6;4;0;0;1;1;0;0;0;0
140109;11;9;9300920;2020;6;11;2;3;1;5;0;1;1;0;0;0;0;0
140110;11;2;2100103;2020;6;16;1;3;1;1;0;1;1;0;0;0;0;0
140111;11;4;4500937;2020;7;23;4;2;6;4;2;0;0;1;0;0;1;1
140112;11;5;5200423;2020;7;12;6;3;5;3;0;1;1;0;0;0;0;0
140113;11;7;7601236;2020;6;15;3;3;5;3;0;0;1;0;0;0;0;0
140114;11;4;4501040;2020;7;17;7;3;2;6;0;1;0;0;0;0;0;0
140115;11;5;5200631;2020;6;21;2;3;5;3;1;1;1;0;0;0;0;0
140116;11;6;6300524;2020;6;14;1;2;5;3;0;1;1;0;0;0;0;1
140117;11;9;9100101;2020;7;20;5;3;5;2;0;1;1;0;0;0;0;0
140118;11;11;11100309;2020;7;0;5;3;2;6;2;0;1;0;0;0;0;0
140119;11;5;5200632;2020;7;13;6;3;1;5;0;0;1;0;0;0;0;0
140120;11;5;5100316;2020;6;17;2;3;3;6;0;0;1;0;1;0;0;0
140121;11;9;9200614;2020;6;12;1;3;5;3;0;0;1;0;1;0;0;0
140122;11;9;9100101;2020;6;16;2;3;0;1;0;1;0;0;0;0;0;1
140123;11;11;11401034;2020;6;12;1;3;5;3;0;1;1;0;0;0;0;0
140124;11;3;3300514;2020;7;8;5;3;5;3;0;1;1;0;0;0;0;0
140125;11;9;9200715;2020;7;15;7;3;5;3;0;1;1;0;0;0;0;0
140126;11;1;1401049;2020;6;17;2;3;5;2;0;1;0;0;0;0;1;0
140127;11;6;6300629;2020;6;12;1;3;0;3;0;0;1;0;1;0;0;0
140128;11;2;2200210;2020;7;14;4;3;1;1;0;1;1;0;1;0;0;1
140129;11;8;8100312;2020;7;11;6;3;6;7;0;0;1;1;0;0;0;0
140130;11;4;4501146;2020;6;6;3;3;3;6;0;0;1;0;0;0;0;0
140131;11;2;2200210;2020;7;19;7;3;0;1;0;1;0;0;0;0;0;0
140132;11;5;5200632;2020;6;12;2;3;5;2;0;1;0;0;1;0;0;0
140133;11;9;9501941;2020;6;14;7;3;0;1;0;1;0;0;0;0;0;0
140134;11;12;12601235;2020;7;20;5;3;5;2;0;0;1;0;1;0;0;0
140135;11;11;11300722;2020;7;15;4;2;0;1;0;0;0;0;1;0;0;1
140136;11;5;5200629;2020;7;20;6;3;5;2;0;1;1;0;0;0;0;0
140137;11;10;10100312;2020;6;16;2;3;5;2;0;1;1;0;0;0;0;1
140138;11;2;2200211;2020;7;8;4;3;6;4;0;0;0;1;1;0;0;0
140139;11;11;11400931;2020;6;11;7;3;0;5;0;1;1;0;0;0;0;0
140140;11;2;2300418;2020;6;11;3;3;5;3;0;1;0;0;0;0;0;0
140141;11;6;6200420;2020;7;10;4;2;5;2;0;1;0;0;0;1;0;0
140142;11;7;7501135;2020;6;13;3;3;2;2;0;0;1;0;0;0;0;0
140143;11;2;2200210;2020;7;3;7;3;1;5;2;0;1;0;0;0;1;0
140144;11;9;9200715;2020;6;10;2;3;5;2;0;1;1;0;0;0;0;0
140145;11;10;10200417;2020;6;14;7;3;3;6;0;0;1;0;1;0;0;0
140146;11;1;1100103;2020;7;20;5;3;1;5;0;1;1;0;0;0;0;0
140147;11;2;2400521;2020;7;18;4;2;5;3;0;1;1;0;0;0;0;0
140148;11;5;5200629;2020;7;17;6;3;2;2;0;0;1;0;0;0;0;0
140149;11;10;10400836;2020;6;16;2;3;0;2;0;1;1;0;0;0;0;1
140150;11;5;5100316;2020;6;21;3;3;5;2;0;0;0;0;1;0;1;0
140151;11;11;11400929;2020;6;13;7;3;0;6;0;1;1;0;0;0;0;0
140152;11;9;9200511;2020;7;17;1;3;6;4;0;1;0;1;0;0;0;0
140153;11;4;4200311;2020;6;8;3;3;2;6;0;0;1;0;0;0;0;0
140154;11;12;12200515;2020;6;13;7;3;0;1;0;0;0;0;1;0;0;0
140155;11;8;8200623;2020;7;18;7;3;5;2;0;0;1;0;0;0;0;1
140156;11;2;2300316;2020;6;16;2;3;0;5;0;1;1;0;0;0;0;1
140157;11;7;7501031;2020;6;13;7;3;5;3;0;1;1;0;0;0;0;0
140158;11;12;12200310;2020;6;13;7;3;0;6;0;1;0;0;0;0;0;0
140159;11;4;4501041;2020;7;11;7;3;0;1;0;0;0;0;1;0;0;0
140160;11;7;7601546;2020;6;15;2;3;5;2;0;1;1;0;0;0;0;1
140161;11;2;2100106;2020;6;13;7;3;6;4;0;1;0;1;0;0;0;0
140162;11;5;5300737;2020;7;16;4;3;2;6;0;0;1;0;0;0;0;0
140163;11;3;3601245;2020;7;14;6;3;0;2;0;1;0;0;0;0;1;0
140164;11;5;5400943;2020;6;9;2;3;0;7;0;0;1;0;0;0;0;0
140165;11;7;7400826;2020;6;18;3;3;0;2;0;0;1;1;0;0;0;0
140166;11;6;6400737;2020;7;14;1;3;5;2;0;1;1;0;0;0;0;0
140167;11;4;4300414;2020;6;8;3;2;0;1;0;0;0;0;0;0;1;0
140168;11;4;4400831;2020;6;13;7;2;0;1;0;1;0;0;0;0;0;0
140169;11;7;7400823;2020;7;12;5;3;5;2;0;1;1;0;0;0;0;0
140170;11;9;9502043;2020;7;16;7;3;2;6;0;0;1;0;0;0;0;0
140171;11;2;2500833;2020;6;15;2;3;5;2;0;1;1;0;0;0;0;0
140172;11;12;12200412;2020;6;13;7;3;2;2;0;0;1;0;0;0;1;0
140173;11;12;12500930;2020;7;18;4;3;5;3;0;0;1;0;0;0;0;0
140174;11;10;10300731;2020;7;11;6;3;3;6;0;0;1;0;0;0;0;0
140175;11;3;3300516;2020;6;14;3;2;6;4;0;0;1;1;0;0;0;0
140176;11;1;1100308;2020;7;16;4;3;6;7;0;0;1;1;0;0;0;0
140177;11;7;7501029;2020;7;13;6;3;3;2;0;0;1;0;0;1;0;0
140178;11;10;10200524;2020;6;16;3;3;5;5;0;0;1;0;0;0;0;0
140179;11;5;5100313;2020;7;20;1;3;5;3;1;0;1;0;1;0;0;1
140180;11;1;1200520;2020;6;20;2;2;5;7;0;0;1;0;1;0;0;0
140181;11;4;4300620;2020;6;20;7;3;5;2;0;1;1;0;0;0;0;0
140182;11;1;1100102;2020;7;6;5;3;0;2;0;1;1;0;0;0;0;0
140183;11;12;12500927;2020;7;7;6;3;0;6;0;1;0;0;0;1;0;0
140184;11;7;7300516;2020;6;17;2;3;6;4;0;1;0;1;0;0;0;0
140185;11;8;8100419;2020;6;12;7;3;1;5;0;0;1;0;0;0;0;0
140186;11;7;7100205;2020;7;11;4;3;5;2;0;0;1;0;0;0;0;1
140187;11;10;10400940;2020;6;14;3;2;3;6;0;0;1;0;1;0;0;0
140188;11;2;2300418;2020;7;19;7;3;5;3;0;0;1;0;0;0;0;0
140189;11;12;12200309;2020;6;12;2;3;6;4;0;0;1;1;0;0;0;0
140190;11;4;4200207;2020;6;11;7;2;8;1;0;1;0;0;0;0;0;0
140191;11;9;9501940;2020;7;19;5;3;1;5;0;1;1;0;0;0;0;0
140192;11;3;3601245;2020;7;14;4;3;5;2;0;1;1;0;0;0;0;0
140193;11;4;4300624;2020;7;22;7;3;1;5;2;1;1;0;0;0;0;0
140194;11;9;9502043;2020;6;14;2;3;5;3;0;1;1;0;0;0;0;0
140195;11;1;1200628;2020;6;12;7;3;5;2;0;0;1;0;0;0;1;0
140196;11;11;11300722;2020;7;18;5;3;5;2;0;1;1;0;0;0;0;0
140197;11;11;11401137;2020;7;13;4;3;6;4;0;0;1;1;0;0;0;0
140198;11;1;1401044;2020;7;21;6;3;0;3;1;1;1;0;0;0;0;0
140199;11;1;1200626;2020;6;9;2;3;5;2;0;1;1;0;0;0;0;0
140200;11;3;3400725;2020;7;9;4;3;0;6;0;0;1;0;1;0;0;0
140201;11;11;11200513;2020;7;8;6;3;5;2;0;1;1;0;0;0;0;0
140202;11;8;8200725;2020;6;12;3;3;3;6;0;0;1;0;1;0;0;0
140203;11;8;8100313;2020;7;14;7;3;1;5;0;1;1;0;0;0;0;0
140204;11;12;12500927;2020;6;7;2;3;2;6;0;0;1;0;0;0;0;0
140205;11;12;12601032;2020;6;12;7;3;2;6;0;0;1;0;0;0;0;0
140206;11;4;4300619;2020;7;18;5;3;2;6;0;0;1;0;0;0;0;0
140207;11;8;8100102;2020;7;17;4;3;6;4;0;0;1;1;0;0;0;0
140208;11;1;1100101;2020;7;17;6;3;2;2;0;0;1;0;0;0;0;0
140209;11;5;5100317;2020;6;7;2;3;5;2;0;0;0;0;1;0;1;0
140210;11;5;5300736;2020;7;7;6;3;5;2;0;1;1;0;0;0;0;0
140211;11;11;11200512;2020;6;19;3;2;5;7;0;1;1;0;0;0;0;0
140212;11;2;2500832;2020;7;20;6;3;0;1;0;1;0;0;0;0;0;0
140213;11;4;4501042;2020;6;6;2;3;3;6;0;0;1;0;0;0;1;0
140214;11;6;6300528;2020;7;7;6;2;3;6;0;0;1;0;1;0;0;0
140215;11;11;11300617;2020;6;6;3;3;2;6;0;0;1;0;0;0;1;0
140216;11;10;10400837;2020;6;12;7;3;3;6;0;1;1;0;0;0;0;0
140217;11;5;5400943;2020;7;0;1;3;6;4;2;0;1;1;0;0;0;0
140218;11;7;7601341;2020;6;10;3;3;0;2;0;0;1;0;0;0;1;0
140219;11;7;7501134;2020;6;11;7;3;2;6;0;0;1;0;0;0;1;0
140220;11;9;9300920;2020;7;10;7;2;5;2;0;0;1;0;1;0;0;0
140221;11;2;2100106;2020;6;6;2;3;2;6;0;0;1;0;0;0;0;0
140222;11;1;1100206;2020;6;11;7;3;6;7;0;0;0;1;0;0;1;0
140223;11;8;8100419;2020;7;16;4;3;5;3;0;1;1;0;0;0;0;1
140224;11;10;10300734;2020;7;14;6;3;5;2;0;0;1;0;0;0;0;0
140225;11;1;1400939;2020;7;5;6;3;0;7;0;0;0;0;1;0;0;1
140226;11;11;11300620;2020;6;17;3;3;5;3;0;1;0;0;0;0;0;0
140227;11;5;5300737;2020;7;11;1;3;5;2;0;1;1;0;0;0;0;0
140228;11;9;9501941;2020;6;7;3;3;2;6;0;0;1;0;0;0;0;0
140229;11;11;11100204;2020;6;10;7;3;2;2;0;0;1;0;1;0;0;0
140230;11;12;12200309;2020;7;10;5;3;2;7;0;0;1;0;0;0;1;0
140231;11;3;3601141;2020;7;16;7;3;5;2;0;1;1;0;0;0;0;0
140232;11;1;1100309;2020;7;16;1;3;5;2;0;1;1;0;0;0;0;0
140233;11;3;3500936;2020;6;8;3;3;5;3;0;1;1;0;0;0;0;0
140234;11;8;8100209;2020;6;10;7;3;2;6;0;0;1;0;0;0;0;0
140235;11;9;9200715;2020;7;14;5;2;5;3;0;0;1;0;1;0;0;0
140236;11;11;11200515;2020;7;15;7;3;3;6;0;0;1;0;0;0;0;0
140237;11;11;11401032;2020;6;16;2;3;2;6;0;0;1;0;0;0;1;0
140238;11;7;7400928;2020;6;9;7;3;5;3;0;1;1;0;0;0;0;0
140239;11;6;6300634;2020;7;16;4;3;5;2;0;0;1;0;0;0;0;1
140240;11;8;8100206;2020;7;13;6;3;3;6;0;1;1;0;0;0;0;0
140241;11;1;1300835;2020;7;2;6;2;8;1;2;0;1;0;0;0;0;0
140242;11;11;11401033;2020;6;15;3;3;5;2;0;1;1;0;0;0;0;0
140243;11;8;8200832;2020;7;19;7;3;0;1;0;1;0;0;0;0;0;0
140244;11;11;11300722;2020;6;20;2;2;1;1;0;0;1;0;1;0;0;0
140245;11;9;9501939;2020;6;18;7;3;0;7;0;1;0;0;0;0;0;0
140246;11;1;1100311;2020;7;17;5;3;5;2;0;1;1;0;0;0;0;0
140247;11;10;10300731;2020;7;10;5;3;2;3;0;0;1;0;0;0;0;0
140248;11;6;6200311;2020;7;10;6;1;5;2;0;1;0;0;0;1;0;0
140249;11;7;7601544;2020;6;15;2;3;0;2;0;1;1;0;0;0;0;1
140250;11;6;6400839;2020;6;18;7;3;1;5;0;1;1;0;0;0;0;0
140251;11;4;4300416;2020;7;9;4;3;5;2;0;1;0;0;0;0;1;0
140252;11;12;12400616;2020;6;17;2;2;5;3;0;1;1;0;0;0;0;0
140253;11;10;10200417;2020;6;18;7;3;5;3;0;1;1;0;0;0;0;0
140254;11;8;8100313;2020;7;18;4;3;0;7;0;1;0;1;0;0;0;1
140255;11;3;3601453;2020;7;11;6;3;1;5;0;0;1;0;0;0;0;0
140256;11;2;2100102;2020;6;6;3;3;5;2;0;1;1;0;0;0;0;0
140257;11;6;6400838;2020;7;20;7;2;0;1;0;0;0;0;1;0;0;1
140258;11;2;2400624;2020;6;13;2;3;0;5;0;0;1;0;0;0;1;0
140259;11;1;1401049;2020;6;19;7;3;5;3;0;1;1;0;0;0;0;0
140260;11;3;3300516;2020;7;17;5;3;3;6;0;1;0;0;0;0;1;0
140261;11;4;4500936;2020;7;15;4;3;2;6;0;1;1;0;0;0;0;0
140262;11;2;2100102;2020;7;21;6;3;5;3;1;1;1;0;0;0;0;0
140263;11;10;10400835;2020;6;17;2;3;1;5;0;0;1;0;0;0;0;0
140264;11;11;11501339;2020;7;1;6;3;2;7;2;1;1;0;0;0;0;0
140265;11;1;1100312;2020;7;8;4;3;5;2;0;1;1;0;0;0;0;0
140266;11;2;2300418;2020;7;10;6;3;5;3;0;1;0;0;0;0;0;0
140267;11;11;11300721;2020;6;11;3;3;2;6;0;0;1;0;0;0;0;0
140268;11;7;7501030;2020;7;13;7;3;1;3;0;1;1;0;0;0;0;0
140269;11;2;2200209;2020;6;14;2;3;3;6;0;0;1;0;0;1;0;0
140270;11;1;1200623;2020;6;18;3;3;5;3;0;0;1;0;0;0;0;0
140271;11;1;1100415;2020;7;6;7;3;1;5;0;0;1;0;0;0;0;0
140272;11;1;1401049;2020;6;17;2;3;0;2;0;1;0;0;0;0;1;0
140273;11;2;2200208;2020;6;18;7;3;5;2;0;1;1;0;0;0;0;0
140274;11;9;9100407;2020;7;16;5;3;0;6;0;0;0;0;1;0;1;0
140275;11;10;10100311;2020;7;1;4;3;9;1;2;0;1;0;0;0;0;0
140276;11;9;9501941;2020;7;17;6;3;5;3;0;1;1;0;0;0;0;0
140277;11;8;8100310;2020;6;17;2;3;0;1;0;1;0;0;0;0;0;0
140278;11;9;9100203;2020;6;13;3;3;5;2;0;1;0;0;0;0;0;0
140279;11;9;9100202;2020;6;17;7;3;0;1;0;1;0;0;0;0;0;0
140280;11;1;1200624;2020;7;18;1;3;2;3;0;1;1;0;0;0;0;1
140281;11;1;1100309;2020;6;9;3;3;1;5;0;1;1;0;0;0;0;0
140282;11;7;7200409;2020;6;17;7;3;5;2;0;1;0;0;1;0;0;0
140283;11;6;6200422;2020;7;19;7;2;5;3;0;0;1;0;0;0;0;0
140284;11;8;8401241;2020;6;16;2;3;1;5;0;0;1;0;0;0;0;0
140285;11;3;3200204;2020;6;17;7;3;0;3;0;1;0;0;1;0;0;0
140286;11;3;3300516;2020;7;16;4;3;2;2;0;0;1;0;0;0;0;0
140287;11;8;8401139;2020;7;13;6;3;0;7;0;0;1;0;0;0;0;0
140288;11;9;9301126;2020;7;9;5;3;6;7;0;1;0;1;0;0;0;0
140289;11;8;8401244;2020;6;15;7;3;0;5;0;0;1;0;0;0;0;0
140290;11;7;7400927;2020;7;16;4;3;4;6;0;1;1;0;0;0;0;0
140291;11;2;2300315;2020;7;15;6;3;5;7;0;1;1;0;0;0;0;0
140292;11;2;2100105;2020;6;19;1;3;5;3;0;1;1;0;0;0;0;1
140293;11;2;2100102;2020;6;19;3;3;5;3;0;1;1;0;0;0;0;0
140294;11;1;1100312;2020;7;15;1;3;6;4;0;0;1;1;0;0;0;0
140295;11;6;6200422;2020;6;8;3;3;5;3;0;0;1;0;0;0;0;0
140296;11;1;1401045;2020;6;15;7;3;1;5;0;1;1;0;0;0;0;0
140297;11;8;8200624;2020;7;12;5;3;5;2;0;1;1;0;0;0;0;0
140298;11;1;1100102;2020;7;16;7;3;5;2;0;1;1;0;0;0;0;0
140299;11;5;5200633;2020;6;18;1;3;0;5;0;0;1;0;0;0;1;0
140300;11;2;2500830;2020;6;19;7;3;1;1;0;1;1;0;0;0;0;0
140301;11;3;3601142;2020;7;20;4;3;8;1;0;0;1;0;0;0;0;1
140302;11;12;12601134;2020;7;11;6;3;5;2;0;1;1;0;0;0;0;0
140303;11;4;4100102;2020;6;15;3;3;2;6;0;0;1;0;0;0;0;0
140304;11;12;12400720;2020;7;13;7;3;0;7;0;0;1;0;0;0;1;0
140305;11;11;11300617;2020;6;18;2;3;0;2;0;1;1;0;0;0;0;0
140306;11;9;9401330;2020;6;13;6;2;0;1;0;1;0;0;0;0;0;0
140307;11;8;8200623;2020;6;16;3;3;0;7;0;0;0;0;1;0;0;0
140308;11;5;5100208;2020;7;23;1;2;1;5;2;0;1;0;0;0;0;1
140309;11;8;8100206;2020;6;22;2;2;5;7;2;0;1;0;0;0;0;0
140310;11;8;8200622;2020;6;17;6;3;2;2;0;0;1;0;1;0;0;0
140311;11;4;4200308;2020;7;7;5;2;2;6;0;0;1;0;0;0;0;0
140312;11;7;7400927;2020;7;15;7;3;2;6;0;0;0;0;1;0;1;0
140313;11;1;1300732;2020;6;23;1;3;5;2;2;1;1;0;0;0;0;0
140314;11;6;6100101;2020;6;15;6;3;0;5;0;1;1;0;0;0;0;1
140315;11;7;7400721;2020;7;11;4;2;6;4;0;0;1;1;0;0;0;1
140316;11;2;2300316;2020;7;9;6;3;5;2;0;1;1;0;0;0;0;0
140317;11;7;7100205;2020;7;13;5;3;0;6;0;0;0;0;1;0;1;0
140318;11;7;7200308;2020;6;14;3;3;5;7;0;1;1;0;0;0;0;0
140319;11;4;4300415;2020;7;17;7;3;1;5;0;1;1;0;0;0;0;0
140320;11;4;4200310;2020;6;14;2;3;1;5;0;1;1;0;0;0;0;0
140321;11;1;1100101;2020;6;22;6;3;2;6;2;0;1;0;1;0;0;0
140322;11;8;8200725;2020;7;15;5;3;3;6;0;1;0;0;0;0;0;0
140323;11;1;1100308;2020;7;13;4;2;2;6;0;1;1;0;0;0;0;1
140324;11;2;2200207;2020;7;20;6;3;2;2;0;1;1;0;0;0;0;0
140325;11;2;2200209;2020;6;22;1;3;5;2;2;0;1;0;0;0;0;0
140326;11;5;5200629;2020;7;7;4;3;0;1;0;1;0;0;0;0;0;0
140327;11;10;10100315;2020;7;15;5;3;5;2;0;1;1;0;0;0;0;0
140328;11;6;6400842;2020;7;9;4;3;0;1;0;1;0;0;0;0;0;0
140329;11;3;3701554;2020;7;20;6;3;5;2;0;1;0;0;0;0;1;0
140330;11;9;9501941;2020;6;20;1;2;0;1;0;1;0;0;0;0;0;1
140331;11;4;4200308;2020;7;10;4;3;2;6;0;0;1;0;0;0;0;0
140332;11;11;11501339;2020;6;13;3;3;5;2;0;1;1;0;0;0;0;0
140333;11;3;3601142;2020;7;17;7;2;0;4;0;1;0;1;0;0;0;0
140334;11;4;4300416;2020;6;20;1;3;2;6;0;0;1;0;1;0;0;0
140335;11;2;2200210;2020;6;17;6;3;5;3;0;1;1;0;0;0;0;0
140336;11;4;4501150;2020;7;12;5;3;1;5;0;1;1;0;0;0;0;0
140337;11;11;11400929;2020;7;18;4;3;5;7;0;1;1;0;0;0;0;0
140338;11;1;1100309;2020;7;17;6;3;5;2;0;1;1;0;0;0;0;0
140339;11;3;3400830;2020;6;20;1;3;5;3;0;0;1;0;0;0;0;1
140340;11;2;2500835;2020;6;20;3;3;8;1;0;0;1;0;0;0;0;0
140341;11;9;9501939;2020;7;17;1;3;4;6;0;1;0;0;0;0;0;0
140342;11;4;4300619;2020;6;8;3;3;5;2;0;0;1;0;0;0;0;0
140343;11;9;9200819;2020;6;13;6;2;5;3;0;1;1;0;0;0;0;1
140344;11;12;12400723;2020;6;11;6;2;1;5;0;1;1;0;0;0;0;0
140345;11;8;8401241;2020;6;10;3;3;5;3;0;0;1;0;0;0;0;0
140346;11;3;3701554;2020;6;9;6;2;1;5;0;1;0;0;0;1;0;0
140347;11;2;2200209;2020;7;11;7;3;5;2;0;1;1;0;0;0;0;0
140348;11;12;12601235;2020;6;19;1;3;5;2;1;0;1;0;0;0;0;0
140349;11;10;10100315;2020;6;9;6;3;1;5;0;1;0;0;0;0;1;0
140350;11;11;11200411;2020;7;16;4;3;2;6;0;0;1;0;0;0;1;0
140351;11;7;7601442;2020;7;14;6;2;5;3;0;1;1;0;0;0;0;0
140352;11;3;3601141;2020;6;18;1;3;0;3;0;1;0;0;0;0;0;1
140353;11;7;7601341;2020;6;18;3;3;1;5;0;1;1;0;0;0;0;0
140354;11;6;6200317;2020;7;14;1;3;5;3;0;1;1;0;0;0;0;0
140355;11;1;1100206;2020;6;8;3;2;5;2;0;0;0;0;1;0;0;0
140356;11;8;8100521;2020;6;8;6;3;0;5;0;0;0;0;0;0;1;0
140357;11;8;8100311;2020;7;10;5;3;5;2;0;1;1;0;0;0;0;0
140358;11;8;8100417;2020;7;16;7;3;1;5;0;1;1;0;0;0;0;0
140359;11;1;1401045;2020;6;18;1;2;5;3;0;1;1;0;0;0;0;1
140360;11;8;8100311;2020;6;8;6;3;5;3;0;1;1;0;0;0;0;0
140361;11;7;7100205;2020;7;19;4;3;5;2;0;0;1;0;0;0;0;0
140362;11;12;12200310;2020;7;11;6;3;2;6;0;0;1;0;0;0;0;0
140363;11;5;5200629;2020;7;14;5;3;0;6;0;0;1;0;0;0;1;0
140364;11;7;7100102;2020;7;17;7;3;1;5;0;0;1;0;0;0;1;0
140365;11;11;11400929;2020;6;18;1;3;5;3;0;1;1;0;0;0;0;0
140366;11;4;4500939;2020;6;8;6;3;1;5;0;1;1;0;0;0;0;0
140367;11;7;7200307;2020;7;16;4;3;2;6;0;1;1;0;0;0;0;0
140368;11;5;5200527;2020;7;13;6;3;2;6;0;0;1;0;0;0;0;0
140369;11;1;1300732;2020;6;16;3;3;5;2;0;1;1;0;0;0;0;0
140370;11;1;1401048;2020;7;14;7;3;2;6;0;0;1;0;0;0;0;0