OBJECTID;LAND;BEZ;LOR_ab_2021;UJAHR;UMONAT;USTUNDE;UWOCHENTAG;UKATEGORIE;UART;UTYP1;ULICHTVERH;IstRad;IstPKW;IstFuss;IstKrad;IstGkfz;IstSonstige;USTRZUSTAND
140701;11;5;5100316;2020;7;14;4;3;2;6;0;0;1;0;0;0;0;0
140702;11;9;9200510;2020;7;9;4;3;5;3;0;1;1;0;0;0;0;1
140703;11;2;2100102;2020;7;7;2;3;5;3;0;1;1;0;0;0;0;0
140704;11;2;2500832;2020;7;21;3;3;2;6;1;1;1;0;0;0;0;0
140705;11;8;8100415;2020;7;16;5;2;5;3;0;1;1;0;0;0;0;1
140706;11;8;8100206;2020;7;16;1;3;0;5;0;0;1;0;1;0;0;0
140707;11;12;12500824;2020;7;18;5;3;2;6;0;0;1;0;0;0;1;1
140708;11;6;6300525;2020;7;5;2;3;5;3;0;0;1;0;0;0;0;0
140709;11;4;4500937;2020;7;17;2;3;5;7;0;0;1;0;1;0;0;0
140710;11;7;7200409;2020;7;16;2;2;5;2;0;0;1;0;0;0;0;0
140711;11;4;4300622;2020;7;15;4;3;6;2;0;0;1;1;0;0;0;0
140712;11;8;8301036;2020;7;16;2;3;3;6;0;1;1;0;0;0;0;0
140713;11;2;2100102;2020;7;5;4;3;0;1;0;0;0;0;1;0;0;0
140714;11;6;6400843;2020;7;15;3;3;2;6;0;0;1;0;0;0;0;0
140715;11;4;4500937;2020;7;22;1;3;0;7;2;0;1;0;1;0;0;1
140716;11;1;1100313;2020;7;15;2;3;4;6;0;1;0;0;0;0;0;0
140717;11;4;4300619;2020;7;14;5;3;0;1;0;1;0;0;0;0;0;1
140718;11;5;5300737;2020;7;15;5;3;0;1;0;0;0;0;1;0;0;1
140719;11;6;6100205;2020;7;20;1;2;0;1;0;0;0;0;1;0;0;0
140720;11;3;3601348;2020;7;16;3;3;3;6;0;1;0;0;0;0;1;0
140721;11;4;4501042;2020;7;18;6;3;3;5;0;1;1;0;0;0;0;0
140722;11;11;11300618;2020;7;10;6;3;5;2;0;1;1;0;0;0;0;0
140723;11;5;5100313;2020;7;20;6;3;0;6;1;0;1;0;1;0;0;0
140724;11;1;1100206;2020;7;12;2;3;5;5;0;1;1;0;0;0;0;0
140725;11;6;6200313;2020;7;9;6;3;0;4;0;0;0;1;0;0;1;0
140726;11;8;8200623;2020;7;18;1;3;5;3;0;1;1;0;0;0;0;1
140727;11;6;6100101;2020;7;18;1;3;1;6;0;1;1;0;0;0;1;0
140728;11;12;12100101;2020;7;9;6;3;5;2;0;1;1;0;0;0;0;0
140729;11;10;10300731;2020;7;8;4;3;0;5;0;0;1;0;0;0;0;0
140730;11;4;4300414;2020;7;17;7;3;5;3;0;1;1;0;0;0;0;0
140731;11;7;7400721;2020;7;8;6;3;5;2;0;1;1;0;0;0;0;0
140732;11;5;5100209;2020;7;11;3;3;5;2;0;0;1;0;1;0;0;0
140733;11;8;8100314;2020;7;14;6;3;2;7;0;0;0;0;1;0;1;0
140734;11;2;2400521;2020;7;0;6;3;0;2;2;1;0;0;0;0;1;0
140735;11;8;8100312;2020;7;11;2;3;0;2;0;1;0;0;0;0;1;0
140736;11;6;6100205;2020;7;17;5;3;2;6;0;0;1;0;0;0;0;0
140737;11;9;9401534;2020;7;6;5;2;0;3;0;1;0;0;0;0;0;1
140738;11;9;9501939;2020;7;20;1;3;0;1;1;0;0;0;1;0;0;1
140739;11;4;4100101;2020;7;20;7;3;3;6;0;0;1;0;0;0;0;0
140740;11;2;2300315;2020;7;13;3;3;5;2;0;0;0;0;1;0;1;0
140741;11;3;3701554;2020;7;18;5;2;6;4;0;0;1;1;0;0;0;0
140742;11;1;1200522;2020;7;13;1;3;0;2;0;1;1;0;0;0;0;1
140743;11;11;11200513;2020;7;17;1;3;5;3;0;1;1;0;0;0;0;0
140744;11;12;12200515;2020;7;12;3;3;2;6;0;0;1;0;0;0;0;0
140745;11;6;6400737;2020;7;13;7;2;3;6;0;1;0;0;0;0;0;0
140746;11;5;5100211;2020;7;16;5;3;1;5;0;1;1;0;0;0;0;0
140747;11;5;5100315;2020;7;10;3;2;5;3;0;0;1;0;1;0;0;0
140748;11;1;1300733;2020;7;2;6;3;1;5;2;0;1;0;0;0;0;0
140749;11;8;8100209;2020;7;12;5;3;2;7;0;0;1;0;0;0;1;0
140750;11;1;1100205;2020;7;16;2;3;5;2;0;1;1;0;0;0;0;1
140751;11;7;7501031;2020;7;16;5;3;2;2;0;1;1;0;0;0;0;0
140752;11;1;1200624;2020;7;20;4;3;5;2;0;0;1;0;0;0;0;0
140753;11;7;7300517;2020;7;18;1;3;3;6;0;0;0;0;1;0;1;1
140754;11;8;8100417;2020;7;17;7;3;5;3;0;1;1;0;0;0;0;0
140755;11;1;1300733;2020;7;19;3;3;5;2;0;1;1;0;0;0;0;0
140756;11;3;3500935;2020;7;18;6;2;4;6;0;1;0;0;0;0;0;0
140757;11;2;2100104;2020;7;12;5;3;2;6;0;0;1;0;0;0;0;1
140758;11;8;8100312;2020;7;20;6;3;5;3;0;0;1;0;1;0;0;0
140759;11;9;9401534;2020;7;7;3;3;5;3;0;1;1;0;0;0;0;0
140760;11;2;2300417;2020;7;13;6;3;5;3;0;1;1;0;0;0;0;0
140761;11;6;6200421;2020;7;15;5;3;1;5;0;1;1;0;0;0;0;1
140762;11;10;10100311;2020;7;10;7;3;5;2;0;1;1;0;0;0;0;0
140763;11;3;3500935;2020;7;15;5;3;6;4;0;0;1;1;0;0;0;0
140764;11;10;10100311;2020;7;15;3;3;5;2;0;1;1;0;0;0;0;0
140765;11;5;5400945;2020;7;21;6;2;0;7;2;1;0;0;0;0;0;0
140766;11;2;2500830;2020;7;14;5;3;5;3;0;1;0;0;0;0;1;0
140767;11;10;10100205;2020;7;14;2;3;0;2;0;0;1;0;1;0;0;0
140768;11;4;4501042;2020;7;18;4;2;1;5;0;1;1;0;0;0;0;0
140769;11;2;2500830;2020;7;22;7;3;0;1;2;0;0;0;1;0;0;0
140770;11;10;10100316;2020;7;11;7;3;5;2;0;0;1;0;0;0;1;0
140771;11;11;11300721;2020;7;18;3;2;0;1;0;1;0;0;0;0;0;0
140772;11;4;4501153;2020;7;15;6;3;1;5;0;1;1;0;0;0;0;0
140773;11;8;8200624;2020;7;14;5;3;5;2;0;0;1;0;1;0;0;0
140774;11;2;2100101;2020;7;7;6;3;4;6;0;1;0;0;0;0;0;0
140775;11;8;8100312;2020;7;17;2;3;1;5;0;1;1;0;0;0;0;0
140776;11;3;3601449;2020;7;3;6;3;0;1;2;1;0;0;0;0;0;1
140777;11;10;10400940;2020;7;21;1;3;5;2;2;1;1;0;0;0;0;1
140778;11;8;8401241;2020;7;3;1;3;1;5;2;1;1;0;0;0;0;0
140779;11;2;2400522;2020;7;14;5;3;5;3;0;1;1;0;0;0;0;0
140780;11;2;2200211;2020;7;10;4;3;5;2;0;1;1;0;0;0;0;0
140781;11;6;6400736;2020;7;18;7;3;5;3;0;1;1;0;0;0;0;0
140782;11;5;5300737;2020;7;13;2;3;2;6;0;0;1;0;0;1;0;0
140783;11;2;2300315;2020;7;1;1;3;1;5;2;0;1;0;0;0;0;1
140784;11;8;8100418;2020;7;16;4;3;1;7;0;0;1;0;0;0;0;0
140785;11;11;11501238;2020;7;19;7;3;5;2;0;1;1;0;0;0;0;0
140786;11;11;11200410;2020;7;17;3;3;5;3;0;1;1;0;0;0;0;0
140787;11;1;1401049;2020;7;16;6;3;1;5;0;1;1;0;0;0;0;0
140788;11;2;2400520;2020;7;13;5;2;0;1;0;1;0;0;0;0;0;1
140789;11;3;3200205;2020;7;14;6;2;6;2;0;0;1;1;0;0;0;1
140790;11;10;10400837;2020;7;12;2;2;0;7;0;1;0;0;0;0;0;0
140791;11;1;1200517;2020;7;16;5;3;0;1;0;1;0;0;0;0;0;0
140792;11;7;7100102;2020;7;16;1;3;3;6;0;0;1;0;0;0;0;0
140793;11;6;6400737;2020;7;18;1;2;5;7;0;1;1;0;0;0;0;0
140794;11;3;3601142;2020;7;13;5;3;0;3;0;1;1;0;0;0;0;0
140795;11;1;1100415;2020;7;6;4;3;2;6;0;0;0;0;0;0;1;0
140796;11;12;12100204;2020;7;16;7;3;0;3;0;1;1;0;0;0;0;0
140797;11;1;1100308;2020;7;13;5;3;6;4;0;1;0;1;0;0;0;0
140798;11;8;8300934;2020;7;10;3;3;2;6;0;0;1;0;1;0;0;0
140799;11;1;1400938;2020;7;13;6;3;2;2;0;0;1;0;1;0;1;0
140800;11;9;9401534;2020;7;13;5;3;2;6;0;0;0;0;1;0;1;0
140801;11;1;1100207;2020;7;12;5;3;1;5;0;1;0;0;0;1;0;0
140802;11;1;1100103;2020;7;12;3;3;5;3;0;0;1;0;1;0;0;0
140803;11;12;12100206;2020;7;15;6;2;5;5;0;0;1;0;1;0;0;0
140804;11;1;1100415;2020;7;11;5;3;0;6;0;1;0;0;1;0;0;1
140805;11;7;7501030;2020;7;16;2;3;6;7;0;0;1;1;0;0;0;0
140806;11;6;6400737;2020;7;19;5;2;5;2;0;1;1;0;0;0;0;0
140807;11;8;8200832;2020;7;18;5;3;5;3;0;1;1;0;0;0;0;0
140808;11;1;1100309;2020;7;14;5;3;2;7;0;1;1;0;0;0;0;0
140809;11;3;3500936;2020;7;10;1;3;1;7;0;0;1;0;0;0;0;0
140810;11;12;12200414;2020;7;13;1;3;2;6;0;1;0;0;0;0;0;0
140811;11;6;6400839;2020;7;14;3;3;2;6;0;0;1;0;0;0;0;0
140812;11;7;7400822;2020;7;12;7;2;3;6;0;1;1;0;0;0;0;0
140813;11;8;8100415;2020;7;11;5;2;5;2;0;0;0;0;0;0;1;0
140814;11;9;9401329;2020;7;9;3;3;5;3;0;0;1;0;0;0;0;0
140815;11;2;2400625;2020;7;1;6;3;0;1;2;1;0;0;0;0;0;0
140816;11;7;7100102;2020;7;11;5;3;5;7;0;0;1;0;0;0;0;0
140817;11;9;9300920;2020;7;15;2;3;1;5;0;1;1;0;0;0;0;0
140818;11;1;1200625;2020;7;15;5;2;3;6;0;1;0;0;0;0;0;0
140819;11;8;8200726;2020;7;19;4;3;2;6;0;0;1;0;0;0;0;0
140820;11;2;2300314;2020;7;19;7;3;2;6;0;0;1;0;0;0;0;0
140821;11;6;6400735;2020;7;14;7;3;0;2;0;1;1;0;0;0;0;0
140822;11;11;11100102;2020;7;8;2;3;2;2;0;0;1;0;0;0;1;0
140823;11;3;3300516;2020;7;16;5;3;2;6;0;0;1;0;0;0;1;0
140824;11;7;7100102;2020;7;20;4;3;5;2;1;0;1;0;0;0;0;0
140825;11;6;6300528;2020;7;19;1;3;0;7;0;0;0;0;1;0;0;1
140826;11;2;2300419;2020;7;20;7;2;5;3;0;1;0;0;0;0;1;0
140827;11;2;2200208;2020;7;23;3;3;6;4;2;1;0;1;0;0;0;0
140828;11;6;6100207;2020;7;4;7;3;1;5;2;0;1;0;1;0;0;0
140829;11;12;12200309;2020;7;11;5;2;5;2;0;1;1;0;0;0;0;0
140830;11;5;5200629;2020;7;8;3;3;6;4;0;1;0;1;0;0;0;0
140831;11;4;4300624;2020;7;20;6;2;0;1;1;0;0;0;0;0;1;0
140832;11;6;6100103;2020;7;11;5;3;4;6;0;1;1;0;0;0;0;1
140833;11;7;7100102;2020;7;13;2;3;5;3;0;0;1;0;1;0;0;0
140834;11;9;9100306;2020;7;12;2;3;3;2;0;0;1;0;0;1;0;0
140835;11;8;8100208;2020;7;17;4;3;0;1;0;1;0;0;0;0;0;0
140836;11;3;3300514;2020;7;19;7;3;2;7;0;0;1;0;0;0;0;0
140837;11;1;1200623;2020;7;18;3;3;0;6;0;1;1;0;0;0;0;0
140838;11;1;1100414;2020;7;18;6;3;0;7;0;1;1;0;0;0;0;0
140839;11;4;4500937;2020;7;11;5;3;5;3;0;1;0;0;0;0;1;2
140840;11;1;1401043;2020;7;5;6;2;6;4;0;1;0;1;0;0;0;0
140841;11;2;2300419;2020;7;19;3;3;0;7;0;0;1;0;1;0;0;0
140842;11;8;8300935;2020;7;13;6;3;2;6;0;0;1;0;0;0;0;0
140843;11;6;6200313;2020;7;10;5;2;0;6;0;0;1;0;0;0;1;0
140844;11;8;8100206;2020;7;15;6;3;6;4;0;1;0;1;0;0;0;0
140845;11;1;1100310;2020;7;6;3;2;6;2;0;0;1;1;0;0;0;0
140846;11;6;6200421;2020;7;12;6;2;5;7;0;0;1;0;1;0;0;0
140847;11;4;4300622;2020;7;21;1;2;5;3;2;0;1;0;0;0;0;0
140848;11;10;10300731;2020;7;11;1;3;6;4;0;0;1;1;0;0;0;0
140849;11;12;12200307;2020;7;11;7;3;5;2;0;0;1;0;1;0;0;0
140850;11;12;12200411;2020;7;14;4;3;3;6;0;0;1;0;0;1;0;0
140851;11;3;3601243;2020;7;19;7;3;6;4;0;1;0;1;0;0;0;0
140852;11;3;3300514;2020;7;16;3;2;5;3;0;0;1;0;1;0;0;0
140853;11;8;8200833;2020;7;16;6;3;2;6;0;0;1;0;0;0;0;0
140854;11;7;7300517;2020;7;8;5;3;5;2;0;0;1;0;0;0;0;0
140855;11;8;8100521;2020;7;17;6;3;5;3;0;0;1;0;0;0;1;0
140856;11;1;1300733;2020;7;16;2;3;1;7;0;1;1;1;0;0;0;1
140857;11;2;2300315;2020;7;23;5;3;5;2;2;1;1;0;0;0;0;0
140858;11;12;12100103;2020;7;3;7;3;1;7;2;0;1;0;0;0;0;0
140859;11;9;9200715;2020;7;14;1;3;5;2;0;0;1;0;0;0;0;0
140860;11;2;2300418;2020;7;17;1;3;5;2;0;1;1;0;0;0;0;0
140861;11;12;12200308;2020;7;12;2;3;0;1;0;1;0;0;0;0;0;0
140862;11;4;4501148;2020;7;10;6;3;2;2;0;0;1;0;0;0;0;0
140863;11;12;12200412;2020;7;9;7;3;5;7;0;0;1;0;1;0;0;0
140864;11;4;4400835;2020;7;18;1;3;6;7;0;0;1;1;0;0;0;0
140865;11;9;9501736;2020;7;18;1;3;0;1;0;1;0;0;0;0;0;1
140866;11;1;1200629;2020;7;8;5;3;5;2;0;1;1;0;0;0;0;0
140867;11;9;9401534;2020;7;9;4;3;5;3;0;1;1;0;0;0;0;0
140868;11;12;12500930;2020;7;17;7;3;5;3;0;1;1;0;0;0;0;0
140869;11;1;1401046;2020;7;8;5;3;5;2;0;1;0;0;0;0;1;0
140870;11;4;4501042;2020;7;11;3;3;5;3;0;1;1;0;0;0;0;0
140871;11;8;8100415;2020;7;14;6;3;2;6;0;0;1;0;0;0;0;0
140872;11;9;9200819;2020;7;7;5;3;0;1;0;0;0;0;1;0;0;1
140873;11;7;7501134;2020;7;9;2;2;5;3;0;0;1;0;0;0;0;0
140874;11;4;4300412;2020;7;17;5;3;5;2;0;0;1;0;1;0;0;0
140875;11;4;4100101;2020;7;8;7;2;6;2;0;0;1;1;0;0;0;0
140876;11;9;9100203;2020;7;10;5;3;6;4;0;0;1;1;0;0;0;0
140877;11;1;1100415;2020;7;6;1;2;5;3;0;0;1;0;0;0;0;0
140878;11;7;7601340;2020;7;21;7;2;5;3;1;0;1;0;0;0;1;0
140879;11;3;3300517;2020;7;12;3;3;4;6;0;1;1;0;0;0;0;0
140880;11;9;9300920;2020;7;10;7;3;5;3;0;1;1;0;0;0;0;0
140881;11;6;6300526;2020;7;7;5;2;5;3;0;0;1;0;1;0;0;1
140882;11;12;12200515;2020;7;16;3;2;5;3;0;1;0;0;1;0;0;0
140883;11;1;1200628;2020;7;22;4;2;0;1;2;1;0;0;0;0;0;0
140884;11;3;3300516;2020;7;15;7;2;3;6;0;1;1;0;0;0;0;0
140885;11;7;7100102;2020;7;7;5;3;1;5;0;1;0;0;0;1;0;1
140886;11;1;1100310;2020;7;10;3;3;5;3;0;1;1;0;0;0;0;0
140887;11;2;2300418;2020;7;3;6;2;0;7;2;0;1;0;0;0;0;0
140888;11;2;2200208;2020;7;7;5;3;5;2;0;1;1;0;0;0;0;1
140889;11;3;3701554;2020;7;1;2;3;0;7;2;1;1;0;0;0;0;0
140890;11;3;3601141;2020;7;16;5;3;5;2;0;1;1;0;0;0;0;0
140891;11;2;2100104;2020;7;5;7;3;5;3;0;1;1;0;0;0;0;0
140892;11;12;12400721;2020;7;20;4;2;0;1;0;1;0;0;0;0;0;0
140893;11;6;6300526;2020;7;19;1;3;2;6;0;0;1;0;0;0;0;1
140894;11;2;2500830;2020;7;18;7;3;1;1;0;1;1;0;0;0;0;0
140895;11;9;9200511;2020;7;20;3;3;5;3;0;0;1;0;0;0;0;0
140896;11;3;3400831;2020;7;1;7;2;0;1;2;1;0;0;0;0;0;0
140897;11;3;3200309;2020;7;5;5;3;5;3;0;1;0;0;0;0;1;1
140898;11;6;6300632;2020;7;14;6;3;5;3;0;0;1;0;0;0;1;0
140899;11;10;10300734;2020;7;8;3;3;5;2;0;1;1;0;0;0;0;0
140900;11;8;8100104;2020;7;13;6;3;1;5;0;1;1;0;0;0;0;0
140901;11;4;4501042;2020;7;4;5;3;9;1;1;0;1;0;0;0;0;0
140902;11;2;2100101;2020;7;13;2;3;5;7;0;0;1;0;1;0;0;0
140903;11;8;8100208;2020;7;22;1;3;5;3;2;0;1;0;0;0;0;0
140904;11;2;2500830;2020;7;21;6;3;2;6;1;0;1;0;1;0;0;0
140905;11;4;4300623;2020;7;22;5;3;6;4;2;1;0;1;0;0;0;0
140906;11;9;9100407;2020;7;14;2;3;3;6;0;0;1;0;1;0;0;0
140907;11;10;10400837;2020;7;18;4;3;0;7;0;1;0;0;0;0;0;0
140908;11;4;4501045;2020;7;21;7;3;5;7;1;0;1;0;0;0;0;0
140909;11;10;10400939;2020;7;12;7;3;0;2;0;1;1;0;0;0;0;0
140910;11;9;9501737;2020;7;18;3;3;5;3;0;0;1;0;1;0;0;0
140911;11;1;1100311;2020;7;23;6;3;1;5;2;0;1;0;0;0;1;0
140912;11;1;1100206;2020;7;21;5;3;5;2;1;1;1;0;0;0;0;0
140913;11;3;3400619;2020;7;16;6;3;0;1;0;0;0;0;1;0;0;1
140914;11;10;10300734;2020;7;5;3;3;5;3;0;0;1;0;1;0;0;0
140915;11;12;12400619;2020;7;11;6;3;5;3;0;1;1;0;0;0;0;0
140916;11;4;4200309;2020;7;10;6;3;5;2;0;0;1;0;0;0;0;0
140917;11;9;9401329;2020;7;19;1;3;0;3;0;0;1;0;1;0;0;0
140918;11;1;1100310;2020;7;6;1;3;3;6;0;1;0;0;0;0;0;0
140919;11;1;1100207;2020;7;12;6;2;1;5;0;1;1;0;0;0;0;0
140920;11;4;4300623;2020;7;13;4;3;2;6;0;1;1;0;0;0;0;0
140921;11;12;12100204;2020;7;18;7;3;5;2;0;1;1;0;0;0;0;0
140922;11;4;4400727;2020;7;12;3;3;5;3;0;0;1;0;0;0;0;0
140923;11;1;1100309;2020;7;15;6;3;5;2;0;1;1;0;0;0;0;0
140924;11;1;1100101;2020;7;16;4;3;0;1;0;1;0;0;0;0;0;0
140925;11;3;3701555;2020;7;19;7;3;5;3;0;0;1;0;0;0;0;0
140926;11;2;2200212;2020;7;17;3;3;5;2;0;1;0;0;0;0;0;0
140927;11;8;8401242;2020;7;17;6;3;2;3;0;1;1;0;0;0;0;0
140928;11;1;1300834;2020;7;20;5;3;5;3;0;1;1;0;0;0;0;0
140929;11;8;8401242;2020;7;14;6;2;5;2;0;0;1;0;1;0;0;0
140930;11;1;1100312;2020;7;19;2;2;2;6;0;1;0;0;0;0;0;0
140931;11;12;12200308;2020;7;6;6;3;5;3;0;1;1;0;0;0;0;0
140932;11;8;8200730;2020;7;17;1;3;5;2;0;1;1;0;0;0;0;1
140933;11;6;6300526;2020;7;18;1;3;5;3;0;0;1;0;1;0;0;0
140934;11;5;5200631;2020;7;20;5;3;2;7;0;1;0;0;0;0;0;0
140935;11;4;4501042;2020;7;16;4;3;0;5;0;1;1;0;0;0;0;0
140936;11;1;1100102;2020;7;16;7;3;2;6;0;0;1;0;0;0;1;0
140937;11;12;12400617;2020;7;20;5;3;0;7;0;0;1;0;0;0;1;0
140938;11;3;3200205;2020;7;11;3;3;5;3;0;1;1;0;0;0;0;0
140939;11;8;8300934;2020;7;14;6;3;5;3;0;1;1;0;0;0;0;0
140940;11;4;4300623;2020;7;19;5;3;2;7;0;1;1;0;0;0;0;0
140941;11;9;9200716;2020;7;9;2;2;3;6;0;1;0;0;0;0;0;0
140942;11;3;3400618;2020;7;17;5;3;5;3;0;1;0;0;0;0;0;0
140943;11;5;5100105;2020;7;16;6;3;0;6;0;0;0;0;1;0;1;1
140944;11;2;2100102;2020;7;6;5;3;0;6;0;0;1;0;1;0;0;1
140945;11;6;6300525;2020;7;18;5;3;5;2;0;1;1;0;0;0;0;0
140946;11;1;1100101;2020;7;11;2;3;5;2;0;1;1;0;0;0;0;0
140947;11;4;4300413;2020;7;15;5;3;5;2;0;1;0;0;0;0;1;0
140948;11;2;2200210;2020;7;18;5;2;5;3;0;1;1;0;0;0;0;0
140949;11;5;5200423;2020;7;15;5;3;2;2;0;0;1;0;0;0;0;0
140950;11;7;7601238;2020;7;11;1;3;0;3;0;1;0;0;1;0;0;1
140951;11;1;1400938;2020;7;14;1;3;2;6;0;0;1;0;0;0;0;0
140952;11;7;7400721;2020;7;15;3;3;0;6;0;1;1;0;0;0;0;0
140953;11;4;4501153;2020;7;13;7;3;0;6;0;1;1;0;0;0;0;0
140954;11;3;3200310;2020;7;18;5;3;5;3;0;0;1;0;0;0;0;1
140955;11;5;5300736;2020;7;10;3;3;5;2;0;1;0;0;0;0;1;0
140956;11;11;11300620;2020;7;1;6;2;5;3;2;1;1;0;0;0;0;0
140957;11;2;2200213;2020;7;18;5;3;6;4;0;1;0;1;0;0;0;0
140958;11;11;11200411;2020;7;15;2;3;2;6;0;0;1;0;0;1;0;1
140959;11;6;6300632;2020;7;16;5;2;1;7;0;0;1;0;0;0;0;0
140960;11;1;1300836;2020;7;20;4;3;5;5;0;0;1;0;0;0;1;0
140961;11;7;7100101;2020;7;18;1;3;5;2;0;1;1;0;0;0;0;1
140962;11;3;3601449;2020;7;15;7;3;2;6;0;0;1;0;1;0;0;0
140963;11;2;2100104;2020;7;19;3;2;5;3;0;1;0;0;0;0;1;0
140964;11;8;8100206;2020;7;17;6;3;0;7;0;0;1;0;1;0;0;0
140965;11;4;4501151;2020;7;17;5;3;1;5;0;0;1;0;0;0;0;0
140966;11;9;9401534;2020;7;19;1;3;0;6;0;0;1;0;1;0;0;1
140967;11;7;7200307;2020;7;21;7;3;1;5;1;1;1;0;0;0;0;0
140968;11;9;9200510;2020;7;13;3;3;3;6;0;1;1;0;0;1;0;0
140969;11;10;10200525;2020;7;10;7;3;4;2;0;1;0;0;0;0;0;0
140970;11;4;4501146;2020;7;16;5;3;5;2;0;0;1;0;1;0;0;0
140971;11;10;10300731;2020;7;8;3;3;5;3;0;0;1;0;0;0;1;0
140972;11;1;1100310;2020;7;20;6;3;2;7;0;0;1;0;1;0;0;0
140973;11;7;7100102;2020;7;16;5;2;3;6;0;0;1;0;1;0;0;0
140974;11;11;11300721;2020;7;13;2;3;5;3;0;1;1;0;0;0;0;0
140975;11;4;4400728;2020;7;14;2;3;5;3;0;0;1;0;0;0;1;0
140976;11;6;6100205;2020;7;15;6;3;5;3;0;1;1;0;0;0;0;0
140977;11;4;4500937;2020;7;17;4;3;1;5;0;1;1;0;0;0;0;0
140978;11;2;2400625;2020;7;20;7;3;6;4;0;0;1;1;0;0;0;0
140979;11;3;3300516;2020;7;18;3;3;2;6;0;0;1;0;0;0;0;0
140980;11;9;9301126;2020;7;19;6;3;5;3;0;1;0;0;0;0;0;0
140981;11;10;10400940;2020;7;15;5;3;5;5;0;0;1;0;0;0;0;0
140982;11;11;11200513;2020;7;14;6;3;2;6;0;0;1;0;0;0;0;0
140983;11;10;10100311;2020;7;16;2;3;0;1;0;1;0;0;0;0;0;1
140984;11;6;6200312;2020;7;10;6;3;5;3;0;1;1;0;0;0;0;0
140985;11;2;2400625;2020;7;23;1;3;0;1;2;1;0;0;0;0;0;1
140986;11;10;10400835;2020;7;14;6;3;1;5;0;0;1;0;0;0;0;0
140987;11;9;9100304;2020;7;7;3;3;0;2;0;0;1;0;1;0;0;0
140988;11;10;10400837;2020;7;12;6;3;5;3;0;0;1;0;1;0;0;0
140989;11;4;4200309;2020;7;12;2;3;2;7;0;0;0;0;1;0;1;0
140990;11;7;7300517;2020;7;2;1;3;0;1;2;1;0;0;0;0;0;0
140991;11;9;9200715;2020;7;15;4;3;2;6;0;0;1;0;0;0;0;0
140992;11;9;9100101;2020;7;14;7;3;5;3;0;0;1;0;0;0;0;0
140993;11;8;8200730;2020;7;17;3;2;2;6;0;0;1;0;0;0;0;0
140994;11;9;9501736;2020;7;16;6;3;2;6;0;0;1;0;0;0;0;0
140995;11;3;3400724;2020;7;15;5;3;0;1;0;0;0;0;1;0;0;1
140996;11;12;12400722;2020;7;12;6;3;2;6;0;0;1;0;0;0;0;1
140997;11;10;10100311;2020;7;17;2;3;0;1;0;0;0;0;1;0;0;1
140998;11;4;4501041;2020;7;16;5;3;0;2;0;0;1;0;1;0;0;0
140999;11;8;8200832;2020;7;16;1;3;5;7;0;0;1;0;1;0;0;0
141000;11;8;8100105;2020;7;17;1;3;0;1;0;0;1;0;0;0;0;0
141001;11;11;11401136;2020;7;20;4;3;5;3;0;1;1;0;0;0;0;0
141002;11;4;4200310;2020;7;15;7;3;2;3;0;1;1;0;0;0;0;0
141003;11;12;12100101;2020;7;11;4;3;5;2;0;0;1;0;1;0;0;0
141004;11;2;2200213;2020;7;19;1;3;3;6;0;0;1;0;0;0;0;0
141005;11;7;7400823;2020;7;19;4;3;5;2;0;1;1;0;0;0;0;0
141006;11;12;12200412;2020;7;9;4;3;2;6;0;0;1;0;0;0;1;0
141007;11;10;10200418;2020;7;18;7;3;5;3;0;1;1;0;0;0;0;0
141008;11;7;7200409;2020;7;14;4;3;0;1;0;0;0;0;1;0;0;1
141009;11;7;7100102;2020;7;12;3;3;1;5;0;1;1;0;0;0;0;0
141010;11;4;4500936;2020;7;13;6;3;5;3;0;1;1;0;0;0;0;0
141011;11;2;2200210;2020;7;8;4;3;5;3;0;0;1;0;0;0;0;0
141012;11;11;11501238;2020;7;15;2;3;6;2;0;0;1;1;0;0;0;0
141013;11;1;1300835;2020;7;18;5;3;5;2;0;1;1;0;0;0;0;0
141014;11;8;8100311;2020;7;18;5;3;2;6;0;1;1;0;0;0;0;0
141015;11;3;3300411;2020;7;11;5;3;5;3;0;1;0;0;0;0;1;0
141016;11;2;2500830;2020;7;10;1;3;0;1;0;1;0;0;0;0;0;1
141017;11;5;5100209;2020;7;9;7;3;2;6;0;0;1;0;0;0;0;0
141018;11;3;3701555;2020;7;12;3;3;0;7;0;0;0;0;0;0;1;0
141019;11;11;11300721;2020;7;12;7;3;2;6;0;0;1;0;0;0;1;0
141020;11;4;4400832;2020;7;15;4;3;5;2;0;0;1;0;0;0;0;1
141021;11;5;5100211;2020;7;9;3;3;5;2;0;0;1;0;1;0;0;0
141022;11;4;4300620;2020;7;20;6;3;5;3;1;1;0;0;0;0;0;0
141023;11;4;4501153;2020;7;22;4;2;5;3;2;0;1;0;0;0;0;1
141024;11;5;5200629;2020;7;15;2;2;2;6;0;0;1;0;1;0;0;1
141025;11;10;10300734;2020;7;10;3;3;0;3;0;0;0;0;0;0;1;0
141026;11;9;9200717;2020;7;2;6;3;0;6;2;1;1;0;0;0;0;0
141027;11;1;1100309;2020;7;12;4;3;5;3;0;1;1;0;0;0;0;1
141028;11;8;8401241;2020;7;6;2;3;5;3;0;1;1;0;0;0;0;0
141029;11;1;1100312;2020;7;16;5;3;2;6;0;0;1;0;0;0;0;0
141030;11;4;4200310;2020;7;8;4;3;8;1;0;0;0;0;1;0;0;0