OBJECTID;LAND;BEZ;LOR_ab_2021;UJAHR;UMONAT;USTUNDE;UWOCHENTAG;UKATEGORIE;UART;UTYP1;ULICHTVERH;IstRad;IstPKW;IstFuss;IstKrad;IstGkfz;IstSonstige;USTRZUSTAND
141031;11;11;11300620;2020;7;19;1;3;5;2;0;1;1;0;0;0;0;0
141032;11;1;1401048;2020;7;17;7;3;6;4;0;0;1;1;0;0;0;0
141033;11;8;8100208;2020;7;20;3;3;1;5;1;1;1;0;0;0;0;0
141034;11;8;8301037;2020;7;4;7;3;5;3;2;0;1;0;0;0;0;0
141035;11;6;6200420;2020;7;22;4;3;0;7;2;0;0;0;1;0;0;1
141036;11;4;4300414;2020;7;8;3;3;5;2;0;1;1;0;0;0;0;0
141037;11;6;6400844;2020;7;13;6;3;1;7;0;1;1;0;0;0;0;0
141038;11;2;2300316;2020;7;21;4;3;5;3;2;0;1;0;0;0;1;1
141039;11;6;6100206;2020;7;13;2;3;2;6;0;1;0;0;0;0;1;0
141040;11;8;8100207;2020;7;17;1;3;5;3;0;1;1;0;1;0;0;0
141041;11;7;7400823;2020;7;16;4;3;5;3;0;1;1;0;0;0;0;0
141042;11;4;4501148;2020;7;19;7;3;5;2;0;0;1;0;0;0;1;0
141043;11;5;5300735;2020;7;15;5;3;5;3;0;0;1;0;0;0;0;0
141044;11;2;2500833;2020;7;19;4;3;1;5;0;1;1;0;0;0;0;0
141045;11;9;9200715;2020;7;22;7;3;0;1;2;1;0;0;0;0;0;0
141046;11;3;3500932;2020;7;14;7;3;5;2;0;1;1;0;0;0;0;0
141047;11;4;4501041;2020;7;19;3;3;5;2;0;1;1;0;0;0;0;0
141048;11;8;8100209;2020;7;19;6;3;5;3;0;1;0;0;0;0;1;0
141049;11;2;2100102;2020;7;19;4;3;5;7;1;1;0;0;0;0;1;0
141050;11;7;7400721;2020;7;12;6;3;2;7;0;0;1;0;1;0;0;0
141051;11;6;6200314;2020;7;6;3;3;0;3;0;0;0;0;1;1;0;0
141052;11;2;2200209;2020;7;12;6;3;5;2;0;0;1;0;1;0;0;0
141053;11;11;11501340;2020;7;11;6;3;5;3;0;0;1;0;1;0;0;0
141054;11;12;12200307;2020;7;20;1;3;1;5;0;1;1;0;0;0;0;0
141055;11;1;1400938;2020;7;10;1;3;1;5;0;0;1;0;0;0;0;0
141056;11;9;9200510;2020;7;20;6;3;5;2;0;1;1;0;0;0;0;0
141057;11;4;4300415;2020;7;13;4;3;6;7;0;0;0;1;0;0;1;0
141058;11;10;10200629;2020;7;19;7;2;5;3;0;0;1;0;0;0;1;0
141059;11;1;1100207;2020;7;13;3;3;4;6;0;1;0;0;0;0;0;0
141060;11;9;9100304;2020;7;15;6;3;5;2;0;0;1;0;0;0;0;0
141061;11;5;5200422;2020;7;19;4;3;1;5;0;0;0;0;1;1;0;0
141062;11;4;4300624;2020;7;12;2;3;0;3;0;1;0;0;0;0;1;0
141063;11;11;11401032;2020;7;17;5;3;5;2;0;1;1;0;0;0;0;0
141064;11;2;2200212;2020;7;10;6;3;0;7;0;1;0;0;0;0;0;0
141065;11;4;4300413;2020;8;16;3;3;2;3;0;1;1;0;0;0;0;0
141066;11;1;1401045;2020;7;12;3;3;0;6;0;0;1;0;0;0;1;0
141067;11;9;9100409;2020;8;13;2;1;9;1;0;0;0;1;0;1;0;0
141068;11;1;1100416;2020;8;16;7;3;6;4;0;0;1;1;0;0;0;0
141069;11;9;9501939;2020;8;7;5;3;3;6;0;0;1;0;1;0;1;0
141070;11;5;5200629;2020;7;10;6;3;2;6;0;0;1;0;0;0;1;0
141071;11;9;9501941;2020;8;10;2;3;2;2;0;0;1;0;0;0;0;0
141072;11;1;1200628;2020;7;13;6;2;0;1;0;1;0;0;0;0;0;0
141073;11;11;11300721;2020;8;15;4;2;1;5;0;0;0;0;1;0;1;0
141074;11;12;12200310;2020;7;11;3;3;2;6;0;0;1;0;0;0;0;0
141075;11;2;2400623;2020;7;10;6;3;5;7;0;1;1;0;0;0;0;0
141076;11;8;8401241;2020;8;7;4;2;5;3;0;0;1;0;1;0;0;0
141077;11;12;12601031;2020;7;11;3;3;0;1;0;1;0;0;0;0;0;0
141078;11;7;7300619;2020;7;9;6;3;5;2;0;1;1;0;0;0;0;0
141079;11;2;2400625;2020;8;10;3;3;2;6;0;0;1;0;0;0;1;0
141080;11;2;2200208;2020;7;10;3;2;0;2;0;0;0;0;0;0;1;0
141081;11;9;9401431;2020;8;8;7;3;5;3;0;1;0;0;1;0;0;0
141082;11;7;7300517;2020;8;13;5;2;5;2;0;1;0;0;0;0;1;0
141083;11;12;12200309;2020;7;8;6;3;5;3;0;0;1;0;0;0;0;0
141084;11;10;10200627;2020;8;14;4;3;2;2;0;1;1;0;0;0;0;0
141085;11;11;11300620;2020;7;5;6;3;5;2;1;1;1;0;0;0;0;0
141086;11;5;5200629;2020;8;15;4;3;0;6;0;0;0;0;0;1;1;0
141087;11;12;12200309;2020;7;5;6;3;3;2;1;0;1;0;0;1;0;0
141088;11;1;1401049;2020;8;19;4;3;3;6;0;0;1;0;1;0;0;0
141089;11;3;3100102;2020;7;10;3;3;5;3;0;0;1;0;0;0;0;0
141090;11;11;10100205;2020;8;8;1;3;5;3;0;1;1;0;0;0;0;0
141091;11;10;10400938;2020;8;17;5;3;5;3;0;1;1;0;0;0;0;0
141092;11;1;1100206;2020;7;1;6;3;5;2;2;1;1;0;0;0;0;0
141093;11;1;1200519;2020;8;13;3;3;3;6;0;1;1;0;0;0;0;0
141094;11;7;7200308;2020;7;9;3;3;5;2;0;1;0;0;0;0;0;0
141095;11;11;11300721;2020;8;11;7;2;0;1;0;1;0;0;0;0;0;0
141096;11;2;2400625;2020;8;11;5;3;2;2;0;1;1;0;0;0;0;0
141097;11;7;7100101;2020;7;0;6;3;0;7;2;0;1;1;0;0;0;0
141098;11;4;4300624;2020;8;22;4;3;0;1;2;0;0;0;1;0;0;0
141099;11;2;2400625;2020;7;21;6;3;5;2;1;1;0;0;1;0;0;0
141100;11;7;7400822;2020;8;19;3;3;5;3;0;0;1;0;0;0;0;0
141101;11;9;9501939;2020;7;8;3;2;5;3;0;1;1;0;0;0;0;0
141102;11;8;8401242;2020;8;19;1;3;2;2;0;0;1;0;0;0;0;1
141103;11;8;8100208;2020;8;6;7;3;1;7;0;0;1;0;0;0;0;0
141104;11;12;12200309;2020;8;16;5;3;5;2;0;1;1;0;0;0;0;0
141105;11;6;6200422;2020;7;23;6;2;0;1;2;1;0;0;0;0;0;0
141106;11;7;7501029;2020;8;14;2;3;3;6;0;0;1;0;1;0;0;0
141107;11;1;1401046;2020;7;8;3;3;5;2;0;1;1;0;0;0;0;0
141108;11;5;5100210;2020;7;22;6;3;5;2;2;1;1;0;0;0;0;0
141109;11;1;1300731;2020;8;22;3;3;1;5;2;0;1;0;1;0;0;0
141110;11;11;11300725;2020;7;7;3;3;1;5;0;0;1;0;0;0;0;0
141111;11;2;2500835;2020;8;6;7;3;1;5;1;0;1;0;0;0;0;0
141112;11;5;5100316;2020;8;17;5;3;5;3;0;0;1;0;0;1;0;0
141113;11;4;4100101;2020;7;21;6;2;0;4;2;0;0;1;1;0;0;0
141114;11;9;9100304;2020;8;11;3;3;2;6;0;0;1;0;0;0;0;0
141115;11;9;9501939;2020;7;6;3;3;5;7;0;0;1;0;1;0;0;0
141116;11;11;11200410;2020;7;12;6;2;2;6;0;0;1;0;0;0;0;0
141117;11;7;7200307;2020;8;9;4;3;1;5;0;1;0;0;0;1;0;0
141118;11;4;4501043;2020;7;19;6;3;5;2;0;1;1;0;0;0;0;0
141119;11;3;3701659;2020;8;6;4;3;5;2;0;1;0;0;0;0;1;0
141120;11;1;1100308;2020;7;18;6;3;3;6;0;1;1;0;0;0;0;0
141121;11;8;8401243;2020;8;17;3;3;2;7;0;0;1;0;0;0;0;0
141122;11;12;12601031;2020;7;0;3;2;0;1;2;1;0;0;0;0;0;0
141123;11;10;10200629;2020;8;19;1;3;2;6;0;0;1;0;0;0;0;0
141124;11;4;4100101;2020;8;19;7;3;0;6;0;0;1;0;1;0;0;0
141125;11;10;10100104;2020;8;9;5;2;4;6;0;0;1;0;0;0;0;0
141126;11;1;1400937;2020;7;18;6;3;2;6;0;0;1;0;0;0;0;0
141127;11;5;5100104;2020;8;12;2;3;1;5;0;1;1;0;0;0;0;0
141128;11;1;1200629;2020;7;18;6;2;5;3;0;1;1;0;0;0;0;0
141129;11;9;9100408;2020;8;23;4;3;2;6;2;0;1;0;0;0;0;0
141130;11;9;9200715;2020;7;22;3;2;5;2;2;0;1;0;1;0;0;0
141131;11;3;3601450;2020;7;17;6;3;5;2;0;1;1;0;0;0;0;0
141132;11;4;4200206;2020;8;13;4;2;0;5;0;1;1;0;0;0;0;0
141133;11;5;5300841;2020;7;17;6;2;6;7;0;0;0;1;0;1;0;0
141134;11;7;7400927;2020;8;12;4;3;1;5;0;1;1;0;0;0;0;0
141135;11;2;2100105;2020;7;16;6;3;5;3;0;1;1;0;0;0;0;0
141136;11;5;5100313;2020;8;13;4;3;2;7;0;0;1;0;0;0;1;0
141137;11;7;7601442;2020;7;16;6;3;5;7;0;0;1;0;1;0;0;0
141138;11;8;8401139;2020;8;14;3;3;5;3;0;0;1;0;0;0;0;0
141139;11;5;5100314;2020;7;20;3;3;2;2;0;1;1;0;0;0;0;0
141140;11;10;10200629;2020;8;19;1;2;5;2;0;0;1;0;0;0;0;0
141141;11;11;11100308;2020;8;13;7;3;0;2;0;1;0;0;0;0;0;0
141142;11;9;9401635;2020;8;15;5;3;9;1;0;0;0;0;1;0;0;0
141143;11;2;2300314;2020;7;15;6;3;5;3;0;1;1;0;0;0;0;0
141144;11;12;12500926;2020;8;9;2;3;6;4;0;0;1;1;0;0;0;0
141145;11;3;3601245;2020;7;15;6;3;5;3;0;1;1;0;0;0;0;0
141146;11;3;3300515;2020;8;15;4;3;2;2;0;0;1;0;0;0;0;0
141147;11;8;8100310;2020;7;20;3;3;5;2;1;0;1;0;1;0;0;0
141148;11;9;9300920;2020;7;15;6;3;5;2;0;1;1;0;0;0;0;0
141149;11;4;4400728;2020;8;7;4;3;5;3;0;0;1;0;0;0;1;0
141150;11;2;2300316;2020;7;20;3;3;5;3;0;1;1;0;0;0;0;0
141151;11;3;3601140;2020;7;14;6;3;5;2;0;1;1;0;0;0;0;0
141152;11;9;9100408;2020;8;9;3;3;5;2;0;1;1;0;0;0;0;0
141153;11;8;8100102;2020;7;20;3;3;6;4;0;1;0;1;0;0;0;0
141154;11;4;4300622;2020;7;19;3;2;5;2;0;1;1;0;0;0;0;0
141155;11;4;4200311;2020;7;14;6;3;2;6;0;0;1;0;0;0;0;0
141156;11;7;7100101;2020;8;18;3;3;1;5;0;1;1;0;0;0;0;0
141157;11;2;2200208;2020;7;18;3;3;2;6;0;0;1;0;0;0;0;0
141158;11;5;5100104;2020;8;11;7;3;3;6;0;0;1;0;1;0;0;0
141159;11;1;1300836;2020;8;14;5;3;5;2;0;1;1;0;0;0;0;0
141160;11;1;1300733;2020;7;22;5;3;6;2;2;0;1;1;0;0;0;0
141161;11;1;1300835;2020;8;17;2;3;6;7;0;0;0;1;0;0;1;0
141162;11;9;9200613;2020;7;21;5;3;0;2;1;0;1;0;1;0;0;0
141163;11;4;4200308;2020;8;14;4;3;2;6;0;0;1;0;0;0;0;0
141164;11;12;12200308;2020;7;17;5;3;5;3;0;1;1;0;0;0;0;0
141165;11;2;2500833;2020;8;18;4;3;0;1;0;1;1;0;0;0;0;0
141166;11;2;2500834;2020;7;17;3;3;1;5;0;1;1;0;0;0;0;0
141167;11;4;4500938;2020;8;1;1;2;5;3;2;0;1;0;0;0;0;0
141168;11;2;2200210;2020;8;19;5;3;2;6;0;0;1;0;0;0;0;0
141169;11;1;1100308;2020;7;17;5;3;6;4;0;1;0;1;0;0;0;0
141170;11;5;5100101;2020;8;12;3;3;0;5;0;1;1;0;0;0;0;0
141171;11;8;8200623;2020;7;16;3;2;5;2;0;0;1;0;0;0;0;0
141172;11;3;3300516;2020;7;22;6;3;0;7;2;1;0;0;0;0;0;0
141173;11;8;8200730;2020;8;14;4;3;1;5;0;1;1;0;0;0;0;0
141174;11;1;1100415;2020;7;17;5;3;2;2;0;1;1;0;0;0;0;0
141175;11;10;10400938;2020;8;9;4;3;6;2;0;0;1;1;0;0;0;0
141176;11;8;8401243;2020;8;7;7;3;5;3;0;1;1;0;0;0;0;0
141177;11;1;1100102;2020;8;12;5;2;5;2;0;1;1;0;0;0;0;0
141178;11;7;7601442;2020;7;17;5;3;5;2;0;0;1;0;0;0;0;0
141179;11;1;1100309;2020;8;15;4;2;3;6;0;0;1;0;0;0;1;0
141180;11;2;2100103;2020;7;16;5;3;5;3;0;0;1;0;0;0;0;0
141181;11;9;9501737;2020;8;20;3;2;4;6;0;0;1;1;0;0;0;0
141182;11;8;8100208;2020;7;16;3;3;5;3;0;0;1;0;0;0;0;0
141183;11;8;8401244;2020;8;23;7;2;1;5;2;1;1;0;0;0;0;0
141184;11;3;3200205;2020;8;17;5;3;2;7;0;0;0;0;1;0;1;0
141185;11;10;10200629;2020;7;16;5;3;2;2;0;0;1;0;0;0;0;0
141186;11;9;9401534;2020;8;12;3;3;0;1;0;1;0;0;0;0;0;0
141187;11;1;1401044;2020;7;17;2;3;6;4;0;0;1;1;0;0;0;0
141188;11;9;9200715;2020;7;16;5;2;2;6;0;0;1;0;0;0;0;0
141189;11;1;1100310;2020;8;11;4;3;5;3;0;1;0;0;0;0;1;0
141190;11;11;11300617;2020;7;15;5;3;2;6;0;0;1;0;0;0;1;0
141191;11;10;10200419;2020;8;13;4;3;5;2;0;1;1;0;0;0;0;0
141192;11;11;11400927;2020;7;15;5;3;4;1;0;0;1;0;1;0;0;0
141193;11;1;1100312;2020;8;16;3;3;5;2;0;1;1;0;0;0;0;0
141194;11;1;1100207;2020;7;20;2;3;5;3;1;0;1;0;0;0;0;0
141195;11;5;5200631;2020;8;18;1;3;5;3;0;1;1;0;0;0;0;0
141196;11;10;10300734;2020;8;17;7;3;2;6;0;0;1;0;1;0;0;0
141197;11;10;10100102;2020;8;8;5;2;5;3;0;1;1;0;0;0;0;0
141198;11;2;2200208;2020;7;14;5;3;5;2;0;1;1;0;0;0;0;0
141199;11;9;9200715;2020;8;7;3;3;5;2;0;0;1;0;0;0;0;0
141200;11;7;7100101;2020;7;18;2;3;0;7;0;0;1;0;1;0;0;1
141201;11;3;3300411;2020;8;18;1;3;0;6;0;0;1;0;1;0;0;0
141202;11;7;7601544;2020;8;17;5;3;2;6;0;0;1;0;0;0;0;0
141203;11;11;11401137;2020;8;2;7;2;6;4;2;0;0;1;0;0;1;0
141204;11;1;1200517;2020;8;17;5;3;3;6;0;1;1;0;0;0;0;0
141205;11;7;7400928;2020;7;14;5;3;5;3;0;1;1;0;0;0;0;0
141206;11;11;11300721;2020;8;15;2;3;5;3;0;0;1;0;0;0;0;0
141207;11;12;12200309;2020;7;14;5;3;0;7;0;1;0;0;0;0;0;0
141208;11;8;8100416;2020;8;14;4;3;0;7;0;1;0;0;0;0;0;0
141209;11;1;1100310;2020;8;18;2;2;2;6;0;0;1;0;1;0;0;0
141210;11;3;3400723;2020;7;13;5;3;5;3;0;1;0;0;0;0;0;0
141211;11;5;5300737;2020;8;8;4;3;2;6;0;0;1;0;0;0;0;0
141212;11;8;8401241;2020;7;13;5;3;4;6;0;1;1;0;0;0;1;0
141213;11;3;3601347;2020;8;15;3;3;3;6;0;1;0;0;1;0;0;0
141214;11;8;8200725;2020;7;14;2;3;6;4;0;0;1;1;0;0;0;0
141215;11;5;5300841;2020;8;17;1;3;0;1;0;1;0;0;0;0;0;1
141216;11;10;10400941;2020;8;13;7;3;5;3;0;1;1;0;0;0;0;0
141217;11;1;1200517;2020;8;14;5;3;3;6;0;1;1;0;0;0;0;0
141218;11;11;11501339;2020;7;12;5;3;6;4;0;0;1;1;0;0;0;0
141219;11;4;4501041;2020;8;8;2;3;5;2;0;1;1;0;0;0;0;0
141220;11;1;7100101;2020;8;18;2;2;5;3;0;0;1;0;1;0;0;0
141221;11;6;6300524;2020;7;11;5;3;5;2;0;1;1;0;0;0;0;0
141222;11;10;10300731;2020;8;12;4;3;5;3;0;0;1;0;0;0;0;0
141223;11;9;9501941;2020;7;11;5;3;2;6;0;0;1;0;0;0;0;0
141224;11;2;2500835;2020;8;12;2;3;2;2;0;0;1;0;0;0;0;0
141225;11;2;2200210;2020;8;18;2;3;2;6;0;0;1;0;0;0;0;0
141226;11;11;9200512;2020;7;10;5;3;5;3;0;1;0;0;1;0;0;0
141227;11;4;4100101;2020;8;16;4;3;5;2;0;1;1;0;0;0;0;0
141228;11;1;1100206;2020;7;10;2;2;3;1;0;1;1;0;0;0;0;1
141229;11;1;1300731;2020;7;9;5;3;5;3;0;1;1;0;0;0;0;0
141230;11;1;1200628;2020;8;19;4;3;5;2;0;1;1;0;0;0;0;0
141231;11;2;2400625;2020;7;16;2;3;5;3;0;1;1;0;0;0;0;0
141232;11;7;7501030;2020;7;9;5;3;3;2;0;0;1;0;0;1;0;0
141233;11;6;6100101;2020;8;10;3;3;5;3;0;1;1;0;0;0;0;0
141234;11;2;2400625;2020;7;16;2;3;5;3;0;1;1;0;0;0;0;0
141235;11;1;1100206;2020;8;10;7;3;1;5;0;1;0;0;0;0;1;0
141236;11;9;9100304;2020;8;13;5;3;2;6;0;0;1;0;0;0;0;0
141237;11;9;9501838;2020;8;19;2;3;3;6;1;1;0;0;0;0;0;0
141238;11;10;10400941;2020;7;9;5;3;5;2;0;1;1;0;0;0;0;0
141239;11;12;12200515;2020;8;10;4;3;5;3;0;0;1;0;1;0;0;0
141240;11;5;5400942;2020;7;9;5;2;4;6;0;0;1;0;0;0;1;0
141241;11;8;8100206;2020;8;12;3;3;1;5;0;1;1;0;0;0;0;0
141242;11;1;1401043;2020;7;6;2;3;6;4;0;0;1;1;0;0;0;0
141243;11;4;4300414;2020;8;15;7;3;5;2;0;1;1;0;0;0;0;0
141244;11;1;1401049;2020;8;17;5;2;4;6;0;1;0;0;0;0;0;0
141245;11;9;9501736;2020;7;9;5;3;4;6;0;1;0;0;0;0;0;0
141246;11;6;6300526;2020;8;19;4;3;5;2;0;1;1;0;0;0;0;0
141247;11;9;9200715;2020;7;18;2;2;5;3;0;0;1;0;0;0;0;1
141248;11;8;8100206;2020;8;12;1;3;5;3;0;1;1;0;0;0;0;1
141249;11;12;12500926;2020;8;17;5;3;0;2;0;1;1;0;0;0;0;0
141250;11;4;4200311;2020;7;8;5;3;0;2;0;1;1;0;0;0;0;0
141251;11;12;12200310;2020;8;7;3;3;1;5;0;1;1;0;0;0;0;0
141252;11;4;4500936;2020;7;14;2;3;5;2;0;1;1;0;0;0;0;0
141253;11;10;10400940;2020;8;14;7;3;8;1;0;0;1;0;0;0;0;0
141254;11;11;11200512;2020;8;11;5;2;5;3;0;0;1;0;0;0;0;0
141255;11;1;1100308;2020;8;18;2;3;1;5;0;1;1;0;0;0;0;0
141256;11;4;4300622;2020;7;7;5;3;2;6;0;0;1;0;0;1;0;0
141257;11;3;3601140;2020;8;9;4;3;0;6;0;1;1;0;0;0;0;0
141258;11;1;1200517;2020;7;8;5;3;0;2;0;1;0;0;0;0;1;0
141259;11;1;1100205;2020;8;19;3;3;5;2;0;1;0;0;0;0;1;0
141260;11;9;9502043;2020;7;12;2;3;5;7;0;1;1;0;0;0;0;0
141261;11;8;8401241;2020;8;17;1;2;5;3;0;1;0;0;0;0;1;1
141262;11;6;6300528;2020;8;11;7;3;5;3;0;1;1;0;0;0;0;0
141263;11;1;1200628;2020;8;16;5;3;5;2;0;0;1;0;0;0;0;0
141264;11;1;1100308;2020;7;9;4;3;5;7;0;1;0;0;0;0;1;0
141265;11;6;6300526;2020;8;8;2;3;6;7;0;0;1;1;0;0;0;0
141266;11;2;2400521;2020;7;9;2;3;0;3;0;0;1;0;0;0;1;0
141267;11;9;9401534;2020;7;23;4;3;0;1;2;1;0;0;0;0;0;0
141268;11;5;5300737;2020;8;16;4;3;1;5;0;1;1;0;0;0;0;0
141269;11;9;9100304;2020;7;22;4;3;5;2;2;0;0;0;1;0;0;0
141270;11;9;9200510;2020;8;11;3;3;3;6;0;0;1;0;0;0;0;0
141271;11;7;7400721;2020;7;11;2;3;5;3;0;1;0;0;0;0;1;0
141272;11;4;4501044;2020;7;12;6;3;5;2;0;1;1;0;0;0;0;0
141273;11;1;1100103;2020;8;13;4;2;5;2;0;0;1;0;1;0;0;0
141274;11;2;2300314;2020;7;22;4;3;5;2;2;1;1;0;0;0;0;0
141275;11;12;12100205;2020;8;13;4;3;0;7;0;1;0;0;0;0;0;0
141276;11;3;3601449;2020;7;22;4;3;0;7;2;0;0;0;0;0;1;0
141277;11;8;8200727;2020;8;6;3;3;2;6;0;0;1;0;1;0;0;0
141278;11;1;1200628;2020;7;11;2;3;6;4;0;1;0;1;0;0;0;0
141279;11;1;1300731;2020;8;16;1;3;5;2;0;0;1;0;0;0;0;0
141280;11;10;10100104;2020;8;2;7;3;6;7;2;1;0;1;0;0;0;0
141281;11;9;9200715;2020;8;9;5;3;5;2;0;1;0;0;0;0;0;0
141282;11;9;9100304;2020;7;22;4;3;5;2;2;1;1;0;0;0;0;0
141283;11;5;5200629;2020;8;14;2;3;6;7;0;0;0;1;0;0;1;0
141284;11;11;11300721;2020;8;18;2;3;2;6;0;0;1;0;0;0;0;0
141285;11;1;1400937;2020;7;21;4;3;1;5;2;1;1;0;0;0;0;0
141286;11;9;9200510;2020;8;16;4;3;5;2;0;1;1;0;0;0;0;0
141287;11;2;2200210;2020;8;20;2;3;5;3;0;0;1;0;0;0;0;0
141288;11;1;1300836;2020;7;20;4;2;0;3;1;0;1;0;1;0;0;0
141289;11;6;6100102;2020;8;0;4;3;1;7;2;0;1;0;0;0;0;0
141290;11;8;8100310;2020;7;20;4;3;3;6;0;1;1;0;0;0;0;0
141291;11;12;12500926;2020;8;14;3;3;0;1;0;0;0;0;1;0;0;0
141292;11;10;10200421;2020;7;18;4;3;5;2;0;0;1;0;1;0;0;0
141293;11;1;1400938;2020;8;0;4;2;5;7;2;0;1;0;0;0;1;0
141294;11;6;6400735;2020;7;18;4;2;1;5;0;1;1;0;0;0;0;0
141295;11;3;3601141;2020;8;16;3;3;2;6;0;0;1;0;1;0;0;1
141296;11;11;11300616;2020;7;10;2;2;5;3;0;1;1;0;0;0;0;0
141297;11;12;12500825;2020;8;14;1;3;0;1;0;0;0;0;1;0;0;1
141298;11;3;3200207;2020;8;15;7;3;5;2;0;1;1;0;0;0;0;0
141299;11;6;6100102;2020;8;6;5;3;5;2;0;1;0;0;0;0;0;0
141300;11;4;4501043;2020;7;17;4;3;2;6;0;0;1;0;0;0;0;0
141301;11;7;7400823;2020;8;10;2;3;5;2;0;1;1;0;0;0;0;0
141302;11;1;1100205;2020;7;16;4;3;5;2;0;1;1;0;0;0;0;0
141303;11;12;12601235;2020;8;15;4;3;6;4;0;1;0;1;0;0;0;0
141304;11;6;6200317;2020;7;10;2;3;2;6;0;0;1;0;0;0;0;0
141305;11;6;6400844;2020;7;16;4;3;5;3;0;1;1;0;0;0;0;0
141306;11;5;5300737;2020;8;7;4;3;5;3;0;1;1;0;0;0;0;0
141307;11;1;1300836;2020;7;10;2;3;9;1;0;0;1;0;0;0;0;0
141308;11;1;1300733;2020;7;16;4;3;6;4;0;0;1;1;0;0;0;0
141309;11;9;9200819;2020;8;9;3;3;2;6;0;0;1;0;0;0;1;0
141310;11;1;1100313;2020;7;10;2;3;5;3;0;1;1;0;0;0;0;0
141311;11;6;6400737;2020;8;7;7;3;5;2;0;1;1;0;0;0;0;0
141312;11;7;7501029;2020;8;12;5;2;5;3;0;0;1;0;1;0;0;0
141313;11;1;1100415;2020;8;20;2;3;0;1;0;1;0;0;0;0;0;0
141314;11;2;2500729;2020;7;10;2;3;2;7;0;1;1;0;0;0;0;0
141315;11;1;1300835;2020;8;0;7;3;1;7;2;0;1;0;0;0;1;0
141316;11;12;12400722;2020;8;14;5;3;6;2;0;0;1;1;0;0;0;0
141317;11;11;11200410;2020;7;16;4;3;5;7;0;1;1;0;0;0;0;0
141318;11;1;1200628;2020;8;8;2;3;0;3;0;0;1;0;0;0;1;0
141319;11;4;4501042;2020;7;16;4;3;3;6;0;1;0;0;1;0;0;0
141320;11;10;10300731;2020;8;12;4;3;5;2;0;1;1;0;0;0;0;0
141321;11;3;3400828;2020;7;15;4;3;2;6;0;1;1;0;0;0;0;0
141322;11;5;5200418;2020;8;19;4;2;5;3;0;1;1;0;0;0;0;0
141323;11;3;3701556;2020;7;9;2;3;0;3;0;1;0;0;0;0;1;0
141324;11;1;1100102;2020;8;6;1;3;9;1;1;0;1;0;0;0;0;0
141325;11;1;1100207;2020;8;17;5;3;5;3;0;1;1;0;0;0;0;0
141326;11;5;5100209;2020;7;15;4;3;2;6;0;0;0;1;0;0;1;0
141327;11;2;2200212;2020;8;13;3;3;2;6;0;0;1;0;1;0;0;0
141328;11;8;8200833;2020;7;8;2;3;1;5;0;0;1;0;0;0;1;0
141329;11;11;11400927;2020;8;9;7;3;0;1;0;0;0;0;1;0;0;0
141330;11;3;3500934;2020;8;11;5;3;3;6;0;1;0;0;0;0;1;0
141331;11;11;11200411;2020;7;15;4;3;6;2;0;0;1;1;0;0;0;0
141332;11;4;4300620;2020;8;9;4;3;5;2;0;1;1;0;0;0;0;0
141333;11;6;6200420;2020;7;15;4;3;5;3;0;1;1;0;0;0;0;0
141334;11;12;12500824;2020;8;17;3;3;5;2;0;1;1;0;0;0;0;0
141335;11;6;6200315;2020;7;8;2;3;9;1;0;0;1;0;0;0;0;0
141336;11;8;8100209;2020;7;15;4;3;5;2;0;1;1;0;0;0;0;0
141337;11;8;8100105;2020;8;10;4;3;2;6;0;0;1;0;0;0;0;0
141338;11;4;4100101;2020;7;15;4;3;5;2;0;1;1;0;0;0;0;0
141339;11;1;1100207;2020;8;14;3;3;5;2;0;0;1;0;1;0;0;0
141340;11;2;2300314;2020;7;8;2;3;5;2;0;1;1;0;0;0;0;0
141341;11;1;1200520;2020;8;3;7;3;0;1;2;1;0;0;0;0;0;0
141342;11;2;2100102;2020;8;16;5;3;5;2;0;1;1;0;0;0;0;0
141343;11;11;11300620;2020;7;14;4;3;2;6;0;0;1;0;0;0;0;0
141344;11;3;3100102;2020;8;12;3;3;0;7;0;1;0;0;0;0;0;0
141345;11;1;1200626;2020;7;8;2;3;5;2;0;1;1;0;0;0;0;0
141346;11;2;2300315;2020;7;13;4;3;5;2;0;1;0;0;0;1;0;0
141347;11;2;2200209;2020;8;18;4;3;6;7;0;1;0;1;0;0;0;0
141348;11;4;4100101;2020;8;19;2;2;5;2;0;0;1;0;0;0;0;0
141349;11;3;3100102;2020;7;11;4;3;5;7;0;0;1;0;0;0;0;0
141350;11;12;12500928;2020;8;21;4;2;0;1;1;0;0;0;1;0;0;0
141351;11;1;1100207;2020;7;11;4;3;5;3;0;1;1;0;0;0;0;0
141352;11;9;9200613;2020;8;4;3;2;2;6;1;0;1;0;0;0;0;0
141353;11;8;8401243;2020;7;7;2;3;5;3;0;1;1;0;0;0;0;0
141354;11;2;2100104;2020;8;17;1;3;2;7;0;1;1;0;0;0;0;1
141355;11;12;12100102;2020;8;18;7;2;5;3;0;0;1;0;1;0;0;0
141356;11;7;7300619;2020;8;9;5;2;5;2;0;1;1;0;0;0;0;0
141357;11;7;7200413;2020;7;11;4;2;1;5;0;1;0;0;0;0;1;0
141358;11;7;7601236;2020;8;12;2;3;5;2;0;0;1;0;0;0;0;0
141359;11;12;12200414;2020;7;10;4;3;2;6;0;0;1;0;0;0;0;0
141360;11;1;1400937;2020;8;16;4;3;2;6;0;0;1;0;0;0;0;0