OBJECTID;LAND;BEZ;LOR_ab_2021;UJAHR;UMONAT;USTUNDE;UWOCHENTAG;UKATEGORIE;UART;UTYP1;ULICHTVERH;IstRad;IstPKW;IstFuss;IstKrad;IstGkfz;IstSonstige;USTRZUSTAND
141692;11;6;6300634;2020;8;16;5;3;5;3;0;0;1;0;1;0;0;0
141693;11;1;1100102;2020;8;18;7;3;5;3;0;1;1;0;0;0;0;0
141694;11;1;1300836;2020;8;11;7;3;5;3;0;1;1;0;0;0;0;0
141695;11;4;4300416;2020;8;10;3;3;0;7;0;0;1;0;0;0;0;0
141696;11;1;1200517;2020;8;17;7;3;5;2;0;1;1;0;0;0;0;0
141697;11;7;7100103;2020;8;16;6;3;5;2;0;1;1;0;0;0;0;0
141698;11;3;3400618;2020;8;10;3;3;5;3;0;1;1;0;0;0;0;0
141699;11;6;6400842;2020;8;16;7;2;5;3;0;1;1;0;0;0;0;0
141700;11;6;6200317;2020;8;8;5;3;5;3;0;0;1;0;1;0;0;0
141701;11;2;2100106;2020;8;10;3;3;5;3;0;0;1;0;0;0;0;0
141702;11;11;11100307;2020;8;16;7;2;0;7;0;0;1;0;0;0;0;0
141703;11;4;4501043;2020;8;20;1;3;2;7;1;0;1;0;0;0;0;0
141704;11;4;4300416;2020;8;12;5;3;1;5;0;1;0;0;0;1;0;0
141705;11;1;1100308;2020;8;16;4;2;2;6;0;0;1;0;1;0;0;0
141706;11;4;4300624;2020;8;10;5;3;5;5;0;0;1;0;1;0;0;0
141707;11;1;1100206;2020;8;10;3;3;5;3;0;1;1;0;0;0;0;0
141708;11;4;4400726;2020;8;16;7;3;3;6;0;1;1;0;0;0;0;0
141709;11;12;12100101;2020;8;13;1;3;0;6;0;0;1;0;1;0;0;0
141710;11;7;7100101;2020;8;15;7;3;5;2;0;1;1;0;0;0;0;0
141711;11;11;11300725;2020;8;15;5;3;0;1;0;1;0;0;0;0;0;0
141712;11;3;3200205;2020;8;15;7;3;5;3;0;0;1;0;0;0;0;0
141713;11;12;12601236;2020;8;13;7;3;0;6;0;0;0;0;1;0;0;0
141714;11;7;7100205;2020;8;15;7;3;2;6;0;0;1;0;0;0;0;0
141715;11;5;5100105;2020;8;15;6;3;2;6;0;0;1;0;0;0;1;0
141716;11;6;6200314;2020;8;9;3;3;6;4;0;0;1;1;0;0;0;0
141717;11;9;9401534;2020;8;10;6;3;2;6;0;0;1;0;0;0;1;0
141718;11;9;9501737;2020;8;3;6;3;1;6;2;1;1;0;0;0;0;0
141719;11;4;4300624;2020;8;22;5;3;0;7;2;0;0;0;1;0;0;0
141720;11;3;3501038;2020;8;9;3;3;0;6;0;0;0;0;1;1;0;0
141721;11;8;8100417;2020;8;17;6;3;0;2;0;0;1;0;0;0;1;0
141722;11;1;1401049;2020;8;18;1;3;2;6;0;0;1;0;0;0;0;0
141723;11;2;2200209;2020;8;10;4;3;5;2;0;1;1;0;0;0;0;0
141724;11;1;1100310;2020;8;23;6;3;5;2;2;1;1;0;0;0;0;0
141725;11;8;8100311;2020;8;22;6;3;5;3;2;0;0;0;1;0;1;0
141726;11;2;2200210;2020;8;23;6;3;6;4;2;0;1;1;0;0;0;0
141727;11;8;8100206;2020;8;11;6;3;0;6;0;0;1;0;1;0;0;0
141728;11;11;11501340;2020;8;9;3;3;5;3;0;0;1;0;0;0;0;0
141729;11;11;11200411;2020;8;22;6;3;5;2;2;1;1;0;0;0;0;0
141730;11;9;9501737;2020;8;16;7;3;2;7;0;0;1;0;1;0;0;0
141731;11;1;1300730;2020;8;21;6;2;3;2;1;0;0;0;1;0;0;0
141732;11;4;4100101;2020;8;13;6;2;5;2;0;1;1;0;0;0;0;0
141733;11;1;1100101;2020;8;18;3;3;2;2;0;1;1;0;0;0;0;0
141734;11;9;9100409;2020;8;11;2;3;0;3;0;0;1;0;0;0;1;0
141735;11;2;2500832;2020;8;21;6;3;0;5;1;0;1;0;1;0;0;0
141736;11;6;4200207;2020;8;20;6;3;8;1;0;0;1;0;0;0;0;0
141737;11;11;11501339;2020;8;18;5;3;1;5;0;1;1;0;0;0;0;0
141738;11;1;1300733;2020;8;18;3;3;1;5;0;1;1;0;0;0;0;0
141739;11;11;11200410;2020;8;14;6;3;2;2;0;0;1;0;0;0;0;0
141740;11;1;1100308;2020;8;1;1;3;3;6;2;0;1;0;0;0;1;0
141741;11;1;1100310;2020;8;8;4;3;3;6;0;1;0;0;0;0;0;0
141742;11;6;6300528;2020;8;14;4;3;5;3;0;1;1;0;0;0;0;0
141743;11;3;3701658;2020;8;16;6;3;0;7;0;0;0;0;1;0;1;0
141744;11;11;11300620;2020;8;19;6;3;2;2;0;0;1;0;0;0;0;0
141745;11;9;9200819;2020;8;7;6;3;0;1;0;1;0;0;0;0;0;0
141746;11;8;8200726;2020;8;7;6;3;6;4;0;0;1;1;0;0;0;0
141747;11;6;6100208;2020;8;19;3;3;0;5;0;1;1;0;0;0;0;0
141748;11;2;2200213;2020;8;12;4;3;6;7;0;1;0;1;0;0;0;0
141749;11;9;9501737;2020;8;3;6;3;0;1;2;1;0;0;0;0;0;0
141750;11;2;2200209;2020;8;13;6;3;1;5;0;1;1;0;0;0;0;0
141751;11;9;9501838;2020;8;9;5;3;3;7;0;1;0;0;0;0;0;0
141752;11;1;1100104;2020;8;13;6;3;5;3;0;1;1;0;0;0;0;0
141753;11;2;2400521;2020;8;12;4;2;5;3;0;0;1;0;1;0;0;0
141754;11;2;2500726;2020;8;13;1;3;2;6;0;0;1;0;0;0;0;0
141755;11;4;4300412;2020;8;7;6;3;5;2;0;1;1;0;0;0;0;0
141756;11;1;1100101;2020;8;12;6;2;5;2;0;1;1;0;0;0;0;0
141757;11;5;5200630;2020;8;18;5;2;0;7;0;0;1;0;0;0;1;0
141758;11;6;6400838;2020;8;12;6;2;3;6;0;1;0;0;0;0;0;0
141759;11;2;2200212;2020;8;19;7;3;9;7;0;0;1;1;0;0;0;0
141760;11;2;2500833;2020;8;18;4;3;5;2;0;1;0;0;1;0;0;0
141761;11;4;4100102;2020;8;11;6;3;3;6;0;0;1;0;0;1;0;0
141762;11;5;5100314;2020;8;18;6;3;6;4;0;0;1;1;0;0;0;0
141763;11;9;9100101;2020;8;11;6;3;0;1;0;1;0;0;0;0;0;0
141764;11;1;1300834;2020;8;16;5;3;5;3;0;1;1;0;0;0;0;0
141765;11;9;9200819;2020;8;15;3;3;0;5;0;0;1;0;1;0;0;0
141766;11;2;2200208;2020;8;11;4;3;0;1;0;1;0;0;0;0;0;0
141767;11;4;4400835;2020;8;10;6;3;3;6;0;0;1;0;1;0;0;0
141768;11;5;5100105;2020;8;14;1;2;5;3;0;0;1;0;0;0;0;0
141769;11;8;8301036;2020;8;10;6;2;2;6;0;0;1;0;0;0;0;0
141770;11;1;1100102;2020;8;15;5;3;2;2;0;1;1;0;0;0;0;0
141771;11;9;9200819;2020;8;9;6;3;2;6;0;1;0;0;0;0;0;0
141772;11;8;8100209;2020;8;12;7;3;2;6;0;0;1;0;0;0;0;0
141773;11;7;7200414;2020;8;19;6;2;5;7;1;0;1;0;0;0;0;0
141774;11;3;3100103;2020;8;16;6;3;2;6;0;0;1;0;0;0;1;0
141775;11;9;9200715;2020;8;18;3;3;5;2;0;0;1;0;1;0;0;0
141776;11;5;5200528;2020;8;8;7;3;2;2;0;0;1;0;1;0;0;0
141777;11;6;6400841;2020;8;18;3;3;5;3;0;1;1;0;0;0;0;0
141778;11;7;7400823;2020;8;19;6;3;5;3;0;1;1;0;0;0;0;0
141779;11;8;8401241;2020;8;17;6;3;5;3;0;0;1;0;0;0;0;0
141780;11;7;7400822;2020;8;17;3;2;8;1;0;0;0;0;1;0;0;0
141781;11;4;4500936;2020;8;19;6;3;6;7;0;1;0;1;0;0;0;0
141782;11;2;2100104;2020;8;9;5;3;5;3;0;0;1;0;1;0;0;0
141783;11;9;9100306;2020;8;16;3;3;2;6;0;0;1;0;0;0;0;0
141784;11;7;7100205;2020;8;18;6;3;3;6;0;0;1;0;1;0;0;0
141785;11;4;4501045;2020;8;11;1;3;5;2;0;1;1;0;0;0;0;0
141786;11;4;4500936;2020;8;18;6;3;3;6;0;1;1;0;0;0;0;0
141787;11;3;3500936;2020;8;14;5;3;0;6;0;0;1;0;1;0;0;0
141788;11;2;2500832;2020;8;18;6;3;5;2;0;1;1;0;0;0;0;0
141789;11;2;2400521;2020;8;15;7;3;5;2;0;0;1;0;1;0;0;0
141790;11;5;5300736;2020;8;17;6;3;2;6;0;0;1;0;0;0;0;0
141791;11;10;10200417;2020;8;14;6;3;5;2;0;0;1;0;0;0;0;0
141792;11;7;7501029;2020;8;16;3;3;2;6;0;1;1;0;0;0;0;0
141793;11;5;5300736;2020;8;16;6;3;5;3;0;1;1;0;0;0;0;0
141794;11;5;5100317;2020;8;16;6;3;5;2;0;0;1;0;0;0;0;0
141795;11;12;12200515;2020;8;19;5;3;5;2;0;0;1;0;1;0;0;0
141796;11;1;1200623;2020;8;16;3;3;5;2;0;1;0;0;1;0;0;0
141797;11;7;7400927;2020;8;15;6;3;3;6;0;1;0;0;0;1;0;0
141798;11;6;6200421;2020;8;9;1;3;5;2;0;1;1;0;0;0;0;0
141799;11;1;1100206;2020;8;15;6;2;6;4;0;1;0;1;0;0;0;0
141800;11;7;7400927;2020;8;14;6;3;5;1;0;0;1;0;0;0;0;0
141801;11;7;7601443;2020;8;7;5;3;0;3;0;0;1;0;1;0;0;0
141802;11;1;1100308;2020;8;15;3;3;3;6;0;1;0;0;0;0;0;0
141803;11;4;4300622;2020;8;14;6;3;3;6;0;0;1;0;0;0;0;0
141804;11;3;3500935;2020;8;20;1;3;5;3;1;1;1;0;0;0;0;0
141805;11;8;8100209;2020;8;14;4;3;5;2;0;1;1;0;0;0;0;0
141806;11;1;1200626;2020;8;14;6;3;5;2;0;0;1;0;0;0;0;0
141807;11;1;1100102;2020;8;16;6;3;2;6;0;0;1;0;0;0;0;0
141808;11;7;7400824;2020;8;13;6;3;2;6;0;0;1;0;0;0;1;0
141809;11;5;5200629;2020;8;12;6;3;3;6;0;0;1;0;1;0;0;0
141810;11;11;11300620;2020;8;15;3;3;5;3;0;1;1;0;0;0;0;0
141811;11;12;12500930;2020;8;11;2;2;5;2;0;0;1;0;0;0;0;0
141812;11;8;8200624;2020;8;14;5;3;2;6;0;0;1;0;0;0;0;0
141813;11;12;12100102;2020;8;21;5;3;1;5;1;1;1;0;0;0;0;0
141814;11;1;1400942;2020;8;8;5;3;5;2;0;1;1;0;0;0;0;0
141815;11;8;8100415;2020;8;15;3;3;5;3;0;0;1;0;0;0;0;0
141816;11;4;4501148;2020;8;18;5;3;5;2;0;0;0;0;1;0;0;0
141817;11;8;8100104;2020;8;17;7;3;1;5;0;1;1;0;0;0;0;0
141818;11;11;11200513;2020;8;18;4;3;0;7;0;0;1;0;1;0;0;0
141819;11;5;5300736;2020;8;18;5;3;2;7;0;0;0;0;1;0;1;0
141820;11;1;1100102;2020;8;14;6;3;4;6;0;1;0;0;0;0;0;0
141821;11;9;9200511;2020;8;21;4;3;0;1;2;1;0;0;0;0;0;0
141822;11;12;12200412;2020;8;18;5;2;5;2;0;1;1;0;0;0;0;0
141823;11;2;2300314;2020;8;22;6;3;2;6;2;0;1;0;0;0;1;0
141824;11;7;7200411;2020;8;23;5;2;1;5;2;1;1;0;0;0;0;0
141825;11;1;1100308;2020;8;9;6;3;5;2;0;1;1;0;0;0;0;0
141826;11;1;1300836;2020;8;15;3;3;0;6;0;0;1;0;1;0;0;0
141827;11;10;10100209;2020;8;11;4;2;5;3;0;0;1;0;1;0;0;0
141828;11;4;4200311;2020;8;23;5;2;3;6;2;0;1;0;0;0;0;0
141829;11;9;9501737;2020;8;22;5;3;4;6;2;1;0;0;0;0;0;0
141830;11;6;6200313;2020;8;17;5;3;5;2;0;0;1;0;0;0;0;0
141831;11;8;8100312;2020;8;23;4;3;1;1;2;1;1;0;0;0;0;0
141832;11;8;8100520;2020;8;18;5;3;5;3;0;0;1;0;1;0;0;0
141833;11;1;1400942;2020;8;8;7;3;5;2;0;0;1;0;0;0;1;0
141834;11;9;9200511;2020;8;7;4;3;5;3;0;0;1;0;0;0;0;0
141835;11;10;10100311;2020;8;18;5;3;5;2;0;1;1;0;0;0;0;0
141836;11;3;3200205;2020;8;18;6;3;5;3;0;0;1;0;1;0;0;0
141837;11;1;1300836;2020;8;18;5;3;1;5;0;1;1;0;0;0;0;0
141838;11;5;5300736;2020;8;11;5;3;5;2;0;1;1;0;0;0;0;0
141839;11;1;1200628;2020;8;14;3;3;5;2;0;1;0;0;0;0;1;0
141840;11;9;9200511;2020;8;22;5;3;0;1;2;1;0;0;0;0;0;0
141841;11;4;4400835;2020;8;13;1;3;5;2;0;1;1;0;0;0;0;0
141842;11;8;8100209;2020;8;21;5;3;5;2;2;1;1;0;0;0;0;0
141843;11;1;1100308;2020;8;17;4;3;5;7;0;1;1;0;0;0;0;0
141844;11;4;4300416;2020;8;12;3;3;0;2;0;0;1;0;1;0;0;1
141845;11;4;4501149;2020;8;7;3;3;4;7;0;1;1;0;0;0;0;1
141846;11;4;4300414;2020;8;17;1;2;6;2;0;0;1;1;0;0;0;0
141847;11;11;11501238;2020;8;15;6;3;4;5;0;0;1;0;1;0;0;0
141848;11;12;12200412;2020;8;14;4;3;1;5;0;1;1;0;0;0;0;1
141849;11;4;4501043;2020;8;7;4;3;2;2;0;0;1;0;1;0;0;0
141850;11;12;12200309;2020;8;8;7;3;0;1;0;0;0;0;1;0;0;1
141851;11;8;8200730;2020;8;19;5;3;5;3;0;1;1;0;0;0;0;0
141852;11;7;7400721;2020;8;17;4;3;0;4;0;1;0;1;0;0;0;0
141853;11;1;1300836;2020;8;16;3;3;0;1;0;0;0;0;1;0;0;0
141854;11;9;9200716;2020;8;19;3;3;0;1;0;1;0;0;0;0;0;0
141855;11;5;5100103;2020;8;9;5;3;4;2;0;1;1;0;0;0;0;0
141856;11;4;4500939;2020;8;12;3;3;0;5;0;0;1;0;1;0;0;1
141857;11;8;8100415;2020;8;12;2;3;3;6;0;1;1;0;0;0;0;0
141858;11;7;7601442;2020;8;15;4;3;5;2;0;1;1;0;0;0;0;0
141859;11;2;2300315;2020;8;18;3;3;5;2;0;0;1;0;0;0;1;0
141860;11;6;6400737;2020;8;0;1;3;9;1;2;0;1;0;0;0;0;0
141861;11;9;9200819;2020;8;7;6;3;5;3;0;1;1;0;0;0;0;0
141862;11;7;7400825;2020;8;16;4;2;5;2;0;0;1;0;1;0;0;1
141863;11;1;1300730;2020;8;21;3;3;5;3;1;0;1;0;0;0;0;0
141864;11;8;8100415;2020;8;14;3;3;2;6;0;1;1;0;0;0;0;0
141865;11;4;4500939;2020;8;1;6;3;5;2;2;0;1;0;0;0;0;0
141866;11;1;1100308;2020;8;16;5;3;3;6;0;1;0;0;1;0;0;0
141867;11;11;11401136;2020;8;11;4;2;6;4;0;0;1;1;0;0;0;1
141868;11;3;3400725;2020;8;7;3;2;0;1;0;1;0;0;0;0;0;0
141869;11;3;3501037;2020;8;12;5;3;4;7;0;1;0;0;0;0;1;0
141870;11;1;1300733;2020;8;15;7;3;3;6;0;1;1;0;0;0;0;0
141871;11;12;12200412;2020;8;17;5;2;5;2;0;1;1;0;0;0;0;0
141872;11;4;4400726;2020;8;13;4;3;5;3;0;0;1;0;0;0;0;1
141873;11;4;4300416;2020;8;9;3;3;2;6;0;0;1;0;0;0;0;0
141874;11;5;5100316;2020;8;13;5;3;6;4;0;0;0;0;1;0;1;0
141875;11;9;9100407;2020;8;12;3;3;0;2;0;1;0;0;1;0;0;0
141876;11;5;5200420;2020;8;22;2;3;1;7;2;0;1;0;0;0;0;0
141877;11;5;5100105;2020;8;14;4;3;1;5;0;1;1;0;0;0;0;0
141878;11;5;5100316;2020;8;12;3;3;0;1;0;0;1;0;1;0;0;1
141879;11;6;6400737;2020;8;13;1;2;5;2;0;0;1;0;1;0;0;0
141880;11;8;8200730;2020;8;5;6;3;1;7;1;0;1;0;0;0;0;0
141881;11;1;1100415;2020;8;9;3;3;2;6;0;1;0;0;0;1;0;0
141882;11;2;2100106;2020;8;20;3;3;2;2;1;1;0;0;1;0;0;1
141883;11;12;12601236;2020;8;20;3;3;2;6;1;0;1;0;1;0;0;1
141884;11;11;11100307;2020;8;15;5;3;5;3;0;1;1;0;0;0;0;0
141885;11;4;4200310;2020;8;10;4;3;5;3;0;0;1;0;0;0;0;1
141886;11;12;12100101;2020;8;15;2;3;2;6;0;0;1;0;1;0;0;1
141887;11;6;6400842;2020;8;19;4;3;5;2;0;1;0;0;0;0;1;0
141888;11;4;4400834;2020;8;18;3;3;5;3;0;1;1;0;0;0;0;0
141889;11;4;4300416;2020;8;7;3;3;5;7;0;1;1;0;0;0;0;1
141890;11;8;8401243;2020;8;16;2;3;5;3;0;1;1;0;0;0;0;0
141891;11;6;6300528;2020;8;10;4;3;2;6;0;0;1;0;0;1;0;0
141892;11;4;4400831;2020;8;12;3;3;5;3;0;0;1;0;0;0;0;1
141893;11;1;1200520;2020;8;11;3;3;2;6;0;0;1;0;0;0;1;1
141894;11;3;3200308;2020;8;8;2;3;2;6;0;0;1;0;1;0;0;0
141895;11;1;1100415;2020;8;13;4;3;5;3;0;1;1;0;0;0;0;1
141896;11;7;7400721;2020;8;18;3;3;5;3;0;1;1;0;0;0;0;0
141897;11;11;11300722;2020;8;19;7;3;5;2;1;1;1;0;0;0;0;1
141898;11;4;4300416;2020;8;12;6;3;2;6;0;0;1;0;0;0;0;0
141899;11;2;2200208;2020;8;8;3;3;5;2;0;1;1;0;0;0;0;1
141900;11;1;1100206;2020;8;19;3;3;0;1;0;1;0;0;0;0;0;0
141901;11;8;8100520;2020;8;10;5;3;0;1;0;1;0;0;0;0;0;0
141902;11;9;9401433;2020;8;8;4;3;5;3;0;1;1;0;0;0;0;1
141903;11;1;2100102;2020;8;14;2;3;5;2;0;1;0;0;0;0;1;0
141904;11;2;2500832;2020;8;18;4;3;2;6;0;1;1;0;0;0;0;0
141905;11;2;2100105;2020;8;17;3;3;0;3;0;1;1;0;0;0;0;0
141906;11;4;4501042;2020;8;4;3;3;2;6;2;0;1;0;0;0;0;0
141907;11;9;9501737;2020;8;12;1;3;0;6;0;1;0;0;0;0;0;0
141908;11;9;9301126;2020;8;18;6;3;0;1;0;1;0;0;0;0;0;0
141909;11;1;1200517;2020;8;8;4;3;5;2;0;0;1;0;0;0;0;0
141910;11;6;6300632;2020;8;12;7;2;1;5;0;1;1;0;0;0;0;0
141911;11;12;12100204;2020;8;19;5;3;5;3;0;0;1;0;0;0;0;0
141912;11;2;2400625;2020;8;17;4;3;5;3;0;1;0;0;0;0;1;1
141913;11;8;8100311;2020;8;17;3;3;1;5;0;1;1;0;0;0;0;0
141914;11;11;11501340;2020;8;17;3;2;5;2;0;1;1;0;0;0;0;0
141915;11;9;9200511;2020;8;10;5;3;0;7;0;0;1;1;0;0;0;0
141916;11;6;6200313;2020;8;18;7;3;5;2;0;1;1;0;0;0;0;1
141917;11;1;1100415;2020;8;13;5;3;0;1;0;1;0;0;0;0;0;0
141918;11;9;9200512;2020;8;20;4;3;5;3;2;1;1;0;0;0;0;1
141919;11;5;5100314;2020;8;10;3;3;5;2;0;1;1;0;0;0;0;0
141920;11;1;1100309;2020;8;3;5;3;8;1;2;0;0;0;0;0;1;0
141921;11;5;5300735;2020;8;16;4;3;2;2;0;0;1;0;0;0;0;1
141922;11;6;6100206;2020;8;13;2;3;5;3;0;1;0;0;0;0;0;0
141923;11;2;2200213;2020;8;17;4;3;6;7;0;0;1;1;0;0;0;0
141924;11;5;5100211;2020;8;17;3;2;2;7;0;0;1;0;0;0;0;0
141925;11;3;3601245;2020;8;2;3;2;0;1;2;1;0;0;0;0;0;0
141926;11;9;9200510;2020;8;17;1;3;5;2;0;1;1;0;0;0;0;0
141927;11;4;4200309;2020;8;0;6;3;2;7;2;0;1;0;1;0;0;0
141928;11;1;1300836;2020;8;13;4;3;2;6;0;0;1;0;1;0;0;1
141929;11;1;1100102;2020;8;0;4;3;2;6;2;0;1;0;0;0;0;1
141930;11;5;5100211;2020;8;7;7;3;5;3;0;1;1;0;0;0;0;1
141931;11;1;1300732;2020;8;18;5;3;5;2;0;1;1;0;0;0;0;0
141932;11;3;3601450;2020;8;17;4;3;5;2;0;1;1;0;0;0;0;1
141933;11;5;5200629;2020;8;7;3;3;5;2;0;1;1;0;0;0;0;0
141934;11;6;6400841;2020;8;16;3;3;5;2;0;1;1;0;0;0;0;0
141935;11;8;8100521;2020;8;9;5;3;5;3;0;1;1;0;0;0;0;0
141936;11;7;7601546;2020;8;15;3;3;5;3;0;1;1;0;0;0;0;0
141937;11;7;7601545;2020;8;22;2;3;1;5;2;0;1;0;0;1;0;0
141938;11;3;3601244;2020;8;15;4;3;5;3;0;1;1;0;0;0;0;0
141939;11;9;9200613;2020;8;15;3;2;5;3;0;1;0;0;0;0;1;0
141940;11;4;4501152;2020;8;16;1;3;5;3;0;1;1;0;0;0;0;0
141941;11;5;5100315;2020;8;6;6;3;5;3;0;1;1;0;0;0;0;0
141942;11;9;9100101;2020;8;15;3;3;5;3;0;1;0;0;0;0;0;0
141943;11;4;4300517;2020;8;15;4;3;5;7;0;0;1;0;1;0;0;1
141944;11;3;3300516;2020;8;13;2;3;5;2;0;1;1;0;0;0;0;0
141945;11;8;8300934;2020;8;16;4;2;5;2;0;0;1;0;1;0;0;0
141946;11;3;3500934;2020;8;15;2;3;5;3;0;0;1;0;0;0;0;0
141947;11;6;6400844;2020;8;10;1;3;3;6;0;1;1;0;0;0;0;0
141948;11;2;2400521;2020;8;8;6;3;5;2;0;1;1;0;0;0;0;0
141949;11;12;12200411;2020;8;13;4;3;2;6;0;0;1;0;0;0;0;1
141950;11;7;7100205;2020;8;22;3;3;5;3;2;1;1;0;0;0;0;1
141951;11;9;9200613;2020;8;15;3;2;6;4;0;0;1;1;0;0;0;0
141952;11;10;10100311;2020;8;20;7;3;0;7;0;1;0;0;0;0;0;0
141953;11;4;4200207;2020;8;17;5;3;2;6;0;1;1;0;0;0;0;0
141954;11;1;1200626;2020;8;12;4;3;5;3;0;0;1;0;1;0;0;1
141955;11;3;3601141;2020;8;8;3;3;5;3;0;1;0;0;0;0;1;0
141956;11;5;5100316;2020;8;13;5;3;3;6;0;0;1;0;1;0;0;0
141957;11;5;5100316;2020;8;13;2;1;5;3;0;1;1;0;0;0;0;0
141958;11;1;1300834;2020;8;20;2;3;5;3;2;1;1;0;0;0;0;0
141959;11;1;1100308;2020;8;14;4;3;5;2;0;0;1;0;1;0;0;0
141960;11;2;2400521;2020;8;9;2;2;0;2;0;1;0;0;0;0;1;0
141961;11;12;12601235;2020;8;13;1;3;5;5;0;0;1;0;0;0;0;0
141962;11;11;11300618;2020;8;12;6;3;5;2;0;1;1;0;0;0;0;0
141963;11;1;1100313;2020;8;12;3;3;5;2;0;1;1;0;0;0;0;0
141964;11;5;5200634;2020;8;19;3;3;3;2;0;0;1;0;1;0;0;1
141965;11;7;7400721;2020;8;12;3;3;2;6;0;0;1;0;0;0;0;0
141966;11;1;1100310;2020;8;15;5;3;6;4;0;1;0;1;0;0;0;0
141967;11;1;1100313;2020;8;15;3;3;5;2;0;1;1;0;0;0;0;0
141968;11;7;7300619;2020;8;20;3;3;5;2;0;0;1;0;0;0;0;1
141969;11;12;12100101;2020;8;22;3;3;5;2;2;0;1;0;0;0;0;0
141970;11;1;1300834;2020;8;21;6;3;1;5;2;0;1;0;0;0;0;0
141971;11;12;12100101;2020;8;15;5;3;5;3;0;0;1;0;0;0;0;0
141972;11;9;9200511;2020;8;11;4;3;2;6;0;0;1;0;0;0;0;1
141973;11;1;1400942;2020;8;19;2;3;5;7;0;1;0;0;0;0;0;0
141974;11;12;12200515;2020;8;7;4;3;6;7;0;0;1;1;0;0;0;0
141975;11;5;5200631;2020;8;11;2;1;6;4;0;0;0;1;0;0;1;0
141976;11;2;2200208;2020;8;7;2;3;5;2;0;1;0;0;0;0;1;0
141977;11;1;1401045;2020;8;11;4;3;2;2;0;0;1;0;1;0;0;0
141978;11;3;3601245;2020;8;9;2;3;5;2;0;0;1;0;0;0;0;0
141979;11;8;8100312;2020;8;18;7;3;5;3;0;1;0;0;0;0;1;1
141980;11;9;9100407;2020;8;10;6;3;5;3;0;0;1;0;1;0;0;0
141981;11;1;1401045;2020;8;12;3;3;2;6;0;0;0;0;1;0;1;0
141982;11;2;2200210;2020;8;8;5;3;0;1;0;1;0;0;0;0;0;0
141983;11;7;7400823;2020;8;8;4;3;2;6;0;0;1;0;0;0;0;0
141984;11;9;9100304;2020;8;13;2;3;5;2;0;0;1;0;0;0;0;0
141985;11;8;8100418;2020;8;17;4;3;5;3;0;1;1;0;0;0;0;0
141986;11;2;2400625;2020;8;10;2;3;3;2;0;1;0;0;0;1;0;0
141987;11;2;2100102;2020;8;14;3;3;2;7;0;1;0;0;0;0;1;0
141988;11;10;10100103;2020;8;16;1;3;6;7;0;0;1;1;0;0;0;0
141989;11;8;8401242;2020;8;15;6;3;5;3;0;0;1;0;0;0;0;0
141990;11;4;4500936;2020;8;10;4;3;5;3;0;0;1;0;0;0;0;1
141991;11;9;9100306;2020;8;14;2;3;6;7;0;1;0;1;0;0;0;0
141992;11;6;6400736;2020;8;19;4;2;0;1;0;1;0;0;0;0;0;0
141993;11;2;2500835;2020;8;9;2;3;5;2;0;0;1;0;1;0;0;0
141994;11;10;10100311;2020;8;13;3;3;0;3;0;0;0;0;0;0;1;0
141995;11;1;1400942;2020;8;7;2;3;3;6;0;1;1;0;0;0;0;0
141996;11;4;4100101;2020;8;19;6;3;5;2;0;1;1;0;0;0;0;0
141997;11;1;1100310;2020;8;8;4;3;1;5;0;0;1;0;1;0;0;0
141998;11;6;6300632;2020;8;17;7;3;0;3;0;0;1;0;1;0;0;0
141999;11;11;11401136;2020;8;8;5;3;0;1;0;0;0;0;1;0;0;0
142000;11;4;4400834;2020;8;18;4;3;1;5;0;1;1;0;0;0;0;1
142001;11;4;4501152;2020;8;18;3;3;5;3;0;1;1;0;0;0;0;0
142002;11;1;1300835;2020;8;10;3;3;0;1;0;0;0;0;1;0;0;1
142003;11;3;3300411;2020;8;12;5;3;1;5;0;1;1;0;0;0;0;0
142004;11;12;12601236;2020;8;15;4;3;5;3;0;0;1;0;0;0;0;1
142005;11;11;11200513;2020;8;13;2;3;6;4;0;1;0;1;0;0;0;0
142006;11;1;1100102;2020;8;16;4;2;2;6;0;0;1;0;1;0;0;0
142007;11;2;2400521;2020;8;22;2;2;0;1;2;1;0;0;0;0;0;0
142008;11;7;7400823;2020;8;19;3;3;5;2;2;0;0;0;1;0;1;1
142009;11;1;1100103;2020;8;11;1;3;5;3;0;0;1;0;0;0;1;0
142010;11;12;12400720;2020;8;13;6;3;5;3;0;1;1;0;0;0;0;0
142011;11;9;9301126;2020;8;13;4;3;5;3;0;0;1;0;0;0;0;1
142012;11;1;1400937;2020;8;8;3;3;0;6;0;1;0;0;0;0;0;0
142013;11;4;4100101;2020;8;9;3;3;5;2;0;0;1;0;0;0;0;1
142014;11;1;1100308;2020;8;21;7;3;1;5;2;1;1;0;0;0;0;0
142015;11;4;4500939;2020;8;17;5;3;0;3;0;0;1;0;1;0;0;0
142016;11;1;1300732;2020;8;13;4;3;2;6;0;0;1;0;0;0;0;1
142017;11;2;2500726;2020;8;4;3;3;0;7;2;1;0;0;0;0;0;0
142018;11;9;9200510;2020;8;14;4;3;5;2;0;1;1;0;0;0;0;1
142019;11;10;10400941;2020;8;7;4;3;5;3;0;1;1;0;0;0;0;0
142020;11;1;1200625;2020;8;10;3;3;5;7;0;0;1;0;0;0;1;1
142021;11;11;11200513;2020;8;9;7;2;6;2;0;0;1;1;0;0;0;1
142022;11;4;4500937;2020;8;19;5;3;5;2;0;1;1;0;0;0;0;0