OBJECTID;LAND;BEZ;LOR_ab_2021;UJAHR;UMONAT;USTUNDE;UWOCHENTAG;UKATEGORIE;UART;UTYP1;ULICHTVERH;IstRad;IstPKW;IstFuss;IstKrad;IstGkfz;IstSonstige;USTRZUSTAND
142023;11;8;8100104;2020;8;17;4;3;3;6;0;0;1;0;0;0;1;1
142024;11;3;3601142;2020;8;16;3;3;5;3;0;1;0;0;0;0;0;0
142025;11;3;3400619;2020;8;9;2;3;0;1;0;0;0;0;1;0;0;0
142026;11;12;12200515;2020;8;9;5;3;6;2;0;0;0;1;0;0;1;0
142027;11;9;9100305;2020;8;20;2;2;5;2;0;1;1;0;0;0;0;0
142028;11;2;2100104;2020;8;7;2;3;5;7;0;1;0;0;1;0;0;0
142029;11;5;5100316;2020;8;15;4;2;4;7;0;0;1;0;0;0;0;0
142030;11;1;1300733;2020;8;20;2;3;5;3;0;1;1;0;0;0;0;0
142031;11;2;2300316;2020;8;3;1;3;0;1;2;1;0;0;0;0;0;0
142032;11;8;8401139;2020;8;7;6;3;3;6;2;1;1;0;0;0;0;0
142033;11;9;9200818;2020;8;6;4;3;2;6;0;0;1;0;0;0;0;1
142034;11;2;2400623;2020;8;21;3;3;3;6;1;0;1;0;1;0;0;1
142035;11;9;9100407;2020;8;15;3;3;5;3;0;1;0;0;0;0;1;0
142036;11;11;11100102;2020;8;10;3;2;5;3;0;0;1;0;1;0;0;1
142037;11;2;2300315;2020;8;15;6;2;6;7;0;1;0;1;0;0;0;0
142038;11;3;3200205;2020;8;16;5;2;0;1;0;1;0;0;0;0;0;0
142039;11;1;1300835;2020;8;12;4;3;0;1;0;0;1;0;1;0;0;1
142040;11;3;3500936;2020;8;7;3;3;6;4;0;0;0;1;0;0;1;0
142041;11;4;4500937;2020;8;12;5;3;5;2;0;1;1;0;0;0;1;0
142042;11;3;3400620;2020;8;19;2;3;5;3;0;1;1;0;0;0;0;0
142043;11;1;1300733;2020;8;9;2;3;5;3;0;1;0;0;0;0;1;0
142044;11;8;8100104;2020;8;13;4;3;2;7;0;0;1;0;0;0;1;0
142045;11;4;4200203;2020;8;14;5;3;2;3;0;1;1;0;0;0;0;0
142046;11;2;2100101;2020;8;18;2;3;2;6;0;1;0;0;0;0;0;0
142047;11;2;2100106;2020;8;11;2;3;5;3;0;0;1;0;1;0;0;0
142048;11;12;12100204;2020;8;15;4;3;2;6;0;0;1;0;0;0;0;0
142049;11;10;10400939;2020;8;18;2;2;5;3;0;0;1;0;0;0;0;0
142050;11;10;10100316;2020;8;15;1;3;5;3;0;0;1;0;0;0;0;0
142051;11;5;5100105;2020;8;5;6;3;5;3;0;0;1;0;0;0;1;0
142052;11;1;1401045;2020;8;15;3;3;5;2;0;1;1;0;0;0;0;0
142053;11;6;6300632;2020;8;20;3;2;5;2;0;1;1;0;0;0;0;1
142054;11;1;1401046;2020;8;13;3;3;0;3;0;1;0;0;1;0;0;0
142055;11;5;5200629;2020;8;9;3;3;5;2;0;0;0;0;0;1;1;1
142056;11;2;2300314;2020;8;20;6;3;1;5;0;1;1;0;0;0;0;0
142057;11;4;4501045;2020;8;15;5;3;5;2;0;1;1;0;0;0;0;0
142058;11;9;9200819;2020;8;10;4;3;4;6;0;0;1;0;0;0;0;1
142059;11;4;4400726;2020;8;16;2;3;5;3;0;1;1;0;0;0;0;0
142060;11;1;1100416;2020;8;20;4;3;4;6;1;1;0;0;0;0;1;0
142061;11;3;3601450;2020;8;15;2;2;5;2;0;1;1;0;0;0;0;0
142062;11;1;1401046;2020;8;14;3;3;6;4;0;0;1;1;0;0;0;0
142063;11;4;4400832;2020;8;18;2;3;6;7;0;1;0;1;0;0;0;0
142064;11;2;2100102;2020;8;9;4;3;1;5;0;1;1;0;0;0;0;0
142065;11;11;11100204;2020;8;17;2;2;6;4;0;0;1;1;0;0;0;0
142066;11;4;4501153;2020;8;18;7;3;5;2;0;0;1;0;0;0;0;1
142067;11;5;5100315;2020;8;19;5;2;9;1;0;0;0;0;1;0;0;0
142068;11;9;9100305;2020;8;21;4;3;5;2;2;0;1;0;0;0;0;1
142069;11;11;11400930;2020;8;11;3;3;2;6;0;0;1;0;1;0;0;0
142070;11;4;4400727;2020;8;17;2;3;5;2;0;0;1;0;1;0;0;0
142071;11;9;9100306;2020;8;16;7;2;0;3;0;0;1;0;0;0;1;0
142072;11;2;2500835;2020;8;12;6;3;0;1;0;0;0;0;1;0;0;0
142073;11;2;2300314;2020;8;9;3;3;0;5;0;1;1;0;0;0;0;1
142074;11;11;11400927;2020;8;20;3;3;5;2;1;1;1;0;0;0;0;1
142075;11;12;12100205;2020;8;14;5;2;6;4;0;0;1;1;0;0;0;0
142076;11;8;8100314;2020;8;9;4;3;6;7;0;0;0;1;0;0;1;1
142077;11;4;4500939;2020;8;15;2;3;5;3;0;0;1;0;1;0;0;0
142078;11;1;1100206;2020;8;17;4;3;3;6;0;1;0;0;0;0;1;0
142079;11;11;11300620;2020;8;17;2;3;5;2;0;1;0;0;0;0;1;0
142080;11;7;7100101;2020;8;13;3;3;2;6;0;1;0;0;0;0;0;0
142081;11;8;8401241;2020;8;7;2;3;5;3;0;0;1;0;0;0;0;0
142082;11;11;11501339;2020;8;18;6;3;5;3;0;1;1;0;0;0;0;0
142083;11;6;6300527;2020;8;8;4;2;5;2;0;1;1;0;0;0;0;0
142084;11;7;7400927;2020;8;9;3;3;5;3;0;0;1;0;0;0;0;1
142085;11;8;8300935;2020;8;14;7;3;2;6;0;0;1;0;0;0;0;0
142086;11;9;9200818;2020;8;19;5;3;5;3;0;1;1;0;0;0;0;0
142087;11;1;1200624;2020;8;18;4;3;0;6;0;0;1;0;0;0;1;1
142088;11;10;10400837;2020;8;17;3;3;5;3;0;0;1;0;1;0;0;0
142089;11;4;4501149;2020;8;9;3;3;0;5;0;1;1;0;0;0;0;1
142090;11;11;11400931;2020;8;10;5;3;5;7;0;0;1;0;0;0;1;0
142091;11;4;4300619;2020;8;15;4;3;5;2;0;1;1;0;0;0;0;1
142092;11;2;2100101;2020;8;13;2;3;8;1;0;0;1;0;0;0;0;0
142093;11;8;8401139;2020;8;15;4;3;5;3;0;0;1;0;0;0;0;0
142094;11;1;1100206;2020;8;5;5;2;5;2;0;0;0;0;1;0;1;0
142095;11;7;7601545;2020;8;16;4;3;0;7;0;1;0;0;0;0;1;1
142096;11;10;10100210;2020;8;7;2;3;0;5;0;1;1;0;0;0;0;0
142097;11;4;4400835;2020;8;17;4;2;5;2;0;0;1;0;1;0;1;0
142098;11;11;11100102;2020;8;17;2;3;4;6;0;0;1;0;0;0;0;0
142099;11;8;8401241;2020;8;13;3;3;5;3;0;0;1;0;0;0;0;0
142100;11;1;1100415;2020;8;16;1;2;0;1;0;0;0;0;1;0;0;0
142101;11;2;2300316;2020;8;15;6;3;0;7;0;0;0;0;1;0;0;0
142102;11;1;1100415;2020;8;14;4;3;5;3;0;1;0;0;0;0;1;1
142103;11;8;8401241;2020;8;7;4;3;5;3;0;1;1;0;0;0;0;0
142104;11;5;5200631;2020;8;8;7;3;5;2;0;0;1;0;1;0;0;1
142105;11;1;1200626;2020;8;18;5;2;6;4;0;1;0;1;0;0;0;0
142106;11;8;8100206;2020;8;17;4;3;0;7;0;0;0;1;0;0;1;1
142107;11;1;1100207;2020;8;6;3;2;8;1;0;0;1;0;0;0;0;0
142108;11;1;1100207;2020;8;16;2;3;5;2;0;0;1;0;1;0;0;0
142109;11;7;7100206;2020;8;9;5;3;0;5;0;0;0;0;1;0;1;0
142110;11;1;1300733;2020;8;16;2;3;2;6;0;0;1;0;1;0;0;0
142111;11;12;12200412;2020;8;11;2;3;0;2;0;0;0;0;0;1;1;0
142112;11;1;1100207;2020;8;15;4;3;0;2;0;1;1;0;0;0;0;0
142113;11;2;2400522;2020;8;16;2;3;0;1;0;0;1;0;1;0;0;0
142114;11;11;11501341;2020;8;12;1;3;5;3;0;1;0;0;0;0;0;0
142115;11;10;10100311;2020;8;7;6;3;4;6;0;1;0;0;0;0;0;0
142116;11;6;6300528;2020;8;16;4;2;3;6;0;1;0;0;0;0;0;1
142117;11;8;8100209;2020;8;20;3;3;1;5;1;0;1;0;1;0;0;1
142118;11;5;5400942;2020;8;14;3;3;2;6;0;0;1;0;1;0;0;0
142119;11;2;2400521;2020;8;8;3;3;5;2;0;1;1;0;0;0;0;0
142120;11;3;3300514;2020;8;8;6;3;0;2;0;1;1;0;0;0;0;0
142121;11;3;3701554;2020;8;16;5;3;5;2;0;1;1;0;0;0;0;0
142122;11;4;4200206;2020;8;15;2;3;1;5;0;0;1;0;1;0;0;0
142123;11;3;3400721;2020;8;11;1;3;2;2;0;0;1;0;0;0;0;0
142124;11;8;8200624;2020;8;9;6;3;6;4;0;0;1;1;0;0;0;0
142125;11;2;2500834;2020;8;13;4;3;6;4;0;1;0;1;0;0;0;1
142126;11;1;1100101;2020;8;16;3;3;6;7;0;1;0;1;0;0;0;1
142127;11;9;9501838;2020;8;15;3;3;5;3;0;1;1;0;0;0;0;0
142128;11;6;6200423;2020;8;20;7;3;1;5;0;1;1;0;0;0;0;1
142129;11;8;8200726;2020;8;14;5;3;0;7;0;0;0;0;1;0;0;1
142130;11;4;4300623;2020;8;13;4;3;2;6;0;0;1;0;0;0;0;1
142131;11;7;7400928;2020;8;9;3;3;5;2;0;1;1;0;0;0;0;0
142132;11;8;8401241;2020;8;13;5;3;2;6;0;0;1;0;0;0;0;0
142133;11;9;9501838;2020;8;15;2;3;0;3;0;0;1;0;1;0;0;0
142134;11;4;4300416;2020;8;20;2;3;5;2;2;1;1;0;0;0;0;0
142135;11;7;7100102;2020;8;14;4;3;0;4;0;0;0;1;0;0;1;0
142136;11;9;9300920;2020;8;15;2;3;5;3;0;1;1;0;0;0;0;0
142137;11;11;11100206;2020;8;13;1;2;6;4;0;0;1;1;0;0;0;0
142138;11;8;8100417;2020;8;12;6;3;5;2;0;1;1;0;0;0;0;0
142139;11;1;1100416;2020;8;17;3;3;1;1;0;1;1;0;0;0;0;0
142140;11;5;5200526;2020;8;19;3;3;0;6;0;0;0;0;0;1;1;1
142141;11;9;9100101;2020;8;20;3;3;0;3;2;1;1;0;0;0;0;1
142142;11;6;6100204;2020;8;15;5;3;6;6;0;0;1;1;0;0;0;0
142143;11;8;8100209;2020;8;10;4;3;5;3;0;1;1;0;0;0;0;1
142144;11;1;1100207;2020;8;15;2;3;5;3;0;0;0;0;1;0;1;0
142145;11;2;2400624;2020;8;19;4;3;2;6;0;1;1;0;0;0;0;0
142146;11;8;8100102;2020;8;15;2;3;5;7;0;0;1;0;0;0;0;0
142147;11;7;7400822;2020;8;11;4;3;8;1;0;0;1;0;0;0;0;1
142148;11;10;10400938;2020;8;7;3;3;5;3;0;0;1;0;0;0;0;0
142149;11;5;5100316;2020;8;8;5;1;6;4;0;0;1;1;0;0;0;0
142150;11;1;1100206;2020;8;14;2;3;5;3;0;0;1;0;1;0;0;0
142151;11;11;11300617;2020;8;8;2;3;1;5;0;1;1;0;0;0;0;0
142152;11;4;4200310;2020;8;13;4;3;5;7;0;0;1;0;0;0;1;0
142153;11;8;8200725;2020;8;14;2;3;5;3;0;0;1;0;0;0;0;0
142154;11;1;1100313;2020;8;19;7;3;5;2;0;1;1;0;0;0;0;0
142155;11;1;1100309;2020;8;10;6;3;6;4;0;1;0;1;0;0;0;0
142156;11;2;2500835;2020;8;10;3;3;5;2;0;0;1;0;1;0;0;1
142157;11;12;12400723;2020;8;12;3;2;6;7;0;1;0;1;0;0;0;0
142158;11;3;3701554;2020;8;8;3;3;1;5;0;1;1;0;0;0;0;0
142159;11;10;10100210;2020;8;0;5;2;0;6;2;0;1;0;0;0;1;0
142160;11;5;5200524;2020;8;8;4;3;5;3;0;0;1;0;0;0;0;0
142161;11;3;3400830;2020;8;14;2;3;5;2;0;0;1;0;0;0;0;0
142162;11;11;11401137;2020;8;18;4;3;1;5;0;1;1;0;0;0;0;0
142163;11;6;6400735;2020;8;8;2;3;6;7;0;1;0;1;0;0;0;0
142164;11;4;4200310;2020;8;13;3;3;2;6;0;0;1;0;0;1;0;0
142165;11;4;4501153;2020;8;13;1;3;6;4;0;0;1;1;0;0;0;0
142166;11;7;7501029;2020;8;13;6;2;5;3;0;1;1;0;0;0;0;0
142167;11;4;4501152;2020;8;8;4;3;2;6;0;0;1;0;0;0;0;0
142168;11;2;2500831;2020;8;13;7;3;1;5;0;1;1;0;0;0;0;1
142169;11;1;1300835;2020;8;19;5;2;5;2;0;1;0;0;0;0;1;0
142170;11;4;4500938;2020;8;13;3;3;1;5;0;1;1;0;0;0;0;0
142171;11;5;5100313;2020;8;16;2;3;5;2;0;0;0;0;1;0;0;1
142172;11;5;5100316;2020;8;19;6;3;0;3;0;1;1;0;0;0;0;0
142173;11;1;1401049;2020;8;9;4;3;5;2;0;1;1;0;0;0;0;0
142174;11;8;8100314;2020;8;16;7;3;0;1;0;1;0;0;0;0;0;0
142175;11;8;8100415;2020;8;13;5;3;1;5;0;0;1;0;0;0;1;0
142176;11;2;2400521;2020;8;18;4;3;5;2;0;1;1;0;0;0;0;1
142177;11;4;4501042;2020;8;17;3;3;2;6;0;0;1;0;1;0;0;0
142178;11;5;5100317;2020;8;12;5;2;3;6;0;0;1;0;0;1;1;0
142179;11;9;9100409;2020;8;16;4;3;2;6;0;0;1;0;0;0;1;1
142180;11;2;2400625;2020;8;13;2;2;5;7;0;1;1;0;0;0;0;0
142181;11;8;8301036;2020;8;16;4;3;5;3;0;1;0;0;1;0;0;0
142182;11;1;1401048;2020;8;11;2;3;5;2;0;1;0;0;0;0;1;0
142183;11;8;8200730;2020;8;12;3;2;1;5;0;1;1;0;0;0;0;1
142184;11;12;12100205;2020;8;16;1;3;6;4;0;0;1;1;0;0;0;0
142185;11;3;3500932;2020;8;14;6;3;5;2;0;1;1;0;0;0;0;0
142186;11;11;11300722;2020;8;13;4;3;5;2;0;1;1;0;0;0;0;1
142187;11;12;12200310;2020;8;13;3;3;5;2;0;1;1;0;0;0;0;0
142188;11;4;4300414;2020;8;1;7;3;0;1;2;0;0;0;0;0;1;0
142189;11;7;7200409;2020;8;17;5;3;2;6;0;1;1;0;0;0;0;0
142190;11;9;9200715;2020;8;11;4;3;5;3;0;0;1;0;0;0;0;1
142191;11;3;3400722;2020;8;7;3;3;5;3;0;1;1;0;0;0;0;0
142192;11;2;2200207;2020;8;8;5;3;5;3;0;1;0;0;0;0;1;0
142193;11;2;2200213;2020;8;8;2;3;3;6;0;0;0;0;0;0;1;0
142194;11;8;8200832;2020;8;22;2;3;5;3;2;0;1;0;1;0;0;0
142195;11;2;2400625;2020;8;17;4;3;5;2;0;1;1;0;0;0;0;1
142196;11;10;10400940;2020;8;17;3;3;5;3;0;0;1;0;0;0;0;0
142197;11;7;7601443;2020;8;7;2;3;2;2;0;0;1;0;0;0;0;0
142198;11;4;4300623;2020;8;10;5;3;5;2;0;0;1;0;0;0;0;0
142199;11;11;11200514;2020;8;7;2;3;2;2;0;0;1;0;0;0;0;0
142200;11;1;1300836;2020;8;14;4;3;1;5;0;0;1;0;1;0;0;1
142201;11;8;8100105;2020;8;12;2;3;6;4;0;0;1;1;0;0;0;0
142202;11;5;5200632;2020;8;15;4;3;0;7;0;0;0;0;0;1;0;0
142203;11;3;3501038;2020;8;5;2;3;2;6;1;0;1;0;0;1;0;0
142204;11;12;12500928;2020;8;6;1;3;1;1;0;0;1;0;0;0;0;0
142205;11;1;1100313;2020;8;8;6;3;5;5;0;0;1;0;1;0;0;0
142206;11;6;6400735;2020;8;7;4;3;1;5;0;1;1;0;0;0;0;0
142207;11;7;7100205;2020;8;21;3;2;6;4;1;0;1;1;0;0;0;1
142208;11;1;1401048;2020;8;15;3;3;5;3;0;0;1;0;0;0;1;0
142209;11;9;9100202;2020;8;19;7;3;0;1;0;1;1;0;0;0;0;1
142210;11;6;6300634;2020;8;20;5;2;5;2;0;1;1;0;0;0;0;0
142211;11;12;12601235;2020;8;12;4;3;5;3;0;0;1;0;0;0;1;1
142212;11;4;4400830;2020;8;7;3;3;6;4;0;0;1;1;0;0;0;0
142213;11;6;6300632;2020;8;13;5;3;1;5;0;0;1;0;0;1;0;0
142214;11;7;7200410;2020;8;0;2;3;5;3;2;0;1;0;0;0;0;0
142215;11;7;7100103;2020;8;19;2;3;0;1;0;1;1;0;0;0;0;0
142216;11;2;2500834;2020;8;12;4;3;0;1;0;1;0;0;0;0;0;0
142217;11;11;11300617;2020;8;13;2;3;3;6;0;0;1;0;1;0;0;0
142218;11;7;7501134;2020;8;10;7;2;3;6;0;0;0;0;0;0;1;1
142219;11;1;1401044;2020;8;11;6;3;5;3;0;1;1;0;0;0;0;0
142220;11;2;2200211;2020;8;13;3;3;6;4;0;1;0;1;0;0;0;0
142221;11;5;5300838;2020;8;15;4;3;2;6;0;0;1;0;1;0;0;0
142222;11;10;10100311;2020;8;12;2;3;5;3;0;0;1;0;1;0;0;0
142223;11;2;2300315;2020;8;15;1;3;6;7;0;1;0;1;0;0;0;0
142224;11;1;1401046;2020;8;6;6;3;2;3;0;1;0;0;0;0;0;0
142225;11;1;1100309;2020;8;12;3;3;0;1;0;1;0;0;0;0;0;0
142226;11;12;12200412;2020;8;20;3;3;1;5;1;0;1;0;0;0;0;1
142227;11;7;7601238;2020;8;13;3;3;2;6;0;0;1;0;0;0;0;0
142228;11;12;12601134;2020;8;20;6;3;1;5;2;0;1;0;0;0;0;0
142229;11;12;12200308;2020;8;16;5;3;6;7;0;0;1;1;0;0;0;0
142230;11;1;1100311;2020;8;10;4;3;2;6;0;0;1;0;0;0;0;1
142231;11;1;1100102;2020;8;9;2;3;1;5;0;1;1;0;0;0;0;0
142232;11;6;6100102;2020;8;20;4;2;5;3;0;1;1;0;0;0;0;0
142233;11;4;4501150;2020;8;12;2;3;0;4;0;0;1;1;0;0;0;0
142234;11;9;9200510;2020;8;18;2;3;2;6;0;0;1;0;0;0;0;0
142235;11;5;5100316;2020;8;9;4;3;5;2;0;0;1;0;0;0;0;0
142236;11;11;11401136;2020;8;11;2;3;5;2;0;1;1;0;0;0;0;0
142237;11;11;11300620;2020;8;18;7;3;5;2;0;1;1;0;0;0;0;1
142238;11;9;9200717;2020;8;10;6;3;2;6;0;0;1;0;0;0;0;0
142239;11;1;1100309;2020;8;18;3;3;3;6;0;1;0;0;1;0;0;0
142240;11;12;12400721;2020;8;8;5;3;5;3;0;1;1;0;0;0;0;0
142241;11;12;12500930;2020;8;7;4;3;5;3;0;1;1;0;0;0;0;1
142242;11;2;2400623;2020;8;17;2;3;5;2;0;1;1;0;0;0;0;1
142243;11;12;12500824;2020;8;20;3;3;0;1;1;1;0;0;0;0;0;1
142244;11;3;3601141;2020;8;15;5;3;5;2;0;1;1;0;0;0;0;0
142245;11;4;4501153;2020;8;9;4;3;5;2;0;1;1;0;0;0;0;1
142246;11;4;4501042;2020;8;15;2;3;6;7;0;0;1;1;0;0;0;0
142247;11;2;2100102;2020;8;18;4;3;3;6;0;0;1;0;1;0;0;0
142248;11;1;1300733;2020;8;11;2;2;5;2;0;1;1;0;0;0;0;0
142249;11;1;1100310;2020;8;12;3;2;5;2;0;1;0;0;0;1;0;0
142250;11;11;11400928;2020;8;9;2;3;0;7;0;0;0;0;1;0;0;0
142251;11;4;4501045;2020;8;19;6;2;5;5;0;1;1;0;0;0;0;0
142252;11;4;4200309;2020;8;10;4;3;2;6;0;0;1;0;0;0;1;0
142253;11;4;4300415;2020;8;8;3;3;2;6;0;0;1;0;0;0;0;1
142254;11;11;11300721;2020;8;14;7;3;1;5;0;0;1;0;0;0;1;0
142255;11;11;11200513;2020;8;15;5;2;5;3;0;1;1;0;0;0;0;0
142256;11;7;7200413;2020;8;18;4;3;0;6;0;0;1;0;1;0;0;1
142257;11;11;11501238;2020;8;17;3;3;5;3;0;1;1;0;0;0;0;0
142258;11;7;7300516;2020;8;7;3;3;5;2;0;1;1;0;0;0;0;1
142259;11;8;8200832;2020;8;11;5;3;1;5;0;1;1;0;0;0;0;0
142260;11;2;2300315;2020;8;15;4;3;5;3;0;1;0;0;0;0;0;1
142261;11;8;8200726;2020;8;13;2;3;5;3;0;0;1;0;1;0;0;0
142262;11;3;3200309;2020;8;16;4;3;5;2;0;0;1;0;1;0;0;0
142263;11;3;3100101;2020;8;11;2;3;2;2;0;0;1;0;0;0;0;0
142264;11;4;4300619;2020;8;11;1;3;2;6;0;0;1;0;0;0;0;0
142265;11;2;2200213;2020;8;12;6;3;9;7;0;0;0;0;1;0;0;0
142266;11;4;4501045;2020;8;13;4;3;6;4;0;1;0;1;0;0;0;1
142267;11;1;1100102;2020;8;22;3;3;0;1;2;0;0;0;1;0;0;1
142268;11;2;2100104;2020;8;16;3;3;5;3;0;1;1;0;0;0;0;0
142269;11;1;1100206;2020;9;1;1;3;2;6;2;1;0;0;0;0;0;0
142270;11;12;12100205;2020;9;18;4;3;0;1;0;0;0;0;1;0;0;1
142271;11;8;8200832;2020;9;7;3;3;3;6;0;0;1;0;0;0;1;0
142272;11;6;6400839;2020;9;17;3;3;5;3;0;0;1;0;1;0;0;0
142273;11;5;5300735;2020;8;16;2;3;0;1;0;0;0;0;1;0;0;1
142274;11;3;3200207;2020;8;16;2;3;2;2;0;0;1;0;1;0;0;1
142275;11;9;9200819;2020;9;13;7;3;5;3;0;0;1;0;0;0;0;0
142276;11;3;3601244;2020;8;15;2;3;6;4;0;0;1;1;0;0;0;0
142277;11;8;8100417;2020;9;15;6;3;2;6;0;0;1;0;0;0;0;0
142278;11;8;8200730;2020;8;8;2;3;6;4;0;0;1;1;0;0;0;0
142279;11;10;10100311;2020;9;5;3;3;0;1;2;1;0;0;0;0;0;1
142280;11;7;7100205;2020;9;17;1;3;0;3;0;0;1;0;1;0;0;0
142281;11;5;5200524;2020;9;15;5;3;5;2;0;0;1;0;0;0;0;0
142282;11;2;2400625;2020;9;5;3;3;4;6;2;0;1;0;0;1;0;0
142283;11;9;9200715;2020;8;8;2;3;5;3;0;0;1;0;0;0;0;1
142284;11;7;7601544;2020;9;20;7;3;5;2;2;0;1;0;0;0;0;0
142285;11;11;11300617;2020;9;22;4;3;5;3;2;1;1;0;0;0;0;1
142286;11;1;1200517;2020;9;13;3;3;3;6;0;0;1;0;0;0;0;0
142287;11;2;2200210;2020;8;7;2;3;5;2;0;0;1;0;1;0;0;0
142288;11;12;12200412;2020;8;7;2;3;0;2;0;0;1;0;1;0;0;1
142289;11;11;11300617;2020;9;13;6;3;2;6;0;0;1;0;0;0;0;0
142290;11;2;2200210;2020;8;7;2;3;5;3;0;1;1;0;0;0;0;0
142291;11;1;1100102;2020;8;7;2;3;0;1;0;1;0;0;0;0;0;1
142292;11;4;4300412;2020;9;15;2;3;0;1;0;0;0;0;1;0;0;0
142293;11;2;2400623;2020;9;19;5;3;5;3;0;1;1;0;0;0;0;0
142294;11;8;8200831;2020;8;7;2;3;0;6;0;0;1;0;1;0;0;1
142295;11;8;8100520;2020;8;6;2;3;5;3;0;0;1;0;1;0;0;1
142296;11;6;6200311;2020;9;16;2;2;5;3;0;0;1;0;0;0;0;0
142297;11;3;3501037;2020;9;22;5;3;5;7;2;1;1;0;0;0;0;1
142298;11;3;3500934;2020;8;4;2;2;5;3;2;0;1;0;1;0;0;1
142299;11;12;12500930;2020;9;16;1;3;5;2;0;0;1;0;0;0;0;0
142300;11;9;9501939;2020;9;13;5;3;5;2;0;1;1;0;0;0;0;0
142301;11;4;4300416;2020;9;13;3;3;5;2;0;1;1;0;0;0;0;0
142302;11;5;5200525;2020;8;10;2;2;2;6;0;0;1;0;0;0;1;0
142303;11;3;3500936;2020;9;21;7;3;5;2;2;0;1;0;0;0;0;0
142304;11;12;12200412;2020;9;14;4;3;2;6;0;0;1;0;0;1;0;1
142305;11;4;4300622;2020;9;0;3;3;2;6;2;0;1;0;0;0;0;0
142306;11;3;3300411;2020;8;10;2;3;6;2;0;0;0;1;0;1;0;0
142307;11;11;11300721;2020;8;9;2;3;3;6;0;0;1;0;0;0;0;0
142308;11;2;2500726;2020;9;11;6;3;5;2;0;1;1;0;0;0;0;1
142309;11;6;6300631;2020;8;9;2;3;5;3;0;0;1;0;1;0;0;0
142310;11;1;1200628;2020;9;13;2;3;0;3;0;0;1;0;0;0;1;0
142311;11;3;3200205;2020;9;18;5;3;2;6;0;0;1;0;1;0;0;0
142312;11;2;2300315;2020;8;9;2;2;5;2;0;1;1;0;0;0;0;0
142313;11;4;4400832;2020;9;12;1;3;5;2;0;1;1;0;0;0;0;0
142314;11;3;3701554;2020;9;8;5;3;5;2;0;1;1;0;0;0;0;0
142315;11;9;9100408;2020;9;0;3;3;1;7;2;0;1;0;0;0;0;0
142316;11;2;2500830;2020;9;17;3;3;0;1;0;1;0;0;0;0;0;0
142317;11;1;1100312;2020;8;9;2;3;5;2;0;1;1;0;0;0;0;0
142318;11;1;1200520;2020;9;5;7;3;5;3;1;0;1;0;0;0;0;1
142319;11;6;6200421;2020;9;7;4;3;0;1;0;1;0;0;0;0;0;1
142320;11;5;5200633;2020;9;12;3;3;5;2;0;0;1;0;1;0;0;0
142321;11;2;2500830;2020;9;14;1;3;0;1;0;0;0;0;1;0;0;0
142322;11;1;1100309;2020;9;11;5;2;5;7;0;0;1;0;1;0;0;0
142323;11;6;6200312;2020;9;11;3;2;5;7;0;0;1;0;1;0;0;0
142324;11;9;9502043;2020;8;9;2;2;0;3;0;1;0;0;0;0;0;0
142325;11;11;11300721;2020;9;15;7;3;0;2;0;0;0;0;0;0;1;0
142326;11;4;4500938;2020;9;9;4;3;5;2;0;1;1;0;0;0;0;0
142327;11;3;3601244;2020;9;14;3;3;8;1;0;1;0;0;0;0;0;0
142328;11;1;1100312;2020;8;8;2;3;6;4;0;0;1;1;0;0;0;0
142329;11;4;4500938;2020;9;9;6;3;3;6;0;1;1;0;0;0;0;1
142330;11;4;4501041;2020;8;8;2;3;0;2;0;1;1;0;0;0;0;1
142331;11;5;5200524;2020;9;12;2;3;2;2;0;0;1;0;0;0;0;0
142332;11;1;1100415;2020;9;16;5;3;5;5;0;1;1;0;0;0;0;0
142333;11;8;8100207;2020;8;18;1;3;4;6;1;0;1;0;0;0;0;1
142334;11;1;1100308;2020;9;18;4;2;0;2;0;1;0;0;0;0;1;0
142335;11;8;8200622;2020;9;11;3;3;2;6;0;0;1;0;0;1;0;0
142336;11;5;5100104;2020;9;16;3;3;2;6;0;0;1;0;0;0;0;0
142337;11;4;4300624;2020;8;17;1;3;0;3;1;0;1;0;0;0;1;1
142338;11;9;9200613;2020;9;15;7;3;5;3;0;1;1;0;0;0;0;0
142339;11;11;11400927;2020;8;17;1;2;2;6;0;0;1;0;0;0;0;1
142340;11;4;4200207;2020;9;21;6;2;8;1;2;0;0;0;1;0;0;0
142341;11;10;10300731;2020;8;17;1;2;5;2;1;1;1;0;0;0;0;1
142342;11;3;3601142;2020;9;10;3;2;5;2;0;1;0;0;0;0;1;0
142343;11;3;3400830;2020;8;16;1;3;0;6;0;1;1;0;0;0;0;1
142344;11;12;12200411;2020;9;7;6;3;2;6;0;0;1;0;0;0;1;1
142345;11;8;8100104;2020;8;14;1;3;2;7;0;1;1;0;0;0;0;0
142346;11;1;1400937;2020;9;8;2;3;2;2;0;0;1;0;0;0;0;0
142347;11;1;1100308;2020;9;15;5;3;6;7;0;1;0;1;0;0;0;0
142348;11;9;9501838;2020;8;14;1;3;5;3;0;0;1;0;0;0;0;0
142349;11;8;2300418;2020;9;10;1;3;0;2;0;1;0;0;1;0;0;0
142350;11;2;2400521;2020;9;17;4;3;0;7;0;0;1;0;0;0;1;1
142351;11;9;9200715;2020;9;9;3;3;2;6;0;0;1;0;0;1;0;0
142352;11;4;4300624;2020;9;16;3;3;0;2;0;1;1;0;0;0;0;0
142353;11;7;7501134;2020;8;13;1;3;6;4;0;0;1;1;0;0;0;0