OBJECTID;LAND;BEZ;LOR_ab_2021;UJAHR;UMONAT;USTUNDE;UWOCHENTAG;UKATEGORIE;UART;UTYP1;ULICHTVERH;IstRad;IstPKW;IstFuss;IstKrad;IstGkfz;IstSonstige;USTRZUSTAND
142354;11;12;12400616;2020;8;12;1;2;8;1;0;0;1;0;0;0;0;0
142355;11;3;3601142;2020;9;21;6;3;6;4;2;1;0;1;0;0;0;0
142356;11;4;4400835;2020;8;20;1;3;5;3;2;0;1;0;0;0;0;1
142357;11;1;1100312;2020;9;18;2;3;5;7;0;1;1;0;0;0;0;0
142358;11;4;4300623;2020;9;15;5;3;5;2;0;1;1;0;0;0;0;0
142359;11;7;7400826;2020;8;11;1;3;2;6;0;1;1;0;0;0;0;0
142360;11;4;4300622;2020;9;8;3;3;5;2;0;1;1;0;0;0;0;0
142361;11;5;5200423;2020;9;18;1;3;2;7;0;0;1;0;0;0;0;1
142362;11;9;9501736;2020;9;15;5;3;2;3;0;1;1;0;0;0;0;0
142363;11;4;4300416;2020;9;8;3;3;2;6;0;1;1;0;0;0;0;0
142364;11;1;1100102;2020;8;20;1;3;9;1;2;0;1;0;0;0;0;1
142365;11;5;5400942;2020;9;23;7;2;1;5;2;0;1;0;0;0;0;0
142366;11;11;11200411;2020;9;20;4;3;2;6;2;0;1;0;0;0;0;0
142367;11;7;7501031;2020;9;8;3;2;5;2;0;0;1;0;0;0;0;0
142368;11;6;6100205;2020;8;19;1;3;6;4;2;0;1;1;0;0;0;1
142369;11;5;5300737;2020;9;12;2;3;0;7;0;1;0;0;0;0;0;0
142370;11;3;3601243;2020;9;7;5;3;0;1;1;1;0;0;0;0;0;1
142371;11;3;3701659;2020;9;7;3;3;1;5;0;1;1;0;0;0;0;0
142372;11;12;12500930;2020;8;19;1;3;4;6;1;0;1;0;0;0;0;1
142373;11;2;2400521;2020;9;18;1;3;5;2;0;0;1;0;0;0;0;0
142374;11;4;4501151;2020;9;15;4;3;5;3;0;0;1;0;0;0;0;1
142375;11;1;1401045;2020;9;7;3;3;1;5;0;0;1;0;0;0;0;0
142376;11;1;1100101;2020;8;10;1;3;0;7;0;0;0;0;0;0;1;0
142377;11;9;9502043;2020;8;2;1;2;8;1;2;0;1;0;0;0;0;0
142378;11;3;3400620;2020;9;14;6;3;5;3;0;1;0;0;1;0;0;0
142379;11;8;8100415;2020;8;10;7;2;1;5;0;1;0;0;0;0;1;0
142380;11;1;1100205;2020;8;15;7;3;2;6;0;0;1;0;0;0;0;0
142381;11;1;1200629;2020;9;19;2;3;5;2;1;1;1;0;0;0;0;0
142382;11;2;2200209;2020;9;21;5;3;5;2;2;1;1;0;0;0;0;1
142383;11;2;2500834;2020;8;15;7;3;5;2;0;0;1;0;0;0;1;0
142384;11;8;8200622;2020;9;15;1;3;2;6;0;0;1;0;0;0;0;0
142385;11;2;2400623;2020;9;13;5;3;5;3;0;1;0;0;0;0;0;0
142386;11;2;2300418;2020;9;20;3;3;1;5;2;0;1;0;1;0;0;0
142387;11;5;5100209;2020;8;14;7;3;5;2;0;0;1;0;0;0;0;0
142388;11;7;7400823;2020;9;19;7;3;5;3;1;0;1;0;0;0;0;0
142389;11;7;7200308;2020;9;13;4;3;6;4;0;0;1;1;0;0;0;1
142390;11;3;3601243;2020;9;20;3;3;5;3;1;1;1;0;0;0;0;0
142391;11;8;8100206;2020;8;14;7;3;5;7;0;0;1;0;1;0;0;0
142392;11;5;5100316;2020;8;14;7;3;0;3;0;0;1;0;1;0;0;0
142393;11;1;1200626;2020;9;11;6;3;6;7;0;0;1;1;0;0;0;1
142394;11;4;4400835;2020;8;14;7;3;1;5;0;1;1;0;0;0;0;0
142395;11;5;5200423;2020;9;14;2;2;6;4;0;0;1;1;0;0;0;0
142396;11;2;2100105;2020;9;17;5;3;5;3;0;0;1;0;0;0;1;0
142397;11;9;9200717;2020;8;11;7;3;2;6;0;0;1;0;0;0;0;0
142398;11;3;3601449;2020;9;12;6;2;0;7;0;1;0;0;0;0;0;0
142399;11;8;8401243;2020;8;10;7;3;1;5;0;1;1;0;0;0;0;0
142400;11;7;7601544;2020;8;9;7;3;0;5;0;0;1;0;0;0;1;0
142401;11;11;11501341;2020;9;15;2;3;2;6;0;0;1;0;0;0;0;0
142402;11;3;3601141;2020;9;18;5;3;2;7;0;0;1;0;0;0;0;0
142403;11;3;3601243;2020;8;7;7;2;5;3;0;0;1;0;0;0;0;0
142404;11;1;1100101;2020;9;13;1;3;5;2;0;1;1;0;0;0;0;0
142405;11;2;2200209;2020;9;10;5;3;1;5;0;1;1;0;0;0;0;0
142406;11;6;6400842;2020;9;19;3;3;2;7;0;1;1;0;0;0;0;0
142407;11;2;2200210;2020;8;7;7;3;5;3;1;0;1;0;0;0;0;0
142408;11;1;1400938;2020;9;12;7;3;2;6;0;0;1;0;0;0;0;0
142409;11;3;3200207;2020;9;12;4;3;5;3;0;1;1;0;0;0;0;0
142410;11;1;1300834;2020;9;18;3;3;5;3;0;1;1;0;0;0;0;0
142411;11;8;8100103;2020;8;22;7;3;1;5;2;1;1;0;0;0;0;0
142412;11;5;5200629;2020;9;9;6;3;5;2;0;1;1;0;0;0;0;1
142413;11;2;2100106;2020;8;22;7;2;5;3;2;0;1;0;1;0;0;0
142414;11;4;4501040;2020;9;11;2;3;2;2;0;0;1;0;0;0;0;0
142415;11;11;11300620;2020;9;16;5;3;3;6;0;0;1;0;1;0;0;0
142416;11;9;9401534;2020;8;6;7;2;5;4;0;0;0;1;0;0;1;0
142417;11;2;2200210;2020;9;19;4;3;5;2;1;1;1;0;0;0;0;1
142418;11;7;7400823;2020;8;18;2;3;3;2;0;0;1;0;0;0;0;0
142419;11;3;3601142;2020;9;16;3;3;5;3;0;1;1;0;0;0;0;0
142420;11;8;8401243;2020;8;21;7;3;0;7;2;0;0;0;1;0;0;0
142421;11;12;12601235;2020;8;20;7;3;5;7;2;0;1;0;0;0;0;0
142422;11;1;1100415;2020;9;12;1;2;5;2;0;1;0;0;0;0;1;0
142423;11;9;9501939;2020;9;9;4;3;0;7;0;1;0;0;0;0;0;0
142424;11;1;1100103;2020;8;18;2;2;1;5;2;1;1;0;0;0;0;0
142425;11;4;4500939;2020;9;15;3;3;0;7;0;0;1;0;0;0;0;0
142426;11;2;2200212;2020;8;20;7;3;1;5;2;1;1;0;0;0;0;0
142427;11;9;9501736;2020;9;0;7;3;6;4;2;0;1;1;0;0;0;0
142428;11;8;8401243;2020;9;7;4;3;2;6;0;0;1;0;1;0;0;0
142429;11;10;10100205;2020;8;20;7;3;0;1;2;0;0;0;1;0;0;0
142430;11;10;10100316;2020;9;5;6;3;9;1;2;0;0;0;0;1;0;1
142431;11;5;5100316;2020;8;19;7;3;5;3;0;1;1;0;0;0;0;0
142432;11;6;6300632;2020;9;10;4;3;1;5;0;1;1;0;0;0;0;0
142433;11;7;7501032;2020;9;13;2;3;2;6;0;0;1;0;0;1;1;0
142434;11;7;7601442;2020;9;8;5;3;2;6;0;0;1;0;0;0;1;0
142435;11;12;12601134;2020;8;19;7;3;2;6;0;0;1;0;1;0;0;0
142436;11;7;7400720;2020;9;19;1;2;5;2;0;1;1;0;0;0;0;0
142437;11;4;4400727;2020;9;17;4;3;0;6;0;0;1;0;1;0;0;1
142438;11;1;1100102;2020;8;12;2;3;5;2;0;1;1;0;0;0;0;0
142439;11;11;11300722;2020;9;15;3;3;6;2;0;0;1;1;0;0;0;0
142440;11;2;2200210;2020;8;19;7;3;4;6;0;1;0;0;0;0;0;0
142441;11;8;8100314;2020;8;19;7;3;3;6;0;0;1;0;1;0;0;0
142442;11;11;11300620;2020;9;15;6;3;2;6;0;0;1;0;0;0;0;0
142443;11;3;3300517;2020;9;9;4;3;5;3;0;0;1;0;0;1;0;0
142444;11;5;5300841;2020;8;18;7;3;3;6;0;0;1;0;0;0;1;0
142445;11;9;9501941;2020;9;18;2;3;5;2;0;1;1;0;0;0;0;0
142446;11;4;4501153;2020;9;22;5;2;5;3;2;1;1;0;0;0;0;1
142447;11;1;1100206;2020;8;18;7;3;4;6;0;1;0;0;0;0;1;0
142448;11;8;8401241;2020;8;18;7;3;1;7;0;0;1;0;0;1;0;0
142449;11;6;6100103;2020;9;14;7;3;5;2;0;1;1;0;0;0;0;0
142450;11;1;1100308;2020;9;9;4;3;0;5;0;1;1;0;0;0;0;0
142451;11;4;4501042;2020;8;17;7;3;2;6;0;0;1;0;1;0;0;0
142452;11;4;4500939;2020;9;16;6;3;5;2;0;1;1;0;0;0;0;0
142453;11;1;1300730;2020;8;17;7;2;1;5;0;1;1;0;0;0;0;0
142454;11;8;8100206;2020;8;16;2;3;0;7;0;1;0;0;0;0;0;0
142455;11;8;8300935;2020;9;12;2;3;5;2;0;0;1;0;0;0;1;0
142456;11;11;11501340;2020;9;15;5;3;5;3;0;1;1;0;0;0;0;0
142457;11;12;12200309;2020;8;22;2;3;1;5;2;0;1;0;0;0;1;0
142458;11;6;6300524;2020;8;16;7;2;0;1;0;1;0;0;0;0;0;0
142459;11;1;1100206;2020;9;16;7;3;0;2;0;0;1;0;1;0;0;0
142460;11;3;3701554;2020;9;15;4;3;0;1;0;1;0;0;0;0;0;1
142461;11;2;2500729;2020;8;8;2;3;5;2;0;1;0;0;0;0;1;0
142462;11;5;5200629;2020;8;17;7;3;2;6;0;0;1;0;0;0;0;0
142463;11;8;8401139;2020;8;16;7;3;5;2;0;1;1;0;0;0;0;0
142464;11;7;7501029;2020;9;13;6;3;2;6;0;0;1;0;0;0;0;0
142465;11;9;9501939;2020;8;7;6;3;2;6;0;0;1;0;0;1;0;1
142466;11;3;3701660;2020;9;14;3;3;2;6;0;0;1;0;0;0;0;0
142467;11;1;1200628;2020;8;20;6;3;1;5;1;1;1;0;0;0;0;0
142468;11;8;8100520;2020;9;20;2;3;5;2;2;0;1;0;1;0;0;0
142469;11;6;6200317;2020;9;19;5;3;5;2;1;1;1;0;0;0;0;0
142470;11;11;11400928;2020;8;21;6;3;0;7;2;1;0;0;0;0;0;0
142471;11;7;7501032;2020;9;15;1;3;1;5;0;1;1;0;0;0;0;0
142472;11;4;4501153;2020;9;12;5;3;2;6;0;0;1;0;0;0;0;0
142473;11;4;4500936;2020;8;21;2;2;5;2;1;0;1;0;0;0;0;0
142474;11;11;11401137;2020;8;14;6;3;5;3;0;1;0;0;0;0;1;0
142475;11;7;7400823;2020;9;17;7;3;6;7;1;0;1;1;0;0;0;0
142476;11;7;7601340;2020;9;16;1;2;1;5;0;1;1;0;0;0;0;0
142477;11;1;1400938;2020;9;13;5;3;5;3;0;1;1;0;0;0;0;0
142478;11;10;10100206;2020;8;21;2;3;9;1;2;0;1;0;0;0;0;1
142479;11;5;5100211;2020;8;20;6;3;5;2;1;0;1;0;0;0;0;0
142480;11;2;2100106;2020;9;22;7;2;5;3;2;0;1;0;1;0;0;0
142481;11;3;3200308;2020;9;14;4;3;2;6;0;0;1;0;0;0;0;0
142482;11;11;11200513;2020;8;20;2;3;2;7;2;1;1;0;0;0;0;1
142483;11;10;10300731;2020;8;10;6;3;6;4;0;0;0;1;1;0;0;1
142484;11;3;11300617;2020;8;10;6;2;6;4;0;0;0;1;1;0;0;0
142485;11;3;3701660;2020;9;12;6;3;1;5;0;1;0;0;0;0;1;1
142486;11;6;6200315;2020;8;8;6;2;5;3;0;1;1;0;0;0;0;0
142487;11;4;4100101;2020;9;14;3;3;2;6;0;0;1;0;0;0;0;0
142488;11;12;12100205;2020;8;8;6;3;5;2;0;1;1;0;0;0;0;0
142489;11;4;4500936;2020;9;15;2;3;2;2;0;0;1;0;0;0;1;0
142490;11;11;11200514;2020;9;18;5;3;2;6;0;0;1;0;0;0;0;0
142491;11;6;6400844;2020;8;7;6;3;2;7;0;0;1;0;0;0;0;1
142492;11;4;4300517;2020;9;13;1;3;6;4;0;0;1;1;0;0;0;0
142493;11;2;2400623;2020;9;9;5;3;5;3;0;1;1;0;0;0;0;0
142494;11;1;1300834;2020;8;19;2;3;5;2;0;0;1;0;0;0;0;0
142495;11;3;3601244;2020;9;14;3;3;1;5;0;1;1;0;0;0;0;0
142496;11;9;9401534;2020;8;7;6;3;0;1;0;0;0;0;1;0;0;1
142497;11;8;8200832;2020;9;11;7;3;5;2;0;0;1;0;1;0;0;1
142498;11;11;11100204;2020;9;12;4;3;0;7;0;1;0;0;0;0;0;0
142499;11;8;8100314;2020;8;19;2;3;5;2;0;1;1;0;0;0;0;0
142500;11;10;10100316;2020;8;7;6;3;5;2;0;0;1;0;0;0;0;1
142501;11;5;5300737;2020;9;7;6;3;5;2;0;1;0;0;0;0;1;1
142502;11;12;12200412;2020;8;6;6;3;5;3;0;0;1;0;0;0;1;1
142503;11;4;4501041;2020;9;13;4;3;0;2;0;1;0;0;0;0;0;1
142504;11;5;5100316;2020;8;19;2;3;2;6;0;0;1;0;0;0;0;0
142505;11;10;10400837;2020;8;5;6;3;5;3;1;0;1;0;1;0;0;0
142506;11;6;6300526;2020;9;10;6;3;2;6;0;0;1;0;1;0;0;1
142507;11;7;7300619;2020;8;4;6;3;1;5;2;0;1;0;0;0;0;1
142508;11;4;4501043;2020;9;13;2;3;2;2;0;0;1;0;0;0;0;0
142509;11;6;6200314;2020;9;17;5;3;6;7;0;1;0;1;0;0;0;0
142510;11;11;11200513;2020;8;17;6;2;6;4;0;1;0;1;0;0;0;0
142511;11;2;2100105;2020;9;10;1;2;5;3;0;1;1;0;0;0;0;0
142512;11;9;9100407;2020;9;15;4;3;5;3;0;1;1;0;0;0;0;1
142513;11;4;4300416;2020;8;18;2;3;2;6;0;1;1;0;0;0;0;0
142514;11;5;5100317;2020;9;14;3;3;5;3;0;0;1;0;0;0;0;0
142515;11;1;1401045;2020;8;17;6;3;5;2;0;1;1;0;0;0;0;0
142516;11;4;4100101;2020;9;15;7;3;5;3;0;0;1;0;0;0;0;0
142517;11;4;4501041;2020;9;12;3;3;3;6;0;1;1;0;0;0;0;0
142518;11;4;4100101;2020;8;17;6;2;5;2;0;0;1;0;0;0;0;0
142519;11;11;11100102;2020;9;21;6;2;1;5;2;0;1;0;0;0;1;0
142520;11;3;3200205;2020;8;16;6;3;6;4;0;0;1;1;0;0;0;0
142521;11;4;4300518;2020;9;7;3;3;5;3;0;1;1;0;0;0;0;0
142522;11;1;1300835;2020;9;13;2;3;0;1;0;0;0;0;1;0;0;1
142523;11;2;2500832;2020;9;8;5;3;3;6;0;1;1;0;0;0;0;1
142524;11;11;11400929;2020;8;16;6;3;1;5;0;1;1;0;0;0;0;0
142525;11;9;9200715;2020;9;18;1;3;2;6;0;1;1;0;0;0;0;0
142526;11;7;7200409;2020;9;9;2;3;5;3;0;1;0;0;0;0;0;0
142527;11;8;8100520;2020;9;15;5;2;6;7;0;0;0;1;1;0;0;0
142528;11;9;9300920;2020;8;15;6;3;1;5;0;1;1;0;0;0;0;0
142529;11;2;2100101;2020;9;2;1;2;0;1;2;0;0;0;0;0;1;0
142530;11;7;7100103;2020;9;18;4;2;2;6;0;1;1;0;0;0;0;1
142531;11;6;6200311;2020;8;17;2;3;2;2;0;0;1;0;0;0;0;0
142532;11;8;8200832;2020;9;13;3;3;5;2;0;1;1;0;0;0;0;0
142533;11;4;4501045;2020;8;14;6;3;5;2;0;1;1;0;0;0;0;0
142534;11;1;1401049;2020;8;14;6;3;2;6;0;0;1;0;0;0;0;0
142535;11;3;3500935;2020;9;14;6;3;4;6;0;1;1;0;0;0;0;0
142536;11;12;12200412;2020;8;14;6;3;2;2;0;0;1;0;0;0;1;0
142537;11;1;1100206;2020;9;18;2;3;5;3;0;1;1;0;0;0;0;0
142538;11;4;4300416;2020;9;21;5;3;0;1;2;0;0;0;1;0;0;1
142539;11;2;2200210;2020;8;14;6;3;5;2;0;1;1;0;0;0;0;0
142540;11;1;1300733;2020;8;17;2;3;0;6;0;0;1;0;1;0;0;1
142541;11;6;6100206;2020;9;11;1;3;0;7;0;0;1;0;0;0;0;0
142542;11;12;12200515;2020;9;15;5;3;5;2;0;1;1;0;0;0;0;0
142543;11;12;12200515;2020;8;17;2;2;0;1;0;1;0;0;0;0;0;1
142544;11;3;3400619;2020;8;14;6;3;5;3;0;0;1;0;1;0;0;0
142545;11;10;10400939;2020;9;22;7;3;5;2;2;0;1;0;0;0;0;0
142546;11;9;9200512;2020;9;20;4;2;5;7;2;1;1;0;0;0;0;0
142547;11;6;6200314;2020;8;17;2;3;5;3;0;1;1;0;0;0;0;0
142548;11;8;8100209;2020;8;13;6;3;5;3;0;1;1;0;0;0;0;0
142549;11;7;7300517;2020;8;13;6;3;1;5;0;1;1;0;0;0;0;0
142550;11;8;8200622;2020;9;12;6;3;6;2;0;0;1;1;0;0;0;0
142551;11;4;4300622;2020;8;13;6;3;2;6;0;0;1;0;0;0;0;1
142552;11;3;3400721;2020;9;18;3;3;1;5;0;1;1;0;0;0;0;0
142553;11;1;1100205;2020;8;13;6;3;2;6;0;0;1;0;1;0;0;0
142554;11;4;4500937;2020;9;16;4;2;6;4;0;0;1;1;0;0;0;1
142555;11;11;11300725;2020;8;17;2;3;0;4;0;1;0;1;0;0;0;1
142556;11;11;11300725;2020;8;12;6;3;1;7;0;0;1;0;0;0;1;0
142557;11;3;3200205;2020;8;12;6;2;5;2;0;0;1;0;1;0;0;0
142558;11;3;3500934;2020;9;14;6;3;2;7;0;0;1;0;1;0;0;0
142559;11;8;8100312;2020;8;11;6;3;1;5;0;1;1;0;0;0;0;0
142560;11;1;1100206;2020;8;11;6;3;5;2;0;1;1;0;0;0;0;0
142561;11;9;9501939;2020;9;18;2;3;5;7;0;0;1;0;0;0;1;0
142562;11;1;1100308;2020;9;21;5;3;5;7;2;0;0;0;1;0;1;1
142563;11;10;10200423;2020;8;10;6;3;0;1;0;0;0;0;1;0;0;1
142564;11;10;10200417;2020;9;16;1;3;5;3;0;1;1;0;0;0;0;0
142565;11;1;1100103;2020;9;13;5;3;5;3;0;0;1;0;1;0;0;0
142566;11;10;10300731;2020;8;17;2;3;5;2;0;1;1;0;0;0;0;1
142567;11;1;1300732;2020;8;10;6;3;6;4;0;0;1;1;0;0;0;0
142568;11;1;1100415;2020;9;20;7;3;1;5;2;1;1;0;0;0;0;0
142569;11;1;1401044;2020;9;14;4;3;5;3;0;0;1;0;0;0;0;1
142570;11;12;12400723;2020;8;17;2;3;5;3;0;0;1;0;0;0;0;1
142571;11;2;3601452;2020;8;8;5;3;3;6;0;0;1;0;0;0;0;0
142572;11;1;1100308;2020;8;7;5;3;0;5;0;1;0;0;0;0;1;0
142573;11;1;1100310;2020;9;11;6;3;1;5;0;1;0;0;0;0;1;1
142574;11;8;8200623;2020;8;12;5;3;5;2;0;1;1;0;0;0;0;1
142575;11;1;1400942;2020;9;22;2;3;5;3;2;0;1;0;0;0;1;0
142576;11;3;3100102;2020;9;17;5;2;6;4;0;0;1;1;0;0;0;0
142577;11;1;1100103;2020;8;18;5;3;5;2;0;1;1;0;0;0;0;0
142578;11;4;4200206;2020;9;12;1;2;5;3;0;1;1;0;0;0;0;0
142579;11;2;2200210;2020;9;8;5;3;5;3;0;1;1;0;0;0;0;0
142580;11;5;5100105;2020;8;16;2;3;2;6;0;0;1;0;0;0;0;0
142581;11;1;1100101;2020;9;15;2;3;5;2;0;0;1;0;0;0;0;0
142582;11;10;10100316;2020;9;18;5;3;5;2;0;1;1;0;0;0;0;0
142583;11;11;11300722;2020;8;14;5;2;5;3;0;0;1;0;0;0;1;0
142584;11;9;9100306;2020;9;14;1;3;2;2;0;0;1;0;0;0;0;0
142585;11;4;4200310;2020;9;11;5;3;5;3;0;0;1;0;0;0;0;0
142586;11;9;9200715;2020;8;16;2;3;2;6;0;0;1;0;0;0;0;0
142587;11;6;6200421;2020;8;20;5;3;2;2;1;0;1;0;0;0;0;0
142588;11;11;11200411;2020;9;12;7;3;0;2;0;1;1;0;0;0;0;1
142589;11;8;8100520;2020;9;8;4;3;0;2;0;1;1;0;0;0;0;0
142590;11;3;3701554;2020;8;16;2;3;1;5;0;1;1;0;0;0;0;0
142591;11;12;12400722;2020;8;20;5;3;0;3;1;0;1;0;1;0;0;0
142592;11;1;1100206;2020;9;9;6;3;0;1;0;0;0;0;1;0;0;1
142593;11;6;6300632;2020;8;19;5;3;5;3;0;1;1;0;0;0;0;0
142594;11;1;1200522;2020;9;18;3;3;3;7;0;1;0;0;0;0;0;0
142595;11;6;6400838;2020;9;11;2;2;3;6;0;1;0;0;0;0;0;0
142596;11;3;3400829;2020;9;16;5;3;0;3;0;0;1;0;1;0;0;0
142597;11;7;7100101;2020;8;19;5;2;5;2;0;1;1;0;0;0;0;0
142598;11;11;11400927;2020;9;19;4;3;2;6;2;0;1;0;0;0;1;1
142599;11;7;7400927;2020;8;15;2;3;5;2;0;1;0;0;0;0;1;0
142600;11;5;5300736;2020;9;21;3;2;5;2;2;0;1;0;0;0;0;0
142601;11;2;2500831;2020;8;15;5;3;0;1;0;1;0;0;0;0;0;0
142602;11;1;1100311;2020;9;14;7;3;6;7;0;0;1;1;0;0;0;0
142603;11;1;1100206;2020;8;11;5;3;0;2;0;1;0;0;0;0;0;0
142604;11;1;2100101;2020;9;20;3;3;5;3;1;1;1;0;0;0;0;0
142605;11;6;6400842;2020;8;17;5;3;2;7;0;0;1;0;1;0;0;0
142606;11;9;9100101;2020;9;3;7;2;1;5;2;0;1;0;1;0;0;0
142607;11;9;9200819;2020;9;7;4;3;6;4;0;0;1;1;0;0;0;1
142608;11;11;11401137;2020;8;17;5;3;1;5;0;0;1;0;1;0;0;0
142609;11;4;4300416;2020;9;6;6;3;5;3;1;1;0;0;1;0;0;1
142610;11;11;11100204;2020;8;16;5;3;0;2;0;1;1;0;0;0;0;0
142611;11;3;3601346;2020;9;0;2;2;1;5;2;1;1;0;0;0;0;0
142612;11;8;8200726;2020;9;15;5;3;5;2;0;1;1;0;0;0;0;0
142613;11;3;3200207;2020;8;16;5;2;5;3;0;0;1;0;0;0;0;0
142614;11;7;7400927;2020;9;19;1;3;5;7;1;0;1;0;1;0;0;0
142615;11;8;8200623;2020;9;17;4;3;2;6;0;0;1;0;0;0;0;1
142616;11;1;1100310;2020;8;14;2;3;5;2;0;1;0;0;0;1;0;0
142617;11;1;1100313;2020;9;19;3;3;5;2;1;1;0;0;0;0;0;0
142618;11;10;10200418;2020;8;16;5;2;6;6;0;1;0;1;0;0;0;0
142619;11;4;4300622;2020;8;16;5;3;5;7;0;1;0;0;1;0;0;0
142620;11;1;1100207;2020;9;16;6;3;5;2;0;1;1;0;0;0;0;0
142621;11;7;7400720;2020;8;16;5;3;5;2;0;1;0;0;1;0;0;0
142622;11;11;11300722;2020;9;16;2;3;8;1;0;0;1;0;0;0;0;0
142623;11;12;12400722;2020;9;7;5;3;5;3;0;1;1;0;0;0;0;0
142624;11;1;1300834;2020;8;16;5;3;0;2;0;1;1;0;0;0;0;0
142625;11;5;5200423;2020;9;16;1;3;5;2;0;0;1;0;0;0;0;0
142626;11;11;11300620;2020;9;15;5;3;2;6;0;0;1;0;0;0;0;0
142627;11;12;12200307;2020;8;14;2;3;6;4;0;0;0;1;0;0;1;0
142628;11;8;8401243;2020;8;7;5;3;0;3;0;0;1;0;1;0;0;1
142629;11;9;9100304;2020;9;10;6;3;5;2;0;1;1;0;0;0;0;0
142630;11;2;2200209;2020;8;7;5;3;5;2;0;1;1;0;0;0;0;0
142631;11;12;12200307;2020;8;12;2;3;5;2;0;0;1;0;1;0;0;0
142632;11;1;1200627;2020;9;12;2;3;5;2;0;1;1;0;0;0;0;0
142633;11;2;2200209;2020;9;6;5;3;0;5;0;0;1;0;1;0;0;1
142634;11;2;2200208;2020;8;12;2;3;5;7;0;1;1;0;0;0;0;0
142635;11;7;7400928;2020;8;0;5;3;2;2;2;1;1;0;0;0;0;1
142636;11;12;12500927;2020;9;1;7;3;3;6;2;1;1;0;0;0;0;0
142637;11;11;11200410;2020;9;15;4;3;4;6;0;1;0;0;0;0;0;0
142638;11;4;4100101;2020;8;11;2;2;5;2;0;0;1;0;1;0;0;0
142639;11;5;5100317;2020;8;15;5;3;2;6;0;0;1;0;0;0;1;0
142640;11;1;1100101;2020;8;7;5;3;6;7;0;0;0;1;0;0;1;0
142641;11;10;10200627;2020;9;14;6;2;6;4;0;0;1;1;0;0;0;0
142642;11;3;3400619;2020;8;14;5;3;1;5;0;1;1;0;0;0;0;0
142643;11;7;7601442;2020;8;0;5;3;5;3;2;0;1;0;0;0;0;1
142644;11;4;4501042;2020;9;16;2;3;5;3;0;1;1;0;0;0;0;0
142645;11;1;1200629;2020;9;20;5;3;5;2;2;1;1;0;0;0;0;0
142646;11;5;5100105;2020;8;14;5;3;2;6;0;0;1;0;0;0;0;1
142647;11;4;4200311;2020;9;15;1;3;0;1;0;0;1;0;1;0;0;0
142648;11;3;3200205;2020;9;13;5;3;5;2;0;1;1;0;0;0;0;0
142649;11;1;1100206;2020;8;11;2;3;5;3;0;0;1;0;0;0;0;0
142650;11;5;5300839;2020;8;14;5;3;5;3;0;1;1;0;0;0;0;0
142651;11;1;1100206;2020;9;18;7;3;2;7;0;0;0;0;1;0;1;1
142652;11;10;10400836;2020;9;9;4;2;5;2;0;1;1;0;0;0;0;0
142653;11;8;8200831;2020;8;10;2;3;5;3;0;1;1;0;0;0;0;0
142654;11;1;1200626;2020;8;13;5;3;5;2;0;0;1;0;0;0;0;0
142655;11;11;11400931;2020;9;10;6;3;6;7;0;0;1;1;0;0;0;1
142656;11;1;1100415;2020;9;22;7;3;5;2;2;1;0;0;1;0;0;0
142657;11;6;6400844;2020;9;14;4;3;5;3;0;0;1;0;0;0;0;1
142658;11;8;8401243;2020;8;10;2;3;5;5;0;1;1;0;0;0;0;0
142659;11;5;5100101;2020;8;13;5;3;0;1;0;1;0;0;0;0;0;0
142660;11;6;6300525;2020;8;13;5;3;8;1;0;0;1;0;0;0;0;0
142661;11;12;12400723;2020;9;12;6;3;0;3;0;1;0;0;1;0;0;1
142662;11;7;7400826;2020;8;12;5;3;5;2;0;0;1;0;0;0;1;0
142663;11;8;8100417;2020;8;12;5;3;6;4;0;0;1;1;0;0;0;0
142664;11;6;6300527;2020;9;15;2;3;5;3;0;0;1;0;0;0;0;0
142665;11;8;8100102;2020;9;18;5;2;2;6;0;0;1;0;0;0;0;0
142666;11;6;6100103;2020;8;11;5;3;6;2;0;0;0;1;0;1;0;0
142667;11;4;4501045;2020;9;13;1;2;3;6;0;0;1;0;0;0;1;0
142668;11;7;7300517;2020;9;9;5;3;5;3;0;1;1;0;0;0;0;0
142669;11;1;1100313;2020;8;10;2;3;1;5;0;1;1;0;0;0;0;0
142670;11;12;12601236;2020;8;10;5;3;4;6;0;0;1;0;0;0;0;0
142671;11;4;4300416;2020;9;12;7;3;2;6;0;1;1;0;0;0;0;1
142672;11;9;9300920;2020;9;8;4;3;0;1;0;1;0;0;0;0;0;1
142673;11;1;1300836;2020;8;10;2;2;5;3;0;0;1;0;1;0;0;0
142674;11;4;4400727;2020;8;9;5;3;2;6;0;0;1;0;0;0;0;0
142675;11;2;2300417;2020;9;8;6;3;3;6;0;0;1;0;1;0;0;1
142676;11;4;4200308;2020;8;8;5;3;5;2;0;1;1;0;0;0;0;0
142677;11;8;8100209;2020;9;11;2;3;5;3;0;0;1;0;0;0;0;0
142678;11;7;7501029;2020;9;16;5;3;2;2;0;0;1;0;0;0;0;0
142679;11;8;8200832;2020;8;7;5;3;5;2;0;1;0;0;0;1;0;0
142680;11;2;2200210;2020;8;7;5;2;5;3;0;0;1;0;0;0;0;0
142681;11;12;12400722;2020;9;13;2;3;5;3;0;1;1;0;0;0;0;0
142682;11;4;4400833;2020;9;17;5;3;6;4;0;1;0;1;0;0;0;0
142683;11;1;1100309;2020;8;5;5;3;5;2;2;1;1;0;0;0;0;0