OBJECTID;LAND;BEZ;LOR_ab_2021;UJAHR;UMONAT;USTUNDE;UWOCHENTAG;UKATEGORIE;UART;UTYP1;ULICHTVERH;IstRad;IstPKW;IstFuss;IstKrad;IstGkfz;IstSonstige;USTRZUSTAND
142684;11;1;1100206;2020;9;11;1;2;5;2;0;1;1;0;0;0;0;0
142685;11;5;5300737;2020;9;16;4;3;6;4;0;0;1;1;0;0;0;1
142686;11;11;11300620;2020;8;10;2;3;6;4;0;0;1;1;0;0;0;0
142687;11;1;1100206;2020;9;12;3;3;5;3;0;1;1;0;0;0;0;0
142688;11;4;4500937;2020;8;18;4;3;3;6;0;1;1;0;0;0;0;0
142689;11;1;1200628;2020;9;0;7;3;0;2;2;0;1;0;1;0;0;0
142690;11;3;3200207;2020;9;11;4;2;5;3;0;0;1;0;0;1;0;1
142691;11;8;8401243;2020;9;18;3;3;3;6;0;1;0;0;0;0;1;0
142692;11;1;1100415;2020;8;9;4;3;5;2;0;1;1;0;0;0;0;0
142693;11;5;5300736;2020;9;13;6;3;2;6;0;0;1;0;0;0;0;0
142694;11;2;2500727;2020;8;11;4;3;5;2;0;1;1;0;0;0;0;0
142695;11;7;7300619;2020;9;18;3;3;2;6;0;0;1;0;0;0;0;0
142696;11;3;3200310;2020;9;13;2;3;5;2;0;1;1;0;0;0;0;0
142697;11;6;6200313;2020;9;8;5;3;5;2;0;1;0;0;0;0;1;1
142698;11;1;1300733;2020;8;16;4;3;5;2;0;1;1;0;0;0;0;1
142699;11;3;3500936;2020;9;18;1;3;1;5;0;1;1;0;0;0;0;0
142700;11;4;4300624;2020;9;17;4;3;5;3;0;0;1;0;0;0;0;1
142701;11;5;5100101;2020;8;16;2;3;1;5;0;0;1;0;1;0;0;1
142702;11;9;9100407;2020;8;23;4;2;8;1;2;0;0;0;1;0;0;1
142703;11;8;8300935;2020;8;21;4;3;2;6;2;1;1;0;0;0;0;1
142704;11;1;1100103;2020;9;13;6;3;5;2;0;0;1;0;0;0;0;0
142705;11;9;9100202;2020;9;11;4;3;5;2;0;1;1;0;0;0;0;1
142706;11;2;2300314;2020;9;14;5;2;1;5;0;1;0;0;0;0;1;0
142707;11;6;6100102;2020;9;17;4;3;2;6;0;0;1;0;0;0;0;0
142708;11;9;9200715;2020;9;22;5;3;5;2;2;0;1;0;0;0;0;0
142709;11;6;6200313;2020;9;17;1;3;5;2;0;1;1;0;0;0;0;0
142710;11;2;2500727;2020;9;9;3;3;2;7;0;0;1;0;0;0;1;0
142711;11;1;3701554;2020;9;14;7;3;3;6;0;1;1;0;0;0;0;0
142712;11;3;3300413;2020;9;15;4;3;3;6;0;1;1;0;0;0;0;0
142713;11;7;7200308;2020;9;14;6;3;5;2;0;1;1;0;0;0;0;0
142714;11;9;9501939;2020;9;16;4;3;4;6;0;1;0;0;0;0;0;0
142715;11;1;1100312;2020;9;8;2;2;5;2;0;1;0;0;0;1;0;0
142716;11;11;11100205;2020;9;16;4;3;5;3;0;1;0;0;1;0;0;0
142717;11;7;7200409;2020;9;12;1;3;0;7;0;0;1;0;0;0;1;0
142718;11;4;4500937;2020;9;18;3;3;2;6;0;1;1;0;0;0;0;0
142719;11;4;4501041;2020;9;21;6;3;0;1;2;0;0;0;1;0;0;0
142720;11;6;6300525;2020;9;17;2;3;2;6;0;0;1;0;0;0;0;0
142721;11;8;8200832;2020;9;12;3;3;1;5;0;1;1;0;0;0;0;0
142722;11;12;12200309;2020;9;9;6;3;5;2;0;1;1;0;0;0;0;0
142723;11;7;7400720;2020;9;20;2;2;4;6;1;0;1;0;0;0;0;0
142724;11;3;3701556;2020;9;7;6;3;6;7;0;1;0;1;0;0;0;0
142725;11;12;12400619;2020;9;15;4;3;4;6;0;0;1;0;0;0;0;0
142726;11;12;12200515;2020;9;10;2;3;6;3;0;0;1;1;0;0;0;0
142727;11;9;9200819;2020;9;14;4;3;3;6;0;1;0;0;0;0;0;0
142728;11;9;9200819;2020;9;7;1;3;1;5;0;0;1;0;0;0;0;0
142729;11;8;8100208;2020;9;16;3;3;0;7;0;0;1;0;1;0;0;0
142730;11;5;5300737;2020;9;18;6;2;6;4;0;0;1;1;0;0;0;0
142731;11;2;2400623;2020;9;18;2;3;1;5;0;1;1;0;0;0;0;0
142732;11;11;11401136;2020;9;12;5;3;1;5;0;1;1;0;0;0;0;0
142733;11;7;7300619;2020;9;21;4;2;5;3;2;1;1;0;0;0;0;0
142734;11;2;2300315;2020;9;20;5;3;5;3;1;0;1;0;1;0;0;0
142735;11;6;6400838;2020;9;12;1;3;5;3;0;0;1;0;0;0;0;0
142736;11;8;8401139;2020;9;13;4;3;4;2;0;0;1;0;1;0;0;0
142737;11;2;2200211;2020;9;2;6;3;1;5;2;0;1;0;0;0;1;0
142738;11;4;4501042;2020;9;13;4;3;0;2;0;1;1;0;0;0;0;0
142739;11;11;11200513;2020;9;13;2;3;0;2;0;1;1;0;0;0;0;0
142740;11;2;2200210;2020;9;13;4;3;5;3;0;0;1;0;1;0;1;0
142741;11;6;6400735;2020;9;14;7;2;5;3;0;1;1;0;0;0;0;0
142742;11;7;7400822;2020;9;15;3;2;6;4;0;0;1;1;0;0;0;0
142743;11;7;7100205;2020;9;13;6;2;2;2;0;0;1;0;1;0;0;0
142744;11;1;1100207;2020;9;15;2;3;0;3;0;1;0;0;1;0;0;0
142745;11;1;1100309;2020;9;15;5;3;1;5;0;0;1;0;0;0;1;0
142746;11;9;9100304;2020;9;20;4;3;5;2;2;0;1;0;0;0;1;0
142747;11;1;1300732;2020;9;20;5;3;6;4;1;0;1;1;0;0;0;0
142748;11;2;2200210;2020;9;20;1;3;5;3;2;0;1;0;0;0;0;0
142749;11;6;6200422;2020;9;9;3;3;5;3;0;0;1;0;0;0;0;0
142750;11;9;9200512;2020;9;15;7;3;3;6;0;0;1;0;1;0;0;0
142751;11;3;3701660;2020;9;11;4;3;0;7;0;1;0;0;0;0;0;0
142752;11;3;3701554;2020;9;7;6;3;5;2;0;1;1;0;0;0;0;0
142753;11;6;6300526;2020;9;18;7;2;5;3;0;1;1;0;0;0;0;0
142754;11;3;3601141;2020;9;11;2;3;5;3;0;0;1;0;0;0;1;0
142755;11;9;9100407;2020;9;14;6;3;0;3;0;0;1;0;0;0;1;0
142756;11;11;11300826;2020;9;12;2;3;5;2;0;0;1;0;1;0;0;0
142757;11;1;1100102;2020;9;13;5;3;6;4;0;0;1;1;0;0;0;0
142758;11;1;1100102;2020;9;11;4;3;2;2;0;1;0;0;0;0;1;0
142759;11;7;7400927;2020;9;19;5;3;5;7;1;0;1;0;0;0;0;0
142760;11;12;12601032;2020;9;16;1;3;2;6;0;0;1;0;0;0;0;0
142761;11;8;8300934;2020;9;11;3;3;2;6;0;0;1;0;0;0;0;0
142762;11;5;5300735;2020;9;13;7;3;5;3;0;1;1;0;0;0;0;0
142763;11;10;10100313;2020;9;10;4;3;5;2;0;0;1;0;0;0;1;0
142764;11;3;3200205;2020;9;5;6;3;5;3;2;1;1;0;0;0;0;0
142765;11;9;9100203;2020;9;9;4;3;5;2;0;0;1;0;0;0;0;0
142766;11;8;8401244;2020;9;7;2;3;5;3;0;1;0;0;0;0;1;0
142767;11;5;5200629;2020;9;9;4;3;6;4;0;0;0;1;0;0;1;0
142768;11;7;7400720;2020;9;9;4;3;5;7;0;0;1;0;0;0;1;0
142769;11;7;7300619;2020;9;9;2;3;0;1;0;1;0;0;0;0;0;0
142770;11;2;2200213;2020;9;11;5;2;1;5;0;1;1;0;0;0;0;0
142771;11;5;5200423;2020;9;8;4;3;2;2;0;0;1;0;0;0;0;0
142772;11;2;2300418;2020;9;13;1;3;5;3;0;1;1;0;0;0;0;0
142773;11;11;11300616;2020;9;17;3;2;0;1;0;1;0;0;0;0;0;0
142774;11;9;9200819;2020;9;16;6;3;5;2;0;1;1;0;0;0;0;0
142775;11;3;3300514;2020;9;18;2;2;5;2;0;0;1;0;1;0;0;0
142776;11;1;1401049;2020;9;14;6;3;0;2;0;1;1;0;0;0;0;0
142777;11;9;9100408;2020;9;8;4;3;5;3;0;0;1;0;0;0;1;0
142778;11;6;6200312;2020;9;12;2;3;5;2;0;0;1;0;0;0;0;0
142779;11;4;4300622;2020;9;8;4;2;2;6;0;0;1;0;0;0;1;0
142780;11;8;8100313;2020;9;15;1;3;1;5;0;1;1;0;0;0;0;0
142781;11;1;1200518;2020;9;15;3;2;5;2;0;0;1;0;1;0;0;0
142782;11;5;5100101;2020;9;17;6;3;0;1;1;1;0;0;0;0;0;0
142783;11;1;1100101;2020;9;11;1;3;0;1;0;1;0;0;0;0;0;0
142784;11;1;1300835;2020;9;18;3;3;5;3;0;1;1;0;0;0;0;0
142785;11;4;4501146;2020;9;18;6;3;0;2;0;0;1;0;1;0;0;0
142786;11;9;9200510;2020;9;16;2;3;1;5;0;1;1;0;0;0;0;0
142787;11;8;8200624;2020;9;16;5;2;0;7;0;1;0;0;0;0;0;1
142788;11;2;2100101;2020;9;8;4;3;0;1;0;1;0;0;0;0;0;0
142789;11;5;5200630;2020;9;13;2;3;1;5;0;0;1;0;0;0;1;0
142790;11;11;11501340;2020;9;6;4;3;5;2;0;1;1;0;0;0;0;0
142791;11;1;1100309;2020;9;20;7;3;2;2;1;1;1;0;0;0;0;0
142792;11;10;10100312;2020;9;15;2;3;0;2;0;1;0;0;0;0;1;0
142793;11;1;1100308;2020;9;12;6;3;5;7;0;1;1;0;0;0;0;0
142794;11;3;3500934;2020;9;14;2;3;5;3;0;1;1;0;0;0;0;0
142795;11;3;3200310;2020;9;14;5;3;5;2;0;1;1;0;0;0;0;0
142796;11;11;11300617;2020;9;5;4;2;6;4;1;0;0;1;1;0;0;0
142797;11;7;7300516;2020;9;18;5;3;1;5;0;1;1;0;0;0;0;0
142798;11;1;1100309;2020;9;20;1;3;5;7;2;0;1;0;0;0;1;0
142799;11;1;1100207;2020;9;16;2;3;2;6;0;0;1;0;0;0;0;0
142800;11;9;9200715;2020;9;6;5;2;5;2;0;0;1;0;1;0;0;0
142801;11;5;5300736;2020;9;14;3;2;1;7;0;0;1;0;0;0;1;0
142802;11;1;1200518;2020;9;18;5;3;2;6;0;0;1;0;0;0;1;0
142803;11;2;2200209;2020;9;19;1;3;5;3;0;1;0;0;0;0;1;0
142804;11;4;4501041;2020;9;18;7;3;5;2;0;1;1;0;0;0;0;0
142805;11;4;4501042;2020;9;10;5;3;1;5;0;1;1;0;0;0;0;0
142806;11;2;2300316;2020;9;21;2;3;1;5;2;1;1;0;0;0;0;0
142807;11;2;2400521;2020;9;11;6;3;5;2;0;1;1;0;0;0;0;0
142808;11;5;5400943;2020;9;8;2;3;5;3;0;1;1;0;0;0;0;0
142809;11;5;5100316;2020;9;12;5;3;0;1;0;0;0;0;1;0;0;0
142810;11;11;11300721;2020;9;12;3;3;5;2;0;1;1;0;0;0;0;0
142811;11;5;5100316;2020;9;18;5;3;3;6;1;0;1;0;1;0;0;0
142812;11;1;1100309;2020;9;15;1;2;0;6;0;1;1;0;0;0;0;0
142813;11;3;3701556;2020;9;9;5;3;5;3;0;0;1;0;1;0;0;0
142814;11;1;1100310;2020;9;12;3;2;5;3;0;0;1;0;0;0;1;0
142815;11;10;10100316;2020;9;8;7;2;6;4;0;0;0;1;0;0;1;0
142816;11;6;6300524;2020;9;10;5;3;6;3;0;0;1;1;0;0;0;0
142817;11;8;8100417;2020;9;9;3;3;2;2;0;0;1;0;1;0;0;0
142818;11;8;8401241;2020;9;14;7;3;2;2;0;0;1;0;0;0;0;0
142819;11;12;12400720;2020;9;12;3;3;1;5;0;1;0;0;0;0;1;0
142820;11;5;5300737;2020;9;10;6;3;0;6;0;0;1;0;0;0;1;0
142821;11;1;1100205;2020;9;12;3;3;2;6;0;1;0;0;0;0;0;0
142822;11;3;3300517;2020;9;9;2;3;5;3;0;1;1;0;0;0;0;0
142823;11;1;1200522;2020;9;10;5;3;5;2;0;0;1;0;0;0;0;0
142824;11;7;7400822;2020;9;11;3;2;2;6;0;0;0;0;1;0;1;0
142825;11;4;4200310;2020;9;13;1;3;6;4;0;0;1;1;0;0;0;0
142826;11;7;7601544;2020;9;9;5;3;5;2;0;0;1;0;0;0;0;0
142827;11;2;2100104;2020;9;19;3;3;1;5;0;1;1;0;0;0;0;0
142828;11;9;9501737;2020;9;21;6;2;7;7;2;0;0;0;1;0;0;0
142829;11;3;3701555;2020;9;17;2;2;5;2;0;1;1;0;0;0;0;0
142830;11;4;4300517;2020;9;23;6;3;5;3;2;1;1;0;0;0;0;0
142831;11;3;3400620;2020;9;11;3;3;3;2;0;1;1;0;0;0;0;0
142832;11;5;5200420;2020;9;14;2;3;5;3;0;1;1;0;0;0;0;0
142833;11;2;2100101;2020;9;20;2;2;1;5;2;1;1;0;0;0;0;0
142834;11;1;1100309;2020;9;9;6;3;0;1;0;1;0;0;0;0;0;0
142835;11;7;7200409;2020;9;10;3;3;2;7;0;1;1;0;0;0;0;0
142836;11;4;4300517;2020;9;7;2;3;2;2;0;0;1;0;0;0;0;0
142837;11;12;12500926;2020;9;10;3;3;5;2;0;0;1;0;0;0;0;0
142838;11;5;5200629;2020;9;9;1;3;5;3;0;1;0;0;0;0;0;0
142839;11;2;2400521;2020;9;9;5;3;5;2;0;1;1;0;0;0;0;0
142840;11;7;7601544;2020;9;17;3;2;5;2;0;0;1;0;0;0;0;0
142841;11;5;5400942;2020;9;18;6;3;0;2;0;1;1;0;0;0;0;0
142842;11;5;5200633;2020;9;16;2;3;2;6;0;0;1;0;1;0;0;0
142843;11;11;11300724;2020;9;8;5;3;5;3;0;1;1;0;0;0;0;0
142844;11;5;5200420;2020;9;9;3;3;5;3;0;0;1;0;0;0;0;0
142845;11;2;2400521;2020;9;17;5;3;5;2;0;1;1;0;0;0;0;0
142846;11;4;4200310;2020;9;12;2;3;0;6;0;0;0;0;1;0;0;0
142847;11;1;1401046;2020;9;9;3;3;0;6;0;0;1;0;1;0;0;0
142848;11;4;4501042;2020;9;19;7;2;5;3;1;0;1;0;0;0;1;0
142849;11;3;3200207;2020;9;10;2;3;5;3;0;0;1;0;0;0;0;0
142850;11;3;3701554;2020;9;9;3;3;5;2;0;1;1;0;0;0;0;0
142851;11;9;9200715;2020;9;15;7;2;4;6;0;1;0;0;0;0;0;0
142852;11;9;9401432;2020;9;15;3;3;2;2;0;0;1;0;0;0;0;0
142853;11;7;7100102;2020;9;17;6;3;5;2;0;0;1;0;0;0;0;0
142854;11;12;12200515;2020;9;15;2;3;2;6;0;0;1;0;0;0;0;0
142855;11;9;9401534;2020;9;15;5;3;5;3;0;1;1;0;0;0;0;0
142856;11;6;6400840;2020;9;8;3;3;5;2;0;0;1;0;0;0;0;0
142857;11;4;4300517;2020;9;17;5;3;5;2;0;0;1;0;0;0;0;0
142858;11;6;6100103;2020;9;22;1;2;2;6;2;0;1;0;0;0;1;0
142859;11;1;1200628;2020;9;9;5;3;6;4;0;1;0;1;0;0;0;0
142860;11;1;1100206;2020;9;9;3;3;2;6;0;1;1;0;0;0;0;0
142861;11;1;1100311;2020;9;15;7;3;2;1;0;1;0;0;0;0;0;0
142862;11;4;4501042;2020;9;8;5;3;5;7;0;1;1;0;0;0;0;0
142863;11;1;1100312;2020;9;10;6;2;3;6;0;1;1;0;0;0;0;0
142864;11;1;1400937;2020;9;10;2;3;2;2;0;0;1;0;0;0;1;0
142865;11;10;10300731;2020;9;12;5;3;3;6;0;0;1;0;0;0;1;0
142866;11;10;10200423;2020;9;15;6;3;2;2;0;0;1;0;0;0;0;0
142867;11;10;10100206;2020;9;14;2;3;6;4;0;0;1;1;0;0;0;0
142868;11;2;2500726;2020;9;13;5;3;6;2;0;0;1;1;0;0;0;0
142869;11;5;5200528;2020;9;8;3;3;5;3;0;0;1;0;0;0;0;0
142870;11;5;5100211;2020;9;17;5;3;2;6;0;1;1;0;0;0;0;0
142871;11;6;6300526;2020;9;17;1;3;5;3;0;0;1;0;1;0;0;0
142872;11;1;1200629;2020;9;10;3;3;5;2;0;0;1;0;0;0;0;0
142873;11;4;4300518;2020;9;14;7;3;5;2;0;1;1;0;0;0;0;0
142874;11;1;1400938;2020;9;8;3;3;6;6;0;1;0;1;0;0;0;0
142875;11;8;8100102;2020;9;10;6;3;3;6;0;1;1;0;0;0;0;0
142876;11;5;5100316;2020;9;6;3;3;0;2;0;0;1;0;0;0;1;0
142877;11;9;9200715;2020;9;8;2;3;5;2;0;1;1;0;0;0;0;0
142878;11;2;2500729;2020;9;2;3;2;0;1;2;0;0;0;0;0;1;0
142879;11;4;4400833;2020;9;12;1;3;6;7;0;0;1;1;0;0;0;0
142880;11;2;2500835;2020;9;8;5;3;8;1;0;0;0;0;1;0;0;0
142881;11;9;9501737;2020;9;18;3;3;5;2;0;1;1;0;0;0;0;0
142882;11;7;7100205;2020;9;20;3;2;3;6;1;0;1;0;1;0;0;0
142883;11;12;12200309;2020;9;13;1;3;3;6;0;0;1;0;0;0;1;0
142884;11;12;12100205;2020;9;12;3;3;0;1;0;0;0;0;1;0;0;0
142885;11;9;9200819;2020;9;16;6;3;5;2;0;1;1;0;0;0;0;0
142886;11;2;2400623;2020;9;18;2;3;5;3;0;0;1;0;0;0;1;0
142887;11;11;11300722;2020;9;3;6;3;0;1;2;1;0;0;0;0;0;0
142888;11;4;4300619;2020;9;20;3;3;6;4;1;1;0;1;0;0;0;0
142889;11;1;1200522;2020;9;10;2;3;5;3;0;1;1;0;0;0;0;0
142890;11;2;2400623;2020;9;18;3;3;0;1;0;0;0;0;1;0;0;0
142891;11;1;1200521;2020;9;0;1;3;0;5;2;0;1;0;0;0;1;0
142892;11;1;1401045;2020;9;16;3;3;5;3;0;0;1;0;0;0;0;0
142893;11;4;4500937;2020;9;17;6;3;2;7;0;0;1;0;0;0;0;0
142894;11;2;2100102;2020;9;16;2;3;2;6;0;0;1;0;0;0;0;0
142895;11;10;10100311;2020;9;16;5;2;5;2;0;1;1;0;0;0;0;0
142896;11;6;6100206;2020;9;18;3;3;5;3;0;1;0;0;0;0;0;0
142897;11;1;1100206;2020;9;21;6;3;0;2;2;1;0;0;1;0;0;0
142898;11;1;1100313;2020;9;16;2;3;5;3;0;1;1;0;0;0;0;0
142899;11;2;2100105;2020;9;1;6;3;5;2;2;0;1;0;1;0;0;0
142900;11;12;12200309;2020;9;0;3;3;5;2;2;0;0;0;0;0;1;0
142901;11;5;5100208;2020;9;13;2;3;5;3;0;0;1;0;0;0;0;0
142902;11;1;1100313;2020;9;17;3;3;3;6;0;1;0;0;0;0;0;0
142903;11;9;9301126;2020;9;23;7;2;5;2;2;1;1;0;0;0;0;0
142904;11;4;4200311;2020;9;8;5;2;2;6;0;0;1;0;1;0;0;0
142905;11;1;1100102;2020;9;23;2;3;2;6;2;0;1;0;0;1;0;0
142906;11;9;9401534;2020;9;13;6;3;2;7;0;1;0;0;0;0;1;0
142907;11;1;1100206;2020;9;15;2;3;2;2;0;1;1;0;0;0;0;0
142908;11;5;5200634;2020;9;15;5;3;0;2;0;1;1;0;0;0;0;0
142909;11;3;3300413;2020;9;17;3;3;2;6;0;0;1;0;0;0;0;0
142910;11;12;12200411;2020;9;16;5;2;5;2;0;0;1;0;0;0;0;0
142911;11;9;9100304;2020;9;20;1;3;2;6;2;0;1;0;0;1;0;0
142912;11;11;11200514;2020;9;9;3;3;6;2;0;0;1;1;0;0;0;0
142913;11;4;4500938;2020;9;15;7;2;5;7;0;0;1;0;1;0;0;0
142914;11;11;11100203;2020;9;16;5;3;5;2;0;1;1;0;0;0;0;0
142915;11;1;1400940;2020;9;13;1;3;5;2;0;0;1;0;1;0;0;0
142916;11;2;2300315;2020;9;18;7;3;5;3;0;0;1;0;0;0;1;0
142917;11;1;1100102;2020;9;22;2;3;3;6;2;0;1;0;1;0;0;0
142918;11;1;1300836;2020;9;11;6;3;5;7;0;1;1;0;0;0;0;0
142919;11;4;4400727;2020;9;7;2;3;1;7;0;1;1;0;0;0;0;0
142920;11;4;4200311;2020;9;10;5;3;5;2;0;1;1;0;0;0;0;0
142921;11;11;11100307;2020;9;16;3;3;2;6;0;0;1;0;0;0;0;0
142922;11;1;1200519;2020;9;18;4;3;2;7;0;1;1;0;0;0;0;0
142923;11;4;4501042;2020;9;15;1;3;5;2;0;1;1;0;0;0;0;0
142924;11;4;4200308;2020;9;12;3;3;2;6;0;0;1;0;1;0;0;0
142925;11;9;9100408;2020;9;10;7;3;5;2;0;1;1;0;0;0;0;0
142926;11;1;1100206;2020;9;14;6;3;5;3;0;1;1;0;0;0;0;0
142927;11;9;9200715;2020;9;16;3;3;5;2;0;1;1;0;0;0;0;0
142928;11;12;12601133;2020;9;15;3;3;7;7;0;0;0;0;1;0;0;0
142929;11;6;6200317;2020;9;11;6;3;5;3;0;0;1;0;0;0;0;0
142930;11;10;10100101;2020;9;15;3;3;2;6;0;0;1;0;0;0;0;0
142931;11;3;3400619;2020;9;9;2;3;1;5;0;0;1;0;1;0;0;0
142932;11;6;6100102;2020;9;11;5;3;5;2;0;1;1;0;0;0;0;0
142933;11;1;1401046;2020;9;2;3;3;1;5;2;0;1;0;0;0;1;0
142934;11;6;6400838;2020;9;13;1;3;6;4;0;1;0;1;0;0;0;0
142935;11;4;4501148;2020;9;13;3;2;5;2;0;0;1;0;1;0;0;0
142936;11;9;9301126;2020;9;10;6;3;5;3;0;1;1;0;0;0;0;0
142937;11;4;4501153;2020;9;17;2;3;5;3;0;1;1;0;0;0;0;0
142938;11;10;10400940;2020;9;14;6;3;5;3;0;0;1;0;1;0;0;0
142939;11;1;1100205;2020;9;18;2;3;4;6;0;1;0;0;0;0;1;0
142940;11;2;2100106;2020;9;14;2;3;5;7;0;0;1;0;0;0;1;0
142941;11;5;5200632;2020;9;17;2;3;5;2;0;0;1;0;0;0;1;0
142942;11;5;5200633;2020;9;12;7;3;2;6;0;0;1;0;0;0;1;0
142943;11;12;12400619;2020;9;7;2;3;0;7;0;0;1;0;0;0;0;0
142944;11;2;2300316;2020;9;16;2;3;1;5;0;1;1;0;0;0;0;0
142945;11;4;4200308;2020;9;11;1;2;0;7;0;1;0;0;0;0;0;0
142946;11;8;8200623;2020;9;17;3;3;2;6;0;0;0;0;1;0;1;0
142947;11;8;8100312;2020;9;18;6;3;2;6;0;0;1;0;1;0;0;0
142948;11;2;2400521;2020;9;17;2;3;5;2;0;1;1;0;0;0;0;0
142949;11;5;5200632;2020;9;15;5;3;0;1;0;1;0;0;0;0;0;0
142950;11;11;11200512;2020;9;17;2;3;5;3;0;1;1;0;0;0;0;0
142951;11;3;3400619;2020;9;13;2;2;6;4;0;0;1;1;0;0;0;0
142952;11;4;4501153;2020;9;17;2;3;5;2;0;1;1;0;0;0;0;0
142953;11;4;4300413;2020;9;20;7;3;6;6;1;0;1;1;0;0;0;0
142954;11;7;7200411;2020;9;18;2;3;2;6;1;0;1;0;0;0;0;0
142955;11;2;2200212;2020;9;12;6;3;5;2;0;1;1;0;0;0;0;0
142956;11;12;12500824;2020;9;14;2;3;0;1;0;1;1;0;0;0;0;0
142957;11;8;8100520;2020;9;15;3;3;6;7;0;0;0;1;0;0;1;0
142958;11;7;7200412;2020;9;13;6;3;5;2;0;0;1;0;1;0;0;0
142959;11;12;12500926;2020;9;15;2;2;0;4;0;0;0;1;0;0;1;0
142960;11;3;3601453;2020;9;15;5;2;6;4;0;1;0;1;0;0;0;0
142961;11;7;7300619;2020;9;17;2;2;0;6;0;0;1;0;1;0;0;0
142962;11;1;1100205;2020;9;18;4;3;5;2;0;1;0;0;0;0;1;0
142963;11;2;2300314;2020;9;13;1;3;3;6;0;1;0;0;0;0;0;0
142964;11;2;2500830;2020;9;6;5;3;0;1;1;0;0;0;1;0;0;1
142965;11;7;7501031;2020;9;15;7;3;2;6;0;0;1;0;0;0;0;0
142966;11;3;3601348;2020;9;0;5;3;1;5;2;1;1;0;0;0;0;1
142967;11;7;7200412;2020;9;14;6;3;6;7;0;1;0;1;0;0;0;0
142968;11;1;1400938;2020;9;10;2;3;2;7;0;0;1;0;0;0;0;0
142969;11;3;3601142;2020;9;12;5;3;1;5;0;1;1;0;0;0;0;0
142970;11;7;7400721;2020;9;17;2;3;5;3;0;0;1;0;0;0;1;0
142971;11;11;11100102;2020;9;14;1;3;8;1;0;1;0;0;0;0;0;0
142972;11;1;1100102;2020;9;18;1;3;5;2;0;0;1;0;1;0;0;0
142973;11;2;2500833;2020;9;19;4;3;0;1;1;1;1;0;0;0;0;0
142974;11;9;9100203;2020;9;9;1;3;5;2;0;0;1;0;0;0;0;0
142975;11;1;1300834;2020;9;17;1;3;7;7;0;0;0;0;1;0;0;0
142976;11;5;5400943;2020;9;11;2;3;5;3;0;0;1;0;0;0;1;0
142977;11;9;9200819;2020;9;17;1;3;2;7;0;0;1;0;1;0;0;0
142978;11;1;1100416;2020;9;18;4;3;0;5;0;1;1;0;0;0;0;0
142979;11;12;12500930;2020;9;17;1;3;5;2;0;1;1;0;0;0;0;0
142980;11;3;3601245;2020;9;15;4;3;3;6;0;0;0;0;1;0;0;0
142981;11;6;6300528;2020;9;17;1;3;5;3;0;0;1;0;0;0;0;0
142982;11;12;12100204;2020;9;3;4;3;1;5;2;0;1;0;0;0;0;0
142983;11;6;6200421;2020;9;17;7;3;3;6;0;1;1;0;0;0;0;0
142984;11;12;12500824;2020;9;15;2;3;2;6;0;0;1;0;1;0;0;0
142985;11;1;1100310;2020;9;23;7;3;8;1;2;1;0;0;0;0;0;0
142986;11;12;12200411;2020;9;22;7;3;3;6;2;0;1;0;0;0;0;0
142987;11;10;10100314;2020;9;15;2;3;0;1;0;0;0;0;1;0;0;0
142988;11;12;12601134;2020;9;19;7;3;0;1;2;1;1;0;0;0;0;0
142989;11;4;4300416;2020;9;18;7;3;5;3;0;1;0;0;0;0;0;0
142990;11;2;2300314;2020;9;17;7;3;2;6;0;1;1;0;0;0;0;0
142991;11;1;1200520;2020;9;9;4;3;5;2;0;0;1;0;1;0;0;0
142992;11;3;3400723;2020;9;17;7;3;5;3;0;0;1;0;0;0;0;0
142993;11;4;4100101;2020;9;8;4;3;1;5;0;0;1;0;0;0;0;0
142994;11;2;2200212;2020;9;15;7;3;5;2;0;1;1;0;0;0;0;0
142995;11;9;9200510;2020;9;14;2;3;5;3;0;0;1;0;0;0;0;0
142996;11;12;12200310;2020;9;15;7;3;2;6;0;0;1;0;0;0;0;0
142997;11;12;12200309;2020;9;14;7;3;1;5;0;1;1;0;0;0;0;0
142998;11;1;1100308;2020;9;13;7;3;6;4;0;1;0;1;0;0;0;0
142999;11;3;3200206;2020;9;8;4;3;5;3;0;0;1;0;0;0;0;0
143000;11;12;12200515;2020;9;13;1;3;2;7;0;1;0;0;0;0;0;0
143001;11;1;1200629;2020;9;13;7;3;5;3;0;0;1;0;0;0;1;0
143002;11;3;3200206;2020;9;7;2;3;0;6;0;1;0;0;0;0;1;0
143003;11;12;12601235;2020;9;8;4;3;0;3;0;0;1;0;0;0;1;0
143004;11;3;3300514;2020;9;11;7;3;2;6;0;0;1;0;1;0;0;0
143005;11;1;1100312;2020;9;8;4;2;6;4;0;1;0;1;0;0;0;0
143006;11;12;12601031;2020;9;11;7;3;8;1;0;0;0;0;1;0;0;0
143007;11;10;10100102;2020;9;6;3;3;5;2;0;0;1;0;0;0;0;0
143008;11;5;5100317;2020;9;8;4;3;5;5;0;0;1;0;1;0;0;0
143009;11;3;3701555;2020;9;11;7;2;5;2;0;1;1;0;0;0;0;0
143010;11;1;1100206;2020;9;13;2;3;2;6;0;1;1;0;0;0;0;0
143011;11;2;2300417;2020;9;10;7;3;5;3;0;1;1;0;0;0;0;0
143012;11;1;1100416;2020;9;10;7;3;5;3;0;0;1;0;0;0;0;0
143013;11;11;11200513;2020;9;9;7;3;5;3;0;0;1;0;0;0;0;0
143014;11;2;2200212;2020;9;8;4;3;5;3;0;1;1;0;0;0;0;0