OBJECTID;LAND;BEZ;LOR_ab_2021;UJAHR;UMONAT;USTUNDE;UWOCHENTAG;UKATEGORIE;UART;UTYP1;ULICHTVERH;IstRad;IstPKW;IstFuss;IstKrad;IstGkfz;IstSonstige;USTRZUSTAND
143345;11;4;4300412;2020;9;13;7;3;6;4;0;0;1;1;0;0;0;1
143346;11;11;11501341;2020;9;16;3;3;2;3;0;1;0;0;1;0;0;0
143347;11;6;6200421;2020;9;17;3;3;0;5;1;0;1;0;0;0;0;0
143348;11;2;2100101;2020;9;7;6;3;5;3;0;0;1;0;1;0;0;1
143349;11;8;8100312;2020;9;14;2;3;6;7;0;0;1;1;0;0;0;0
143350;11;4;4501040;2020;9;8;4;3;5;3;0;1;0;0;1;0;0;0
143351;11;6;6400844;2020;9;16;3;2;5;2;0;1;1;0;0;0;0;0
143352;11;5;5100316;2020;9;16;5;2;6;7;0;0;1;1;0;0;0;0
143353;11;4;4500939;2020;9;12;1;2;5;3;0;0;1;0;0;0;0;0
143354;11;6;6200423;2020;9;15;3;3;3;6;0;0;1;0;0;1;0;0
143355;11;10;10400941;2020;9;15;6;2;0;3;0;1;1;0;0;0;0;1
143356;11;8;8100104;2020;9;8;3;3;5;3;0;1;1;0;0;0;0;0
143357;11;6;6100208;2020;9;15;3;3;3;6;0;0;1;0;0;0;0;0
143358;11;4;4300416;2020;9;5;6;3;5;3;2;1;1;0;0;0;0;1
143359;11;3;3400620;2020;9;14;4;3;5;3;0;0;1;0;0;0;0;0
143360;11;1;1100415;2020;9;7;6;3;0;1;0;1;0;0;0;0;0;1
143361;11;10;10200420;2020;9;9;3;3;5;2;0;0;1;0;1;0;0;0
143362;11;4;4400727;2020;9;15;3;3;1;5;0;0;1;0;0;0;0;0
143363;11;9;9502043;2020;9;7;6;2;5;3;1;0;1;0;1;0;0;1
143364;11;5;5100101;2020;9;13;4;3;5;3;0;1;1;0;0;0;0;0
143365;11;1;1200522;2020;9;15;2;3;6;7;0;1;0;1;0;0;0;0
143366;11;1;1100310;2020;9;13;4;3;0;4;0;0;0;1;1;0;0;0
143367;11;9;9200717;2020;9;16;5;3;5;3;0;0;0;0;1;0;0;0
143368;11;1;1200522;2020;9;23;7;3;5;2;2;1;1;0;0;0;0;1
143369;11;6;6400838;2020;9;13;3;3;2;6;0;0;1;0;0;0;0;0
143370;11;11;11400927;2020;9;10;5;3;3;6;0;0;1;0;1;0;0;0
143371;11;11;11200514;2020;9;17;6;3;6;4;2;0;1;1;0;0;0;1
143372;11;4;4300623;2020;9;15;2;3;5;2;0;1;1;0;0;0;0;0
143373;11;4;4200308;2020;9;14;3;2;0;7;0;1;0;0;0;0;0;0
143374;11;4;4500937;2020;9;13;6;3;5;2;0;0;1;0;0;0;0;1
143375;11;6;6100205;2020;9;13;4;3;5;3;0;1;1;0;0;0;0;0
143376;11;11;11300721;2020;9;19;2;2;5;3;1;1;1;0;0;0;0;0
143377;11;1;1300834;2020;9;12;3;3;5;3;0;0;1;0;0;0;0;0
143378;11;11;11200410;2020;9;10;5;3;5;3;0;0;1;0;0;0;0;0
143379;11;7;7601544;2020;9;18;5;2;5;2;0;0;1;0;0;0;0;0
143380;11;1;1100102;2020;9;12;7;3;0;1;0;0;0;0;0;0;1;1
143381;11;7;7400823;2020;9;12;3;3;2;7;0;0;0;0;1;0;1;0
143382;11;2;2200213;2020;9;20;2;3;2;2;2;0;1;0;0;0;1;0
143383;11;7;7100205;2020;9;11;4;3;0;2;0;0;1;0;0;0;1;0
143384;11;1;1100311;2020;9;9;5;3;5;2;0;1;1;0;0;0;0;0
143385;11;3;3500934;2020;9;22;5;3;5;3;2;0;1;0;1;0;0;0
143386;11;4;4501148;2020;9;19;7;2;5;2;2;0;1;0;0;0;0;1
143387;11;1;1100309;2020;9;21;3;3;3;6;2;1;1;0;0;0;0;0
143388;11;7;7601545;2020;9;14;3;3;6;2;0;0;1;1;0;0;0;0
143389;11;3;3601449;2020;9;13;3;2;5;3;0;1;0;0;0;0;1;0
143390;11;1;1100101;2020;9;12;6;3;5;3;0;0;1;0;1;0;0;1
143391;11;12;12400721;2020;9;16;2;3;5;3;0;1;1;0;0;0;0;0
143392;11;8;8301036;2020;9;14;3;3;5;3;0;0;1;0;0;0;0;0
143393;11;1;1200517;2020;9;12;6;3;2;6;0;0;1;0;0;0;0;0
143394;11;1;1100308;2020;9;17;2;3;2;6;0;0;1;0;0;0;1;0
143395;11;2;2100106;2020;9;20;3;2;6;4;2;0;1;1;0;0;0;0
143396;11;9;9100203;2020;9;8;5;3;5;2;0;0;1;0;0;0;0;0
143397;11;7;7601545;2020;9;7;5;3;5;2;0;1;1;0;0;0;0;0
143398;11;11;11400927;2020;9;14;7;2;5;1;0;0;1;0;1;0;0;1
143399;11;11;11501340;2020;9;9;3;3;3;6;0;1;1;0;0;0;0;0
143400;11;1;1100206;2020;9;14;3;2;5;3;0;1;1;0;0;0;0;0
143401;11;1;1100102;2020;9;8;6;3;2;6;0;0;1;0;0;0;0;1
143402;11;6;6400838;2020;9;13;3;3;5;3;0;0;1;0;0;0;0;0
143403;11;9;9200818;2020;9;14;6;3;2;6;0;0;1;0;0;1;0;1
143404;11;6;6400737;2020;9;10;2;3;5;2;0;1;1;0;0;0;0;0
143405;11;3;3400722;2020;9;13;4;3;1;5;0;1;1;0;0;0;0;0
143406;11;9;9501941;2020;9;13;3;3;5;2;0;1;1;0;0;0;0;0
143407;11;8;8100521;2020;9;17;5;3;0;4;0;1;0;1;0;0;0;0
143408;11;8;8100419;2020;9;17;1;2;1;5;0;1;1;0;0;0;0;0
143409;11;1;1200629;2020;9;11;3;3;1;5;0;1;1;0;0;0;0;0
143410;11;8;8200832;2020;9;8;5;3;6;4;0;0;1;1;0;0;0;0
143411;11;2;2200209;2020;9;12;5;2;5;2;0;1;1;0;0;0;0;0
143412;11;9;9501940;2020;9;12;7;3;5;2;0;0;1;0;0;0;0;1
143413;11;4;4501042;2020;9;9;3;3;2;6;0;0;1;0;1;0;0;1
143414;11;7;7601544;2020;9;12;3;3;1;7;0;0;1;0;0;0;0;0
143415;11;12;12200307;2020;9;14;6;3;3;6;0;0;1;0;0;0;0;1
143416;11;6;6200421;2020;9;13;4;3;5;2;0;0;1;0;1;0;0;0
143417;11;6;6300525;2020;9;7;2;3;6;4;0;1;0;1;0;0;0;0
143418;11;7;7501032;2020;9;13;4;3;5;3;0;1;1;0;0;0;0;0
143419;11;8;8100419;2020;9;12;3;3;5;3;0;1;1;0;0;0;0;0
143420;11;5;5100316;2020;9;22;5;3;1;5;2;0;1;0;0;0;1;0
143421;11;8;8200833;2020;9;6;1;3;5;2;0;0;1;0;0;0;0;0
143422;11;1;1200520;2020;9;14;3;3;5;2;0;0;1;0;0;0;0;0
143423;11;10;10400837;2020;9;15;2;3;5;3;0;0;1;0;0;0;0;0
143424;11;10;10200629;2020;9;7;4;3;2;2;0;1;1;0;0;0;0;0
143425;11;12;12200515;2020;9;11;3;2;5;2;0;1;1;0;0;0;0;0
143426;11;1;1400938;2020;9;17;5;3;5;3;0;0;1;0;0;0;1;0
143427;11;1;1300732;2020;9;16;1;3;6;4;0;0;1;1;0;0;0;0
143428;11;9;9200819;2020;9;16;3;3;5;3;0;1;1;0;0;0;0;0
143429;11;2;2200208;2020;9;23;6;3;5;3;2;0;1;0;0;0;0;0
143430;11;7;7100205;2020;9;8;3;3;4;6;0;1;0;0;0;0;0;0
143431;11;1;1200628;2020;9;11;3;3;5;2;0;1;1;0;0;0;0;0
143432;11;4;4300622;2020;9;6;6;3;5;2;2;1;0;0;0;0;1;1
143433;11;2;2100104;2020;9;17;4;3;6;7;0;0;0;1;0;0;1;0
143434;11;7;7100205;2020;9;6;2;3;6;2;0;0;1;1;0;0;0;0
143435;11;4;4300622;2020;9;12;4;3;2;6;0;0;1;0;0;0;0;0
143436;11;9;9501737;2020;9;17;4;3;2;6;0;0;1;0;0;0;0;0
143437;11;6;6300526;2020;9;16;5;3;2;2;0;1;1;0;0;0;0;0
143438;11;3;3601142;2020;9;20;7;3;0;3;2;0;1;0;1;0;0;1
143439;11;11;11200514;2020;9;15;3;2;1;5;0;0;1;0;0;0;1;0
143440;11;2;2500830;2020;9;16;4;2;5;2;0;1;1;0;0;0;0;0
143441;11;2;2100106;2020;9;16;6;3;6;7;0;0;1;1;0;0;0;0
143442;11;10;10100206;2020;9;17;2;2;2;6;0;0;1;0;1;0;0;0
143443;11;3;3601141;2020;9;18;6;2;9;1;1;1;0;0;0;0;0;0
143444;11;6;6400841;2020;9;7;3;3;5;3;0;1;1;0;0;0;0;0
143445;11;8;8200730;2020;9;10;3;2;6;2;0;0;1;1;0;0;0;0
143446;11;4;4501042;2020;9;13;6;3;5;2;0;0;1;0;1;0;0;1
143447;11;1;1300836;2020;9;13;4;3;5;3;0;0;1;0;0;0;0;0
143448;11;5;5100316;2020;9;5;2;3;6;7;2;1;0;1;0;0;0;1
143449;11;2;2400625;2020;9;9;4;3;5;2;0;1;0;0;1;0;0;0
143450;11;6;6100103;2020;9;14;5;3;1;5;0;1;1;0;0;0;0;0
143451;11;1;1401043;2020;9;15;7;3;6;2;0;0;1;1;0;0;0;1
143452;11;8;8100520;2020;9;7;3;3;3;6;0;0;0;0;1;1;0;1
143453;11;6;6200423;2020;9;10;3;3;0;1;0;1;0;0;0;0;0;0
143454;11;1;1200520;2020;9;10;3;3;0;2;0;0;1;0;0;0;1;0
143455;11;2;2500834;2020;9;10;6;3;5;2;0;1;1;0;0;0;0;1
143456;11;8;8401246;2020;9;15;2;3;5;3;0;1;1;0;0;0;0;0
143457;11;7;7501031;2020;9;9;3;3;5;2;0;1;0;0;0;0;1;0
143458;11;1;1100205;2020;9;6;5;3;5;3;1;1;1;0;0;0;0;0
143459;11;6;6100205;2020;9;19;1;3;6;2;2;0;1;1;0;0;0;1
143460;11;1;1200521;2020;9;17;3;3;6;4;0;1;0;1;0;0;0;0
143461;11;12;12200414;2020;9;16;4;3;5;2;0;1;1;0;0;0;0;0
143462;11;1;1200522;2020;9;13;5;2;6;7;0;1;0;1;0;0;0;0
143463;11;4;4300619;2020;9;17;3;3;0;7;0;1;1;0;0;0;0;0
143464;11;2;2200210;2020;9;12;6;3;5;2;0;1;0;0;0;0;0;1
143465;11;1;1300733;2020;9;18;2;3;2;6;1;0;1;0;0;0;0;0
143466;11;7;7501029;2020;9;18;3;3;3;6;0;1;1;0;0;0;0;0
143467;11;3;3601244;2020;9;14;5;3;5;3;0;0;1;0;0;0;1;0
143468;11;9;9200819;2020;9;8;7;3;0;1;0;0;0;0;1;0;0;1
143469;11;5;5100316;2020;9;19;3;3;0;6;2;0;1;0;1;0;0;0
143470;11;1;1100102;2020;9;17;3;3;5;3;0;0;1;0;0;0;0;0
143471;11;10;10300733;2020;9;10;6;3;2;7;0;0;1;0;1;0;0;1
143472;11;6;6400842;2020;9;8;2;3;5;3;0;1;1;0;0;0;0;0
143473;11;9;9200715;2020;9;0;4;3;9;7;2;0;1;0;0;0;0;0
143474;11;2;2100101;2020;9;17;3;3;5;2;0;1;1;0;0;0;0;0
143475;11;7;7200409;2020;9;17;5;3;5;3;0;1;0;0;0;0;0;0
143476;11;8;8200622;2020;9;21;1;2;2;6;2;0;1;0;0;0;0;0
143477;11;1;1200628;2020;9;16;3;2;5;3;0;0;1;0;0;0;0;0
143478;11;6;6400843;2020;9;9;6;3;2;6;0;0;1;0;0;0;0;1
143479;11;2;2200210;2020;9;10;3;3;0;5;0;1;1;0;0;0;0;0
143480;11;4;4300416;2020;9;17;3;3;3;6;0;0;0;0;0;0;1;0
143481;11;8;8100314;2020;9;13;7;3;2;6;0;1;1;0;0;0;0;1
143482;11;3;3500933;2020;9;19;3;2;5;3;2;1;0;0;1;0;0;0
143483;11;9;9200819;2020;9;17;3;3;5;2;0;1;0;0;1;0;0;0
143484;11;1;1100205;2020;9;8;6;3;5;3;0;1;1;0;0;0;0;1
143485;11;4;4501150;2020;9;7;2;3;6;4;0;1;0;1;0;0;0;1
143486;11;3;3200207;2020;9;7;4;3;5;3;0;1;1;0;0;0;0;0
143487;11;7;6100210;2020;9;1;3;2;9;1;2;0;1;0;0;0;0;0
143488;11;8;8100416;2020;9;16;5;3;2;6;0;0;1;0;1;0;0;0
143489;11;11;11200411;2020;9;14;1;2;5;3;0;1;1;0;0;0;0;0
143490;11;1;1200626;2020;9;15;3;3;5;2;0;1;1;0;0;0;0;0
143491;11;4;4100102;2020;9;15;4;3;5;3;0;1;1;0;0;0;0;0
143492;11;1;1100311;2020;9;13;6;3;1;5;0;1;1;0;0;0;0;1
143493;11;12;12400616;2020;9;8;3;3;5;3;0;0;1;0;0;0;0;0
143494;11;2;2100106;2020;9;17;3;3;6;4;0;0;1;1;0;0;0;0
143495;11;3;3100103;2020;9;14;6;3;0;7;0;0;0;0;0;0;1;1
143496;11;2;2300417;2020;9;13;4;3;6;2;0;0;1;1;0;0;0;0
143497;11;6;6100209;2020;9;11;2;3;1;5;0;0;1;0;0;0;0;0
143498;11;1;1401049;2020;9;11;4;3;5;2;0;1;0;0;0;0;1;0
143499;11;7;7200308;2020;9;15;5;3;4;5;0;1;1;0;0;0;0;0
143500;11;1;1100205;2020;9;7;6;2;5;2;0;1;1;0;0;0;0;1
143501;11;2;2400623;2020;9;12;4;3;6;4;0;0;1;1;0;0;0;0
143502;11;4;4501042;2020;9;12;2;3;2;6;0;0;1;0;0;0;0;0
143503;11;4;4300622;2020;9;13;4;3;3;6;0;1;1;0;0;0;0;0
143504;11;9;9301126;2020;9;16;5;3;5;2;0;0;1;0;0;0;0;0
143505;11;1;1200522;2020;9;23;7;3;6;2;2;0;1;1;0;0;0;1
143506;11;5;5100317;2020;9;14;3;3;2;6;0;0;1;0;0;0;0;0
143507;11;11;11300617;2020;9;17;6;3;5;3;0;0;1;0;0;0;0;0
143508;11;10;10200418;2020;9;15;2;3;5;7;0;0;1;0;0;0;1;0
143509;11;6;6400844;2020;9;16;3;3;2;6;0;1;0;0;0;0;1;0
143510;11;6;6200421;2020;9;13;6;3;2;6;0;0;1;0;0;0;1;0
143511;11;12;12601235;2020;9;12;4;3;2;6;0;0;1;0;0;0;1;0
143512;11;9;9100409;2020;9;20;2;3;9;1;2;0;0;0;1;0;0;0
143513;11;7;7100103;2020;9;8;4;3;3;5;0;1;1;0;0;0;0;0
143514;11;11;11100204;2020;9;18;5;3;5;3;0;1;1;0;0;0;0;0
143515;11;1;1100311;2020;9;18;7;3;3;6;1;0;1;0;1;0;0;1
143516;11;5;5200629;2020;9;12;3;3;6;2;0;0;1;1;0;0;0;0
143517;11;8;8200831;2020;9;16;3;3;5;2;0;1;1;0;0;0;0;0
143518;11;1;1100416;2020;9;10;6;3;2;6;0;0;1;0;0;0;0;1
143519;11;10;10100209;2020;9;11;2;3;5;5;0;0;1;0;0;0;0;0
143520;11;4;4300517;2020;9;19;7;3;5;3;2;0;1;0;0;0;0;1
143521;11;1;1200520;2020;9;8;3;3;0;6;0;1;0;0;0;0;0;0
143522;11;1;1100207;2020;9;16;3;3;0;3;0;1;1;0;0;0;0;0
143523;11;2;2200208;2020;9;14;3;3;5;2;0;1;1;0;0;0;0;0
143524;11;2;2100106;2020;9;14;6;3;3;6;0;1;0;0;0;0;0;1
143525;11;11;11200513;2020;9;7;2;3;6;4;0;0;1;1;0;0;0;0
143526;11;2;2300419;2020;9;16;3;3;5;7;0;0;1;0;0;0;0;0
143527;11;12;12100102;2020;9;12;6;2;5;3;0;0;1;0;1;0;0;1
143528;11;4;4501042;2020;9;17;2;3;5;2;0;0;1;0;1;0;0;0
143529;11;1;1401045;2020;9;20;3;3;5;7;2;0;1;0;0;0;0;0
143530;11;2;2500830;2020;9;12;5;3;0;1;0;1;1;0;0;0;0;0
143531;11;8;8100314;2020;9;15;7;3;2;6;0;0;1;0;0;0;0;1
143532;11;1;1100311;2020;9;9;3;2;2;2;0;0;1;0;0;0;0;0
143533;11;9;9200512;2020;9;16;3;3;2;6;0;0;1;0;0;0;0;0
143534;11;3;3400828;2020;9;9;6;3;5;3;0;0;1;0;1;0;0;1
143535;11;7;7601443;2020;9;6;4;3;5;3;0;0;1;0;0;0;0;0
143536;11;1;1100102;2020;9;18;3;3;2;6;0;0;1;0;0;0;0;0
143537;11;2;2400623;2020;9;17;5;3;6;4;0;0;1;1;0;0;0;0
143538;11;6;6300526;2020;9;14;4;3;0;4;0;0;0;1;0;0;1;0
143539;11;1;1300733;2020;9;18;3;3;5;3;0;0;1;0;1;0;0;0
143540;11;4;4300622;2020;9;18;5;3;3;6;0;1;1;0;0;0;0;0
143541;11;8;8200832;2020;9;13;1;3;0;5;0;1;0;0;0;0;1;0
143542;11;8;8100415;2020;9;17;3;3;2;6;0;0;1;0;1;0;0;0
143543;11;1;1300834;2020;9;13;5;3;5;7;0;0;0;0;1;0;1;0
143544;11;1;1401049;2020;9;13;7;3;2;6;0;0;1;0;0;0;0;1
143545;11;8;8401243;2020;9;17;3;3;1;5;0;1;1;0;0;0;0;0
143546;11;6;6400840;2020;9;15;3;3;5;2;0;0;1;0;0;0;0;0
143547;11;1;1300836;2020;9;7;6;3;2;6;0;0;1;0;0;0;0;1
143548;11;1;1300733;2020;9;13;2;2;6;4;0;0;0;1;0;0;1;0
143549;11;4;4300623;2020;9;2;4;3;5;3;2;1;1;0;0;0;0;0
143550;11;8;8200624;2020;9;18;3;3;2;2;0;0;1;0;1;0;0;0
143551;11;2;2200209;2020;9;16;5;3;2;6;0;0;1;0;0;0;0;0
143552;11;6;6300633;2020;9;10;1;3;5;3;0;1;1;0;0;0;0;0
143553;11;2;2300316;2020;9;15;3;3;5;3;0;1;0;0;0;0;0;0
143554;11;1;1100102;2020;9;19;6;3;2;6;2;0;1;0;0;0;0;1
143555;11;4;4300518;2020;9;8;3;3;5;2;0;1;0;0;0;1;0;0
143556;11;1;1100102;2020;9;18;1;3;5;2;1;1;1;0;0;0;0;1
143557;11;9;9100101;2020;9;16;3;3;5;2;0;1;1;0;0;0;0;0
143558;11;4;4200311;2020;9;9;6;3;5;2;0;1;0;0;0;1;0;1
143559;11;7;7300517;2020;9;8;3;3;2;6;0;0;1;0;0;1;0;0
143560;11;9;9200613;2020;9;18;3;2;0;1;0;0;0;0;1;0;0;0
143561;11;1;1200629;2020;9;6;6;3;5;3;1;0;1;0;0;0;0;1
143562;11;1;1100206;2020;9;21;4;2;2;2;2;1;0;0;0;0;0;0
143563;11;12;12200309;2020;9;12;2;2;5;7;0;0;1;0;1;0;0;0
143564;11;1;1300834;2020;9;12;4;3;3;6;0;0;0;0;1;0;1;0
143565;11;7;7100102;2020;9;15;4;3;2;6;0;0;1;0;1;0;0;0
143566;11;4;4501043;2020;9;12;5;3;5;3;0;1;1;0;0;0;0;0
143567;11;1;1100101;2020;9;21;7;3;2;5;2;0;1;0;0;0;0;1
143568;11;8;8200726;2020;9;15;3;3;5;3;0;1;1;0;0;0;0;0
143569;11;1;1300835;2020;9;15;4;3;2;7;0;1;1;0;0;0;0;0
143570;11;2;2500831;2020;9;16;6;2;6;4;0;0;1;1;0;0;0;0
143571;11;5;5300841;2020;9;20;2;3;0;7;2;1;0;0;0;0;0;0
143572;11;4;4300412;2020;9;17;3;3;1;5;0;1;1;0;0;0;0;0
143573;11;1;1400938;2020;9;13;6;3;5;2;0;1;1;0;0;0;0;1
143574;11;4;4501042;2020;9;18;2;3;1;5;1;1;1;0;0;0;0;0
143575;11;3;3500934;2020;9;7;3;3;0;7;0;1;0;1;0;0;0;0
143576;11;6;6100208;2020;10;21;6;3;5;7;2;0;1;0;0;0;0;0
143577;11;11;11400929;2020;10;16;4;3;0;1;0;1;0;0;0;0;0;1
143578;11;1;1400942;2020;10;18;3;2;5;2;0;0;1;0;0;0;1;0
143579;11;8;8100314;2020;10;18;3;3;5;3;2;0;1;0;0;0;1;1
143580;11;2;2100101;2020;10;16;6;3;2;6;0;0;1;0;0;0;0;0
143581;11;10;10200418;2020;10;17;4;3;1;5;0;0;1;0;0;0;1;0
143582;11;6;6100101;2020;10;16;6;3;4;6;0;0;1;0;1;0;0;0
143583;11;1;1100308;2020;10;13;3;2;5;3;0;0;0;0;1;0;0;0
143584;11;1;1100101;2020;10;19;7;3;0;1;2;0;0;0;0;0;1;0
143585;11;3;3100101;2020;10;17;3;3;5;2;1;1;1;0;0;0;0;0
143586;11;9;9100409;2020;10;20;6;2;0;1;2;1;0;0;0;0;0;0
143587;11;7;7501134;2020;10;13;6;3;6;4;0;0;1;1;0;0;0;0
143588;11;3;3400725;2020;10;12;4;3;6;4;0;0;1;1;0;0;0;0
143589;11;3;3701554;2020;10;13;3;3;5;7;0;1;1;0;0;0;0;0
143590;11;3;3501037;2020;10;15;6;3;5;3;0;1;1;0;0;0;0;0
143591;11;9;9502043;2020;10;7;4;3;5;3;0;0;1;0;1;0;0;0
143592;11;12;12100205;2020;10;14;6;3;5;3;0;1;1;0;0;0;0;0
143593;11;8;8100105;2020;10;7;4;3;2;6;0;0;1;0;0;0;1;1
143594;11;8;8100314;2020;10;9;6;3;5;3;0;0;1;0;0;0;1;0
143595;11;4;4200309;2020;10;14;7;2;2;6;0;1;0;0;1;0;0;0
143596;11;8;8200624;2020;10;13;3;3;5;3;0;1;1;0;0;0;0;0
143597;11;1;1401048;2020;10;2;6;3;0;7;2;0;1;0;0;0;0;0
143598;11;8;8200832;2020;10;6;6;3;5;2;0;0;1;0;0;0;0;0
143599;11;7;7501031;2020;10;11;4;3;1;7;0;0;1;0;0;0;0;0
143600;11;9;9200717;2020;10;17;3;2;3;6;0;0;1;0;1;0;0;0
143601;11;1;1100207;2020;10;8;6;3;5;2;0;1;1;0;0;0;0;0
143602;11;1;1400937;2020;10;0;4;3;9;1;2;0;0;0;0;0;1;1
143603;11;7;7100102;2020;10;7;6;3;0;1;0;0;0;0;1;0;0;0
143604;11;3;3100101;2020;10;9;7;2;5;3;0;0;1;0;0;0;0;0
143605;11;8;8300934;2020;10;19;5;3;8;1;1;0;1;0;0;0;0;1
143606;11;1;1300731;2020;10;14;3;2;6;4;0;0;1;1;0;0;0;0
143607;11;4;4500936;2020;10;18;3;3;1;5;1;1;1;0;0;0;0;0
143608;11;11;11100102;2020;10;10;6;3;5;2;0;1;1;0;0;0;0;0
143609;11;6;6100209;2020;10;19;4;3;2;2;2;0;1;0;0;0;1;1
143610;11;2;2200210;2020;10;17;3;3;6;4;0;0;1;1;0;0;0;0
143611;11;12;12100102;2020;10;13;7;3;5;3;0;0;1;0;1;0;0;0
143612;11;11;11401032;2020;10;21;5;2;0;4;2;0;0;1;1;0;0;1
143613;11;10;10100311;2020;10;6;3;3;0;2;0;1;1;0;0;0;0;0
143614;11;5;5200632;2020;10;14;6;3;2;6;0;0;1;0;0;0;0;0
143615;11;12;12100102;2020;10;8;4;3;1;5;0;1;1;0;0;0;0;0
143616;11;4;4200206;2020;10;14;3;3;2;6;0;0;1;0;1;0;0;0
143617;11;5;5300840;2020;10;14;6;3;5;2;0;0;1;0;0;0;0;0
143618;11;8;8100313;2020;10;16;4;3;3;6;0;1;1;0;0;0;0;1
143619;11;2;2400521;2020;10;19;1;3;6;4;2;0;1;1;0;0;0;0
143620;11;7;7300517;2020;10;14;6;3;5;3;0;1;1;0;0;0;0;0
143621;11;1;1300733;2020;10;20;6;3;1;5;2;1;1;0;0;0;0;0
143622;11;6;6200311;2020;10;18;5;2;5;3;2;1;1;0;0;0;0;1
143623;11;9;9502042;2020;10;17;3;3;0;1;0;1;0;0;0;0;0;1
143624;11;11;11200513;2020;10;20;3;2;6;4;2;0;1;1;0;0;0;0
143625;11;3;3500936;2020;10;14;6;3;5;2;0;1;1;0;0;0;0;0
143626;11;7;7100101;2020;10;17;4;3;2;6;0;1;1;0;0;0;0;1
143627;11;2;2400623;2020;10;14;6;3;2;6;0;0;1;0;0;0;1;0
143628;11;8;8100418;2020;10;6;3;3;4;2;0;1;0;0;0;0;1;0
143629;11;4;4300620;2020;10;4;1;3;5;3;2;0;1;0;0;0;0;0
143630;11;2;2500833;2020;10;1;1;3;0;1;2;0;0;0;0;0;1;0
143631;11;3;3400722;2020;10;13;6;3;0;3;0;1;1;0;0;0;0;0
143632;11;3;3200205;2020;10;15;4;3;2;6;0;1;1;0;0;0;0;0
143633;11;2;2300417;2020;10;13;1;3;0;1;0;0;0;0;1;0;0;0
143634;11;2;2300419;2020;10;17;1;3;6;4;1;0;0;1;1;0;0;0
143635;11;8;8100102;2020;10;13;6;3;5;7;0;0;1;0;0;0;0;0
143636;11;1;1200623;2020;10;20;6;3;2;7;2;1;1;0;0;0;0;0
143637;11;1;1200522;2020;10;16;4;3;3;6;0;0;1;0;1;0;0;1
143638;11;9;9200819;2020;10;6;3;3;2;6;2;0;1;0;0;0;0;1
143639;11;1;1100102;2020;10;9;3;3;3;6;0;0;1;0;1;0;0;0
143640;11;11;11300721;2020;10;13;6;3;5;3;0;1;1;0;0;0;0;0
143641;11;5;5100105;2020;10;17;4;2;2;6;1;0;1;0;0;0;0;1
143642;11;7;7400824;2020;10;13;6;2;0;7;0;0;1;0;1;0;0;0
143643;11;3;3601244;2020;10;17;3;3;3;6;0;1;1;0;0;0;0;0
143644;11;4;4501148;2020;10;17;7;3;5;2;1;1;1;0;0;0;0;0
143645;11;4;4300416;2020;10;16;3;3;4;2;1;1;1;0;0;0;0;0
143646;11;11;11300721;2020;10;13;6;3;2;6;0;0;1;0;0;0;0;0
143647;11;11;11501341;2020;10;16;6;3;0;7;0;1;0;0;0;0;0;0
143648;11;6;6400844;2020;10;8;4;3;3;6;0;1;1;0;0;0;0;0
143649;11;1;1400942;2020;10;15;3;3;5;3;0;1;1;0;0;0;0;0
143650;11;2;2200208;2020;10;23;2;3;5;3;2;1;0;0;0;0;0;0
143651;11;10;10400836;2020;10;12;6;3;1;7;0;0;1;0;0;0;0;0
143652;11;1;1100102;2020;10;16;6;3;2;6;0;0;1;0;0;0;0;0
143653;11;2;2200207;2020;10;14;4;3;0;6;0;0;0;0;1;1;0;1
143654;11;5;5300736;2020;10;11;2;2;5;2;0;0;0;0;1;0;1;0
143655;11;1;1100205;2020;10;12;6;3;0;1;0;0;0;1;1;0;0;0
143656;11;1;1400937;2020;10;8;4;3;5;7;0;1;1;0;0;0;0;1
143657;11;12;12500926;2020;10;11;6;3;1;5;0;0;1;0;0;0;0;0
143658;11;2;2100106;2020;10;14;7;3;3;6;0;1;0;0;0;0;0;0
143659;11;7;7200409;2020;10;7;5;3;0;7;0;1;1;0;0;0;0;0
143660;11;1;1200522;2020;10;0;2;3;5;2;2;1;1;0;0;0;0;0
143661;11;4;4200308;2020;10;11;6;3;5;2;0;1;1;0;0;0;0;0
143662;11;2;2300314;2020;10;9;4;3;5;2;0;1;1;0;0;0;0;0
143663;11;1;1300733;2020;10;18;2;3;5;2;1;1;1;0;0;0;0;1
143664;11;7;7100204;2020;10;21;5;3;5;3;2;1;0;0;0;0;0;0
143665;11;3;3601449;2020;10;16;4;2;6;4;0;0;1;1;0;0;0;1
143666;11;6;6100101;2020;10;8;5;3;0;1;0;0;0;0;1;0;0;0
143667;11;11;11200411;2020;10;6;4;3;5;2;1;0;1;0;0;0;0;1
143668;11;1;1400938;2020;10;13;5;3;6;7;0;0;1;1;0;0;0;0
143669;11;2;2200210;2020;10;15;7;3;5;3;0;1;1;0;0;0;0;0
143670;11;8;8100105;2020;10;20;5;3;2;6;2;0;1;0;0;0;0;1
143671;11;9;9200717;2020;10;19;2;3;0;4;2;0;0;1;1;0;0;1
143672;11;3;3500936;2020;10;17;5;3;5;3;0;1;1;0;0;0;0;0
143673;11;1;1401049;2020;10;20;4;3;5;3;2;0;1;0;0;0;0;1
143674;11;2;2400521;2020;10;16;2;3;5;2;0;1;0;0;0;0;1;1