OBJECTID;LAND;BEZ;LOR_ab_2021;UJAHR;UMONAT;USTUNDE;UWOCHENTAG;UKATEGORIE;UART;UTYP1;ULICHTVERH;IstRad;IstPKW;IstFuss;IstKrad;IstGkfz;IstSonstige;USTRZUSTAND
143675;11;9;9100409;2020;10;17;5;2;5;3;0;0;1;0;1;0;0;0
143676;11;4;4300414;2020;10;15;4;3;1;5;0;1;1;0;0;0;0;0
143677;11;6;6400840;2020;10;17;1;3;1;1;0;1;1;0;0;0;0;0
143678;11;2;2300419;2020;10;17;5;3;1;5;0;1;1;0;0;0;0;0
143679;11;4;4501042;2020;10;10;6;3;0;6;0;0;1;0;0;0;1;0
143680;11;9;9401432;2020;10;9;5;1;5;2;0;1;0;0;0;1;0;0
143681;11;8;8301036;2020;10;8;2;3;5;2;0;1;0;0;0;0;1;0
143682;11;2;2400624;2020;10;9;3;3;1;5;0;1;1;0;0;0;0;0
143683;11;5;5300737;2020;10;17;5;3;6;7;0;0;1;1;0;0;0;0
143684;11;8;8100415;2020;10;22;7;3;5;3;2;1;1;0;0;0;0;0
143685;11;2;2500832;2020;10;18;5;3;0;1;2;0;0;0;1;0;0;1
143686;11;7;7200412;2020;10;15;2;3;0;7;0;1;0;0;0;0;0;1
143687;11;9;9501939;2020;10;11;3;3;2;2;0;0;1;0;0;0;0;0
143688;11;12;12500930;2020;10;16;5;2;5;2;0;0;1;0;1;0;0;0
143689;11;5;5300737;2020;10;18;4;3;0;6;1;0;0;0;1;0;1;1
143690;11;2;2500835;2020;10;15;5;3;6;7;0;0;0;1;0;0;1;0
143691;11;1;1100102;2020;10;19;3;3;5;2;2;1;1;0;0;0;0;1
143692;11;1;1100309;2020;10;7;3;3;2;6;0;1;1;0;0;0;0;0
143693;11;2;2100102;2020;10;11;1;3;5;3;0;1;1;0;0;0;0;0
143694;11;1;1100102;2020;10;16;1;3;5;2;0;1;1;0;0;0;0;0
143695;11;5;5200632;2020;10;15;5;3;5;3;0;0;1;0;1;0;0;0
143696;11;5;5100312;2020;10;19;6;3;0;2;1;0;1;0;0;0;1;0
143697;11;2;2500835;2020;10;15;4;3;0;2;0;0;1;0;0;0;0;0
143698;11;9;9401432;2020;10;14;2;3;0;5;0;1;1;0;0;0;0;0
143699;11;1;1100205;2020;10;9;3;3;5;2;0;1;1;0;0;0;0;0
143700;11;7;7200409;2020;10;15;5;3;5;2;0;1;1;0;0;0;0;0
143701;11;6;6100102;2020;10;13;4;2;0;1;0;1;0;0;0;0;0;1
143702;11;8;8200624;2020;10;8;3;3;2;6;0;0;1;0;0;1;0;0
143703;11;12;12100204;2020;10;14;5;3;5;3;0;0;1;0;1;0;0;0
143704;11;3;3400723;2020;10;14;5;3;2;6;0;0;1;0;0;0;0;0
143705;11;7;7200410;2020;10;17;4;3;6;4;0;0;1;1;0;0;0;0
143706;11;8;8100105;2020;10;22;3;3;1;5;2;0;1;0;1;0;0;1
143707;11;3;3200204;2020;10;14;5;3;5;2;0;1;1;0;0;0;0;0
143708;11;7;7200307;2020;10;16;2;3;5;2;0;1;1;0;0;0;0;1
143709;11;11;11200513;2020;10;20;1;3;0;1;2;1;0;0;0;0;0;0
143710;11;1;1401049;2020;10;2;7;3;5;2;2;1;1;0;0;0;0;0
143711;11;9;9501939;2020;10;19;2;3;0;3;2;0;1;0;1;0;0;1
143712;11;9;9401432;2020;10;14;5;3;5;3;0;0;1;0;0;0;0;0
143713;11;5;5200423;2020;10;19;6;2;5;2;2;0;1;0;1;0;0;0
143714;11;1;1300836;2020;10;12;4;3;5;2;0;1;1;0;0;0;0;1
143715;11;7;7501030;2020;10;16;2;3;4;2;0;0;1;0;0;0;0;1
143716;11;11;11401137;2020;10;14;5;3;5;3;0;1;1;0;0;0;0;0
143717;11;3;3601245;2020;10;8;4;2;5;2;0;1;1;0;0;0;0;0
143718;11;1;2100104;2020;10;23;3;3;5;5;2;0;1;0;1;0;0;1
143719;11;8;8200832;2020;10;13;5;3;6;2;0;0;1;1;0;0;0;0
143720;11;3;3400826;2020;10;17;7;2;0;7;0;1;0;0;0;0;0;0
143721;11;12;12200309;2020;10;22;5;3;0;3;2;0;1;0;1;0;0;1
143722;11;3;3300517;2020;10;14;2;3;5;3;0;0;1;0;0;0;1;0
143723;11;5;5200524;2020;10;15;7;2;5;3;0;0;1;0;0;0;0;0
143724;11;11;11200513;2020;10;19;2;3;1;5;2;1;1;0;0;0;0;1
143725;11;6;6100101;2020;10;11;5;2;0;1;0;1;0;0;0;0;0;0
143726;11;4;4500937;2020;10;12;5;3;5;3;0;0;1;0;1;0;0;0
143727;11;7;7601442;2020;10;11;4;3;5;2;0;1;0;0;0;1;0;0
143728;11;1;3701556;2020;10;16;2;3;5;3;1;1;1;0;0;0;0;1
143729;11;10;10100104;2020;10;12;5;3;5;3;0;1;1;0;0;0;0;0
143730;11;6;6300528;2020;10;6;4;3;2;6;2;0;1;0;0;0;0;1
143731;11;1;1300732;2020;10;21;3;3;1;5;2;0;1;0;0;0;0;1
143732;11;4;4501153;2020;10;15;5;3;5;2;0;1;1;0;0;0;0;0
143733;11;1;1200628;2020;10;9;7;3;2;6;0;0;1;0;0;0;1;0
143734;11;1;1200623;2020;10;19;5;2;6;4;1;0;0;1;0;0;1;0
143735;11;4;4400835;2020;10;15;2;3;5;2;0;1;1;0;0;0;0;0
143736;11;1;1100416;2020;10;11;3;3;2;6;0;0;1;0;0;0;0;0
143737;11;8;8100312;2020;10;10;5;3;5;2;0;1;0;0;0;0;0;0
143738;11;12;12500824;2020;10;20;4;3;1;5;2;1;1;0;0;0;0;1
143739;11;4;4300623;2020;10;16;2;2;0;6;0;1;1;0;0;0;0;1
143740;11;9;9501736;2020;10;7;5;3;5;3;1;1;1;0;0;0;0;1
143741;11;3;3400721;2020;10;15;4;3;0;3;0;1;1;0;0;0;0;1
143742;11;7;7501029;2020;10;11;5;3;9;1;0;0;1;0;0;0;0;0
143743;11;11;11501238;2020;10;9;4;2;5;2;0;1;0;0;0;1;0;0
143744;11;6;6100209;2020;10;18;2;3;5;3;2;0;1;0;0;0;0;1
143745;11;7;7601548;2020;10;10;5;2;1;5;0;0;1;0;0;0;0;0
143746;11;10;10200629;2020;10;16;4;3;5;3;0;0;1;0;0;0;1;1
143747;11;3;3400725;2020;10;10;5;3;5;2;0;0;1;0;1;0;0;0
143748;11;1;1300835;2020;10;20;7;3;2;6;2;0;1;0;0;0;0;0
143749;11;12;12100205;2020;10;18;5;2;2;6;0;0;1;0;0;0;0;1
143750;11;6;6300526;2020;10;12;2;3;5;3;0;1;1;0;0;0;0;0
143751;11;2;2100103;2020;10;9;3;2;5;2;0;1;0;0;0;1;0;0
143752;11;1;1200517;2020;10;9;5;3;1;5;0;1;1;0;0;0;0;0
143753;11;9;9501838;2020;10;17;4;2;1;5;1;0;1;0;0;0;0;1
143754;11;2;2300315;2020;10;19;3;3;5;2;2;1;1;0;0;0;0;1
143755;11;11;11400931;2020;10;9;5;3;0;7;0;1;0;0;0;0;1;0
143756;11;4;4501042;2020;10;19;3;3;5;3;2;0;1;0;1;0;0;1
143757;11;5;5300737;2020;10;7;1;3;5;2;0;0;1;0;0;0;0;0
143758;11;12;12200310;2020;10;2;1;3;5;3;2;0;1;0;0;0;0;1
143759;11;3;3701657;2020;10;23;5;3;0;4;2;0;0;1;0;0;1;0
143760;11;2;2100102;2020;10;17;6;3;3;6;0;1;1;0;0;0;0;0
143761;11;4;4200203;2020;10;13;1;3;2;6;0;0;1;0;1;0;0;0
143762;11;2;2200211;2020;10;18;1;3;0;1;1;1;0;0;0;0;0;0
143763;11;1;1200623;2020;10;22;5;3;1;7;2;0;1;0;0;0;0;0
143764;11;12;12200310;2020;10;20;6;3;5;2;2;0;1;0;1;0;0;0
143765;11;7;7200414;2020;10;6;4;3;0;6;2;0;1;0;1;0;0;1
143766;11;10;10400941;2020;10;18;2;3;4;5;1;1;1;0;0;0;0;1
143767;11;3;3601245;2020;10;9;3;3;5;3;0;0;1;0;0;0;1;0
143768;11;12;12200307;2020;10;20;5;3;3;6;2;0;1;0;0;0;0;0
143769;11;2;2100102;2020;10;16;4;3;2;6;0;0;1;0;1;0;0;1
143770;11;1;1100205;2020;10;19;5;2;5;2;2;1;1;0;0;0;0;0
143771;11;8;8200727;2020;10;17;2;3;0;7;0;0;1;0;1;0;0;1
143772;11;2;2100102;2020;10;18;7;3;5;2;1;1;1;0;0;0;0;0
143773;11;2;2500726;2020;10;17;2;3;5;2;1;0;1;0;0;0;1;1
143774;11;4;4200308;2020;10;18;5;2;5;3;1;1;1;0;0;0;0;0
143775;11;11;11400927;2020;10;16;6;3;0;6;0;0;0;0;1;0;0;0
143776;11;1;1100207;2020;10;12;4;3;5;3;0;1;1;0;0;0;0;1
143777;11;7;7300619;2020;10;17;2;3;2;6;0;0;1;0;1;0;0;1
143778;11;1;1200628;2020;10;8;5;3;1;5;0;1;1;0;0;0;0;0
143779;11;9;9200715;2020;10;6;4;3;5;3;1;1;1;0;0;0;0;0
143780;11;3;3200308;2020;10;20;3;3;2;6;2;0;1;0;0;0;0;1
143781;11;12;12100103;2020;10;14;4;2;0;2;0;1;0;0;0;1;0;1
143782;11;7;7400826;2020;10;17;2;3;1;7;0;1;1;0;0;0;0;0
143783;11;2;2500834;2020;10;18;5;3;5;3;0;1;1;0;0;0;0;0
143784;11;3;3501037;2020;10;8;4;3;5;3;0;0;1;0;1;0;0;0
143785;11;3;3400721;2020;10;7;5;3;5;3;0;1;0;0;0;0;0;0
143786;11;7;7501134;2020;10;14;7;3;2;6;0;0;1;0;0;0;0;0
143787;11;12;12200309;2020;10;7;5;3;5;2;0;1;1;0;0;0;0;0
143788;11;6;6300527;2020;10;17;2;3;0;2;0;0;1;0;1;0;0;1
143789;11;11;11100203;2020;10;7;5;2;6;4;0;0;0;1;0;0;1;1
143790;11;5;5300840;2020;10;17;5;3;2;6;0;0;1;0;0;0;0;0
143791;11;10;10100315;2020;10;9;4;2;5;2;0;1;1;0;0;0;0;0
143792;11;6;6200312;2020;10;11;2;3;5;3;0;1;1;0;0;0;0;0
143793;11;12;12100103;2020;9;19;4;3;1;5;1;1;1;0;0;0;0;0
143794;11;9;9200511;2020;10;16;4;2;6;4;0;0;1;1;0;0;0;1
143795;11;1;1401046;2020;9;13;4;3;5;2;0;1;1;0;0;0;0;0
143796;11;2;2300417;2020;10;19;7;3;0;7;2;1;0;0;0;0;0;0
143797;11;9;9100407;2020;10;18;5;3;5;2;2;1;1;0;0;0;0;1
143798;11;2;2300418;2020;10;9;2;3;5;3;0;1;0;0;0;0;0;0
143799;11;4;4400728;2020;9;14;4;3;3;6;0;1;1;0;0;0;0;0
143800;11;6;6300528;2020;10;11;7;3;5;2;0;1;1;0;0;0;0;0
143801;11;6;6400838;2020;10;20;5;3;1;5;2;0;1;0;0;0;0;1
143802;11;1;1100310;2020;10;9;2;3;6;7;0;0;1;1;0;0;0;0
143803;11;4;4300620;2020;9;7;4;3;0;2;0;1;1;0;0;0;0;0
143804;11;5;5300736;2020;10;21;4;2;1;5;2;0;1;0;0;0;0;0
143805;11;2;2200209;2020;10;8;2;3;5;2;0;1;1;0;0;0;0;0
143806;11;2;2300316;2020;9;6;4;3;5;7;1;1;1;0;0;0;0;0
143807;11;3;3200206;2020;10;15;4;3;2;6;0;1;0;0;0;0;0;1
143808;11;4;4400835;2020;10;19;3;3;0;5;2;1;1;0;0;0;0;1
143809;11;11;11300722;2020;10;19;1;3;2;3;2;0;1;0;0;0;0;0
143810;11;12;12500825;2020;9;7;4;3;7;7;0;1;0;0;0;0;0;0
143811;11;1;1100310;2020;10;14;6;3;0;2;0;1;0;0;0;0;1;0
143812;11;7;7400824;2020;10;18;5;3;6;2;0;0;1;1;0;0;0;1
143813;11;7;7200308;2020;10;8;2;3;5;2;0;1;0;0;0;0;0;0
143814;11;1;1100205;2020;10;9;3;3;0;1;0;0;0;0;1;0;0;0
143815;11;1;1100311;2020;9;17;4;3;3;6;0;1;1;0;0;0;0;0
143816;11;12;12400722;2020;10;17;4;3;5;7;1;0;1;0;1;0;0;0
143817;11;5;5100316;2020;10;12;3;3;3;6;0;0;1;0;0;0;1;0
143818;11;4;4501044;2020;9;14;4;3;5;2;0;1;1;0;0;0;0;0
143819;11;11;11100204;2020;10;18;4;3;0;3;2;0;1;0;0;0;0;1
143820;11;1;1100101;2020;9;21;4;3;0;6;2;0;1;0;1;0;0;0
143821;11;6;6400844;2020;10;7;3;2;5;3;0;1;1;0;0;0;0;0
143822;11;6;6200422;2020;10;13;1;3;4;6;0;1;1;0;0;0;0;0
143823;11;4;4200308;2020;10;17;1;3;1;5;0;1;1;0;0;0;0;0
143824;11;4;4300623;2020;9;20;4;3;5;7;2;0;1;0;1;0;0;0
143825;11;1;1100308;2020;10;20;6;3;3;6;2;1;0;0;0;0;0;0
143826;11;3;3501038;2020;10;16;4;3;0;3;0;0;1;0;1;0;0;1
143827;11;4;4300415;2020;10;8;2;3;0;7;0;1;0;0;0;0;0;0
143828;11;4;4500937;2020;10;12;3;3;6;4;0;0;0;1;1;0;0;0
143829;11;11;11300618;2020;9;20;4;2;6;4;1;1;1;1;0;0;0;0
143830;11;5;5100317;2020;10;15;4;3;5;3;0;0;1;0;0;0;1;1
143831;11;2;2200213;2020;9;19;4;3;6;4;2;1;0;1;0;0;0;0
143832;11;3;3501038;2020;10;17;7;3;2;2;0;1;1;0;0;0;0;0
143833;11;4;4400835;2020;10;7;2;3;5;2;0;1;1;0;0;0;0;0
143834;11;9;9200512;2020;9;19;4;3;6;7;1;0;1;1;0;0;0;0
143835;11;3;3701659;2020;9;19;4;3;1;5;1;0;1;0;1;0;0;0
143836;11;2;2500833;2020;10;7;2;3;0;1;0;1;0;0;0;0;0;0
143837;11;4;4400727;2020;10;13;1;3;5;2;0;1;1;0;0;0;0;0
143838;11;1;1300836;2020;10;21;7;3;6;4;2;1;0;1;0;0;0;0
143839;11;11;11501340;2020;10;6;2;3;5;3;0;0;1;0;0;0;0;0
143840;11;7;7501029;2020;9;18;4;3;0;3;1;1;1;0;0;0;0;0
143841;11;6;6100208;2020;10;17;6;3;0;3;0;1;1;0;0;0;0;0
143842;11;2;2400623;2020;10;13;4;3;2;6;0;0;1;0;0;0;0;1
143843;11;6;6200420;2020;10;2;2;3;1;5;2;0;1;0;0;0;0;0
143844;11;4;4200206;2020;9;18;4;3;2;2;0;1;1;0;0;0;0;0
143845;11;1;1100311;2020;10;8;4;3;5;2;0;1;1;0;0;0;0;0
143846;11;6;6400844;2020;9;18;4;2;6;4;0;0;1;1;0;0;0;0
143847;11;4;4400729;2020;10;14;7;3;2;6;0;0;1;0;0;0;0;0
143848;11;7;7601544;2020;10;6;5;3;5;2;0;0;1;0;0;0;0;0
143849;11;3;3601141;2020;10;0;2;3;0;7;2;1;1;0;0;0;0;0
143850;11;12;12100101;2020;9;18;4;3;2;6;0;0;1;0;1;0;0;0
143851;11;1;1300730;2020;10;9;4;2;6;4;0;0;1;1;0;0;0;0
143852;11;7;7501029;2020;10;15;1;2;2;6;0;0;1;0;0;0;0;0
143853;11;8;8100105;2020;9;17;4;3;1;5;0;0;1;0;0;0;1;0
143854;11;4;4501148;2020;10;12;4;3;5;3;0;0;1;0;0;0;0;1
143855;11;7;7300516;2020;10;15;1;3;1;5;0;1;1;0;0;0;0;0
143856;11;11;11300725;2020;9;16;4;2;0;1;0;1;0;0;0;0;0;0
143857;11;5;5200527;2020;10;6;4;2;5;2;1;1;1;0;0;0;0;0
143858;11;5;5200630;2020;9;16;4;2;5;3;0;0;1;0;0;0;0;0
143859;11;6;6200421;2020;10;10;7;3;0;1;0;1;0;0;0;0;0;0
143860;11;2;2500727;2020;10;19;5;3;0;1;2;0;0;0;1;0;0;1
143861;11;8;8100104;2020;10;15;1;3;5;2;0;1;1;0;0;0;0;0
143862;11;3;3400721;2020;9;16;4;2;5;3;0;1;1;0;0;0;0;0
143863;11;10;10100313;2020;10;5;4;3;6;4;2;0;0;1;0;0;1;1
143864;11;4;4400729;2020;10;14;1;3;5;7;0;1;1;0;0;0;0;0
143865;11;9;9200819;2020;9;16;4;2;5;2;0;0;1;0;0;0;1;0
143866;11;4;4300416;2020;10;15;4;3;0;1;0;1;0;0;0;0;0;1
143867;11;4;4100101;2020;10;19;1;3;0;6;2;0;1;0;0;0;0;0
143868;11;11;11200514;2020;9;16;4;3;6;4;0;0;1;1;0;0;0;0
143869;11;7;7400823;2020;9;14;4;2;5;2;0;0;1;0;1;0;0;0
143870;11;9;9401534;2020;10;16;4;3;5;3;0;1;1;0;0;0;0;1
143871;11;6;6100102;2020;9;14;4;3;2;7;0;0;1;0;0;0;0;0
143872;11;9;9200819;2020;10;20;7;3;5;2;1;0;1;0;0;0;0;0
143873;11;1;1100308;2020;10;18;5;3;5;2;1;1;1;0;0;0;0;1
143874;11;10;10100104;2020;10;13;1;3;1;5;0;0;1;0;1;0;0;0
143875;11;4;4501043;2020;10;13;3;3;2;2;0;1;1;0;0;0;0;0
143876;11;1;1100206;2020;9;14;4;3;6;4;0;1;0;1;0;0;0;0
143877;11;1;1200628;2020;10;18;4;3;5;3;0;1;0;0;1;0;0;1
143878;11;4;4501041;2020;10;19;3;3;6;2;2;0;1;1;0;0;0;1
143879;11;12;12100204;2020;9;14;4;2;5;2;0;1;1;0;0;0;0;0
143880;11;6;6300632;2020;10;20;3;2;6;2;2;0;1;1;0;0;0;1
143881;11;1;1100313;2020;10;11;1;3;5;3;0;0;0;0;1;0;0;0
143882;11;8;8100312;2020;10;2;1;2;1;5;2;1;1;0;0;0;0;0
143883;11;3;3501038;2020;9;14;4;3;0;5;0;1;1;0;0;0;0;0
143884;11;2;2500831;2020;10;18;6;3;5;3;1;1;1;0;0;0;0;0
143885;11;5;5300736;2020;10;14;4;3;2;7;0;1;0;0;0;0;1;1
143886;11;8;8100312;2020;10;14;1;3;5;3;0;0;1;0;0;0;1;0
143887;11;12;12500825;2020;10;17;3;3;2;6;0;0;1;0;0;0;1;0
143888;11;2;2500833;2020;10;20;4;3;6;4;2;0;1;1;0;0;0;1
143889;11;11;11100308;2020;10;10;6;3;1;5;0;1;1;0;0;0;0;0
143890;11;8;8100311;2020;10;12;6;3;6;4;0;0;0;1;1;0;0;0
143891;11;9;9501838;2020;10;18;6;2;5;3;1;1;1;0;0;0;0;1
143892;11;10;10300731;2020;10;14;3;3;2;6;0;0;1;0;0;0;0;0
143893;11;8;8100521;2020;10;13;5;3;2;2;0;1;1;0;0;0;0;1
143894;11;4;4200310;2020;10;19;2;2;6;4;2;0;1;1;0;0;0;0
143895;11;5;5300737;2020;10;7;2;3;0;1;0;1;0;0;0;0;0;0
143896;11;3;3500932;2020;10;9;6;3;5;2;0;1;1;0;0;0;0;1
143897;11;9;9501737;2020;10;6;4;3;5;3;2;0;1;0;0;0;0;1
143898;11;12;12400721;2020;10;9;6;3;1;5;0;1;1;0;0;0;0;1
143899;11;1;1100415;2020;10;11;7;2;0;1;0;1;0;0;0;0;0;0
143900;11;1;1401049;2020;10;15;7;3;5;2;0;1;1;0;0;0;0;0
143901;11;10;10200422;2020;10;14;3;3;0;3;0;0;1;0;0;0;0;0
143902;11;10;10400941;2020;10;7;6;3;0;3;0;0;1;0;1;0;0;1
143903;11;1;1300733;2020;10;18;6;3;6;4;0;1;0;1;0;0;0;1
143904;11;4;4300414;2020;10;8;3;3;5;3;0;1;1;0;0;0;0;0
143905;11;1;1300732;2020;10;21;5;3;2;6;2;0;1;0;0;0;0;1
143906;11;11;11200411;2020;10;11;1;2;5;2;0;0;1;0;0;0;0;0
143907;11;2;2500726;2020;10;18;1;2;6;4;1;0;1;1;0;0;0;1
143908;11;3;3500934;2020;10;12;5;3;6;4;0;0;0;1;0;0;1;1
143909;11;11;11300620;2020;10;20;1;3;5;2;2;0;1;0;0;0;0;1
143910;11;12;12100103;2020;10;15;1;3;1;5;0;1;1;0;0;0;0;0
143911;11;6;6200313;2020;10;15;4;3;0;1;0;1;0;0;0;0;0;1
143912;11;12;12500930;2020;10;23;6;3;5;2;2;1;1;0;0;0;0;1
143913;11;4;4300619;2020;10;13;6;3;0;4;0;0;0;1;0;0;1;0
143914;11;8;8100416;2020;10;16;6;3;2;6;0;1;1;0;0;0;0;0
143915;11;6;6400841;2020;10;13;3;3;0;3;0;1;1;0;0;0;0;0
143916;11;1;1200623;2020;10;21;6;3;1;5;2;1;1;0;0;0;0;1
143917;11;6;6100205;2020;10;12;5;3;1;7;0;0;1;0;0;0;0;1
143918;11;4;4100101;2020;10;19;2;3;6;4;2;0;1;1;0;0;0;0
143919;11;5;5100211;2020;10;15;1;3;5;3;0;1;1;0;0;0;0;1
143920;11;1;1100205;2020;10;19;1;3;5;2;2;1;1;0;0;0;0;0
143921;11;1;1100416;2020;10;17;4;3;5;3;1;1;1;0;0;0;0;1
143922;11;1;1100313;2020;10;21;6;3;6;2;2;0;1;1;0;0;0;1
143923;11;6;6400737;2020;10;11;6;3;6;4;0;0;1;1;0;0;0;1
143924;11;2;2200210;2020;10;17;6;3;5;2;1;1;1;0;0;0;0;0
143925;11;6;6300526;2020;10;16;3;3;0;6;0;0;1;0;1;0;0;0
143926;11;4;4400729;2020;10;8;6;3;0;1;0;0;0;0;1;0;0;1
143927;11;1;1300732;2020;10;14;4;2;2;6;0;0;1;0;1;0;0;1
143928;11;1;1100310;2020;10;6;6;3;5;2;1;0;1;0;0;0;1;1
143929;11;8;8100104;2020;10;15;6;3;5;3;0;0;1;0;0;0;0;0
143930;11;1;1300836;2020;10;18;3;3;5;2;0;1;0;0;0;0;1;0
143931;11;5;5300736;2020;10;21;6;3;1;1;2;0;1;0;1;0;0;1
143932;11;2;2500728;2020;10;19;5;3;0;5;2;1;1;0;0;0;0;1
143933;11;2;2300419;2020;10;11;2;3;2;6;0;1;1;0;0;0;0;0
143934;11;10;10400835;2020;10;12;4;3;0;6;0;0;1;0;0;0;1;1
143935;11;10;10200421;2020;10;13;7;3;2;6;0;0;1;0;0;0;0;0
143936;11;4;4300623;2020;10;14;7;3;5;3;0;1;1;0;0;0;0;0
143937;11;4;4300517;2020;10;18;4;3;5;3;1;0;1;0;0;0;0;1
143938;11;1;1200522;2020;10;21;6;3;3;6;2;1;0;0;0;0;0;1
143939;11;8;8200831;2020;10;10;6;2;2;6;0;0;1;0;0;0;0;0
143940;11;10;10100315;2020;10;15;6;3;6;2;0;0;1;1;0;0;0;0
143941;11;8;8200624;2020;10;12;3;3;5;2;0;1;1;0;0;0;0;0
143942;11;11;11300620;2020;10;9;5;3;2;2;0;0;1;0;0;0;0;1
143943;11;11;11100308;2020;10;14;2;2;6;7;0;0;0;1;0;1;0;0
143944;11;12;12601235;2020;10;6;2;3;5;2;1;1;1;0;0;0;0;0
143945;11;9;9501737;2020;10;5;6;2;6;4;2;0;0;1;0;0;1;1
143946;11;1;1100309;2020;10;0;5;3;0;1;2;0;0;0;0;0;1;1
143947;11;1;1200522;2020;10;9;4;3;5;3;0;1;1;0;0;0;0;1
143948;11;1;1300731;2020;10;13;5;3;8;1;0;0;1;0;0;0;0;1
143949;11;7;7400928;2020;10;13;2;3;5;3;0;0;1;0;0;0;0;1
143950;11;9;9100409;2020;10;11;2;3;2;6;0;0;1;0;0;0;0;0
143951;11;3;3400829;2020;10;9;5;3;1;5;0;1;1;0;0;0;0;1
143952;11;3;3400721;2020;10;10;4;3;5;3;0;1;1;0;0;0;0;1
143953;11;12;12400722;2020;10;19;7;3;1;5;2;1;1;0;0;0;0;0
143954;11;1;1300733;2020;10;1;7;3;1;5;2;1;1;0;0;0;0;1
143955;11;8;8401139;2020;10;19;4;3;6;7;2;0;1;1;0;0;0;1
143956;11;3;3601141;2020;10;9;6;2;0;7;0;1;0;0;0;0;0;1
143957;11;10;10200418;2020;10;9;6;2;0;3;0;0;0;0;0;0;1;0
143958;11;5;5100316;2020;10;16;6;3;2;4;0;0;1;1;0;0;1;1
143959;11;1;1401045;2020;10;14;3;3;1;5;0;1;1;0;0;0;0;0
143960;11;3;3601142;2020;10;13;5;3;0;1;0;0;0;0;1;0;0;1
143961;11;7;7100205;2020;10;18;1;3;5;3;2;1;1;0;0;0;0;1
143962;11;3;3200205;2020;10;16;1;3;5;3;0;0;1;0;1;0;0;0
143963;11;5;5200629;2020;10;8;6;3;6;2;0;0;1;1;0;0;0;1
143964;11;7;7200414;2020;10;15;4;3;6;2;0;0;1;1;0;0;0;1
143965;11;2;2200210;2020;10;10;6;2;2;6;0;0;1;0;1;0;0;1
143966;11;1;1100205;2020;10;11;7;3;5;2;0;1;1;0;0;0;0;0
143967;11;1;1100308;2020;10;23;6;3;0;7;2;0;1;0;0;0;0;1
143968;11;2;2300315;2020;10;13;3;3;5;2;0;0;1;0;1;0;0;0
143969;11;11;11300618;2020;10;8;6;3;1;5;0;0;1;0;1;0;0;1
143970;11;7;7200411;2020;10;19;6;3;0;2;1;0;1;0;0;0;1;1
143971;11;4;4300415;2020;10;11;6;3;0;7;0;1;0;0;0;0;0;1
143972;11;4;4200310;2020;10;20;7;3;5;3;2;0;1;0;0;0;0;0
143973;11;1;1100416;2020;10;17;7;2;0;1;0;1;0;0;0;0;0;0
143974;11;8;8100520;2020;10;20;3;3;0;4;2;0;0;1;1;0;0;0
143975;11;11;11200411;2020;10;11;6;3;5;2;0;1;0;0;0;1;0;0
143976;11;11;11200513;2020;10;18;6;3;0;3;0;0;1;0;1;0;0;1
143977;11;1;1200626;2020;10;10;3;3;6;2;0;0;1;1;0;0;0;0
143978;11;12;12200309;2020;10;11;5;3;0;6;0;0;0;0;1;0;1;1
143979;11;4;4400728;2020;10;17;1;2;1;1;1;0;1;0;1;0;0;1
143980;11;1;1200625;2020;10;10;1;3;3;6;0;1;1;0;0;0;0;0
143981;11;4;4500939;2020;10;16;4;3;2;6;0;0;1;0;0;0;0;1
143982;11;6;6300528;2020;10;12;6;3;0;3;0;0;1;0;1;0;0;0
143983;11;1;1100309;2020;10;9;6;3;6;4;0;1;0;1;0;0;0;0
143984;11;2;2200213;2020;10;9;3;3;0;1;0;0;0;0;1;0;0;1
143985;11;3;3300413;2020;10;6;6;3;5;3;0;1;1;0;0;0;0;1
143986;11;8;8100102;2020;10;18;5;3;3;6;1;1;1;0;0;0;0;1
143987;11;1;1100206;2020;10;17;2;3;5;3;0;1;1;0;0;0;0;0
143988;11;11;11200410;2020;10;19;2;3;5;3;2;0;1;0;0;0;0;0
143989;11;6;6200423;2020;10;10;5;3;2;6;0;0;1;0;0;0;0;1
143990;11;11;11100204;2020;10;13;1;3;5;2;0;0;1;0;0;0;0;1
143991;11;7;7100102;2020;10;22;1;3;5;2;2;0;1;0;0;0;0;0
143992;11;4;4100101;2020;10;17;4;3;2;6;0;0;1;0;0;0;0;1
143993;11;8;8100102;2020;10;6;6;3;0;1;1;0;0;0;1;0;0;1
143994;11;8;8401139;2020;10;14;6;3;5;3;0;1;1;0;0;0;0;0
143995;11;1;1100312;2020;10;19;3;3;1;5;2;1;1;0;0;0;0;0
143996;11;11;11401032;2020;10;13;6;3;1;5;0;1;0;0;1;0;0;0
143997;11;1;1100207;2020;10;15;5;3;3;6;0;1;0;0;0;0;0;1
143998;11;6;6200423;2020;10;14;2;2;1;5;0;0;1;0;0;0;0;0