OBJECTID;LAND;BEZ;LOR_ab_2021;UJAHR;UMONAT;USTUNDE;UWOCHENTAG;UKATEGORIE;UART;UTYP1;ULICHTVERH;IstRad;IstPKW;IstFuss;IstKrad;IstGkfz;IstSonstige;USTRZUSTAND
143999;11;1;1100313;2020;10;15;2;2;5;2;0;1;1;0;0;0;0;0
144000;11;3;3500934;2020;10;12;4;3;5;2;0;1;1;0;0;0;0;1
144001;11;6;6100209;2020;10;15;7;2;0;1;0;0;0;0;1;0;0;1
144002;11;11;11200410;2020;10;13;7;3;2;6;0;0;1;0;0;0;0;0
144003;11;2;2200210;2020;10;20;4;3;5;7;2;0;1;0;0;0;0;1
144004;11;6;6300631;2020;10;13;6;3;2;6;0;0;1;0;0;0;0;0
144005;11;1;1200626;2020;10;9;6;3;5;2;0;1;1;0;0;0;0;1
144006;11;10;10200418;2020;10;19;6;3;2;6;1;0;1;0;0;0;0;1
144007;11;1;1100311;2020;10;0;7;3;5;2;2;1;0;0;0;0;0;0
144008;11;7;7300517;2020;10;10;7;3;2;6;0;1;1;0;0;0;0;0
144009;11;11;11100307;2020;10;18;4;3;1;5;1;1;1;0;0;0;0;1
144010;11;10;10300731;2020;10;14;6;3;6;4;0;0;1;1;0;0;0;1
144011;11;3;3200308;2020;10;13;6;3;5;2;0;0;1;0;0;0;0;1
144012;11;10;10400938;2020;10;19;6;2;6;4;2;0;1;1;0;0;0;1
144013;11;4;4501041;2020;10;15;3;3;1;7;0;0;1;0;0;0;0;0
144014;11;2;2300316;2020;10;19;5;3;2;6;2;0;1;0;0;0;0;1
144015;11;1;1100308;2020;10;17;2;3;1;5;0;1;1;0;0;0;0;0
144016;11;7;7400928;2020;10;8;2;3;1;5;0;0;1;0;0;0;1;0
144017;11;1;1401048;2020;10;6;6;3;3;6;0;1;1;0;0;0;0;1
144018;11;1;1100103;2020;10;8;5;2;5;2;0;0;1;0;1;0;0;1
144019;11;10;10100313;2020;10;9;4;3;5;3;0;0;1;0;0;0;0;1
144020;11;6;6300524;2020;10;12;7;2;5;2;0;1;1;0;0;0;0;0
144021;11;2;2300314;2020;10;18;7;3;5;2;2;1;1;0;0;0;0;0
144022;11;11;11300721;2020;10;7;4;2;5;2;0;0;1;0;0;0;1;1
144023;11;3;3400827;2020;10;14;6;3;6;4;0;0;1;1;0;0;0;0
144024;11;1;1200623;2020;10;8;6;3;0;1;0;1;0;0;0;0;0;0
144025;11;1;1300834;2020;10;14;6;3;0;1;0;0;0;0;1;0;0;0
144026;11;1;1100102;2020;10;23;3;3;8;1;2;1;0;0;0;0;0;0
144027;11;1;1300836;2020;10;9;6;2;5;3;0;1;1;0;0;0;0;0
144028;11;4;4500939;2020;10;12;5;3;5;7;0;1;1;0;0;0;0;1
144029;11;2;2400623;2020;10;19;1;3;3;6;2;0;1;0;1;0;0;1
144030;11;2;2500833;2020;10;16;1;3;5;3;0;0;1;0;0;0;0;1
144031;11;1;1300733;2020;10;11;3;3;5;7;0;1;1;0;0;0;0;0
144032;11;1;1300732;2020;10;16;6;3;6;7;1;1;0;1;0;0;0;0
144033;11;7;7501134;2020;10;13;5;3;5;3;0;0;1;0;0;0;0;1
144034;11;12;12100204;2020;10;18;2;2;6;7;1;0;1;1;0;0;0;0
144035;11;8;8100312;2020;10;0;2;3;1;5;2;1;1;0;0;0;0;0
144036;11;3;3400828;2020;10;14;6;3;5;3;0;1;1;0;0;0;0;0
144037;11;8;8100314;2020;10;8;4;3;1;5;0;1;1;0;0;0;0;1
144038;11;9;9200715;2020;10;8;4;3;5;3;0;0;1;0;0;0;1;1
144039;11;8;8200623;2020;10;6;6;3;5;3;1;0;1;0;0;0;1;1
144040;11;5;5200524;2020;10;2;7;2;1;1;2;0;1;0;1;0;0;1
144041;11;11;11300725;2020;10;15;7;2;5;3;0;0;1;0;0;0;0;0
144042;11;10;10100311;2020;10;14;3;3;5;3;0;0;1;0;0;0;0;0
144043;11;7;7100205;2020;10;14;6;3;5;3;0;0;1;0;1;0;0;0
144044;11;2;2500834;2020;10;7;6;3;6;2;2;0;1;1;0;0;0;1
144045;11;9;9100203;2020;10;9;3;3;6;3;0;0;1;1;0;0;0;0
144046;11;1;1200628;2020;10;15;6;3;5;2;0;0;1;0;0;0;0;1
144047;11;2;2500830;2020;10;10;5;3;2;6;0;0;1;0;1;0;0;1
144048;11;11;11100206;2020;10;10;1;3;5;3;0;0;1;0;1;0;0;0
144049;11;6;6100102;2020;10;17;1;3;2;6;0;0;1;0;1;0;0;0
144050;11;5;5200420;2020;10;14;4;2;2;7;0;0;1;0;0;0;1;1
144051;11;8;8200624;2020;10;6;6;3;5;2;1;1;1;0;0;0;0;1
144052;11;4;4400834;2020;10;9;6;3;0;1;0;1;0;0;0;0;0;0
144053;11;12;12500824;2020;10;15;4;3;2;6;0;0;1;0;0;0;0;1
144054;11;1;1200628;2020;10;5;6;2;5;2;2;1;1;0;0;0;0;1
144055;11;5;5200419;2020;10;12;7;3;8;1;0;0;1;0;0;0;0;0
144056;11;4;4400830;2020;10;18;6;3;5;7;1;0;1;0;0;0;0;1
144057;11;2;2400623;2020;10;13;3;3;2;6;0;0;1;0;0;0;0;0
144058;11;7;7100102;2020;10;5;6;3;5;2;2;0;1;0;0;0;0;1
144059;11;3;3400828;2020;10;19;6;2;5;3;1;0;1;0;0;0;1;1
144060;11;2;2100105;2020;10;23;2;2;5;3;2;0;1;0;1;0;0;0
144061;11;1;1300732;2020;10;15;6;3;5;2;0;1;0;0;0;0;1;0
144062;11;8;8100520;2020;10;5;5;3;9;1;2;0;1;0;0;0;0;1
144063;11;2;2400623;2020;10;14;1;3;2;2;0;0;1;0;1;0;0;1
144064;11;1;1100308;2020;10;20;1;3;0;5;2;1;1;0;0;0;0;0
144065;11;2;2400521;2020;10;17;4;3;0;1;1;0;0;0;1;0;0;1
144066;11;10;10400837;2020;10;14;5;3;6;7;0;0;1;1;0;0;0;0
144067;11;12;12500926;2020;10;13;6;3;6;4;0;0;1;1;0;0;0;1
144068;11;2;2200208;2020;10;15;6;3;5;3;0;1;1;0;0;0;0;0
144069;11;7;7501029;2020;10;19;3;3;5;2;2;1;1;0;0;0;0;0
144070;11;10;10100316;2020;10;17;5;3;6;4;1;0;0;1;0;0;1;1
144071;11;2;2500835;2020;10;14;5;3;5;2;0;1;1;0;0;0;0;1
144072;11;1;1300836;2020;10;12;2;3;1;5;0;1;1;0;0;0;0;1
144073;11;7;7100102;2020;10;13;2;2;5;2;0;0;1;0;1;0;0;0
144074;11;6;6200312;2020;10;17;3;3;2;6;0;0;1;0;0;0;0;0
144075;11;8;8100104;2020;10;18;5;3;2;6;2;0;1;0;0;0;0;1
144076;11;10;10400940;2020;10;19;5;3;5;2;2;0;1;0;0;0;1;1
144077;11;4;4500936;2020;10;15;2;3;5;2;0;0;1;0;1;0;0;0
144078;11;7;7601544;2020;10;13;7;3;6;4;0;0;1;1;0;0;0;0
144079;11;1;1401044;2020;10;16;7;3;5;7;0;1;1;0;0;0;0;0
144080;11;5;5200528;2020;10;18;4;2;5;2;1;0;1;0;1;0;0;1
144081;11;9;9501941;2020;10;9;5;3;5;2;0;1;1;0;0;0;0;0
144082;11;6;6100103;2020;10;10;6;3;2;6;0;1;0;0;0;0;0;0
144083;11;2;2500833;2020;10;15;6;3;5;2;0;1;1;0;0;0;0;0
144084;11;10;10200417;2020;10;15;3;3;5;2;0;1;1;0;0;0;0;0
144085;11;1;1401049;2020;10;17;6;3;5;2;0;1;1;0;0;0;0;0
144086;11;9;9401534;2020;10;12;5;2;5;3;0;0;1;0;0;0;1;0
144087;11;3;3601245;2020;10;17;2;3;5;3;0;1;1;0;0;0;0;0
144088;11;8;8100310;2020;10;12;2;3;1;5;0;1;1;0;0;0;0;0
144089;11;9;9401431;2020;10;17;6;2;5;2;0;1;0;0;0;1;0;0
144090;11;2;2200212;2020;10;1;5;3;1;5;2;0;1;0;0;0;1;1
144091;11;6;6400844;2020;10;9;4;3;3;6;0;0;1;0;0;1;0;1
144092;11;7;7501134;2020;10;16;7;3;0;3;0;0;1;0;1;0;0;0
144093;11;1;1400942;2020;10;17;7;3;2;6;0;1;1;0;0;0;0;0
144094;11;4;4100101;2020;10;7;4;3;2;6;0;0;1;0;0;0;1;1
144095;11;3;3701556;2020;10;9;5;3;0;6;0;0;1;0;1;0;0;1
144096;11;7;7400928;2020;10;11;4;3;2;6;0;0;1;0;0;0;0;1
144097;11;3;3601245;2020;10;19;7;3;2;6;2;0;1;0;1;0;0;0
144098;11;1;1200624;2020;10;11;7;3;5;2;0;1;1;0;0;0;0;0
144099;11;1;1401048;2020;10;19;4;3;2;1;2;0;1;0;0;0;0;1
144100;11;4;4500937;2020;10;10;5;3;6;7;0;0;1;1;0;0;0;0
144101;11;11;11300722;2020;10;9;6;2;5;3;0;1;1;0;0;0;0;0
144102;11;8;8100419;2020;10;15;6;3;5;3;0;0;1;0;1;0;0;0
144103;11;1;1401043;2020;10;14;3;3;0;1;0;0;0;0;1;0;0;0
144104;11;11;11300721;2020;10;13;5;3;5;2;0;0;1;0;0;0;0;1
144105;11;8;8401241;2020;10;20;2;3;3;6;2;0;1;0;0;0;0;0
144106;11;9;9100306;2020;10;22;1;2;5;2;2;0;1;0;1;0;0;0
144107;11;2;2500836;2020;10;15;5;3;5;3;0;1;0;0;1;0;0;1
144108;11;8;8100521;2020;10;15;4;3;5;3;0;0;1;0;0;0;0;1
144109;11;9;9200715;2020;10;18;5;3;5;3;1;1;1;0;0;0;0;1
144110;11;8;8200622;2020;10;11;7;3;2;6;0;0;1;0;0;0;0;0
144111;11;7;7601442;2020;10;15;7;3;5;3;0;0;1;0;0;0;0;0
144112;11;11;11400929;2020;10;14;3;3;5;2;0;1;1;0;0;0;0;0
144113;11;5;5100316;2020;10;17;5;3;5;2;0;0;1;0;0;0;1;1
144114;11;2;2500727;2020;10;19;6;3;0;1;1;0;0;0;1;0;0;1
144115;11;9;9501939;2020;10;16;2;3;3;6;0;0;1;0;0;0;0;1
144116;11;4;4400726;2020;10;17;6;2;4;6;0;1;0;0;0;0;0;1
144117;11;11;11400929;2020;10;10;5;3;1;1;0;0;1;0;0;0;0;1
144118;11;12;12200515;2020;10;17;5;3;5;3;0;1;1;0;0;0;0;1
144119;11;1;1401049;2020;10;8;6;3;5;2;0;1;1;0;0;0;0;0
144120;11;3;3300514;2020;10;10;3;3;0;3;0;1;0;0;0;0;0;0
144121;11;4;4200310;2020;10;11;5;3;5;3;0;1;1;0;0;0;0;1
144122;11;5;5100316;2020;10;19;1;3;0;6;2;0;1;0;1;0;0;1
144123;11;12;12200309;2020;10;10;1;3;6;4;0;0;0;1;0;0;1;0
144124;11;4;4200311;2020;10;17;4;3;2;6;0;0;1;0;0;0;0;1
144125;11;2;2500726;2020;10;16;5;3;3;6;0;1;1;0;0;0;0;1
144126;11;2;2200213;2020;10;8;6;3;0;2;0;1;0;0;0;0;1;0
144127;11;1;1100415;2020;10;6;6;2;0;1;1;1;0;0;0;0;0;0
144128;11;10;10200420;2020;10;23;3;3;0;1;2;1;0;0;0;0;0;0
144129;11;6;6300633;2020;10;16;5;3;0;6;0;0;1;0;1;0;0;1
144130;11;3;3300412;2020;10;17;5;3;0;3;0;1;0;0;0;0;1;0
144131;11;1;1400938;2020;10;18;2;3;5;2;1;1;1;0;0;0;0;0
144132;11;6;6300526;2020;10;15;1;2;0;7;0;0;1;0;0;0;0;1
144133;11;6;6200312;2020;10;7;1;3;1;5;0;0;1;0;0;0;0;0
144134;11;4;4300416;2020;10;18;4;3;2;2;1;0;1;0;1;0;0;1
144135;11;10;10200418;2020;10;16;5;3;5;3;0;1;1;0;0;0;0;1
144136;11;8;8200727;2020;10;12;1;3;5;3;0;0;1;0;0;0;0;1
144137;11;1;1200521;2020;10;16;1;3;2;7;0;1;1;0;0;0;0;0
144138;11;5;5300737;2020;10;13;4;3;1;5;0;0;1;0;0;0;0;1
144139;11;9;9100305;2020;10;16;5;3;5;2;0;0;1;0;1;0;0;1
144140;11;8;8401242;2020;10;15;6;3;5;3;0;0;1;0;0;0;0;0
144141;11;2;2500830;2020;10;18;3;3;3;6;2;1;1;0;0;0;0;0
144142;11;1;1100206;2020;10;15;5;3;0;1;0;1;0;0;0;0;0;1
144143;11;1;1401049;2020;10;17;5;3;2;6;0;0;1;0;0;0;1;1
144144;11;4;4100101;2020;10;14;2;2;3;5;0;1;1;0;0;0;0;0
144145;11;1;1300733;2020;10;16;2;3;2;6;0;0;1;0;0;0;0;0
144146;11;1;1100310;2020;10;18;6;2;4;2;1;1;1;0;0;0;0;1
144147;11;1;1100308;2020;10;10;4;3;5;2;0;1;1;0;0;0;0;1
144148;11;2;2100106;2020;10;23;7;3;2;6;2;0;1;0;0;0;0;0
144149;11;3;3601450;2020;10;13;7;3;0;7;0;0;1;0;1;0;0;0
144150;11;10;10100313;2020;10;21;4;3;6;2;2;0;1;1;0;0;0;1
144151;11;12;12500926;2020;10;15;5;2;5;3;0;1;1;0;0;0;0;0
144152;11;12;12601031;2020;10;12;6;3;0;1;0;0;0;0;1;0;0;1
144153;11;5;5400942;2020;10;14;6;3;0;1;0;1;0;0;0;0;0;1
144154;11;12;12601236;2020;10;15;3;3;5;3;0;1;1;0;0;0;0;0
144155;11;12;12200310;2020;10;15;5;3;6;4;0;0;1;1;0;0;0;1
144156;11;1;1100309;2020;10;13;6;2;6;4;0;0;1;1;0;0;0;1
144157;11;5;5100316;2020;10;20;6;3;2;6;2;0;1;0;0;0;0;1
144158;11;3;3601450;2020;10;15;3;3;2;6;0;0;1;0;0;0;0;0
144159;11;2;2100104;2020;10;17;5;3;0;4;1;1;0;1;0;0;0;1
144160;11;9;9100409;2020;10;11;2;3;2;6;0;0;1;0;1;0;0;0
144161;11;8;8401241;2020;10;11;2;1;6;4;0;0;0;1;0;1;0;0
144162;11;2;2400625;2020;10;9;5;3;5;2;0;1;1;0;0;0;0;1
144163;11;5;5300840;2020;10;9;4;2;0;3;0;1;1;0;0;0;0;1
144164;11;1;1400938;2020;10;19;7;3;5;3;2;0;1;0;0;0;0;0
144165;11;8;8100206;2020;10;16;7;3;2;7;0;0;1;0;0;0;1;0
144166;11;9;9301025;2020;10;7;4;3;6;2;1;0;1;1;0;0;0;1
144167;11;9;9200818;2020;10;9;5;3;6;2;0;0;1;1;0;0;0;0
144168;11;12;12601235;2020;10;9;6;3;1;5;0;0;1;0;0;0;0;0
144169;11;4;4500939;2020;10;20;6;3;1;1;2;0;1;0;0;0;1;1
144170;11;4;4400835;2020;10;11;3;3;0;1;0;0;0;0;1;0;0;0
144171;11;9;9501939;2020;10;13;5;3;0;1;0;1;0;0;0;0;0;1
144172;11;7;7100205;2020;10;18;1;3;5;3;2;0;1;0;0;0;0;1
144173;11;4;4200308;2020;10;18;1;3;2;6;2;0;1;0;0;0;0;0
144174;11;1;1100309;2020;10;15;4;3;5;3;0;1;0;0;1;0;0;1
144175;11;1;1100309;2020;10;15;5;2;1;5;0;1;1;0;0;0;0;1
144176;11;4;4400726;2020;10;11;7;3;5;2;0;1;1;0;0;0;0;0
144177;11;11;11300620;2020;10;23;6;2;5;2;2;1;1;0;0;0;0;1
144178;11;5;5200630;2020;10;17;2;3;6;4;1;0;1;1;0;0;0;0
144179;11;2;2400521;2020;10;5;2;3;2;6;2;0;1;0;0;0;0;0
144180;11;7;7300517;2020;10;14;5;3;5;2;0;1;1;0;0;0;0;0
144181;11;7;7100102;2020;10;16;4;3;2;6;0;0;1;0;0;0;0;0
144182;11;4;4300416;2020;10;8;4;3;8;1;0;0;1;0;0;0;0;1
144183;11;3;3601245;2020;10;9;5;3;5;2;0;1;1;0;0;0;0;0
144184;11;5;5300736;2020;10;23;7;3;6;4;2;0;1;1;0;0;0;0
144185;11;5;5100314;2020;10;16;7;3;6;7;0;0;0;1;0;0;1;0
144186;11;1;1300834;2020;10;14;3;3;4;6;0;1;0;0;0;0;0;0
144187;11;4;4200308;2020;10;11;5;3;2;6;0;0;1;0;0;0;0;0
144188;11;10;10200418;2020;10;8;6;2;5;2;0;1;0;0;0;1;0;0
144189;11;6;6400735;2020;10;8;3;3;1;5;0;0;1;0;0;0;0;0
144190;11;5;5100209;2020;10;10;5;3;6;7;0;0;1;1;0;0;0;1
144191;11;3;3300517;2020;10;0;1;3;9;7;2;0;0;0;0;0;1;0
144192;11;1;1100207;2020;10;8;1;3;1;5;0;1;1;0;0;0;0;0
144193;11;5;5300840;2020;10;14;4;3;2;6;1;0;1;0;0;0;0;1
144194;11;6;6300528;2020;10;11;5;3;2;6;0;0;1;0;0;0;0;0
144195;11;5;5100208;2020;10;17;6;2;8;1;0;0;1;0;0;0;0;1
144196;11;11;11501238;2020;10;20;3;3;5;3;2;1;1;0;0;0;0;0
144197;11;9;9200510;2020;10;10;5;3;5;3;0;1;1;0;0;0;0;0
144198;11;9;9200715;2020;10;7;5;3;2;6;0;0;1;0;0;0;0;0
144199;11;10;10400940;2020;10;13;3;3;6;4;0;0;1;1;0;0;0;0
144200;11;4;4200308;2020;10;10;5;3;5;3;0;0;1;0;0;0;0;0
144201;11;1;1300836;2020;10;3;6;2;8;1;2;0;1;0;1;0;0;1
144202;11;4;4501040;2020;10;0;2;3;9;1;2;0;1;0;0;0;0;1
144203;11;12;12200309;2020;10;8;5;3;5;2;0;1;0;0;0;0;1;1
144204;11;2;2100102;2020;10;14;1;3;5;3;0;0;1;0;0;0;0;1
144205;11;4;4200311;2020;10;0;1;2;5;3;2;0;1;0;0;0;1;0
144206;11;10;10100316;2020;10;17;4;3;2;6;2;0;1;0;0;0;0;1
144207;11;8;8200832;2020;10;10;5;3;5;7;0;1;1;0;0;0;0;0
144208;11;1;1200521;2020;10;14;6;3;5;5;0;0;1;0;1;0;0;0
144209;11;3;3701554;2020;10;19;3;3;6;2;2;0;1;1;0;0;0;0
144210;11;1;1200522;2020;10;9;5;3;5;2;0;1;1;0;0;0;0;0
144211;11;1;1100207;2020;10;15;5;3;5;2;0;1;0;0;0;0;1;1
144212;11;8;8200833;2020;10;14;2;3;3;6;0;0;1;0;0;0;1;0
144213;11;1;1401048;2020;10;15;2;3;5;2;0;1;0;0;0;0;1;0
144214;11;3;3601450;2020;10;11;4;3;6;4;0;0;1;1;0;0;0;1
144215;11;9;9100203;2020;10;19;7;3;2;6;2;0;1;0;1;0;0;0
144216;11;2;2200210;2020;10;12;7;3;2;6;0;0;1;0;1;0;0;0
144217;11;6;6300632;2020;10;16;2;3;1;5;0;1;1;0;0;0;0;0
144218;11;8;8100209;2020;10;13;7;3;5;3;0;0;1;0;0;0;0;0
144219;11;5;5100211;2020;10;16;7;3;0;1;0;0;0;0;0;0;1;0
144220;11;1;1300836;2020;10;18;4;3;2;6;1;0;1;0;0;0;0;1
144221;11;9;9301126;2020;10;9;5;3;5;2;0;1;1;0;0;0;0;0
144222;11;2;2100104;2020;10;11;6;3;3;6;0;0;1;0;1;0;0;0
144223;11;7;7400826;2020;10;23;6;3;1;5;2;1;1;0;0;0;0;1
144224;11;11;11200514;2020;10;15;3;3;5;2;0;1;1;0;0;0;0;0
144225;11;2;2100102;2020;10;18;6;3;5;3;1;1;1;0;0;0;0;1
144226;11;8;8100103;2020;10;23;5;3;2;6;2;0;1;0;0;0;0;1
144227;11;11;11100205;2020;10;17;2;3;2;6;0;0;1;0;0;0;0;0
144228;11;7;7601236;2020;10;8;2;3;6;4;0;0;1;1;0;0;0;0
144229;11;4;4300412;2020;10;18;6;3;5;3;1;1;1;0;0;0;0;1
144230;11;11;11200514;2020;10;6;5;3;5;3;2;1;1;0;0;0;0;1
144231;11;3;3701554;2020;10;9;4;3;0;2;0;1;0;0;1;0;0;1
144232;11;9;9100304;2020;10;18;7;3;2;6;1;0;0;0;1;0;1;0
144233;11;1;1100205;2020;10;17;7;3;3;6;0;0;1;0;1;0;0;0
144234;11;1;1100309;2020;10;7;4;2;6;4;0;1;0;1;0;0;0;0
144235;11;1;1100311;2020;10;9;5;3;5;3;0;1;0;0;0;0;1;0
144236;11;1;1200626;2020;10;8;6;3;5;2;0;1;1;0;0;0;0;0
144237;11;7;7400823;2020;10;11;3;3;3;6;0;0;1;0;0;0;0;0
144238;11;9;9200715;2020;10;8;2;3;5;2;0;1;1;0;0;0;0;1
144239;11;8;8300934;2020;10;10;4;3;0;5;0;1;1;0;0;0;0;1
144240;11;3;3500934;2020;10;7;4;3;5;2;0;1;1;0;0;0;0;0
144241;11;6;6200311;2020;10;17;2;3;6;2;2;0;1;1;0;0;0;0
144242;11;6;6300524;2020;10;17;6;3;6;4;2;0;1;1;0;0;0;1
144243;11;11;11300617;2020;10;8;2;3;5;3;0;0;1;0;1;0;0;1
144244;11;1;1100308;2020;10;14;5;3;3;6;0;1;1;0;0;0;0;1
144245;11;1;1100312;2020;10;17;2;3;5;2;1;1;1;0;0;0;0;1
144246;11;2;2400520;2020;10;10;4;3;2;6;0;1;1;0;0;0;0;1
144247;11;4;4300416;2020;10;17;2;3;2;6;1;0;1;0;0;0;0;0
144248;11;1;1100309;2020;10;9;4;3;0;5;0;0;1;0;1;0;0;1
144249;11;6;6400839;2020;10;19;4;3;1;5;2;1;1;0;0;0;0;1
144250;11;1;1100102;2020;10;17;2;3;2;6;1;0;1;0;1;0;0;1
144251;11;2;2500835;2020;10;17;2;3;6;2;1;0;1;1;0;0;0;1
144252;11;4;4400728;2020;10;7;4;3;5;7;0;0;1;0;0;0;1;1
144253;11;1;1300732;2020;10;12;3;3;6;4;0;0;1;1;0;0;0;0
144254;11;7;7501029;2020;10;20;6;3;0;3;2;0;1;0;1;0;0;1
144255;11;1;1400938;2020;10;17;2;3;5;2;1;1;1;0;0;0;0;1
144256;11;8;8100103;2020;10;13;5;3;6;4;0;1;0;1;0;0;0;1
144257;11;4;4501148;2020;10;15;5;3;5;2;0;0;1;0;0;0;0;0
144258;11;5;5100208;2020;10;17;2;3;5;2;1;0;1;0;0;0;0;1
144259;11;9;9100306;2020;10;13;5;3;0;1;0;0;0;0;1;0;0;0
144260;11;8;8200832;2020;10;14;2;3;5;2;0;0;1;0;0;0;0;0
144261;11;10;10200421;2020;10;14;2;2;6;4;0;0;1;1;0;0;0;0
144262;11;4;4501043;2020;10;7;4;3;6;2;0;0;1;1;0;0;0;1
144263;11;2;2100101;2020;10;12;4;3;1;5;0;1;1;0;0;0;0;0
144264;11;6;6200313;2020;10;14;2;3;5;2;0;0;1;0;0;0;1;0
144265;11;9;9501941;2020;10;14;2;3;5;2;0;1;1;0;0;0;0;0
144266;11;1;1401045;2020;10;7;4;3;2;6;1;0;1;0;0;0;0;1
144267;11;1;1100206;2020;10;17;3;3;6;2;2;0;1;1;0;0;0;0
144268;11;2;2400625;2020;10;6;6;3;6;2;1;0;0;1;0;0;1;1
144269;11;3;3500934;2020;10;13;2;3;3;6;0;0;1;0;0;0;1;0
144270;11;1;1100308;2020;10;10;5;3;1;5;0;1;1;0;0;0;0;1
144271;11;1;1100104;2020;10;8;5;3;5;2;0;1;1;0;0;0;0;1
144272;11;2;2100106;2020;10;15;2;3;5;7;0;0;1;0;0;0;0;0
144273;11;4;4501151;2020;10;12;2;3;2;6;0;0;0;0;1;0;1;1
144274;11;8;8100520;2020;10;6;4;3;9;1;2;0;1;0;0;0;0;1
144275;11;8;8100102;2020;10;14;4;3;5;3;0;1;1;0;0;0;0;0
144276;11;11;11100307;2020;10;13;2;2;6;4;0;0;1;1;0;0;0;0
144277;11;5;5200528;2020;10;5;6;3;0;1;2;0;0;0;1;0;0;1
144278;11;5;5100316;2020;10;11;2;3;3;2;0;0;1;0;1;0;0;0
144279;11;8;8100209;2020;10;22;3;3;0;3;2;1;1;0;0;0;0;1
144280;11;1;1400938;2020;10;20;3;3;2;2;2;0;1;0;0;0;0;0
144281;11;3;3400620;2020;10;7;2;3;5;3;0;1;1;0;0;0;0;0
144282;11;12;12601032;2020;10;8;3;3;6;4;0;0;1;1;0;0;0;0
144283;11;9;9100407;2020;10;8;4;3;2;6;0;1;1;0;0;0;0;1
144284;11;3;3601244;2020;10;7;2;3;5;3;0;1;1;0;0;0;0;1
144285;11;1;1200628;2020;10;20;3;3;6;4;2;1;0;1;0;0;0;1
144286;11;11;11200514;2020;10;16;3;3;5;2;1;1;1;0;0;0;0;0
144287;11;4;4200310;2020;10;13;6;3;5;3;0;0;1;0;0;0;1;1
144288;11;6;6300629;2020;10;13;1;3;1;5;0;1;1;0;0;0;0;1
144289;11;3;3400723;2020;10;15;5;3;6;4;0;0;1;1;0;0;0;1
144290;11;1;1100101;2020;10;17;1;3;6;7;1;1;0;1;0;0;0;0
144291;11;4;4500937;2020;10;7;5;3;5;2;0;0;1;0;0;0;0;1
144292;11;4;4400728;2020;10;14;1;3;1;5;0;1;1;0;0;0;0;0
144293;11;2;2200208;2020;10;18;1;3;5;2;2;1;1;0;0;0;0;0
144294;11;1;1401045;2020;10;19;3;3;2;2;2;1;1;0;0;0;0;0
144295;11;4;4300517;2020;10;18;4;3;6;4;1;0;1;1;0;0;0;0
144296;11;3;3300412;2020;10;12;2;3;5;3;0;0;1;0;0;0;0;1
144297;11;4;4300412;2020;10;17;6;3;5;2;1;0;1;0;0;0;0;1
144298;11;11;11100204;2020;10;15;1;2;5;3;0;0;1;0;0;0;0;0
144299;11;4;4300416;2020;10;15;5;3;0;2;1;1;1;0;0;0;0;1
144300;11;6;6200316;2020;10;16;1;3;5;2;0;1;0;0;0;0;1;0
144301;11;2;2100101;2020;10;19;3;3;2;2;2;1;0;0;0;0;0;1
144302;11;5;5200420;2020;10;15;1;3;1;5;0;0;1;0;0;0;0;0
144303;11;12;12601235;2020;10;15;1;3;5;2;0;0;1;0;1;0;0;0
144304;11;2;2300315;2020;10;16;6;3;0;1;1;0;0;0;1;0;0;1
144305;11;8;8100312;2020;10;14;1;3;5;2;0;1;1;0;0;0;0;0
144306;11;7;7601238;2020;10;12;1;3;3;6;0;1;1;0;0;0;0;0
144307;11;4;4100101;2020;10;10;1;3;0;1;0;0;0;0;1;0;0;0
144308;11;9;9100407;2020;10;17;4;3;5;2;1;1;1;0;0;0;0;0
144309;11;5;5300735;2020;10;10;1;3;5;2;0;0;1;0;1;0;0;0
144310;11;2;2100106;2020;10;9;1;3;5;3;0;0;1;0;0;0;0;0
144311;11;7;7100101;2020;10;19;3;3;2;6;2;0;1;0;0;0;0;1
144312;11;2;2300316;2020;10;6;4;3;0;1;1;0;0;0;1;0;0;1
144313;11;10;10400837;2020;10;9;2;3;5;3;0;0;1;0;0;0;1;1
144314;11;3;3601346;2020;10;10;6;3;0;1;0;1;0;0;0;0;0;1
144315;11;5;5200423;2020;10;9;1;3;5;2;0;1;1;0;0;0;0;0
144316;11;6;6300632;2020;10;14;5;3;5;3;0;1;1;0;0;0;0;0
144317;11;7;7100101;2020;10;11;7;3;0;3;0;0;0;0;1;0;1;1
144318;11;1;1100103;2020;10;19;3;3;6;2;2;0;1;1;0;0;0;1
144319;11;10;10300731;2020;10;13;7;2;0;3;0;1;1;0;0;0;0;1
144320;11;7;7200413;2020;10;19;3;3;0;1;2;1;0;0;0;0;0;1
144321;11;12;12500926;2020;10;10;4;3;5;3;0;0;1;0;0;0;0;0
144322;11;1;1100103;2020;10;0;7;3;2;2;2;0;1;0;0;0;0;1
144323;11;7;7400825;2020;10;23;7;3;1;5;2;0;1;0;0;0;0;0