OBJECTID;LAND;BEZ;LOR_ab_2021;UJAHR;UMONAT;USTUNDE;UWOCHENTAG;UKATEGORIE;UART;UTYP1;ULICHTVERH;IstRad;IstPKW;IstFuss;IstKrad;IstGkfz;IstSonstige;USTRZUSTAND
144324;11;7;7100102;2020;10;18;3;3;5;2;2;0;1;0;0;0;1;0
144325;11;11;11200512;2020;10;19;3;3;0;6;2;1;0;0;0;0;0;0
144326;11;4;4500937;2020;10;11;3;3;1;5;0;1;1;0;0;0;0;0
144327;11;8;8100314;2020;10;11;4;3;6;2;0;0;1;1;0;0;0;1
144328;11;4;4300623;2020;10;23;7;3;8;1;2;0;0;0;1;0;0;0
144329;11;11;11200514;2020;10;14;7;3;2;6;0;0;1;0;0;0;0;0
144330;11;1;1100102;2020;10;18;3;3;2;6;2;0;1;0;0;0;0;0
144331;11;4;4400835;2020;10;13;3;3;3;6;0;1;0;0;0;0;1;0
144332;11;10;10400940;2020;10;19;6;3;0;1;2;0;0;0;1;0;0;1
144333;11;1;1100205;2020;10;13;7;3;2;7;0;0;1;0;0;0;0;0
144334;11;8;8100312;2020;10;23;5;3;0;7;2;1;0;0;0;0;0;0
144335;11;10;10300731;2020;10;10;7;3;3;2;0;0;1;0;0;0;1;0
144336;11;2;2200210;2020;10;6;7;3;5;3;2;0;1;0;0;0;0;1
144337;11;10;10300734;2020;10;10;3;3;0;2;0;0;0;0;0;0;1;0
144338;11;1;1300836;2020;10;13;4;3;5;2;0;1;1;0;0;0;0;0
144339;11;1;1401048;2020;10;1;7;3;0;1;2;0;0;0;1;0;0;1
144340;11;12;12200515;2020;10;8;3;3;5;2;0;1;1;0;0;0;0;0
144341;11;4;4501042;2020;10;10;3;2;5;2;0;0;1;0;1;0;0;0
144342;11;11;11100309;2020;10;10;6;3;6;2;0;0;1;1;0;0;0;1
144343;11;1;1300834;2020;10;21;7;3;3;6;2;0;1;0;0;0;0;0
144344;11;3;3601245;2020;10;10;5;3;0;2;0;1;1;0;0;0;0;1
144345;11;1;1100310;2020;10;8;5;3;0;2;0;1;1;0;0;0;0;1
144346;11;6;6100101;2020;10;9;6;3;5;2;0;1;0;0;0;1;0;1
144347;11;4;4300619;2020;10;19;7;2;1;5;2;0;1;0;0;0;0;0
144348;11;5;5100316;2020;10;12;5;3;1;5;0;1;1;0;0;0;0;1
144349;11;5;5300737;2020;10;14;5;3;5;2;0;1;1;0;0;0;0;1
144350;11;4;4501041;2020;10;18;7;3;5;3;1;0;1;0;0;0;0;0
144351;11;1;1100310;2020;10;18;7;3;1;5;2;1;1;0;0;0;0;0
144352;11;11;11300618;2020;10;18;3;2;6;4;2;0;1;1;0;0;0;1
144353;11;4;4100101;2020;10;8;4;3;5;2;0;1;1;0;0;0;0;1
144354;11;11;11100205;2020;10;5;6;3;5;3;2;0;1;0;0;0;1;1
144355;11;1;1300733;2020;10;15;7;3;6;4;0;1;0;1;0;0;0;0
144356;11;1;1100207;2020;10;9;3;3;5;2;0;1;1;0;0;0;0;0
144357;11;7;7400824;2020;10;10;3;3;1;7;0;0;1;0;0;0;0;0
144358;11;9;9200715;2020;10;14;6;3;5;3;0;0;0;0;1;0;1;1
144359;11;3;3200204;2020;10;15;7;3;2;2;0;0;1;0;1;0;0;0
144360;11;4;4300621;2020;10;15;7;3;1;5;0;1;1;0;0;0;0;0
144361;11;9;9501939;2020;10;7;5;3;2;6;0;0;1;0;0;0;1;1
144362;11;7;7300517;2020;10;15;7;3;3;3;0;1;1;0;0;0;0;0
144363;11;1;1100308;2020;10;16;7;3;6;4;0;0;1;1;0;0;0;0
144364;11;4;4400835;2020;10;18;3;3;2;6;2;0;1;0;0;0;0;0
144365;11;6;6300528;2020;10;7;4;3;2;6;0;0;1;0;1;0;0;1
144366;11;4;4100102;2020;10;11;2;3;0;1;0;0;0;0;1;0;0;1
144367;11;7;7400825;2020;10;17;6;3;5;7;1;0;1;0;0;0;0;1
144368;11;6;4200207;2020;10;17;7;2;0;6;1;1;1;0;0;0;0;0
144369;11;9;9501939;2020;10;16;7;2;6;4;0;0;1;1;0;0;0;0
144370;11;3;3601451;2020;10;8;3;3;5;3;0;0;1;0;0;0;0;0
144371;11;4;4501153;2020;10;16;4;2;5;3;0;0;1;0;1;0;0;0
144372;11;2;2200208;2020;10;11;2;3;2;6;0;0;1;0;0;0;0;1
144373;11;11;11501339;2020;10;16;6;3;5;2;1;1;1;0;0;0;0;1
144374;11;1;1300733;2020;10;15;7;2;0;1;0;0;0;0;1;0;0;0
144375;11;3;3601140;2020;10;14;3;3;6;7;0;0;1;1;0;0;0;0
144376;11;4;4300412;2020;10;8;5;3;0;3;1;1;1;0;0;0;0;1
144377;11;12;12200413;2020;10;14;7;3;5;5;0;0;1;0;0;0;0;0
144378;11;4;4501040;2020;10;9;3;3;0;7;0;1;1;0;0;0;0;1
144379;11;9;9100306;2020;10;18;7;1;3;6;2;0;1;0;1;0;0;0
144380;11;6;6300631;2020;10;9;6;3;5;2;0;1;1;0;0;0;0;0
144381;11;4;4300412;2020;10;8;4;3;5;2;0;1;1;0;0;0;0;1
144382;11;7;7400823;2020;10;18;6;2;6;4;2;0;1;1;0;0;0;1
144383;11;7;7400822;2020;10;16;6;3;2;6;0;0;1;0;0;0;0;1
144384;11;1;1100313;2020;10;8;3;2;5;3;0;1;1;0;0;0;0;0
144385;11;4;4501042;2020;10;12;3;2;6;2;0;0;0;1;0;0;1;0
144386;11;2;2200208;2020;10;11;2;3;2;7;0;0;0;0;1;0;1;1
144387;11;1;1401044;2020;10;6;6;3;5;2;1;1;1;0;0;0;0;1
144388;11;1;1100103;2020;10;23;6;3;0;1;2;0;0;0;1;0;0;1
144389;11;3;3300413;2020;10;22;3;3;5;2;2;0;1;0;0;0;0;0
144390;11;1;1100309;2020;10;13;5;3;0;3;0;1;0;0;1;0;0;1
144391;11;2;2200213;2020;10;22;6;3;2;5;2;0;1;0;1;0;0;1
144392;11;8;8100415;2020;10;22;6;3;0;3;2;0;1;0;1;0;0;1
144393;11;2;2400520;2020;10;6;3;2;4;6;2;1;1;0;0;0;0;1
144394;11;10;10300734;2020;10;15;5;2;3;6;0;1;0;0;0;0;0;0
144395;11;4;4501146;2020;10;21;6;3;2;6;2;0;1;0;0;0;0;1
144396;11;9;9200819;2020;10;7;3;3;1;5;0;1;0;0;0;0;1;0
144397;11;4;4501042;2020;10;20;6;3;9;1;2;0;1;1;0;0;0;1
144398;11;1;1100309;2020;10;20;6;3;0;1;2;1;0;0;0;0;0;1
144399;11;12;12200515;2020;10;17;3;3;5;3;0;0;1;0;0;0;1;0
144400;11;11;11100204;2020;10;21;4;3;5;3;2;0;1;0;0;0;0;0
144401;11;6;6200314;2020;10;19;6;3;6;2;2;0;1;1;0;0;0;1
144402;11;7;7200413;2020;10;19;6;3;6;2;2;0;1;1;0;0;0;1
144403;11;10;10200422;2020;10;17;3;3;0;2;0;0;1;0;0;0;1;0
144404;11;5;5100313;2020;10;13;3;3;0;4;0;0;0;1;0;0;1;0
144405;11;2;2500727;2020;10;9;6;3;5;7;0;0;1;0;1;0;0;1
144406;11;1;1100206;2020;10;19;6;3;5;3;2;1;1;0;0;0;0;1
144407;11;11;11200513;2020;10;19;3;3;5;2;2;1;0;0;1;0;0;0
144408;11;8;8200727;2020;10;19;5;3;5;3;2;1;1;0;0;0;0;0
144409;11;7;7200409;2020;10;15;5;3;1;5;0;1;1;0;0;0;0;0
144410;11;11;11501341;2020;10;14;6;3;6;2;0;0;1;1;0;0;0;1
144411;11;1;1100311;2020;10;14;6;3;2;6;0;0;1;0;0;0;0;1
144412;11;7;7400823;2020;10;16;3;3;1;5;0;1;1;0;0;0;0;0
144413;11;4;4300412;2020;10;14;4;3;0;1;0;0;0;0;1;0;0;1
144414;11;4;4100101;2020;10;13;6;3;4;6;0;0;1;0;0;0;0;0
144415;11;11;11501340;2020;10;16;3;3;3;6;0;0;1;0;0;1;0;0
144416;11;10;10200629;2020;10;11;4;3;0;7;0;1;0;0;0;0;0;1
144417;11;10;10300731;2020;10;11;6;3;0;6;0;0;1;0;0;0;1;0
144418;11;6;6300632;2020;10;10;6;3;3;6;0;1;1;0;0;0;0;0
144419;11;1;1300836;2020;10;16;3;3;5;3;0;0;1;0;0;0;0;0
144420;11;3;3300411;2020;10;18;3;3;5;3;2;0;1;0;1;0;0;0
144421;11;7;7400825;2020;10;7;6;3;5;7;0;0;1;0;0;0;1;1
144422;11;8;8200730;2020;10;9;6;3;0;6;0;0;1;0;0;0;0;1
144423;11;1;1300835;2020;10;7;3;3;5;3;0;1;1;0;0;0;0;0
144424;11;2;2400521;2020;10;10;5;3;0;2;0;1;1;0;0;0;0;1
144425;11;11;11100204;2020;10;9;5;2;5;3;0;0;1;0;0;0;0;1
144426;11;2;2500831;2020;10;9;6;3;2;7;0;1;1;0;0;1;0;1
144427;11;4;4501045;2020;10;9;6;3;1;5;0;1;1;0;0;0;0;0
144428;11;12;12500824;2020;10;16;3;3;0;1;0;1;0;0;0;0;0;0
144429;11;7;7400927;2020;10;7;4;3;1;5;0;1;0;0;0;1;0;0
144430;11;5;5100315;2020;10;10;2;3;5;2;0;0;1;0;0;0;0;0
144431;11;3;3300516;2020;10;19;6;3;5;2;2;0;1;0;0;0;0;1
144432;11;1;1200522;2020;10;7;6;2;0;7;0;1;0;0;0;0;0;1
144433;11;4;4300624;2020;10;15;3;3;2;6;0;0;1;0;0;0;0;0
144434;11;5;5400942;2020;10;15;3;2;4;6;0;0;1;0;0;0;0;0
144435;11;5;5100315;2020;10;14;6;3;2;6;0;0;1;0;0;0;0;1
144436;11;4;4300415;2020;10;7;6;3;0;2;1;1;0;0;0;0;1;1
144437;11;2;2100105;2020;10;6;6;3;2;6;1;0;1;0;0;0;0;0
144438;11;8;8100521;2020;10;14;3;3;2;2;0;0;1;0;0;0;0;0
144439;11;9;9100407;2020;10;17;3;3;0;3;2;1;0;0;0;0;1;0
144440;11;5;5300735;2020;10;12;6;3;5;2;0;0;1;0;0;0;0;1
144441;11;6;6100209;2020;10;5;6;3;0;7;2;0;0;0;1;0;0;1
144442;11;8;8200623;2020;10;17;5;3;5;3;2;1;1;0;0;0;0;0
144443;11;3;3200205;2020;10;7;5;3;5;3;0;1;1;0;0;0;0;1
144444;11;7;7501031;2020;10;0;6;3;2;7;2;0;1;0;0;0;0;1
144445;11;3;3500934;2020;10;11;6;3;1;5;0;0;1;0;0;0;0;0
144446;11;7;7200308;2020;10;14;3;3;6;4;0;0;1;1;0;0;0;0
144447;11;1;1100206;2020;10;17;4;3;6;2;1;0;1;1;0;0;0;0
144448;11;12;12100205;2020;10;9;2;3;5;2;0;1;0;0;0;1;0;1
144449;11;2;2300314;2020;10;18;6;2;5;3;2;1;1;0;0;0;0;1
144450;11;10;10200420;2020;10;11;6;3;2;6;0;0;0;0;1;0;1;0
144451;11;2;2400522;2020;10;6;3;3;2;3;0;0;1;0;0;0;0;0
144452;11;1;1100312;2020;10;8;5;3;5;2;0;1;1;0;0;0;0;1
144453;11;3;3500936;2020;10;12;6;3;0;3;0;1;0;0;0;0;1;0
144454;11;12;12500824;2020;10;18;2;3;2;6;2;0;1;0;0;0;0;1
144455;11;1;1200626;2020;10;13;6;3;2;6;0;0;1;0;0;0;0;0
144456;11;12;12601236;2020;10;14;6;2;5;3;0;0;1;0;0;0;1;1
144457;11;12;12200310;2020;10;16;4;3;2;6;1;0;1;0;1;0;0;0
144458;11;1;1200628;2020;10;14;6;3;5;2;0;0;1;0;1;0;0;1
144459;11;8;8200832;2020;10;14;6;3;2;2;0;0;1;0;0;0;1;1
144460;11;5;5100316;2020;10;15;6;3;2;6;0;0;1;0;0;0;0;0
144461;11;2;2300314;2020;10;15;6;3;0;5;1;0;1;0;1;0;0;1
144462;11;12;12500927;2020;10;6;5;3;5;2;1;0;1;0;0;1;0;1
144463;11;5;5300841;2020;10;16;6;3;2;7;0;0;1;0;1;0;0;1
144464;11;8;8100521;2020;10;16;6;3;5;3;0;0;1;0;1;0;0;1
144465;11;5;5300737;2020;10;13;3;3;6;2;0;0;1;1;0;0;0;0
144466;11;9;9200511;2020;10;6;4;3;1;5;0;1;1;0;0;0;0;1
144467;11;2;2500833;2020;10;9;2;3;5;3;0;1;1;0;0;0;0;1
144468;11;2;2400522;2020;10;17;6;3;5;7;2;1;0;0;0;0;1;1
144469;11;4;4400832;2020;10;17;6;3;0;3;1;1;1;0;0;0;0;1
144470;11;10;10200629;2020;10;13;5;3;1;5;0;0;1;0;0;0;0;1
144471;11;3;3300516;2020;10;17;6;2;4;1;0;0;1;0;0;0;0;1
144472;11;2;2100102;2020;10;12;3;3;1;5;0;1;1;0;0;0;0;0
144473;11;1;1100415;2020;10;15;5;3;6;7;0;0;0;1;0;0;1;0
144474;11;8;8100209;2020;10;23;3;3;5;3;2;0;1;0;0;0;0;1
144475;11;1;1100310;2020;10;7;4;3;5;2;1;1;1;0;0;0;0;0
144476;11;7;7601339;2020;10;18;5;3;1;5;1;1;1;0;0;0;0;0
144477;11;4;4300416;2020;10;12;5;3;2;6;0;0;1;0;0;0;0;0
144478;11;9;9501737;2020;10;21;3;2;0;1;2;0;0;0;1;0;0;1
144479;11;4;4501043;2020;10;11;3;3;5;2;0;1;1;0;0;0;0;0
144480;11;2;2100102;2020;10;20;6;2;6;2;2;0;1;1;0;0;0;1
144481;11;1;1300834;2020;10;19;5;3;3;5;2;0;1;0;1;0;0;0
144482;11;6;6200312;2020;10;23;2;3;3;6;2;1;1;0;0;0;0;0
144483;11;9;9200717;2020;10;20;3;3;9;1;2;0;1;0;0;0;0;1
144484;11;3;3601245;2020;10;11;3;3;2;6;0;0;1;0;0;0;0;0
144485;11;7;7200307;2020;10;9;6;3;5;3;0;1;1;0;0;0;0;1
144486;11;3;3400826;2020;10;13;5;3;0;7;0;0;1;0;0;0;0;0
144487;11;3;3400620;2020;10;13;5;2;4;6;0;0;1;0;0;0;0;1
144488;11;7;7300515;2020;10;13;5;3;5;3;0;1;0;0;0;0;0;0
144489;11;4;4300622;2020;10;12;5;3;5;3;0;0;1;0;0;0;0;0
144490;11;11;11401032;2020;10;18;2;3;5;3;2;0;1;0;0;0;0;0
144491;11;1;1100205;2020;10;13;4;3;2;2;0;1;1;0;0;0;0;0
144492;11;9;9200613;2020;10;12;5;3;2;2;0;0;1;0;0;0;0;0
144493;11;10;10100205;2020;10;12;5;3;5;3;0;0;1;0;1;0;0;0
144494;11;12;12200310;2020;10;23;2;3;5;3;2;0;1;0;0;0;0;0
144495;11;4;4300623;2020;10;10;3;3;5;7;0;1;1;0;0;0;0;1
144496;11;7;7400721;2020;10;6;6;3;5;2;2;0;1;0;0;0;0;1
144497;11;1;1100102;2020;10;12;5;3;0;2;0;1;0;0;1;0;0;0
144498;11;5;5100317;2020;10;10;5;3;2;7;0;0;1;0;0;0;0;1
144499;11;1;1100308;2020;10;8;5;3;3;6;0;1;1;0;0;0;0;1
144500;11;11;11200514;2020;10;12;5;2;5;2;0;1;1;0;0;0;0;0
144501;11;2;2200210;2020;10;12;5;3;5;3;0;0;1;0;0;0;0;0
144502;11;8;8100314;2020;10;22;2;3;5;2;2;1;1;0;0;0;0;0
144503;11;3;3601451;2020;10;15;4;3;2;6;0;0;1;0;0;0;0;1
144504;11;9;9200715;2020;10;18;5;3;5;3;2;1;1;0;0;0;0;0
144505;11;8;8100416;2020;10;15;5;2;0;7;0;1;0;0;0;0;0;1
144506;11;7;7601237;2020;10;10;5;2;2;2;0;0;1;0;1;0;0;0
144507;11;4;4300416;2020;10;10;5;3;5;7;0;1;1;0;0;0;0;0
144508;11;10;10400837;2020;10;17;2;3;5;3;1;1;1;0;0;0;0;0
144509;11;6;6200316;2020;10;14;4;3;5;2;0;0;1;0;1;0;0;0
144510;11;5;5100313;2020;10;15;6;3;2;6;0;0;1;0;0;0;0;1
144511;11;3;3701554;2020;10;10;5;3;1;5;0;1;1;0;0;0;0;0
144512;11;4;4300413;2020;10;8;2;3;6;7;0;1;0;1;0;0;0;1
144513;11;2;2100105;2020;10;21;3;3;5;3;2;1;1;0;0;0;0;0
144514;11;4;4200311;2020;10;14;6;3;2;6;0;0;1;0;0;0;0;1
144515;11;6;6100206;2020;10;9;5;3;1;6;0;0;1;0;0;0;0;0
144516;11;7;7300619;2020;10;18;2;3;5;2;1;0;1;0;0;0;0;1
144517;11;6;6300633;2020;10;15;5;2;0;7;0;1;1;0;0;0;0;1
144518;11;7;7400823;2020;10;8;5;3;1;5;0;1;1;0;0;0;0;0
144519;11;5;5200629;2020;10;7;5;3;5;2;0;1;1;0;0;0;0;1
144520;11;8;8200622;2020;10;23;5;3;1;5;2;0;1;0;1;0;0;0
144521;11;1;1300733;2020;10;22;5;3;2;6;2;0;1;0;0;0;0;0
144522;11;2;2100102;2020;10;11;2;3;5;2;0;1;0;0;0;0;1;0
144523;11;3;3601245;2020;10;18;4;2;5;2;2;1;1;0;0;0;0;0
144524;11;1;1300834;2020;10;9;2;3;2;6;0;0;0;0;0;0;1;1
144525;11;1;1100101;2020;10;17;6;3;0;2;1;1;0;0;1;0;0;1
144526;11;8;8100209;2020;10;20;5;3;5;3;2;0;0;0;1;0;1;0
144527;11;6;6400839;2020;10;15;5;3;6;7;0;1;0;1;0;0;0;0
144528;11;2;2500832;2020;10;9;2;3;2;6;0;0;1;0;0;0;0;0
144529;11;5;5400942;2020;10;19;6;2;2;6;2;0;1;0;0;0;0;1
144530;11;1;1300834;2020;10;19;5;3;0;1;2;1;0;0;0;0;0;0
144531;11;4;4300622;2020;10;15;3;3;3;6;0;0;1;0;0;0;0;0
144532;11;3;3300412;2020;10;16;6;3;5;3;0;0;1;0;0;0;0;1
144533;11;9;9100306;2020;10;20;5;3;3;6;2;1;1;0;0;0;0;0
144534;11;6;6300528;2020;10;19;5;2;5;2;2;1;0;0;0;0;0;0
144535;11;2;2200209;2020;10;10;5;2;6;4;0;1;1;1;0;0;0;0
144536;11;1;1100309;2020;10;11;4;3;5;2;0;1;1;0;0;0;0;0
144537;11;11;11300826;2020;10;19;5;3;4;6;2;0;1;0;0;0;1;0
144538;11;2;2300316;2020;10;17;5;3;2;6;0;0;1;0;0;0;0;0
144539;11;4;4200311;2020;10;11;2;2;0;6;0;0;1;0;1;0;0;0
144540;11;9;9502043;2020;10;6;4;3;2;6;2;0;1;0;0;0;0;1
144541;11;1;1200517;2020;10;9;2;3;5;3;0;0;1;0;1;0;0;1
144542;11;12;12100103;2020;10;9;6;3;5;3;0;1;1;0;0;0;0;1
144543;11;3;3500932;2020;10;16;5;3;5;3;0;1;1;0;0;0;0;0
144544;11;4;4300619;2020;10;13;5;3;0;6;0;1;1;0;0;0;0;0
144545;11;11;11501340;2020;10;15;5;3;5;3;0;1;1;0;0;0;0;0
144546;11;9;9100304;2020;10;16;5;3;5;2;0;1;1;0;0;0;0;0
144547;11;12;12601235;2020;10;11;2;3;5;3;0;1;1;0;0;0;0;0
144548;11;2;2100105;2020;10;11;4;3;2;7;0;1;1;0;0;0;0;0
144549;11;7;7200308;2020;10;16;5;3;5;5;0;1;1;0;0;0;0;0
144550;11;4;4501153;2020;10;15;5;3;1;5;0;1;1;0;0;0;0;0
144551;11;7;7300619;2020;10;9;2;3;0;7;0;0;1;0;0;1;0;1
144552;11;11;11400931;2020;10;15;5;3;6;3;0;0;1;1;0;0;0;0
144553;11;10;10100102;2020;10;15;5;3;5;3;0;1;1;0;0;0;0;0
144554;11;1;1100308;2020;10;9;2;3;5;2;0;1;1;0;0;0;0;1
144555;11;6;6100101;2020;10;22;4;3;6;4;2;0;1;1;0;0;0;0
144556;11;1;1400940;2020;10;15;5;3;6;4;0;0;1;1;0;0;0;0
144557;11;3;3601245;2020;10;8;5;3;2;6;0;0;1;0;1;0;0;0
144558;11;12;12400619;2020;10;9;2;3;5;3;0;0;1;0;0;0;0;1
144559;11;4;4200310;2020;10;13;3;3;2;2;0;0;1;0;1;0;0;0
144560;11;5;5200629;2020;10;19;6;3;5;3;2;0;1;0;0;0;0;1
144561;11;7;7501029;2020;10;7;5;2;6;4;1;1;0;1;0;0;0;0
144562;11;6;6300527;2020;10;20;5;3;5;3;2;1;1;0;0;0;0;0
144563;11;6;6100103;2020;10;15;5;3;6;2;0;0;1;1;0;0;0;0
144564;11;6;6300633;2020;10;0;5;2;5;3;2;0;1;0;0;0;1;0
144565;11;10;10100210;2020;10;9;2;3;5;3;0;0;1;0;1;0;0;1
144566;11;2;2400521;2020;10;13;4;3;5;2;0;1;1;0;0;0;0;0
144567;11;3;3601244;2020;10;13;5;3;5;2;0;1;1;0;0;0;0;0
144568;11;1;1300835;2020;10;8;2;2;0;1;0;0;0;0;1;0;0;1
144569;11;4;4400830;2020;10;14;3;3;5;2;0;1;1;0;0;0;0;0
144570;11;2;2200210;2020;10;12;6;3;2;6;0;0;1;0;0;0;0;1
144571;11;3;3601453;2020;10;13;5;3;5;2;0;1;0;0;1;0;0;0
144572;11;8;8200832;2020;10;8;2;3;5;3;0;0;1;0;0;0;0;1
144573;11;12;12200310;2020;10;19;3;3;5;3;2;1;1;0;0;0;0;1
144574;11;10;10300734;2020;10;7;6;3;5;3;1;1;1;0;0;0;0;1
144575;11;8;8100521;2020;10;13;5;3;5;3;0;0;1;0;0;0;0;1
144576;11;4;4400832;2020;10;18;5;3;3;6;2;0;1;0;1;0;0;1
144577;11;1;1300836;2020;10;9;5;3;2;6;0;0;1;0;0;0;0;0
144578;11;12;12400721;2020;10;13;5;3;0;3;0;0;1;0;1;0;0;0
144579;11;12;12100204;2020;10;14;4;3;3;6;0;0;1;0;0;0;0;0
144580;11;3;3300413;2020;10;7;2;3;2;6;1;0;1;0;0;0;0;0
144581;11;1;1401045;2020;10;8;4;3;2;6;0;0;1;0;0;0;0;1
144582;11;4;4501042;2020;10;5;6;3;1;5;2;1;0;0;0;1;0;1
144583;11;5;5300736;2020;10;11;4;3;2;6;0;0;1;0;0;0;0;1
144584;11;1;1400938;2020;10;5;2;3;2;2;2;0;1;0;0;0;0;1
144585;11;12;12200413;2020;10;16;3;3;5;3;0;0;1;0;0;0;0;0
144586;11;1;1200522;2020;10;14;6;3;2;6;0;0;1;0;1;0;0;1
144587;11;10;10100311;2020;10;10;4;3;5;2;0;0;1;0;0;0;0;1
144588;11;1;1300733;2020;10;18;4;3;5;2;2;1;1;0;0;0;0;0
144589;11;1;1200625;2020;10;6;5;3;0;2;1;0;1;0;1;0;0;1
144590;11;2;2500832;2020;10;19;4;3;2;6;2;0;1;0;0;0;0;1
144591;11;11;11300620;2020;10;17;4;2;5;7;1;0;0;0;1;0;1;0
144592;11;4;4501043;2020;10;9;5;3;0;6;0;1;1;0;0;0;0;1
144593;11;12;12500930;2020;10;8;5;3;2;6;0;0;1;0;0;0;0;0
144594;11;8;8100312;2020;10;15;4;3;6;4;0;0;1;1;0;0;0;1
144595;11;2;2200209;2020;10;17;4;3;2;6;1;0;1;0;0;0;0;0
144596;11;9;9200510;2020;10;1;2;3;8;1;2;0;1;0;0;0;0;1
144597;11;12;12400720;2020;10;9;4;3;5;3;0;0;1;0;0;0;1;0
144598;11;1;1200517;2020;10;7;2;3;5;3;0;1;1;0;0;0;0;1
144599;11;6;6200421;2020;10;16;6;3;5;3;2;0;1;0;0;0;0;1
144600;11;1;1100309;2020;10;15;4;3;6;2;0;0;1;1;0;0;0;0
144601;11;8;8200831;2020;10;17;2;2;5;3;2;0;1;0;0;0;0;1
144602;11;8;8100102;2020;10;9;3;3;5;3;0;1;1;0;0;0;0;0
144603;11;6;6400841;2020;10;14;5;3;1;5;0;0;1;0;0;0;0;0
144604;11;10;10300731;2020;10;15;4;3;6;4;0;0;0;1;0;0;1;0
144605;11;10;10100315;2020;10;14;2;3;6;2;0;0;1;1;0;0;0;0
144606;11;1;1401045;2020;10;12;4;3;9;1;0;0;1;0;0;0;0;1
144607;11;12;12100204;2020;10;14;4;3;5;2;0;1;1;0;0;0;0;0
144608;11;1;1200521;2020;10;16;4;3;0;5;1;0;0;0;1;0;1;0
144609;11;11;11300620;2020;10;13;4;3;0;1;0;1;0;0;0;0;0;1
144610;11;3;3200207;2020;10;12;4;2;5;3;0;1;1;0;0;0;0;1
144611;11;4;4300623;2020;10;14;2;3;6;7;0;0;0;1;0;0;1;0
144612;11;2;2300314;2020;10;16;3;3;6;4;0;1;0;1;0;0;0;0
144613;11;7;7601443;2020;10;9;6;3;3;6;0;1;1;0;0;0;0;1
144614;11;1;1200520;2020;10;13;3;3;5;3;0;1;0;0;0;0;1;0
144615;11;4;4300622;2020;11;15;6;3;1;5;0;1;1;0;0;0;0;0
144616;11;4;4501045;2020;11;8;2;3;2;6;0;0;1;0;0;0;0;1
144617;11;10;10400941;2020;11;6;3;3;0;3;2;1;1;0;0;0;0;1
144618;11;7;7300517;2020;11;19;2;3;5;3;2;0;1;0;0;0;0;0
144619;11;1;1200522;2020;11;2;7;3;0;1;2;0;0;0;1;0;0;1
144620;11;11;11300618;2020;11;10;5;3;5;3;0;1;1;0;0;0;0;0
144621;11;7;7601339;2020;11;13;2;3;5;3;0;1;1;0;0;0;0;0
144622;11;7;7400822;2020;11;14;6;3;5;2;0;1;1;0;0;0;0;0
144623;11;10;10200524;2020;11;16;3;3;0;2;1;1;1;0;0;0;0;0
144624;11;2;2100106;2020;11;22;1;3;2;7;2;1;0;0;0;0;1;0
144625;11;6;6200312;2020;11;11;7;2;5;3;0;1;1;0;0;0;0;0
144626;11;4;4100101;2020;11;14;1;2;5;3;0;0;1;0;1;0;0;0
144627;11;11;11300724;2020;11;12;4;3;6;4;0;0;1;1;0;0;0;0
144628;11;7;7400721;2020;11;7;2;3;5;2;0;0;1;0;0;0;1;1
144629;11;3;3601450;2020;11;6;6;3;2;2;1;0;1;0;0;0;0;0
144630;11;8;8401243;2020;11;12;1;3;0;1;0;1;0;0;0;0;0;1
144631;11;7;7400720;2020;11;11;3;2;5;2;0;1;0;0;0;1;0;0
144632;11;12;12500825;2020;11;10;6;3;0;3;0;0;1;0;0;0;1;0
144633;11;4;4500936;2020;11;19;4;3;6;4;2;1;0;1;0;0;0;0
144634;11;4;4501150;2020;11;11;2;3;5;2;0;1;0;0;0;0;1;1
144635;11;1;1300733;2020;11;17;5;3;5;2;2;1;1;0;0;0;0;0
144636;11;9;9300923;2020;11;14;3;3;0;1;0;0;0;0;1;0;0;0
144637;11;3;3500936;2020;11;15;2;3;2;2;0;1;1;0;0;0;0;0
144638;11;1;1401045;2020;11;14;5;3;5;2;0;1;1;0;0;0;0;0
144639;11;2;2300314;2020;11;10;3;3;2;6;0;1;1;0;0;0;0;0
144640;11;5;5100104;2020;11;10;7;3;6;7;0;0;1;1;0;0;0;0
144641;11;6;6100102;2020;11;18;1;3;5;2;2;0;1;0;1;0;0;0
144642;11;3;3701555;2020;11;16;4;3;0;1;1;1;0;0;0;0;0;0
144643;11;8;8401241;2020;11;8;2;3;5;3;0;0;1;0;0;0;0;1
144644;11;2;2100106;2020;11;0;6;3;5;3;2;0;1;0;0;0;0;0
144645;11;10;10200418;2020;11;13;1;3;5;2;0;0;1;0;0;0;0;0
144646;11;8;8100102;2020;11;12;3;3;6;2;0;0;1;1;0;0;0;0
144647;11;3;3601141;2020;11;13;6;3;0;2;0;1;1;0;0;0;0;0
144648;11;8;8200730;2020;11;15;4;3;5;2;0;1;1;0;0;0;0;0