OBJECTID;LAND;BEZ;LOR_ab_2021;UJAHR;UMONAT;USTUNDE;UWOCHENTAG;UKATEGORIE;UART;UTYP1;ULICHTVERH;IstRad;IstPKW;IstFuss;IstKrad;IstGkfz;IstSonstige;USTRZUSTAND
144649;11;4;4200308;2020;11;7;5;3;5;3;0;1;1;0;0;0;0;0
144650;11;9;9200715;2020;11;13;3;3;2;6;0;0;1;0;0;0;0;0
144651;11;1;1300732;2020;11;20;6;3;0;4;2;0;0;1;1;0;0;1
144652;11;9;9301126;2020;11;12;1;3;0;1;0;1;0;0;0;0;0;1
144653;11;4;4400835;2020;11;8;4;3;1;5;0;1;1;0;0;0;0;0
144654;11;2;2500830;2020;11;17;2;3;5;3;2;1;1;0;0;0;0;0
144655;11;6;6300526;2020;11;8;1;3;0;1;0;0;1;0;0;0;0;0
144656;11;10;10100311;2020;11;5;5;3;5;2;2;1;1;0;0;0;0;0
144657;11;1;1400938;2020;11;12;1;3;0;1;0;0;0;0;1;0;0;1
144658;11;1;1300836;2020;11;21;7;3;5;2;2;1;1;0;0;0;0;0
144659;11;12;12100205;2020;11;12;1;3;1;5;0;0;1;0;0;0;0;1
144660;11;2;2200212;2020;11;10;4;3;2;3;0;1;0;0;0;0;0;0
144661;11;10;10200627;2020;11;14;1;3;0;1;0;0;0;0;0;0;1;0
144662;11;8;8401244;2020;11;10;5;2;0;1;0;0;0;0;1;0;0;0
144663;11;6;6300633;2020;11;10;1;3;1;1;0;1;0;0;1;0;0;1
144664;11;12;12100204;2020;11;14;3;3;0;6;0;0;1;0;0;0;0;0
144665;11;6;6100101;2020;11;7;6;3;1;5;0;0;1;0;0;0;0;1
144666;11;2;2200213;2020;11;14;4;3;2;6;0;0;1;0;0;0;0;0
144667;11;4;4501042;2020;11;5;1;3;3;6;2;0;1;0;1;0;0;0
144668;11;10;10200418;2020;11;13;5;2;5;3;0;0;1;0;0;0;0;0
144669;11;1;1100104;2020;11;15;3;3;5;2;1;1;1;0;0;0;0;0
144670;11;6;6100101;2020;11;18;6;3;6;7;2;1;0;1;0;0;0;0
144671;11;1;1100103;2020;11;4;1;3;0;1;2;0;0;0;0;0;1;0
144672;11;12;12200413;2020;11;12;3;3;0;1;0;1;0;0;0;0;0;0
144673;11;10;10100315;2020;11;16;2;3;5;7;1;0;1;0;0;0;0;0
144674;11;7;7100103;2020;11;22;7;3;6;4;2;0;1;1;0;0;0;0
144675;11;3;3601243;2020;11;18;5;3;5;2;2;1;1;0;0;0;0;0
144676;11;6;6400838;2020;11;17;2;3;5;3;2;0;1;0;0;0;0;0
144677;11;3;3601245;2020;11;16;6;3;5;3;1;1;1;0;0;0;0;0
144678;11;10;10300731;2020;11;12;3;3;0;2;0;1;1;0;0;0;0;1
144679;11;4;4300623;2020;11;17;1;3;5;7;2;0;1;0;0;0;0;0
144680;11;11;11200513;2020;11;12;1;2;1;5;0;1;0;0;0;0;1;0
144681;11;9;9501941;2020;11;13;7;3;5;2;0;1;1;0;0;0;0;0
144682;11;10;10200420;2020;11;8;2;3;5;2;0;0;1;0;0;0;0;0
144683;11;7;7400823;2020;11;19;6;3;5;2;2;0;1;0;0;0;0;0
144684;11;12;12200515;2020;11;10;4;3;5;2;0;1;1;0;0;0;0;0
144685;11;12;12200309;2020;11;15;1;3;0;2;0;0;1;0;1;0;0;0
144686;11;6;6100101;2020;11;17;7;3;2;6;2;0;1;0;0;0;0;0
144687;11;3;3400723;2020;11;11;5;3;5;3;0;1;1;0;0;0;0;0
144688;11;5;5100317;2020;11;18;3;3;2;6;2;0;1;0;0;0;0;0
144689;11;1;1100308;2020;11;22;6;2;6;2;2;0;0;1;1;0;0;0
144690;11;12;12200310;2020;11;17;1;3;5;3;2;0;1;0;0;0;0;0
144691;11;12;12400618;2020;11;7;3;3;5;2;0;1;0;0;1;0;0;0
144692;11;8;8401241;2020;11;16;2;3;2;6;1;0;1;0;0;0;0;0
144693;11;10;10100312;2020;11;8;7;3;5;3;0;0;1;0;0;0;0;1
144694;11;9;9200715;2020;11;15;5;3;5;2;0;1;0;0;0;0;1;0
144695;11;1;1300835;2020;11;16;2;3;3;2;1;1;1;0;0;0;0;1
144696;11;10;10300731;2020;11;13;6;3;2;6;0;0;1;0;0;0;0;0
144697;11;11;11100309;2020;11;12;3;3;6;4;0;0;0;1;0;0;1;0
144698;11;6;6100207;2020;11;17;1;3;6;2;2;0;1;1;0;0;0;0
144699;11;5;5100105;2020;11;10;7;3;2;6;0;0;1;0;1;0;0;0
144700;11;11;11100204;2020;11;16;1;3;5;3;1;0;1;0;0;0;0;0
144701;11;1;1200623;2020;11;18;4;3;5;3;2;1;1;0;0;0;0;0
144702;11;11;11400927;2020;11;10;2;3;0;1;0;0;0;0;1;0;0;1
144703;11;8;8100521;2020;11;8;6;3;0;7;0;1;0;0;0;0;0;1
144704;11;4;4200308;2020;10;23;7;1;6;4;2;0;1;1;1;0;0;0
144705;11;7;7601340;2020;11;12;3;3;2;6;0;0;1;0;1;0;0;0
144706;11;12;12200310;2020;10;18;7;3;2;6;2;0;1;0;0;0;1;1
144707;11;3;3601142;2020;11;8;5;3;0;6;0;1;1;0;0;0;0;0
144708;11;4;4300623;2020;11;8;3;3;2;6;0;0;1;0;0;0;0;0
144709;11;2;2200208;2020;11;13;6;3;5;2;0;1;1;0;0;0;0;0
144710;11;12;12100206;2020;10;17;7;3;4;5;2;0;1;0;1;0;0;1
144711;11;2;2500726;2020;11;9;3;3;0;1;0;1;0;0;0;0;0;0
144712;11;2;2500835;2020;11;12;7;3;5;2;0;1;1;0;0;0;0;0
144713;11;2;2400623;2020;11;13;5;3;5;3;0;0;1;0;0;0;1;0
144714;11;8;8100416;2020;11;14;2;3;5;3;0;1;1;0;0;0;0;0
144715;11;2;2200210;2020;11;22;5;2;5;2;2;1;0;0;1;0;0;0
144716;11;12;12500930;2020;11;9;3;3;5;7;0;0;1;0;1;0;0;1
144717;11;1;1200520;2020;11;9;7;3;6;4;0;1;0;1;0;0;0;0
144718;11;8;8100105;2020;10;17;7;3;5;3;2;0;1;0;0;0;0;0
144719;11;8;8100104;2020;11;14;4;3;1;5;0;0;1;0;0;0;0;0
144720;11;10;10200420;2020;11;12;6;3;0;7;0;0;1;0;0;0;0;0
144721;11;12;12200309;2020;10;16;7;3;0;2;1;1;0;0;0;0;1;1
144722;11;5;5200420;2020;11;13;3;3;2;7;0;0;1;1;0;0;0;0
144723;11;1;1100309;2020;11;11;6;3;6;7;0;0;0;1;0;1;0;0
144724;11;1;1300835;2020;11;14;4;3;5;3;0;0;1;0;1;0;0;1
144725;11;2;2200211;2020;11;8;6;3;5;2;0;1;0;0;0;0;0;0
144726;11;7;7300619;2020;11;18;4;3;2;6;2;0;1;0;0;0;0;0
144727;11;3;3400828;2020;11;19;1;3;5;3;2;0;1;0;0;0;0;0
144728;11;1;1100309;2020;11;16;5;3;0;3;1;1;0;0;0;0;0;0
144729;11;9;9200717;2020;11;20;3;3;1;5;2;1;0;0;0;0;1;0
144730;11;7;7400927;2020;11;7;6;3;5;3;1;1;1;0;0;0;0;1
144731;11;10;10400941;2020;10;16;7;3;5;3;2;0;1;0;0;0;0;1
144732;11;9;9501737;2020;11;9;4;3;5;2;0;1;1;0;0;0;0;0
144733;11;1;1100415;2020;11;12;1;3;3;6;0;1;1;0;0;0;0;0
144734;11;4;4400834;2020;11;5;5;3;6;2;2;0;1;1;0;0;0;1
144735;11;11;11200512;2020;10;16;7;3;1;5;1;1;1;0;0;0;0;1
144736;11;1;1100308;2020;11;16;3;3;0;5;1;0;1;0;1;0;0;0
144737;11;9;9200715;2020;11;7;6;2;5;2;0;0;1;0;0;1;0;0
144738;11;9;9501838;2020;11;13;4;3;5;3;0;1;1;0;0;0;0;0
144739;11;2;2200210;2020;11;0;1;3;5;3;2;1;1;0;0;0;0;0
144740;11;5;5100316;2020;11;13;5;3;6;4;0;0;0;1;0;0;1;0
144741;11;12;12200307;2020;11;15;3;3;5;7;0;0;1;0;0;0;1;0
144742;11;10;10100311;2020;11;16;6;3;5;3;1;0;1;0;0;0;0;0
144743;11;2;2200209;2020;10;16;7;3;0;2;1;1;0;0;0;0;1;1
144744;11;9;9100304;2020;11;10;3;3;0;3;0;1;1;0;0;0;0;1
144745;11;7;7601340;2020;11;15;2;3;5;7;0;0;1;0;1;0;0;0
144746;11;7;7300516;2020;11;16;5;3;5;3;2;1;1;0;0;0;0;0
144747;11;9;9502043;2020;11;13;3;3;4;7;0;0;1;0;1;0;0;0
144748;11;9;9502043;2020;11;19;6;3;0;3;2;0;1;0;1;0;0;0
144749;11;8;8100206;2020;10;14;7;3;1;5;0;1;1;0;0;0;0;1
144750;11;10;10300731;2020;11;7;4;3;5;3;0;0;1;0;0;0;0;0
144751;11;2;2400623;2020;11;15;2;3;3;6;0;1;1;0;0;0;0;0
144752;11;5;5300735;2020;11;13;7;3;0;7;0;0;1;0;0;0;0;0
144753;11;2;2300316;2020;11;20;5;3;6;7;2;1;0;1;0;0;0;0
144754;11;10;10100206;2020;11;9;2;3;0;1;0;0;0;0;1;0;0;1
144755;11;1;1401043;2020;11;18;6;3;5;3;2;1;1;0;0;0;0;0
144756;11;1;1400942;2020;11;6;4;3;2;6;2;0;1;0;0;0;0;0
144757;11;11;11401137;2020;11;21;2;2;5;5;2;0;1;0;1;0;0;1
144758;11;5;5300736;2020;11;13;1;3;5;2;0;0;1;0;0;0;0;0
144759;11;4;4200310;2020;11;13;7;3;6;7;0;0;1;1;0;0;0;0
144760;11;1;1400938;2020;11;10;5;3;0;5;0;1;1;0;0;0;0;1
144761;11;11;11100307;2020;11;16;3;3;3;5;1;0;1;0;0;0;0;0
144762;11;10;10400938;2020;11;15;6;3;5;3;0;0;1;0;0;0;0;0
144763;11;12;12100103;2020;10;15;7;3;0;2;0;1;1;0;0;0;0;1
144764;11;4;4501040;2020;11;8;3;2;5;2;0;1;1;0;0;0;0;0
144765;11;6;6300528;2020;11;15;2;3;0;6;0;1;0;0;0;1;0;0
144766;11;4;4400835;2020;11;11;7;3;0;2;0;0;1;0;1;0;0;1
144767;11;3;11300617;2020;11;14;5;2;6;6;0;0;1;1;0;0;0;0
144768;11;6;6300632;2020;11;18;2;3;2;6;2;0;1;0;0;0;0;0
144769;11;6;6200317;2020;11;15;2;3;5;3;0;0;1;0;0;0;0;0
144770;11;5;5200631;2020;11;13;6;3;0;6;0;0;1;0;0;0;1;0
144771;11;9;9501939;2020;11;10;3;3;5;3;0;1;1;0;0;0;0;0
144772;11;8;8100314;2020;11;0;7;3;0;7;2;0;0;0;0;0;1;0
144773;11;12;12500930;2020;11;16;5;3;5;2;1;0;1;0;1;0;0;0
144774;11;1;1300733;2020;11;14;2;3;6;7;0;1;0;1;0;0;0;0
144775;11;1;1300733;2020;11;17;2;3;5;3;2;1;1;0;0;0;0;0
144776;11;1;1100415;2020;11;15;6;3;2;6;0;0;1;0;0;0;0;0
144777;11;5;5100104;2020;11;10;3;3;2;2;0;0;1;0;0;0;0;0
144778;11;10;10100205;2020;10;15;7;3;9;6;0;0;1;0;0;0;0;1
144779;11;2;2200209;2020;11;9;1;3;5;3;0;1;1;0;0;0;0;0
144780;11;3;3500934;2020;11;12;7;2;5;3;0;1;1;0;0;0;0;0
144781;11;6;6300524;2020;10;15;7;2;9;1;0;0;1;0;0;0;0;1
144782;11;9;9200511;2020;11;22;4;3;5;2;2;1;0;0;0;0;0;0
144783;11;4;4400830;2020;11;9;3;3;0;1;0;1;0;0;0;0;0;1
144784;11;7;7400826;2020;11;12;6;3;5;3;0;0;1;0;0;1;0;0
144785;11;3;3501038;2020;10;15;7;3;5;3;0;0;1;0;0;0;1;1
144786;11;1;1200629;2020;11;18;3;3;2;2;2;1;1;0;0;0;0;0
144787;11;8;8200624;2020;11;7;6;3;5;3;0;1;1;0;0;0;0;0
144788;11;7;7300516;2020;11;18;4;3;5;2;1;1;1;0;0;0;0;0
144789;11;5;5400943;2020;11;14;2;3;1;5;0;1;1;0;0;0;0;0
144790;11;6;6300526;2020;11;12;2;3;6;4;0;1;0;1;0;0;0;0
144791;11;6;6100206;2020;11;18;5;3;2;6;2;0;1;0;0;0;0;0
144792;11;4;4200311;2020;11;14;3;3;5;3;0;0;1;0;0;0;0;0
144793;11;1;1100310;2020;11;0;7;3;5;2;2;1;1;0;0;0;0;0
144794;11;5;5100105;2020;10;13;7;3;4;2;0;0;1;0;0;0;0;1
144795;11;5;5300839;2020;11;12;4;2;6;7;0;0;0;1;0;0;1;0
144796;11;11;11100308;2020;11;10;7;3;6;4;0;0;1;1;0;0;0;0
144797;11;3;3601245;2020;10;20;7;3;2;6;2;0;1;0;0;0;0;1
144798;11;3;3601245;2020;11;16;4;3;5;3;1;1;1;0;0;0;0;0
144799;11;7;7400927;2020;11;8;2;3;6;7;0;1;0;1;0;0;0;1
144800;11;3;3601245;2020;11;8;6;3;5;2;0;1;0;0;0;1;0;0
144801;11;2;2500727;2020;10;17;7;3;2;6;2;0;1;0;0;0;0;1
144802;11;7;7200409;2020;11;12;3;3;1;5;0;1;1;0;0;0;0;0
144803;11;8;8401242;2020;11;13;6;3;6;7;0;0;1;1;0;0;0;0
144804;11;1;1100101;2020;11;15;4;3;5;2;0;1;1;0;0;0;0;0
144805;11;6;6300629;2020;11;14;2;3;2;6;0;0;1;0;0;0;0;0
144806;11;12;12400723;2020;11;18;1;3;0;7;2;1;0;0;0;0;0;0
144807;11;7;8200831;2020;11;7;5;3;2;3;0;0;1;0;0;0;0;0
144808;11;1;1200520;2020;11;22;3;3;5;3;2;1;1;0;0;0;0;0
144809;11;6;6100103;2020;11;20;6;3;1;5;2;0;1;0;1;0;0;0
144810;11;8;8300934;2020;10;18;7;3;2;6;2;0;1;0;0;0;0;1
144811;11;4;4501148;2020;11;8;4;3;6;4;0;1;0;1;0;0;0;0
144812;11;11;11300617;2020;11;15;2;3;6;4;0;1;0;1;0;0;0;1
144813;11;6;6400843;2020;11;10;1;3;5;2;0;0;1;0;0;0;0;0
144814;11;8;8200727;2020;11;13;5;2;5;3;0;0;1;0;1;0;0;0
144815;11;11;11200410;2020;10;5;7;3;0;1;2;0;1;0;0;0;0;1
144816;11;2;2500833;2020;11;17;3;3;1;5;2;1;1;0;0;0;0;0
144817;11;2;2300314;2020;11;0;6;3;6;4;2;0;1;1;0;0;0;0
144818;11;4;4300623;2020;11;9;4;3;1;5;0;1;1;0;0;0;0;0
144819;11;6;6100209;2020;11;14;1;3;2;2;0;1;1;0;0;0;0;0
144820;11;3;3501038;2020;11;12;5;3;5;3;0;1;1;0;0;0;0;0
144821;11;11;11100203;2020;10;0;7;3;0;1;2;0;1;0;0;0;0;1
144822;11;3;3601142;2020;11;14;3;3;2;7;0;0;1;0;0;0;0;0
144823;11;5;5100211;2020;11;8;6;3;0;1;0;1;0;0;0;0;0;0
144824;11;2;2200209;2020;11;14;4;3;1;5;0;1;1;0;0;0;0;0
144825;11;7;7400721;2020;11;15;5;3;2;7;0;0;1;0;0;0;0;0
144826;11;9;9401432;2020;11;15;3;3;0;7;0;1;0;1;0;0;0;1
144827;11;6;6400838;2020;11;18;6;3;0;6;2;1;0;0;0;0;1;0
144828;11;4;4100102;2020;10;0;7;3;5;2;2;0;1;0;1;0;0;1
144829;11;8;8200624;2020;11;19;3;2;9;1;2;0;1;0;1;0;0;0
144830;11;2;2300417;2020;11;10;2;3;5;3;0;1;1;0;0;0;0;1
144831;11;2;2300315;2020;11;21;7;3;3;6;2;1;0;0;0;0;1;0
144832;11;2;2200209;2020;11;19;5;3;5;2;2;0;1;0;1;0;0;0
144833;11;5;5100208;2020;11;14;2;3;5;3;0;0;1;0;0;0;0;0
144834;11;11;11300724;2020;11;17;2;3;2;2;2;0;1;0;0;0;0;0
144835;11;3;3200205;2020;11;16;6;3;5;2;2;1;1;0;0;0;0;0
144836;11;6;6400838;2020;11;12;4;3;8;1;0;0;1;0;0;0;0;0
144837;11;9;9401534;2020;11;14;2;3;2;2;0;0;1;0;0;0;0;0
144838;11;8;8100419;2020;11;12;1;2;5;3;0;0;1;0;1;0;0;0
144839;11;10;10400938;2020;11;13;7;3;5;3;0;0;1;0;0;0;0;0
144840;11;3;3501037;2020;11;8;5;2;4;6;0;1;0;0;0;0;0;0
144841;11;1;1100308;2020;11;8;3;3;5;2;0;1;1;0;0;0;0;0
144842;11;10;10100312;2020;11;14;6;3;5;2;0;1;1;0;0;0;0;0
144843;11;5;5100316;2020;11;15;1;3;3;6;0;0;1;0;1;0;0;0
144844;11;10;10200629;2020;11;19;7;3;5;2;2;0;1;0;0;0;0;0
144845;11;8;8100206;2020;11;11;5;3;6;4;0;1;0;1;0;0;0;0
144846;11;12;12200412;2020;11;17;3;3;5;2;2;1;0;0;0;0;0;0
144847;11;10;10100312;2020;11;15;6;2;5;7;0;0;1;0;0;0;1;0
144848;11;7;7300618;2020;10;0;7;3;0;1;2;1;0;0;0;0;0;1
144849;11;9;9200716;2020;11;7;3;3;3;6;1;1;0;0;0;0;1;1
144850;11;8;8200726;2020;11;10;2;3;0;4;0;0;0;1;1;0;0;1
144851;11;5;5200423;2020;11;4;7;2;1;1;2;0;1;0;0;0;0;1
144852;11;7;7200308;2020;11;15;5;3;6;4;0;1;0;1;0;0;0;0
144853;11;10;10400940;2020;11;16;2;3;5;2;2;0;1;0;0;0;1;0
144854;11;9;9501939;2020;11;14;6;3;4;6;0;1;0;0;0;0;0;0
144855;11;11;11400930;2020;11;9;3;3;2;2;0;1;1;0;0;0;0;0
144856;11;9;9501737;2020;10;10;7;3;2;7;0;0;1;0;0;0;0;1
144857;11;4;4400728;2020;11;11;7;2;2;2;0;0;1;0;0;0;0;0
144858;11;5;5200423;2020;10;12;7;3;0;7;0;0;1;0;0;0;0;1
144859;11;1;1200517;2020;11;19;4;3;5;2;2;1;1;0;0;0;0;0
144860;11;11;11401135;2020;11;11;2;3;5;3;0;1;1;0;0;0;0;1
144861;11;4;4300619;2020;11;10;6;3;5;2;0;1;1;0;0;0;0;1
144862;11;5;5100316;2020;10;12;7;3;4;6;0;1;0;0;0;0;1;1
144863;11;8;8401242;2020;11;12;3;3;5;3;0;1;1;0;0;0;0;0
144864;11;10;10200422;2020;11;22;6;2;5;2;2;1;1;0;0;0;0;0
144865;11;11;11400929;2020;11;19;4;3;2;2;2;0;1;0;1;0;0;0
144866;11;10;10300731;2020;11;13;2;3;5;3;0;0;1;0;0;0;0;1
144867;11;4;4200310;2020;11;9;2;3;3;2;0;0;1;0;1;0;0;0
144868;11;4;4400727;2020;10;11;7;3;1;7;0;0;1;0;0;0;1;1
144869;11;12;12100101;2020;11;9;3;3;5;3;0;0;1;0;0;0;0;0
144870;11;7;7100102;2020;11;12;7;3;6;4;0;0;1;1;0;0;0;0
144871;11;12;12500926;2020;11;14;5;2;5;2;0;0;1;0;1;0;0;0
144872;11;4;4200308;2020;11;14;2;3;2;2;0;0;0;0;1;0;1;0
144873;11;9;9301025;2020;11;8;5;3;0;7;0;1;0;0;0;0;0;0
144874;11;5;5200423;2020;11;9;3;3;6;2;0;0;1;1;0;0;0;0
144875;11;1;1200628;2020;11;10;7;3;0;6;0;0;1;0;0;0;1;0
144876;11;4;4200311;2020;10;12;7;3;3;2;0;0;1;0;1;0;0;1
144877;11;7;7400826;2020;11;15;4;3;4;6;0;0;1;0;0;0;0;0
144878;11;9;9200819;2020;11;6;2;3;0;7;2;1;1;0;0;0;0;1
144879;11;12;12200309;2020;11;8;6;3;0;2;0;0;1;0;0;0;1;0
144880;11;3;3601243;2020;10;12;7;3;5;7;0;0;1;0;0;0;0;1
144881;11;5;5100105;2020;11;12;3;3;6;7;0;0;1;1;0;0;0;0
144882;11;9;9401329;2020;11;12;6;3;0;2;0;0;1;0;1;0;0;0
144883;11;2;2400522;2020;11;14;4;3;2;6;0;1;0;0;0;0;0;0
144884;11;7;7601442;2020;11;7;5;3;6;4;1;0;1;1;0;0;0;0
144885;11;1;1200628;2020;11;13;3;3;5;7;0;1;1;0;0;0;0;0
144886;11;3;3300412;2020;11;14;6;3;5;3;0;1;1;0;0;0;0;0
144887;11;2;2400521;2020;10;13;7;2;5;3;0;1;0;0;0;0;0;1
144888;11;2;2400521;2020;11;16;5;2;5;2;2;1;0;0;0;0;0;0
144889;11;9;9501838;2020;11;14;3;3;1;5;0;1;1;0;0;0;0;0
144890;11;6;6100103;2020;11;18;6;3;5;3;1;0;1;0;0;0;0;0
144891;11;1;1100415;2020;10;13;7;3;0;1;0;1;0;0;0;0;0;1
144892;11;1;1100414;2020;11;9;4;2;2;6;0;0;1;0;0;0;0;0
144893;11;5;5200528;2020;11;22;1;3;2;6;2;0;1;0;1;0;0;0
144894;11;7;7400927;2020;11;10;5;3;5;3;0;0;0;0;0;0;1;0
144895;11;12;12200310;2020;10;14;7;3;0;7;0;0;1;0;1;0;0;1
144896;11;11;11401137;2020;11;15;3;3;5;2;1;1;1;0;0;0;0;0
144897;11;5;5200420;2020;11;7;6;3;5;3;0;0;1;0;0;0;0;1
144898;11;5;5300840;2020;11;13;4;3;3;6;0;0;1;0;1;0;0;0
144899;11;7;7501030;2020;11;13;2;3;5;3;0;1;1;0;0;0;0;1
144900;11;8;8200831;2020;11;0;1;3;1;5;2;0;1;0;0;0;0;0
144901;11;1;1200626;2020;11;13;5;3;0;2;0;1;0;0;1;0;0;0
144902;11;3;3300517;2020;11;15;3;3;2;2;0;0;1;0;0;0;0;0
144903;11;9;9301126;2020;11;15;6;2;5;3;0;0;1;0;1;0;0;0
144904;11;6;6200422;2020;10;10;7;3;5;3;0;0;1;0;0;0;0;1
144905;11;12;12500825;2020;11;10;3;3;0;1;0;0;0;0;1;0;0;0
144906;11;3;3300514;2020;11;10;2;3;2;6;0;0;1;0;0;1;0;1
144907;11;4;4100102;2020;11;7;7;3;1;5;0;0;0;0;0;1;1;1
144908;11;1;1100206;2020;11;18;5;3;6;6;2;1;0;1;0;0;0;0
144909;11;6;6400737;2020;11;17;2;3;5;2;1;1;1;0;0;0;0;0
144910;11;3;3601243;2020;11;7;4;3;5;3;0;1;1;0;0;0;0;0
144911;11;2;2200209;2020;11;10;2;3;2;6;0;0;1;0;0;0;1;1
144912;11;1;1401049;2020;11;23;7;3;1;5;2;1;1;0;0;0;0;0
144913;11;4;4500937;2020;11;15;5;3;1;5;0;0;1;0;0;0;0;0
144914;11;11;11501341;2020;11;2;2;3;4;6;2;0;1;0;0;0;0;0
144915;11;1;1100207;2020;11;18;6;3;2;3;2;1;1;0;0;0;0;0
144916;11;10;10200629;2020;11;11;4;3;6;4;0;0;1;1;0;0;0;0
144917;11;1;1100205;2020;11;14;1;3;5;2;0;1;1;0;0;0;0;0
144918;11;11;11501340;2020;11;15;7;3;5;3;0;0;1;0;0;0;0;1
144919;11;5;5200528;2020;11;15;5;2;0;7;1;1;0;0;0;0;0;1
144920;11;2;2300316;2020;11;16;3;3;5;2;2;1;0;0;0;0;1;0
144921;11;8;8301036;2020;11;8;6;3;6;4;0;1;0;1;0;0;0;0
144922;11;4;4500939;2020;10;10;7;3;5;3;0;0;1;0;0;0;0;1
144923;11;9;9200510;2020;11;8;3;3;5;3;0;1;1;0;0;0;0;1
144924;11;12;12100101;2020;11;4;2;3;5;3;2;0;1;0;0;0;0;1
144925;11;1;1200520;2020;11;11;7;3;5;3;0;1;1;0;0;0;0;1
144926;11;10;10100311;2020;11;14;5;3;5;2;0;0;1;0;1;0;0;0
144927;11;7;7400927;2020;11;15;2;3;6;4;1;1;0;1;0;0;0;0
144928;11;4;4200207;2020;11;0;6;2;0;1;2;1;0;0;0;0;0;1
144929;11;12;12200309;2020;11;11;3;3;5;3;0;0;1;0;0;0;0;0
144930;11;10;10200524;2020;11;10;7;3;5;2;0;0;1;0;0;0;1;0
144931;11;7;7400822;2020;10;10;7;2;6;2;0;0;1;1;0;0;0;1
144932;11;2;2100101;2020;11;16;4;3;8;1;1;0;1;0;0;0;0;0
144933;11;12;12200515;2020;11;9;2;3;5;2;0;1;1;0;0;0;0;1
144934;11;5;5200629;2020;11;15;6;3;0;1;0;0;0;0;0;0;1;0
144935;11;8;8100312;2020;11;8;3;3;2;6;0;1;1;0;0;0;0;0
144936;11;12;12400723;2020;10;10;7;3;5;2;0;1;1;0;0;0;0;1
144937;11;12;12601235;2020;11;12;1;3;5;3;0;0;1;0;0;0;0;0
144938;11;9;9502043;2020;11;13;7;2;6;4;0;1;0;1;0;0;0;0
144939;11;1;2400520;2020;10;9;7;3;6;4;0;0;1;1;0;0;0;1
144940;11;5;5100211;2020;11;12;5;3;5;3;0;0;1;0;0;0;0;0
144941;11;6;6100102;2020;11;7;3;3;2;7;0;1;1;0;0;0;0;0
144942;11;7;7300517;2020;11;13;6;3;6;4;0;1;0;1;0;0;0;0
144943;11;1;1100205;2020;10;11;7;3;0;1;0;0;0;0;1;0;0;1
144944;11;2;2200212;2020;11;9;3;3;1;5;0;1;1;0;0;0;0;0
144945;11;2;2400522;2020;11;13;7;3;6;4;0;0;1;1;0;0;0;0
144946;11;2;2300314;2020;11;16;5;3;3;6;1;1;0;0;0;0;1;0
144947;11;1;1100414;2020;11;13;2;3;2;7;0;0;0;0;1;0;1;0
144948;11;4;4500938;2020;11;18;5;3;2;6;2;0;1;0;1;0;0;0
144949;11;2;2300316;2020;11;9;3;3;2;6;0;1;0;1;0;0;0;0
144950;11;12;12100101;2020;11;8;7;3;5;3;0;0;1;0;0;0;1;0
144951;11;2;2500833;2020;10;11;7;3;1;5;0;1;1;0;0;0;0;1
144952;11;5;5100211;2020;11;13;4;2;1;5;0;0;1;0;0;0;1;0
144953;11;1;1100309;2020;11;2;6;3;9;1;2;0;0;0;0;0;1;0
144954;11;7;7601341;2020;10;12;7;3;5;2;0;0;1;0;0;0;0;1
144955;11;5;5200632;2020;11;14;3;3;2;2;0;0;1;0;0;0;0;0
144956;11;1;1200624;2020;11;9;6;3;5;2;0;1;1;0;0;0;0;0
144957;11;11;11100102;2020;10;0;7;2;9;1;2;0;1;0;0;0;0;1
144958;11;12;12200515;2020;11;12;3;3;6;2;0;0;0;1;0;0;1;0
144959;11;10;10400938;2020;11;13;6;3;5;3;0;0;1;0;0;0;0;0
144960;11;6;6200312;2020;11;16;4;3;5;3;2;0;1;0;0;0;0;0
144961;11;3;3501038;2020;11;0;1;3;9;1;2;0;1;0;0;0;0;0
144962;11;7;7300619;2020;11;16;5;2;0;6;1;0;1;0;1;0;0;0
144963;11;5;5100316;2020;11;22;3;3;5;3;2;1;1;0;0;0;0;0
144964;11;2;2200211;2020;11;21;6;3;5;2;2;1;1;0;0;0;0;0
144965;11;7;7601236;2020;10;0;7;3;1;5;2;0;1;0;0;0;0;1
144966;11;1;1300732;2020;11;9;4;3;2;6;0;0;1;0;0;0;0;0
144967;11;9;9200818;2020;11;11;1;3;2;2;0;1;1;0;0;0;0;0
144968;11;2;2300315;2020;11;14;5;3;5;2;0;1;1;0;0;0;0;0
144969;11;4;4501041;2020;10;14;6;3;5;3;0;1;1;0;0;0;0;1
144970;11;12;12500927;2020;11;15;3;3;5;3;0;0;1;0;0;0;0;0
144971;11;1;1200624;2020;11;7;6;3;5;2;1;1;1;0;0;0;0;1