OBJECTID;LAND;BEZ;LOR_ab_2021;UJAHR;UMONAT;USTUNDE;UWOCHENTAG;UKATEGORIE;UART;UTYP1;ULICHTVERH;IstRad;IstPKW;IstFuss;IstKrad;IstGkfz;IstSonstige;USTRZUSTAND
144972;11;2;2400624;2020;11;7;4;3;5;3;0;1;1;0;0;0;0;0
144973;11;7;7300516;2020;11;19;7;3;0;2;0;1;1;0;0;0;0;0
144974;11;4;4400728;2020;11;12;5;3;0;2;0;1;1;0;0;0;0;0
144975;11;10;10300732;2020;11;15;3;3;5;3;0;1;1;0;0;0;0;1
144976;11;5;5200527;2020;11;8;6;3;1;5;0;0;1;0;0;0;0;0
144977;11;9;9200819;2020;11;14;4;2;5;2;0;1;1;0;0;0;0;0
144978;11;3;3400725;2020;11;15;5;3;6;4;0;0;1;1;0;0;0;0
144979;11;7;7400720;2020;11;16;3;3;3;1;0;0;1;0;1;0;0;1
144980;11;12;12100205;2020;11;19;6;2;1;7;2;0;1;0;0;0;0;0
144981;11;2;2500727;2020;10;16;6;3;2;6;0;1;1;0;0;0;0;1
144982;11;9;9100407;2020;11;7;4;3;8;1;0;0;1;0;0;0;0;0
144983;11;6;6100102;2020;11;6;2;2;5;2;2;0;1;0;0;0;1;1
144984;11;12;12200308;2020;11;12;7;3;5;3;0;0;1;0;0;0;0;1
144985;11;1;1300732;2020;11;20;5;2;1;5;2;0;1;0;0;0;0;0
144986;11;3;3701659;2020;11;12;2;3;1;5;0;1;1;0;0;0;0;1
144987;11;2;2100104;2020;11;17;2;3;6;4;2;0;1;1;0;0;0;0
144988;11;6;6100209;2020;11;17;6;3;6;7;2;0;1;1;0;0;0;0
144989;11;1;1100308;2020;11;10;4;2;0;1;0;1;0;0;0;0;0;0
144990;11;2;2400623;2020;11;12;2;3;2;6;0;0;1;0;0;0;0;1
144991;11;8;8100416;2020;11;13;1;3;1;5;0;1;1;0;0;0;0;0
144992;11;11;11100203;2020;11;13;7;3;5;2;0;1;1;0;0;0;0;0
144993;11;7;7300619;2020;11;9;5;3;2;6;0;0;1;0;0;0;0;0
144994;11;7;7100103;2020;11;8;3;2;5;2;0;1;1;0;0;0;0;0
144995;11;12;12400723;2020;11;14;6;3;5;2;0;1;0;0;0;0;1;0
144996;11;9;9501737;2020;10;9;6;2;5;7;0;0;1;0;0;0;1;1
144997;11;4;4501150;2020;11;8;3;3;0;6;0;0;1;0;1;0;0;0
144998;11;9;9301126;2020;11;11;7;3;5;2;0;1;1;0;0;0;0;0
144999;11;4;4501044;2020;11;14;5;2;5;2;0;0;1;0;1;0;0;0
145000;11;2;2300418;2020;12;17;3;3;6;4;2;1;0;1;0;0;0;0
145001;11;9;9300920;2020;11;20;6;3;0;7;2;0;1;0;0;0;1;1
145002;11;1;1100310;2020;11;3;3;3;2;6;2;0;1;0;0;0;0;0
145003;11;1;1100207;2020;11;9;3;3;0;3;0;1;0;0;0;0;1;0
145004;11;2;2300417;2020;11;22;5;3;5;2;2;1;0;0;0;0;1;1
145005;11;7;7501031;2020;11;8;2;3;2;6;0;0;1;0;0;0;0;0
145006;11;11;11300723;2020;11;10;6;1;5;2;0;1;0;0;0;1;0;0
145007;11;10;10400837;2020;11;17;4;3;5;3;2;1;1;0;0;0;0;0
145008;11;7;7400822;2020;11;13;7;3;2;6;0;0;1;0;0;0;1;0
145009;11;11;11100204;2020;11;16;6;3;5;3;0;1;1;0;0;0;0;0
145010;11;2;2100101;2020;11;12;3;3;0;1;0;1;0;0;0;0;0;0
145011;11;6;6200311;2020;11;17;6;3;5;2;2;1;1;0;0;0;0;0
145012;11;3;3100101;2020;11;17;2;3;5;2;2;0;1;0;0;0;0;0
145013;11;2;2400522;2020;11;9;6;3;0;5;0;1;1;0;0;0;0;1
145014;11;4;4100101;2020;11;17;6;3;5;2;2;0;1;0;1;0;0;0
145015;11;8;8100209;2020;12;13;3;3;1;5;0;1;0;0;0;0;1;0
145016;11;11;11200513;2020;11;15;6;2;6;4;0;0;1;1;0;0;0;1
145017;11;11;11200410;2020;11;5;2;2;6;7;2;0;1;1;0;0;0;1
145018;11;10;10100314;2020;11;11;5;2;6;4;0;0;1;1;0;0;0;1
145019;11;4;4300619;2020;11;11;1;3;5;3;0;0;1;0;0;0;0;0
145020;11;2;2300419;2020;11;20;6;3;2;6;2;1;1;0;0;0;0;0
145021;11;3;3400826;2020;11;13;4;2;5;3;0;0;1;0;0;0;0;0
145022;11;2;2200211;2020;11;14;6;3;2;7;0;1;1;0;0;0;0;0
145023;11;1;1100312;2020;12;17;4;3;5;3;2;1;1;0;0;0;0;0
145024;11;4;4400832;2020;11;14;4;3;6;7;0;0;1;1;0;0;0;0
145025;11;11;11300721;2020;11;16;7;3;5;3;1;1;1;0;0;0;0;0
145026;11;4;4500936;2020;11;14;6;2;2;6;0;0;1;0;0;0;0;0
145027;11;5;5200527;2020;11;13;6;3;3;6;0;0;1;0;0;0;0;0
145028;11;2;2100106;2020;11;18;2;3;5;2;2;1;1;0;0;0;0;0
145029;11;12;12100205;2020;11;6;6;3;5;2;2;0;1;0;0;0;1;1
145030;11;6;6400844;2020;11;13;6;3;2;6;0;0;1;0;0;0;0;0
145031;11;1;1300733;2020;12;10;3;3;2;6;0;0;1;0;1;0;0;0
145032;11;4;4200310;2020;11;12;6;3;1;5;0;0;1;0;0;0;0;0
145033;11;1;1100101;2020;11;8;2;3;0;1;1;1;0;0;0;0;0;0
145034;11;3;3500934;2020;11;10;5;3;6;4;0;0;1;1;0;0;0;0
145035;11;4;4200308;2020;11;4;1;3;0;1;2;0;1;0;0;0;1;1
145036;11;5;5300737;2020;11;11;6;3;2;6;0;0;1;0;0;0;0;0
145037;11;2;2500835;2020;11;11;4;3;0;1;0;0;0;0;1;0;0;0
145038;11;2;2300315;2020;11;10;5;3;5;2;0;1;1;0;0;0;0;0
145039;11;3;3601243;2020;11;15;5;3;0;1;0;1;0;0;0;0;0;1
145040;11;1;1401045;2020;11;8;2;3;5;3;0;1;0;0;0;0;1;0
145041;11;7;7400823;2020;11;16;3;3;3;6;1;1;1;0;0;0;0;0
145042;11;5;5400943;2020;11;14;6;2;6;4;0;0;1;1;0;0;0;0
145043;11;11;11400929;2020;11;11;2;3;6;4;0;1;0;1;0;0;0;0
145044;11;7;7100205;2020;11;22;5;3;5;2;2;0;1;0;0;0;0;1
145045;11;2;2200209;2020;11;13;2;3;5;2;0;1;1;0;0;0;0;0
145046;11;1;1100310;2020;11;12;5;3;5;2;0;0;1;0;0;0;0;1
145047;11;5;5100313;2020;11;12;2;3;0;5;0;0;1;0;1;0;0;0
145048;11;2;2500834;2020;11;14;6;2;0;1;0;1;0;0;0;0;0;0
145049;11;1;1200628;2020;11;0;2;3;6;4;2;0;1;1;0;0;0;0
145050;11;2;2200210;2020;11;8;5;3;0;1;0;1;0;0;0;0;0;1
145051;11;3;3500932;2020;11;12;2;3;5;3;0;1;1;0;0;0;0;0
145052;11;11;11401032;2020;11;9;4;3;2;6;0;0;1;0;0;0;0;1
145053;11;7;7601236;2020;11;4;7;3;1;5;2;0;1;0;0;0;1;1
145054;11;3;3500934;2020;11;7;5;3;5;2;0;1;1;0;0;0;0;0
145055;11;9;9200819;2020;11;16;5;3;2;6;1;0;1;0;0;0;1;0
145056;11;3;3601245;2020;11;18;5;3;6;7;2;1;0;1;0;0;0;1
145057;11;9;9200717;2020;11;21;5;3;5;3;2;0;1;0;1;0;0;0
145058;11;1;1100416;2020;11;10;2;3;1;5;0;0;1;0;1;0;0;1
145059;11;1;2100101;2020;11;9;3;3;5;3;0;1;1;0;0;0;0;0
145060;11;12;12200309;2020;11;16;6;3;6;4;0;1;0;1;0;0;0;0
145061;11;7;7400826;2020;11;14;2;2;6;4;0;0;1;1;0;0;0;0
145062;11;1;1300834;2020;11;21;5;3;6;2;2;0;0;1;0;0;1;1
145063;11;2;2400625;2020;11;20;4;3;5;3;2;0;1;0;0;0;0;0
145064;11;5;5100208;2020;11;11;7;2;5;3;0;0;1;0;0;0;0;0
145065;11;4;4300414;2020;11;20;5;3;5;2;2;0;1;0;0;0;0;1
145066;11;1;1300733;2020;11;11;2;3;5;2;0;0;1;0;0;0;0;0
145067;11;11;11300721;2020;11;18;5;2;4;7;2;0;1;0;0;0;0;0
145068;11;9;9100202;2020;11;18;5;3;2;6;2;0;1;0;0;0;0;1
145069;11;9;9100407;2020;11;8;4;3;2;6;0;0;1;0;0;0;0;1
145070;11;4;4200310;2020;11;21;7;3;2;6;2;0;1;0;0;0;0;0
145071;11;5;5100208;2020;11;17;5;3;3;6;2;0;1;0;0;0;0;1
145072;11;4;4500937;2020;11;8;5;3;2;6;0;1;1;0;0;0;0;0
145073;11;8;8100311;2020;11;17;5;3;3;6;2;1;0;0;0;1;0;1
145074;11;3;3601244;2020;11;8;5;3;0;1;0;1;0;0;0;0;0;0
145075;11;7;7200308;2020;12;16;3;3;1;5;2;1;1;0;0;0;0;0
145076;11;10;10100311;2020;11;17;5;3;5;3;2;0;1;0;0;0;0;1
145077;11;3;3601142;2020;11;19;2;3;5;2;2;1;1;0;0;0;0;0
145078;11;3;3501038;2020;11;9;3;3;9;1;0;0;1;0;0;0;0;0
145079;11;6;6400841;2020;11;18;5;3;5;3;2;0;0;0;0;0;1;1
145080;11;11;11300721;2020;11;7;2;2;2;7;0;0;1;0;0;1;0;0
145081;11;1;1200517;2020;11;7;5;3;5;3;0;0;1;0;0;0;0;0
145082;11;2;3601452;2020;11;15;4;3;2;6;0;0;1;0;0;0;0;0
145083;11;5;5200633;2020;11;12;7;2;5;2;0;0;1;0;0;0;0;0
145084;11;12;12100204;2020;11;6;5;3;2;2;2;0;1;0;1;0;0;0
145085;11;7;7400927;2020;11;17;2;3;5;3;2;0;1;0;0;0;0;0
145086;11;8;8200730;2020;11;0;5;2;9;1;2;0;1;0;0;0;0;0
145087;11;5;5100317;2020;11;16;2;3;2;2;1;0;1;0;0;0;0;0
145088;11;5;5100315;2020;11;15;6;3;1;5;0;0;1;0;0;0;0;1
145089;11;3;3400828;2020;11;17;5;3;6;4;1;0;1;1;0;0;0;1
145090;11;12;12400618;2020;12;19;3;3;1;5;2;0;1;0;0;0;0;0
145091;11;3;3200309;2020;11;16;5;3;3;6;2;1;0;0;0;1;0;1
145092;11;5;5300737;2020;11;16;2;3;5;2;0;1;1;0;0;0;0;0
145093;11;3;3100102;2020;11;7;5;2;1;1;0;0;1;0;0;0;0;1
145094;11;5;5200631;2020;11;10;2;3;5;3;0;1;1;0;0;0;0;0
145095;11;1;1300835;2020;11;9;6;3;6;7;0;0;1;1;0;0;0;0
145096;11;5;5100209;2020;11;16;5;3;0;2;2;0;1;1;0;0;0;1
145097;11;4;4501040;2020;12;14;3;3;1;5;0;1;1;0;0;0;0;0
145098;11;5;5100208;2020;11;16;5;3;0;1;2;1;0;0;0;0;0;1
145099;11;12;12200412;2020;11;9;2;3;2;6;0;0;1;0;0;0;0;1
145100;11;1;1300733;2020;11;15;5;3;6;4;1;1;0;1;0;0;0;1
145101;11;2;2500832;2020;11;19;2;3;4;7;2;1;1;0;0;0;0;0
145102;11;5;5100315;2020;11;15;5;3;5;3;1;0;1;0;1;0;0;0
145103;11;5;5100316;2020;11;15;4;3;3;6;0;0;1;0;0;0;0;0
145104;11;4;4200206;2020;11;14;7;3;0;1;0;1;0;0;0;0;0;0
145105;11;7;7601442;2020;11;14;5;3;5;2;0;0;1;0;0;0;0;0
145106;11;8;8100521;2020;12;13;4;3;5;3;0;0;1;0;0;0;0;0
145107;11;6;6100207;2020;11;14;5;3;3;6;0;0;1;0;0;0;0;1
145108;11;8;8401242;2020;11;9;2;3;5;3;0;0;1;0;0;0;0;0
145109;11;9;9200613;2020;11;7;6;2;6;4;1;0;1;1;0;0;0;1
145110;11;5;5400943;2020;12;8;3;3;6;4;0;0;1;1;0;0;0;0
145111;11;1;1100312;2020;11;8;5;3;1;5;0;1;1;0;0;0;0;1
145112;11;2;2200210;2020;11;16;2;3;1;5;1;1;1;0;0;0;0;1
145113;11;8;8401241;2020;11;15;4;3;6;6;0;0;0;1;0;0;1;0
145114;11;1;1300733;2020;11;16;1;3;0;5;2;0;1;0;1;0;0;0
145115;11;1;1100206;2020;11;9;5;3;6;2;0;0;0;1;0;0;1;0
145116;11;3;3601141;2020;11;9;1;3;5;3;0;0;1;0;0;0;0;1
145117;11;8;8100209;2020;11;10;5;3;0;7;0;0;1;1;0;0;0;0
145118;11;5;5300840;2020;11;12;4;3;5;7;0;0;1;0;0;0;1;1
145119;11;1;1100310;2020;11;12;5;2;0;4;0;1;0;1;0;0;0;0
145120;11;8;8100521;2020;12;8;4;3;5;3;0;0;1;0;0;0;1;0
145121;11;1;1400942;2020;11;12;5;3;0;3;0;0;1;0;1;0;0;1
145122;11;6;6300634;2020;11;9;2;3;6;4;0;1;0;1;0;0;0;0
145123;11;10;10200418;2020;11;16;6;3;5;3;2;1;1;0;0;0;0;0
145124;11;5;5200524;2020;11;11;2;3;2;6;0;0;1;0;0;0;0;0
145125;11;1;1300835;2020;11;10;5;3;0;1;0;0;0;0;1;0;0;1
145126;11;2;2300419;2020;11;9;2;3;5;3;0;1;0;0;0;0;0;0
145127;11;1;1100416;2020;11;8;4;2;0;1;0;1;0;0;0;0;0;0
145128;11;8;8100312;2020;11;12;7;3;0;5;0;1;1;0;0;0;0;0
145129;11;1;1100101;2020;11;13;5;3;0;7;0;1;0;0;0;0;0;0
145130;11;4;4500938;2020;11;19;4;3;5;2;2;1;1;0;0;0;0;0
145131;11;1;1100103;2020;11;7;4;3;2;2;1;1;1;0;0;0;0;0
145132;11;2;2300315;2020;12;17;3;2;7;7;2;0;0;0;1;0;0;0
145133;11;3;3200205;2020;11;6;4;2;5;2;2;0;1;0;0;0;0;1
145134;11;10;10200420;2020;11;13;2;3;6;4;0;0;1;1;0;0;0;0
145135;11;4;4200308;2020;11;15;3;3;5;3;0;0;1;0;0;0;0;0
145136;11;6;6100102;2020;11;18;6;3;6;4;2;0;1;1;0;0;0;0
145137;11;9;9501941;2020;11;15;4;3;5;2;0;1;1;0;0;0;0;0
145138;11;1;1100313;2020;11;11;4;3;5;3;0;1;1;0;0;0;0;0
145139;11;3;3400721;2020;11;8;2;3;4;6;0;0;1;0;0;0;1;0
145140;11;3;3701554;2020;11;8;3;3;3;6;0;1;0;0;0;0;0;0
145141;11;2;2200208;2020;11;20;6;3;5;2;2;1;1;0;0;0;0;0
145142;11;4;4400729;2020;11;15;2;2;0;7;1;1;0;0;0;0;0;0
145143;11;1;1200628;2020;11;13;4;3;3;6;0;0;1;0;1;0;0;0
145144;11;4;4300619;2020;11;12;4;3;2;3;0;1;1;0;0;0;0;0
145145;11;1;1100207;2020;11;17;7;3;5;3;2;0;1;0;0;0;1;1
145146;11;8;8401241;2020;11;12;4;3;5;3;0;0;1;0;0;0;0;0
145147;11;1;1401047;2020;11;10;4;3;6;7;0;0;1;1;0;0;0;0
145148;11;3;3501038;2020;11;12;4;2;1;5;0;0;1;0;0;0;0;1
145149;11;5;5100317;2020;11;12;4;3;3;6;0;1;1;0;0;0;0;0
145150;11;4;4300412;2020;11;11;4;3;6;7;0;1;0;1;0;0;0;0
145151;11;9;9300920;2020;12;15;3;2;6;7;0;0;0;1;0;0;1;0
145152;11;12;12200307;2020;11;11;4;2;4;6;0;0;1;0;0;0;1;1
145153;11;11;11300722;2020;11;8;2;3;5;2;0;1;1;0;0;0;0;0
145154;11;4;4501152;2020;11;15;3;3;6;4;0;0;1;1;0;0;0;0
145155;11;8;8200623;2020;11;16;5;3;5;7;2;0;1;0;0;0;0;1
145156;11;11;11501339;2020;11;7;2;3;2;6;0;0;1;0;0;0;0;0
145157;11;1;1100102;2020;11;10;4;3;6;4;0;0;1;1;0;0;0;0
145158;11;2;2200213;2020;11;10;4;3;5;3;0;1;1;0;0;0;0;0
145159;11;8;8100417;2020;11;14;4;3;5;2;0;1;1;0;0;0;0;0
145160;11;12;12601031;2020;11;17;7;3;6;2;2;0;1;1;0;0;0;0
145161;11;4;4200308;2020;11;19;4;3;5;2;2;0;1;0;1;1;0;0
145162;11;10;10100312;2020;11;6;2;3;2;2;2;0;0;0;1;1;0;0
145163;11;5;5200629;2020;11;21;4;3;2;6;2;0;1;0;0;0;1;0
145164;11;5;5100316;2020;11;14;3;3;5;2;0;0;1;0;0;0;1;0
145165;11;2;2300315;2020;11;17;4;3;5;2;2;1;1;0;0;0;0;1
145166;11;4;4300414;2020;11;14;7;3;5;2;0;1;1;0;0;0;0;0
145167;11;1;1100206;2020;11;22;4;3;5;2;2;1;1;0;0;0;0;0
145168;11;3;3601245;2020;11;6;2;3;5;2;1;1;1;0;0;0;0;1
145169;11;1;1100206;2020;11;9;4;3;6;4;0;0;0;1;0;0;1;0
145170;11;4;4300624;2020;11;18;4;3;0;1;2;1;0;0;0;0;0;0
145171;11;3;3400830;2020;11;7;2;3;5;3;0;0;1;0;0;0;0;0
145172;11;12;12400722;2020;11;12;6;3;0;6;0;0;1;0;1;0;0;1
145173;11;9;9300920;2020;11;8;4;3;0;1;0;0;0;0;1;0;0;1
145174;11;12;12400721;2020;12;13;3;3;5;3;0;1;1;0;0;0;0;0
145175;11;3;3601451;2020;11;18;4;3;6;7;2;1;0;1;0;0;0;0
145176;11;11;11300721;2020;11;0;2;3;9;1;2;0;1;0;0;0;0;1
145177;11;5;5300736;2020;11;12;5;3;2;6;0;0;1;0;0;0;0;1
145178;11;1;1100308;2020;11;10;2;3;2;6;0;1;1;0;0;0;0;0
145179;11;12;12200307;2020;11;17;4;3;6;2;2;0;1;1;0;0;0;0
145180;11;4;4400833;2020;11;19;3;3;6;2;2;0;0;1;0;0;1;0
145181;11;12;12200515;2020;11;13;4;2;6;2;0;0;0;1;0;0;1;0
145182;11;7;7300619;2020;11;8;4;2;5;3;0;0;1;0;1;0;0;0
145183;11;5;5300735;2020;12;12;4;2;5;2;0;0;1;0;0;0;0;0
145184;11;5;5400943;2020;11;7;4;3;5;3;0;0;1;0;0;1;0;0
145185;11;8;8100415;2020;11;20;1;3;5;3;2;0;1;0;0;0;0;1
145186;11;3;3500934;2020;11;0;6;2;5;3;2;0;1;0;0;0;0;1
145187;11;3;3400721;2020;11;7;4;3;5;3;0;1;1;0;0;0;0;1
145188;11;8;8401242;2020;11;17;1;3;5;3;2;0;1;0;0;0;0;0
145189;11;3;3601245;2020;11;8;6;2;5;3;1;0;1;0;1;0;0;1
145190;11;6;6300528;2020;11;17;4;3;5;3;2;1;1;0;0;0;0;0
145191;11;5;5300839;2020;12;13;3;3;5;7;0;1;1;0;0;0;0;0
145192;11;3;3501037;2020;11;16;4;3;5;2;2;0;1;0;0;0;0;0
145193;11;8;8100314;2020;11;17;1;3;5;2;2;1;1;0;0;0;0;1
145194;11;12;12601236;2020;11;7;5;2;6;2;2;0;1;1;0;0;0;0
145195;11;4;4300622;2020;11;22;1;3;2;6;2;0;1;0;0;0;0;0
145196;11;11;11200513;2020;11;15;4;3;1;5;0;1;1;0;0;0;0;0
145197;11;9;9200715;2020;11;18;3;3;5;3;2;0;1;0;0;0;0;0
145198;11;1;1100310;2020;11;12;4;3;1;5;0;0;1;0;0;1;0;0
145199;11;4;4501041;2020;11;15;4;3;5;3;0;0;1;0;0;0;0;0
145200;11;8;8100521;2020;11;14;4;3;1;5;0;1;1;0;0;0;0;0
145201;11;7;7200307;2020;11;20;1;3;1;5;2;0;1;0;0;0;0;1
145202;11;12;12400722;2020;11;8;3;2;5;3;0;0;1;0;1;0;0;1
145203;11;12;12100204;2020;11;15;6;3;4;6;0;1;1;0;0;0;0;0
145204;11;8;8100105;2020;11;10;2;3;3;6;0;1;1;0;0;0;0;0
145205;11;4;4300518;2020;11;19;3;1;3;6;2;1;1;0;0;0;0;1
145206;11;1;1300730;2020;11;20;1;3;6;2;2;0;1;1;0;0;0;1
145207;11;8;8100314;2020;11;8;4;3;2;6;0;0;1;0;0;0;0;1
145208;11;11;11300618;2020;11;17;7;3;2;6;2;0;1;0;0;0;0;0
145209;11;1;1300730;2020;11;17;3;3;4;6;2;1;0;0;0;0;0;1
145210;11;2;2100102;2020;11;18;2;3;1;5;2;1;1;0;0;0;0;1
145211;11;5;5100314;2020;11;13;3;3;6;7;0;0;0;1;0;0;1;0
145212;11;1;1200628;2020;11;15;1;3;3;6;0;0;1;0;0;0;0;0
145213;11;11;11300721;2020;11;10;4;3;2;6;0;0;1;0;0;0;0;0
145214;11;3;3601245;2020;11;14;1;3;5;2;0;1;1;0;0;0;0;0
145215;11;6;6300631;2020;11;17;3;3;2;2;2;0;1;0;0;0;1;1
145216;11;1;1100207;2020;11;23;3;3;1;1;2;0;1;0;0;0;0;1
145217;11;6;6100102;2020;11;19;3;3;5;2;2;1;1;0;0;0;0;1
145218;11;1;1100311;2020;11;17;1;3;5;2;2;1;1;0;0;0;0;1
145219;11;2;2200213;2020;11;14;3;3;0;6;0;0;1;0;0;0;1;0
145220;11;8;8100311;2020;11;20;6;3;0;3;2;0;0;0;0;0;1;0
145221;11;3;3400618;2020;11;14;2;3;5;3;0;0;1;0;1;0;0;0
145222;11;3;3400828;2020;11;18;3;3;1;5;2;0;1;0;1;0;0;1
145223;11;6;6400843;2020;11;17;3;3;2;6;2;0;1;0;0;0;0;0
145224;11;8;8301037;2020;11;22;4;2;8;1;2;0;1;0;0;0;0;0
145225;11;2;2500834;2020;11;2;7;2;1;5;2;1;1;0;0;0;0;0
145226;11;6;6200421;2020;11;18;3;3;2;6;2;0;1;0;0;0;0;1
145227;11;5;5100211;2020;11;14;3;3;9;1;0;0;1;0;0;0;0;0
145228;11;7;7100102;2020;11;18;3;3;0;1;2;0;0;0;1;0;0;1
145229;11;8;8200832;2020;11;16;3;3;0;2;2;0;1;0;1;0;0;1
145230;11;1;1200522;2020;11;16;3;3;6;2;2;0;1;1;0;0;0;1
145231;11;8;8100313;2020;12;14;3;2;5;3;0;0;1;0;0;0;0;0
145232;11;4;4400728;2020;11;16;3;3;6;2;2;0;1;1;0;0;0;1
145233;11;4;4400831;2020;11;16;3;3;5;3;2;0;1;0;0;0;0;1
145234;11;3;3400721;2020;11;16;3;3;5;2;0;1;1;0;0;0;0;1
145235;11;10;10100312;2020;11;15;3;3;0;6;0;0;1;0;1;0;0;1
145236;11;5;5100314;2020;12;16;3;3;5;3;2;0;1;0;0;0;0;0
145237;11;8;8300934;2020;11;14;3;3;5;3;0;0;1;0;0;0;1;1
145238;11;5;5400943;2020;11;16;1;2;5;3;2;0;1;0;0;0;0;1
145239;11;10;10100313;2020;11;7;3;3;5;2;0;1;1;0;0;0;0;0
145240;11;12;12200412;2020;11;21;5;3;0;5;2;1;1;0;0;0;0;0
145241;11;12;12400723;2020;11;7;2;2;5;3;0;1;0;0;1;0;0;0
145242;11;11;11200513;2020;11;13;3;3;0;1;0;0;0;0;1;0;0;1
145243;11;8;8200730;2020;11;17;4;3;6;2;2;0;1;1;0;0;0;0
145244;11;2;2200210;2020;11;0;7;3;0;7;2;0;0;0;0;0;1;0
145245;11;6;6100103;2020;11;13;3;3;0;7;0;0;0;0;1;0;0;1
145246;11;10;10100205;2020;11;15;1;3;6;7;1;0;1;1;0;0;0;0
145247;11;7;7300619;2020;11;8;3;3;2;6;0;0;1;0;0;0;1;0
145248;11;6;6300632;2020;11;15;1;3;5;3;0;1;1;0;0;0;0;0
145249;11;7;7601544;2020;11;16;6;3;5;2;2;0;1;0;0;0;0;0
145250;11;9;9501736;2020;11;12;3;3;5;3;0;1;1;0;0;0;0;1
145251;11;10;10100316;2020;12;13;3;3;5;3;0;0;1;0;0;0;0;0
145252;11;2;2100105;2020;11;11;3;3;5;3;0;1;1;0;0;0;0;1
145253;11;3;3601243;2020;11;13;1;3;5;3;0;0;1;0;0;0;0;1
145254;11;2;2200211;2020;11;9;5;3;5;3;0;1;1;0;0;0;0;0
145255;11;6;6100103;2020;11;11;1;3;2;7;0;0;1;0;0;0;0;0
145256;11;10;10400940;2020;11;10;3;3;0;7;0;0;1;0;0;0;0;0
145257;11;10;10100312;2020;11;17;3;2;4;6;2;1;1;0;0;0;0;0
145258;11;6;6400841;2020;11;12;4;3;2;6;0;0;1;0;0;0;0;0
145259;11;7;7400825;2020;11;23;7;3;5;2;2;0;1;0;0;0;0;0
145260;11;6;6200314;2020;11;14;5;3;0;5;0;1;0;0;0;0;1;0
145261;11;3;3300516;2020;11;20;2;3;5;3;2;0;1;0;0;0;1;0
145262;11;8;8100418;2020;11;10;3;3;1;5;0;1;1;0;0;0;0;0
145263;11;4;4200311;2020;11;15;4;3;5;3;0;1;0;0;0;0;1;0
145264;11;1;1100206;2020;11;15;7;3;0;1;0;1;0;0;0;0;0;0
145265;11;1;1200626;2020;11;10;3;3;5;2;0;1;0;0;0;0;1;0
145266;11;5;5300736;2020;11;10;3;3;5;7;0;0;1;0;0;0;0;0
145267;11;8;8200726;2020;11;20;7;2;0;1;2;0;1;0;1;0;0;0
145268;11;11;11300617;2020;11;8;6;3;5;2;0;1;1;0;0;0;0;0
145269;11;1;1200517;2020;11;8;3;3;5;2;0;1;1;0;0;0;0;0
145270;11;9;9502043;2020;12;16;3;3;2;6;2;0;1;0;0;0;0;0
145271;11;12;12100102;2020;11;8;3;3;5;3;0;1;1;0;0;0;0;0
145272;11;2;2400623;2020;11;20;7;3;0;6;2;0;1;0;1;0;0;0
145273;11;1;1100313;2020;11;8;4;3;7;7;0;1;0;0;0;0;0;0
145274;11;5;5200420;2020;11;18;1;2;5;2;2;0;1;0;1;0;0;0
145275;11;12;12200515;2020;11;7;3;3;5;2;0;0;1;0;0;0;0;0
145276;11;6;6300524;2020;11;16;3;3;5;2;1;1;1;0;0;0;0;1
145277;11;5;5100317;2020;11;7;3;3;5;3;0;0;1;0;1;0;0;1
145278;11;12;12500930;2020;11;16;7;3;5;2;1;1;1;0;0;0;0;0
145279;11;7;7400823;2020;11;6;3;3;5;3;1;0;0;0;0;1;1;1
145280;11;9;9200716;2020;12;11;4;3;0;3;0;0;1;0;0;0;1;0
145281;11;8;8100314;2020;11;18;2;3;1;5;2;1;1;0;0;0;0;0
145282;11;12;12200413;2020;11;14;7;3;1;5;0;1;1;0;0;0;0;0
145283;11;4;4501151;2020;11;17;6;3;2;6;2;0;1;0;1;0;0;0
145284;11;3;3500934;2020;11;11;2;2;5;2;0;1;1;0;0;0;0;0
145285;11;2;2300315;2020;11;13;2;3;5;3;0;1;1;0;0;0;0;0
145286;11;5;5100316;2020;11;13;7;3;0;3;0;0;1;0;0;0;1;0
145287;11;7;7501031;2020;11;9;4;3;2;6;0;0;1;0;0;0;0;0
145288;11;10;10400835;2020;11;12;7;3;5;3;0;0;1;0;0;0;0;0
145289;11;4;4300622;2020;11;10;2;3;1;5;0;1;1;0;0;0;0;1
145290;11;1;1400937;2020;11;12;3;3;2;2;0;0;1;0;0;0;0;0
145291;11;2;2200212;2020;11;14;2;3;1;5;0;1;0;0;0;0;1;0
145292;11;7;7601236;2020;11;18;2;3;5;3;2;1;0;0;0;0;1;1
145293;11;4;4501040;2020;11;16;2;3;0;1;2;0;0;0;1;0;0;1
145294;11;4;4100102;2020;11;11;7;3;6;4;0;0;1;1;0;0;0;0
145295;11;1;1100205;2020;11;13;3;3;5;2;0;1;1;0;0;0;0;0
145296;11;2;2200211;2020;11;18;6;3;0;3;2;0;1;0;1;0;0;0