OBJECTID;LAND;BEZ;LOR_ab_2021;UJAHR;UMONAT;USTUNDE;UWOCHENTAG;UKATEGORIE;UART;UTYP1;ULICHTVERH;IstRad;IstPKW;IstFuss;IstKrad;IstGkfz;IstSonstige;USTRZUSTAND
145297;11;6;6400839;2020;11;14;2;3;5;3;0;1;1;0;0;0;0;0
145298;11;2;2500831;2020;11;16;2;3;4;2;1;1;1;0;0;0;0;0
145299;11;2;2400623;2020;11;17;4;3;5;2;2;1;1;0;0;0;0;0
145300;11;10;10200524;2020;11;7;3;2;5;3;2;1;1;0;0;0;0;0
145301;11;2;2300417;2020;11;12;6;3;2;6;0;1;1;0;0;0;1;0
145302;11;7;7200308;2020;11;15;2;3;2;6;1;1;1;0;0;0;0;0
145303;11;11;11501238;2020;11;15;2;3;5;2;0;1;0;0;0;0;1;0
145304;11;5;5100317;2020;11;8;4;3;5;3;0;1;1;0;0;0;0;0
145305;11;7;7200307;2020;11;21;7;3;0;3;2;0;1;0;0;0;0;0
145306;11;1;1300834;2020;11;23;2;2;0;1;2;1;0;0;0;0;0;1
145307;11;5;5200629;2020;11;15;2;3;2;6;0;0;1;0;0;0;0;0
145308;11;4;4100101;2020;11;14;2;3;5;2;0;0;1;0;0;0;1;0
145309;11;3;3200310;2020;11;14;2;3;5;3;0;1;1;0;0;0;0;0
145310;11;7;7400721;2020;12;16;3;2;1;5;2;1;1;0;0;0;0;0
145311;11;12;12500824;2020;11;12;2;3;5;7;0;0;1;0;0;0;0;1
145312;11;9;9100407;2020;11;11;7;3;6;2;0;0;1;1;0;0;0;0
145313;11;5;5300736;2020;11;6;3;3;6;2;2;0;1;1;0;0;0;0
145314;11;7;7601544;2020;11;17;5;3;5;3;2;0;1;0;0;0;0;1
145315;11;3;3100103;2020;11;7;2;3;5;3;0;1;0;0;0;0;1;0
145316;11;4;7300515;2020;11;12;2;3;2;6;0;0;1;0;0;0;0;0
145317;11;1;1400942;2020;11;15;4;3;5;2;0;0;1;0;1;0;0;0
145318;11;12;12200515;2020;11;12;7;3;2;7;0;0;1;0;0;0;0;0
145319;11;4;4501042;2020;11;12;2;3;5;2;0;1;1;0;0;0;0;0
145320;11;7;7501030;2020;11;12;2;3;4;2;0;0;1;0;0;0;1;0
145321;11;5;5100103;2020;11;17;6;1;6;4;2;0;1;1;0;0;0;0
145322;11;1;1100207;2020;11;13;6;3;5;3;0;0;1;0;0;0;0;0
145323;11;1;1401046;2020;11;11;2;3;0;2;0;1;1;0;0;0;0;1
145324;11;5;5200528;2020;11;10;7;2;4;6;0;0;1;0;0;0;0;0
145325;11;3;11300618;2020;11;11;2;3;2;6;0;0;1;0;0;0;0;0
145326;11;8;8100416;2020;11;17;6;3;5;3;2;1;1;0;0;0;0;0
145327;11;12;12200515;2020;11;7;2;3;0;2;0;1;1;0;0;0;0;1
145328;11;8;8100417;2020;11;7;2;3;6;2;1;0;0;1;0;0;1;1
145329;11;4;4300623;2020;11;18;6;3;2;3;2;0;1;0;0;0;0;0
145330;11;11;11400929;2020;11;12;6;3;5;3;0;0;1;0;0;0;0;0
145331;11;12;12500928;2020;11;7;2;3;2;2;1;0;1;0;0;0;0;1
145332;11;4;4500939;2020;12;14;3;3;5;2;0;0;1;0;1;0;0;0
145333;11;3;3200205;2020;11;7;2;2;0;3;2;0;1;0;1;0;0;1
145334;11;10;10100104;2020;11;9;6;2;5;2;0;1;1;0;0;0;0;0
145335;11;3;3601142;2020;11;14;5;3;0;3;0;1;1;0;0;0;0;1
145336;11;2;2300315;2020;11;18;2;3;5;3;1;1;1;0;0;0;0;0
145337;11;5;5200631;2020;11;6;2;3;5;3;2;0;1;0;1;0;1;1
145338;11;12;12100204;2020;11;13;4;2;6;4;0;0;0;1;0;1;0;0
145339;11;9;9200819;2020;11;9;2;3;4;7;0;1;0;0;0;0;0;1
145340;11;1;1401046;2020;12;17;4;3;6;7;2;0;1;1;0;0;0;0
145341;11;12;12601031;2020;11;9;2;3;5;3;0;0;1;0;0;0;0;0
145342;11;10;10200418;2020;11;11;6;2;6;2;0;0;1;1;0;0;0;0
145343;11;8;8200832;2020;11;7;6;3;6;2;2;0;1;1;0;0;0;1
145344;11;12;12400618;2020;11;6;2;3;0;6;2;1;1;0;0;0;0;1
145345;11;1;1200626;2020;11;9;2;3;0;1;0;0;0;0;1;0;0;1
145346;11;4;4200310;2020;11;7;6;3;5;7;1;1;1;0;0;0;0;0
145347;11;1;1100207;2020;11;8;4;3;5;3;0;0;1;0;0;0;0;0
145348;11;7;7501031;2020;12;19;3;2;1;5;2;0;1;0;0;0;0;0
145349;11;8;8100312;2020;11;9;2;3;2;6;0;0;1;0;1;0;0;1
145350;11;4;4300412;2020;11;9;6;3;5;3;0;1;1;0;0;0;0;1
145351;11;4;4300416;2020;11;7;5;3;5;3;2;1;1;0;0;0;0;0
145352;11;11;11300725;2020;11;1;1;3;6;4;2;0;1;1;0;0;0;1
145353;11;1;1100207;2020;11;8;2;3;1;5;0;1;1;0;0;0;0;1
145354;11;9;9200819;2020;11;12;4;3;5;2;0;1;1;0;0;0;0;0
145355;11;3;3400618;2020;11;8;2;3;5;2;0;0;1;0;1;0;0;1
145356;11;5;5200524;2020;12;18;3;2;2;6;2;0;1;0;0;0;0;0
145357;11;6;6100207;2020;11;8;2;3;0;1;0;0;0;0;1;0;0;1
145358;11;3;3601141;2020;11;8;6;3;2;2;0;1;1;0;0;0;0;0
145359;11;1;1401045;2020;11;16;6;3;0;2;1;0;1;0;0;0;1;0
145360;11;12;12100204;2020;11;10;2;3;5;2;0;1;1;0;0;0;0;0
145361;11;1;1300733;2020;11;4;2;3;5;3;2;0;1;0;0;0;0;1
145362;11;12;12100102;2020;11;8;6;3;1;5;0;0;1;0;0;0;0;0
145363;11;1;1100308;2020;11;8;4;3;1;5;0;1;1;0;0;0;0;0
145364;11;5;5100101;2020;11;10;7;3;5;3;0;1;1;0;0;0;0;1
145365;11;1;1100310;2020;11;6;2;2;0;1;2;0;0;0;0;0;1;1
145366;11;2;2500830;2020;11;9;2;3;0;1;0;1;1;0;0;0;0;1
145367;11;10;10400941;2020;11;10;2;3;5;3;0;1;1;0;0;0;0;0
145368;11;3;3601142;2020;11;14;1;3;5;2;0;1;1;0;0;0;0;0
145369;11;1;1100416;2020;11;10;2;3;0;3;0;1;1;0;0;0;0;1
145370;11;4;4300622;2020;11;11;2;3;2;6;0;0;1;0;0;1;0;1
145371;11;6;6100208;2020;11;11;2;3;2;6;0;0;1;0;0;0;0;0
145372;11;4;4300624;2020;11;7;6;3;5;2;0;1;1;0;0;0;0;1
145373;11;3;3400721;2020;11;13;3;3;5;2;0;1;1;0;0;0;0;0
145374;11;5;5100316;2020;11;13;6;3;2;6;0;0;1;0;0;0;0;0
145375;11;5;5200420;2020;11;15;2;3;1;5;0;0;1;0;1;0;0;0
145376;11;4;4300622;2020;11;11;2;3;3;6;0;0;0;0;1;0;1;0
145377;11;1;1100205;2020;11;12;3;2;6;4;0;1;0;1;0;0;0;0
145378;11;4;4501150;2020;11;8;4;2;5;3;0;1;1;0;0;0;0;0
145379;11;9;9300920;2020;11;13;7;2;1;5;0;0;1;0;0;1;0;0
145380;11;1;1401049;2020;11;11;2;2;8;1;0;0;1;0;0;0;0;0
145381;11;4;4300619;2020;11;11;3;3;6;7;0;0;1;1;0;0;0;0
145382;11;7;7200409;2020;11;11;2;3;0;3;0;0;1;0;1;0;0;1
145383;11;2;2500833;2020;11;16;1;3;0;6;0;1;1;0;0;0;0;0
145384;11;11;11400929;2020;11;14;1;2;6;4;0;0;1;1;0;0;0;0
145385;11;9;9100305;2020;12;15;3;3;5;2;1;1;1;0;0;0;0;0
145386;11;2;2500834;2020;11;16;1;3;5;2;1;1;1;0;0;0;0;0
145387;11;11;11300721;2020;11;1;6;2;4;6;2;0;1;0;0;0;0;0
145388;11;2;2300316;2020;11;16;5;3;5;3;0;1;1;0;0;0;0;1
145389;11;5;5200633;2020;11;11;4;2;0;1;0;0;0;0;1;0;0;0
145390;11;11;11300620;2020;11;6;2;3;0;2;1;1;1;0;0;0;0;0
145391;11;3;3400723;2020;12;10;4;2;0;7;0;0;0;0;1;0;1;1
145392;11;11;11300722;2020;12;11;7;3;5;3;0;0;1;0;0;0;1;0
145393;11;1;1300733;2020;12;5;5;3;0;7;2;0;0;0;0;1;0;0
145394;11;1;1200517;2020;12;18;3;3;2;6;2;0;0;0;1;0;1;0
145395;11;9;9100101;2020;12;13;1;3;0;1;0;0;0;0;1;0;0;1
145396;11;5;5100103;2020;12;13;3;3;2;6;0;0;1;0;0;0;0;0
145397;11;4;4501044;2020;12;6;2;3;6;2;2;0;1;1;0;0;0;0
145398;11;6;4400729;2020;12;16;7;3;2;6;0;0;1;0;0;0;0;0
145399;11;3;3400827;2020;12;8;7;2;1;5;0;0;1;0;0;0;0;0
145400;11;9;9100304;2020;12;6;7;3;9;1;1;0;1;0;0;0;0;2
145401;11;7;7300516;2020;12;11;7;3;5;2;0;1;1;0;0;0;0;0
145402;11;11;11200410;2020;12;19;3;3;1;5;2;0;1;0;0;0;0;0
145403;11;1;1300836;2020;12;17;5;3;5;2;2;1;1;0;0;0;0;1
145404;11;9;9501838;2020;12;9;6;3;6;4;0;0;1;1;0;0;0;0
145405;11;3;3601449;2020;12;19;3;2;5;3;2;1;0;0;0;0;1;0
145406;11;1;1100101;2020;12;17;2;3;2;6;2;0;1;0;0;0;0;0
145407;11;2;2200210;2020;12;16;3;3;5;3;2;1;1;0;0;0;0;0
145408;11;6;6200419;2020;12;10;7;2;5;3;0;1;1;0;0;0;0;0
145409;11;10;10100311;2020;12;12;4;3;2;6;0;0;1;0;0;0;1;1
145410;11;1;1100308;2020;12;19;3;3;0;3;2;1;0;0;0;0;1;0
145411;11;4;4400830;2020;12;15;7;3;5;3;1;0;1;0;1;0;0;1
145412;11;8;8100521;2020;12;16;2;3;5;2;1;0;1;0;1;0;0;0
145413;11;3;3300516;2020;12;10;7;3;0;1;0;0;0;0;1;0;0;0
145414;11;2;2200210;2020;12;9;6;3;5;2;0;1;1;0;0;0;0;1
145415;11;4;4400729;2020;12;12;7;3;2;6;0;0;1;0;0;0;0;0
145416;11;2;2400521;2020;12;7;5;3;5;3;1;1;1;0;0;0;0;0
145417;11;6;6300528;2020;12;9;6;3;5;2;0;1;1;0;0;0;0;1
145418;11;4;4300622;2020;12;16;7;3;2;6;1;0;1;0;0;0;1;0
145419;11;10;10100313;2020;12;10;7;2;3;6;0;0;1;0;0;0;0;1
145420;11;4;4300619;2020;12;14;5;3;6;2;0;0;0;1;0;0;1;0
145421;11;11;11100102;2020;12;19;5;3;3;6;2;1;0;0;0;0;1;0
145422;11;2;2200209;2020;12;20;3;3;5;2;2;1;0;0;0;0;1;0
145423;11;9;9401329;2020;12;6;2;3;5;2;1;1;1;0;0;0;0;1
145424;11;3;3501037;2020;12;15;3;3;5;3;0;1;1;0;0;0;0;0
145425;11;1;1300836;2020;12;14;7;3;5;3;0;0;1;0;0;0;0;0
145426;11;8;8100206;2020;12;10;4;3;6;4;0;0;1;1;0;0;0;1
145427;11;8;8100521;2020;12;21;3;3;5;3;2;0;1;0;0;0;1;0
145428;11;4;4500938;2020;12;9;7;3;0;1;0;1;0;0;0;0;0;1
145429;11;10;10200524;2020;12;11;2;3;6;4;0;1;0;1;0;0;0;1
145430;11;9;9200819;2020;12;13;7;3;5;3;0;1;0;0;0;0;0;0
145431;11;8;8100418;2020;12;19;6;3;5;2;2;1;1;0;0;0;0;0
145432;11;7;7300517;2020;12;9;7;3;0;1;0;0;0;0;1;0;0;2
145433;11;1;1100415;2020;12;8;4;3;0;1;1;1;0;0;0;0;0;1
145434;11;6;6200423;2020;12;11;5;2;5;2;0;1;0;0;0;1;0;0
145435;11;6;6100206;2020;12;7;2;2;0;5;2;1;1;0;0;0;0;0
145436;11;5;5200632;2020;12;11;2;3;2;6;0;0;1;0;0;0;0;0
145437;11;12;12601031;2020;12;12;3;2;6;2;0;0;1;1;0;0;0;0
145438;11;11;11100205;2020;12;6;3;3;0;3;2;0;0;0;1;0;1;1
145439;11;10;10400836;2020;12;12;7;3;0;1;0;1;0;0;0;0;0;2
145440;11;12;12500824;2020;12;18;4;3;3;6;2;0;1;0;0;0;0;1
145441;11;10;10100311;2020;12;12;2;3;2;7;0;0;1;0;0;0;1;0
145442;11;5;5100210;2020;12;13;7;3;1;5;0;1;1;0;0;0;0;0
145443;11;8;8100314;2020;12;18;5;3;6;4;2;0;1;1;0;0;0;0
145444;11;11;11501238;2020;12;17;2;3;5;2;2;1;1;0;0;0;0;0
145445;11;10;10100312;2020;12;12;2;3;2;2;0;0;1;0;0;0;0;1
145446;11;10;10400837;2020;12;12;3;2;5;3;0;0;1;0;0;0;0;0
145447;11;4;4300518;2020;12;12;7;3;5;7;0;0;1;0;1;0;0;0
145448;11;10;10100205;2020;12;7;4;3;2;6;2;0;1;0;0;0;0;1
145449;11;1;1100311;2020;12;22;2;3;5;3;2;1;1;0;0;0;0;1
145450;11;3;3200308;2020;12;18;7;3;0;1;2;1;0;0;0;0;0;0
145451;11;4;5300840;2020;12;7;2;3;2;6;0;0;1;0;0;0;0;0
145452;11;4;4501041;2020;12;12;7;3;1;5;0;1;1;0;0;0;0;0
145453;11;6;6400841;2020;12;14;6;3;1;7;0;0;1;0;0;0;0;0
145454;11;2;2400623;2020;12;20;6;3;2;6;2;1;0;0;0;0;1;0
145455;11;3;3300516;2020;12;14;4;3;5;3;0;0;1;0;0;0;0;0
145456;11;11;11200512;2020;12;10;5;3;5;2;0;0;1;0;0;0;0;0
145457;11;11;11501238;2020;12;15;2;3;2;6;1;0;1;0;0;0;0;1
145458;11;6;6400844;2020;12;10;2;3;5;3;0;1;1;0;0;0;0;1
145459;11;8;8100102;2020;12;12;3;3;5;2;0;1;1;0;0;0;0;0
145460;11;8;8300935;2020;12;18;2;3;0;1;2;1;0;0;0;0;0;1
145461;11;6;6200312;2020;12;15;6;3;5;3;0;0;1;0;0;0;0;0
145462;11;8;8200729;2020;12;10;7;3;0;1;0;1;0;0;0;0;0;2
145463;11;12;12601031;2020;12;16;1;3;2;6;1;0;1;0;0;0;0;0
145464;11;7;7400927;2020;12;5;6;3;6;2;1;0;1;1;0;0;0;0
145465;11;3;3400828;2020;12;14;2;3;5;3;0;1;1;0;0;0;0;1
145466;11;1;1100310;2020;12;18;5;3;4;2;2;1;1;0;0;0;0;1
145467;11;10;10100311;2020;12;12;1;3;5;3;0;0;1;0;0;0;0;1
145468;11;2;2300315;2020;12;22;6;3;6;4;2;0;0;1;0;0;1;0
145469;11;2;2500728;2020;12;10;5;3;1;5;0;1;1;0;0;0;0;0
145470;11;5;5300735;2020;12;5;6;2;6;2;2;0;1;1;0;0;0;0
145471;11;10;10100315;2020;12;12;4;3;2;6;0;0;1;0;0;0;1;0
145472;11;4;4300622;2020;12;9;4;3;0;3;0;0;1;0;1;0;0;0
145473;11;9;9300920;2020;12;22;6;3;5;3;2;1;1;0;0;0;0;0
145474;11;1;1100207;2020;12;1;5;3;5;3;2;0;1;0;0;0;0;1
145475;11;10;10400941;2020;12;14;2;3;9;1;0;0;1;0;0;0;0;1
145476;11;3;3601346;2020;12;23;1;3;0;1;2;0;0;0;1;0;0;1
145477;11;2;2300314;2020;12;11;3;3;5;2;0;1;1;0;0;0;0;0
145478;11;4;4500936;2020;12;20;2;3;1;5;2;1;1;0;0;0;0;0
145479;11;3;3400725;2020;12;7;6;3;2;2;0;0;1;0;0;0;0;0
145480;11;7;7300618;2020;12;17;6;2;5;3;2;0;1;0;1;0;0;0
145481;11;2;2200213;2020;12;20;7;3;1;5;2;1;1;0;0;0;0;0
145482;11;1;1401045;2020;12;16;6;3;0;3;2;0;0;0;0;0;1;0
145483;11;12;12500824;2020;12;7;2;3;2;2;1;0;1;0;0;0;1;0
145484;11;10;10200524;2020;12;16;5;3;2;6;0;0;1;0;0;0;0;0
145485;11;1;1300732;2020;12;11;6;3;0;6;0;0;1;0;0;0;1;0
145486;11;3;3701660;2020;12;7;2;3;5;2;0;1;1;0;0;0;0;1
145487;11;12;12500926;2020;12;16;2;3;5;2;2;1;1;0;0;0;0;1
145488;11;9;9200717;2020;12;16;3;3;1;5;2;1;1;0;0;0;0;0
145489;11;12;12100206;2020;12;12;6;3;0;1;0;0;0;0;1;0;0;1
145490;11;1;1200624;2020;12;11;4;3;5;2;0;1;1;0;0;0;0;1
145491;11;9;9200715;2020;12;7;2;3;5;3;0;0;1;0;0;0;0;1
145492;11;9;9501939;2020;12;12;7;3;1;5;0;0;1;0;0;0;1;0
145493;11;3;3601141;2020;12;8;6;3;5;2;0;1;1;0;0;0;0;0
145494;11;6;6300634;2020;12;12;2;3;5;2;0;1;1;0;0;0;0;1
145495;11;7;7601238;2020;12;15;3;3;2;6;1;0;1;0;0;0;0;1
145496;11;3;3100102;2020;12;19;3;3;2;2;2;0;1;0;0;0;0;0
145497;11;4;4501042;2020;12;9;6;3;2;2;0;0;1;0;0;0;0;0
145498;11;4;4501150;2020;12;12;4;3;5;2;0;1;1;0;0;0;0;0
145499;11;12;12500926;2020;12;11;2;3;5;7;0;1;1;0;0;0;0;0
145500;11;1;1100312;2020;12;13;1;3;0;6;0;1;0;0;0;0;0;0
145501;11;3;3500934;2020;12;17;2;3;5;3;2;0;1;0;0;0;0;0
145502;11;7;7100103;2020;12;9;6;3;1;5;0;1;1;0;0;0;0;0
145503;11;3;3601450;2020;12;11;6;3;5;2;0;0;1;0;0;0;0;0
145504;11;1;1300836;2020;12;14;7;3;5;3;0;1;1;0;0;0;0;0
145505;11;9;9501939;2020;12;8;6;2;2;6;0;0;1;0;0;0;1;0
145506;11;4;4400830;2020;12;13;5;3;1;5;0;1;1;0;0;0;0;0
145507;11;2;2200212;2020;12;4;5;3;9;1;2;0;1;0;0;0;0;0
145508;11;3;3500933;2020;12;11;2;3;5;3;0;0;1;0;0;0;0;0
145509;11;7;7200308;2020;12;15;2;2;6;2;0;0;1;1;0;0;0;1
145510;11;4;4501041;2020;12;14;3;3;5;3;0;1;1;0;0;0;0;0
145511;11;1;1200517;2020;12;7;6;3;2;2;0;0;1;0;0;0;0;0
145512;11;9;9300923;2020;12;7;4;3;5;3;0;1;1;0;0;0;0;1
145513;11;5;5100317;2020;12;7;2;3;6;2;2;0;1;1;0;0;0;1
145514;11;8;8100311;2020;12;20;7;3;1;5;2;1;1;0;0;0;0;0
145515;11;11;11200410;2020;12;10;2;3;6;7;0;0;1;1;0;0;0;1
145516;11;6;6300633;2020;12;7;6;3;6;4;0;0;1;1;0;0;0;0
145517;11;7;7100101;2020;12;17;6;2;6;4;2;1;0;1;0;0;0;1
145518;11;3;3400723;2020;12;7;7;3;6;2;2;0;1;1;0;0;0;1
145519;11;7;7400826;2020;12;15;2;2;5;3;1;1;1;0;0;0;0;0
145520;11;12;12200310;2020;12;2;6;3;5;3;2;0;1;0;0;0;1;0
145521;11;8;8200832;2020;12;7;6;3;5;3;1;0;1;0;1;0;0;1
145522;11;1;1200522;2020;12;11;7;3;2;2;0;0;1;0;0;0;0;0
145523;11;8;8100312;2020;12;6;4;3;2;1;2;1;1;0;0;0;0;0
145524;11;12;12601031;2020;12;16;5;3;3;2;2;1;1;0;0;0;0;0
145525;11;8;8100415;2020;12;10;2;3;1;5;0;1;1;0;0;0;0;1
145526;11;9;9200715;2020;12;11;2;3;2;6;0;0;1;0;0;1;0;1
145527;11;1;1200626;2020;12;12;3;3;5;5;0;0;1;0;0;0;0;0
145528;11;1;1100416;2020;12;15;6;3;0;1;1;1;0;0;0;0;0;1
145529;11;2;2100104;2020;12;21;4;3;6;4;2;0;0;1;0;0;1;0
145530;11;11;11200514;2020;12;10;2;3;3;6;0;1;1;0;0;0;0;0
145531;11;12;12601236;2020;12;15;7;2;5;3;0;0;1;0;0;0;0;1
145532;11;8;8100418;2020;12;22;1;2;0;1;2;1;0;0;0;0;0;1
145533;11;10;10400939;2020;12;15;6;3;6;7;0;0;1;1;0;0;0;0
145534;11;2;2500834;2020;12;16;5;3;6;2;2;0;1;1;0;0;0;0
145535;11;7;7601236;2020;12;15;6;2;5;2;1;0;1;0;0;0;0;0
145536;11;4;4400830;2020;12;13;4;3;2;7;0;1;1;0;0;0;0;1
145537;11;8;8200833;2020;12;14;6;3;5;2;0;1;1;0;0;0;0;0
145538;11;6;6100205;2020;12;7;5;2;2;6;1;0;1;0;1;0;0;1
145539;11;7;7300619;2020;12;10;2;2;5;3;0;0;1;0;0;1;0;1
145540;11;4;4300414;2020;12;19;1;3;5;3;2;1;1;0;0;0;0;1
145541;11;12;12200412;2020;12;10;3;3;2;6;0;0;1;0;0;0;0;0
145542;11;9;9401329;2020;12;21;4;2;8;1;2;0;1;0;0;0;0;1
145543;11;4;4400830;2020;12;8;5;3;5;3;0;1;1;0;0;0;0;0
145544;11;8;8100415;2020;12;9;2;3;2;7;0;0;1;0;1;0;0;0
145545;11;1;1300732;2020;12;19;2;3;5;3;2;1;1;0;0;0;0;0
145546;11;6;6300633;2020;12;15;3;3;5;3;1;1;0;0;0;0;0;0
145547;11;2;2300315;2020;12;1;3;2;0;1;2;0;0;0;0;0;1;1
145548;11;3;3601245;2020;12;14;6;3;5;2;0;1;1;0;0;0;0;0
145549;11;1;1200628;2020;12;17;4;3;6;4;1;1;0;1;0;0;0;1
145550;11;12;12500929;2020;12;12;7;2;1;1;0;0;0;0;1;0;1;0
145551;11;1;1401048;2020;12;19;1;3;2;6;2;0;1;0;0;0;1;0
145552;11;5;5200420;2020;12;12;6;3;5;2;0;0;1;0;0;0;0;0
145553;11;1;1401046;2020;12;9;5;3;5;2;0;1;1;0;0;0;0;0
145554;11;2;2300418;2020;12;15;4;3;2;7;0;1;1;0;0;0;1;1
145555;11;7;7300517;2020;12;14;6;3;6;4;0;0;0;1;0;0;1;0
145556;11;10;10300731;2020;12;17;3;2;5;3;2;0;1;0;1;0;0;1
145557;11;1;1401045;2020;12;12;6;3;2;6;0;0;1;0;0;0;0;0
145558;11;6;6400840;2020;12;15;5;3;0;1;1;1;0;0;0;0;0;0
145559;11;8;8100521;2020;12;9;2;3;6;7;0;0;0;1;0;0;1;0
145560;11;1;1300733;2020;12;17;1;3;6;2;2;0;1;1;0;0;0;0
145561;11;4;4501044;2020;12;6;3;3;2;6;2;0;1;0;0;0;0;1
145562;11;4;4501043;2020;12;18;2;3;2;6;2;0;1;0;0;0;0;0
145563;11;6;6200421;2020;12;21;6;2;0;1;2;0;0;0;1;0;0;0
145564;11;10;10100103;2020;12;16;6;3;5;3;2;0;1;0;0;0;0;0
145565;11;12;12200515;2020;12;14;4;3;6;2;0;0;1;1;0;0;0;1
145566;11;1;1100312;2020;12;16;7;3;1;6;2;0;1;0;0;0;0;0
145567;11;2;2100102;2020;12;20;6;3;6;2;2;0;1;1;0;0;0;0
145568;11;10;10100315;2020;12;10;2;3;2;6;0;0;1;0;0;0;0;1
145569;11;9;9200715;2020;12;19;6;3;5;2;2;0;1;0;0;0;0;0
145570;11;6;6300526;2020;12;8;7;3;5;2;0;1;1;0;0;0;0;2
145571;11;11;11400929;2020;12;14;4;3;1;7;0;0;1;1;0;0;0;1
145572;11;4;4500937;2020;12;13;7;3;5;3;0;0;1;0;0;0;0;0
145573;11;5;5300736;2020;12;19;6;3;2;6;2;0;1;0;0;0;0;0
145574;11;3;3601245;2020;12;8;2;3;3;6;1;1;1;0;0;0;0;1
145575;11;5;5100313;2020;12;17;5;3;2;6;2;0;1;0;1;0;0;1
145576;11;1;1100312;2020;12;9;6;3;0;1;0;1;0;0;0;0;0;0
145577;11;1;1200628;2020;12;8;2;3;5;3;0;1;1;0;0;0;0;1
145578;11;6;6200312;2020;12;17;2;3;2;2;2;0;1;0;0;0;0;1
145579;11;7;7601547;2020;12;17;3;2;5;2;2;1;0;0;0;1;0;0
145580;11;4;4501045;2020;12;19;6;3;6;2;2;0;1;1;0;0;0;0
145581;11;1;1100415;2020;12;14;4;3;4;6;0;0;1;0;1;0;0;1
145582;11;1;1401043;2020;12;19;2;3;5;7;2;0;1;0;0;0;1;0
145583;11;9;9301024;2020;12;15;7;3;5;3;0;0;1;0;0;0;0;0
145584;11;11;11300618;2020;12;13;2;2;1;1;0;0;1;1;0;0;1;0
145585;11;2;2500830;2020;12;19;6;3;1;5;2;1;1;0;0;0;0;0
145586;11;4;4300517;2020;12;10;6;3;0;3;0;0;1;0;0;0;1;1
145587;11;9;9501737;2020;12;7;4;3;6;4;2;0;1;1;0;0;0;1
145588;11;4;4300412;2020;12;13;7;3;6;4;0;0;1;1;0;0;0;0
145589;11;8;8100415;2020;12;13;5;3;5;2;0;1;1;0;0;0;0;0
145590;11;11;11300721;2020;12;21;5;2;5;3;2;0;1;0;0;0;0;0
145591;11;3;3601141;2020;12;18;2;3;2;6;2;0;1;0;0;0;0;0
145592;11;10;10100315;2020;12;13;2;3;2;6;0;0;1;0;0;0;1;0
145593;11;5;5100102;2020;12;13;3;3;1;5;0;1;0;0;0;0;1;0
145594;11;6;6300526;2020;12;14;5;3;5;2;0;0;1;0;0;0;0;0
145595;11;2;2100104;2020;12;12;6;3;5;7;0;0;1;0;0;0;0;0
145596;11;1;1401045;2020;12;17;2;3;3;6;2;0;1;0;0;0;0;1
145597;11;8;8100105;2020;12;16;2;3;5;3;2;0;1;0;0;0;0;1
145598;11;12;12601133;2020;12;15;3;2;6;7;1;0;1;1;0;0;0;0
145599;11;7;7400823;2020;12;18;6;3;2;6;2;0;1;0;0;0;0;0
145600;11;1;1401046;2020;12;11;4;3;2;6;0;0;1;0;0;0;0;1
145601;11;1;1400942;2020;12;17;2;3;0;2;2;0;0;1;0;0;1;0
145602;11;1;1200517;2020;12;11;7;3;2;6;0;0;1;0;0;0;0;1
145603;11;12;12500825;2020;12;11;2;3;5;2;0;1;1;0;0;0;0;0
145604;11;4;4200308;2020;12;9;5;3;9;7;0;0;1;0;0;0;0;0
145605;11;7;7601442;2020;12;21;6;3;2;2;2;0;1;0;0;0;0;0
145606;11;4;4501041;2020;12;18;3;2;6;4;2;0;0;1;0;0;1;0
145607;11;9;9100203;2020;12;10;7;3;5;2;0;1;1;0;0;0;0;1
145608;11;7;7501032;2020;12;8;4;3;5;3;0;0;1;0;0;0;0;0
145609;11;5;5100104;2020;12;14;5;3;5;3;0;1;1;0;0;0;0;1
145610;11;2;2500830;2020;12;17;2;3;0;3;2;1;0;0;0;0;0;1
145611;11;5;5400943;2020;12;11;2;3;5;3;0;1;1;0;0;0;0;1
145612;11;8;8100311;2020;12;16;3;3;3;6;1;1;1;0;0;0;0;0
145613;11;12;12500930;2020;12;7;3;3;5;2;0;0;1;0;0;1;0;0
145614;11;4;4500936;2020;12;18;5;3;0;7;2;0;0;0;1;0;1;0
145615;11;7;7200307;2020;12;19;4;3;5;3;2;0;1;0;0;0;0;1
145616;11;1;1100310;2020;12;14;2;3;5;2;0;0;1;0;0;0;0;1
145617;11;2;2200210;2020;12;13;7;2;6;2;0;0;1;1;0;0;0;0
145618;11;7;7601544;2020;12;13;1;3;6;7;0;0;1;1;0;0;0;1
145619;11;5;5100210;2020;12;16;5;3;2;6;2;0;1;0;0;0;0;0
145620;11;2;2100102;2020;12;17;5;3;1;5;2;1;1;0;0;0;0;1