OBJECTID;LAND;BEZ;LOR_ab_2021;UJAHR;UMONAT;USTUNDE;UWOCHENTAG;UKATEGORIE;UART;UTYP1;ULICHTVERH;IstRad;IstPKW;IstFuss;IstKrad;IstGkfz;IstSonstige;USTRZUSTAND
145621;11;1;1401045;2020;12;10;5;3;6;7;0;1;0;0;0;0;1;0
145622;11;9;9200715;2020;12;7;4;3;6;2;2;0;0;1;0;0;1;1
145623;11;4;4501042;2020;12;22;1;3;2;6;2;0;1;0;1;0;0;1
145624;11;7;7601236;2020;12;18;7;3;1;1;2;0;1;0;0;0;1;1
145625;11;12;12200411;2020;12;14;2;3;0;6;0;0;1;0;0;0;1;0
145626;11;2;2400625;2020;12;22;5;2;0;7;2;1;0;0;0;0;0;0
145627;11;7;7501135;2020;12;14;6;3;3;7;0;0;1;0;0;0;1;1
145628;11;6;6300632;2020;12;11;6;3;2;6;0;0;1;0;0;1;0;0
145629;11;8;8100312;2020;12;18;4;3;1;5;2;1;1;0;0;0;0;0
145630;11;1;1100310;2020;12;19;5;3;0;3;2;0;1;0;1;0;0;0
145631;11;11;11300826;2020;12;21;1;3;5;3;2;0;1;0;0;0;0;1
145632;11;12;12500929;2020;12;10;2;3;1;5;0;1;1;0;0;0;0;1
145633;11;1;1100308;2020;12;6;3;3;5;3;2;1;1;0;0;0;0;1
145634;11;1;1100309;2020;12;13;2;3;5;3;0;1;0;0;0;0;1;0
145635;11;9;9200512;2020;12;22;5;3;0;1;2;0;0;0;1;0;0;0
145636;11;2;2500835;2020;12;12;7;3;2;6;0;0;1;0;0;0;0;0
145637;11;6;6100208;2020;12;18;3;3;2;6;2;0;1;0;0;0;0;0
145638;11;7;7400927;2020;12;15;1;3;5;2;1;0;1;0;0;0;0;0
145639;11;2;2100106;2020;12;21;5;3;5;3;2;0;1;0;0;0;0;0
145640;11;5;5200423;2020;12;18;5;3;6;4;2;0;0;1;0;0;1;1
145641;11;3;3601245;2020;12;15;3;3;5;3;0;0;1;0;1;0;0;0
145642;11;9;9100409;2020;12;12;6;3;5;3;0;0;1;0;0;0;1;0
145643;11;11;11401032;2020;12;21;3;3;1;7;2;0;1;0;0;0;0;1
145644;11;8;8401241;2020;12;19;5;2;5;2;2;0;1;0;1;0;0;0
145645;11;11;11400929;2020;12;15;6;3;5;7;2;1;1;0;0;0;0;0
145646;11;7;7501134;2020;12;10;4;3;0;1;0;1;0;0;0;0;0;1
145647;11;5;5100211;2020;12;13;4;3;5;3;0;1;1;0;0;0;0;0
145648;11;4;4300621;2020;12;9;5;3;0;1;0;0;1;0;1;0;0;0
145649;11;3;3400620;2020;12;5;5;2;5;2;2;0;1;0;1;0;0;0
145650;11;8;8301037;2020;12;14;1;3;5;3;0;0;1;0;0;0;0;0
145651;11;11;11400929;2020;12;4;1;3;1;5;2;0;1;0;0;0;1;1
145652;11;9;9100407;2020;12;16;3;3;5;2;2;1;1;0;0;0;0;0
145653;11;3;3500935;2020;12;5;2;3;5;3;2;0;1;0;0;0;1;1
145654;11;8;8100417;2020;12;19;5;3;1;5;2;1;1;0;0;0;0;0
145655;11;8;8100209;2020;12;2;7;3;1;5;2;0;1;0;0;0;1;1
145656;11;1;1100102;2020;12;20;7;3;5;2;2;1;1;0;0;0;0;0
145657;11;4;4501041;2020;12;18;5;3;5;3;2;0;1;0;0;0;0;0
145658;11;12;12400720;2020;12;16;1;3;1;5;1;0;1;0;0;0;0;0
145659;11;1;1100308;2020;12;16;5;2;6;4;1;0;1;1;0;0;0;1
145660;11;3;3601140;2020;12;10;6;3;6;2;0;0;1;1;0;0;0;0
145661;11;7;7400823;2020;12;15;1;3;6;2;0;0;1;1;0;0;0;0
145662;11;1;1300733;2020;12;17;2;3;1;5;2;0;1;0;0;0;1;1
145663;11;12;12400723;2020;12;16;3;3;0;5;2;0;1;0;0;0;1;0
145664;11;6;6100205;2020;12;17;5;2;6;4;2;0;1;1;0;0;0;0
145665;11;11;2500832;2020;12;12;4;3;2;6;0;0;1;0;0;0;0;1
145666;11;4;4501042;2020;12;14;1;3;0;6;0;0;1;0;0;0;1;0
145667;11;10;10100101;2020;12;9;7;3;0;1;0;0;0;0;1;0;0;2
145668;11;7;7300619;2020;12;12;2;3;5;2;0;1;0;0;0;0;1;1
145669;11;5;5100103;2020;12;16;5;3;5;3;1;1;1;0;0;0;0;0
145670;11;11;11200515;2020;12;8;6;3;2;6;0;0;1;0;0;0;1;1
145671;11;7;7200308;2020;12;14;3;3;2;6;0;0;1;0;0;0;0;0
145672;11;10;10200629;2020;12;16;5;3;6;2;0;0;1;1;0;0;0;0
145673;11;10;10100102;2020;12;14;1;3;2;6;0;0;1;0;0;0;0;0
145674;11;2;2200210;2020;12;13;1;3;6;7;0;0;0;1;0;0;1;0
145675;11;2;2300316;2020;12;13;2;3;5;3;0;0;1;0;1;0;0;0
145676;11;2;2200211;2020;12;15;5;2;1;5;1;1;1;0;0;0;0;0
145677;11;2;2400625;2020;12;12;6;2;3;6;0;1;0;0;0;0;1;1
145678;11;4;4501041;2020;12;15;7;3;6;7;1;0;0;1;0;0;1;0
145679;11;3;3400829;2020;12;14;5;3;2;6;0;1;1;0;0;0;0;0
145680;11;5;5100208;2020;12;14;5;3;6;7;0;0;0;1;0;0;1;0
145681;11;9;9200511;2020;12;15;5;3;6;4;0;0;1;1;0;0;0;0
145682;11;12;12200515;2020;12;12;1;3;5;3;0;0;1;0;0;0;0;1
145683;11;6;6300527;2020;12;15;2;3;2;6;1;0;1;0;0;0;0;1
145684;11;4;4501045;2020;12;14;3;3;5;2;1;1;1;0;0;0;0;0
145685;11;4;4300622;2020;12;14;5;3;6;4;0;0;1;1;0;0;0;0
145686;11;2;2200209;2020;12;10;4;3;0;1;0;1;0;0;0;0;0;1
145687;11;11;11200514;2020;12;12;1;3;5;2;0;1;0;0;0;0;1;0
145688;11;1;1401045;2020;12;10;7;3;5;2;0;0;1;0;0;0;0;1
145689;11;9;9200715;2020;12;15;2;3;5;2;1;1;1;0;0;0;0;0
145690;11;12;12400722;2020;12;13;5;3;6;7;0;0;1;1;0;0;0;0
145691;11;6;6200422;2020;12;18;6;3;3;6;2;0;1;0;0;0;0;0
145692;11;7;7501030;2020;12;8;7;3;0;1;0;0;0;0;1;0;0;2
145693;11;6;6200317;2020;12;7;4;3;5;3;1;0;1;0;0;0;0;1
145694;11;12;12500927;2020;12;10;5;3;5;3;0;1;0;0;0;0;1;0
145695;11;5;5100103;2020;12;9;1;2;6;2;0;0;1;1;0;0;0;0
145696;11;11;11501339;2020;12;11;2;3;2;6;0;0;1;0;0;0;0;1
145697;11;3;3400619;2020;12;12;7;3;2;7;0;0;1;0;0;0;0;0
145698;11;2;2100102;2020;12;11;4;3;5;7;0;0;1;0;0;0;0;0
145699;11;4;4300415;2020;12;17;5;3;0;7;2;1;1;0;0;0;0;0
145700;11;12;12500824;2020;12;9;1;3;5;3;0;0;1;0;0;0;0;1
145701;11;8;8100415;2020;12;11;2;2;6;2;0;0;1;1;0;0;0;0
145702;11;12;12100204;2020;12;12;3;3;6;4;0;0;1;1;0;0;0;1
145703;11;1;1300834;2020;12;12;5;3;5;2;0;1;1;0;0;0;0;0
145704;11;2;2300316;2020;12;6;4;3;6;2;2;0;1;1;0;0;0;1
145705;11;9;9100306;2020;12;7;1;3;6;7;2;0;1;1;0;0;0;1
145706;11;8;8100312;2020;12;16;7;3;6;7;1;0;1;1;0;0;0;0
145707;11;10;10300733;2020;12;23;1;3;8;1;2;0;1;0;0;0;0;1
145708;11;7;7400927;2020;12;12;5;2;5;2;0;1;0;0;0;1;0;0
145709;11;1;1100310;2020;12;14;6;3;1;5;0;1;1;0;0;0;0;0
145710;11;3;3701657;2020;12;14;3;3;0;1;0;1;0;0;0;0;0;0
145711;11;4;4300622;2020;12;19;6;3;5;7;2;0;1;0;0;0;0;0
145712;11;2;2500726;2020;12;14;4;3;5;2;0;0;1;0;0;0;1;0
145713;11;7;7400824;2020;12;8;5;3;1;5;0;1;1;0;0;0;0;0
145714;11;12;12200309;2020;12;20;7;3;6;7;2;0;1;1;0;0;0;0
145715;11;5;5100312;2020;12;23;2;3;1;1;2;0;1;0;0;0;1;1
145716;11;7;7601341;2020;12;17;3;3;2;6;2;0;1;0;0;1;0;1
145717;11;8;8100311;2020;12;11;2;3;0;2;0;0;1;0;0;0;1;0
145718;11;4;4500937;2020;12;11;5;3;6;2;0;0;1;1;0;0;0;0
145719;11;5;5200632;2020;12;9;7;3;0;7;0;1;0;0;0;0;0;2
145720;11;1;1100206;2020;12;17;3;3;5;2;2;1;1;0;0;0;0;0
145721;11;5;5100105;2020;12;3;3;3;1;7;2;0;1;0;0;0;1;1
145722;11;3;3701659;2020;12;10;5;3;0;3;0;0;1;0;1;0;0;1
145723;11;1;1100207;2020;12;17;4;2;5;3;1;1;1;0;0;0;0;0
145724;11;3;3500934;2020;12;13;7;3;5;3;0;0;1;0;1;0;0;0
145725;11;2;2500832;2020;12;20;1;3;2;6;2;0;1;0;0;0;0;1
145726;11;8;8100208;2020;12;9;5;3;5;3;0;0;1;0;0;0;0;0
145727;11;7;7200414;2020;12;10;5;3;2;6;0;0;1;0;0;0;0;0
145728;11;12;12500930;2020;12;14;6;3;5;2;0;0;1;0;0;0;0;0
145729;11;3;3400830;2020;12;11;4;3;1;5;0;1;1;0;0;0;0;1
145730;11;5;5100101;2020;12;21;3;2;9;1;2;0;1;0;0;0;0;1
145731;11;7;7601339;2020;12;12;5;3;5;3;0;1;1;0;0;0;0;0
145732;11;6;6100205;2020;12;15;5;2;0;7;1;0;1;0;0;0;0;0
145733;11;2;2200210;2020;12;19;7;3;2;7;2;0;1;0;0;0;0;0
145734;11;6;6200313;2020;12;13;1;3;5;2;0;1;0;0;0;0;1;0
145735;11;4;4501153;2020;12;17;3;3;2;6;2;0;1;0;0;0;0;0
145736;11;3;3400619;2020;12;19;2;3;2;6;2;0;1;0;0;0;0;1
145737;11;9;11501341;2020;12;7;5;3;5;3;0;1;1;0;0;0;0;0
145738;11;11;11401136;2020;12;22;6;3;1;5;2;0;1;0;0;0;0;1
145739;11;1;1100102;2020;12;16;7;3;5;3;2;0;1;0;0;0;0;0
145740;11;6;6100205;2020;12;14;4;3;6;3;0;0;1;1;0;0;0;0
145741;11;4;4400831;2020;12;15;5;3;6;7;1;0;1;1;0;0;0;0
145742;11;2;2100104;2020;12;12;6;3;0;1;0;1;0;0;0;0;0;0
145743;11;8;8100314;2020;12;15;7;3;2;7;0;1;1;0;0;0;1;0
145744;11;2;2200208;2020;12;16;2;3;6;4;2;0;1;1;0;0;0;0
145745;11;10;10400941;2020;12;12;7;3;5;3;0;0;1;0;0;0;0;1
145746;11;4;4501153;2020;12;18;4;3;5;2;2;1;1;0;0;0;0;0
145747;11;4;4200308;2020;12;0;7;3;2;6;2;0;1;0;0;0;0;0
145748;11;1;1100415;2020;12;17;5;3;1;5;2;1;1;0;0;0;0;1
145749;11;5;5100312;2020;12;7;6;3;6;4;1;0;1;1;0;0;0;0
145750;11;8;8401139;2020;12;19;7;3;5;3;2;0;1;0;0;0;0;0
145751;11;11;11400930;2020;12;22;2;3;5;3;2;0;1;0;1;0;0;1
145752;11;4;4501042;2020;12;18;3;3;2;6;2;0;1;0;0;0;0;0
145753;11;10;10300734;2020;12;15;4;3;6;4;1;0;1;1;0;0;0;0
145754;11;10;10400941;2020;12;7;4;3;5;3;0;1;1;0;0;0;0;0
145755;11;12;12200412;2020;12;19;7;2;5;3;2;0;1;0;1;0;0;0
145756;11;9;9501737;2020;12;13;7;3;0;1;0;1;0;0;0;0;0;1
145757;11;3;11300618;2020;12;17;2;3;6;2;2;0;1;1;0;0;0;0
145758;11;4;4500937;2020;12;23;4;3;2;6;2;0;1;0;0;0;0;0
145759;11;10;10400837;2020;12;11;6;3;2;2;0;0;1;0;0;1;0;1
145760;11;5;4200308;2020;12;13;7;3;2;6;0;0;1;0;0;0;0;0
145761;11;1;1100310;2020;12;13;5;3;5;2;0;1;1;0;0;0;0;0
145762;11;7;7200308;2020;12;22;5;3;5;3;2;1;1;0;0;0;0;0
145763;11;1;1100103;2020;12;18;7;3;5;3;2;0;1;0;0;0;0;0
145764;11;10;10100312;2020;12;13;2;3;5;2;0;0;1;0;0;0;1;1
145765;11;8;8200833;2020;12;14;3;3;0;6;0;0;0;0;0;0;1;0
145766;11;12;12200310;2020;12;20;4;3;5;2;2;0;1;0;0;0;0;0
145767;11;5;5100313;2020;12;7;4;2;6;4;1;0;0;1;0;0;1;1
145768;11;3;3100102;2020;12;12;7;2;5;2;0;1;1;0;0;0;0;1
145769;11;9;9200715;2020;12;19;7;3;5;3;2;0;1;0;0;0;1;0
145770;11;7;7400823;2020;12;8;2;3;5;3;0;0;1;0;0;0;0;1
145771;11;11;11100205;2020;12;15;3;3;8;1;0;0;1;0;0;0;0;0
145772;11;12;12400619;2020;12;18;4;3;2;2;2;1;1;0;0;0;0;0
145773;11;8;8100314;2020;12;11;4;3;5;2;0;1;1;0;0;0;0;0
145774;11;8;8401245;2020;12;12;7;3;5;7;0;0;1;0;0;0;1;0
145775;11;4;4300619;2020;12;11;7;3;2;6;0;0;1;0;0;0;0;0
145776;11;12;12200515;2020;12;12;2;3;6;7;0;0;1;1;0;0;0;0
145777;11;5;5300737;2020;12;17;4;3;2;6;2;0;1;0;0;0;0;0
145778;11;1;1100310;2020;12;6;6;3;5;2;2;0;1;0;0;0;1;1
145779;11;8;8401243;2020;12;11;7;3;2;6;0;0;1;0;0;0;0;1
145780;11;2;2300315;2020;12;9;4;3;5;3;0;1;0;0;1;0;0;1
145781;11;10;10400836;2020;12;16;5;3;1;5;2;0;1;0;0;0;0;0
145782;11;5;5200632;2020;12;17;7;3;5;2;2;1;0;0;0;0;1;0
145783;11;11;11300721;2020;12;11;2;3;2;6;0;0;1;0;0;0;0;1
145784;11;8;8200726;2020;12;9;3;3;6;3;1;0;1;1;0;0;0;0
145785;11;5;5100101;2020;12;13;4;3;8;1;0;0;1;1;0;0;0;0
145786;11;10;10100206;2020;12;21;4;2;5;3;2;0;1;0;0;0;1;0
145787;11;3;3501037;2020;12;17;7;3;2;6;1;0;1;0;0;0;0;0
145788;11;2;3601453;2020;12;14;7;2;6;7;0;0;1;1;0;0;0;0
145789;11;4;4501042;2020;12;14;1;3;2;6;0;0;1;0;0;0;0;0
145790;11;9;9401635;2020;12;16;4;2;5;2;0;0;1;0;1;0;0;0
145791;11;4;4501152;2020;12;15;5;3;5;2;1;1;1;0;0;0;0;0
145792;11;7;7200307;2020;12;15;6;3;5;3;1;1;1;0;0;0;0;0
145793;11;1;1200519;2020;12;1;4;2;9;1;2;0;1;0;0;0;0;0
145794;11;1;1100102;2020;12;17;4;3;5;2;2;1;1;0;0;0;0;0
145795;11;5;5100315;2020;12;16;6;3;5;3;2;0;1;0;0;0;1;1
145796;11;4;4200311;2020;12;15;6;3;5;3;0;0;1;0;1;0;0;0
145797;11;2;2200208;2020;12;19;4;3;0;2;2;1;1;0;0;0;0;0
145798;11;1;1100207;2020;12;19;5;3;5;2;2;1;1;0;0;0;0;0
145799;11;12;12400618;2020;12;11;7;3;5;3;0;0;1;0;0;0;0;0
145800;11;3;3601451;2020;12;10;2;3;0;1;0;0;0;0;1;0;0;1
145801;11;9;9300923;2020;12;18;3;3;0;3;2;1;1;0;0;0;0;0
145802;11;2;2400522;2020;12;0;3;2;0;1;2;1;0;0;0;0;0;0
145803;11;7;7601339;2020;12;7;4;3;6;2;1;0;1;1;0;0;0;0
145804;11;3;3601245;2020;12;15;4;2;5;2;1;1;1;0;0;0;0;1
145805;11;12;12500926;2020;12;12;7;3;6;2;0;0;1;1;0;0;0;1
145806;11;10;10100206;2020;12;13;3;2;2;3;0;0;1;0;1;0;0;0
145807;11;5;5400942;2020;12;16;1;3;8;1;2;0;0;0;1;0;0;0
145808;11;5;5100208;2020;12;14;4;2;3;6;0;0;1;0;0;0;0;0
145809;11;3;3601245;2020;12;13;5;3;6;7;0;0;1;1;0;0;0;0
145810;11;4;4200308;2020;12;15;3;2;2;6;0;0;0;0;1;1;0;0
145811;11;3;3601244;2020;12;14;6;3;5;3;0;0;1;0;0;0;0;0
145812;11;5;5300736;2020;12;20;3;3;5;3;2;0;1;0;0;0;0;1
145813;11;10;10200524;2020;12;11;4;3;6;4;0;0;1;1;0;0;0;0
145814;11;11;11501341;2020;12;16;5;3;0;3;2;0;1;0;0;0;1;0
145815;11;12;12100204;2020;12;11;7;3;6;4;0;0;1;1;0;0;0;0
145816;11;5;5200629;2020;12;13;1;3;2;6;1;0;1;0;0;0;0;0
145817;11;6;6100206;2020;12;17;2;3;0;6;2;0;0;0;0;0;1;1
145818;11;6;6400737;2020;12;13;4;2;6;7;0;0;1;1;0;0;0;0
145820;11;7;7501031;2020;12;19;1;3;9;1;2;0;1;0;0;0;0;0
145821;11;6;6200423;2020;12;14;3;3;3;6;0;0;1;0;0;0;0;0
145823;11;6;6200315;2020;12;6;4;3;5;2;2;1;0;0;0;0;0;0
145826;11;8;8401241;2020;12;19;1;3;5;3;2;0;1;0;0;0;0;0
145828;11;2;2400522;2020;12;18;1;3;0;1;2;0;0;0;1;0;0;0
145829;11;6;6100205;2020;12;13;5;3;5;3;0;0;1;0;0;0;0;0
145830;11;3;3200204;2020;12;15;1;3;0;1;0;0;0;0;1;0;0;1
145836;11;4;4200206;2020;12;12;1;2;0;1;0;1;0;0;0;0;0;0
145838;11;8;8401139;2020;12;13;5;3;5;3;0;0;1;0;0;0;0;0
145839;11;3;3400723;2020;12;11;1;3;1;5;0;1;1;0;0;0;0;0
145843;11;8;8300935;2020;12;11;7;2;5;2;0;0;1;0;0;0;0;1
145844;11;9;9301228;2020;12;14;3;2;5;2;0;1;1;0;0;0;0;1
145846;11;8;8100104;2020;12;11;4;3;2;6;0;0;1;0;0;0;1;1
145847;11;7;7100103;2020;12;19;7;3;1;7;2;0;1;0;0;0;0;1
145849;11;3;3100103;2020;12;16;7;2;4;6;2;0;1;0;0;0;0;1
145851;11;2;2300316;2020;12;14;4;3;2;6;0;0;1;0;0;0;0;1
145852;11;2;2200209;2020;12;17;7;3;0;2;2;0;1;0;1;0;0;1
145856;11;9;9200510;2020;12;11;7;2;5;3;0;1;1;0;0;0;0;0
145857;11;4;4400834;2020;12;8;3;3;0;1;0;1;0;0;0;0;0;1
145859;11;8;8100314;2020;12;16;4;3;5;7;1;0;1;0;1;0;0;1
145862;11;3;3400619;2020;12;21;6;3;2;6;2;0;1;0;0;0;1;0
145868;11;12;12601133;2020;12;13;6;3;5;3;0;0;1;0;0;0;0;1
145869;11;7;7501134;2020;12;11;3;3;2;6;0;0;1;0;0;0;0;1
145871;11;9;9100304;2020;12;17;4;3;5;3;2;0;1;0;0;0;0;1
145874;11;7;7501029;2020;12;13;6;3;5;3;0;0;1;0;0;0;0;1
145876;11;4;4100101;2020;12;20;5;3;6;7;2;0;1;0;0;0;1;1
145877;11;1;1200628;2020;12;14;5;2;5;3;0;0;1;0;1;0;0;0
145878;11;2;2200210;2020;12;23;5;3;6;2;2;0;1;1;0;0;0;1
145879;11;1;1401049;2020;12;15;5;3;5;2;1;0;1;0;0;0;0;1
145880;11;6;6200421;2020;12;19;5;2;6;4;2;0;1;1;0;0;0;1
145881;11;6;6100102;2020;12;14;5;3;2;6;1;0;1;0;0;0;0;1
145883;11;6;6200422;2020;12;12;4;2;0;7;0;0;1;0;0;0;1;0
145887;11;9;9200510;2020;12;11;5;3;2;6;0;1;1;0;0;0;0;1
145889;11;2;2200210;2020;12;11;5;3;5;3;0;0;1;0;0;0;0;1
145890;11;8;8200730;2020;12;10;5;3;6;7;0;0;1;1;0;0;0;0
145896;11;5;5300736;2020;12;9;5;3;5;2;1;0;1;0;0;0;0;1
145898;11;8;8401242;2020;12;11;4;3;5;3;0;0;1;0;0;0;0;1
145899;11;1;1400942;2020;12;6;5;3;2;6;2;0;1;0;0;0;1;1
145903;11;12;12200515;2020;12;14;4;3;1;5;0;0;1;0;0;0;1;1
145904;11;7;7200307;2020;12;8;3;2;0;1;0;1;0;0;0;0;0;1
145907;11;8;8401244;2020;12;17;4;3;6;2;2;0;1;1;0;0;0;1
145908;11;2;2200213;2020;12;18;2;3;2;3;2;1;1;0;0;0;0;1
145910;11;4;4300416;2020;12;9;4;3;1;5;0;1;1;0;0;0;0;0
145913;11;9;9100305;2020;12;9;3;3;6;2;0;0;1;1;0;0;0;1
145916;11;4;4300622;2020;12;17;4;2;6;4;2;0;0;1;0;0;1;1
145917;11;8;8100312;2020;12;17;2;3;2;7;2;1;1;0;0;0;0;1
145919;11;9;9200510;2020;12;14;4;3;5;3;0;1;1;0;0;0;0;0
145920;11;6;6200317;2020;12;8;3;3;0;1;0;1;0;0;0;0;0;2
145923;11;4;4300518;2020;12;16;4;3;5;3;2;1;1;0;0;0;0;1
145924;11;11;11401135;2020;12;9;3;2;0;1;0;1;0;0;0;0;0;2
145927;11;12;12200309;2020;12;17;4;3;0;7;2;1;0;0;0;0;0;1
145929;11;2;2200207;2020;12;17;4;3;1;5;2;1;1;0;0;0;0;1
145930;11;10;10100209;2020;12;19;5;3;4;6;2;0;1;0;0;0;0;1
145931;11;4;4300517;2020;12;12;4;3;1;5;0;0;1;0;1;0;0;0
145933;11;9;9502042;2020;12;9;3;3;1;1;0;1;1;0;0;0;0;2
145936;11;8;8301037;2020;12;12;4;3;6;7;0;0;0;1;0;0;1;0
145939;11;9;9501941;2020;12;13;4;3;5;3;0;0;1;0;0;0;0;0
145941;11;4;4100101;2020;12;13;5;3;0;5;0;0;1;0;1;0;0;1
145942;11;1;1401045;2020;12;20;4;3;6;4;2;0;1;1;0;0;0;1
145944;11;6;6100101;2020;12;8;3;3;0;1;0;1;0;0;0;0;0;2
145947;11;3;3400723;2020;12;11;4;3;2;6;0;0;1;0;0;0;1;0
145948;11;11;11300722;2020;12;14;2;3;2;6;0;0;1;0;0;0;0;0
145950;11;5;5100315;2020;12;11;4;2;5;2;0;1;1;0;0;0;0;0
145951;11;7;7300517;2020;12;19;4;3;6;2;2;0;1;1;0;0;0;1
145954;11;8;8100415;2020;12;0;5;2;1;5;2;0;1;0;0;0;1;1
145955;11;3;3400724;2020;12;11;4;3;0;3;0;1;0;0;1;0;0;0
145959;11;6;6100102;2020;12;19;4;3;5;3;2;1;1;0;0;0;0;1
145960;11;9;9401635;2020;12;10;2;3;3;6;0;1;1;0;0;0;0;1
145962;11;9;9100203;2020;12;15;4;2;6;7;0;0;1;1;0;0;0;0
145963;11;3;3300514;2020;12;8;3;3;5;2;0;1;1;0;0;0;0;1
145966;11;7;7601238;2020;12;1;3;3;0;7;2;0;1;0;0;0;0;1
145971;11;1;1401045;2020;12;9;4;3;3;6;0;1;0;0;0;0;0;0
145972;11;1;1200623;2020;12;19;2;3;6;2;2;0;1;1;0;0;0;1
145974;11;8;8200624;2020;12;17;4;3;6;4;2;0;1;1;0;0;0;1
145977;11;11;11300620;2020;12;18;4;3;6;2;2;0;1;1;0;0;0;1
145979;11;2;2200211;2020;12;17;4;3;6;4;2;0;1;1;0;0;0;1
145980;11;7;7400720;2020;12;18;5;3;5;2;2;0;1;0;0;0;0;0
145981;11;11;11300617;2020;12;17;4;3;2;6;2;0;1;0;0;0;0;1
145983;11;7;7100102;2020;12;22;3;3;0;2;2;0;1;0;1;0;0;0
145984;11;7;7100101;2020;12;17;4;3;5;2;2;0;1;0;0;0;0;1
145986;11;9;9200717;2020;12;13;4;3;5;3;0;0;1;0;1;0;0;0
145990;11;2;2400625;2020;12;16;3;2;7;7;2;0;0;0;1;0;0;1
145992;11;1;1400937;2020;12;12;5;3;5;3;0;0;1;0;0;0;0;0
145993;11;10;10100102;2020;12;13;3;3;3;2;0;0;1;0;0;0;0;1
145997;11;4;4200310;2020;12;14;3;3;5;2;0;1;1;0;0;0;0;0
146000;11;5;5100316;2020;12;11;3;3;2;6;0;0;1;0;0;0;0;1
146002;11;12;12601134;2020;12;16;4;3;6;4;2;0;1;1;0;0;0;0
146003;11;9;9100306;2020;12;11;3;3;2;2;0;0;1;0;0;0;1;1
146005;11;8;8100520;2020;12;18;3;3;6;2;2;0;1;1;0;0;0;1
146008;11;2;2100101;2020;12;10;3;3;5;3;0;0;1;0;1;0;0;1
146009;11;9;9501838;2020;12;17;2;3;0;7;2;0;1;0;0;0;0;1
146011;11;1;1100312;2020;12;16;4;3;5;3;2;1;1;0;0;0;0;1
146013;11;10;10400837;2020;12;13;2;3;0;1;0;1;0;0;0;0;0;0
146015;11;1;1300836;2020;12;11;4;2;5;3;0;1;1;0;0;0;0;1
146020;11;1;1401045;2020;12;9;3;3;2;6;0;0;1;0;0;0;0;1
146021;11;9;9100409;2020;12;1;2;3;9;1;2;0;1;0;0;0;0;1
146023;11;6;6300527;2020;12;17;4;3;5;2;2;1;0;0;0;0;1;0
146027;11;6;6400844;2020;12;8;3;2;6;2;2;0;1;1;0;0;0;1
146029;11;8;8401241;2020;12;2;3;3;0;1;2;0;0;0;1;0;0;1
146031;11;3;3300516;2020;12;19;3;3;6;4;2;0;1;1;0;0;0;1
146032;11;1;1100206;2020;12;22;5;3;1;5;2;1;0;0;0;0;1;1
146033;11;11;11300620;2020;12;19;3;2;2;6;2;0;1;0;0;0;0;1
146035;11;4;4501041;2020;12;11;3;3;2;6;0;1;1;0;0;0;0;1
146038;11;6;6200317;2020;12;17;3;3;0;6;2;0;1;0;1;0;0;0
146040;11;3;3300413;2020;12;9;5;3;5;2;0;1;1;0;0;0;0;1
146041;11;7;7100205;2020;12;17;3;3;5;3;2;0;1;0;0;0;0;1
146044;11;3;3501038;2020;12;13;5;3;5;3;0;1;1;0;0;0;0;0
146045;11;3;3200308;2020;12;17;3;3;6;2;2;0;1;1;0;0;0;1
146049;11;10;10200422;2020;12;16;3;2;0;7;2;0;1;0;0;0;0;1
146051;11;7;7400823;2020;12;11;4;3;5;2;0;0;1;0;0;0;1;1
146052;11;1;3701556;2020;12;16;3;3;2;6;2;0;1;0;0;0;0;1
146058;11;2;2100106;2020;12;16;3;3;6;4;2;0;1;1;0;0;0;1
146059;11;2;2200209;2020;12;3;1;3;5;2;2;0;1;0;0;0;0;0
146061;11;7;7400823;2020;12;7;4;3;6;2;1;0;1;1;0;0;0;1
146062;11;12;12400722;2020;12;17;3;3;5;3;2;0;1;0;0;0;0;1
146065;11;1;1100313;2020;12;14;3;3;5;3;0;0;1;0;0;0;1;0
146068;11;1;1100207;2020;12;16;3;3;6;2;2;0;1;1;0;0;0;1
146070;11;1;1300732;2020;12;14;4;3;2;2;0;0;1;0;0;1;0;0
49090;11;12;12301203;2019;1;13;6;3;5;3;0;1;1;0;0;0;0;1
49091;11;3;3040818;2019;1;9;5;3;5;3;0;1;1;0;0;0;0;0
49093;11;12;12103115;2019;3;21;6;3;0;1;2;1;0;0;0;0;0;0
49096;11;6;6040703;2019;1;7;6;2;6;4;1;0;1;1;0;0;0;1
49097;11;7;7030303;2019;2;15;3;3;2;6;0;0;1;0;0;0;0;0
49100;11;5;5020629;2019;1;7;5;3;2;6;2;0;1;0;0;0;0;1
49101;11;5;5020524;2019;1;8;3;3;6;6;0;0;1;1;0;0;0;0
49105;11;2;2050602;2019;1;7;5;3;6;2;0;0;1;1;0;0;0;1
49106;11;5;5020524;2019;2;18;1;3;5;2;2;0;1;0;0;0;0;0