OBJECTID;LAND;BEZ;LOR_ab_2021;UJAHR;UMONAT;USTUNDE;UWOCHENTAG;UKATEGORIE;UART;UTYP1;ULICHTVERH;IstRad;IstPKW;IstFuss;IstKrad;IstGkfz;IstSonstige;USTRZUSTAND
49109;11;7;7050502;2019;1;17;5;3;3;2;2;0;1;0;0;0;1;0
49111;11;7;7040402;2019;1;18;5;3;2;6;2;0;1;0;0;0;1;0
49114;11;4;4051551;2019;1;16;5;2;0;1;2;0;0;0;1;0;0;0
49115;11;4;4010101;2019;2;12;6;3;2;6;0;0;0;0;0;1;1;0
49118;11;1;1011204;2019;3;13;5;3;2;6;0;0;1;0;0;0;0;0
49121;11;4;4041133;2019;1;17;4;3;2;6;2;0;1;0;0;0;0;1
49124;11;1;1011202;2019;1;12;4;3;2;6;0;0;1;0;0;0;0;1
49125;11;3;3020209;2019;1;13;4;3;5;3;0;0;1;0;0;1;0;0
49128;11;12;12103219;2019;1;17;4;3;6;2;2;0;1;1;0;0;0;1
49131;11;9;9020601;2019;1;6;4;3;3;6;2;0;1;0;1;0;0;1
49132;11;1;1033203;2019;2;6;7;2;5;2;2;0;1;0;1;0;0;0
49135;11;9;9010302;2019;1;5;4;3;3;6;2;0;1;0;0;1;0;1
49136;11;1;1011202;2019;1;11;1;3;5;3;0;1;0;0;0;0;0;1
49140;11;2;2050602;2019;1;8;4;3;5;3;1;1;1;0;0;0;0;1
49141;11;12;12301203;2019;2;15;6;3;5;3;0;0;1;0;0;0;1;0
49144;11;3;3061429;2019;1;7;4;3;6;4;2;0;1;1;0;0;0;1
49147;11;4;4010103;2019;1;7;4;3;2;6;2;0;1;0;0;0;0;1
49150;11;6;6040703;2019;1;7;4;2;6;2;2;0;1;1;0;0;0;1
49151;11;6;6030605;2019;2;18;3;3;2;6;2;0;1;0;0;0;0;0
49154;11;6;6040702;2019;1;9;3;3;2;6;0;0;1;0;0;0;0;1
49155;11;7;7050501;2019;2;10;7;3;2;6;0;0;1;0;0;0;0;0
49158;11;1;1011105;2019;1;19;3;3;2;6;2;0;1;0;0;0;0;1
49160;11;2;2050802;2019;1;19;3;3;2;6;2;1;0;0;0;0;0;1
49163;11;7;7050502;2019;1;17;3;3;5;3;2;0;1;0;0;0;0;1
49164;11;10;10010309;2019;2;10;4;2;5;3;0;1;1;0;0;0;0;0
49166;11;4;4041239;2019;3;14;4;3;2;6;0;0;1;0;0;0;0;0
49169;11;3;3051017;2019;1;12;3;3;4;1;0;0;1;0;0;0;0;1
49172;11;7;7040401;2019;1;19;2;3;6;4;2;0;0;1;0;0;1;1
49173;11;6;6040701;2019;1;17;4;2;0;1;2;0;0;0;1;0;0;1
49178;11;7;7050501;2019;1;12;1;3;6;2;0;0;1;1;0;0;0;0
49179;11;4;4041134;2019;2;5;6;3;0;1;1;0;0;0;1;0;0;1
49182;11;2;2050602;2019;1;11;7;3;5;2;0;0;1;0;0;0;0;0
49183;11;1;1011202;2019;1;11;1;3;5;3;0;1;0;0;0;0;0;1
49186;11;12;12103218;2019;1;7;6;3;2;2;1;0;1;0;0;0;0;1
49188;11;9;9010302;2019;1;19;6;3;2;6;2;0;1;0;0;0;0;0
49189;11;7;7070701;2019;2;12;6;3;5;2;0;1;1;0;0;0;0;0
49192;11;3;3040818;2019;1;18;6;3;5;3;2;1;1;0;0;0;0;1
49194;11;3;3040513;2019;1;20;4;3;5;3;2;1;0;0;0;0;1;0
49196;11;7;7020203;2019;1;18;6;3;1;5;2;1;1;0;0;0;0;1
49199;11;6;6010101;2019;1;18;5;3;5;2;2;1;1;0;0;0;0;0
49200;11;4;4030417;2019;2;2;7;2;0;1;2;0;1;0;0;0;0;1
49202;11;1;1011303;2019;3;17;7;3;2;7;1;1;1;0;0;0;0;0
49205;11;10;10010206;2019;1;18;4;3;2;6;2;0;1;0;0;0;0;1
49206;11;1;1022202;2019;2;16;5;3;0;6;0;1;1;0;0;0;0;0
49209;11;7;7030303;2019;1;13;4;3;5;3;0;0;1;0;0;1;0;0
49210;11;3;3061126;2019;1;14;2;3;0;2;1;1;1;0;0;0;0;0
49216;11;10;10040933;2019;3;16;3;3;5;2;0;0;1;0;0;0;0;0
49219;11;8;8020619;2019;1;3;4;3;3;6;2;0;1;0;0;1;0;1
49222;11;2;2010101;2019;1;4;3;3;2;6;2;0;1;0;0;0;0;1
49223;11;6;6010209;2019;1;11;3;2;5;2;0;0;1;0;0;0;0;1
49228;11;4;4020314;2019;1;5;3;3;9;1;2;0;1;0;0;0;0;1
49229;11;1;1011303;2019;2;10;4;1;5;2;0;1;0;0;0;1;0;0
49232;11;2;2020202;2019;1;2;3;3;2;6;2;0;1;0;0;0;0;1
49233;11;7;7040403;2019;1;21;7;3;2;6;2;0;1;0;0;0;0;1
49236;11;7;7050502;2019;1;14;6;3;5;2;0;1;1;0;0;0;0;0
49238;11;9;9010102;2019;1;2;3;3;2;4;2;0;1;1;0;0;0;1
49239;11;3;3071633;2019;2;18;5;3;2;6;2;0;1;0;0;0;0;0
49248;11;3;3061429;2019;2;15;6;3;6;2;0;0;1;1;0;0;0;0
49250;11;4;4030623;2019;3;12;6;3;5;2;0;0;0;0;1;0;1;0
49254;11;2;2050602;2019;2;20;4;3;2;6;2;1;0;0;0;0;0;0
49258;11;7;7040405;2019;1;23;7;2;9;1;2;0;1;0;0;0;0;1
49264;11;7;7040403;2019;2;6;2;3;2;6;0;0;1;0;0;0;1;0
49273;11;1;1044201;2019;2;16;2;3;5;7;0;0;1;0;0;0;0;0
49277;11;3;3061131;2019;2;18;4;3;6;4;1;1;0;1;0;0;0;0
49283;11;4;4041133;2019;1;13;6;3;2;6;0;0;1;0;0;0;0;0
49286;11;3;3071633;2019;2;19;3;3;1;5;2;1;1;0;0;0;0;0
49289;11;1;1011201;2019;3;14;7;3;4;6;0;1;1;0;0;0;0;1
49297;11;6;6040701;2019;1;19;5;2;6;4;2;0;1;1;0;0;0;1
49299;11;2;2040703;2019;2;13;5;3;5;3;0;1;0;0;0;0;0;0
49303;11;7;7030303;2019;2;16;3;3;2;6;0;0;1;0;0;0;0;0
49307;11;3;3061429;2019;1;12;3;3;5;2;0;1;0;0;0;1;0;0
49312;11;1;1011202;2019;2;22;7;3;2;6;2;0;1;0;0;0;0;0
49321;11;7;7030303;2019;2;8;5;2;6;2;0;0;1;1;0;0;0;0
49323;11;1;1011303;2019;3;22;5;3;2;2;2;1;0;0;0;0;1;0
49330;11;4;4020310;2019;1;7;4;3;3;6;1;0;1;0;0;0;0;1
49337;11;3;3050925;2019;2;14;7;3;5;3;0;1;1;0;0;0;0;0
49338;11;2;2020203;2019;3;7;6;3;1;1;0;0;1;0;0;0;0;0
49345;11;6;6040703;2019;1;12;4;2;2;6;0;0;1;0;0;0;0;1
49350;11;4;4010102;2019;2;18;1;3;2;6;2;0;1;0;0;0;0;0
49354;11;7;7070701;2019;1;7;2;3;2;6;2;0;1;0;0;0;0;1
49360;11;4;4020311;2019;2;14;7;3;3;6;0;0;1;0;0;0;1;0
49370;11;4;4030622;2019;2;19;4;3;2;6;2;0;1;0;0;0;0;0
49372;11;4;4020313;2019;3;12;4;3;2;6;0;0;1;0;0;0;0;0
49379;11;1;1011303;2019;1;12;3;3;3;6;0;1;1;0;0;0;0;0
49385;11;4;4030622;2019;2;9;5;3;5;7;0;0;1;0;1;0;0;0
49389;11;4;4030622;2019;1;6;7;3;5;2;1;0;1;0;0;0;1;0
49392;11;12;12214125;2019;1;10;6;3;2;6;0;0;1;0;0;0;1;1
49395;11;3;3040818;2019;2;12;6;2;5;2;0;0;1;0;0;0;1;0
49404;11;3;3061126;2019;1;0;1;3;3;6;2;0;1;0;0;0;0;1
49409;11;3;3061228;2019;2;17;6;3;3;6;1;1;1;0;0;0;0;0
49419;11;4;4030416;2019;2;10;2;3;2;6;0;0;1;0;0;1;0;0
49421;11;4;4020314;2019;3;8;2;3;3;6;0;0;1;0;0;1;0;0
49428;11;1;1011102;2019;1;10;3;3;5;2;0;0;1;0;0;0;0;1
49434;11;12;12103115;2019;2;11;4;3;2;2;0;0;1;0;0;0;0;0
49440;11;1;1011303;2019;1;6;5;3;6;2;2;0;1;1;0;0;0;1
49443;11;12;12103117;2019;2;16;5;3;2;6;0;0;1;0;0;0;0;0
49452;11;12;12103219;2019;1;17;5;3;3;6;2;0;1;0;0;0;0;0
49454;11;3;3061332;2019;3;23;6;3;5;2;2;0;1;0;0;0;0;0
49458;11;1;1011303;2019;2;18;4;3;2;2;2;1;1;0;0;0;0;0
49465;11;3;3071639;2019;2;18;6;3;1;5;2;1;0;0;0;0;1;0
49467;11;6;6040701;2019;3;12;7;3;1;1;0;0;1;0;0;0;0;0
49471;11;2;2050801;2019;2;15;4;3;3;6;0;1;1;0;0;0;0;0
49475;11;4;4010101;2019;1;11;2;3;3;6;0;0;1;0;0;0;0;0
49481;11;3;3051017;2019;2;15;3;3;5;3;0;1;1;0;0;0;0;0
49490;11;7;7020203;2019;2;15;3;3;2;6;0;0;1;0;0;0;0;0
49493;11;12;12224230;2019;3;14;6;3;0;7;0;0;1;0;0;0;0;0
49500;11;2;2050802;2019;1;16;5;3;5;2;0;1;1;0;0;0;0;0
49502;11;2;2050602;2019;2;15;5;3;6;7;0;1;0;1;0;0;0;0
49506;11;4;4020313;2019;2;9;2;3;5;7;0;1;1;0;0;0;0;0
49510;11;6;6030503;2019;1;19;3;3;0;6;2;0;0;0;1;0;1;1
49515;11;4;4010101;2019;2;14;7;3;2;6;0;0;1;0;0;0;0;0
49522;11;3;3071638;2019;1;8;3;3;3;6;0;0;1;0;0;1;0;0
49528;11;7;7030303;2019;2;15;2;3;2;6;0;0;1;0;0;0;1;0
49537;11;7;7070701;2019;2;7;6;3;3;6;1;0;1;0;0;0;0;1
49540;11;1;1011303;2019;3;7;5;3;0;5;0;1;1;0;0;0;0;1
49547;11;3;3040818;2019;1;14;4;3;1;5;0;1;1;0;0;0;0;0
49554;11;3;3061126;2019;2;15;7;3;5;2;0;1;1;0;0;0;0;0
49558;11;3;3061429;2019;1;15;2;2;6;4;0;0;1;1;0;0;0;0
49563;11;1;1044203;2019;2;15;6;3;1;5;0;0;1;0;0;0;0;0
49573;11;3;3020209;2019;2;17;4;3;5;7;2;1;0;0;0;0;1;0
49575;11;4;4020310;2019;3;9;3;2;2;6;0;0;1;0;0;1;0;0
49582;11;3;3020209;2019;1;17;3;3;5;3;1;1;1;0;0;0;0;1
49587;11;3;3061131;2019;2;15;4;3;4;6;0;1;0;0;0;0;0;0
49589;11;4;4020208;2019;3;10;4;3;0;6;0;1;1;0;0;0;0;1
49596;11;7;7060601;2019;1;12;4;2;5;3;0;0;1;0;0;0;1;0
49603;11;8;8020619;2019;2;18;6;3;3;6;1;0;1;0;0;1;0;0
49607;11;6;6010209;2019;1;2;1;3;9;1;2;0;1;0;0;0;0;2
49610;11;3;3061332;2019;1;21;5;2;0;5;2;0;1;0;1;0;0;1
49613;11;3;3020209;2019;2;11;6;3;5;3;0;1;1;0;0;0;0;0
49623;11;2;2020203;2019;2;19;1;3;2;6;2;0;1;0;0;0;0;1
49625;11;3;3061434;2019;3;17;1;3;2;6;0;0;1;0;0;0;0;0
49632;11;4;4030623;2019;1;16;2;3;2;6;0;0;1;0;0;0;0;0
49638;11;6;6030503;2019;2;16;4;3;2;6;0;0;1;0;0;0;0;0
49644;11;7;7050502;2019;1;19;5;3;2;6;2;0;1;0;0;0;0;1
49650;11;5;5020629;2019;2;18;5;3;2;6;2;0;1;0;0;0;0;1
49654;11;12;12301204;2019;1;21;7;3;3;6;2;0;1;0;1;0;0;0
49657;11;7;7020202;2019;1;18;5;2;6;4;2;0;1;1;0;0;0;1
49660;11;9;9020601;2019;2;18;5;3;5;2;2;1;1;0;0;0;0;0
49669;11;3;3061429;2019;2;5;6;3;6;2;2;0;1;1;0;0;0;0
49671;11;1;1011105;2019;3;22;7;3;2;2;2;0;1;0;0;0;0;0
49675;11;1;1044102;2019;2;6;4;2;5;3;1;0;1;0;0;0;1;0
49679;11;1;1011303;2019;1;2;1;2;6;4;2;0;1;1;0;0;0;1
49685;11;1;1011201;2019;2;11;2;3;3;6;0;1;0;0;0;1;0;0
49694;11;4;4051551;2019;2;23;2;3;3;6;2;0;1;0;0;0;0;0
49697;11;10;10040933;2019;3;11;6;3;5;3;0;1;1;0;0;0;0;1
49704;11;1;1011105;2019;1;14;4;3;2;6;0;0;1;0;0;0;0;0
49707;11;7;7040403;2019;2;18;4;3;6;7;1;1;0;1;0;0;0;0
49710;11;4;4041134;2019;3;10;7;3;2;6;0;0;1;0;0;0;0;1
49718;11;2;2050602;2019;1;7;5;3;1;5;0;0;1;1;0;0;0;0
49720;11;6;6010102;2019;2;14;5;3;2;6;0;0;1;0;0;0;0;0
49724;11;4;4020208;2019;2;14;3;3;5;3;0;0;1;0;0;0;0;0
49728;11;4;4010101;2019;1;13;3;3;2;6;0;0;1;0;0;1;0;0
49733;11;7;7020203;2019;2;18;1;3;2;6;2;0;1;0;0;0;0;0
49742;11;12;12231101;2019;2;11;5;3;2;2;0;0;1;0;0;0;0;0
49744;11;9;9010401;2019;3;6;5;3;2;6;0;0;0;0;0;1;0;1
49751;11;7;7060601;2019;1;13;4;3;2;6;0;0;1;0;0;0;0;0
49758;11;7;7030303;2019;2;14;7;3;0;1;0;0;0;0;1;0;0;0
49762;11;1;1033203;2019;1;16;1;3;2;6;2;0;1;0;0;0;0;0
49767;11;2;2050602;2019;2;15;6;2;0;1;0;1;0;0;0;0;0;0
49772;11;3;3061434;2019;2;8;1;3;0;7;0;0;1;0;0;0;0;0
49776;11;10;10040933;2019;1;14;2;3;2;6;0;0;1;0;0;0;0;1
49782;11;3;3061126;2019;2;10;7;2;9;1;0;0;1;0;0;0;0;0
49792;11;6;6030503;2019;2;8;4;3;2;6;0;0;1;0;0;1;0;0
49794;11;2;2050602;2019;3;13;4;3;5;2;0;1;1;0;0;0;0;0
49801;11;7;7040405;2019;1;16;4;3;2;6;1;0;1;0;0;0;0;0
49807;11;1;1011102;2019;2;16;6;3;3;6;0;0;1;0;1;0;0;0
49811;11;10;10010309;2019;1;10;7;1;6;4;0;0;1;1;0;0;0;1
49814;11;4;4041134;2019;1;22;5;3;9;1;2;0;1;0;0;0;0;1
49817;11;12;12301203;2019;2;14;6;3;5;3;0;1;1;0;0;0;0;0
49826;11;2;2050602;2019;2;19;6;3;5;7;2;0;1;0;0;0;0;0
49828;11;1;1011303;2019;3;12;7;3;0;6;0;0;1;0;0;0;1;0
49840;11;7;7050502;2019;2;13;2;3;5;7;0;0;0;0;0;0;1;0
49842;11;1;1044201;2019;3;13;2;3;2;6;0;0;1;0;0;0;0;0
49849;11;7;7050502;2019;1;11;3;3;5;3;0;0;0;0;1;0;1;1
49855;11;12;12103218;2019;2;8;4;3;5;2;0;1;0;0;0;0;1;0
49859;11;4;4020311;2019;1;21;7;3;3;6;2;0;1;0;0;0;0;0
49862;11;1;1011105;2019;1;15;5;3;3;6;0;0;1;0;0;0;0;0
49865;11;3;3061131;2019;2;17;5;3;2;2;1;1;1;0;0;0;0;0
49874;11;2;2050602;2019;2;14;6;3;5;3;0;1;1;0;0;0;0;0
49876;11;1;1044203;2019;3;13;6;3;1;5;0;1;1;0;0;0;0;0
49880;11;1;1011204;2019;2;19;4;2;6;4;2;0;1;1;0;0;0;0
49884;11;4;4020314;2019;1;13;5;3;3;6;0;0;1;0;0;1;0;0
49890;11;4;4020310;2019;2;6;2;3;2;6;1;0;1;0;0;0;0;1
49894;11;4;4041134;2019;2;6;5;3;3;6;1;0;1;0;0;1;0;0
49898;11;7;7050501;2019;1;20;2;3;6;2;2;0;1;1;0;0;0;1
49904;11;2;2040703;2019;2;23;4;3;6;4;2;0;0;1;0;0;1;0
49909;11;4;4010102;2019;1;15;4;3;2;6;0;0;1;0;0;0;0;1
49912;11;9;9010202;2019;1;15;5;3;5;3;0;1;1;0;0;0;0;0
49915;11;2;2010101;2019;2;15;3;3;3;6;0;1;1;0;0;0;0;0
49918;11;12;12214125;2019;3;20;7;2;8;1;2;0;1;0;0;0;0;1
49926;11;2;2050602;2019;1;16;5;2;6;4;1;0;1;1;0;0;0;0
49928;11;3;3040513;2019;2;14;5;3;2;2;0;1;1;0;0;0;0;0
49932;11;9;9010202;2019;2;16;3;3;6;4;0;0;1;1;0;0;0;0
49933;11;2;2050602;2019;1;11;3;2;5;3;0;1;1;0;0;0;0;1
49937;11;7;7050502;2019;1;11;3;2;6;4;0;0;1;1;0;0;0;0
49942;11;6;6040701;2019;2;23;7;2;5;2;2;1;1;0;0;0;0;0
49951;11;10;10010308;2019;2;8;5;3;2;6;0;0;1;0;0;0;0;0
49953;11;10;10040933;2019;3;7;4;3;0;2;0;1;0;0;0;0;1;0
49959;11;2;2020202;2019;1;17;3;3;6;4;1;1;0;1;0;0;0;1
49964;11;9;9010201;2019;2;11;2;3;6;4;0;0;1;1;0;0;0;1
49967;11;7;7040405;2019;3;20;5;2;3;6;2;0;1;0;0;0;1;0
49974;11;4;4051655;2019;1;15;4;3;2;6;0;0;1;0;0;1;0;0
49980;11;7;7020202;2019;2;14;1;3;5;2;0;1;1;0;0;0;0;0
49981;11;1;1011105;2019;1;17;2;3;2;6;2;0;1;0;0;0;0;0
49985;11;7;7070701;2019;1;17;2;3;2;6;1;0;1;0;0;0;0;0
49991;11;3;3071639;2019;2;8;6;2;5;2;0;1;0;0;0;0;0;0
49996;11;1;1011303;2019;1;17;2;3;2;7;2;1;1;0;0;0;1;1
50002;11;4;4030622;2019;2;18;4;3;5;2;2;1;1;0;0;0;0;0
50004;11;5;5020524;2019;3;12;4;2;2;6;0;0;1;0;0;1;0;0
50008;11;4;4041134;2019;1;9;2;3;2;6;0;0;1;0;0;0;0;1
50012;11;7;7020202;2019;1;17;3;3;2;6;1;0;1;0;0;0;0;0
50018;11;1;1011303;2019;2;22;5;3;5;3;2;1;1;0;0;0;0;1
50019;11;7;7040403;2019;1;16;1;3;8;1;2;0;1;0;0;0;0;1
50023;11;3;3061429;2019;1;23;7;3;2;6;2;0;1;0;0;0;0;0
50025;11;1;1044102;2019;1;5;1;3;5;3;2;0;1;0;0;0;0;1
50026;11;4;4041134;2019;1;8;1;2;9;1;0;0;1;0;0;0;0;1
50030;11;4;4020310;2019;1;10;4;2;3;6;0;0;1;0;0;1;1;1
50037;11;7;7030303;2019;2;13;7;3;0;1;0;0;0;0;1;0;0;0
50038;11;4;4020208;2019;1;19;7;3;5;2;2;1;1;0;0;0;0;1
50042;11;12;12103117;2019;1;13;1;3;2;4;0;0;1;1;0;0;0;0
50044;11;3;3061332;2019;1;19;7;3;6;2;2;0;1;1;0;0;0;1
50046;11;2;2010101;2019;1;16;5;3;5;2;1;1;1;0;0;0;0;0
50049;11;7;7050501;2019;2;9;6;3;5;2;0;1;1;0;0;0;0;0
50054;11;7;7020203;2019;1;18;7;3;2;6;2;0;1;0;0;0;0;1
50060;11;3;3050925;2019;2;16;1;2;6;4;1;0;1;1;0;0;0;0
50062;11;7;7050506;2019;3;10;2;3;5;2;0;0;1;0;0;1;0;0
50069;11;12;12231101;2019;1;17;2;3;2;6;2;0;1;0;0;0;0;1
50075;11;4;4030417;2019;2;16;4;3;2;6;0;0;1;0;0;0;0;0
50081;11;3;3061435;2019;1;17;5;3;4;6;1;1;0;0;0;0;0;0
50084;11;10;10040933;2019;2;7;5;3;5;3;1;1;1;0;0;0;0;0
50093;11;2;2050602;2019;1;8;4;3;5;3;1;0;1;0;0;0;0;1
50096;11;4;4020313;2019;2;12;6;2;5;3;0;0;1;0;0;1;0;0
50106;11;12;12301205;2019;2;17;6;3;6;4;2;0;1;1;0;0;0;0
50108;11;4;4041133;2019;3;18;7;3;2;6;2;0;1;0;0;0;1;0
50112;11;4;4020311;2019;2;15;4;3;3;6;0;0;1;0;0;0;0;0
50116;11;12;12304314;2019;1;2;1;3;9;1;2;0;1;0;0;0;0;1
50122;11;12;12214125;2019;2;13;3;3;2;6;0;0;1;0;0;0;1;0
50127;11;3;3030716;2019;1;15;7;3;5;3;1;1;1;0;0;0;0;1
50132;11;2;2050602;2019;2;7;2;3;0;2;0;1;1;0;0;0;0;0
50135;11;12;12103115;2019;3;8;6;3;6;7;0;1;0;1;0;0;0;0
50142;11;12;12103218;2019;1;15;4;3;2;6;0;0;1;0;0;0;0;0
50147;11;3;3061332;2019;2;7;2;3;5;3;0;1;1;0;0;0;0;0
50148;11;3;3040513;2019;1;16;6;3;0;6;2;0;1;0;0;0;1;1
50151;11;4;4051551;2019;1;17;3;3;2;6;0;0;1;0;0;0;0;0
50152;11;7;7010104;2019;10;16;3;2;6;4;0;0;1;1;0;0;0;1
50153;11;1;1011105;2019;6;18;5;3;2;6;0;0;1;0;0;0;0;0
50154;11;11;11030721;2019;9;7;2;3;9;1;0;0;1;0;0;0;0;0
50155;11;4;4041133;2019;12;23;5;3;8;1;2;0;1;0;0;0;0;1
50156;11;7;7040403;2019;6;1;7;3;5;3;2;1;1;0;0;0;0;0
50157;11;1;1044201;2019;5;17;4;3;2;7;0;0;1;0;0;0;0;0
50158;11;4;4010103;2019;11;2;1;3;9;1;2;0;1;0;0;0;0;1
50159;11;3;3061228;2019;6;8;6;3;6;4;0;1;0;1;0;0;0;0
50160;11;7;7020202;2019;11;14;5;2;5;2;0;1;1;0;0;0;0;0
50161;11;2;2050602;2019;8;16;5;3;4;6;0;1;0;0;0;0;1;0
50162;11;6;6040701;2019;5;13;4;2;0;7;0;0;1;0;0;0;0;0
50163;11;4;4020313;2019;10;8;1;2;1;1;0;0;1;0;0;0;0;0
50164;11;4;4030623;2019;9;16;2;3;5;2;0;0;1;0;1;0;0;0
50166;11;4;4020313;2019;6;14;6;2;6;7;0;0;1;1;0;0;0;0
50167;11;2;2020201;2019;8;16;5;3;3;6;0;0;0;0;0;0;1;0
50168;11;4;4030417;2019;5;13;4;3;2;6;0;0;1;0;0;0;0;0
50169;11;7;7040405;2019;6;16;7;3;5;3;0;0;1;0;0;0;0;0
50170;11;7;7050502;2019;9;10;2;2;5;2;0;0;1;0;1;0;0;0
50171;11;6;6030605;2019;12;16;1;3;5;3;2;0;1;0;0;0;0;1
50172;11;5;5020524;2019;6;13;6;3;2;6;0;0;0;0;1;1;0;0
50173;11;6;6040703;2019;8;15;5;3;0;3;0;1;1;0;0;0;0;0
50174;11;3;3061429;2019;11;16;2;3;5;2;0;0;1;0;0;0;0;0
50175;11;4;4030417;2019;8;16;5;3;0;3;0;1;1;0;0;0;0;0
50176;11;4;4030623;2019;5;12;4;3;2;6;0;0;1;0;1;0;0;0
50177;11;11;11030721;2019;10;13;1;3;3;6;0;0;1;0;1;0;0;0
50178;11;7;7010104;2019;9;17;7;3;3;6;0;0;1;0;0;0;0;0
50180;11;12;12214125;2019;6;14;6;3;2;6;0;0;1;0;0;0;1;0
50181;11;2;2050602;2019;8;14;5;3;0;1;0;1;1;0;0;0;0;0
50182;11;2;2050601;2019;5;11;4;3;0;6;0;0;1;0;1;0;0;0
50183;11;4;4030417;2019;11;15;3;3;3;6;0;0;1;0;0;1;0;0
50184;11;7;7070701;2019;6;9;4;3;2;6;0;0;1;0;0;0;0;0
50185;11;4;4020208;2019;9;17;7;3;0;1;0;1;0;0;0;0;0;0
50186;11;5;5020524;2019;12;23;7;3;5;2;2;0;1;0;0;0;0;1
50187;11;4;4030417;2019;8;12;5;3;2;6;0;0;1;0;0;0;1;0
50188;11;3;3061126;2019;10;17;3;3;2;6;2;0;1;0;0;0;0;0
50189;11;2;2040703;2019;9;19;7;2;0;7;2;1;0;0;0;0;0;0
50190;11;6;6030501;2019;8;9;5;3;0;7;0;1;0;0;0;0;0;0
50191;11;7;7040401;2019;5;9;4;3;2;6;0;0;1;0;1;0;0;0
50192;11;1;1011303;2019;10;13;2;2;6;7;0;0;0;1;0;0;1;0
50193;11;3;3020209;2019;6;11;2;3;5;3;0;1;1;0;0;0;0;0
50194;11;3;3061434;2019;9;9;7;3;5;3;0;1;1;0;0;0;0;0
50196;11;2;2020201;2019;6;16;6;3;5;3;0;1;1;0;0;0;0;0
50197;11;4;4030622;2019;8;19;4;2;5;2;0;0;1;0;1;0;0;0
50198;11;3;3020209;2019;5;8;4;2;0;5;0;0;0;0;1;0;1;0
50199;11;4;4041239;2019;11;8;5;3;2;6;0;0;1;0;0;0;0;0
50200;11;1;1044203;2019;6;7;6;3;1;5;0;1;1;0;0;0;0;0
50201;11;12;12214125;2019;12;13;3;3;2;6;0;0;1;0;0;0;1;1
50202;11;1;1011303;2019;8;21;4;3;0;1;2;1;0;0;0;0;0;0
50203;11;12;12301205;2019;5;7;4;3;5;2;0;0;1;0;0;0;0;0
50204;11;1;1011104;2019;10;8;5;3;2;6;0;0;1;0;0;0;0;1
50205;11;2;2050602;2019;9;8;7;3;8;1;0;1;1;0;0;0;0;0
50207;11;4;4041133;2019;8;15;4;3;2;6;0;0;1;0;0;0;0;0
50208;11;2;2040701;2019;5;16;3;2;0;1;0;1;0;0;0;0;0;0
50209;11;2;2020201;2019;9;6;2;2;0;2;1;0;1;0;1;0;0;1
50210;11;1;1011102;2019;6;0;4;3;0;7;2;1;0;0;0;0;0;0
50211;11;1;1011102;2019;9;16;7;3;6;7;0;1;0;1;0;0;0;0
50212;11;7;7010104;2019;12;19;6;2;6;4;2;0;1;1;0;0;0;1
50213;11;4;4010101;2019;6;14;6;3;2;6;0;0;1;0;0;0;0;0
50214;11;2;2040701;2019;8;15;4;3;2;6;0;0;1;0;0;1;0;0
50215;11;11;11041022;2019;5;18;3;3;3;2;0;1;0;0;0;0;1;0
50216;11;12;12103218;2019;11;13;6;2;2;2;0;0;1;0;0;1;0;0
50217;11;1;1011102;2019;9;1;7;3;0;1;2;0;1;0;0;0;0;0
50218;11;1;1033203;2019;11;16;3;3;5;3;1;0;1;0;1;0;0;0
50219;11;7;7010104;2019;8;10;4;3;3;6;0;0;1;0;0;0;0;0
50220;11;1;1011104;2019;5;21;3;3;0;3;2;1;0;0;1;0;0;0
50221;11;9;9010202;2019;10;16;5;3;3;6;0;0;0;0;0;1;1;0
50222;11;7;7050502;2019;9;16;6;3;5;2;0;1;0;0;0;0;1;0
50224;11;7;7040405;2019;6;0;6;2;3;6;2;0;1;0;0;0;0;0
50225;11;7;7030303;2019;8;9;4;3;0;2;0;0;1;0;0;0;1;0
50226;11;3;3061131;2019;5;16;3;3;1;5;0;1;0;0;0;0;1;0
50227;11;1;1011303;2019;6;20;6;3;2;6;0;0;1;0;1;0;0;0
50228;11;1;1011303;2019;9;15;6;3;2;6;0;0;1;0;1;0;0;0
50229;11;1;1011102;2019;12;12;6;3;2;6;0;0;1;0;0;0;0;0
50230;11;7;7050502;2019;6;13;6;3;2;6;0;0;1;0;0;0;0;0
50231;11;4;4041134;2019;8;14;4;3;2;6;0;0;1;0;0;0;0;0
50232;11;1;1011303;2019;11;17;7;3;5;2;2;0;1;0;0;0;0;1
50233;11;1;1011303;2019;8;12;4;3;0;1;0;0;1;0;1;0;0;0
50234;11;5;5020629;2019;5;17;3;3;2;6;0;0;1;0;0;0;0;0
50235;11;2;2050802;2019;10;17;6;3;3;6;0;1;1;0;0;0;0;1
50236;11;9;9010101;2019;9;14;6;3;2;6;0;0;1;0;0;0;0;0
50238;11;12;12214125;2019;6;15;6;3;2;6;0;0;1;0;0;0;0;0
50239;11;7;7050502;2019;8;7;4;3;6;4;0;0;1;1;0;0;0;0
50240;11;7;7050502;2019;5;17;3;3;2;6;0;0;1;0;0;0;1;0
50241;11;2;2050602;2019;11;23;2;3;0;1;2;0;0;0;1;0;0;1
50242;11;3;3071639;2019;6;16;2;2;2;7;0;1;1;0;0;0;0;0
50243;11;3;3061434;2019;9;13;6;2;5;2;0;0;1;0;0;0;0;0
50244;11;11;11010101;2019;12;15;6;2;5;3;1;0;1;0;0;0;0;1
50245;11;4;4030622;2019;8;18;3;3;6;6;0;1;0;1;0;0;0;0
50246;11;7;7050502;2019;5;15;3;3;5;2;0;0;1;0;1;0;0;0
50247;11;12;12304314;2019;10;11;2;3;2;6;1;0;1;0;0;0;1;0
50248;11;2;2050602;2019;9;7;6;3;3;6;0;1;0;0;0;0;0;0
50249;11;3;3061435;2019;8;10;3;3;5;3;0;1;0;0;0;0;0;0
50250;11;3;3040818;2019;5;9;3;3;2;6;0;0;1;0;1;0;0;0