OBJECTID;LAND;BEZ;LOR_ab_2021;UJAHR;UMONAT;USTUNDE;UWOCHENTAG;UKATEGORIE;UART;UTYP1;ULICHTVERH;IstRad;IstPKW;IstFuss;IstKrad;IstGkfz;IstSonstige;USTRZUSTAND
50609;11;2;2050602;2019;10;17;2;3;6;4;2;0;1;1;0;0;0;1
50610;11;7;7040406;2019;9;6;5;3;3;6;2;0;1;0;0;1;0;0
50611;11;7;7050502;2019;8;10;5;3;5;3;0;1;1;0;0;0;0;0
50612;11;10;10010102;2019;4;15;4;2;6;4;0;0;1;1;0;0;0;0
50613;11;6;6030605;2019;10;18;7;3;2;6;1;0;1;0;0;0;0;0
50614;11;7;7040405;2019;6;23;7;3;3;6;2;0;1;0;0;0;0;0
50615;11;7;7020202;2019;9;16;5;3;2;6;0;0;1;0;0;0;0;0
50617;11;1;1022202;2019;6;21;7;3;2;6;1;0;1;0;0;0;0;0
50618;11;6;6040701;2019;4;9;4;3;5;2;0;0;1;0;0;0;0;0
50619;11;1;1022202;2019;11;7;4;3;2;6;0;0;1;0;0;0;0;0
50620;11;12;12214125;2019;6;12;7;3;0;7;0;0;1;0;0;0;0;0
50621;11;4;4020310;2019;12;18;1;3;3;6;2;0;1;0;0;1;0;0
50622;11;2;2040701;2019;8;7;5;3;1;6;0;0;1;0;0;0;0;0
50623;11;2;2050602;2019;4;8;4;2;0;2;0;1;1;0;0;0;0;0
50624;11;7;7030303;2019;10;8;3;3;2;6;0;0;1;0;1;0;0;0
50625;11;1;1011303;2019;9;15;5;3;3;6;0;0;1;0;0;0;0;0
50627;11;2;2040502;2019;7;11;4;2;0;7;0;1;0;0;0;0;0;0
50628;11;7;7030303;2019;4;11;3;2;2;6;0;0;1;0;0;1;0;0
50629;11;4;4051551;2019;9;14;7;3;2;6;0;0;1;0;0;0;0;1
50630;11;3;3050925;2019;6;9;3;3;3;6;0;1;0;0;0;0;1;0
50631;11;6;6030605;2019;9;13;5;2;0;7;0;1;0;0;0;0;0;0
50632;11;9;9010301;2019;12;14;6;3;3;6;0;0;1;0;0;0;1;1
50633;11;1;1011204;2019;6;1;7;3;2;6;2;0;1;0;0;0;0;0
50634;11;1;1011105;2019;7;22;4;3;5;2;2;1;1;0;0;0;0;1
50635;11;4;4041239;2019;4;10;3;3;2;6;0;0;1;0;0;0;0;0
50636;11;11;11030721;2019;11;7;4;2;5;2;0;1;1;0;0;0;0;1
50637;11;5;5020524;2019;11;14;1;3;5;3;0;0;1;0;1;0;0;0
50638;11;2;2050602;2019;7;14;4;3;0;6;0;1;0;0;0;0;0;0
50639;11;3;2040501;2019;4;5;3;2;6;7;0;0;1;0;0;0;1;0
50640;11;2;2050602;2019;10;10;4;3;6;7;0;0;0;1;0;0;1;1
50641;11;2;2040503;2019;9;9;5;3;3;6;0;1;0;0;0;0;0;0
50643;11;7;7050502;2019;5;6;6;3;5;3;0;0;1;0;0;0;0;0
50644;11;4;4020313;2019;7;13;4;3;5;2;0;1;0;0;0;1;0;0
50645;11;6;6030503;2019;4;11;3;3;5;7;0;1;1;0;0;0;0;0
50646;11;9;9010101;2019;6;20;5;3;6;4;0;1;0;1;0;0;0;0
50647;11;7;7040406;2019;9;6;5;3;2;6;0;0;1;0;0;0;1;1
50648;11;3;3071639;2019;12;7;4;3;6;2;0;0;1;1;0;0;0;0
50649;11;4;4030622;2019;5;13;6;3;5;2;0;1;1;0;0;0;0;0
50650;11;1;1011303;2019;7;18;3;3;6;6;0;0;0;1;0;0;1;0
50651;11;4;4051551;2019;11;5;6;3;5;2;2;0;1;0;0;0;0;0
50652;11;1;1011105;2019;7;23;3;3;5;3;2;1;0;0;0;0;1;0
50653;11;1;1044203;2019;9;17;6;3;2;6;0;0;1;0;0;0;0;1
50654;11;1;1011105;2019;4;11;3;3;2;6;0;0;1;0;1;0;0;0
50655;11;4;4030417;2019;10;0;5;3;5;3;2;0;1;0;0;0;0;1
50656;11;11;11041022;2019;9;5;5;3;2;6;2;0;1;0;0;1;0;1
50658;11;3;3040818;2019;5;19;6;2;1;5;1;1;1;0;0;0;0;1
50659;11;3;3040614;2019;7;22;3;3;3;2;2;0;1;0;1;0;0;0
50660;11;1;1022202;2019;4;14;3;3;2;6;0;0;1;0;0;0;1;0
50661;11;7;7040403;2019;11;11;1;3;2;2;0;0;1;0;0;0;0;1
50662;11;12;12103218;2019;6;23;7;3;2;7;2;0;0;0;0;0;1;0
50663;11;7;7050501;2019;9;11;4;3;2;7;0;0;1;0;1;0;0;0
50664;11;1;1044201;2019;12;17;5;3;2;6;2;0;1;0;0;0;1;0
50665;11;3;3061131;2019;7;10;3;3;5;2;0;1;1;0;0;0;0;0
50666;11;3;3020209;2019;4;15;3;3;5;2;0;1;1;0;0;0;0;0
50667;11;12;12103115;2019;7;12;3;3;9;1;0;0;1;0;0;0;0;0
50668;11;7;7070701;2019;4;16;3;3;6;4;0;0;1;1;0;0;0;0
50669;11;1;1011102;2019;6;16;5;3;2;6;0;0;1;0;1;0;0;0
50670;11;7;7050501;2019;9;9;4;3;3;6;0;0;1;0;0;1;0;0
50671;11;2;2040701;2019;12;6;6;3;2;2;2;1;1;0;0;0;0;2
50672;11;12;12103115;2019;5;19;6;2;9;1;0;0;1;0;0;0;0;1
50673;11;3;3050925;2019;7;22;2;3;1;5;2;1;1;0;0;0;0;1
50674;11;9;9010302;2019;11;19;6;2;3;6;2;0;1;0;0;1;0;1
50675;11;1;1011303;2019;7;19;2;3;0;6;0;1;1;0;0;0;0;1
50676;11;4;4010101;2019;4;16;3;3;2;6;0;0;1;0;0;0;0;0
50677;11;7;7050502;2019;10;1;6;2;5;3;2;0;1;0;0;0;0;1
50678;11;7;7040402;2019;9;8;4;3;2;6;0;0;1;0;0;0;0;0
50680;11;2;2050602;2019;5;12;6;3;5;2;0;1;1;0;0;0;0;0
50681;11;1;1033203;2019;7;19;2;3;5;2;0;1;1;0;0;0;0;1
50682;11;9;9010402;2019;4;3;2;3;9;1;2;0;1;0;0;0;0;0
50683;11;7;7040405;2019;11;18;2;3;2;6;2;0;1;0;0;0;0;1
50684;11;9;9020601;2019;6;16;1;3;2;6;0;0;0;0;1;0;0;0
50685;11;1;1011204;2019;9;7;4;3;2;6;0;0;0;0;1;1;0;0
50686;11;7;7030303;2019;12;7;6;3;2;6;1;0;1;0;0;0;0;1
50687;11;7;7030303;2019;7;19;2;3;5;3;0;0;1;0;0;0;1;1
50688;11;3;3040614;2019;4;10;7;3;0;2;0;0;1;0;0;0;1;0
50689;11;7;7050502;2019;10;6;2;3;0;3;1;1;0;0;0;0;0;1
50690;11;9;9010101;2019;9;8;3;3;2;6;0;0;1;0;0;0;0;0
50691;11;6;6030503;2019;7;16;2;3;0;5;0;1;1;0;0;0;0;0
50692;11;2;2050602;2019;4;12;6;3;6;6;0;1;0;1;0;0;0;0
50693;11;7;7050502;2019;10;17;6;3;5;3;1;0;1;0;0;0;0;1
50694;11;4;4020311;2019;6;15;6;3;5;2;0;0;1;0;0;0;0;0
50695;11;3;3040818;2019;9;16;3;3;5;2;0;1;1;0;0;0;0;0
50697;11;4;4020311;2019;5;14;5;3;2;6;0;0;1;0;0;0;0;0
50698;11;4;4020313;2019;4;10;6;3;2;6;0;0;0;0;1;0;0;0
50699;11;1;1011204;2019;11;22;2;3;3;6;2;0;1;0;0;0;0;0
50700;11;1;1011303;2019;5;4;5;3;5;3;1;1;1;0;0;0;0;0
50701;11;12;12304314;2019;11;12;7;3;2;6;0;0;1;0;0;0;0;0
50702;11;4;4020310;2019;7;14;2;3;3;6;0;0;1;0;0;0;0;0
50703;11;7;7050502;2019;4;14;6;3;2;2;0;0;0;0;0;0;1;0
50704;11;7;7060601;2019;10;16;3;2;1;5;0;0;1;0;1;0;0;0
50705;11;1;1011105;2019;9;15;3;3;2;2;0;0;0;0;1;1;0;0
50707;11;9;9020601;2019;7;13;2;3;2;6;0;0;1;0;1;0;0;0
50708;11;5;5020629;2019;4;15;6;3;0;1;0;0;0;0;1;0;0;0
50709;11;1;1011303;2019;9;17;6;2;6;7;0;0;0;1;0;0;1;0
50710;11;2;2050802;2019;6;19;2;3;1;5;0;1;1;0;0;0;0;0
50711;11;10;10040830;2019;9;11;3;3;0;7;0;0;1;0;0;0;0;0
50712;11;2;2050802;2019;12;19;3;3;1;5;2;1;1;0;0;0;1;0
50713;11;11;11041022;2019;5;20;4;3;2;7;0;0;1;0;0;0;1;0
50714;11;1;1011303;2019;7;10;2;3;5;3;0;0;1;0;0;0;1;0
50715;11;7;7030303;2019;4;10;5;3;3;6;0;0;1;0;0;0;0;0
50716;11;1;1011105;2019;11;12;4;3;5;7;0;0;1;0;0;0;0;1
50717;11;7;7050502;2019;11;13;7;2;6;7;0;0;1;1;0;0;0;0
50718;11;6;6010209;2019;7;11;2;2;2;7;0;0;1;0;0;0;0;0
50719;11;3;3061126;2019;4;20;5;3;0;6;0;0;0;0;0;0;1;0
50720;11;11;11041022;2019;10;9;3;3;6;2;0;0;1;1;0;0;0;0
50721;11;12;12103219;2019;9;9;3;3;1;7;0;0;1;1;0;0;1;0
50723;11;2;2050602;2019;5;22;4;3;3;6;2;0;1;0;1;0;0;0
50724;11;7;7040401;2019;7;8;2;3;0;7;0;1;0;0;0;0;0;0
50725;11;2;2050601;2019;4;22;5;3;5;2;2;0;1;0;0;0;1;0
50726;11;7;7070703;2019;11;18;5;3;3;6;2;0;1;0;0;0;0;1
50727;11;7;7040405;2019;6;14;5;3;2;6;0;0;1;0;0;0;0;0
50728;11;4;4020311;2019;9;12;3;3;0;3;0;1;1;0;0;0;0;0
50729;11;4;4030622;2019;12;20;3;3;5;3;2;1;1;0;0;0;0;1
50730;11;10;10010204;2019;7;8;1;2;9;1;0;0;1;0;0;0;0;0
50731;11;2;2020203;2019;10;4;5;3;8;1;2;0;1;0;0;0;0;0
50732;11;6;6010103;2019;7;23;1;3;0;7;2;0;1;0;0;0;0;0
50733;11;2;2020203;2019;9;15;6;3;2;6;0;0;1;0;0;0;0;1
50734;11;6;6030503;2019;4;18;5;3;0;1;0;0;0;0;1;0;0;0
50735;11;4;4041133;2019;10;9;4;3;2;6;0;0;1;0;0;0;0;0
50736;11;4;4020311;2019;9;12;3;3;0;3;0;1;1;0;0;0;0;0
50738;11;1;1044203;2019;5;21;4;3;2;6;0;0;1;0;0;0;1;0
50739;11;2;2050602;2019;7;19;1;3;5;2;0;0;1;0;0;0;0;0
50740;11;2;2050601;2019;4;10;5;3;6;4;0;1;0;1;0;0;0;0
50741;11;1;1011105;2019;11;16;7;2;0;3;1;1;0;0;0;0;1;0
50742;11;9;9010102;2019;6;18;7;2;3;6;0;0;1;0;0;0;0;0
50743;11;12;12103117;2019;12;11;4;3;3;6;0;0;1;0;1;0;0;0
50744;11;5;5040936;2019;7;18;1;2;5;3;0;1;1;0;0;0;0;0
50745;11;2;2020202;2019;4;9;5;3;1;5;0;0;1;0;0;0;1;0
50746;11;7;7050502;2019;10;17;6;3;5;3;0;0;1;0;0;0;0;0
50747;11;1;1011104;2019;9;15;2;3;0;7;0;1;0;0;0;0;0;1
50748;11;4;4020208;2019;7;23;7;3;5;2;2;0;1;0;1;0;0;0
50749;11;9;9020601;2019;4;10;5;2;5;3;0;1;1;0;0;0;0;0
50750;11;3;3020209;2019;10;8;4;3;2;7;1;1;1;0;0;0;0;1
50751;11;10;10030726;2019;6;7;5;2;5;2;0;1;1;0;0;0;0;0
50752;11;1;1033203;2019;9;11;2;3;5;2;0;0;1;0;0;0;0;1
50753;11;7;7070703;2019;12;14;5;3;1;5;0;0;1;0;0;0;1;1
50754;11;2;2050602;2019;5;10;4;3;2;6;0;0;1;0;1;0;0;0
50755;11;1;1044102;2019;4;17;5;3;2;6;0;0;1;0;0;0;0;0
50756;11;1;1022202;2019;11;5;1;3;8;1;2;0;1;0;0;0;1;1
50757;11;4;4030623;2019;5;11;4;3;5;7;0;1;1;0;0;0;0;0
50758;11;3;3040614;2019;11;18;5;3;5;2;2;1;1;0;0;0;0;1
50759;11;4;4030417;2019;7;22;7;2;0;1;2;1;0;0;0;0;0;0
50760;11;10;10010308;2019;4;7;4;2;5;2;0;0;1;0;1;0;1;0
50761;11;3;3020209;2019;10;14;1;3;5;2;0;1;1;0;0;0;0;0
50762;11;4;4020314;2019;9;23;2;3;9;1;2;0;1;0;0;0;0;1
50764;11;4;4020313;2019;5;17;4;3;3;6;0;0;1;0;0;0;0;0
50765;11;2;2040503;2019;7;10;7;3;3;6;0;1;1;0;0;0;0;0
50766;11;5;5020524;2019;4;11;4;3;2;6;0;0;1;0;0;0;1;0
50767;11;2;2020202;2019;10;20;7;3;0;7;2;0;0;0;1;0;0;0
50768;11;7;7030303;2019;9;21;2;3;5;3;2;0;1;0;0;1;0;1
50769;11;3;3061126;2019;7;10;7;3;2;6;0;0;1;0;1;0;0;0
50770;11;4;4020208;2019;4;12;4;3;2;6;0;0;1;0;0;0;0;0
50771;11;1;1033203;2019;10;6;4;3;2;6;2;0;1;0;0;0;1;1
50772;11;1;1033203;2019;6;8;6;3;5;2;0;1;1;0;0;0;0;0
50773;11;4;4020313;2019;9;19;2;3;5;3;2;0;1;0;0;1;0;1
50774;11;3;3020209;2019;12;7;7;3;4;6;0;0;1;0;0;0;0;0
50775;11;3;3040818;2019;5;13;4;3;5;2;0;0;1;0;0;0;1;0
50776;11;7;7040405;2019;4;13;4;3;3;6;0;0;1;0;0;1;0;0
50777;11;12;12224230;2019;11;14;1;3;2;6;0;0;1;0;0;0;0;0
50778;11;7;7040405;2019;5;15;4;2;9;1;0;0;0;0;1;0;0;0
50779;11;7;7040403;2019;11;13;7;2;0;1;0;0;0;0;1;0;0;1
50780;11;9;9020601;2019;7;0;7;2;5;3;2;1;0;0;1;0;0;0
50781;11;12;12103219;2019;4;14;4;3;0;2;0;1;0;0;0;0;1;0
50782;11;4;4030417;2019;10;13;2;3;2;6;0;1;1;0;0;0;0;0
50783;11;4;4020311;2019;9;15;2;3;4;1;0;0;1;0;0;0;0;1
50785;11;7;7050502;2019;5;7;4;3;5;3;0;1;0;0;0;0;0;0
50786;11;1;1011303;2019;7;23;6;2;0;7;2;0;0;0;1;0;1;0
50787;11;1;1011105;2019;4;15;4;3;2;6;0;0;1;0;0;0;1;0
50788;11;3;3020209;2019;6;14;2;2;0;3;0;0;0;0;1;1;0;0
50789;11;2;2010101;2019;9;9;2;3;2;6;0;0;1;0;0;0;0;1
50790;11;1;1011204;2019;12;19;2;3;5;3;2;1;1;0;0;0;0;1
50791;11;2;2050602;2019;5;9;4;3;5;2;0;1;0;0;0;0;1;0
50792;11;7;7040401;2019;7;12;6;3;1;5;0;0;1;0;0;0;1;0
50793;11;4;4030622;2019;4;17;3;3;3;6;0;0;1;0;1;0;0;0
50794;11;6;6030605;2019;11;14;3;3;2;6;0;0;1;0;0;0;0;1
50795;11;1;1033203;2019;11;13;6;2;5;3;0;0;1;0;0;0;0;0
50796;11;4;4030417;2019;7;12;6;3;2;6;0;0;1;0;0;0;0;0
50797;11;4;7030301;2019;4;21;3;3;2;6;2;0;1;0;0;0;0;0
50798;11;6;6010101;2019;10;15;2;3;5;7;0;0;1;0;0;0;0;0
50799;11;9;9010101;2019;9;8;2;3;3;6;0;0;1;0;0;0;1;1
50801;11;4;4020208;2019;5;7;4;2;5;7;0;0;1;0;1;0;0;0
50802;11;4;4020208;2019;7;18;6;3;2;6;0;0;1;0;0;0;0;0
50803;11;11;11030721;2019;4;20;3;3;1;5;2;0;1;0;1;0;0;0
50804;11;2;2040502;2019;11;21;4;3;3;6;2;0;1;0;0;0;1;0
50805;11;4;4020311;2019;6;13;4;3;5;2;0;0;1;0;0;0;0;0
50806;11;7;7050502;2019;9;14;2;3;2;6;0;0;1;0;1;0;0;1
50807;11;4;4041239;2019;12;17;2;3;2;6;2;0;1;0;0;0;0;1
50808;11;1;1011303;2019;7;20;6;3;0;1;1;0;0;0;0;0;1;0
50809;11;9;9010302;2019;10;18;4;3;2;6;2;0;1;0;0;0;0;0
50810;11;2;2050602;2019;9;0;1;3;9;1;2;0;1;0;0;0;0;0
50811;11;4;4010101;2019;7;9;6;3;2;6;0;0;1;0;0;0;0;0
50812;11;3;3050920;2019;4;19;3;3;5;3;0;0;1;0;0;0;0;0
50813;11;5;5020524;2019;10;11;3;3;2;6;0;0;1;0;0;0;0;1
50814;11;7;7050506;2019;9;4;1;3;1;1;0;0;1;0;0;0;0;0
50816;11;4;4010103;2019;5;8;4;3;8;1;0;0;0;0;1;0;0;0
50817;11;2;2040503;2019;7;2;6;3;3;6;2;0;0;0;0;0;1;0
50818;11;4;4030622;2019;4;18;3;3;5;3;0;1;1;0;0;0;0;0
50819;11;1;1011303;2019;11;4;7;3;0;3;2;0;0;0;0;0;1;1
50820;11;1;1033203;2019;5;9;3;3;5;2;0;1;1;0;0;0;0;0
50821;11;2;2050602;2019;12;7;3;3;5;2;1;1;1;0;0;0;0;0
50822;11;10;10010204;2019;7;11;5;3;5;3;0;0;1;0;0;0;1;0
50823;11;9;9010101;2019;4;17;3;3;4;7;0;1;1;0;0;0;0;0
50824;11;2;2050602;2019;10;11;6;3;5;2;0;1;0;0;0;0;1;0
50825;11;2;2050602;2019;9;20;7;2;6;4;2;0;1;1;0;0;0;0
50826;11;4;4010102;2019;7;23;5;2;3;1;2;0;1;0;0;0;0;0
50827;11;3;3040513;2019;4;7;3;3;5;2;0;1;1;0;0;0;0;0
50828;11;1;1011303;2019;10;9;3;3;5;2;0;1;1;0;0;0;0;1
50829;11;4;4020313;2019;6;18;4;3;2;6;0;0;1;0;0;0;0;0
50830;11;7;7020202;2019;9;12;7;3;3;6;0;0;1;0;0;0;0;0
50831;11;1;1044201;2019;12;16;2;3;6;2;2;0;1;1;0;0;0;0
50832;11;1;1033203;2019;5;8;3;3;5;2;0;1;0;0;0;1;0;0
50833;11;2;2040701;2019;4;17;3;2;6;4;0;1;0;1;0;0;0;0
50834;11;6;6030503;2019;11;10;7;3;0;2;0;1;1;0;0;0;0;1
50835;11;1;1011303;2019;5;8;3;3;2;2;0;1;0;0;0;0;1;0
50836;11;7;7040403;2019;11;17;4;3;2;6;2;0;1;0;0;0;0;1
50837;11;3;3061435;2019;7;16;5;3;3;6;0;1;1;0;0;0;0;0
50838;11;7;7030303;2019;4;17;3;3;5;2;0;0;1;0;1;0;0;0
50839;11;12;12301205;2019;10;9;6;3;5;3;0;0;1;0;1;0;0;0
50840;11;7;7010104;2019;9;12;7;3;5;3;0;0;1;0;1;0;0;0
50842;11;1;1044203;2019;5;17;3;3;6;4;0;1;1;1;0;0;0;0
50843;11;3;3040614;2019;7;13;5;3;2;6;0;0;1;0;0;0;0;0
50844;11;7;7050501;2019;4;12;2;3;5;2;0;0;1;0;0;0;0;0
50845;11;5;5040935;2019;6;12;7;3;4;6;0;1;0;0;0;0;0;0
50846;11;2;2020203;2019;9;11;7;3;2;6;0;0;1;0;0;0;0;0
50847;11;7;7040403;2019;12;3;1;3;5;3;2;0;1;0;0;0;0;1
50848;11;3;3061332;2019;5;11;3;2;0;2;0;0;1;0;1;0;0;0
50849;11;7;7020202;2019;7;8;5;3;2;2;0;1;1;0;0;0;0;0
50850;11;12;12103219;2019;11;0;1;2;1;1;2;0;1;0;0;0;0;1
50851;11;2;2050602;2019;7;6;5;3;5;2;0;0;1;0;0;0;0;0
50852;11;12;12103219;2019;4;22;2;3;0;3;2;0;1;0;1;0;0;0
50853;11;7;7050502;2019;10;13;7;3;5;3;0;1;1;0;0;0;0;0
50854;11;4;4030417;2019;9;20;6;3;0;1;2;1;1;0;0;0;0;0
50856;11;7;7060604;2019;5;10;2;2;0;7;0;1;0;0;0;0;0;0
50857;11;12;12103115;2019;7;17;4;3;1;5;0;1;1;0;0;0;0;0
50858;11;1;1011303;2019;4;18;2;3;0;5;0;1;0;0;0;0;1;0
50859;11;5;5020629;2019;11;17;3;1;6;4;1;0;1;1;0;0;1;1
50860;11;1;1011303;2019;6;11;3;3;5;2;0;1;1;0;0;0;0;0
50861;11;6;6040703;2019;9;6;6;3;3;6;0;0;1;0;0;0;0;0
50862;11;4;4020310;2019;12;18;6;2;2;6;2;0;1;0;0;0;0;1
50863;11;2;2050601;2019;7;15;4;3;0;1;0;1;0;0;0;0;0;0
50864;11;9;9020601;2019;10;13;3;3;2;6;0;0;1;0;0;0;0;0
50865;11;4;4020314;2019;9;13;6;3;3;6;0;0;1;0;0;0;1;0
50866;11;12;12214125;2019;6;15;7;3;2;6;0;0;1;0;0;0;0;0
50867;11;12;4010101;2019;9;13;6;3;0;6;0;0;0;0;0;0;1;0
50868;11;12;12103219;2019;12;13;2;3;3;6;0;0;1;0;0;1;0;0
50869;11;2;2020203;2019;5;9;2;3;3;6;0;1;1;0;0;0;0;0
50870;11;3;3020307;2019;7;19;4;2;2;7;0;0;1;0;0;0;0;0
50871;11;5;5020524;2019;4;15;2;3;0;7;0;0;1;0;0;0;1;0
50872;11;7;7050502;2019;11;12;2;3;0;6;0;0;1;0;1;0;0;1
50873;11;7;7050501;2019;7;7;4;3;2;6;0;0;1;0;0;0;1;0
50874;11;4;4030417;2019;4;8;2;3;5;2;0;1;1;0;0;0;0;0
50875;11;7;7040403;2019;10;17;1;3;0;7;0;1;1;0;0;0;0;0
50876;11;12;12103115;2019;9;12;6;3;6;7;0;0;0;1;0;1;0;0
50878;11;4;4030623;2019;5;15;1;3;6;4;0;1;0;1;0;0;0;0
50879;11;4;4051551;2019;7;15;4;3;2;6;0;0;1;0;0;1;0;0
50880;11;2;2050602;2019;4;8;2;3;5;3;0;1;1;0;0;0;0;0
50881;11;3;3020209;2019;11;22;3;3;0;3;2;1;1;0;0;0;0;1
50882;11;3;3061131;2019;6;7;4;2;5;3;0;1;0;0;0;0;0;0
50883;11;4;4041133;2019;9;12;6;3;2;6;0;0;1;0;0;0;0;0
50884;11;2;2050802;2019;12;13;7;3;1;5;0;1;1;0;0;0;1;0
50885;11;9;9010201;2019;7;16;4;3;5;2;0;0;1;0;0;0;0;0
50886;11;12;12103115;2019;10;9;4;3;3;6;0;0;1;0;0;0;0;0
50887;11;7;7060601;2019;9;15;6;3;8;7;0;0;1;0;0;0;0;0
50888;11;7;7040401;2019;7;14;4;3;3;6;0;0;1;0;1;0;1;0
50889;11;12;12302212;2019;4;0;1;3;5;2;2;1;1;0;0;0;0;0
50890;11;4;4030417;2019;10;0;3;3;5;2;2;0;1;0;0;0;0;0
50891;11;4;4020314;2019;6;13;2;3;2;6;0;0;1;0;0;1;0;0
50892;11;11;11030721;2019;9;20;5;3;5;2;2;1;1;0;0;0;0;0
50894;11;10;10010204;2019;5;2;1;3;6;4;2;0;0;1;0;0;1;0
50895;11;10;10030726;2019;7;19;4;3;2;6;0;0;1;0;0;0;0;0
50896;11;4;4041239;2019;4;13;7;3;2;6;0;0;1;0;0;0;0;0
50897;11;5;5040936;2019;11;7;5;2;4;6;1;1;0;0;0;0;0;0
50898;11;4;4010101;2019;5;17;1;3;2;6;0;0;1;0;0;0;0;0
50899;11;4;4030417;2019;12;16;3;3;5;2;2;1;1;0;0;0;0;1
50900;11;2;2040503;2019;7;20;3;3;2;6;0;0;1;0;0;0;1;0
50901;11;4;4030417;2019;4;1;7;3;5;3;2;0;1;0;0;0;0;0
50902;11;2;2050602;2019;10;8;5;2;0;2;0;1;1;0;0;0;0;1
50903;11;3;3061126;2019;9;6;5;3;5;2;1;1;0;0;0;1;0;0
50905;11;3;3061332;2019;7;18;3;3;1;5;0;1;1;0;0;0;1;0
50906;11;2;2050602;2019;4;0;7;3;6;4;2;0;1;1;0;0;0;0
50907;11;4;4041342;2019;9;17;2;3;8;1;0;0;1;0;0;0;0;1
50908;11;2;2040503;2019;6;5;4;3;2;6;0;0;1;0;0;0;0;0
50909;11;4;4030417;2019;9;11;5;3;5;2;0;1;1;0;0;0;0;0
50910;11;1;1011304;2019;12;17;6;3;2;6;2;1;0;0;0;0;0;0
50911;11;4;4020313;2019;5;0;1;3;0;1;2;1;0;0;0;0;0;0
50912;11;12;12103218;2019;7;16;3;3;5;3;0;1;1;0;0;0;0;0
50913;11;2;2050602;2019;4;11;7;2;5;3;0;0;1;0;0;0;1;0
50914;11;2;2050602;2019;11;9;6;3;6;7;0;1;0;1;0;0;0;0
50915;11;1;1011105;2019;9;6;5;3;5;2;0;1;1;0;0;0;0;1
50916;11;3;3061332;2019;11;16;3;3;2;2;2;0;1;0;0;0;0;0
50917;11;12;12301203;2019;7;14;3;3;5;3;0;0;1;0;0;0;0;0
50918;11;3;3040818;2019;4;15;6;3;5;2;0;0;1;0;0;0;1;0
50919;11;1;1011102;2019;10;17;5;3;6;4;0;1;0;1;0;0;0;0
50920;11;9;9010102;2019;9;16;4;3;6;7;0;0;0;1;0;0;1;0
50922;11;1;1044102;2019;5;11;7;3;5;3;0;0;1;0;1;0;0;0
50923;11;12;12103219;2019;7;14;3;3;6;4;0;1;0;1;0;0;0;0
50924;11;10;10010309;2019;4;9;6;3;1;6;0;0;1;0;0;0;1;0
50925;11;12;12301203;2019;6;11;6;3;2;6;0;0;1;0;0;0;1;0
50926;11;7;7040405;2019;9;10;4;3;2;6;0;0;1;0;0;0;0;0
50927;11;6;6040701;2019;12;17;6;3;0;2;2;1;1;0;0;0;0;0
50928;11;3;3040818;2019;5;11;7;3;6;6;0;1;0;1;0;0;0;0
50929;11;3;3050925;2019;7;12;3;3;3;6;0;1;1;0;0;0;0;0
50930;11;12;12103218;2019;11;0;7;3;3;2;2;0;1;0;0;0;0;1
50931;11;1;1011202;2019;7;7;3;2;6;4;0;0;0;1;0;1;0;0
50932;11;9;9010202;2019;4;12;6;3;2;2;0;0;1;0;0;0;0;0
50933;11;3;3010104;2019;10;7;6;3;0;7;0;0;1;0;0;0;1;0
50934;11;2;2050602;2019;9;9;4;3;1;5;0;0;1;0;1;0;0;0
50936;11;1;1044203;2019;5;3;7;3;2;6;2;1;1;0;0;0;0;0
50937;11;9;9020601;2019;7;10;3;3;0;1;0;1;0;0;0;0;0;0
50938;11;3;3071639;2019;4;23;6;3;1;5;2;1;1;0;0;0;1;0
50939;11;3;3061332;2019;11;14;2;3;1;5;0;1;1;0;0;0;0;1
50940;11;12;12304314;2019;6;6;3;3;2;6;0;0;1;0;0;0;0;0
50941;11;12;12103219;2019;9;14;4;3;5;2;0;1;1;0;0;0;0;1
50942;11;3;3071639;2019;12;15;6;3;1;5;1;1;1;0;0;0;1;1
50943;11;1;1044102;2019;7;16;3;3;0;4;0;1;0;1;0;0;0;0
50944;11;3;3040818;2019;4;16;6;3;5;3;0;1;1;0;0;0;0;0
50945;11;1;1011204;2019;10;11;2;3;3;6;0;0;1;0;1;0;0;0
50946;11;6;6010209;2019;9;14;3;2;0;1;0;0;0;0;1;0;0;0
50947;11;4;4020310;2019;7;10;3;3;2;6;0;0;1;0;0;0;0;0
50948;11;3;3050923;2019;4;7;6;3;2;6;0;0;1;0;0;0;0;0
50949;11;1;1044102;2019;10;20;7;3;5;3;2;1;0;0;0;0;1;0
50950;11;2;2050602;2019;6;7;7;3;5;2;0;0;1;0;0;0;0;0
50951;11;6;6040701;2019;9;17;3;3;5;2;0;1;1;0;0;0;0;0
50953;11;2;2020202;2019;5;14;7;2;6;4;0;0;1;1;0;0;0;0
50954;11;10;10010204;2019;4;9;5;2;5;3;0;0;1;0;0;0;1;0
50955;11;9;9010102;2019;11;16;3;2;4;6;1;1;0;0;0;0;0;0
50956;11;3;3061126;2019;5;23;6;3;5;3;2;1;1;0;0;0;0;0
50957;11;7;7020203;2019;12;3;1;3;3;6;2;0;1;0;0;0;0;0
50958;11;3;3020209;2019;7;8;3;3;2;6;0;0;1;0;0;1;0;0
50959;11;7;7030303;2019;4;8;5;3;2;6;0;0;1;0;0;0;0;0
50960;11;7;7020203;2019;10;17;3;2;1;5;1;1;1;0;0;0;0;0
50961;11;12;12214125;2019;9;17;3;3;9;1;0;0;1;0;0;0;0;0
50963;11;3;3061332;2019;7;8;3;3;1;5;0;1;1;0;0;0;0;0
50964;11;12;12103218;2019;4;17;5;2;6;2;0;0;1;1;0;0;0;0
50965;11;7;7030303;2019;9;14;7;3;2;6;0;0;1;0;0;0;0;0
50966;11;7;7040405;2019;6;7;3;2;0;1;0;0;0;0;1;0;0;0