OBJECTID;LAND;BEZ;LOR_ab_2021;UJAHR;UMONAT;USTUNDE;UWOCHENTAG;UKATEGORIE;UART;UTYP1;ULICHTVERH;IstRad;IstPKW;IstFuss;IstKrad;IstGkfz;IstSonstige;USTRZUSTAND
51684;11;1;1011102;2019;5;9;3;3;3;6;0;1;0;0;0;0;0;0
51685;11;4;4030724;2019;9;11;4;3;2;6;0;0;1;0;0;0;0;1
51686;11;3;3061332;2019;6;18;1;3;5;2;0;1;1;0;0;0;0;0
51687;11;3;3030716;2019;3;12;4;2;4;6;0;0;1;0;0;0;0;0
51688;11;2;2020202;2019;6;18;5;3;3;6;0;0;0;0;1;0;1;0
51689;11;12;12301205;2019;8;9;3;2;5;3;0;0;1;0;1;0;0;0
51690;11;3;3061332;2019;12;16;3;3;1;5;2;1;0;0;0;0;1;1
51691;11;3;3040818;2019;5;7;3;3;5;2;0;1;1;0;0;0;0;0
51692;11;10;10040830;2019;6;12;1;3;2;6;0;0;1;0;0;0;0;0
51693;11;7;7050502;2019;9;15;4;3;3;6;0;0;0;0;0;1;1;1
51694;11;4;4051656;2019;9;7;3;3;2;6;0;0;1;0;0;0;0;0
51695;11;3;3010104;2019;6;11;1;3;2;6;0;0;1;0;0;0;0;0
51696;11;2;2050601;2019;3;8;3;3;5;2;0;1;1;0;0;0;0;0
51697;11;4;4020314;2019;9;15;1;3;9;1;0;0;1;0;0;0;0;1
51698;11;1;1011202;2019;6;12;4;3;3;6;0;1;0;0;0;0;1;0
51699;11;4;4020313;2019;8;9;3;3;5;2;0;0;1;0;0;0;0;0
51700;11;7;7050501;2019;12;17;6;3;2;6;2;0;1;0;0;0;0;0
51701;11;1;1011204;2019;5;14;3;3;5;3;0;0;1;0;0;0;1;0
51702;11;7;7030303;2019;6;1;7;3;8;1;2;0;1;0;0;0;0;0
51703;11;2;2020202;2019;3;8;3;2;1;5;0;0;1;0;1;0;0;0
51704;11;4;4020314;2019;11;23;5;3;3;6;2;0;1;0;0;0;0;0
51705;11;6;6040703;2019;8;16;2;3;2;6;0;0;1;0;0;0;0;0
51706;11;1;1033203;2019;11;11;3;3;2;2;0;0;1;0;0;1;0;0
51707;11;7;7050506;2019;6;23;6;3;3;6;2;0;1;0;1;0;0;0
51708;11;2;2050602;2019;3;15;3;3;6;6;0;1;0;1;0;0;0;0
51709;11;12;12302212;2019;10;11;5;3;2;6;0;0;1;0;0;0;0;0
51710;11;2;2040703;2019;8;17;2;3;4;6;0;1;0;0;0;0;0;0
51712;11;10;10030726;2019;5;13;2;3;3;6;0;0;1;0;1;0;0;0
51713;11;7;7050502;2019;9;14;3;3;0;7;0;0;0;1;0;0;1;0
51714;11;1;1011303;2019;6;10;6;3;5;2;0;1;1;0;0;0;0;0
51715;11;1;1011204;2019;3;9;2;2;6;4;0;0;0;1;0;0;1;0
51716;11;1;1011102;2019;6;16;5;3;1;5;0;1;1;0;0;0;0;0
51717;11;9;9010401;2019;8;17;2;3;3;6;0;0;1;0;1;0;0;0
51718;11;3;3061332;2019;12;16;6;3;6;2;1;0;1;1;0;0;0;0
51719;11;10;10010207;2019;5;13;2;3;0;1;0;1;0;0;0;0;0;0
51720;11;5;5020629;2019;6;16;6;2;4;6;0;1;0;0;0;0;0;0
51721;11;7;7060601;2019;9;12;3;3;5;2;0;0;1;0;1;0;0;0
51722;11;2;2050602;2019;11;17;6;3;0;1;2;0;0;0;1;0;0;1
51723;11;4;4010101;2019;6;16;6;3;2;6;0;0;1;0;0;0;0;0
51724;11;2;2020202;2019;9;20;5;3;1;5;2;1;1;0;0;0;0;1
51725;11;7;7020203;2019;3;15;2;3;2;6;0;0;1;0;0;0;0;1
51726;11;11;11010101;2019;10;20;5;2;0;7;2;1;0;0;0;0;0;1
51727;11;12;12302211;2019;8;15;2;3;2;6;0;0;1;0;0;0;0;0
51729;11;1;1011303;2019;5;6;2;3;2;6;0;0;1;0;0;0;0;0
51730;11;7;7040405;2019;6;7;6;2;3;7;0;0;1;0;0;0;0;0
51731;11;8;8020619;2019;3;7;2;3;2;6;0;0;1;0;0;0;0;0
51732;11;12;12103115;2019;11;18;2;3;6;2;2;0;1;1;0;0;0;1
51733;11;4;4020208;2019;6;14;1;2;4;7;0;0;1;0;0;0;0;0
51734;11;7;7030303;2019;8;15;2;3;8;1;0;0;1;0;0;0;0;0
51735;11;3;3040614;2019;12;9;5;3;2;6;0;0;1;0;0;0;0;0
51736;11;4;4010102;2019;6;7;6;3;3;6;0;0;1;0;0;0;1;0
51737;11;7;7040405;2019;9;8;2;3;2;6;0;0;1;0;1;0;0;0
51738;11;3;3040818;2019;3;6;2;2;5;3;1;1;1;0;0;0;0;0
51739;11;2;2050602;2019;10;1;1;3;8;1;2;0;1;0;0;0;0;0
51740;11;4;4020311;2019;8;15;2;3;5;3;0;1;0;0;0;0;0;0
51741;11;2;2040502;2019;6;16;5;1;6;4;0;0;1;1;0;0;0;0
51742;11;4;4020313;2019;3;10;2;3;5;2;0;0;1;0;0;0;0;0
51743;11;4;4041133;2019;10;15;6;3;2;6;0;0;1;0;0;0;0;1
51744;11;7;7040406;2019;6;14;6;2;2;6;0;0;1;0;0;0;0;0
51745;11;3;3071633;2019;8;14;2;3;3;6;0;0;1;0;0;0;0;0
51747;11;1;1011304;2019;5;20;1;3;5;3;1;1;1;0;0;0;0;0
51748;11;1;1011303;2019;3;12;7;3;2;7;0;1;1;0;0;0;1;0
51749;11;2;2050602;2019;11;17;2;2;6;4;2;0;1;1;0;0;0;0
51750;11;7;7040401;2019;5;14;1;3;3;6;0;0;1;0;1;0;0;0
51751;11;1;1011105;2019;11;11;7;3;6;4;0;0;1;1;0;0;0;0
51752;11;4;4030622;2019;6;18;5;3;6;7;0;0;1;1;0;0;0;0
51753;11;5;5020628;2019;3;14;7;3;3;6;0;0;1;0;0;0;0;1
51754;11;10;10030726;2019;10;7;2;3;5;7;0;1;1;0;0;0;0;0
51755;11;7;7020203;2019;8;19;2;3;1;5;0;1;1;0;0;0;0;0
51757;11;1;1033203;2019;6;10;5;2;5;2;0;1;1;0;0;0;0;0
51758;11;11;11030721;2019;3;15;7;2;5;3;0;1;1;0;0;0;0;1
51759;11;4;4030622;2019;6;18;2;3;0;7;0;0;0;0;1;0;0;1
51760;11;3;3061434;2019;8;13;2;3;5;3;0;1;1;0;0;0;0;0
51761;11;7;7040403;2019;12;5;3;3;3;6;2;0;1;0;0;1;0;1
51762;11;10;10010308;2019;5;14;1;2;2;2;0;0;1;0;1;0;0;0
51763;11;2;2020202;2019;6;22;5;2;0;7;2;1;0;0;0;0;0;0
51764;11;4;4020310;2019;3;17;7;3;2;6;1;0;1;0;0;0;0;1
51765;11;10;10010102;2019;11;20;3;2;6;7;2;0;0;1;0;0;1;0
51766;11;3;3061228;2019;11;20;7;3;2;7;2;0;1;0;1;0;0;0
51767;11;2;2050602;2019;6;7;5;3;3;6;0;1;0;0;0;0;0;0
51768;11;3;3050925;2019;3;8;6;3;3;6;0;1;1;0;0;0;0;1
51769;11;8;8020619;2019;10;14;3;2;3;6;0;0;1;0;0;1;0;0
51770;11;3;3061126;2019;8;7;2;3;6;4;0;1;0;1;0;0;0;1
51772;11;1;1011304;2019;5;22;7;3;5;3;2;1;1;0;0;0;0;0
51773;11;6;6040703;2019;6;15;5;2;1;7;0;0;1;0;0;0;0;0
51774;11;12;12103219;2019;3;11;6;3;6;7;0;0;1;1;0;0;0;0
51775;11;2;2050801;2019;11;18;5;3;3;6;2;1;0;0;0;0;1;1
51776;11;7;7040405;2019;6;14;5;3;2;6;0;0;1;0;1;0;0;0
51777;11;9;9010101;2019;8;22;1;3;2;6;2;0;1;0;0;0;0;1
51778;11;1;1033203;2019;12;18;3;3;2;6;2;0;1;0;0;0;0;0
51779;11;3;3040818;2019;6;8;5;3;2;6;0;0;1;0;1;0;0;0
51780;11;4;4020208;2019;10;19;5;3;7;7;2;0;1;0;0;0;1;0
51781;11;1;1033203;2019;6;23;4;3;5;3;2;0;1;0;0;0;0;0
51782;11;9;9020601;2019;9;16;5;3;0;7;0;1;0;0;0;0;0;0
51783;11;3;3051017;2019;3;14;6;3;4;5;0;0;1;0;0;0;1;1
51784;11;1;1011201;2019;10;14;4;3;5;2;0;1;0;0;0;0;1;0
51785;11;1;1011303;2019;8;21;1;3;5;3;2;0;1;0;0;0;1;0
51787;11;2;2020202;2019;5;13;7;3;5;2;0;1;1;0;0;0;0;0
51788;11;12;12103219;2019;6;16;4;3;0;5;0;1;0;0;0;0;1;0
51789;11;4;4020313;2019;3;12;6;3;2;6;0;0;1;0;0;0;1;0
51790;11;1;1011102;2019;11;14;7;3;5;2;0;0;1;0;0;0;0;1
51791;11;3;3071639;2019;6;0;7;3;2;7;2;1;1;0;0;0;0;0
51792;11;4;4020208;2019;12;7;4;3;5;3;0;0;1;0;0;0;0;1
51793;11;3;3020209;2019;6;15;4;3;2;6;0;0;1;0;0;0;0;0
51794;11;3;3071639;2019;3;11;6;3;5;2;0;1;1;0;0;0;0;0
51795;11;4;4030417;2019;10;14;6;3;5;3;0;1;1;0;0;0;0;0
51796;11;3;3040614;2019;8;8;1;2;0;1;0;1;0;0;0;0;0;1
51797;11;1;1011303;2019;6;14;4;3;6;7;0;0;1;1;0;0;0;0
51798;11;2;2050602;2019;3;18;5;3;0;6;2;0;1;0;1;0;0;1
51799;11;6;6010102;2019;10;17;5;3;2;6;2;0;1;0;0;0;0;0
51800;11;12;12301203;2019;6;14;4;3;2;6;0;0;1;0;1;0;0;0
51801;11;1;1044102;2019;9;15;5;3;5;3;0;1;1;0;0;0;0;0
51802;11;7;7030303;2019;3;20;5;3;3;2;2;0;1;0;0;0;0;1
51803;11;11;11030721;2019;10;13;5;3;5;2;0;0;1;0;0;0;0;0
51804;11;10;10010310;2019;8;8;1;2;0;7;0;0;1;0;0;0;0;1
51806;11;7;7040401;2019;5;17;7;3;6;7;0;0;1;1;0;0;0;1
51807;11;10;10010207;2019;6;13;4;3;5;3;0;0;1;0;0;0;0;0
51808;11;3;3061332;2019;3;20;5;3;5;2;2;1;1;0;0;0;0;1
51809;11;9;9010101;2019;11;3;1;2;5;3;2;1;1;0;0;0;0;0
51810;11;12;12103218;2019;6;22;7;3;2;6;2;0;1;0;0;0;1;0
51811;11;11;11041027;2019;8;6;7;3;2;6;0;0;1;0;0;0;1;0
51812;11;3;3071638;2019;12;15;5;3;5;2;0;0;1;0;0;0;1;0
51813;11;4;4010101;2019;6;13;4;3;5;3;0;0;1;0;0;1;0;0
51814;11;7;7030303;2019;3;15;5;3;2;6;0;0;1;0;0;0;0;1
51815;11;2;2050602;2019;10;19;7;3;2;6;2;0;1;0;1;0;0;0
51816;11;7;7070701;2019;8;9;7;3;0;5;0;0;1;0;0;0;0;0
51817;11;3;3010104;2019;6;12;4;3;3;6;0;0;1;0;0;0;0;0
51818;11;3;3061131;2019;3;4;4;3;5;2;2;0;1;0;0;1;0;1
51819;11;7;7060604;2019;10;6;4;3;6;7;2;1;0;1;0;0;0;1
51820;11;9;9010202;2019;6;6;5;3;5;3;0;0;1;0;0;0;0;0
51821;11;1;1044102;2019;8;18;7;3;5;3;0;0;1;0;0;0;0;0
51822;11;3;3061434;2019;12;6;7;2;5;3;2;1;1;0;0;0;0;1
51823;11;10;10040830;2019;5;10;7;3;6;2;0;0;1;1;0;0;0;0
51824;11;4;4010101;2019;3;12;4;2;3;6;0;0;1;0;0;1;0;0
51825;11;1;1011102;2019;11;14;1;3;6;7;0;0;0;1;0;0;1;0
51826;11;7;7030303;2019;5;9;6;2;2;6;0;0;1;0;1;0;0;0
51827;11;4;4020311;2019;11;16;6;3;2;6;2;0;1;0;1;0;0;0
51828;11;9;9010302;2019;6;10;4;3;2;6;0;0;1;0;0;0;0;0
51829;11;3;3040818;2019;3;14;4;3;5;3;0;1;1;0;0;0;0;0
51830;11;1;1011303;2019;10;22;2;3;5;2;2;0;1;0;0;0;1;0
51831;11;7;7020202;2019;8;8;6;3;6;2;0;0;0;1;0;0;1;0
51833;11;10;10010102;2019;5;17;6;2;6;4;0;0;1;1;0;0;0;0
51834;11;2;2010101;2019;6;20;3;3;5;2;0;1;1;0;0;0;0;0
51835;11;2;2050803;2019;3;18;4;3;3;7;1;1;0;0;0;0;0;0
51836;11;12;12301203;2019;6;14;2;3;5;2;0;0;0;0;0;0;1;0
51837;11;9;9020601;2019;8;15;6;3;5;3;0;1;1;0;0;0;0;0
51838;11;2;2050601;2019;12;7;2;3;5;3;1;0;1;0;0;0;1;0
51839;11;4;4020311;2019;5;13;6;3;2;6;0;0;1;0;1;0;0;0
51840;11;1;1033203;2019;6;12;3;3;2;6;0;0;1;0;1;0;0;0
51841;11;1;1033203;2019;3;19;4;3;2;1;2;0;1;0;0;0;0;1
51842;11;3;3040818;2019;11;12;3;2;6;3;0;0;1;1;0;0;0;0
51843;11;12;12304314;2019;11;9;6;3;5;3;0;0;1;0;0;1;0;1
51844;11;9;9020601;2019;6;10;3;3;6;7;0;0;1;1;0;0;0;0
51845;11;7;7040402;2019;3;17;3;3;2;6;1;0;1;0;0;0;0;0
51846;11;1;1011303;2019;10;12;2;3;3;5;0;1;1;0;0;0;0;0
51847;11;12;12301203;2019;8;15;6;3;5;3;0;1;1;0;0;0;0;0
51849;11;3;3061126;2019;5;15;5;3;5;2;0;1;0;0;0;1;0;0
51850;11;2;2050803;2019;6;10;3;3;3;2;0;0;1;0;1;0;0;0
51851;11;2;2050602;2019;3;10;3;3;5;2;0;1;1;0;0;0;0;1
51852;11;7;7060603;2019;11;12;4;3;2;6;0;0;1;0;0;1;0;1
51853;11;5;5020524;2019;6;14;4;3;2;6;0;0;1;0;0;0;1;0
51854;11;4;4020208;2019;8;8;6;3;2;6;0;0;1;0;0;0;1;0
51855;11;7;7040402;2019;12;15;2;3;2;6;1;0;1;0;0;0;0;1
51856;11;9;9020601;2019;6;9;3;2;5;2;0;1;1;0;0;0;0;0
51857;11;11;11030721;2019;9;8;2;3;5;2;0;1;0;0;0;0;1;0
51858;11;7;7020203;2019;10;17;4;3;5;2;2;1;1;0;0;0;0;0
51859;11;10;10010207;2019;8;12;6;3;5;3;0;1;1;0;0;0;0;0
51860;11;7;7020202;2019;6;9;3;2;5;3;0;1;0;0;1;0;0;0
51861;11;9;9010302;2019;3;5;3;3;2;6;1;0;1;0;0;0;0;0
51862;11;10;10040830;2019;10;5;3;3;2;6;2;0;1;0;0;0;0;0
51863;11;4;4030623;2019;8;9;6;3;5;2;0;1;1;0;0;0;0;0
51865;11;3;3061131;2019;5;9;5;3;0;7;0;1;0;0;0;0;0;0
51866;11;8;8020619;2019;6;17;3;3;2;6;0;0;1;0;0;0;0;0
51867;11;3;3040818;2019;3;8;2;3;5;3;0;1;1;0;0;0;0;1
51868;11;10;10030727;2019;11;16;6;3;2;6;2;0;1;0;0;0;0;0
51869;11;4;4030417;2019;5;9;5;3;2;6;0;1;1;0;0;0;0;1
51870;11;3;3050920;2019;12;20;3;3;0;1;2;0;0;0;1;0;0;2
51871;11;3;3061429;2019;6;16;3;3;5;2;0;1;1;0;0;0;0;0
51872;11;12;12103218;2019;3;16;2;2;9;1;0;0;1;0;0;0;1;1
51873;11;7;7050502;2019;10;8;6;2;5;2;0;0;1;0;1;0;0;0
51874;11;2;2050803;2019;8;9;6;3;5;3;0;1;0;0;0;0;0;0
51876;11;7;7050502;2019;6;14;3;3;5;2;0;1;1;0;0;0;0;0
51877;11;1;1011104;2019;3;18;1;3;2;6;2;0;1;0;0;0;0;1
51878;11;4;4020311;2019;10;9;3;3;5;2;0;0;1;0;0;0;0;1
51879;11;1;1011105;2019;6;19;4;3;2;6;0;0;1;0;0;0;0;0
51880;11;4;4020208;2019;8;8;6;3;2;6;0;0;1;0;0;0;0;0
51881;11;11;11030721;2019;12;15;2;3;5;3;1;1;1;1;0;0;0;0
51882;11;7;7030303;2019;5;6;5;3;0;6;1;0;1;0;0;0;0;0
51883;11;10;10010206;2019;3;9;1;3;2;6;0;0;1;0;0;0;0;0
51884;11;1;1044201;2019;11;9;7;3;0;7;0;1;0;1;0;0;0;1
51885;11;7;7040401;2019;11;13;4;3;2;2;0;0;1;0;0;0;0;1
51886;11;9;9020601;2019;6;8;3;3;5;2;0;1;0;0;0;0;1;0
51887;11;2;2040703;2019;3;9;1;3;0;1;0;0;0;0;1;0;0;0
51888;11;9;9010202;2019;10;7;6;3;2;6;1;0;1;0;0;0;0;1
51889;11;12;12103219;2019;8;7;6;3;6;4;0;1;1;1;0;0;0;0
51891;11;3;3061126;2019;5;9;4;3;0;3;0;1;1;0;0;0;0;0
51892;11;7;7050506;2019;9;8;2;3;5;2;0;1;0;0;0;0;1;0
51893;11;3;3040614;2019;6;14;2;3;6;4;0;0;0;1;1;0;0;0
51894;11;9;9010101;2019;3;16;7;3;0;2;0;1;1;0;0;0;0;1
51895;11;5;5020524;2019;6;2;7;3;9;1;2;0;1;0;0;0;0;0
51896;11;3;3061429;2019;12;9;7;3;6;4;0;0;1;1;0;0;0;0
51897;11;9;9020601;2019;5;16;4;3;2;6;0;0;1;0;1;0;1;0
51898;11;7;7050501;2019;11;16;1;3;2;6;0;0;1;0;0;0;1;1
191144;11;12;12231101;2019;1;11;4;3;6;7;0;1;0;1;0;0;0;1
191145;11;11;11010310;2019;1;17;4;3;5;3;2;0;1;0;0;0;0;1
191146;11;6;6020306;2019;1;17;4;3;5;2;2;1;1;0;0;0;0;1
191147;11;7;7040405;2019;1;17;4;3;1;5;2;1;0;0;0;0;1;1
191148;11;6;6010101;2019;1;16;4;3;5;3;2;1;0;0;0;0;1;1
191149;11;10;10010203;2019;1;16;4;3;5;3;2;0;1;0;0;0;0;1
191150;11;10;10010309;2019;1;7;4;3;6;7;1;0;1;1;0;0;0;1
191151;11;1;1044201;2019;1;7;4;3;5;2;2;1;0;0;0;0;1;1
191152;11;4;4051551;2019;1;7;4;3;5;2;2;1;1;0;0;0;0;1
191153;11;1;1011202;2019;1;6;4;3;2;6;2;0;1;0;0;0;0;1
191154;11;7;7040401;2019;1;6;4;3;6;4;2;0;1;1;0;0;0;1
191155;11;1;1044103;2019;1;15;4;3;5;3;1;0;1;0;1;0;0;1
191156;11;7;7010102;2019;1;5;4;3;5;7;1;0;1;0;0;0;1;1
191157;11;3;3020209;2019;1;7;4;3;5;2;2;1;1;0;0;0;0;1
191158;11;5;5020523;2019;1;8;4;3;6;7;2;0;1;1;0;0;0;1
191159;11;6;6010209;2019;1;8;4;3;1;5;0;0;1;0;0;0;1;1
191160;11;1;1033203;2019;1;10;4;3;6;7;0;0;1;1;0;0;0;1
191161;11;10;10020622;2019;1;6;4;3;2;2;2;0;1;0;0;0;0;1
191162;11;8;8041035;2019;1;10;4;3;2;6;0;0;1;0;0;0;0;1
191163;11;6;6020303;2019;1;10;4;2;6;2;0;0;1;1;0;0;0;1
191164;11;3;3040614;2019;1;10;4;2;2;6;0;0;1;0;0;0;0;1
191165;11;3;3030716;2019;1;9;4;3;0;7;0;0;1;0;0;0;0;1
191166;11;5;5030832;2019;1;5;4;3;3;6;2;0;1;0;0;1;0;1
191167;11;4;4030518;2019;1;16;4;3;5;2;0;0;1;0;0;0;0;1
191168;11;2;2010103;2019;1;18;4;3;5;3;2;0;1;0;0;0;0;1
191169;11;1;1044103;2019;1;16;3;2;6;4;1;0;1;1;0;0;0;0
191170;11;12;12103220;2019;1;18;3;3;2;6;2;0;1;0;0;0;0;1
191171;11;8;8020619;2019;1;18;4;3;2;6;2;0;1;0;0;0;0;1
191172;11;2;2040702;2019;1;10;3;3;1;5;0;1;1;0;0;0;0;1
191173;11;1;1011202;2019;1;10;3;3;6;4;0;1;0;1;0;0;0;1
191174;11;2;2040703;2019;1;7;3;3;5;3;2;0;1;0;0;0;0;1
191175;11;2;2010102;2019;1;22;3;3;6;2;2;0;1;1;0;0;0;1
191176;11;10;10010207;2019;1;19;3;3;6;2;2;0;1;1;0;0;0;1
191177;11;7;7010102;2019;1;20;3;3;6;7;2;0;1;1;0;0;0;1
191178;11;12;12231101;2019;1;20;3;2;5;3;2;0;1;0;0;0;0;1
191179;11;7;7010101;2019;1;20;3;3;6;4;1;0;1;1;0;0;0;1
191180;11;11;11030618;2019;1;19;3;3;1;5;2;1;1;0;0;0;0;1
191181;11;5;5010101;2019;1;18;3;3;2;7;2;0;1;0;0;0;0;1
191182;11;7;7060603;2019;1;18;3;3;2;6;2;0;1;0;0;0;0;1
191183;11;5;5010314;2019;1;18;3;2;6;2;2;0;1;1;0;0;0;1
191184;11;4;4051551;2019;1;18;3;3;6;2;2;0;1;1;0;0;0;1
191185;11;9;9051901;2019;1;18;3;3;2;6;2;0;1;0;0;0;0;1
191186;11;6;6030610;2019;1;18;3;3;2;6;2;0;1;0;0;0;0;1
191187;11;6;6010102;2019;1;18;3;2;6;2;2;0;1;1;0;0;0;1
191188;11;1;1011102;2019;1;18;3;3;5;3;2;0;1;0;0;0;0;1
191189;11;4;4051445;2019;1;18;3;3;2;6;2;0;1;0;0;0;0;1
191190;11;8;8010510;2019;1;17;3;3;5;3;2;1;1;0;0;0;0;1
191191;11;6;6010208;2019;1;15;3;2;6;4;1;0;1;1;0;0;0;1
191192;11;1;1044201;2019;1;9;3;3;5;2;0;0;1;0;0;0;1;1
191193;11;2;2050602;2019;1;17;3;3;5;3;2;1;1;0;0;0;0;1
191194;11;1;1033202;2019;1;17;3;2;0;7;1;0;0;0;1;0;1;1
191195;11;6;6030504;2019;1;17;3;2;6;4;2;0;1;1;0;0;0;1
191196;11;4;4030929;2019;1;16;3;3;3;6;2;0;1;0;1;0;1;1
191197;11;3;3061429;2019;1;16;3;2;6;4;2;0;1;1;0;0;0;1
191198;11;12;12103116;2019;1;16;3;3;6;2;2;0;1;1;0;0;0;1
191199;11;1;1011202;2019;1;15;3;3;5;3;0;1;1;0;0;0;0;1
191200;11;1;1022104;2019;1;14;3;2;5;2;0;1;1;0;0;0;0;1
191201;11;12;12302212;2019;1;13;3;2;6;4;0;0;0;1;1;0;0;1
191202;11;11;11020411;2019;1;13;3;3;5;3;0;0;1;0;0;0;1;1
191203;11;1;1022104;2019;1;11;3;3;3;6;0;0;1;0;1;0;0;1
191204;11;4;4020311;2019;1;11;3;3;5;3;0;0;1;0;0;0;0;1
191205;11;4;4041240;2019;1;11;3;3;5;3;0;0;1;0;0;0;0;1
191206;11;7;7020204;2019;1;12;3;3;0;6;0;0;1;0;0;0;1;1
191207;11;9;9041402;2019;1;6;3;3;6;2;2;0;1;1;0;0;0;1
191208;11;4;4041134;2019;1;17;3;1;6;2;2;0;1;1;0;0;0;1
191209;11;9;9020502;2019;1;17;2;3;2;7;1;0;1;0;0;0;0;0
191210;11;7;7010102;2019;1;16;2;3;6;4;1;0;1;1;0;0;0;1
191211;11;10;10020622;2019;1;18;2;2;6;4;2;0;1;1;0;0;0;1
191212;11;6;6040804;2019;1;19;2;3;1;5;2;0;1;0;0;0;0;1
191213;11;6;6040810;2019;1;19;2;3;2;6;2;0;1;0;0;0;0;1
191214;11;1;1044103;2019;1;18;2;3;3;6;2;0;1;0;0;0;0;1
191215;11;5;5010206;2019;1;21;2;2;9;1;2;0;1;0;0;0;0;1
191216;11;8;8010301;2019;1;22;2;3;2;6;2;0;1;0;0;0;0;1
191217;11;1;1044202;2019;1;21;2;3;5;2;2;1;0;0;0;0;0;1
191218;11;12;12302110;2019;1;20;2;2;6;2;2;0;1;1;0;0;0;1
191219;11;8;8010301;2019;1;15;2;3;2;2;0;0;1;0;0;0;0;1
191220;11;3;3051022;2019;1;8;2;3;1;5;1;1;0;0;0;0;1;1
191221;11;5;5040936;2019;1;7;2;3;2;6;1;0;1;0;0;0;0;1
191222;11;3;3061430;2019;1;11;2;3;6;4;0;1;0;1;0;0;0;1
191223;11;12;12301205;2019;1;8;2;3;6;2;0;0;1;1;0;0;0;1
191224;11;6;6030609;2019;1;17;2;3;2;2;2;0;1;0;0;0;0;1
191225;11;2;2050803;2019;1;17;2;3;6;2;2;0;1;1;0;0;0;1
191226;11;1;1011201;2019;1;17;2;3;5;2;2;1;1;0;0;0;0;1
191227;11;3;3040513;2019;1;17;2;3;5;3;2;1;1;0;0;0;0;1
191228;11;6;6030609;2019;1;17;2;3;1;5;2;0;1;0;0;0;0;1
191229;11;4;4030929;2019;1;17;2;3;5;2;2;0;1;0;0;0;0;1
191230;11;11;11051331;2019;1;16;2;3;3;6;2;1;1;0;0;0;0;1
191231;11;5;5020523;2019;1;16;2;3;5;3;1;0;1;0;0;0;0;1
191232;11;1;1044201;2019;1;16;2;3;5;2;1;1;1;0;0;0;0;1
191233;11;3;3040508;2019;1;10;2;3;5;7;0;0;1;0;0;0;0;1
191234;11;11;11051331;2019;1;15;2;3;5;3;0;1;1;0;0;0;0;1
191235;11;6;6030502;2019;1;14;2;3;2;2;0;0;1;0;0;0;0;1
191236;11;11;11010205;2019;1;10;2;3;5;3;0;0;1;0;0;0;0;1
191237;11;2;2020205;2019;1;14;2;3;4;1;0;0;1;0;0;0;0;1
191238;11;2;2050602;2019;1;9;2;2;0;1;0;0;0;0;1;0;0;1
191239;11;1;1044103;2019;1;12;2;3;2;6;0;0;1;0;0;0;0;1
191240;11;4;4051550;2019;1;11;2;3;5;2;0;0;1;0;1;0;0;1
191241;11;4;4030620;2019;1;16;2;3;5;2;2;0;1;0;0;0;0;1
191242;11;2;2030302;2019;1;9;2;3;5;3;1;1;1;0;0;0;0;1
191243;11;6;6030503;2019;1;15;2;3;4;6;0;0;1;0;0;0;0;1
191244;11;12;12301203;2019;1;11;2;3;6;2;0;0;1;1;0;0;0;1
191245;11;12;12214424;2019;1;15;2;3;2;6;1;0;1;0;0;0;0;1
191246;11;4;4030931;2019;1;9;2;3;5;2;0;0;1;0;1;0;0;1
191247;11;1;1011302;2019;1;8;2;3;6;4;0;0;1;1;0;0;0;1
191248;11;6;6020411;2019;1;8;2;2;5;2;0;0;1;0;0;0;0;1
191249;11;4;4030621;2019;1;8;2;3;5;2;1;1;1;0;0;0;0;1
191250;11;1;1033203;2019;1;8;2;2;6;4;0;0;1;1;0;0;0;1
191251;11;4;4030620;2019;1;7;2;3;6;2;1;0;1;1;0;0;0;1
191252;11;8;8020621;2019;1;7;2;2;6;4;2;0;1;1;0;0;0;1
191253;11;5;5010339;2019;1;6;2;3;6;2;2;0;1;1;0;0;0;1
191254;11;12;12304314;2019;1;6;2;3;5;3;2;0;1;0;1;0;0;1
191255;11;10;10010308;2019;1;18;2;3;1;5;2;1;0;0;0;0;1;1
191256;11;2;2010104;2019;1;11;2;3;5;3;0;0;1;0;0;0;1;1
191257;11;9;9051702;2019;1;13;1;3;1;5;0;1;1;0;0;0;0;0
191258;11;1;1033202;2019;1;18;1;3;2;6;2;0;1;0;0;0;0;0
191259;11;5;5030731;2019;1;17;1;2;5;3;2;1;1;0;0;0;0;0
191260;11;2;2040502;2019;1;16;1;3;2;6;2;0;1;0;0;0;0;0
191261;11;1;1011304;2019;1;16;1;3;5;2;2;1;1;0;0;0;0;0
191262;11;6;6030504;2019;1;14;1;2;5;3;0;1;1;0;0;0;0;0
191263;11;12;12302107;2019;1;3;1;2;6;4;2;0;1;1;0;0;0;0
191264;11;7;7020203;2019;1;14;7;3;3;7;0;1;1;0;0;0;0;1
191265;11;1;1044203;2019;1;11;7;3;2;6;0;0;1;0;0;0;0;1
191266;11;1;1044101;2019;1;9;7;2;4;1;0;0;1;0;0;0;1;1
191267;11;1;1011305;2019;1;6;7;3;5;3;2;1;1;0;0;0;0;1
191268;11;8;8010117;2019;1;0;7;3;2;2;2;0;1;0;0;1;0;1
191269;11;8;8010117;2019;1;21;7;3;6;2;2;0;1;1;0;0;0;1
191270;11;3;3071537;2019;1;18;7;3;6;7;2;0;1;1;0;0;0;1
191271;11;10;10010308;2019;1;17;7;3;2;6;2;0;1;0;0;0;0;1
191272;11;5;5010207;2019;1;17;7;3;2;6;2;0;1;0;0;0;0;1
191273;11;6;6030609;2019;1;17;7;3;6;4;2;0;1;1;0;0;0;2