OBJECTID;LAND;BEZ;LOR_ab_2021;UJAHR;UMONAT;USTUNDE;UWOCHENTAG;UKATEGORIE;UART;UTYP1;ULICHTVERH;IstRad;IstPKW;IstFuss;IstKrad;IstGkfz;IstSonstige;USTRZUSTAND
191274;11;10;10010206;2019;1;19;6;2;0;1;2;0;0;0;1;0;0;1
191275;11;12;12103219;2019;1;12;6;3;5;2;0;1;1;0;0;0;0;0
191276;11;7;7040405;2019;1;22;6;3;5;3;2;0;1;0;0;0;0;1
191277;11;5;5020521;2019;1;21;6;3;8;1;2;0;1;0;0;0;0;1
191278;11;1;1011301;2019;1;21;6;3;3;6;2;0;0;0;1;0;1;1
191279;11;12;12214424;2019;1;20;6;2;6;4;2;0;1;1;0;0;0;1
191280;11;2;2050802;2019;1;18;6;3;6;4;2;1;0;1;0;0;0;1
191281;11;11;11010204;2019;1;13;6;3;5;2;0;1;1;0;0;0;0;1
191282;11;10;10040828;2019;1;15;6;3;5;3;0;1;1;0;0;0;0;1
191283;11;4;4010102;2019;1;14;6;3;1;5;0;0;1;0;0;0;0;1
191284;11;4;4041238;2019;1;15;6;3;5;3;1;1;1;0;0;0;0;1
191285;11;12;12103219;2019;1;14;6;3;6;2;0;0;1;1;0;0;0;1
191286;11;2;2030402;2019;1;16;6;3;6;4;2;1;0;1;0;0;0;1
191287;11;2;2010103;2019;1;13;6;3;0;7;0;0;1;0;1;0;0;1
191288;11;4;4030726;2019;1;10;6;3;5;5;0;0;1;0;0;0;0;1
191289;11;4;4030415;2019;1;13;6;3;5;5;0;0;1;0;0;1;0;1
191290;11;6;6010205;2019;1;14;6;3;2;3;0;0;1;0;0;0;0;1
191291;11;12;12103219;2019;1;13;6;3;1;5;0;0;1;0;0;0;0;1
191292;11;11;11010309;2019;1;8;6;3;5;3;1;0;1;0;0;0;1;1
191293;11;11;11040926;2019;1;5;6;3;5;3;2;1;1;0;0;0;0;1
191294;11;5;5010206;2019;1;5;6;3;6;2;2;0;1;1;0;0;0;0
191295;11;8;8010404;2019;1;12;6;3;5;3;0;0;1;0;0;0;1;1
191296;11;2;2020206;2019;1;11;5;3;0;6;0;0;1;0;0;0;1;0
191297;11;1;1033102;2019;1;15;5;3;2;6;0;0;1;0;0;0;0;0
191298;11;5;5010314;2019;1;15;5;2;5;2;0;0;1;0;1;0;0;0
191299;11;8;8010214;2019;1;22;5;3;5;2;2;0;1;0;0;0;0;0
191300;11;4;4041240;2019;1;14;5;2;5;3;0;1;1;0;0;0;0;0
191301;11;9;9051901;2019;1;14;5;3;5;3;0;1;1;0;0;0;0;0
191302;11;4;4030931;2019;1;14;5;3;5;2;0;0;1;0;0;0;0;1
191303;11;3;3061430;2019;1;12;5;2;6;4;0;0;1;1;0;0;0;0
191304;11;9;9051702;2019;1;19;5;3;6;4;2;0;1;1;0;0;0;0
191305;11;1;1011103;2019;1;13;5;3;5;2;0;0;1;0;1;0;0;1
191306;11;5;5010206;2019;1;17;5;2;6;4;2;0;1;1;0;0;0;0
191307;11;3;11030618;2019;1;17;5;3;5;2;2;1;1;0;0;0;0;0
191308;11;12;12302211;2019;1;21;5;2;0;1;2;0;0;0;1;0;0;0
191309;11;1;1022201;2019;1;11;5;3;5;2;0;0;1;0;0;0;0;1
191310;11;7;7010102;2019;1;11;5;3;6;7;0;0;1;1;0;0;0;1
191311;11;4;4020310;2019;1;10;5;2;5;3;0;1;1;0;0;0;0;0
191312;11;7;7040404;2019;1;8;5;3;3;6;0;1;0;0;0;0;1;0
191313;11;8;8041036;2019;1;8;5;3;5;3;0;1;1;0;0;0;0;0
191314;11;5;5020419;2019;1;6;5;3;5;2;2;0;1;0;0;0;0;0
191315;11;1;1022206;2019;1;6;5;3;6;2;2;0;1;1;0;0;0;0
191316;11;8;8010214;2019;1;21;4;3;1;5;2;1;1;0;0;0;0;0
191317;11;3;3071639;2019;1;18;4;3;0;5;2;0;1;0;1;0;0;1
191318;11;4;4030623;2019;1;18;4;3;5;3;2;1;1;0;0;0;0;0
191319;11;2;2040503;2019;1;16;4;3;2;6;2;0;1;0;0;0;0;1
191320;11;1;1011202;2019;1;14;4;3;3;6;0;0;1;0;0;0;0;0
191321;11;6;6030610;2019;1;13;4;3;2;6;0;0;1;0;0;0;0;1
191322;11;8;8010213;2019;1;12;4;3;5;3;0;0;1;0;0;0;0;1
191323;11;4;4041136;2019;1;12;4;3;6;2;0;0;1;1;0;0;0;0
191324;11;10;10010308;2019;1;12;4;3;2;6;0;0;1;0;0;0;1;1
191325;11;4;4030623;2019;1;11;4;2;6;4;0;0;0;1;0;0;1;1
191326;11;7;7070702;2019;1;10;4;3;5;3;0;0;1;0;0;0;0;1
191327;11;6;6030504;2019;1;7;4;3;2;7;1;0;1;0;0;0;0;1
191328;11;11;11040926;2019;1;13;4;3;4;7;0;0;1;0;0;0;0;0
191329;11;12;12231102;2019;1;16;3;3;4;1;2;0;1;0;0;0;0;1
191330;11;7;7030301;2019;1;17;3;2;2;6;2;0;1;0;0;0;0;1
191331;11;6;6010206;2019;1;17;3;3;6;2;2;0;1;1;0;0;0;1
191332;11;8;8041038;2019;1;16;3;3;5;3;2;0;1;0;0;0;0;1
191333;11;5;5010339;2019;1;6;3;3;2;6;2;0;1;0;0;0;0;1
191334;11;2;2010103;2019;1;5;3;3;5;3;2;0;1;0;0;0;0;1
191335;11;1;1022206;2019;1;17;3;3;1;5;2;0;1;0;0;0;0;1
191336;11;1;1011306;2019;1;2;3;2;6;4;2;0;1;1;0;0;0;1
191337;11;1;1044202;2019;1;3;3;3;6;2;2;0;1;1;0;0;0;1
191338;11;7;7020203;2019;1;15;4;3;1;5;0;1;1;0;0;0;0;1
191339;11;2;2040703;2019;1;4;3;3;5;2;2;0;1;0;0;0;0;1
191340;11;7;7020202;2019;1;0;3;2;6;4;2;0;1;1;0;0;0;1
191341;11;7;7070703;2019;1;1;3;2;5;3;2;0;1;0;0;0;1;1
191342;11;1;1011203;2019;1;3;3;3;5;3;2;0;1;0;0;0;1;1
191345;11;1;1022104;2019;1;15;4;3;2;6;0;0;1;0;0;0;0;1
191353;11;7;7030303;2019;1;15;4;3;2;6;0;0;1;0;0;0;0;1
191362;11;5;5030833;2019;1;14;4;3;5;3;0;0;1;0;0;0;0;0
191366;11;5;5020417;2019;1;14;4;3;5;3;0;0;1;0;0;0;1;1
191369;11;4;4010103;2019;1;17;4;2;0;7;2;0;1;0;0;0;0;1
191371;11;3;3020203;2019;1;13;4;3;5;3;0;0;1;0;0;0;0;1
191372;11;8;8020622;2019;1;13;4;3;5;7;0;0;1;0;0;0;0;1
191376;11;2;2020202;2019;1;13;4;3;5;7;0;0;1;0;1;0;0;1
191378;11;6;6040808;2019;1;12;4;3;5;3;0;0;1;0;0;0;0;1
191381;11;4;4010102;2019;1;16;4;3;2;6;1;0;1;0;0;0;0;1
191388;11;3;3040614;2019;1;18;4;3;2;2;2;0;1;0;0;0;0;1
191391;11;1;2040701;2019;1;18;4;3;5;3;2;0;1;0;0;0;0;1
191400;11;4;4030930;2019;1;12;4;3;2;6;0;0;1;0;0;0;0;1
191406;11;11;11030619;2019;1;19;6;3;0;1;2;0;1;0;0;0;0;1
191407;11;1;1011201;2019;1;17;6;2;1;5;2;1;1;0;0;0;0;1
191408;11;12;12103218;2019;1;17;6;3;1;5;2;0;1;0;0;0;0;1
191409;11;1;1011204;2019;1;17;6;3;5;3;2;0;1;0;0;0;0;0
191410;11;9;9041402;2019;1;16;6;3;0;6;0;0;1;0;0;0;1;0
191411;11;5;5020627;2019;1;15;6;2;1;1;0;0;1;0;0;1;0;0
191412;11;6;6030501;2019;1;15;6;3;0;1;0;0;0;0;1;0;0;2
191413;11;10;10020517;2019;1;14;6;3;2;2;0;0;1;0;0;0;0;0
191414;11;10;10030724;2019;1;14;6;3;5;2;0;1;1;0;0;0;0;1
191415;11;4;4030519;2019;1;14;6;3;1;5;0;0;1;0;0;0;0;0
191416;11;1;1011204;2019;1;13;6;3;5;2;0;0;1;0;0;0;0;0
191417;11;11;11020513;2019;1;13;6;3;5;7;0;0;1;0;0;0;1;0
191418;11;5;5010311;2019;1;13;6;2;2;6;0;0;1;0;0;0;0;0
191419;11;1;1022206;2019;1;12;6;3;5;2;0;1;0;0;0;1;0;0
191420;11;2;2030301;2019;1;0;6;3;5;3;2;1;1;0;0;0;0;1
191421;11;11;2050803;2019;1;6;6;3;6;4;2;0;1;1;0;0;0;1
191422;11;10;10020622;2019;1;6;6;3;6;2;2;0;1;1;0;0;0;1
191423;11;3;3020307;2019;1;7;6;3;5;3;1;1;1;0;0;0;0;2
191424;11;7;7020201;2019;1;7;6;3;6;2;1;0;1;1;0;0;0;1
191425;11;2;2040502;2019;1;7;6;2;6;4;1;0;1;1;0;0;0;1
191426;11;7;7030301;2019;1;8;6;3;6;2;0;0;1;1;0;0;0;1
191427;11;1;1011303;2019;1;8;6;3;6;4;0;1;0;1;0;0;0;1
191428;11;7;7010103;2019;1;8;6;3;1;5;0;1;1;0;0;0;0;0
191429;11;10;10030724;2019;1;9;6;3;5;2;0;0;1;0;0;0;0;1
191430;11;1;1011204;2019;1;11;6;3;2;7;0;0;1;0;0;0;0;0
191431;11;8;8030829;2019;1;10;6;3;2;6;0;0;1;0;0;0;1;1
191432;11;12;12214125;2019;1;12;6;3;5;3;0;0;1;0;0;0;1;0
191433;11;1;1011104;2019;1;10;1;3;5;3;0;0;1;0;0;0;0;0
191434;11;2;2040702;2019;1;10;6;3;1;7;0;0;1;0;0;0;0;0
191435;11;1;1022103;2019;1;7;5;3;5;2;2;1;1;0;0;0;0;1
191436;11;1;1022206;2019;1;5;5;3;5;2;2;0;1;0;0;0;0;1
191437;11;4;4030929;2019;1;21;5;3;6;2;2;0;1;1;0;0;0;1
191438;11;9;9041301;2019;1;20;5;2;3;6;2;1;1;0;0;0;0;1
191439;11;7;7030301;2019;1;19;5;3;6;7;2;0;1;1;0;0;0;1
191440;11;10;10010102;2019;1;19;5;3;6;3;2;0;1;1;0;0;0;1
191441;11;11;11010205;2019;1;18;5;2;6;2;2;0;1;1;0;0;0;1
191442;11;3;3010101;2019;1;18;7;3;4;6;2;0;1;0;0;0;0;1
191443;11;1;1044203;2019;1;19;5;3;2;6;2;0;1;0;0;0;0;1
191444;11;1;1044201;2019;1;18;5;3;5;3;1;1;1;0;0;0;0;1
191445;11;2;2010101;2019;1;18;5;3;5;2;2;1;1;0;0;0;0;1
191446;11;8;8010214;2019;1;18;5;3;5;7;2;0;1;0;1;0;0;1
191447;11;9;9010301;2019;1;18;5;2;6;2;2;0;1;1;0;0;0;1
191448;11;1;1011202;2019;1;18;5;3;3;6;2;1;1;0;0;0;0;1
191449;11;2;2040502;2019;1;18;5;2;0;2;2;0;1;0;0;0;1;1
191450;11;4;4030622;2019;1;13;5;3;6;2;0;0;1;1;0;0;0;0
191451;11;1;1011301;2019;1;11;5;2;6;4;0;0;0;1;0;0;1;0
191452;11;6;6020303;2019;1;12;5;3;1;5;0;1;1;0;0;0;0;0
191453;11;4;4051448;2019;1;14;5;2;5;7;0;0;1;0;0;0;0;0
191454;11;4;4031032;2019;1;18;7;3;1;5;2;1;1;0;0;0;1;0
191455;11;6;6030504;2019;1;14;5;2;2;3;0;1;1;0;0;0;0;0
191456;11;1;1022102;2019;1;15;5;3;1;5;0;1;1;0;0;0;0;1
191457;11;7;7040404;2019;1;15;5;3;5;2;0;0;1;0;1;0;0;0
191458;11;7;7070705;2019;1;14;1;2;6;2;0;0;1;1;0;0;0;0
191459;11;4;4051654;2019;1;16;5;2;6;2;0;0;1;1;0;0;0;0
191460;11;7;7060601;2019;1;16;5;3;0;2;1;0;1;0;0;0;1;0
191461;11;4;4051448;2019;1;17;5;3;2;1;1;0;1;0;0;0;0;1
191462;11;4;4041136;2019;1;17;5;3;1;5;1;0;1;0;0;0;0;1
191463;11;9;9020701;2019;1;17;5;2;2;6;1;0;1;0;1;0;0;1
191464;11;8;8020619;2019;1;17;5;3;8;1;1;0;1;0;0;0;0;1
191465;11;11;11010103;2019;1;10;5;2;9;1;0;0;1;0;0;0;0;0
191466;11;8;8041036;2019;1;22;4;2;1;1;2;0;1;0;0;0;1;0
191467;11;1;1033203;2019;1;21;4;2;6;4;2;1;0;1;0;0;0;0
191468;11;1;1011302;2019;1;21;4;3;1;5;2;1;1;0;0;0;0;0
191469;11;3;3061227;2019;1;21;4;3;5;3;2;1;1;0;0;0;0;0
191470;11;1;1022206;2019;1;17;4;3;2;6;2;0;1;0;0;0;0;0
191471;11;5;5010339;2019;1;14;4;3;2;6;0;0;1;0;0;0;1;0
191472;11;11;11030721;2019;1;15;4;3;5;2;0;0;1;0;0;0;0;0
191473;11;12;12224230;2019;1;14;4;3;2;3;0;1;1;0;0;0;0;0
191474;11;4;4020313;2019;1;13;4;3;5;3;0;0;1;0;0;0;0;0
191475;11;5;5020626;2019;1;13;4;3;5;3;0;0;1;0;0;0;1;0
191476;11;4;4030623;2019;1;11;4;3;6;4;0;0;1;1;0;0;0;1
191477;11;8;8010118;2019;1;10;4;3;6;4;0;0;1;1;0;0;0;1
191478;11;3;3061227;2019;1;7;4;3;5;3;1;1;1;0;0;0;0;1
191479;11;7;7060601;2019;1;12;4;3;6;2;0;0;1;1;0;0;0;0
191480;11;6;6030503;2019;1;9;4;3;6;2;0;0;0;1;1;0;0;1
191481;11;11;11020412;2019;1;7;4;3;5;2;1;0;1;0;0;1;0;1
191482;11;7;7070701;2019;1;17;7;3;5;2;2;1;0;0;0;0;1;0
191483;11;3;3061228;2019;1;7;4;3;6;4;1;0;1;1;0;0;0;1
191484;11;10;10020517;2019;1;7;4;3;5;3;1;1;1;0;0;0;0;1
191485;11;12;12103115;2019;1;8;4;3;5;2;0;0;1;0;0;0;0;1
191486;11;4;4041344;2019;1;9;4;3;5;3;0;0;1;0;0;0;0;1
191487;11;8;8010301;2019;1;15;4;3;6;2;0;0;0;1;0;0;1;0
191488;11;1;1033102;2019;1;12;3;3;5;2;0;1;1;0;0;0;0;0
191489;11;1;1011202;2019;1;22;3;2;0;1;2;0;0;0;1;0;0;1
191490;11;5;5010101;2019;1;18;3;3;6;2;2;0;1;1;0;0;0;1
191491;11;5;5020523;2019;1;17;3;3;9;1;2;0;1;0;0;0;0;1
191492;11;10;10010308;2019;1;12;3;3;2;2;0;0;1;0;0;0;0;1
191493;11;4;4020311;2019;1;20;3;3;0;3;2;0;0;0;1;0;1;1
191494;11;7;7050502;2019;1;17;7;3;5;2;1;0;1;0;0;0;0;0
191495;11;7;7050502;2019;1;20;3;3;5;3;2;0;1;0;0;0;1;0
191496;11;4;4020207;2019;1;16;3;3;0;1;2;0;0;0;1;0;0;1
191497;11;10;10010310;2019;1;16;3;2;6;2;2;0;1;1;0;0;0;1
191498;11;12;12214125;2019;1;16;3;3;0;5;0;0;1;0;1;0;0;1
191499;11;4;4030931;2019;1;14;3;3;2;2;0;0;0;0;0;1;1;1
191500;11;5;5030832;2019;1;14;3;3;0;2;0;0;1;0;0;0;1;1
191501;11;12;12214527;2019;1;14;3;3;1;5;0;0;1;0;0;0;0;1
191502;11;3;3061435;2019;1;13;3;3;5;3;0;0;1;0;0;0;0;1
191503;11;8;8010303;2019;1;10;3;3;0;7;0;0;1;0;0;0;0;1
191504;11;2;2050801;2019;1;10;3;3;5;3;1;1;1;0;0;0;0;1
191505;11;3;3050923;2019;1;10;3;3;1;5;0;1;1;0;0;0;0;1
191506;11;3;3040614;2019;1;9;3;3;5;3;0;0;1;0;0;0;0;1
191507;11;1;1011303;2019;1;5;3;3;5;2;2;0;0;0;0;0;1;0
191508;11;2;2040703;2019;1;22;3;3;6;3;2;0;1;1;0;0;0;1
191509;11;3;3061228;2019;1;17;3;3;2;2;1;0;1;0;0;1;0;1
191510;11;6;6020409;2019;1;17;3;3;6;4;1;0;1;1;0;0;0;1
191511;11;12;12302110;2019;1;17;3;2;6;4;1;0;1;1;0;0;0;1
191512;11;8;8010404;2019;1;15;3;3;6;4;0;0;1;1;0;0;0;1
191513;11;4;4020313;2019;1;17;3;2;5;2;1;0;1;0;0;0;0;1
191514;11;5;5010206;2019;1;17;3;3;6;2;2;0;1;1;0;0;0;1
191515;11;1;1011204;2019;1;18;3;3;6;7;1;0;1;1;0;0;0;1
191516;11;4;4030931;2019;1;18;3;3;6;7;1;0;1;1;0;0;0;1
191517;11;5;5030730;2019;1;19;3;3;4;1;2;0;1;0;0;0;0;1
191518;11;1;1011201;2019;1;22;3;3;6;2;2;0;1;1;0;0;0;1
191519;11;8;8010303;2019;1;23;3;3;6;4;2;0;1;1;0;0;0;1
191520;11;9;9020701;2019;1;23;3;3;5;2;2;1;1;0;0;0;0;1
191521;11;1;1022104;2019;1;22;2;3;0;7;2;0;1;0;0;0;0;0
191522;11;1;1011101;2019;1;21;2;3;5;2;2;1;1;0;0;0;0;0
191523;11;4;4030726;2019;1;17;2;3;6;7;2;0;1;1;0;0;0;0
191524;11;8;8041036;2019;1;6;2;3;5;3;2;0;1;0;0;0;0;1
191525;11;12;12301203;2019;1;7;2;3;5;3;0;0;1;0;0;0;1;1
191526;11;7;7060603;2019;1;8;2;3;6;4;0;0;0;1;0;1;0;1
191527;11;1;1011102;2019;1;9;2;3;6;4;0;1;0;1;0;0;0;1
191528;11;7;7070701;2019;1;9;2;2;5;2;0;0;1;0;0;0;1;0
191529;11;6;6020305;2019;1;18;2;2;6;2;2;0;1;1;0;0;0;0
191530;11;4;4051448;2019;1;17;2;3;2;6;2;0;1;0;0;0;0;1
191531;11;7;7050501;2019;1;17;2;3;5;3;2;0;1;0;0;0;0;0
191532;11;3;3061228;2019;1;17;2;3;6;4;2;0;1;1;0;0;0;1
191533;11;1;1011303;2019;1;20;2;3;6;7;2;0;1;1;0;0;0;0
191534;11;8;8010404;2019;1;17;2;3;6;4;2;0;1;1;0;0;0;1
191535;11;7;7040403;2019;1;16;2;3;6;4;2;0;1;1;0;0;0;1
191536;11;4;4030417;2019;1;16;7;2;5;2;1;0;1;0;0;0;0;0
191537;11;9;9051901;2019;1;16;2;3;6;4;0;0;1;1;0;0;0;2
191538;11;9;9020702;2019;1;16;2;3;5;3;0;0;1;0;0;0;0;1
191539;11;7;7050501;2019;1;16;2;2;6;4;2;0;1;1;0;0;0;0
191540;11;10;10010310;2019;1;14;2;3;5;3;0;0;1;0;0;0;0;1
191541;11;4;4020209;2019;1;15;2;3;6;4;0;0;1;1;0;0;0;0
191542;11;3;3010102;2019;1;14;2;3;5;2;0;0;1;0;0;0;0;1
191543;11;2;2030302;2019;1;13;2;3;0;6;0;0;1;0;1;0;0;1
191544;11;5;5010313;2019;1;13;2;3;5;2;0;0;1;0;0;0;0;0
191545;11;1;1011303;2019;1;14;7;2;0;3;0;0;1;0;0;0;1;0
191546;11;8;8010212;2019;1;13;2;2;5;3;0;0;1;0;1;0;0;0
191547;11;7;7070703;2019;1;11;2;3;5;2;0;1;1;0;0;0;0;0
191548;11;6;6020305;2019;1;13;7;3;2;1;0;0;1;0;0;0;0;0
191549;11;7;7030303;2019;1;11;2;3;5;2;0;0;1;0;0;0;1;0
191550;11;5;5020626;2019;1;7;2;3;0;5;1;0;1;0;0;0;0;0
191551;11;3;3050925;2019;1;10;2;3;6;4;0;0;1;1;0;0;0;1
191552;11;12;12302212;2019;1;15;1;3;5;3;1;0;1;0;0;0;0;1
191553;11;1;1011304;2019;1;22;1;3;5;3;2;1;0;0;0;0;1;1
191554;11;11;11030721;2019;1;20;1;2;5;2;2;0;1;0;0;0;0;1
191555;11;3;3040512;2019;1;19;1;3;5;3;2;0;1;0;0;0;1;1
191556;11;8;8010404;2019;1;18;1;2;6;4;2;0;1;1;0;0;1;1
191557;11;4;4030726;2019;1;17;1;3;6;2;2;0;1;1;0;0;0;1
191558;11;10;10020622;2019;1;17;1;3;2;6;2;0;1;0;0;0;0;1
191559;11;12;12301203;2019;1;16;1;2;6;2;2;0;1;1;0;0;0;1
191560;11;5;5010206;2019;1;13;1;3;2;6;0;0;1;0;0;0;0;1
191561;11;1;1011105;2019;1;14;1;3;5;5;0;1;1;0;0;0;0;1
191562;11;2;2020204;2019;1;3;1;3;5;3;2;0;1;0;0;0;0;1
191563;11;8;8041035;2019;1;3;1;3;5;7;2;0;1;0;0;0;0;1
191564;11;6;6030608;2019;1;7;1;3;6;2;2;0;1;1;0;0;0;1
191565;11;1;1044202;2019;1;7;1;3;2;2;2;0;1;0;0;0;0;1
191566;11;5;5010339;2019;1;11;1;2;1;1;0;0;1;0;1;0;0;1
191567;11;11;11051330;2019;1;12;1;3;5;3;0;0;1;0;0;0;0;1
191568;11;4;4051445;2019;1;1;1;3;5;3;2;0;1;0;0;0;1;1
191569;11;9;9020601;2019;1;9;7;3;6;2;0;0;1;1;0;0;0;0
191570;11;7;7010102;2019;1;11;7;3;2;2;0;0;1;0;0;0;0;1
191571;11;8;8020727;2019;1;17;7;3;6;2;1;0;1;1;0;0;0;1
191572;11;7;7040405;2019;1;18;7;3;5;3;2;0;1;0;0;0;0;1
191573;11;10;10020415;2019;1;18;7;3;6;2;2;0;1;1;0;0;0;1
191574;11;7;7010102;2019;1;18;7;3;6;2;2;0;1;1;0;0;0;1
191575;11;7;7060604;2019;1;17;7;3;3;5;2;0;1;0;0;0;0;1
191576;11;4;4030828;2019;1;17;7;3;6;2;2;0;1;1;0;0;0;1
191577;11;7;7010102;2019;1;17;7;3;6;2;2;0;1;1;0;0;0;1
191578;11;5;5020625;2019;1;16;7;3;2;6;1;0;1;0;0;0;0;1
191579;11;1;1033102;2019;1;15;7;3;2;6;1;0;1;0;0;0;0;1
191580;11;1;1011204;2019;1;14;7;3;5;3;0;0;1;0;0;0;0;1
191581;11;3;3020209;2019;1;11;7;3;5;3;0;0;1;0;0;0;0;1
191582;11;5;5020625;2019;1;11;7;3;2;6;0;0;1;0;0;0;1;1
191583;11;8;8030829;2019;1;20;7;3;6;4;2;0;1;1;0;0;0;1
191584;11;1;3040614;2019;1;21;7;3;2;1;2;0;1;0;0;0;0;1
191585;11;11;11051331;2019;1;23;7;3;6;4;2;0;1;1;0;0;0;1
191586;11;1;1022106;2019;1;23;7;2;0;4;2;0;0;1;1;0;0;1
191587;11;9;9041501;2019;1;13;6;3;0;3;0;0;1;0;0;0;1;0
191588;11;10;10010310;2019;1;19;7;3;6;2;2;0;1;1;0;0;0;1
191589;11;1;1011304;2019;1;19;7;3;8;1;2;0;0;0;1;0;0;1
191590;11;11;11020412;2019;1;17;7;2;0;7;2;1;0;0;0;0;0;1
191591;11;4;4041135;2019;1;13;7;3;0;1;0;0;0;0;1;0;0;1
191592;11;6;6030504;2019;1;18;7;1;6;4;2;0;1;1;0;0;1;1
191593;11;6;6010210;2019;1;17;6;3;0;7;1;0;1;0;1;0;0;1
191594;11;5;5020626;2019;1;18;6;3;5;5;2;0;1;0;1;0;0;1
191595;11;6;6020305;2019;1;17;6;3;0;4;1;0;1;1;0;0;0;1
191596;11;2;2040503;2019;1;15;6;3;4;6;0;1;1;0;0;0;0;1
191597;11;4;4030623;2019;1;20;6;2;5;3;2;0;1;0;0;0;0;1
191598;11;3;3061228;2019;1;18;7;3;0;1;2;0;0;0;1;0;0;1
191599;11;8;8010301;2019;1;19;6;3;5;3;2;0;1;0;0;0;0;1
191600;11;2;2010102;2019;1;19;6;3;1;5;2;1;1;0;0;0;0;1
191601;11;4;4041241;2019;1;17;6;2;6;2;2;0;1;1;0;0;0;1
191602;11;4;4030726;2019;1;17;6;3;6;2;2;0;0;1;0;0;1;1
191603;11;10;10040830;2019;1;16;6;3;6;2;2;0;1;1;0;0;0;1
191604;11;1;1011202;2019;1;15;6;3;5;3;1;1;1;0;0;0;0;1
191605;11;12;12214527;2019;1;15;6;3;2;6;0;0;1;0;0;0;0;1
191606;11;2;2050801;2019;1;14;6;2;6;4;0;1;0;1;0;0;0;1
191607;11;4;4030929;2019;1;14;6;3;5;2;0;1;1;0;0;0;0;1
191608;11;9;9020701;2019;1;14;6;3;5;3;0;0;1;0;0;0;0;1
191609;11;12;12304314;2019;1;9;1;3;1;5;0;0;1;0;0;0;1;0
191610;11;2;2010103;2019;1;14;6;3;5;7;0;1;1;0;0;0;0;1
191611;11;11;11051331;2019;1;2;7;2;5;3;2;0;1;0;0;0;1;0
191612;11;4;4020311;2019;1;13;6;3;6;3;0;0;1;1;0;0;0;1
191613;11;11;11041128;2019;1;13;6;3;5;3;0;1;1;0;0;0;0;1
191614;11;7;7020202;2019;1;11;6;3;6;4;0;0;1;1;0;0;0;1
191615;11;5;5010312;2019;1;13;1;3;5;2;0;0;1;0;0;0;0;0
191616;11;7;7010104;2019;1;11;6;3;5;3;0;0;1;0;0;0;0;1
191617;11;7;7040403;2019;1;10;6;3;5;2;0;0;1;0;0;0;0;1
191618;11;11;11041128;2019;1;13;7;3;2;6;0;0;1;0;0;0;0;1
191619;11;7;7010104;2019;1;10;6;3;5;3;0;1;1;0;0;0;0;1
191620;11;12;12214527;2019;1;10;6;2;5;7;0;0;1;1;0;0;0;1
191621;11;4;4030415;2019;1;9;6;3;2;6;0;0;1;0;0;0;0;1
191622;11;3;3061430;2019;1;8;6;3;0;7;0;1;0;0;0;0;0;1
191623;11;10;10040933;2019;1;8;6;3;6;4;0;0;1;1;0;0;0;1
191624;11;9;9030901;2019;1;8;6;3;1;5;1;0;1;0;0;0;0;1
191625;11;2;2030401;2019;1;14;6;2;0;3;0;0;1;0;0;0;1;1
191626;11;12;12103220;2019;1;0;7;3;6;4;2;0;1;1;0;0;0;2
191627;11;9;9051901;2019;1;7;6;3;5;2;2;1;1;0;0;0;0;1
191628;11;9;9041501;2019;1;13;6;3;2;7;0;0;1;0;0;0;1;1
191629;11;7;7060604;2019;1;17;5;3;1;7;1;0;1;0;0;0;0;0
191630;11;7;7070703;2019;1;15;5;3;1;5;0;1;1;0;0;0;0;1
191631;11;5;5020626;2019;1;9;5;2;4;7;0;0;1;0;0;0;1;0
191632;11;5;5040935;2019;1;8;5;3;5;3;0;1;1;0;0;0;0;0
191633;11;8;8010211;2019;1;8;5;2;0;7;0;0;1;0;0;0;1;1
191634;11;7;7030301;2019;1;7;5;2;6;4;0;0;1;1;0;0;0;1
191635;11;5;5020626;2019;1;7;7;3;2;6;1;0;1;0;0;0;0;0
191636;11;11;11010309;2019;1;7;5;2;6;4;1;0;1;1;0;0;0;1
191637;11;7;7050505;2019;1;7;5;3;6;2;2;0;1;1;0;0;0;1
191638;11;1;1044201;2019;1;7;5;2;6;4;2;0;1;1;0;0;0;1
191639;11;1;1011203;2019;1;13;7;3;0;7;0;0;1;0;0;0;1;0
191640;11;11;11010207;2019;1;16;5;2;0;6;2;0;1;0;0;0;1;0
191641;11;8;8020620;2019;1;19;5;3;5;3;2;0;1;0;0;0;0;0
191642;11;9;9051901;2019;1;15;7;2;6;2;0;0;1;1;0;0;0;0
191643;11;11;11030721;2019;1;19;5;3;4;5;2;0;1;0;0;0;0;0
191644;11;2;2050802;2019;1;13;7;3;5;2;0;1;1;0;0;0;0;0
191645;11;7;7070704;2019;1;10;7;2;5;3;0;0;1;0;0;0;0;0
191646;11;3;3030715;2019;1;16;5;3;2;6;1;0;1;0;0;0;1;0
191647;11;2;2040703;2019;1;16;5;3;5;3;2;1;1;0;0;0;0;0
191648;11;8;8041040;2019;1;14;5;3;1;5;0;0;1;0;0;0;0;0
191649;11;12;12214424;2019;1;9;7;3;2;6;0;0;1;0;0;1;0;1
191650;11;4;4030931;2019;1;14;5;3;1;5;0;1;1;0;0;0;0;1
191651;11;11;11051330;2019;1;9;7;3;4;6;0;1;1;0;0;0;1;0
191652;11;1;1044201;2019;1;14;5;3;2;6;0;0;1;0;0;0;0;0
191653;11;7;7020202;2019;1;14;5;3;6;4;0;1;0;1;0;0;0;0
191654;11;12;12301203;2019;1;20;7;2;6;2;2;0;1;1;0;0;0;0