OBJECTID;LAND;BEZ;LOR_ab_2021;UJAHR;UMONAT;USTUNDE;UWOCHENTAG;UKATEGORIE;UART;UTYP1;ULICHTVERH;IstRad;IstPKW;IstFuss;IstKrad;IstGkfz;IstSonstige;USTRZUSTAND
191655;11;8;8010213;2019;1;13;5;3;5;3;0;1;1;0;0;0;0;0
191656;11;8;8020622;2019;1;13;5;3;5;3;0;0;1;0;0;0;0;0
191657;11;2;2050602;2019;1;12;5;3;1;5;0;1;1;0;0;0;0;0
191658;11;12;12103220;2019;1;12;5;3;2;2;0;0;1;0;0;0;0;0
191659;11;7;7020201;2019;1;10;5;3;5;2;0;0;1;0;0;0;0;0
191660;11;3;3061227;2019;1;16;5;3;6;7;2;1;0;1;0;0;0;0
191661;11;12;12214125;2019;1;21;6;3;2;6;2;0;1;0;0;0;0;1
191662;11;10;10010310;2019;1;14;5;2;6;4;0;0;0;1;0;0;1;0
191663;11;10;10040828;2019;1;16;5;2;5;2;1;1;1;0;0;0;0;0
191664;11;12;12214125;2019;1;20;6;2;6;2;2;0;1;1;0;0;0;1
191665;11;2;2020206;2019;1;22;5;2;6;4;2;0;1;1;0;0;0;0
191666;11;3;3040818;2019;1;20;5;3;5;3;2;1;1;0;0;0;0;0
191667;11;8;8020619;2019;1;11;4;3;2;6;0;0;0;0;0;1;1;1
191668;11;6;6010205;2019;1;17;4;3;2;6;1;0;1;0;0;0;0;1
191669;11;2;2020204;2019;1;20;4;3;5;3;2;0;1;0;1;0;0;1
191670;11;1;1011303;2019;1;20;4;3;2;6;2;0;1;0;0;0;0;1
191671;11;6;6020302;2019;1;19;4;3;5;3;2;1;1;0;0;0;0;1
191672;11;4;4030931;2019;1;10;4;3;1;5;1;1;1;0;0;0;0;1
191673;11;1;1044201;2019;1;20;7;3;2;6;2;0;1;0;0;0;0;0
191674;11;2;2050801;2019;1;8;4;3;3;6;0;1;0;0;0;0;1;1
191675;11;6;6030501;2019;1;16;4;3;5;3;2;1;1;0;0;0;0;1
191676;11;5;5010313;2019;1;16;4;3;0;2;1;1;1;0;0;0;0;1
191677;11;2;2040701;2019;1;18;4;3;5;3;2;0;1;0;0;0;0;1
191678;11;3;3040818;2019;1;10;1;3;5;3;0;0;1;0;0;0;0;0
191679;11;7;7040404;2019;1;13;4;3;1;5;0;1;1;0;0;0;0;0
191680;11;3;3050925;2019;1;18;4;3;2;2;2;0;1;0;0;0;0;0
191681;11;11;11030720;2019;1;18;4;3;2;6;2;0;1;0;0;0;0;0
191682;11;1;1033101;2019;1;18;4;3;6;4;2;0;1;1;0;0;0;0
191683;11;11;11051330;2019;1;7;4;3;2;6;0;0;1;0;0;0;0;2
191684;11;6;6010209;2019;1;17;4;2;6;4;0;0;1;1;0;0;0;0
191685;11;3;3071537;2019;1;18;5;3;2;2;1;0;1;0;0;0;0;0
191686;11;12;12103117;2019;1;7;4;3;6;4;0;0;1;1;0;0;0;0
191687;11;1;1044202;2019;1;6;4;3;5;2;1;1;1;0;0;0;0;0
191688;11;4;4051445;2019;1;8;4;3;6;4;0;0;1;1;0;0;0;0
191689;11;4;4051652;2019;1;8;4;3;6;4;0;0;1;1;0;0;0;0
191690;11;1;1033101;2019;1;8;4;3;1;5;0;1;1;0;0;0;0;0
191691;11;3;3020307;2019;1;9;4;3;6;2;0;0;1;1;0;0;0;0
191692;11;7;7020201;2019;1;11;4;3;5;2;0;1;1;0;0;0;0;1
191693;11;1;1011303;2019;1;11;4;3;5;2;0;1;1;0;0;0;0;0
191694;11;2;2010103;2019;1;11;4;3;0;3;0;0;1;0;0;0;1;0
191695;11;7;7010101;2019;1;15;5;3;5;2;0;1;1;0;0;0;0;0
191696;11;10;10010207;2019;1;12;4;3;6;4;0;0;1;1;0;0;0;0
191697;11;8;8020727;2019;1;12;4;3;6;3;0;0;1;1;0;0;0;0
191698;11;10;10040933;2019;1;17;4;3;6;2;2;0;1;1;0;0;0;0
191699;11;9;9020501;2019;1;12;4;3;5;7;0;0;1;0;0;0;1;0
191700;11;5;5010206;2019;1;18;5;3;6;2;2;0;0;1;0;0;1;0
191701;11;1;1044203;2019;1;17;4;3;6;4;2;1;0;1;0;0;0;1
191702;11;12;12103219;2019;1;15;4;3;2;6;0;0;1;0;0;0;0;0
191703;11;3;3071537;2019;1;8;4;3;5;3;0;0;1;0;1;0;0;0
191704;11;2;2030302;2019;1;19;3;2;6;4;2;0;1;1;0;0;0;0
191705;11;9;9051801;2019;1;17;3;3;4;3;2;0;1;0;0;0;0;0
191706;11;1;1022104;2019;2;11;6;1;6;2;0;0;0;1;0;0;1;1
191707;11;5;5010208;2019;1;18;3;3;2;6;2;0;1;0;0;0;0;1
191708;11;8;8010118;2019;1;18;3;3;2;6;2;0;1;0;0;0;0;0
191709;11;11;11030721;2019;1;16;3;2;6;4;0;0;1;1;0;0;0;1
191710;11;1;1022106;2019;1;16;4;3;6;4;0;1;0;1;0;0;0;0
191711;11;8;8030829;2019;1;17;3;3;3;6;2;0;1;0;0;0;0;1
191712;11;6;6010102;2019;1;16;3;2;6;4;1;0;1;1;0;0;0;0
191713;11;2;2050801;2019;1;16;3;3;1;5;2;1;1;0;0;0;0;0
191714;11;1;1011305;2019;1;16;3;3;2;6;2;1;1;0;0;0;0;0
191715;11;1;1033203;2019;1;16;3;3;5;2;2;0;1;0;0;0;0;1
191716;11;6;6030610;2019;1;16;3;2;6;4;0;0;1;1;0;0;0;0
191717;11;1;1011204;2019;1;16;3;3;5;3;1;1;1;0;0;0;0;1
191718;11;7;7040403;2019;1;9;5;3;5;3;0;0;1;0;0;0;0;1
191719;11;2;2010102;2019;1;16;3;3;6;4;0;0;1;1;0;0;0;1
191720;11;6;6020303;2019;1;15;3;3;5;7;0;0;1;0;0;0;0;1
191721;11;4;4051655;2019;1;18;4;3;2;2;2;0;1;0;0;0;0;0
191722;11;1;1022104;2019;1;7;3;3;0;5;0;1;0;0;0;0;0;2
191723;11;11;11020514;2019;1;20;3;2;0;1;2;1;0;0;0;0;0;1
191724;11;1;1044203;2019;1;15;3;3;5;3;1;1;1;0;0;0;0;0
191725;11;4;4020310;2019;1;14;3;3;2;6;0;0;1;0;0;0;0;0
191726;11;12;12304314;2019;1;13;3;3;2;6;0;0;1;0;0;0;0;0
191727;11;5;5030731;2019;1;13;3;3;6;4;0;0;1;1;0;0;0;0
191728;11;12;12214125;2019;1;6;5;3;3;6;2;0;1;0;0;0;1;0
191729;11;4;4030620;2019;1;13;3;3;0;3;0;0;1;0;1;0;0;0
191730;11;2;2010102;2019;1;22;3;3;5;7;2;0;1;0;0;0;0;0
191731;11;6;6030610;2019;1;22;3;3;5;2;2;0;1;0;0;0;0;0
191732;11;12;12231101;2019;1;11;5;3;6;2;0;0;0;1;0;1;0;0
191733;11;4;4051652;2019;1;10;3;3;2;6;0;1;1;0;0;0;0;1
191734;11;1;1044101;2019;1;8;3;3;1;5;0;1;0;0;0;1;0;1
191735;11;1;1011304;2019;1;8;3;3;5;2;0;1;0;0;0;0;1;1
191736;11;8;8030830;2019;1;13;4;3;5;3;0;1;1;0;0;0;0;0
191737;11;8;8010404;2019;1;7;3;3;6;2;0;0;1;1;0;0;0;1
191738;11;10;10010311;2019;1;6;3;2;6;4;1;0;1;1;0;0;0;1
191739;11;11;11010310;2019;1;2;3;3;6;4;2;0;1;1;0;0;0;1
191740;11;1;1011306;2019;1;9;3;3;1;5;0;1;1;0;0;0;0;0
191741;11;4;4030623;2019;1;21;2;3;5;3;2;0;1;0;0;0;0;0
191742;11;7;7030303;2019;1;11;2;3;5;2;0;1;1;0;0;0;0;1
191743;11;6;6030606;2019;1;18;5;3;1;5;2;1;1;0;0;0;0;0
191744;11;5;5030832;2019;1;20;2;3;6;7;2;0;1;1;0;0;0;1
191745;11;3;3010102;2019;1;17;2;3;2;6;1;1;0;0;0;0;1;1
191746;11;10;10040931;2019;1;20;2;2;5;3;2;0;1;0;0;0;0;1
191747;11;8;8010301;2019;1;18;2;2;6;2;2;0;1;1;0;0;0;1
191748;11;7;8020726;2019;1;17;2;3;6;2;2;0;1;1;0;0;0;1
191749;11;6;6010209;2019;1;17;2;2;6;4;2;0;1;1;0;0;0;1
191750;11;6;6030610;2019;1;17;2;3;2;2;2;0;1;0;0;0;0;1
191751;11;7;7050502;2019;1;16;2;2;5;3;1;0;1;0;1;0;0;1
191752;11;7;7010104;2019;1;8;2;3;0;1;0;1;0;0;0;0;0;2
191753;11;8;8020625;2019;1;15;2;3;5;3;1;1;1;0;0;0;0;1
191754;11;4;4010102;2019;1;8;2;3;2;6;0;0;1;0;0;0;0;1
191755;11;5;5010101;2019;1;15;2;2;5;3;0;0;1;0;0;0;0;1
191756;11;8;8041035;2019;1;16;5;3;5;3;1;1;1;0;0;0;0;0
191757;11;6;6040805;2019;1;9;2;3;1;1;0;0;1;0;0;0;1;2
191758;11;10;10020412;2019;1;20;2;3;5;3;2;0;1;0;0;0;0;1
191759;11;6;6020303;2019;1;15;2;3;5;2;0;0;1;0;1;0;0;0
191760;11;9;9020502;2019;1;13;2;3;5;3;0;1;1;0;0;0;0;1
191761;11;6;6040804;2019;1;8;2;3;0;1;0;1;0;0;0;0;0;2
191762;11;8;8041037;2019;1;8;5;3;3;6;0;0;1;0;0;1;0;0
191763;11;1;1033203;2019;1;13;2;3;2;6;0;0;1;0;0;0;1;0
191764;11;4;4020314;2019;1;8;2;3;0;1;0;1;0;0;0;0;0;2
191765;11;4;4030415;2019;1;6;2;2;6;2;2;0;1;1;0;0;0;1
191766;11;6;6020302;2019;2;13;6;3;2;6;0;0;1;0;0;0;0;0
191767;11;9;9020702;2019;1;6;2;2;6;2;2;0;1;1;0;0;0;1
191768;11;1;1044103;2019;1;19;2;3;6;2;2;0;1;1;0;0;0;0
191769;11;10;10040933;2019;1;13;2;3;5;2;0;0;1;0;0;0;0;0
191770;11;4;4051549;2019;1;9;4;3;5;2;0;0;1;0;0;0;0;0
191771;11;5;5030833;2019;1;6;2;2;5;3;2;1;1;0;0;0;0;1
191772;11;10;10010309;2019;1;19;2;2;6;4;2;0;1;1;0;0;0;1
191773;11;10;10030727;2019;1;12;2;2;5;2;0;0;1;0;1;0;0;0
191774;11;8;8010510;2019;1;5;2;3;5;7;2;1;0;0;0;0;1;1
191775;11;4;4030725;2019;1;19;2;3;5;3;2;0;1;0;0;0;0;1
191776;11;4;4010101;2019;1;9;5;3;0;2;0;1;1;0;0;0;0;1
191777;11;1;1044101;2019;1;5;2;3;6;2;2;0;1;1;0;0;0;1
191778;11;12;12103218;2019;1;19;2;3;6;2;2;0;1;1;0;0;0;1
191779;11;4;4030929;2019;1;14;4;3;5;7;0;0;1;0;0;0;1;1
191780;11;1;1044101;2019;1;10;2;3;1;5;0;0;1;0;0;0;0;1
191781;11;11;11040925;2019;1;18;2;3;2;2;2;0;1;0;0;0;0;1
191782;11;3;3040818;2019;1;10;2;3;5;3;0;1;1;0;0;0;0;1
191783;11;8;8010211;2019;1;22;4;3;5;7;2;0;1;0;0;0;1;0
191784;11;6;6030504;2019;1;10;2;3;0;3;0;1;1;0;0;0;0;2
191785;11;6;6010206;2019;1;18;2;2;6;2;2;0;1;1;0;0;0;1
191786;11;5;5030832;2019;1;9;2;3;0;5;0;1;1;0;0;0;0;2
191787;11;7;7050501;2019;1;9;2;3;2;2;0;0;1;0;0;0;0;1
191788;11;1;1033202;2019;1;18;2;2;5;3;2;1;1;0;0;0;0;1
191789;11;12;12231102;2019;1;8;2;3;0;1;0;1;0;0;0;0;0;2
191790;11;7;7030301;2019;1;13;5;3;1;5;0;1;1;0;0;0;0;0
191791;11;9;9051801;2019;1;9;2;2;0;1;0;1;0;0;0;0;0;2
191792;11;4;4030726;2019;1;11;2;3;6;2;0;0;0;1;0;0;1;0
191793;11;1;1022203;2019;1;2;1;3;1;7;2;0;1;0;0;0;0;1
191794;11;1;1011302;2019;1;11;1;3;6;7;0;0;1;1;0;0;0;1
191795;11;5;5010101;2019;1;19;1;3;6;2;2;0;1;1;0;0;0;1
191796;11;5;5030730;2019;1;19;1;3;2;6;2;0;1;0;0;0;0;1
191797;11;5;5010314;2019;1;20;1;3;6;4;2;0;1;1;0;0;0;0
191798;11;8;8010212;2019;1;11;1;3;5;3;0;0;1;0;0;0;0;1
191799;11;4;4030726;2019;1;8;1;2;1;1;0;0;1;0;0;0;0;1
191800;11;1;1044201;2019;1;4;1;3;5;3;2;0;1;0;0;0;1;0
191801;11;8;8010301;2019;1;18;1;3;2;6;2;0;1;0;0;0;0;1
191802;11;4;4030620;2019;1;18;1;2;6;2;2;0;1;1;0;0;0;1
191803;11;3;3020307;2019;1;5;5;3;0;6;2;0;1;0;0;0;1;1
191804;11;1;1011102;2019;1;18;1;3;2;6;2;0;1;0;0;0;0;1
191805;11;7;7050505;2019;1;18;1;2;6;4;2;0;1;1;0;0;0;1
191806;11;5;5010103;2019;1;17;1;3;5;3;2;0;1;0;0;0;0;1
191807;11;6;6030504;2019;1;16;1;3;5;2;2;1;1;0;0;0;0;1
191808;11;6;6030608;2019;1;15;1;3;4;6;0;1;1;0;0;0;0;1
191809;11;12;12214528;2019;1;21;7;3;4;6;2;0;1;0;0;0;0;1
191810;11;4;4051446;2019;1;22;7;2;6;4;2;0;1;1;0;0;0;1
191811;11;7;7070701;2019;1;14;7;2;0;7;0;0;1;0;0;0;0;1
191812;11;11;11010310;2019;1;13;7;3;6;4;0;0;0;1;0;0;1;2
191813;11;1;1011305;2019;1;15;5;3;5;7;0;1;0;0;0;0;1;0
191814;11;12;12103117;2019;1;13;7;3;5;3;0;0;1;0;0;0;0;1
191815;11;8;8020727;2019;1;12;7;3;6;4;0;0;1;1;0;0;0;1
191816;11;9;9010202;2019;1;11;7;2;4;6;0;0;1;0;0;0;0;1
191817;11;1;1011302;2019;1;19;5;3;1;5;2;1;1;0;0;0;0;0
191818;11;3;3040818;2019;1;11;7;3;5;3;0;0;1;0;0;0;0;1
191819;11;7;7050503;2019;1;10;7;2;1;5;0;0;1;0;0;0;0;1
191820;11;1;1044201;2019;1;8;7;3;2;6;0;0;1;0;0;0;0;1
191821;11;5;5010208;2019;1;22;7;3;6;7;2;0;1;1;0;0;0;1
191822;11;2;2040703;2019;1;21;7;3;5;7;2;0;1;0;0;0;0;1
191823;11;4;4030726;2019;1;20;7;3;6;7;2;0;1;1;0;0;0;1
191824;11;8;8010117;2019;2;22;6;3;4;5;2;1;0;0;0;0;1;0
191825;11;6;6040810;2019;1;20;7;3;6;2;2;0;1;1;0;0;0;1
191826;11;4;4031032;2019;1;17;7;3;0;3;1;1;1;0;0;0;0;1
191827;11;3;3010104;2019;1;4;7;3;9;1;2;0;1;0;0;0;0;2
191828;11;2;2020202;2019;1;12;4;3;5;3;0;1;1;0;0;0;0;0
191829;11;9;9010402;2019;1;18;7;3;6;2;2;0;1;1;0;0;0;1
191830;11;3;3040614;2019;1;17;7;3;5;3;1;0;1;0;0;0;0;1
191831;11;1;1011204;2019;1;17;7;3;5;2;1;0;1;0;0;0;0;1
191832;11;7;7040403;2019;1;17;7;2;5;3;1;1;1;0;0;0;0;1
191833;11;6;6020304;2019;1;0;7;3;1;5;2;0;0;0;1;1;0;1
191834;11;4;4030931;2019;1;12;5;3;5;3;0;0;1;0;0;0;0;0
191835;11;9;9041501;2019;1;17;7;3;6;4;1;0;1;1;0;0;0;1
191836;11;4;4010101;2019;1;16;7;3;2;2;1;0;1;0;0;0;0;1
191837;11;10;10010308;2019;1;13;5;3;2;6;0;0;1;0;0;0;0;0
191838;11;7;7030301;2019;1;16;7;3;3;6;1;1;0;0;0;0;1;1
191839;11;1;1011103;2019;1;18;6;3;2;6;2;0;1;0;0;0;0;1
191840;11;7;7030303;2019;1;20;4;3;2;6;2;0;1;0;0;0;0;0
191841;11;8;8010303;2019;1;22;6;3;5;2;2;1;1;0;0;0;0;1
191842;11;3;3020307;2019;1;21;6;2;0;7;2;0;1;0;0;0;1;0
191843;11;10;10010203;2019;1;12;6;3;9;1;0;0;1;0;0;0;0;2
191844;11;8;8010117;2019;1;19;6;3;0;5;2;1;1;0;0;0;0;1
191845;11;6;6040809;2019;1;7;6;3;0;1;1;1;0;0;0;0;0;1
191846;11;1;2040701;2019;1;7;6;2;5;2;1;1;1;0;0;0;0;1
191847;11;6;6020302;2019;1;6;5;3;2;6;2;0;1;0;0;0;1;0
191848;11;1;1011102;2019;1;8;6;3;2;6;0;0;1;0;0;0;0;2
191849;11;1;1011306;2019;1;10;6;3;6;2;0;0;0;1;0;0;1;1
191850;11;4;4020313;2019;1;11;6;3;5;2;0;0;1;0;0;0;1;0
191851;11;7;7040401;2019;1;11;6;3;2;7;0;0;1;0;0;0;0;1
191852;11;11;11051229;2019;1;13;6;3;6;4;0;0;1;1;0;0;0;1
191853;11;11;11051229;2019;1;13;6;2;2;2;0;1;0;0;0;1;0;0
191854;11;9;9041401;2019;1;14;6;3;5;3;0;0;1;0;0;0;0;0
191855;11;12;12301204;2019;1;6;6;3;5;2;1;0;1;0;0;0;0;1
191856;11;2;2050801;2019;1;18;6;3;5;2;2;0;1;0;1;0;0;1
191857;11;9;9051702;2019;1;10;6;3;0;7;0;0;1;0;0;0;0;1
191858;11;8;8030831;2019;1;18;6;2;6;4;2;0;1;1;0;0;0;1
191859;11;9;9020701;2019;1;17;6;3;5;2;2;0;1;0;0;0;0;1
191860;11;7;7040405;2019;1;18;5;3;6;2;2;0;1;1;0;0;0;0
191861;11;4;4051448;2019;1;16;6;3;5;3;1;0;1;0;0;0;0;0
191862;11;4;4030828;2019;1;19;5;3;3;6;2;1;1;0;0;0;0;0
191863;11;11;11030619;2019;1;18;5;3;2;6;2;0;1;0;0;0;0;0
191864;11;8;8020619;2019;1;17;5;2;5;3;2;0;1;0;0;0;1;0
191865;11;6;6040703;2019;1;16;5;3;5;3;2;1;1;0;0;0;0;0
191866;11;10;10010102;2019;1;15;5;2;6;4;0;0;1;1;0;0;0;0
191867;11;6;6040701;2019;2;15;6;3;5;3;0;0;1;0;0;0;0;0
191868;11;10;10010204;2019;1;15;5;3;5;3;0;0;1;0;0;1;0;0
191869;11;8;8010118;2019;1;14;5;3;6;7;0;1;0;1;0;0;0;0
191870;11;9;9020701;2019;1;9;5;3;6;4;0;0;1;1;0;0;0;0
191871;11;9;9030901;2019;1;7;5;3;1;5;0;0;1;0;0;0;0;0
191872;11;7;7020204;2019;1;12;4;3;2;6;0;0;1;0;0;0;0;0
191873;11;5;5020522;2019;1;15;4;2;6;4;0;0;1;1;0;0;0;0
191874;11;8;8041037;2019;1;16;4;3;5;2;2;0;1;0;0;0;0;0
191875;11;9;9010101;2019;1;17;5;3;2;2;1;0;1;0;0;0;0;0
191876;11;1;1011203;2019;1;15;4;3;5;2;0;1;1;0;0;0;0;0
191877;11;7;7010104;2019;1;15;4;3;2;6;0;0;0;0;1;0;0;0
191878;11;3;3050925;2019;1;15;4;3;1;5;0;1;1;0;0;0;0;0
191879;11;3;3061126;2019;1;14;4;3;1;5;0;0;1;0;0;0;0;0
191880;11;4;4030726;2019;1;12;4;2;5;2;0;0;1;0;1;0;0;0
191881;11;3;3030716;2019;1;7;5;3;2;6;0;0;1;0;0;0;0;0
191882;11;9;9010401;2019;1;6;4;3;2;6;2;0;1;0;0;0;0;1
191883;11;9;9010401;2019;1;6;4;3;0;6;2;0;1;0;0;0;1;0
191884;11;2;2040701;2019;1;22;4;3;5;3;2;0;1;0;0;0;0;0
191885;11;3;3020307;2019;1;7;4;3;6;4;0;0;1;1;0;0;0;0
191886;11;4;4051448;2019;1;7;4;3;3;6;0;1;1;0;0;0;0;0
191887;11;1;1011301;2019;1;8;4;3;2;6;0;1;1;0;0;0;0;1
191888;11;9;9010301;2019;1;17;4;3;5;2;2;1;1;0;0;0;0;0
191889;11;4;4030415;2019;1;8;4;3;2;6;0;0;1;0;0;0;0;0
191890;11;4;4030519;2019;1;8;4;3;5;2;0;1;1;0;0;0;0;0
191891;11;5;5010208;2019;1;9;4;3;6;2;0;0;1;1;0;0;0;0
191892;11;7;7070701;2019;1;11;4;2;6;2;0;0;1;1;0;0;0;0
191893;11;12;12302108;2019;1;6;4;3;2;6;2;0;1;0;0;0;0;0
191894;11;8;8010301;2019;1;9;5;3;0;3;0;0;1;0;1;0;0;0
191895;11;6;6030610;2019;1;19;4;2;5;3;2;0;1;0;0;0;0;2
191896;11;2;2020204;2019;1;18;4;3;5;2;2;1;1;0;0;0;0;0
191897;11;4;4030623;2019;1;14;4;3;6;4;0;1;0;1;0;0;0;0
191898;11;4;4051550;2019;1;12;4;3;6;4;0;0;1;1;0;0;0;0
191899;11;8;8010301;2019;1;18;4;3;2;6;2;0;1;0;0;0;0;0
191900;11;6;6010209;2019;1;18;4;3;5;3;2;1;1;0;0;0;0;0
191901;11;3;3040818;2019;1;12;4;2;5;3;0;1;1;0;0;0;0;0
191902;11;2;2020206;2019;1;4;4;2;8;1;2;0;1;0;0;0;0;0
191903;11;4;4030931;2019;1;17;4;3;6;4;2;1;0;1;0;0;0;0
191904;11;7;7040405;2019;1;17;4;3;5;2;2;1;1;0;0;0;0;0
191905;11;2;2040503;2019;1;17;4;3;2;6;2;0;1;0;0;0;0;0
191906;11;2;2030302;2019;1;13;4;3;1;5;0;1;0;0;0;0;1;0
191907;11;6;6020409;2019;1;13;5;3;5;2;0;1;1;0;0;0;0;0
191908;11;8;8020622;2019;1;7;3;3;2;6;0;0;1;0;0;0;0;0
191909;11;3;3061126;2019;1;10;3;2;5;7;0;0;1;0;0;0;1;0
191910;11;1;1033201;2019;1;16;3;3;6;4;0;1;0;1;0;0;0;0
191911;11;4;4030623;2019;1;13;4;2;5;3;0;1;1;0;0;0;0;0
191912;11;11;11020515;2019;1;14;3;3;5;3;0;0;1;0;0;0;0;0
191913;11;3;3061429;2019;1;14;3;3;5;2;0;1;1;0;0;0;0;0
191914;11;6;6040810;2019;1;13;3;3;2;2;0;0;1;0;0;1;0;0
191915;11;6;6010208;2019;1;13;3;3;2;2;0;1;1;0;0;0;0;0
191916;11;8;8020621;2019;1;13;3;3;4;6;0;0;1;0;0;0;0;0
191917;11;10;10040933;2019;1;12;3;3;5;2;0;0;1;0;0;0;1;0
191918;11;12;12302110;2019;1;18;5;2;6;2;2;0;1;1;0;0;0;0
191919;11;3;3040512;2019;1;12;3;2;5;3;0;1;1;0;0;0;0;0
191920;11;8;8020619;2019;1;12;3;3;6;7;0;0;1;1;0;0;0;0
191921;11;8;8041036;2019;1;18;3;3;6;4;1;0;1;1;0;0;0;0
191922;11;8;8010405;2019;1;10;3;3;5;3;0;0;1;0;0;0;1;0
191923;11;8;8030829;2019;1;18;5;2;6;2;1;0;1;1;0;0;0;0
191924;11;11;11030720;2019;1;9;3;3;2;6;0;0;1;0;0;0;1;0
191925;11;4;4030930;2019;1;9;3;2;3;3;0;0;1;0;0;0;1;0
191926;11;3;3071537;2019;1;22;3;2;5;2;2;1;1;0;0;0;0;0
191927;11;4;4020310;2019;1;20;3;3;5;2;2;0;1;0;0;0;0;0
191928;11;12;12214527;2019;1;19;3;3;6;7;2;0;1;1;0;0;0;0
191929;11;6;6040810;2019;1;8;3;3;2;2;0;1;1;0;0;0;0;0
191930;11;2;2010104;2019;1;18;3;3;6;4;1;1;0;1;0;0;0;0
191931;11;10;10010310;2019;1;20;2;3;2;6;2;0;1;0;0;0;0;1
191932;11;10;10020413;2019;1;16;5;3;6;4;0;0;1;1;0;0;0;0
191933;11;9;9010301;2019;1;19;2;3;5;3;2;0;1;0;0;0;0;0
191934;11;1;1044202;2019;1;18;2;3;2;6;2;0;1;0;0;0;0;0
191935;11;4;4030620;2019;1;17;2;2;6;2;2;0;1;1;0;0;0;0
191936;11;11;11041023;2019;1;17;2;2;6;4;2;0;1;1;0;0;0;0
191937;11;9;9020501;2019;1;17;2;3;2;6;2;0;1;0;0;0;0;1
191938;11;4;4031032;2019;1;14;2;3;2;3;0;0;1;0;0;0;0;0
191939;11;7;7040403;2019;1;7;2;3;2;6;0;0;1;0;0;0;0;1
191940;11;7;7040406;2019;1;7;2;3;5;2;0;1;1;0;0;0;0;0
191941;11;3;3040512;2019;1;7;2;3;3;6;2;0;1;0;0;1;0;0
191942;11;12;12302110;2019;2;12;6;3;5;2;0;1;0;0;0;1;0;0
191943;11;6;6040804;2019;1;6;2;3;6;2;2;0;1;1;0;0;0;1
191944;11;9;9030901;2019;1;5;2;3;5;2;2;0;1;0;0;0;0;0
191945;11;8;8020728;2019;1;17;2;3;2;2;1;0;1;0;1;0;0;0
191946;11;1;1011401;2019;1;13;4;3;6;4;0;0;0;1;0;0;1;0
191947;11;9;9052001;2019;1;17;2;2;6;2;1;0;1;1;0;0;0;0
191948;11;7;7020204;2019;1;15;2;3;6;4;0;1;0;1;0;0;0;0
191949;11;10;10040829;2019;1;15;2;3;2;2;0;0;1;0;0;0;0;0
191950;11;4;4020313;2019;1;13;2;3;2;2;0;0;1;0;0;0;0;0
191951;11;8;8020622;2019;1;13;2;3;0;3;0;0;1;0;0;0;1;0
191952;11;2;2030301;2019;1;9;5;3;3;6;0;0;1;0;0;0;1;0
191953;11;2;2020206;2019;1;12;2;3;6;7;0;0;1;1;0;0;0;0
191954;11;8;8020619;2019;1;11;2;3;2;6;0;0;1;0;0;0;0;0
191955;11;4;4030827;2019;1;8;5;3;0;2;0;1;1;0;0;0;0;0
191956;11;1;1011301;2019;1;11;2;3;6;4;0;0;1;1;0;0;0;0
191957;11;6;6040810;2019;1;10;2;3;5;3;0;1;1;0;0;0;0;0
191958;11;1;1022103;2019;1;9;2;3;2;6;0;0;1;0;0;0;0;0
191959;11;1;1011303;2019;1;21;4;3;2;6;2;0;1;0;0;0;0;0
191960;11;5;5020415;2019;1;8;2;3;6;4;0;0;1;1;0;0;0;0
191961;11;4;4030416;2019;1;10;2;3;0;1;0;0;0;0;1;0;0;2
191962;11;1;1033102;2019;1;15;1;3;1;5;0;1;1;0;0;0;1;1
191963;11;1;1033203;2019;1;23;1;2;5;3;2;1;1;0;0;0;0;0
191964;11;6;6010210;2019;1;17;1;3;6;2;2;0;1;1;0;0;0;0
191965;11;4;4010101;2019;1;17;1;3;5;2;2;0;1;0;0;0;0;1
191966;11;4;4030622;2019;1;10;5;3;5;2;0;0;1;0;0;0;0;0
191967;11;1;1033202;2019;1;15;1;3;2;1;0;1;1;0;0;0;0;0
191968;11;8;8030831;2019;1;14;1;3;5;2;0;0;1;0;0;0;0;1
191969;11;12;12103117;2019;1;1;1;2;1;1;2;0;1;0;0;0;1;1
191970;11;1;1044102;2019;2;15;3;3;5;3;0;0;1;0;0;0;0;0
191971;11;12;12214424;2019;2;13;3;3;3;6;0;1;1;0;0;0;0;0
191972;11;1;1022104;2019;2;14;3;3;5;3;0;1;1;0;0;0;0;0
191973;11;3;3061228;2019;2;17;5;3;5;3;2;1;1;0;0;0;0;0
191974;11;9;9051701;2019;2;14;3;2;2;7;0;0;1;0;0;0;0;0
191975;11;9;9041301;2019;2;15;3;2;6;4;0;0;1;1;0;0;0;0
191976;11;6;6010206;2019;2;14;3;3;5;2;0;1;1;1;0;0;0;0
191977;11;4;4020310;2019;2;14;5;2;5;2;0;0;1;0;0;0;0;0
191978;11;4;4031032;2019;2;14;3;3;6;7;0;0;1;1;0;0;0;0
191979;11;5;5020521;2019;2;11;3;3;2;2;0;0;1;0;0;0;0;0
191980;11;5;5010209;2019;2;11;3;2;5;3;0;0;1;0;0;0;0;0
191981;11;6;6020306;2019;2;7;3;3;3;6;0;1;0;0;0;0;1;0
191982;11;2;2020204;2019;2;17;3;3;8;1;2;0;1;0;0;0;0;0
191983;11;4;4031032;2019;2;18;3;3;2;6;2;0;1;0;0;0;0;0
191984;11;8;8030831;2019;2;20;3;3;5;3;2;1;1;0;0;0;0;0