OBJECTID;LAND;BEZ;LOR_ab_2021;UJAHR;UMONAT;USTUNDE;UWOCHENTAG;UKATEGORIE;UART;UTYP1;ULICHTVERH;IstRad;IstPKW;IstFuss;IstKrad;IstGkfz;IstSonstige;USTRZUSTAND
191985;11;8;8010117;2019;2;17;3;3;2;6;2;1;1;0;0;0;0;0
191986;11;1;1011305;2019;2;17;3;3;1;5;2;1;1;0;0;0;0;0
191987;11;2;2030302;2019;2;13;5;2;6;4;0;1;0;1;0;0;0;0
191988;11;7;7050501;2019;2;17;3;3;1;7;2;0;1;0;0;0;1;0
191989;11;2;2020206;2019;2;15;5;3;3;6;0;1;1;0;0;0;0;0
191990;11;8;8041037;2019;2;16;3;3;6;4;1;0;1;1;0;0;0;0
191991;11;1;1033203;2019;2;16;3;3;6;4;0;0;0;1;1;0;0;0
191992;11;12;12301203;2019;2;16;3;3;5;2;0;0;1;0;0;0;0;0
191993;11;5;5030731;2019;2;13;5;3;2;6;0;0;1;0;0;0;0;0
191994;11;5;5020523;2019;2;15;3;3;5;3;0;1;1;0;0;0;0;0
191995;11;4;4051446;2019;2;17;3;2;5;2;2;1;1;0;0;0;0;0
191996;11;12;12214125;2019;2;10;3;3;2;2;0;1;0;0;0;0;0;0
191997;11;1;1011303;2019;2;14;6;3;5;2;0;1;0;0;0;0;1;0
191998;11;6;6020303;2019;2;10;3;3;3;6;0;0;1;0;0;0;1;0
191999;11;5;5020626;2019;2;7;3;3;2;7;0;0;1;0;0;0;0;0
192000;11;1;1011101;2019;2;13;5;3;2;6;0;0;1;0;0;0;0;0
192001;11;2;2040701;2019;2;7;3;3;5;3;1;1;1;0;0;0;0;0
192002;11;2;2030402;2019;2;17;2;3;2;6;2;0;1;0;0;0;0;0
192003;11;2;2030402;2019;2;17;2;3;2;6;2;0;1;0;0;0;0;0
192004;11;11;11030721;2019;2;9;5;3;4;6;0;0;1;0;0;0;0;0
192005;11;4;4030931;2019;2;15;2;3;2;6;0;0;1;0;0;0;0;0
192006;11;3;3020209;2019;2;9;2;3;5;2;0;0;1;0;0;1;0;1
192007;11;9;9020802;2019;2;8;2;3;2;2;0;0;1;0;0;0;0;1
192008;11;1;1011302;2019;2;9;5;3;5;2;0;1;1;0;0;0;0;0
192009;11;9;9031202;2019;2;11;2;3;2;6;0;0;1;0;0;0;0;1
192010;11;1;1022205;2019;2;21;2;3;6;7;2;0;1;1;0;0;0;0
192011;11;4;4041241;2019;2;14;6;3;0;1;0;1;0;0;0;0;0;0
192012;11;9;9031101;2019;2;21;2;3;6;7;2;0;0;1;0;0;1;0
192013;11;5;5020419;2019;2;5;2;3;3;6;2;1;0;0;0;0;1;1
192014;11;10;10010204;2019;2;11;5;3;5;3;0;0;1;0;0;0;0;0
192015;11;12;12103219;2019;2;7;2;3;6;2;0;0;1;1;0;0;0;1
192016;11;8;8010406;2019;2;5;2;2;5;3;2;0;0;0;1;0;1;1
192017;11;8;8010404;2019;2;11;5;3;2;6;0;0;1;0;0;0;1;0
192018;11;5;5020626;2019;2;19;2;3;6;2;2;0;1;1;0;0;0;0
192019;11;1;1022207;2019;2;7;2;2;6;7;1;1;0;1;0;0;0;1
192020;11;8;8020727;2019;2;18;2;3;6;2;1;0;1;1;0;0;0;0
192021;11;1;1011202;2019;2;19;5;3;0;2;2;1;0;0;0;0;1;0
192022;11;7;7010101;2019;2;16;2;3;6;7;0;1;0;1;0;0;0;0
192023;11;11;11020514;2019;2;16;2;2;5;3;0;1;1;0;0;0;0;0
192024;11;8;8020622;2019;2;15;2;3;6;4;0;0;1;1;0;0;0;0
192025;11;4;4051445;2019;2;7;5;3;5;2;0;1;1;0;0;0;0;1
192026;11;9;9031101;2019;2;15;2;2;0;1;0;1;1;0;0;0;0;0
192027;11;1;1033201;2019;2;14;2;3;2;6;0;0;1;0;0;0;0;1
192028;11;10;10040932;2019;2;12;2;3;2;6;0;0;1;0;1;0;0;0
192029;11;6;6030609;2019;2;7;5;3;5;3;0;0;1;0;0;0;0;0
192030;11;4;4020313;2019;2;12;2;3;6;2;0;0;1;1;0;0;0;1
192031;11;3;3061332;2019;2;8;2;3;5;7;0;0;1;0;0;0;1;1
192032;11;12;12304313;2019;2;8;2;3;5;7;0;0;1;0;0;0;1;1
192033;11;8;8020619;2019;2;7;5;3;5;2;0;0;1;0;0;0;1;1
192034;11;9;9010202;2019;2;18;2;3;6;4;1;0;1;1;0;0;0;0
192035;11;8;8010301;2019;2;16;1;3;2;2;2;0;1;0;0;0;0;1
192036;11;9;9020702;2019;2;21;1;3;2;7;2;0;1;0;1;0;0;1
192037;11;12;12301203;2019;2;16;5;3;5;2;0;1;1;0;0;0;0;0
192038;11;10;10020413;2019;2;15;1;3;5;2;0;0;1;0;0;0;0;1
192039;11;5;5010314;2019;2;1;1;3;8;1;1;0;1;0;0;0;0;1
192040;11;2;2030301;2019;2;18;1;2;2;6;2;1;1;0;0;0;0;1
192041;11;8;8041040;2019;2;7;5;3;0;3;0;0;1;0;1;0;0;0
192042;11;4;4031032;2019;2;19;1;2;6;2;2;0;1;1;0;0;0;1
192043;11;6;6020409;2019;2;18;1;2;8;1;2;0;1;0;0;0;1;1
192044;11;1;1044202;2019;2;9;1;3;2;6;0;0;1;0;0;0;0;1
192045;11;2;2010102;2019;2;2;1;3;5;3;2;0;1;0;0;0;1;0
192046;11;11;11020412;2019;2;10;6;3;5;2;0;1;1;0;0;0;0;0
192047;11;2;2030302;2019;2;3;7;3;0;1;2;1;0;0;0;0;0;0
192048;11;1;1044101;2019;2;1;7;2;8;1;2;0;1;0;0;0;0;0
192049;11;12;12302110;2019;2;23;7;3;0;3;2;0;1;0;1;0;0;1
192050;11;8;8030831;2019;2;23;7;3;2;6;2;0;1;0;0;0;1;1
192051;11;8;8010404;2019;2;21;7;3;6;4;2;0;1;1;0;0;0;0
192052;11;10;10010102;2019;2;14;5;3;6;4;0;0;1;1;0;0;0;0
192053;11;1;1022206;2019;2;14;7;3;0;7;0;0;1;0;0;0;1;0
192054;11;11;11010309;2019;2;20;7;3;5;2;2;0;1;0;0;0;0;1
192055;11;9;9051901;2019;2;18;7;3;2;6;2;0;1;0;0;0;0;1
192056;11;6;6010205;2019;2;5;5;3;3;6;2;0;1;0;0;0;0;0
192057;11;1;1011305;2019;2;17;7;3;9;1;2;0;0;0;0;0;1;0
192058;11;4;4010102;2019;2;15;7;3;5;2;0;0;1;0;0;0;0;0
192059;11;4;4010102;2019;2;15;7;3;5;2;0;0;1;0;0;0;0;0
192060;11;1;1033203;2019;2;11;6;2;6;2;0;0;0;1;0;1;0;0
192061;11;4;4051655;2019;2;14;7;3;3;6;0;1;1;0;0;0;0;0
192062;11;5;5030731;2019;2;14;7;3;0;2;0;1;1;0;0;0;0;0
192063;11;8;8040933;2019;2;9;5;3;0;1;0;1;0;0;0;0;0;1
192064;11;7;7040403;2019;2;20;7;2;5;3;2;0;1;0;0;0;0;1
192065;11;5;5010313;2019;2;20;7;2;6;4;2;0;1;1;0;0;0;1
192066;11;4;4051448;2019;2;13;7;3;2;6;0;0;1;0;0;0;1;0
192067;11;1;1044202;2019;2;14;4;3;5;2;0;1;1;0;0;0;0;0
192068;11;3;3061126;2019;2;13;7;3;5;3;0;0;1;0;0;0;0;0
192069;11;9;9051901;2019;2;13;7;3;2;6;0;0;1;0;0;0;0;0
192070;11;1;1022104;2019;2;12;7;3;5;2;0;1;1;0;0;0;0;1
192071;11;2;2050802;2019;2;7;4;3;2;2;0;1;1;0;0;0;0;0
192072;11;7;7050503;2019;2;12;7;2;5;2;0;1;1;0;0;0;0;0
192073;11;9;9020501;2019;2;12;7;3;2;6;0;0;1;0;0;0;0;0
192074;11;3;3050919;2019;2;14;7;3;5;3;0;1;0;0;0;0;1;0
192075;11;6;6020411;2019;2;18;5;2;0;3;1;0;0;0;0;0;1;0
192076;11;4;4030931;2019;2;10;6;3;1;5;0;0;1;0;0;1;0;0
192077;11;10;10010102;2019;2;12;6;3;5;3;0;0;1;0;0;0;0;0
192078;11;4;4020311;2019;2;13;4;3;5;3;0;0;1;0;0;0;0;0
192079;11;11;11010206;2019;2;9;6;2;5;3;0;0;1;0;0;0;0;0
192080;11;11;11030619;2019;2;14;6;3;0;7;0;0;0;0;0;0;1;0
192081;11;11;11020412;2019;2;15;4;3;5;3;0;0;1;0;0;0;0;1
192082;11;2;2050802;2019;2;23;6;3;6;7;2;0;1;1;0;0;0;0
192083;11;4;4041134;2019;2;9;6;3;0;6;0;0;1;0;0;0;0;0
192084;11;10;10010309;2019;2;5;6;3;6;4;2;0;1;1;0;0;0;0
192085;11;11;11030720;2019;2;15;4;2;3;6;0;0;1;0;1;0;0;1
192086;11;4;4030931;2019;2;15;6;2;5;2;0;0;1;0;1;0;0;0
192087;11;6;6010206;2019;2;17;6;3;5;2;1;0;1;0;0;0;0;0
192088;11;1;1011202;2019;2;18;6;3;6;4;1;0;1;1;0;0;0;0
192089;11;1;1044201;2019;2;21;5;2;5;2;2;1;0;0;0;1;0;0
192090;11;6;6040809;2019;2;2;6;2;5;3;2;0;1;0;0;0;0;1
192091;11;11;11010207;2019;2;5;6;3;5;3;2;0;1;0;0;0;0;0
192092;11;3;3040512;2019;2;5;6;3;2;6;2;0;1;0;0;0;0;0
192093;11;1;1044103;2019;2;15;4;3;5;3;0;0;1;0;1;0;0;1
192094;11;3;3061430;2019;2;8;6;3;2;6;0;0;1;0;0;0;1;0
192095;11;4;4030929;2019;2;9;6;2;1;5;0;1;0;0;0;0;1;1
192096;11;3;3020307;2019;2;11;6;3;0;2;0;0;1;0;0;0;1;0
192097;11;8;8010213;2019;2;11;6;3;5;3;0;0;1;0;0;0;0;0
192098;11;9;9041601;2019;2;11;6;3;4;2;0;0;1;0;0;0;0;0
192099;11;2;2040701;2019;2;16;5;3;5;2;0;1;1;0;0;0;0;0
192100;11;3;3020307;2019;2;13;6;2;6;4;0;0;1;1;0;0;0;0
192101;11;5;5030730;2019;2;14;6;3;2;6;0;0;1;0;0;0;0;0
192102;11;2;2020206;2019;2;14;6;3;2;6;0;0;1;0;0;0;0;0
192103;11;12;12224230;2019;2;14;6;3;5;3;0;0;1;0;0;0;0;0
192104;11;1;1011402;2019;2;20;5;3;6;7;2;1;0;1;0;0;0;0
192105;11;7;7020202;2019;2;15;6;3;1;5;0;1;1;0;0;0;0;0
192106;11;6;6020410;2019;2;5;6;2;9;1;1;0;1;0;0;0;0;1
192107;11;12;12304314;2019;2;20;5;2;9;1;2;0;1;0;0;0;0;1
192108;11;10;10020412;2019;2;15;4;3;2;6;0;0;1;0;0;0;1;0
192109;11;1;1011306;2019;2;5;5;3;5;3;2;0;1;0;1;0;0;0
192110;11;3;3010102;2019;2;10;5;3;5;2;0;0;1;0;0;0;0;0
192111;11;6;6030503;2019;2;10;5;3;2;2;0;0;1;0;0;0;0;0
192112;11;9;9031101;2019;2;11;5;3;2;7;0;0;1;0;0;0;1;0
192113;11;8;8010214;2019;2;13;5;3;5;3;0;0;1;0;0;0;0;0
192114;11;5;5030730;2019;2;15;5;3;5;7;0;0;1;0;0;0;1;1
192115;11;7;7040403;2019;2;14;5;3;5;2;0;1;1;0;0;0;0;0
192116;11;7;7040401;2019;2;17;5;3;3;6;2;0;1;0;0;0;0;0
192117;11;3;3061430;2019;2;18;5;3;2;2;2;0;1;0;0;0;0;0
192118;11;10;10040828;2019;2;20;5;3;5;3;2;0;1;0;0;0;0;0
192119;11;9;9010302;2019;2;16;4;3;2;6;0;0;1;0;0;0;1;0
192120;11;7;7040403;2019;2;20;5;3;2;6;2;0;1;0;0;0;0;0
192121;11;5;5030730;2019;2;21;5;3;2;6;2;0;1;0;0;1;0;0
192122;11;9;9010301;2019;2;21;5;3;5;3;2;0;1;0;0;0;0;0
192123;11;4;4030519;2019;2;16;4;2;5;7;0;0;1;0;1;0;0;0
192124;11;4;5030833;2019;2;18;5;2;2;6;1;0;1;0;1;0;0;1
192125;11;1;1033102;2019;2;23;5;3;5;2;2;0;1;0;0;0;0;0
192126;11;6;6020306;2019;2;16;5;3;5;3;0;0;1;0;0;0;0;1
192127;11;5;5020627;2019;2;11;5;3;2;6;0;0;1;0;0;0;0;0
192128;11;1;1011305;2019;2;14;6;3;2;6;0;1;1;0;0;0;0;0
192129;11;11;11010102;2019;2;17;5;3;0;7;2;0;0;0;0;1;0;1
192130;11;8;8030831;2019;2;20;5;3;6;7;2;0;1;1;0;0;0;0
192131;11;1;1011303;2019;2;16;4;3;0;4;1;0;0;1;0;0;1;1
192132;11;12;12214424;2019;2;11;4;3;2;6;0;0;1;0;0;0;0;0
192133;11;12;12214421;2019;2;10;4;3;2;6;0;0;1;0;0;0;0;0
192134;11;8;8020728;2019;2;16;4;2;5;2;0;0;1;0;1;0;0;0
192135;11;3;3030406;2019;2;12;4;3;5;3;0;0;1;0;0;0;0;1
192136;11;2;2040701;2019;2;22;4;3;6;4;2;1;0;1;0;0;0;0
192137;11;3;3050920;2019;2;15;4;3;2;2;0;0;1;0;0;0;0;0
192138;11;12;12302107;2019;2;15;4;3;6;7;0;0;1;1;0;0;0;0
192139;11;6;6030605;2019;2;16;5;3;5;3;0;0;1;0;0;0;0;0
192140;11;11;11020515;2019;2;15;4;2;5;3;0;1;1;0;0;0;0;0
192141;11;10;10020413;2019;2;14;4;3;5;3;0;0;1;0;0;0;0;0
192142;11;5;5030731;2019;2;12;4;3;1;5;0;0;1;0;0;1;0;0
192143;11;1;1022103;2019;2;13;6;3;2;2;0;0;1;0;0;0;1;0
192144;11;3;3030715;2019;2;14;4;3;2;7;0;0;1;0;0;0;0;0
192145;11;1;1044101;2019;2;14;4;2;5;2;0;0;1;0;0;0;0;0
192146;11;9;9010401;2019;2;11;4;3;9;1;0;0;1;0;0;0;0;0
192147;11;1;1011302;2019;2;13;4;3;6;7;0;0;1;1;0;0;0;0
192148;11;7;7040405;2019;2;13;4;3;6;4;0;0;1;1;0;0;0;0
192149;11;3;3061126;2019;2;20;4;3;6;2;2;0;1;1;0;0;0;1
192150;11;11;11040925;2019;2;11;4;3;1;5;0;1;0;0;0;1;1;0
192151;11;7;7060604;2019;2;10;4;3;5;3;0;0;1;0;0;0;1;1
192152;11;12;12301203;2019;2;9;4;2;9;1;0;0;1;0;0;0;0;1
192153;11;6;6030607;2019;2;19;5;3;2;6;2;0;1;0;0;0;0;0
192154;11;3;3050923;2019;2;9;4;3;5;3;0;0;1;0;0;0;0;0
192155;11;8;8010404;2019;2;8;4;3;9;1;0;1;0;0;0;0;0;0
192156;11;12;12214126;2019;2;7;4;3;0;5;0;0;1;0;0;1;0;0
192157;11;1;1044203;2019;2;5;4;3;6;4;2;0;1;1;0;0;0;1
192158;11;12;12224230;2019;2;7;4;2;5;2;0;1;1;0;0;0;0;0
192159;11;2;2040702;2019;2;19;4;3;1;5;2;1;1;0;0;0;0;0
192160;11;1;1011304;2019;2;19;4;3;0;6;1;0;1;0;0;0;1;0
192161;11;4;4030621;2019;2;18;4;3;0;1;2;1;0;0;0;0;0;0
192162;11;5;5020625;2019;2;16;4;3;0;2;0;0;0;0;0;0;1;0
192163;11;10;10040933;2019;2;6;4;3;5;2;2;0;1;0;0;0;1;1
192164;11;6;6040807;2019;2;8;3;3;5;3;0;1;1;0;0;0;0;1
192165;11;2;2030401;2019;2;15;3;3;5;3;0;0;1;0;0;0;0;0
192166;11;2;2040703;2019;2;11;3;3;5;2;0;0;1;0;0;0;0;0
192167;11;3;3030405;2019;2;16;5;3;5;3;1;0;1;0;0;0;0;1
192168;11;7;7040404;2019;2;10;3;3;5;2;0;1;1;0;0;0;0;1
192169;11;2;2050803;2019;2;5;3;2;5;3;2;0;1;0;0;0;0;0
192170;11;6;6010103;2019;2;11;3;3;5;3;0;0;1;0;1;0;0;1
192171;11;1;1011402;2019;2;20;4;2;5;3;2;0;1;0;0;0;0;1
192172;11;2;2010103;2019;2;12;3;3;6;4;0;0;1;1;0;0;0;1
192173;11;1;1011302;2019;2;15;3;3;2;6;0;0;1;0;0;0;0;0
192174;11;4;4030930;2019;2;7;3;3;5;3;0;0;1;0;0;0;0;1
192175;11;2;2010103;2019;2;17;3;3;6;7;2;0;1;1;0;0;0;0
192176;11;9;9020801;2019;2;20;3;3;2;6;2;0;1;0;0;0;0;1
192177;11;12;12214423;2019;2;22;3;3;6;2;2;0;1;1;0;0;0;0
192178;11;1;1011301;2019;2;6;4;3;6;2;1;0;1;1;0;0;0;1
192179;11;1;1011301;2019;2;22;3;3;5;2;2;0;1;0;0;0;0;0
192180;11;7;7010104;2019;2;22;3;3;0;2;2;0;1;0;1;0;0;0
192181;11;12;12301203;2019;2;21;3;3;5;2;2;0;1;0;0;0;0;0
192182;11;4;4030417;2019;2;11;3;2;5;2;0;1;1;0;0;0;0;1
192183;11;10;10040932;2019;2;15;5;3;5;2;0;1;1;0;0;0;0;0
192184;11;8;8010301;2019;2;17;3;2;5;2;2;0;1;0;1;0;0;1
192185;11;4;4010102;2019;2;11;3;2;4;6;0;0;1;0;0;0;1;0
192186;11;7;7040405;2019;2;13;3;2;2;6;0;0;1;0;0;0;0;1
192187;11;6;6020409;2019;2;18;4;3;2;6;2;0;1;0;0;0;0;1
192188;11;5;5030730;2019;2;17;3;3;1;6;2;0;1;0;0;0;0;1
192189;11;5;5010314;2019;2;12;3;2;1;5;0;1;1;0;0;0;0;1
192190;11;8;8010303;2019;2;21;3;3;0;1;2;1;0;0;0;0;0;1
192191;11;4;4051549;2019;2;10;6;3;6;2;0;0;1;1;0;0;0;0
192192;11;7;7020204;2019;2;14;3;3;8;1;0;0;1;0;0;0;0;0
192193;11;12;12214424;2019;2;9;2;3;5;3;0;1;1;0;0;0;0;1
192194;11;9;9030901;2019;2;18;4;2;6;2;2;0;1;1;0;0;0;1
192195;11;4;4030725;2019;2;21;2;3;0;7;2;0;0;0;1;0;0;1
192196;11;3;3030405;2019;2;20;2;3;5;3;2;0;1;0;0;0;0;1
192197;11;9;9010302;2019;2;6;4;3;2;6;1;0;1;0;0;0;0;1
192198;11;8;8010211;2019;2;20;2;3;1;5;2;1;1;0;0;0;0;0
192199;11;1;1011201;2019;2;20;2;3;5;3;2;0;1;0;0;0;0;0
192200;11;4;4041137;2019;2;20;2;3;5;2;2;0;1;0;0;0;0;0
192201;11;4;4030519;2019;2;9;4;3;0;1;0;0;0;0;1;0;0;1
192202;11;8;8010404;2019;2;19;2;3;2;6;2;0;1;0;0;0;0;1
192203;11;3;3061430;2019;2;18;2;3;2;6;2;0;1;0;0;0;0;0
192204;11;8;8010117;2019;2;18;2;2;6;4;2;0;1;1;0;0;0;0
192205;11;10;10010310;2019;2;15;6;2;5;3;0;0;1;0;0;0;1;0
192206;11;5;5020626;2019;2;17;2;2;6;4;2;0;1;1;0;0;0;0
192207;11;2;2010103;2019;2;17;2;2;6;4;2;0;1;1;0;0;0;0
192208;11;6;6020409;2019;2;7;4;3;3;2;0;1;0;0;0;1;0;0
192209;11;6;6020409;2019;2;15;2;3;2;6;0;0;1;0;0;0;1;0
192210;11;4;4030620;2019;2;14;2;3;5;3;0;1;1;0;0;0;0;0
192211;11;7;7020201;2019;2;8;4;3;5;3;0;0;1;0;0;0;0;1
192212;11;4;4030620;2019;2;14;2;3;9;1;0;0;1;0;0;0;0;0
192213;11;5;5010314;2019;2;14;2;3;6;4;0;0;1;1;0;0;0;0
192214;11;2;2040701;2019;2;13;2;3;5;3;0;1;1;0;0;0;0;0
192215;11;7;7010104;2019;2;19;5;3;5;2;2;0;1;0;0;0;1;0
192216;11;2;2040701;2019;2;13;2;3;6;2;0;0;1;1;0;0;0;0
192217;11;3;3061126;2019;2;11;2;3;0;7;0;0;1;0;0;0;1;1
192218;11;5;5030832;2019;2;5;2;3;6;2;2;0;1;1;0;0;0;1
192219;11;11;11030721;2019;2;20;5;3;6;2;2;0;1;1;0;0;0;0
192220;11;12;12214527;2019;2;6;2;3;6;4;1;0;1;1;0;0;0;1
192221;11;3;3040818;2019;2;6;2;3;2;2;2;0;1;0;0;0;1;1
192222;11;4;4051549;2019;2;7;2;3;5;3;0;1;1;0;0;0;0;1
192223;11;9;9051702;2019;2;8;4;3;0;1;0;1;0;0;0;0;0;1
192224;11;6;6040809;2019;2;7;2;3;6;2;0;0;1;1;0;0;0;1
192225;11;4;4041344;2019;2;8;2;3;6;2;0;0;1;1;0;0;0;1
192226;11;12;12214421;2019;2;9;2;3;2;6;0;0;1;0;0;0;0;1
192227;11;1;1011204;2019;2;18;4;3;5;3;2;0;1;0;0;0;0;1
192228;11;2;2020203;2019;2;12;2;3;2;6;0;0;1;0;0;0;0;1
192229;11;11;11010207;2019;2;12;2;3;0;3;0;0;1;0;0;0;1;0
192230;11;12;12103115;2019;2;11;1;3;5;2;0;0;1;0;0;0;0;1
192231;11;3;3020307;2019;2;16;5;2;6;4;0;0;1;1;0;0;0;0
192232;11;2;2010103;2019;2;4;1;3;5;3;2;0;1;0;0;0;0;0
192233;11;8;8010213;2019;2;1;1;3;5;3;2;0;1;0;0;0;0;1
192234;11;4;4020207;2019;2;15;1;3;5;3;0;0;1;0;1;0;0;1
192235;11;4;4030726;2019;2;18;4;3;6;2;2;0;1;1;0;0;0;1
192236;11;4;4041344;2019;2;15;1;3;6;2;0;0;1;1;0;0;0;0
192237;11;1;1011402;2019;2;16;1;3;5;3;1;0;1;0;0;0;0;0
192238;11;1;1011101;2019;2;17;1;3;6;4;1;1;0;1;0;0;0;0
192239;11;10;10020413;2019;2;19;1;3;5;2;2;0;1;0;0;0;0;1
192240;11;6;6020303;2019;2;7;4;3;6;4;0;0;1;1;0;0;0;0
192241;11;11;11030619;2019;2;13;1;3;5;3;0;0;1;0;0;0;0;1
192242;11;8;8010303;2019;2;23;7;3;6;4;2;0;1;1;0;0;0;1
192243;11;4;4030621;2019;2;21;7;3;5;2;2;0;1;0;0;0;0;1
192244;11;9;9020701;2019;2;20;7;3;5;2;2;0;1;0;0;0;0;1
192245;11;4;4051653;2019;2;18;7;2;5;3;2;0;1;0;0;0;0;1
192246;11;3;3030716;2019;2;14;5;3;2;6;0;0;1;0;0;0;1;0
192247;11;4;4020310;2019;2;20;7;3;2;6;2;0;1;0;0;0;0;1
192248;11;3;3030405;2019;2;18;7;3;5;3;2;0;1;0;0;0;0;1
192249;11;1;1011304;2019;2;17;7;3;5;2;2;0;1;0;0;0;0;1
192250;11;10;10010204;2019;2;17;4;2;6;4;1;0;1;1;0;0;0;1
192251;11;7;7050504;2019;2;16;7;3;3;2;2;0;1;0;0;0;1;1
192252;11;1;1033203;2019;2;16;7;3;5;3;1;0;1;0;0;0;0;1
192253;11;11;11030721;2019;2;16;7;3;5;3;1;0;1;0;0;0;0;1
192254;11;1;1022101;2019;2;14;6;3;2;6;0;0;1;0;0;0;0;0
192255;11;7;7010102;2019;2;15;7;3;5;3;0;1;1;0;0;0;0;1
192256;11;6;6040810;2019;2;15;7;3;5;2;0;0;1;0;0;0;0;2
192257;11;5;5010208;2019;2;15;7;3;2;6;0;0;1;0;0;0;0;1
192258;11;9;9010302;2019;2;15;7;3;5;3;0;0;1;0;0;0;0;1
192259;11;4;4020204;2019;2;11;6;3;5;2;0;0;1;0;0;0;0;0
192260;11;2;2010103;2019;2;12;7;3;1;5;0;1;1;0;0;0;0;0
192261;11;12;12301203;2019;2;9;7;3;2;2;0;0;1;0;0;0;0;1
192262;11;8;8020622;2019;2;17;4;3;5;3;1;1;1;0;0;0;0;0
192263;11;4;7010101;2019;2;19;6;3;2;6;2;0;1;0;0;0;0;0
192264;11;5;5010314;2019;2;10;6;3;3;6;0;0;1;0;0;0;0;0
192265;11;1;1022104;2019;2;12;6;3;2;6;0;0;1;0;0;0;0;1
192266;11;2;2040703;2019;2;7;4;3;2;2;0;0;1;0;0;0;0;1
192267;11;1;1033102;2019;2;17;6;3;1;5;1;0;1;0;0;0;0;0
192268;11;4;4030931;2019;2;20;6;3;5;2;2;0;1;0;0;0;1;0
192269;11;5;5020628;2019;2;19;6;3;5;2;2;0;1;0;0;0;0;1
192270;11;11;11030619;2019;2;18;5;3;2;6;2;0;1;0;0;0;0;0
192271;11;9;9020802;2019;2;17;6;3;2;6;2;0;1;0;0;0;0;1
192272;11;6;6020305;2019;2;15;6;3;5;3;0;0;1;0;0;0;0;1
192273;11;5;5010206;2019;2;16;4;2;6;4;1;0;1;1;0;0;0;1
192274;11;3;3061430;2019;2;23;6;2;6;4;2;0;1;1;0;0;0;1
192275;11;3;3040818;2019;2;8;6;3;5;3;0;1;1;0;0;0;0;1
192276;11;3;3020209;2019;2;7;4;3;3;2;0;0;1;0;0;1;0;0
192277;11;7;7030301;2019;2;16;6;3;2;6;1;0;1;0;0;0;0;0
192278;11;1;1011201;2019;2;17;6;3;1;5;1;1;1;0;0;0;0;0
192279;11;3;3040614;2019;2;10;6;3;0;2;0;0;1;0;0;0;1;0
192280;11;2;2020204;2019;2;7;4;3;2;6;0;0;1;0;0;0;1;0
192281;11;4;4030930;2019;2;10;6;3;0;5;0;0;1;0;1;0;0;0
192282;11;4;4030725;2019;2;9;6;2;1;5;0;1;1;0;0;0;1;0
192283;11;4;4030931;2019;2;9;6;3;1;5;0;0;1;0;1;0;0;0
192284;11;2;2030302;2019;2;19;5;3;1;5;2;1;1;0;0;0;0;0
192285;11;6;6040804;2019;2;7;6;3;5;2;1;1;1;0;0;0;0;1
192286;11;1;1044201;2019;2;7;6;3;5;3;1;0;1;0;0;0;0;0
192287;11;8;8041036;2019;2;7;6;3;5;3;1;0;1;0;0;0;0;0
192288;11;1;2040701;2019;2;9;3;3;2;6;0;0;1;0;0;0;0;0
192289;11;2;2010104;2019;2;7;6;3;5;3;1;1;1;0;0;0;0;1
192290;11;2;2020206;2019;2;6;6;3;6;4;2;0;1;1;0;0;0;1
192291;11;2;2010101;2019;2;20;1;3;5;3;2;0;1;0;1;0;0;0
192292;11;1;1011402;2019;2;12;4;3;6;4;0;1;0;1;0;0;0;0
192293;11;9;9031001;2019;2;14;1;3;5;3;0;0;1;0;1;0;0;0
192294;11;12;12302108;2019;2;13;1;3;6;4;0;0;1;1;0;0;0;0
192295;11;12;12231101;2019;2;7;4;3;5;2;0;1;1;0;0;0;0;0
192296;11;3;3061227;2019;2;12;1;3;5;3;0;0;1;0;0;0;0;0
192297;11;4;4031032;2019;2;0;1;3;2;6;2;0;1;0;0;0;0;0
192298;11;2;2020202;2019;2;0;1;3;5;3;2;0;1;0;0;0;0;0
192299;11;1;1011204;2019;2;22;4;3;5;3;2;0;1;0;0;0;0;0
192300;11;2;2030401;2019;2;5;7;3;5;3;1;0;1;0;0;0;0;0
192301;11;10;10030727;2019;2;13;7;3;6;4;0;0;1;1;0;0;0;0
192302;11;10;10010204;2019;2;19;7;2;6;4;2;0;0;1;0;0;1;0
192303;11;2;2030302;2019;2;20;7;3;5;3;2;1;1;0;0;0;0;0
192304;11;11;11010103;2019;2;20;7;3;2;6;2;0;1;0;0;0;0;0
192305;11;12;12304313;2019;2;19;7;3;5;2;2;0;1;0;0;0;0;0
192306;11;4;4041137;2019;2;19;7;3;3;6;2;0;1;0;0;0;0;0
192307;11;5;5010314;2019;2;21;7;2;0;1;2;0;1;0;0;0;0;0
192308;11;4;4051550;2019;2;8;7;3;1;5;0;1;1;0;0;0;0;0
192309;11;6;6030607;2019;2;20;4;3;1;5;2;0;1;0;0;0;0;0
192310;11;5;5010101;2019;2;13;7;3;0;7;0;0;1;0;0;0;0;0
192311;11;4;4030725;2019;2;20;4;3;5;3;2;1;1;0;0;0;0;0
192312;11;3;3071537;2019;2;12;7;3;2;6;0;0;1;0;0;0;0;0
192313;11;7;7050505;2019;2;12;7;2;6;4;0;0;1;1;0;0;0;0
192314;11;11;11010310;2019;2;12;7;3;6;4;0;1;0;1;0;0;0;0
192315;11;4;4041136;2019;2;19;4;3;3;6;2;0;1;0;0;0;0;0