OBJECTID;LAND;BEZ;LOR_ab_2021;UJAHR;UMONAT;USTUNDE;UWOCHENTAG;UKATEGORIE;UART;UTYP1;ULICHTVERH;IstRad;IstPKW;IstFuss;IstKrad;IstGkfz;IstSonstige;USTRZUSTAND
192316;11;4;4030725;2019;2;11;7;3;0;1;0;0;0;0;1;0;0;0
192317;11;9;9010301;2019;2;11;7;3;5;2;0;1;1;0;0;0;0;0
192318;11;4;4020314;2019;2;11;7;3;5;2;0;1;1;0;0;0;0;0
192319;11;12;12214527;2019;2;19;4;2;6;4;2;0;1;1;0;0;0;0
192320;11;10;10010308;2019;2;10;7;3;2;6;0;0;1;0;0;0;0;0
192321;11;2;2030302;2019;2;1;7;3;1;5;2;1;1;0;0;0;0;0
192322;11;1;1011201;2019;2;19;4;3;5;2;2;1;0;0;0;0;1;0
192323;11;9;9010101;2019;2;3;7;2;5;3;2;0;1;0;0;0;0;0
192324;11;5;5010313;2019;2;9;7;3;5;2;0;0;1;0;0;0;0;0
192325;11;12;12302109;2019;2;10;7;3;6;7;0;0;1;1;0;0;0;0
192326;11;8;8040933;2019;2;19;4;3;6;2;2;0;1;1;0;0;0;0
192327;11;1;1022104;2019;2;10;7;3;2;6;0;0;1;0;0;0;0;0
192328;11;11;11040925;2019;2;19;5;2;0;1;2;1;0;0;0;0;0;0
192329;11;1;1011303;2019;2;19;7;3;2;6;2;0;1;0;0;0;0;0
192330;11;12;12304313;2019;2;17;7;3;5;3;1;0;1;0;0;0;1;0
192331;11;4;4030827;2019;2;18;4;3;1;5;1;1;1;0;0;0;0;0
192332;11;1;1011301;2019;2;10;5;3;1;5;0;1;1;0;0;0;0;0
192333;11;3;3061228;2019;2;17;7;3;2;6;2;0;1;0;0;0;0;0
192334;11;1;1011301;2019;2;16;7;3;5;3;0;1;1;0;0;0;0;0
192335;11;7;7060603;2019;2;18;4;3;5;3;2;0;1;0;0;0;0;0
192336;11;3;3050925;2019;2;15;7;3;5;3;0;0;1;0;0;0;0;0
192337;11;1;1011303;2019;2;13;7;3;6;7;0;0;1;1;0;0;0;0
192338;11;3;3071537;2019;2;17;4;3;2;7;1;1;1;0;0;0;0;0
192339;11;12;12103115;2019;2;13;7;2;6;7;0;0;0;1;0;0;1;0
192340;11;4;4051446;2019;2;9;6;3;0;5;0;0;1;0;1;0;0;0
192341;11;3;3061441;2019;2;18;4;3;5;3;1;1;0;0;0;0;0;0
192342;11;6;6020408;2019;2;18;6;3;3;2;2;1;1;0;0;0;0;1
192343;11;3;3061126;2019;2;13;4;3;5;2;0;1;1;0;0;0;0;0
192344;11;6;6010208;2019;2;14;6;3;2;6;0;0;1;0;0;0;0;0
192345;11;6;6030502;2019;2;8;6;3;2;6;0;0;1;0;0;0;1;0
192346;11;4;4051549;2019;2;17;4;3;5;2;0;1;1;0;0;0;0;0
192347;11;4;4031032;2019;2;21;6;3;5;2;2;1;1;0;0;0;0;0
192348;11;11;11010309;2019;2;13;6;3;6;4;0;0;1;1;0;0;0;0
192349;11;1;1044202;2019;2;12;6;3;5;2;0;1;0;0;0;1;0;0
192350;11;1;1033102;2019;2;16;4;3;2;6;1;0;1;0;0;0;1;0
192351;11;2;2040502;2019;2;13;6;3;6;2;0;0;1;1;0;0;0;0
192352;11;5;5010314;2019;2;13;6;3;6;4;0;0;1;1;0;0;0;0
192353;11;1;1044201;2019;2;14;6;3;2;2;0;1;1;0;0;0;0;0
192354;11;6;6030501;2019;2;17;4;3;2;6;2;1;1;0;0;0;0;0
192355;11;3;3071537;2019;2;13;6;3;0;3;0;1;0;0;1;0;0;0
192356;11;3;3010101;2019;2;14;6;3;2;6;0;0;1;0;0;0;0;0
192357;11;2;2040502;2019;2;14;6;3;1;5;0;1;1;0;0;0;0;0
192358;11;8;8020727;2019;2;16;4;3;1;5;0;0;1;0;0;0;0;0
192359;11;9;9020501;2019;2;14;6;3;6;4;0;0;1;1;0;0;0;0
192360;11;9;9020701;2019;2;10;4;3;2;6;0;0;1;0;0;0;0;0
192361;11;2;2040502;2019;2;7;6;3;6;7;0;0;1;1;0;0;0;0
192362;11;2;2040703;2019;2;15;6;3;5;3;0;1;1;0;0;0;0;0
192363;11;1;1033202;2019;2;15;4;3;5;3;0;0;1;0;0;0;0;0
192364;11;2;2020205;2019;2;12;6;3;5;7;0;1;1;0;0;0;0;0
192365;11;7;7030301;2019;2;5;6;3;0;5;2;0;0;0;0;0;1;0
192366;11;1;1011204;2019;2;16;6;3;5;3;0;0;1;0;0;0;0;0
192367;11;4;4030930;2019;2;15;4;3;1;5;0;1;1;0;0;0;0;0
192368;11;2;2030401;2019;2;11;6;3;5;5;0;0;1;0;1;0;0;0
192369;11;2;2040703;2019;2;16;6;3;1;5;0;1;1;0;0;0;1;0
192370;11;3;3050919;2019;2;11;6;3;5;2;0;0;0;0;1;1;0;1
192371;11;11;11020411;2019;2;16;6;3;2;7;0;0;1;0;0;0;0;0
192372;11;8;8041037;2019;2;15;4;2;6;4;0;0;1;1;0;0;0;0
192373;11;4;4030518;2019;2;11;6;3;2;6;0;0;0;0;0;1;1;0
192374;11;4;4051446;2019;2;10;6;3;5;3;0;0;1;0;0;0;0;0
192375;11;1;1011302;2019;2;18;6;3;1;5;1;1;1;0;0;0;0;0
192376;11;5;5020625;2019;2;7;4;3;0;2;0;1;1;0;0;0;0;0
192377;11;3;3061131;2019;2;14;6;3;5;2;0;1;1;0;0;0;0;0
192378;11;3;3061131;2019;2;19;6;3;2;6;2;0;1;0;1;0;0;0
192379;11;4;4030726;2019;2;5;4;3;6;4;2;0;1;1;0;0;0;0
192380;11;11;11030721;2019;2;10;6;3;5;2;0;1;1;0;0;0;0;0
192381;11;4;4051447;2019;2;19;6;3;6;7;2;0;1;1;0;0;0;0
192382;11;2;2050801;2019;2;20;6;3;5;3;2;1;1;0;0;0;0;0
192383;11;5;5010314;2019;2;7;3;3;2;6;0;0;1;0;0;0;0;0
192384;11;7;7070704;2019;2;20;6;3;6;4;2;1;0;1;0;0;0;0
192385;11;4;4051445;2019;2;21;6;3;5;2;2;0;1;0;0;0;0;0
192386;11;10;10040931;2019;2;11;6;2;5;3;0;1;1;0;0;0;0;0
192387;11;5;5010312;2019;2;13;3;3;5;3;0;0;1;0;0;0;0;0
192388;11;1;1044202;2019;2;9;6;3;2;6;0;0;1;0;0;0;1;0
192389;11;8;8020727;2019;2;14;6;3;5;2;0;0;1;0;0;0;1;0
192390;11;10;10010206;2019;2;7;3;3;5;3;0;0;1;0;0;0;1;0
192391;11;12;12214125;2019;2;16;6;2;3;6;0;1;1;0;0;0;0;0
192392;11;6;6020301;2019;2;20;6;3;0;1;2;0;0;0;1;0;0;0
192393;11;9;9051901;2019;2;16;6;2;0;1;0;0;0;0;1;0;0;0
192394;11;12;12214125;2019;2;12;3;3;6;4;0;0;1;1;0;0;0;0
192395;11;7;7020201;2019;2;16;5;3;3;6;0;0;1;0;0;0;0;0
192396;11;7;7040404;2019;2;15;5;3;5;2;0;0;1;0;0;0;1;0
192397;11;7;7020201;2019;2;18;5;2;6;2;2;0;1;1;0;0;0;1
192398;11;7;7070703;2019;2;15;3;3;5;3;0;0;1;0;0;0;0;0
192399;11;8;8010405;2019;2;16;5;3;1;5;0;0;1;0;0;0;0;1
192400;11;8;8010301;2019;2;20;5;3;6;2;2;0;1;1;0;0;0;0
192401;11;7;7030301;2019;2;11;5;3;2;6;0;0;1;0;0;0;0;1
192402;11;4;4041241;2019;2;21;5;3;6;2;2;0;1;1;0;0;0;1
192403;11;10;10040933;2019;2;12;3;3;5;3;0;0;1;0;0;0;0;0
192404;11;1;1011105;2019;2;19;5;2;5;2;2;0;1;0;1;0;0;1
192405;11;2;2030301;2019;2;19;5;3;6;2;2;0;1;1;0;0;0;1
192406;11;2;2030302;2019;2;9;3;3;3;6;0;1;0;0;0;1;0;0
192407;11;1;7010101;2019;2;19;5;3;5;3;2;1;1;0;0;0;0;1
192408;11;8;8010301;2019;2;19;5;3;5;2;2;0;0;0;1;0;1;1
192409;11;2;2040703;2019;2;9;3;3;5;2;0;1;1;0;0;0;0;0
192410;11;10;10040931;2019;2;19;5;2;6;2;2;0;1;1;0;0;0;1
192411;11;4;4020311;2019;2;13;4;3;6;2;0;0;1;1;0;0;0;0
192412;11;7;7050505;2019;2;18;5;3;5;2;1;0;1;0;1;0;0;1
192413;11;5;5030731;2019;2;17;5;3;5;7;2;0;1;0;1;0;0;1
192414;11;1;1011104;2019;2;8;3;3;5;2;0;1;1;0;0;0;0;0
192415;11;3;3061228;2019;2;17;5;3;5;3;2;1;1;0;0;0;0;1
192416;11;1;1011204;2019;2;15;4;3;2;6;0;0;1;0;0;0;0;0
192417;11;4;4030726;2019;2;16;5;3;5;7;0;0;1;0;0;0;0;1
192418;11;12;12214527;2019;2;16;5;3;0;2;0;1;1;0;0;0;0;1
192419;11;9;9010402;2019;2;6;3;3;3;6;0;0;1;0;0;0;0;0
192420;11;6;6030503;2019;2;10;5;3;0;7;0;0;1;0;0;0;0;1
192421;11;11;11051229;2019;2;8;5;3;2;2;0;0;1;0;0;0;0;1
192422;11;8;8020625;2019;2;8;5;3;5;2;0;0;1;0;0;0;1;1
192423;11;11;11020412;2019;2;18;3;3;1;1;2;0;1;0;0;0;0;0
192424;11;1;1011202;2019;2;8;5;3;6;7;0;0;1;1;0;0;0;1
192425;11;10;10030724;2019;2;7;5;3;5;2;0;0;1;0;0;0;1;0
192426;11;1;1033201;2019;2;6;5;3;6;2;0;0;1;1;0;0;0;1
192427;11;6;6030609;2019;2;8;4;3;5;7;0;0;1;0;0;0;0;0
192428;11;9;9020802;2019;2;6;5;2;5;2;0;1;1;0;0;0;0;1
192429;11;1;1033102;2019;2;1;5;3;1;1;2;0;1;0;0;0;0;0
192430;11;3;3010102;2019;2;5;3;3;2;6;2;0;1;0;0;0;0;0
192431;11;4;4010103;2019;2;6;5;3;5;2;1;0;1;0;1;0;0;1
192432;11;1;1033202;2019;2;13;5;3;5;3;0;0;1;0;0;0;0;0
192433;11;2;2040503;2019;2;12;5;3;5;3;0;0;1;0;1;0;0;1
192434;11;1;1011202;2019;2;12;5;3;2;6;0;0;1;0;0;0;0;0
192435;11;4;4020206;2019;2;0;3;3;5;3;2;0;1;0;0;0;0;0
192436;11;10;10010308;2019;2;12;5;3;6;4;0;0;1;1;0;0;0;1
192437;11;5;5010339;2019;2;11;5;2;2;6;0;0;1;0;0;0;1;0
192438;11;8;8020727;2019;2;11;5;2;6;2;0;0;0;1;0;0;1;1
192439;11;5;5030833;2019;2;16;3;2;5;2;0;0;1;0;0;0;0;0
192440;11;7;7040404;2019;2;9;5;3;0;6;0;1;1;0;0;0;0;0
192441;11;3;3030715;2019;2;11;5;2;6;3;0;0;1;1;0;0;0;0
192442;11;7;7030303;2019;2;10;5;3;5;3;0;0;1;0;0;0;0;1
192443;11;1;1011302;2019;2;18;4;3;3;6;2;1;0;0;0;0;0;0
192444;11;10;10030724;2019;2;14;4;3;2;6;0;0;1;0;0;0;0;0
192445;11;12;12304313;2019;2;8;4;3;0;6;0;0;1;0;0;0;0;0
192446;11;1;1011105;2019;2;17;4;3;0;3;0;1;1;0;0;0;0;0
192447;11;11;11041022;2019;2;16;3;3;2;2;0;1;1;0;0;0;1;0
192448;11;6;6010205;2019;2;8;4;3;6;4;0;0;1;1;0;0;0;0
192449;11;3;3030406;2019;2;5;4;3;5;2;2;1;1;0;0;0;0;0
192450;11;3;3020209;2019;2;7;4;3;5;3;0;0;1;0;0;0;0;0
192451;11;8;8020619;2019;2;11;3;2;0;1;0;0;0;0;1;0;0;0
192452;11;7;7070702;2019;2;7;4;3;5;3;0;1;1;0;0;0;0;0
192453;11;10;10020623;2019;2;11;5;3;5;3;0;0;1;0;0;0;0;0
192454;11;8;8010115;2019;2;12;4;3;2;6;0;0;1;0;0;0;0;0
192455;11;10;11020516;2019;2;13;4;3;0;3;0;0;1;0;0;0;1;0
192456;11;2;2020204;2019;2;16;3;3;3;6;0;1;1;0;0;0;0;0
192457;11;4;4030726;2019;2;10;4;3;6;2;0;0;1;1;0;0;0;0
192458;11;8;8010117;2019;2;11;4;3;0;2;0;0;1;0;1;0;0;0
192459;11;1;1022104;2019;2;11;4;3;1;5;0;1;1;0;0;0;0;0
192460;11;5;5030730;2019;2;14;4;3;5;3;0;0;1;0;0;0;0;0
192461;11;1;1011304;2019;2;18;2;2;0;7;2;0;0;0;1;0;0;0
192462;11;1;1022204;2019;2;11;4;3;6;3;0;0;1;1;0;0;0;0
192463;11;1;1022204;2019;2;13;4;3;5;2;0;1;1;0;0;0;0;0
192464;11;8;8010302;2019;2;14;2;3;1;5;0;0;1;0;0;0;0;0
192465;11;2;2030302;2019;2;14;4;3;3;6;0;1;1;0;0;0;0;0
192466;11;4;4030931;2019;2;15;4;3;5;2;0;0;1;0;0;0;0;0
192467;11;4;4030620;2019;2;10;4;3;0;1;0;0;0;0;1;0;0;0
192468;11;1;1022103;2019;2;8;2;3;2;6;0;0;0;0;0;1;1;0
192469;11;5;5010207;2019;2;16;4;2;5;3;0;0;1;0;0;0;0;0
192470;11;7;7020201;2019;2;17;5;3;5;2;1;0;1;0;0;0;0;0
192471;11;3;3050925;2019;2;17;4;2;6;4;0;0;1;1;0;0;0;0
192472;11;8;8020622;2019;2;17;4;3;2;6;1;0;1;0;0;0;0;0
192473;11;10;10010309;2019;2;7;2;3;0;7;0;1;0;0;0;0;0;0
192474;11;3;3061228;2019;2;18;4;2;6;4;1;0;1;1;0;0;0;0
192475;11;2;2020202;2019;2;12;3;3;5;2;0;0;1;0;0;0;0;0
192476;11;6;6010103;2019;2;18;2;3;5;2;2;1;0;0;0;0;1;0
192477;11;3;3030716;2019;2;17;2;3;1;5;1;1;0;0;0;1;0;0
192478;11;4;4030827;2019;2;8;3;3;0;4;0;1;0;1;0;0;0;0
192479;11;1;1011202;2019;2;10;3;3;5;7;0;0;1;0;0;0;0;0
192480;11;3;3040614;2019;2;17;2;2;6;4;0;0;1;1;0;0;0;0
192481;11;4;4030929;2019;2;16;3;3;1;5;0;1;1;0;0;0;0;0
192482;11;5;5010206;2019;2;15;3;3;5;7;0;0;1;0;1;0;0;0
192483;11;6;6030503;2019;2;16;2;3;0;2;0;1;0;0;0;0;1;0
192484;11;3;3050919;2019;2;14;3;3;4;7;0;0;1;0;0;0;0;0
192485;11;2;2020206;2019;2;12;4;3;2;6;0;0;1;0;0;0;0;0
192486;11;12;12214125;2019;2;12;3;3;5;3;0;0;1;0;0;0;1;0
192487;11;12;12301203;2019;2;11;3;3;5;3;0;0;1;0;0;0;1;0
192488;11;2;2020205;2019;2;16;2;3;5;3;0;0;1;0;0;0;0;0
192489;11;6;6020303;2019;2;10;3;3;2;6;0;0;1;0;0;0;0;0
192490;11;11;11010310;2019;2;9;3;3;2;4;0;0;1;1;1;0;0;0
192491;11;9;9041302;2019;2;9;3;3;0;1;0;1;0;0;0;0;0;0
192492;11;12;12214125;2019;2;16;2;3;5;3;0;0;1;0;1;0;0;0
192493;11;2;2050801;2019;2;8;3;3;5;7;0;1;1;0;0;0;0;0
192494;11;1;1044101;2019;2;8;3;3;5;3;0;1;1;0;0;0;0;0
192495;11;1;1022106;2019;2;8;3;3;5;2;0;1;1;0;0;0;0;0
192496;11;12;12214125;2019;2;7;3;3;6;4;0;1;0;1;0;0;0;0
192497;11;1;1011105;2019;2;22;3;3;0;7;2;1;0;0;0;0;0;0
192498;11;8;8010118;2019;2;20;3;3;6;4;2;0;1;1;0;0;0;1
192499;11;8;8010301;2019;2;18;3;3;5;2;2;1;1;0;0;0;0;0
192500;11;6;6040804;2019;2;11;4;3;5;2;0;1;1;0;0;0;0;0
192501;11;12;12103117;2019;2;17;3;3;3;6;2;1;1;0;0;0;0;0
192502;11;1;1011304;2019;2;17;3;3;2;6;2;1;1;0;0;0;0;0
192503;11;12;12224229;2019;2;15;2;3;0;7;0;0;0;0;0;0;1;0
192504;11;1;1022101;2019;2;17;3;3;6;4;1;0;1;1;0;0;0;0
192505;11;9;9030901;2019;2;14;2;3;5;2;0;0;1;0;0;0;0;0
192506;11;8;8010212;2019;2;7;2;3;5;3;0;0;1;0;0;0;0;0
192507;11;6;6030607;2019;2;15;2;3;2;6;0;0;1;0;0;0;1;0
192508;11;2;2040703;2019;2;19;2;3;1;5;2;1;1;0;0;0;1;0
192509;11;9;9051901;2019;2;13;2;2;6;4;0;1;0;1;0;0;0;0
192510;11;1;1011103;2019;2;21;2;3;5;3;2;1;1;0;0;0;0;0
192511;11;2;2010104;2019;2;19;2;3;3;6;2;0;1;0;1;0;0;0
192512;11;9;9020802;2019;2;17;2;3;2;7;2;0;1;0;0;0;0;0
192513;11;7;7010103;2019;2;17;2;3;6;4;1;1;0;1;0;0;0;0
192514;11;2;2020205;2019;2;15;2;3;4;5;0;1;0;0;0;0;0;0
192515;11;4;4030931;2019;2;17;2;2;0;6;0;0;1;0;0;0;1;0
192516;11;8;8010211;2019;2;17;2;3;6;4;0;0;1;1;0;0;0;0
192517;11;2;2010102;2019;2;9;4;2;5;3;0;0;1;0;0;0;0;0
192518;11;12;12103117;2019;2;14;2;3;5;3;0;1;1;0;0;0;0;0
192519;11;8;8010508;2019;2;14;2;3;5;3;0;0;1;0;0;0;0;0
192520;11;10;10020413;2019;2;14;2;3;2;6;0;0;1;0;0;0;0;0
192521;11;11;11020515;2019;2;12;2;3;5;3;0;1;0;0;0;0;1;0
192522;11;10;11030720;2019;2;11;2;3;3;6;0;0;1;0;0;0;0;0
192523;11;3;3020210;2019;2;11;2;3;0;5;0;1;1;0;0;0;0;0
192524;11;5;5010103;2019;2;14;2;3;3;6;0;1;1;0;0;0;0;0
192525;11;9;9041501;2019;2;11;2;2;0;1;0;1;0;0;0;0;0;0
192526;11;1;1044103;2019;2;10;2;3;2;6;0;0;1;0;0;0;0;0
192527;11;4;4030417;2019;2;8;2;2;6;4;0;0;1;1;0;0;0;0
192528;11;8;8040933;2019;2;13;2;3;1;1;0;0;1;0;0;0;1;0
192529;11;1;1011401;2019;2;17;2;3;5;3;0;0;1;0;1;0;0;0
192530;11;7;7020203;2019;2;16;2;3;5;2;0;1;0;0;0;0;0;0
192531;11;11;11020412;2019;2;13;2;2;6;4;0;0;1;1;0;0;0;0
192532;11;3;3020307;2019;2;16;2;3;5;2;0;1;1;0;0;0;0;0
192533;11;6;6030605;2019;2;16;2;3;5;2;0;0;1;0;0;0;0;0
192534;11;12;12214423;2019;2;13;2;3;2;6;0;0;1;0;1;0;0;0
192535;11;1;1011102;2019;2;15;2;3;3;2;0;0;1;0;1;0;0;0
192536;11;4;4041241;2019;2;15;5;2;5;3;0;0;1;0;0;0;0;0
192537;11;9;9020502;2019;2;14;2;3;5;3;0;1;1;0;0;0;0;0
192538;11;1;1022106;2019;2;14;2;3;5;5;0;0;1;0;1;0;0;0
192539;11;9;9010301;2019;2;10;2;3;6;4;0;0;1;1;0;0;0;0
192540;11;3;3061429;2019;2;20;1;3;6;4;2;0;1;1;0;0;0;0
192541;11;1;1011105;2019;2;23;5;3;5;2;2;0;1;0;0;0;0;0
192542;11;7;7020202;2019;2;13;1;3;1;5;0;1;1;0;0;0;0;0
192543;11;8;8020726;2019;2;14;1;3;2;6;0;0;1;0;0;0;0;0
192544;11;3;3020210;2019;2;10;2;3;3;6;0;0;1;0;0;1;0;0
192545;11;9;9010402;2019;2;9;1;3;3;6;0;1;0;0;0;0;1;0
192546;11;5;5010314;2019;2;18;1;2;2;4;2;0;1;1;0;0;0;0
192547;11;11;11041128;2019;2;10;2;3;6;2;0;0;1;1;0;0;0;0
192548;11;4;4041344;2019;2;16;1;3;1;5;0;1;1;0;0;0;0;0
192549;11;2;2010101;2019;2;21;1;2;6;2;2;0;1;1;0;0;0;0
192550;11;1;1011202;2019;2;9;2;3;0;7;0;0;1;0;1;0;0;0
192551;11;2;2040502;2019;2;21;1;2;5;2;2;0;1;0;1;0;0;0
192552;11;11;11030618;2019;2;13;4;3;5;2;0;1;1;0;0;0;0;0
192553;11;1;1011204;2019;2;17;1;3;5;2;1;1;1;0;0;0;0;0
192554;11;9;9041501;2019;2;15;1;3;6;4;0;1;0;1;0;0;0;0
192555;11;4;4051445;2019;2;9;2;3;5;7;0;0;1;0;0;0;1;0
192556;11;1;1033102;2019;2;15;1;3;6;2;0;0;1;1;0;0;0;0
192557;11;2;2030402;2019;2;15;1;3;2;6;0;1;1;0;0;0;0;0
192558;11;11;11030619;2019;2;14;1;3;5;3;0;0;1;0;0;0;0;0
192559;11;12;12231101;2019;2;8;2;3;2;6;0;0;1;0;0;0;0;0
192560;11;1;1044202;2019;2;14;1;3;2;1;0;1;1;0;0;0;0;0
192561;11;4;4010101;2019;2;3;1;3;9;1;2;0;1;0;0;0;0;0
192562;11;2;2030302;2019;2;14;1;3;1;5;0;0;1;0;0;0;0;0
192563;11;1;1011303;2019;2;22;2;3;5;2;2;1;1;0;0;0;0;0
192564;11;1;1011202;2019;2;18;1;2;5;2;2;1;1;0;0;0;0;0
192565;11;7;7020202;2019;2;21;1;2;5;2;2;0;1;0;0;0;1;0
192566;11;10;10010311;2019;2;15;1;2;5;2;0;0;1;0;0;0;0;0
192567;11;12;12103117;2019;2;5;2;3;2;6;2;0;1;0;0;0;0;0
192568;11;2;2020203;2019;2;8;1;3;1;5;0;0;1;0;0;0;1;0
192569;11;6;6040703;2019;2;8;4;3;5;3;0;1;1;0;0;0;0;0
192570;11;11;11010102;2019;2;10;7;3;5;2;0;0;1;0;1;0;0;0
192571;11;1;1022206;2019;2;2;7;3;6;4;2;0;1;1;0;0;0;0
192572;11;9;9041301;2019;2;6;2;3;2;6;1;0;1;0;0;0;0;0
192573;11;4;4030931;2019;2;22;7;3;5;3;2;1;1;0;0;0;0;0
192574;11;2;2030301;2019;2;21;7;3;3;6;2;1;1;0;0;0;0;0
192575;11;4;4030827;2019;2;18;7;3;1;5;2;0;1;0;0;0;0;0
192576;11;12;12214424;2019;2;7;2;3;3;6;0;0;1;0;0;1;0;0
192577;11;10;10020413;2019;2;17;7;3;5;3;1;0;1;0;0;0;1;0
192578;11;7;7010101;2019;2;11;7;3;5;2;0;1;1;0;0;0;0;0
192579;11;3;3030406;2019;2;9;7;3;5;3;0;0;1;0;0;0;0;0
192580;11;5;5010103;2019;2;16;7;3;0;7;0;0;1;0;0;0;0;0
192581;11;12;12214424;2019;2;20;2;3;1;5;2;0;1;0;0;0;0;0
192582;11;4;4030931;2019;2;15;7;3;6;4;0;0;1;1;0;0;0;0
192583;11;8;8010214;2019;2;14;7;3;5;2;0;1;1;0;0;0;0;0
192584;11;2;2020204;2019;2;14;7;3;2;6;0;0;1;0;0;0;0;0
192585;11;3;3051022;2019;2;7;4;3;5;2;0;1;1;0;0;0;0;0
192586;11;4;4051445;2019;2;13;7;2;6;7;0;0;1;1;0;0;0;0
192587;11;7;7040401;2019;2;13;7;3;6;4;0;0;1;1;0;0;0;0
192588;11;10;10010309;2019;2;19;2;3;6;7;2;0;1;1;0;0;0;0
192589;11;7;7060604;2019;2;13;7;3;2;6;0;0;1;0;0;0;0;0
192590;11;1;1011202;2019;2;20;6;2;5;3;2;1;1;0;0;0;0;0
192591;11;5;5010314;2019;2;19;6;3;2;6;2;0;1;0;0;0;0;0
192592;11;12;12231101;2019;2;7;2;3;1;5;0;1;1;0;0;0;0;0
192593;11;3;3061227;2019;2;21;6;3;6;4;2;1;0;1;0;0;0;0
192594;11;5;5010310;2019;2;10;5;2;1;7;0;0;1;0;0;0;1;0
192595;11;4;5030833;2019;2;20;6;3;2;6;2;0;1;0;1;0;0;0
192596;11;12;12302110;2019;2;18;6;3;2;6;2;0;1;0;0;0;0;0
192597;11;10;10030725;2019;2;21;2;2;9;1;2;0;0;0;1;0;0;0
192598;11;9;9041301;2019;2;8;6;3;5;3;0;0;1;0;0;0;1;0
192599;11;4;4030931;2019;2;8;6;3;1;5;0;0;1;0;1;0;0;0
192600;11;8;8010406;2019;2;8;6;3;6;4;0;0;1;1;0;0;0;0
192601;11;4;4051653;2019;2;7;6;3;5;2;0;1;1;0;0;0;0;0
192602;11;7;7030302;2019;2;7;2;3;0;1;0;0;0;0;1;0;0;0
192603;11;1;1022106;2019;2;15;6;2;6;2;0;0;1;1;0;0;0;0
192604;11;12;12103218;2019;2;15;6;3;2;6;0;0;1;0;0;0;0;0
192605;11;3;3020209;2019;2;8;2;3;5;3;0;1;1;0;0;0;0;0
192606;11;1;1011105;2019;2;15;6;3;1;5;0;1;1;0;0;0;0;0
192607;11;9;9010101;2019;2;16;6;2;2;7;0;1;1;0;0;0;0;0
192608;11;1;1044203;2019;2;7;6;2;2;7;0;1;0;0;0;0;0;0
192609;11;4;4010102;2019;2;16;1;3;2;6;0;0;1;0;0;0;0;0
192610;11;10;10020622;2019;2;7;6;3;3;6;0;0;1;0;0;1;0;0
192611;11;11;11020513;2019;2;18;5;3;2;6;1;0;1;0;0;0;0;0
192612;11;8;8010301;2019;2;7;6;3;6;2;0;0;1;1;0;0;0;0
192613;11;7;7050503;2019;2;7;6;3;5;3;1;1;1;0;0;0;0;0
192614;11;7;7070701;2019;2;16;1;3;0;7;0;0;0;1;0;0;1;0
192615;11;1;1011201;2019;2;6;6;3;2;6;0;0;1;0;0;0;0;0
192616;11;2;2020203;2019;2;5;6;2;5;2;2;1;1;0;0;0;0;0
192617;11;9;9020702;2019;2;16;1;3;2;6;0;0;1;0;0;0;0;0
192618;11;9;9020501;2019;2;5;6;2;3;6;2;0;1;0;0;1;0;0
192619;11;3;3050919;2019;2;16;6;3;6;4;0;0;1;1;0;0;0;0
192620;11;8;8040933;2019;2;16;1;3;1;5;0;0;1;0;0;0;1;0
192621;11;3;3040818;2019;2;16;6;2;2;6;1;0;1;0;0;0;0;0
192622;11;8;8020727;2019;2;17;6;3;1;1;1;0;1;0;0;0;1;0
192623;11;2;2020202;2019;2;8;6;3;2;3;0;1;1;0;0;0;0;0
192624;11;1;1011303;2019;2;16;1;3;5;7;0;0;1;0;0;0;0;0
192625;11;2;2020204;2019;2;8;6;3;5;2;0;1;1;0;0;0;0;0
192626;11;3;3061227;2019;2;14;4;3;3;6;0;0;1;0;0;0;0;0
192627;11;6;6030605;2019;2;18;6;3;5;2;1;0;1;0;0;0;1;0
192628;11;3;3071536;2019;2;18;6;3;6;4;1;0;1;1;0;0;0;0
192629;11;4;4051448;2019;2;17;1;3;5;7;1;1;1;0;0;0;0;0
192630;11;9;9051901;2019;2;9;6;3;3;6;0;1;0;0;0;0;0;0
192631;11;8;8020619;2019;2;18;6;3;5;3;2;0;1;0;0;0;0;0
192632;11;5;5030731;2019;2;15;6;3;5;2;0;1;1;0;0;0;0;0
192633;11;4;4010103;2019;2;17;1;3;2;7;2;0;1;0;0;1;0;0
192634;11;11;11030721;2019;2;10;6;3;5;3;0;0;1;0;0;0;0;0
192635;11;4;4030620;2019;2;7;4;3;6;4;0;0;1;1;0;0;0;0
192636;11;2;2020203;2019;3;23;2;3;5;3;2;0;1;0;0;0;0;1
192637;11;9;9020802;2019;3;17;5;3;6;2;0;0;1;1;0;0;0;1
192638;11;7;7020201;2019;3;8;2;3;5;2;0;0;1;0;0;0;0;1
192639;11;12;12103115;2019;3;22;2;3;9;1;2;0;1;0;0;0;0;1
192640;11;6;6040703;2019;3;16;5;2;5;3;0;1;1;0;0;0;0;1
192641;11;4;4030931;2019;3;8;2;3;1;5;0;1;1;0;0;0;1;1
192642;11;3;3050925;2019;3;5;1;3;1;1;2;0;1;0;0;0;0;0
192643;11;11;11020513;2019;3;5;1;3;2;6;2;0;1;0;0;0;0;0
192644;11;12;12304314;2019;3;16;5;3;5;3;1;1;1;0;0;0;0;1
192645;11;9;9010101;2019;3;20;1;3;6;2;2;0;1;1;0;0;0;1