OBJECTID;LAND;BEZ;LOR_ab_2021;UJAHR;UMONAT;USTUNDE;UWOCHENTAG;UKATEGORIE;UART;UTYP1;ULICHTVERH;IstRad;IstPKW;IstFuss;IstKrad;IstGkfz;IstSonstige;USTRZUSTAND
192646;11;2;2020203;2019;3;19;5;3;5;3;2;1;1;0;0;0;0;1
192647;11;7;7010102;2019;3;19;1;3;5;2;2;1;1;0;0;0;0;1
192648;11;2;2050803;2019;3;20;1;3;5;2;2;1;1;0;0;0;0;1
192649;11;11;11041128;2019;3;18;1;3;6;2;1;0;1;1;0;0;0;1
192650;11;2;2020206;2019;3;20;1;2;5;7;2;0;1;0;0;0;0;1
192651;11;12;12214424;2019;3;19;1;3;5;3;2;0;1;0;0;0;0;1
192652;11;10;10020413;2019;3;18;1;2;6;2;2;0;1;1;0;0;0;1
192653;11;4;4030828;2019;3;18;1;3;6;2;2;0;1;1;0;0;0;1
192654;11;5;5010101;2019;3;8;1;2;9;1;0;0;1;0;0;0;0;1
192655;11;1;1011204;2019;3;16;5;3;5;2;0;1;0;0;0;0;1;1
192656;11;8;8010404;2019;3;17;1;3;2;6;1;0;1;0;0;0;0;1
192657;11;10;10030727;2019;3;16;5;3;5;3;0;1;1;0;0;0;0;1
192658;11;1;1033202;2019;3;14;1;3;0;1;0;0;0;0;1;0;0;1
192659;11;6;6020306;2019;3;14;1;3;5;7;0;0;1;0;0;0;0;1
192660;11;7;7010102;2019;3;12;1;3;2;6;0;0;1;0;0;0;0;1
192661;11;11;11030618;2019;3;15;5;3;5;2;0;1;1;0;0;0;0;1
192662;11;1;1022206;2019;3;12;1;3;5;2;0;1;1;0;0;0;0;1
192663;11;1;1011102;2019;3;19;5;3;5;3;2;0;1;0;1;0;0;1
192664;11;12;12103117;2019;3;12;1;3;5;2;0;0;1;0;0;0;0;1
192665;11;8;8010213;2019;3;20;7;3;5;3;2;1;1;0;0;0;0;1
192666;11;3;3020209;2019;3;15;5;3;5;3;0;0;1;0;0;0;0;1
192667;11;3;3010101;2019;3;14;7;2;5;2;0;0;1;0;0;0;0;1
192668;11;5;5010314;2019;3;15;7;3;0;6;0;0;1;0;1;0;0;1
192669;11;12;12214125;2019;3;20;5;3;6;4;2;0;0;1;1;0;0;1
192670;11;5;5010339;2019;3;8;7;2;1;5;0;0;1;0;1;0;0;1
192671;11;8;8040933;2019;3;16;7;3;5;3;0;0;1;0;0;0;0;1
192672;11;12;12304314;2019;3;17;7;3;6;4;1;0;1;1;0;0;0;0
192673;11;4;4030726;2019;3;20;5;3;5;2;2;1;1;0;0;0;0;1
192674;11;7;7060604;2019;3;17;7;3;5;7;1;0;1;0;0;0;0;1
192675;11;5;5010313;2019;3;20;5;2;5;7;2;0;1;0;0;0;0;1
192676;11;12;12103115;2019;3;19;7;3;6;2;2;0;1;1;0;0;0;1
192677;11;7;7040403;2019;3;13;7;3;2;7;0;0;1;0;0;0;0;0
192678;11;4;4030726;2019;3;22;5;3;6;2;2;0;1;1;0;0;0;1
192679;11;12;12103219;2019;3;23;5;3;1;5;2;1;1;0;0;0;1;1
192680;11;4;4030726;2019;3;12;7;3;3;6;0;0;1;0;0;0;0;0
192681;11;6;6030503;2019;3;9;7;3;5;3;0;0;1;0;0;0;0;1
192682;11;12;12214424;2019;3;16;5;3;2;6;0;0;1;0;0;0;0;1
192683;11;12;12103219;2019;3;9;7;3;5;2;0;0;1;0;0;0;1;0
192684;11;10;10020412;2019;3;15;7;3;6;4;0;1;0;1;0;0;0;1
192685;11;8;8010509;2019;3;14;5;3;5;7;0;0;1;0;0;0;1;1
192686;11;2;2020203;2019;3;2;7;3;5;2;2;0;1;0;0;0;0;0
192687;11;2;2010102;2019;3;19;7;2;6;4;2;0;1;1;0;0;0;1
192688;11;9;9010302;2019;3;15;5;3;2;6;0;0;1;0;0;0;0;1
192689;11;6;6030610;2019;3;19;7;2;5;2;2;1;1;0;0;0;0;1
192690;11;9;9030901;2019;3;16;5;3;5;2;1;0;1;0;0;0;0;1
192691;11;12;12302107;2019;3;19;7;3;6;2;2;0;1;1;0;0;0;1
192692;11;4;4041342;2019;3;19;7;3;5;2;2;0;1;0;0;0;0;1
192693;11;4;4051653;2019;3;23;5;2;9;1;2;0;1;0;0;0;0;1
192694;11;6;6010205;2019;3;19;7;3;6;2;2;0;1;1;0;0;0;1
192695;11;8;8010118;2019;3;20;7;3;5;3;2;1;1;0;0;0;0;1
192696;11;9;9020802;2019;3;20;7;3;8;1;2;0;1;0;0;0;0;1
192697;11;8;8010118;2019;3;18;5;3;6;2;1;0;1;1;0;0;0;0
192698;11;8;8020622;2019;3;10;7;3;5;2;0;0;1;0;0;0;0;0
192699;11;9;9020701;2019;3;20;7;3;5;3;2;0;1;0;0;0;0;1
192700;11;8;8020619;2019;3;21;7;2;6;4;2;0;1;1;0;0;0;1
192701;11;1;1033202;2019;3;18;5;3;0;1;2;0;0;0;1;0;0;1
192702;11;4;4030931;2019;3;22;7;3;5;3;2;0;1;0;0;0;0;1
192703;11;8;8010213;2019;3;23;7;3;5;3;2;0;1;0;0;0;0;1
192704;11;8;8010404;2019;3;11;6;3;5;3;0;0;1;0;0;0;0;1
192705;11;7;7070703;2019;3;13;5;3;5;3;0;1;1;0;0;0;0;0
192706;11;1;1044201;2019;3;23;6;2;6;4;2;0;1;1;0;0;0;0
192707;11;9;9052001;2019;3;1;5;3;9;1;2;0;1;0;0;0;0;1
192708;11;3;3061131;2019;3;23;6;3;6;4;2;0;1;1;0;0;0;0
192709;11;2;2010102;2019;3;17;6;3;2;6;0;1;1;0;0;0;0;0
192710;11;3;3010102;2019;3;6;5;2;6;4;0;0;1;1;0;0;0;1
192711;11;9;9020501;2019;3;17;6;2;1;1;0;0;1;0;0;0;1;0
192712;11;3;3040614;2019;3;16;6;2;6;4;0;0;1;1;0;0;0;0
192713;11;3;3061227;2019;3;14;6;3;5;3;0;0;1;0;0;0;0;1
192714;11;8;8010407;2019;3;13;5;3;5;3;0;0;1;0;0;0;0;1
192715;11;2;2010103;2019;3;8;6;3;5;3;0;1;1;0;0;0;0;0
192716;11;9;9010301;2019;3;19;5;3;3;6;2;1;0;0;0;0;0;1
192717;11;4;4041137;2019;3;5;5;3;0;3;2;0;1;0;1;0;0;1
192718;11;1;1033102;2019;3;17;5;3;2;6;0;0;1;0;0;0;0;1
192719;11;4;4051448;2019;3;6;5;2;5;2;0;1;1;0;0;0;0;1
192720;11;9;9020501;2019;3;7;5;3;5;3;0;0;1;0;0;0;1;1
192721;11;8;8041036;2019;3;8;5;2;5;3;0;1;1;0;0;0;0;1
192722;11;6;6040810;2019;3;22;5;3;6;7;2;0;1;1;0;0;0;1
192723;11;2;2010103;2019;3;23;5;3;5;3;2;1;1;0;0;0;0;0
192724;11;2;2030301;2019;3;20;5;3;1;5;2;1;1;0;0;0;0;1
192725;11;3;3030715;2019;3;13;5;3;5;3;0;0;1;0;0;0;1;1
192726;11;10;10020517;2019;3;20;5;3;5;3;2;0;1;0;0;0;0;0
192727;11;8;8010117;2019;3;19;5;3;2;5;2;1;1;0;0;0;0;0
192728;11;9;9052001;2019;3;8;5;3;5;3;0;1;1;0;0;0;0;1
192729;11;6;6020303;2019;3;18;5;3;6;2;1;0;1;1;0;0;0;0
192730;11;2;2020203;2019;3;18;5;3;5;2;2;1;1;0;0;0;0;1
192731;11;2;2030301;2019;3;18;5;3;2;6;0;1;1;0;0;0;0;1
192732;11;6;6030610;2019;3;8;5;3;1;5;0;1;1;0;0;0;0;1
192733;11;12;12214424;2019;3;17;5;3;3;6;0;0;1;0;0;0;1;1
192734;11;2;2030302;2019;3;17;5;3;5;3;1;0;1;0;1;0;0;1
192735;11;4;4030827;2019;3;17;5;3;2;6;0;0;1;0;0;0;0;0
192736;11;2;2030301;2019;3;17;5;3;6;4;0;1;0;1;0;0;0;1
192737;11;1;1044202;2019;3;12;5;3;5;2;0;0;1;0;0;0;0;1
192738;11;9;9051901;2019;3;17;5;3;2;1;0;0;1;0;0;0;0;0
192739;11;3;3010102;2019;3;16;5;3;0;3;0;0;1;0;1;0;0;1
192740;11;1;1022104;2019;3;12;5;3;2;6;0;0;1;0;0;0;0;1
192741;11;1;1011401;2019;3;16;5;3;2;7;0;1;1;0;0;0;0;1
192742;11;1;1022204;2019;3;16;5;3;2;2;0;0;1;0;1;0;0;1
192743;11;8;8020727;2019;3;15;5;3;2;1;0;0;1;0;0;0;0;0
192744;11;10;10040828;2019;3;10;5;3;5;3;0;0;1;0;0;0;0;1
192745;11;2;2030302;2019;3;7;5;3;5;2;0;1;1;0;0;0;0;1
192746;11;12;12214424;2019;3;8;5;2;5;3;0;0;1;0;0;1;0;0
192747;11;1;1011402;2019;3;8;5;3;2;6;0;0;1;0;1;0;0;1
192748;11;10;10030724;2019;3;10;5;3;5;7;0;0;1;0;0;0;0;1
192749;11;11;11020514;2019;3;10;5;3;5;2;0;1;1;0;0;0;0;0
192750;11;10;10010308;2019;3;9;5;3;2;6;0;0;1;0;0;0;0;1
192751;11;4;4051654;2019;3;12;5;3;5;2;0;1;1;0;0;0;0;0
192752;11;9;9051702;2019;3;12;5;3;1;5;0;1;1;0;0;0;0;0
192753;11;1;1033201;2019;3;9;5;3;5;5;0;1;1;0;0;0;0;1
192754;11;9;9052001;2019;3;12;5;3;2;2;0;0;1;0;0;0;0;0
192755;11;3;3040614;2019;3;14;5;3;3;6;0;1;1;0;0;0;0;0
192756;11;4;4041134;2019;3;6;4;2;5;3;0;1;1;0;0;0;0;1
192757;11;4;4051653;2019;3;14;5;3;6;7;0;0;1;1;0;0;0;0
192758;11;3;3061227;2019;3;7;5;3;6;4;0;1;0;1;0;0;0;1
192759;11;7;7040403;2019;3;13;4;2;6;4;0;1;0;1;0;0;0;1
192760;11;11;11051331;2019;3;5;5;3;5;3;2;1;0;0;0;0;1;1
192761;11;9;9052001;2019;3;9;4;3;2;2;0;0;1;0;0;0;0;0
192762;11;3;3020203;2019;3;9;5;3;2;6;0;0;1;0;0;1;0;0
192763;11;4;4020314;2019;3;8;5;3;5;2;0;0;1;0;0;0;0;0
192764;11;3;3020209;2019;3;15;4;3;0;3;0;1;1;0;0;0;0;1
192765;11;7;7010101;2019;3;9;5;2;5;3;0;1;1;0;0;0;0;1
192766;11;1;1011401;2019;3;20;4;2;6;4;2;0;1;1;0;0;0;1
192767;11;11;11010205;2019;3;0;5;2;6;4;2;0;1;1;0;0;0;0
192768;11;8;8020620;2019;3;14;4;3;3;6;0;0;1;0;0;1;0;0
192769;11;4;4030931;2019;3;23;4;3;6;2;2;0;1;1;0;0;0;1
192770;11;4;4051448;2019;3;10;4;3;5;2;0;0;1;0;0;0;0;0
192771;11;5;5010209;2019;3;16;4;3;5;2;0;0;1;0;0;0;0;0
192772;11;9;9020702;2019;3;5;4;3;2;6;2;1;0;0;0;0;1;0
192773;11;12;12302107;2019;3;5;4;3;5;3;2;0;1;0;0;0;0;1
192774;11;10;10040933;2019;3;11;4;2;5;3;0;1;1;0;0;0;0;0
192775;11;3;3030711;2019;3;12;6;3;5;3;0;1;1;0;0;0;0;1
192776;11;2;2050601;2019;3;20;4;2;6;2;2;0;1;1;0;0;0;0
192777;11;4;4051448;2019;3;20;4;3;5;2;2;1;1;0;0;0;0;0
192778;11;6;6010210;2019;3;5;4;3;6;2;2;0;1;1;0;0;0;1
192779;11;5;5010206;2019;3;20;4;2;6;2;2;0;1;1;0;0;0;0
192780;11;12;12214125;2019;3;19;4;3;5;2;2;0;1;0;0;0;0;0
192781;11;1;1011306;2019;3;6;4;3;5;5;2;0;1;0;1;0;0;1
192782;11;2;2030401;2019;3;19;4;3;4;5;2;0;1;0;0;0;1;0
192783;11;12;12231101;2019;3;18;4;3;5;3;1;0;1;0;0;0;0;1
192784;11;2;2020202;2019;3;16;4;3;2;2;0;0;1;0;0;0;0;0
192785;11;8;8010404;2019;3;16;4;2;3;6;0;0;1;0;1;0;1;0
192786;11;11;11010309;2019;3;6;4;3;4;7;2;0;1;0;0;0;0;0
192787;11;3;3071537;2019;3;15;4;3;5;3;0;0;1;0;0;0;0;0
192788;11;9;9041402;2019;3;7;4;3;5;2;0;1;0;0;0;0;1;0
192789;11;10;10040932;2019;3;15;4;3;6;4;0;0;0;1;0;0;1;0
192790;11;4;4030519;2019;3;7;4;3;1;5;0;1;1;0;0;0;0;0
192791;11;4;4030415;2019;3;13;4;3;5;2;0;1;1;0;0;0;0;0
192792;11;11;11030721;2019;3;19;5;3;6;2;2;0;1;1;0;0;0;1
192793;11;4;4030931;2019;3;12;4;3;1;5;0;1;1;0;0;0;0;0
192794;11;1;1022202;2019;3;13;4;3;5;2;0;0;1;0;0;0;0;0
192795;11;6;6020409;2019;3;11;4;3;5;7;0;1;1;0;0;0;0;0
192796;11;7;7030301;2019;3;13;4;3;1;7;0;0;1;0;0;0;1;0
192797;11;1;1011101;2019;3;11;4;3;5;3;0;1;1;0;0;0;0;0
192798;11;1;1011201;2019;3;11;4;2;5;2;0;1;1;0;0;0;0;0
192799;11;1;1022202;2019;3;13;4;3;5;2;0;1;1;0;0;0;0;0
192800;11;7;7070703;2019;3;11;4;3;5;2;0;0;1;0;1;0;0;0
192801;11;4;4030621;2019;3;9;4;3;6;4;0;1;0;1;0;0;0;0
192802;11;9;9051901;2019;3;8;4;3;3;6;0;0;0;0;1;0;1;0
192803;11;7;7020203;2019;3;15;4;2;6;4;0;0;1;1;0;0;0;0
192804;11;1;1033203;2019;3;7;4;3;5;2;0;0;1;0;0;0;0;0
192805;11;4;4030621;2019;3;15;4;3;2;6;0;0;1;0;0;0;1;0
192806;11;3;3030715;2019;3;7;4;3;5;2;0;1;1;0;0;0;0;0
192807;11;10;10040931;2019;3;6;4;3;6;4;1;0;1;1;0;0;0;0
192808;11;5;5010314;2019;3;15;4;3;0;2;0;0;1;0;0;0;1;0
192809;11;3;3040614;2019;3;15;3;3;5;3;0;1;1;0;0;0;0;0
192810;11;4;4030726;2019;3;19;5;3;5;3;2;1;1;0;0;0;0;1
192811;11;6;6010101;2019;3;8;3;3;5;3;0;1;0;0;0;0;1;0
192812;11;4;4051445;2019;3;21;3;3;6;2;2;1;0;1;0;0;0;0
192813;11;2;2050802;2019;3;19;3;3;5;3;2;0;1;0;0;0;1;1
192814;11;11;11030619;2019;3;16;4;2;5;7;0;0;1;0;1;0;0;0
192815;11;4;4041134;2019;3;19;3;3;2;6;2;0;1;0;0;0;0;1
192816;11;2;2010103;2019;3;19;3;3;5;2;2;1;1;0;0;0;0;0
192817;11;4;4030620;2019;3;16;4;3;2;7;0;1;1;0;0;0;0;0
192818;11;7;7020203;2019;3;18;3;3;6;2;2;0;1;1;0;0;0;1
192819;11;1;1011105;2019;3;18;3;3;5;3;2;1;1;0;0;0;0;1
192820;11;8;8010406;2019;3;19;3;3;5;2;2;1;1;0;0;0;0;1
192821;11;5;5010312;2019;3;16;4;2;5;7;0;0;1;0;0;0;0;0
192822;11;7;7040405;2019;3;17;3;3;5;3;2;0;1;0;0;0;0;1
192823;11;7;7070705;2019;3;18;4;3;5;2;1;1;1;0;0;0;0;0
192824;11;1;1022206;2019;3;17;3;2;6;4;1;0;1;1;0;0;0;1
192825;11;8;8010404;2019;3;16;3;2;6;7;0;0;1;1;0;0;0;0
192826;11;2;2020204;2019;3;20;4;3;0;1;2;1;1;0;0;0;0;0
192827;11;9;9051701;2019;3;15;3;3;5;3;2;1;1;0;0;0;0;0
192828;11;1;1011101;2019;3;15;3;3;3;6;0;0;1;0;1;0;0;1
192829;11;6;6020302;2019;3;23;4;3;6;7;2;0;1;1;0;0;0;1
192830;11;4;4020310;2019;3;10;3;3;6;3;0;0;1;1;0;0;0;1
192831;11;10;10020413;2019;3;12;3;2;0;3;0;0;1;0;1;0;0;1
192832;11;6;6040810;2019;3;12;3;2;5;2;0;0;1;0;0;1;0;0
192833;11;4;4030931;2019;3;16;3;3;2;6;0;0;1;0;0;0;1;0
192834;11;11;11020515;2019;3;6;3;3;6;4;1;0;0;1;1;0;0;0
192835;11;1;1011402;2019;3;6;3;3;5;2;0;1;1;0;0;0;0;0
192836;11;2;2010102;2019;3;9;3;2;1;5;0;1;1;0;0;0;0;0
192837;11;12;12302212;2019;3;6;3;3;0;3;0;0;1;0;1;0;0;1
192838;11;7;7030301;2019;3;19;3;3;0;2;2;0;1;0;0;0;1;0
192839;11;1;1011203;2019;3;6;3;3;5;3;0;0;1;0;0;0;0;0
192840;11;1;1022103;2019;3;7;3;3;3;6;0;1;0;0;0;1;0;0
192841;11;3;3040513;2019;3;19;3;2;5;3;2;1;1;0;0;0;0;0
192842;11;3;3061332;2019;3;8;3;3;2;2;0;1;1;0;0;0;0;0
192843;11;2;2020204;2019;3;8;3;3;5;3;0;1;1;0;0;0;0;0
192844;11;6;6020409;2019;3;17;3;3;0;2;0;1;1;0;0;0;0;1
192845;11;3;3050920;2019;3;19;3;3;5;3;2;0;1;0;0;0;0;0
192846;11;1;1033202;2019;3;9;3;3;6;4;0;0;1;1;0;0;0;0
192847;11;1;1044203;2019;3;5;5;3;0;6;2;0;1;0;1;0;0;1
192848;11;1;1011305;2019;3;9;3;3;5;2;0;1;1;0;0;0;0;0
192849;11;4;4020310;2019;3;17;3;3;5;2;1;1;1;0;0;0;0;0
192850;11;6;6030610;2019;3;10;3;3;5;3;0;0;1;0;0;0;0;0
192851;11;4;4030620;2019;3;11;3;3;5;3;0;0;1;0;0;0;0;0
192852;11;5;5030730;2019;3;16;3;3;5;3;0;1;1;0;0;0;0;0
192853;11;4;4051653;2019;3;11;3;3;5;2;0;1;1;0;0;0;0;0
192854;11;4;4030417;2019;3;18;3;3;5;3;2;1;1;0;0;0;0;1
192855;11;1;1011204;2019;3;16;3;3;5;7;0;0;1;0;0;0;0;0
192856;11;2;2050802;2019;3;16;3;3;1;5;0;1;1;0;0;0;0;1
192857;11;11;11030618;2019;3;17;3;3;5;3;0;0;1;0;0;0;0;0
192858;11;2;2020202;2019;3;16;3;2;6;4;0;0;1;1;0;0;0;0
192859;11;7;7040403;2019;3;16;3;3;5;3;0;1;1;0;0;0;0;0
192860;11;1;1011105;2019;3;9;2;3;1;5;0;1;1;0;0;0;0;0
192861;11;1;1011401;2019;3;17;3;3;5;3;0;1;0;0;0;1;0;0
192862;11;2;2020206;2019;3;18;2;3;2;2;2;0;1;0;0;0;0;1
192863;11;8;8010406;2019;3;18;5;3;5;3;2;1;1;0;0;0;0;1
192864;11;4;4051446;2019;3;16;2;3;6;4;0;0;1;1;0;0;0;0
192865;11;4;4051653;2019;3;16;2;3;2;6;1;0;1;0;0;0;0;1
192866;11;2;2020206;2019;3;16;2;3;5;3;0;1;1;0;0;0;0;0
192867;11;6;6010102;2019;3;15;2;3;2;6;0;0;1;0;0;0;0;0
192868;11;1;1022101;2019;3;14;2;3;5;7;0;0;1;0;1;0;0;0
192869;11;5;5030730;2019;3;14;3;3;2;6;0;0;1;0;0;0;0;0
192870;11;10;10010310;2019;3;14;2;3;5;3;0;0;1;0;0;0;0;0
192871;11;6;6020410;2019;3;12;2;3;3;6;0;1;1;0;0;0;0;1
192872;11;3;3061332;2019;3;11;3;3;5;7;0;1;0;0;0;0;1;0
192873;11;7;7060604;2019;3;13;2;3;5;2;0;0;1;0;0;0;1;1
192874;11;6;6020408;2019;3;13;2;3;1;5;0;0;1;0;1;0;0;1
192875;11;8;8010211;2019;3;10;3;3;5;3;0;1;0;0;0;0;1;1
192876;11;7;7040401;2019;3;12;2;3;5;3;0;0;1;0;0;0;0;1
192877;11;4;4030518;2019;3;12;2;3;5;3;0;0;1;0;0;0;0;1
192878;11;1;1033102;2019;3;11;2;3;1;5;0;0;1;0;1;0;0;0
192879;11;4;4051653;2019;3;10;3;3;6;4;0;1;0;1;0;0;0;0
192880;11;4;4020313;2019;3;9;2;3;2;6;0;0;1;0;0;0;0;1
192881;11;8;8010404;2019;3;17;5;3;2;6;2;0;1;0;0;0;0;1
192882;11;4;4030623;2019;3;6;2;3;3;6;0;0;1;0;0;0;0;1
192883;11;4;4030930;2019;3;18;2;3;5;2;1;0;1;0;1;0;0;1
192884;11;4;4051448;2019;3;9;3;3;5;2;0;0;1;0;1;0;0;0
192885;11;1;1011204;2019;3;19;2;3;5;3;2;1;1;0;0;0;0;1
192886;11;9;9020701;2019;3;19;2;3;5;3;2;1;1;0;0;0;0;1
192887;11;2;2020202;2019;3;8;3;2;6;2;0;0;0;1;0;1;0;0
192888;11;2;2020206;2019;3;20;2;2;5;3;2;1;1;0;0;0;0;1
192889;11;1;1022202;2019;3;22;2;2;5;2;2;0;1;0;0;0;0;1
192890;11;9;9010101;2019;3;8;3;3;5;3;0;1;1;0;0;0;0;1
192891;11;1;1011301;2019;3;23;2;2;6;4;2;0;1;1;0;0;0;0
192892;11;1;1011201;2019;3;8;3;3;5;3;0;1;1;0;0;0;0;1
192893;11;5;5010314;2019;3;17;2;2;6;4;1;0;1;1;0;0;0;1
192894;11;9;9020702;2019;3;8;2;3;5;3;0;0;1;0;0;0;0;0
192895;11;2;2020203;2019;3;0;3;3;5;3;2;0;1;0;0;0;0;1
192896;11;11;11030721;2019;3;17;2;2;0;1;0;1;0;0;0;0;0;1
192897;11;5;5010314;2019;3;6;3;3;0;6;0;0;0;0;1;0;1;1
192898;11;10;10040933;2019;3;4;2;3;0;6;2;0;1;0;0;0;1;1
192899;11;1;1044103;2019;3;13;2;3;0;1;0;0;0;0;1;0;0;1
192900;11;6;6030502;2019;3;7;3;3;5;2;0;1;1;0;0;0;0;0
192901;11;12;12302110;2019;3;18;1;3;5;2;1;1;1;0;0;0;0;0
192902;11;8;8020619;2019;3;13;1;3;5;2;0;0;1;0;0;0;0;1
192903;11;4;4030827;2019;3;7;3;3;3;6;0;0;1;0;1;0;0;0
192904;11;9;9030901;2019;3;0;1;2;1;5;2;0;1;0;0;0;0;0
192905;11;4;4020310;2019;3;22;1;3;4;1;2;0;1;0;0;0;1;1
192906;11;1;1033203;2019;3;16;3;3;2;6;0;0;1;0;0;0;0;0
192907;11;3;3061131;2019;3;18;1;3;0;6;2;0;1;0;1;0;0;1
192908;11;3;3030715;2019;3;8;3;3;5;2;0;1;1;0;0;0;0;1
192909;11;1;1011304;2019;3;17;1;3;5;2;1;1;1;0;0;0;0;1
192910;11;5;5020625;2019;3;16;1;3;2;1;0;0;1;0;1;0;0;1
192911;11;5;5020626;2019;3;16;3;3;6;4;0;0;1;1;0;0;0;0
192912;11;2;2010104;2019;3;15;1;3;3;6;0;0;1;0;1;0;0;1
192913;11;4;4020208;2019;3;15;1;3;5;3;0;0;1;0;0;0;0;1
192914;11;12;12214422;2019;3;10;1;3;5;3;0;0;1;0;0;0;0;1
192915;11;3;3040614;2019;3;8;3;3;1;5;0;1;1;0;0;0;0;1
192916;11;6;6030504;2019;3;4;1;2;6;4;2;0;0;1;0;0;1;1
192917;11;2;2020206;2019;3;23;1;3;2;2;2;0;1;0;0;0;0;1
192918;11;6;6020411;2019;3;10;1;3;2;6;0;0;1;0;0;0;0;1
192919;11;3;3040614;2019;3;16;3;3;2;6;0;1;1;0;0;0;0;0
192920;11;1;1044202;2019;3;10;1;3;5;3;0;0;1;0;0;0;0;0
192921;11;1;1044201;2019;3;23;1;3;9;1;2;0;1;0;0;0;0;1
192922;11;7;7010102;2019;3;13;7;3;2;6;0;0;1;0;0;0;0;0
192923;11;7;7040404;2019;3;16;3;3;2;6;0;0;1;0;0;1;0;0
192924;11;1;1011303;2019;3;17;7;3;6;4;1;0;1;1;0;0;0;0
192925;11;3;3050920;2019;3;16;3;3;3;6;0;0;1;0;0;0;1;0
192926;11;4;4030620;2019;3;18;7;3;5;2;2;1;1;0;0;0;0;0
192927;11;5;5020524;2019;3;14;7;3;5;3;0;0;1;0;0;0;0;0
192928;11;4;4030416;2019;3;14;3;3;1;5;0;0;1;0;1;0;0;0
192929;11;11;11020513;2019;3;13;7;3;5;2;0;0;1;0;0;0;0;0
192930;11;4;4030621;2019;3;12;7;3;3;1;0;1;0;0;0;0;1;0
192931;11;3;3051017;2019;3;18;7;3;5;3;2;0;1;0;0;0;0;0
192932;11;4;4010101;2019;3;14;3;2;5;2;0;0;1;0;1;0;0;0
192933;11;7;7020203;2019;3;12;7;3;6;4;0;1;0;1;0;0;0;0
192934;11;9;9020702;2019;3;18;5;2;6;2;2;0;1;1;0;0;0;1
192935;11;2;2040502;2019;3;12;7;3;5;7;0;0;1;0;0;0;0;0
192936;11;1;1022201;2019;3;6;7;3;2;6;2;0;1;0;0;0;1;1
192937;11;1;1011201;2019;3;19;7;3;2;2;2;0;1;0;0;0;0;0
192938;11;12;12103218;2019;3;14;3;3;5;3;0;0;1;0;0;0;0;0
192939;11;8;8041037;2019;3;19;7;2;6;7;2;1;0;1;0;0;0;0
192940;11;1;1033202;2019;3;18;5;3;5;2;1;1;1;0;0;0;0;1
192941;11;5;5020523;2019;3;18;7;2;1;1;2;0;1;0;0;0;0;0
192942;11;3;3071537;2019;3;1;7;3;5;5;2;0;1;0;0;0;0;0
192943;11;4;4051446;2019;3;18;2;3;6;2;1;0;1;1;0;0;0;0
192944;11;11;11051332;2019;3;1;7;3;0;1;2;1;0;0;0;0;0;0
192945;11;2;2050802;2019;3;15;6;2;5;2;0;1;1;0;0;0;0;0
192946;11;3;3040818;2019;3;14;2;3;2;6;0;0;1;0;0;0;0;1
192947;11;1;1011201;2019;3;17;6;3;2;2;1;0;1;0;0;0;0;0
192948;11;8;8020622;2019;3;17;6;3;6;4;0;1;0;1;0;0;0;0
192949;11;2;2010104;2019;3;16;6;3;2;3;0;1;0;0;0;0;1;0
192950;11;2;2020204;2019;3;19;2;3;6;2;2;0;1;1;0;0;0;1
192951;11;3;3040614;2019;3;13;6;3;6;3;0;0;1;1;0;0;0;0
192952;11;4;4020311;2019;3;12;2;3;6;2;0;0;1;1;0;0;0;0
192953;11;4;4030931;2019;3;14;6;3;2;2;0;0;0;0;0;0;1;0
192954;11;5;5020626;2019;3;14;6;2;5;3;0;1;0;0;1;0;0;0
192955;11;6;6010207;2019;3;12;2;3;5;7;0;0;1;0;1;0;0;1
192956;11;4;4031032;2019;3;12;6;3;5;3;0;0;1;0;0;0;0;0
192957;11;9;9020701;2019;3;13;6;3;5;2;0;1;1;0;0;0;0;0
192958;11;6;6040809;2019;3;14;6;3;0;7;0;0;1;0;0;0;0;0
192959;11;1;1011303;2019;3;8;6;3;5;7;0;0;1;0;1;0;0;0
192960;11;5;5030731;2019;3;7;2;3;0;5;0;0;1;0;0;0;0;0
192961;11;10;10030727;2019;3;8;6;2;0;6;0;0;1;0;0;0;1;0
192962;11;3;3020209;2019;3;14;6;3;5;3;0;1;1;0;0;0;0;0
192963;11;9;9051701;2019;3;8;2;3;5;3;0;1;1;0;0;0;0;1
192964;11;1;1011402;2019;3;1;6;3;3;6;2;0;1;0;0;0;0;0
192965;11;8;8010213;2019;3;19;6;3;5;3;2;0;1;0;0;0;0;0
192966;11;3;3061441;2019;3;18;6;2;4;2;2;0;1;0;1;0;0;0
192967;11;8;8010301;2019;3;10;2;3;2;6;0;0;0;0;0;0;1;0
192968;11;1;1022207;2019;3;18;6;3;2;6;2;0;1;0;0;0;0;0
192969;11;4;4051446;2019;3;11;2;3;5;3;0;1;1;0;0;0;0;1
192970;11;5;5010206;2019;3;18;6;3;0;2;2;0;1;0;1;0;0;0
192971;11;10;10040830;2019;2;13;5;3;3;6;0;1;0;0;0;0;1;0
192972;11;10;10030727;2019;3;13;2;3;6;4;0;0;1;1;0;0;0;1
192973;11;8;8010301;2019;2;16;5;3;5;3;0;0;1;0;1;0;0;0
192974;11;4;4020311;2019;2;10;5;3;5;3;0;0;1;0;0;0;0;0
192975;11;8;8020620;2019;3;15;2;3;5;3;0;0;1;0;0;0;0;1
192976;11;5;5030833;2019;2;12;5;3;5;2;0;0;1;0;1;0;0;0