OBJECTID;LAND;BEZ;LOR_ab_2021;UJAHR;UMONAT;USTUNDE;UWOCHENTAG;UKATEGORIE;UART;UTYP1;ULICHTVERH;IstRad;IstPKW;IstFuss;IstKrad;IstGkfz;IstSonstige;USTRZUSTAND
192977;11;8;8040933;2019;2;8;5;3;5;2;0;0;1;0;1;0;0;0
192978;11;12;12304314;2019;3;15;2;3;2;6;0;0;1;0;0;0;0;0
192979;11;7;7040401;2019;2;8;5;3;5;7;0;0;1;0;1;0;0;0
192980;11;12;12214424;2019;2;15;5;3;5;3;0;0;1;0;0;0;0;0
192981;11;8;8040933;2019;2;15;5;2;5;2;0;0;1;0;0;0;0;0
192982;11;11;11030618;2019;3;16;2;3;2;6;0;0;1;0;0;0;0;1
192983;11;1;1022204;2019;2;16;5;2;6;4;0;0;1;1;0;0;0;0
192984;11;11;11030619;2019;3;19;2;3;6;4;2;0;1;1;0;0;0;1
192985;11;1;2040501;2019;2;16;5;2;3;6;1;1;0;0;0;0;0;0
192986;11;4;4030620;2019;2;16;5;3;5;2;0;1;1;0;0;0;0;0
192987;11;8;8030829;2019;3;21;2;2;6;4;2;0;1;1;0;0;0;1
192988;11;1;1011203;2019;2;17;5;3;6;7;1;0;1;1;0;0;0;0
192989;11;12;12214527;2019;2;11;5;3;6;7;0;0;1;1;0;0;0;0
192990;11;11;11030720;2019;2;11;5;2;5;2;0;0;1;0;1;0;0;0
192991;11;2;2020205;2019;3;22;2;3;2;6;2;1;0;0;0;1;0;1
192992;11;3;3040614;2019;2;11;5;2;6;4;0;0;1;1;0;0;0;0
192993;11;5;5010206;2019;3;5;5;2;6;4;2;0;1;1;0;0;0;1
192994;11;8;8010117;2019;3;8;2;3;3;6;0;0;0;0;0;0;1;1
192995;11;2;2020206;2019;3;19;5;3;5;2;2;0;1;0;1;0;0;1
192996;11;10;10010309;2019;3;12;2;3;0;1;0;0;0;0;1;0;0;1
192997;11;1;1011302;2019;3;10;1;3;5;2;0;1;1;0;0;0;0;0
192998;11;2;2050802;2019;3;15;5;3;5;3;0;1;1;0;0;0;0;1
192999;11;7;7010104;2019;3;20;1;2;0;1;2;0;0;0;1;0;0;0
193000;11;9;9041402;2019;3;14;1;2;3;6;0;1;0;0;0;0;0;0
193001;11;1;1022104;2019;3;22;5;3;6;2;2;0;1;1;0;0;0;1
193002;11;9;9051801;2019;3;14;1;3;5;3;0;1;1;0;0;0;0;0
193003;11;5;5010312;2019;3;16;5;3;1;5;0;1;1;0;0;0;0;1
193004;11;11;11020516;2019;3;13;1;3;3;6;0;1;1;0;0;0;0;0
193005;11;8;8020625;2019;3;16;5;2;5;3;0;0;1;0;0;0;0;1
193006;11;7;7030301;2019;3;12;1;3;2;6;0;0;1;0;0;0;0;0
193007;11;1;1011301;2019;3;11;1;3;6;4;0;0;1;1;0;0;0;0
193008;11;1;3071537;2019;3;11;1;3;2;7;0;1;1;0;0;0;0;0
193009;11;7;7040401;2019;3;10;1;3;5;3;0;0;1;0;0;0;0;0
193010;11;6;6040810;2019;3;10;1;3;5;3;0;0;1;0;0;0;0;0
193011;11;8;8041036;2019;3;14;6;3;5;3;0;0;1;0;0;0;0;0
193012;11;4;4030931;2019;3;0;1;3;5;2;2;1;1;0;0;0;0;0
193013;11;12;12103218;2019;3;13;1;1;6;4;0;0;0;1;1;0;0;0
193014;11;4;4030620;2019;3;8;5;3;5;2;0;1;1;0;0;0;0;1
193015;11;10;10020622;2019;3;9;7;3;6;2;0;0;1;1;0;0;0;0
193016;11;5;5010101;2019;3;16;5;3;2;6;0;0;1;0;0;0;1;1
193017;11;1;1044101;2019;3;13;7;3;2;6;0;0;1;0;0;0;0;0
193018;11;10;10020412;2019;3;16;5;3;6;4;0;0;1;1;0;0;0;1
193019;11;2;2050803;2019;3;5;7;3;4;1;2;0;1;0;0;0;0;1
193020;11;6;6030610;2019;3;9;7;3;2;6;0;0;1;0;0;0;0;0
193021;11;1;1022203;2019;3;0;5;3;5;3;2;0;1;0;0;0;0;1
193022;11;5;5030730;2019;3;14;7;3;2;6;0;0;1;0;0;0;0;0
193023;11;8;8020622;2019;3;16;5;3;3;6;0;0;1;0;0;0;0;1
193024;11;5;5020629;2019;3;14;7;3;6;7;0;0;1;1;0;0;0;0
193025;11;7;7010102;2019;3;16;5;3;6;4;0;0;1;1;0;0;0;1
193026;11;5;5010209;2019;3;12;7;3;5;2;0;0;1;0;1;0;0;0
193027;11;8;8040933;2019;3;10;7;3;5;3;0;0;1;0;1;0;0;0
193028;11;5;5010314;2019;3;17;5;3;5;2;0;0;1;0;0;0;0;1
193029;11;5;5020524;2019;3;11;7;3;5;2;0;0;1;0;0;0;1;0
193030;11;5;5020625;2019;3;12;7;3;0;6;0;0;0;0;1;0;1;0
193031;11;7;7040403;2019;3;22;6;3;5;3;2;0;1;0;0;0;0;0
193032;11;11;11020514;2019;3;15;5;3;0;1;0;1;0;0;0;0;0;1
193033;11;2;2010103;2019;3;14;7;3;1;5;0;1;1;0;0;0;0;0
193034;11;6;6020302;2019;3;14;7;2;0;6;0;0;0;0;0;0;1;0
193035;11;4;4051446;2019;3;12;5;3;2;6;0;0;1;0;0;0;0;0
193036;11;1;1011402;2019;3;14;7;3;1;5;0;1;1;0;0;0;0;0
193037;11;2;2020206;2019;3;18;5;3;0;5;1;0;1;0;1;0;0;1
193038;11;5;5040934;2019;3;14;7;3;5;3;0;1;1;0;0;0;0;0
193039;11;5;5010101;2019;3;12;5;2;9;1;0;0;1;0;0;0;0;1
193040;11;8;8020620;2019;3;15;7;3;1;5;0;1;1;0;0;0;0;0
193041;11;4;4031032;2019;3;15;7;3;6;7;0;0;1;1;0;0;0;0
193042;11;1;1011103;2019;3;18;5;3;5;3;0;1;1;0;0;0;0;0
193043;11;1;1011301;2019;3;13;5;3;8;1;0;0;0;0;1;0;0;0
193044;11;4;4030930;2019;3;15;7;3;1;5;0;1;1;0;0;0;0;0
193045;11;1;1022206;2019;3;6;7;3;5;3;0;0;1;0;0;0;0;0
193046;11;6;6010209;2019;3;17;5;3;0;6;0;0;1;0;1;0;0;1
193047;11;4;4030519;2019;3;9;7;3;2;6;0;0;1;0;0;0;0;0
193048;11;4;4051655;2019;3;15;7;3;1;5;0;1;1;0;0;0;0;0
193049;11;9;9020502;2019;3;17;6;3;5;3;0;0;1;0;1;0;0;0
193050;11;4;4030827;2019;3;9;4;3;5;7;0;0;1;0;0;0;0;0
193051;11;11;11030721;2019;3;10;7;3;5;3;0;0;1;0;0;0;0;0
193052;11;1;1011303;2019;3;19;5;3;1;5;2;1;1;0;0;0;0;0
193053;11;12;12224230;2019;3;19;7;3;0;3;2;0;1;0;1;0;0;0
193054;11;10;10040931;2019;3;10;4;3;5;3;0;1;1;0;0;0;0;0
193055;11;3;3020210;2019;3;10;7;3;5;2;0;0;1;0;1;0;0;0
193056;11;1;1011203;2019;3;7;4;3;5;2;0;1;1;0;0;0;0;0
193057;11;2;2040703;2019;3;2;7;3;2;4;2;0;1;1;0;0;0;0
193058;11;2;2030302;2019;3;9;7;2;8;1;0;0;1;0;0;0;0;0
193059;11;2;2030302;2019;3;6;4;3;2;2;0;1;1;0;0;0;0;0
193060;11;2;2030301;2019;3;2;7;2;0;1;2;1;0;0;0;0;0;0
193061;11;5;5030730;2019;3;17;6;3;6;2;0;0;0;1;0;0;1;0
193062;11;10;10040932;2019;3;14;6;2;0;1;0;0;0;0;1;0;0;0
193063;11;8;8010301;2019;3;23;6;3;5;3;2;1;1;0;0;0;0;0
193064;11;1;1011202;2019;3;22;4;2;5;3;2;0;1;0;0;0;1;1
193065;11;6;6030610;2019;3;8;6;3;0;2;0;0;0;0;0;0;1;0
193066;11;2;2020204;2019;3;17;6;2;5;7;0;1;1;0;0;0;0;0
193067;11;12;12231101;2019;3;0;6;3;0;7;2;0;1;0;1;0;0;1
193068;11;9;9030901;2019;3;16;6;3;5;3;0;1;1;0;0;0;0;0
193069;11;10;10040830;2019;3;16;4;3;2;2;0;0;1;0;0;0;1;0
193070;11;9;9051901;2019;3;9;6;2;6;4;0;0;1;1;0;0;0;0
193071;11;9;9030901;2019;3;11;6;3;5;3;0;1;1;0;0;0;0;0
193072;11;1;1011203;2019;3;8;6;3;1;5;0;1;1;0;0;0;1;0
193073;11;6;6040810;2019;3;15;4;3;2;2;0;1;1;0;0;0;0;0
193074;11;1;1044201;2019;3;8;6;3;0;2;0;0;1;0;0;0;1;0
193075;11;7;7040405;2019;3;14;4;3;5;3;0;0;1;0;0;0;0;0
193076;11;4;4031032;2019;3;7;6;3;3;6;0;1;1;0;0;0;0;0
193077;11;2;2050801;2019;3;7;6;3;0;7;0;0;1;0;1;0;0;0
193078;11;9;9010301;2019;3;13;4;3;5;2;0;0;1;0;0;1;0;0
193079;11;6;6010205;2019;3;14;6;2;3;6;0;0;1;0;1;0;0;0
193080;11;2;2010102;2019;3;15;6;2;1;5;0;0;1;0;0;0;1;0
193081;11;6;6010207;2019;3;16;5;3;0;6;0;0;1;0;0;0;1;0
193082;11;1;1022106;2019;3;18;6;2;5;2;1;0;0;0;1;0;1;0
193083;11;4;4030518;2019;3;17;4;3;5;2;0;0;1;0;0;0;0;0
193084;11;9;9052001;2019;3;14;6;3;2;6;0;0;1;0;0;0;0;0
193085;11;5;5030833;2019;3;11;4;3;5;3;0;1;1;0;0;0;0;0
193086;11;5;5010101;2019;3;19;6;3;5;3;2;1;1;0;0;0;0;0
193087;11;8;8010301;2019;3;12;6;3;5;3;0;0;1;0;0;0;0;0
193088;11;12;12103116;2019;3;19;6;2;5;3;2;0;1;0;0;0;0;0
193089;11;1;1011103;2019;3;21;4;3;5;3;2;1;1;0;0;0;0;1
193090;11;1;1022206;2019;3;8;5;3;5;2;0;1;1;0;0;0;0;0
193091;11;8;8010404;2019;3;22;4;3;5;3;2;0;1;0;0;0;0;1
193092;11;12;12214424;2019;3;23;5;3;5;2;2;0;1;0;0;0;0;0
193093;11;1;1011103;2019;3;21;5;3;2;6;2;0;1;0;0;0;0;0
193094;11;2;2010104;2019;3;23;4;3;2;2;2;0;1;0;0;0;0;1
193095;11;9;9051702;2019;3;20;5;3;6;4;2;0;1;1;0;0;0;0
193096;11;1;1022203;2019;3;19;5;3;0;7;2;1;0;0;0;0;1;0
193097;11;6;6020302;2019;3;11;6;3;1;5;0;1;1;0;0;0;0;0
193098;11;5;5040938;2019;3;10;4;3;5;3;0;0;1;0;0;0;1;0
193099;11;12;12231101;2019;3;19;5;3;5;3;2;1;1;0;0;0;0;0
193100;11;4;4030620;2019;3;16;5;3;0;3;0;1;1;0;0;0;0;0
193101;11;3;3061332;2019;3;7;5;3;1;5;0;1;1;0;0;0;0;1
193102;11;12;12214422;2019;3;16;5;3;6;4;0;0;1;1;0;0;0;0
193103;11;6;6040806;2019;3;9;4;3;5;2;0;0;1;0;1;0;0;0
193104;11;5;5020629;2019;3;16;5;2;2;6;0;0;1;0;0;0;0;0
193105;11;6;6020303;2019;3;9;4;3;5;2;0;0;1;0;1;0;0;0
193106;11;4;4051448;2019;3;15;5;3;2;6;0;0;1;0;0;0;0;0
193107;11;1;1044201;2019;3;15;5;3;2;2;0;1;1;0;0;0;0;0
193108;11;1;1011302;2019;3;21;4;3;2;6;2;0;1;0;1;0;0;1
193109;11;3;3061126;2019;3;15;5;3;6;4;0;0;1;1;0;0;0;0
193110;11;5;5020625;2019;3;15;5;3;5;3;0;0;1;0;0;0;0;0
193111;11;2;2050802;2019;3;17;6;3;0;3;0;1;1;0;0;0;0;0
193112;11;3;3040512;2019;3;8;4;3;0;1;0;1;0;0;0;0;0;0
193113;11;4;4030931;2019;3;15;5;3;3;6;0;1;0;0;0;0;1;0
193114;11;12;12214527;2019;3;13;5;2;5;3;0;0;1;0;0;1;0;0
193115;11;4;4051654;2019;3;12;5;3;5;3;0;1;1;0;0;0;0;1
193116;11;4;4051448;2019;3;13;5;3;2;7;0;1;1;0;0;0;0;0
193117;11;7;7050503;2019;3;12;6;3;2;6;0;0;1;0;0;0;0;0
193118;11;6;6010209;2019;3;21;4;3;6;2;2;0;1;1;0;0;0;1
193119;11;7;7060604;2019;3;13;5;3;2;6;0;0;1;0;1;0;0;0
193120;11;3;3040614;2019;3;11;5;3;5;3;0;0;1;0;0;0;0;0
193121;11;8;8010301;2019;3;9;5;3;6;4;0;0;0;1;1;0;0;0
193122;11;5;5030731;2019;3;14;5;3;0;1;0;0;1;0;0;0;1;0
193123;11;5;5030731;2019;3;8;4;3;5;2;0;0;1;0;0;0;0;0
193124;11;9;9010401;2019;3;14;5;3;0;3;0;0;1;0;1;0;0;0
193125;11;9;9051901;2019;3;18;4;3;3;6;2;0;1;0;1;0;0;0
193126;11;5;5020521;2019;3;14;5;3;5;3;0;1;0;0;0;0;1;0
193127;11;4;4030415;2019;3;13;5;3;1;5;0;1;0;0;0;0;1;0
193128;11;9;9031101;2019;3;17;4;3;0;5;0;1;1;0;0;0;0;0
193129;11;4;4030724;2019;3;13;5;2;2;6;0;1;0;0;0;1;0;0
193130;11;6;6030608;2019;3;9;5;3;5;3;0;0;1;0;0;0;0;0
193131;11;4;4010101;2019;3;17;6;3;5;3;0;0;1;0;0;0;0;0
193132;11;11;11051229;2019;3;6;4;3;2;6;0;1;1;0;0;0;0;0
193133;11;1;1011204;2019;3;8;5;3;5;3;0;1;1;0;0;0;0;0
193134;11;7;7010102;2019;3;14;5;3;5;3;0;0;1;0;1;0;0;0
193135;11;2;2010103;2019;3;8;5;3;2;6;0;0;1;0;0;0;0;0
193136;11;1;1011105;2019;3;17;4;3;5;2;0;1;1;0;0;0;0;0
193137;11;7;7050503;2019;3;7;5;3;5;3;0;1;1;0;0;0;0;0
193138;11;4;4051551;2019;3;17;4;3;2;6;0;0;1;0;0;0;0;0
193139;11;10;10040933;2019;3;7;5;2;5;3;0;0;1;0;1;0;0;0
193140;11;3;3061126;2019;3;7;5;3;5;2;0;1;1;0;0;0;0;0
193141;11;8;8010116;2019;3;5;4;3;6;2;0;0;1;1;0;0;0;0
193142;11;3;3020307;2019;3;6;5;3;5;3;1;0;1;0;0;0;0;0
193143;11;1;1011203;2019;3;4;4;3;6;2;2;0;1;1;0;0;0;0
193144;11;1;1022104;2019;3;6;5;3;0;1;0;1;0;0;0;0;0;0
193145;11;9;9031001;2019;3;14;4;2;0;3;0;1;0;0;0;0;1;0
193146;11;12;12214422;2019;3;16;4;3;0;6;0;0;1;0;1;0;0;1
193147;11;1;1011201;2019;3;21;4;3;0;6;2;0;1;0;1;0;0;0
193148;11;1;1033203;2019;3;8;4;3;1;5;0;1;0;0;0;0;1;0
193149;11;6;6020302;2019;3;14;6;3;2;6;0;0;1;0;0;0;0;0
193150;11;12;12214125;2019;3;21;4;3;5;3;2;0;1;0;0;0;0;0
193151;11;2;2050601;2019;3;10;3;3;6;4;0;1;0;1;0;0;0;0
193152;11;8;8010117;2019;3;18;4;3;2;6;1;0;1;0;0;0;0;0
193153;11;2;2050802;2019;3;12;3;3;5;2;0;1;0;0;0;0;1;1
193154;11;9;9041601;2019;3;18;4;3;5;3;1;1;1;0;0;0;0;0
193155;11;3;3061126;2019;3;18;4;3;5;3;1;1;1;0;0;0;0;0
193156;11;5;5020625;2019;3;7;3;3;5;2;0;1;1;0;0;0;0;0
193157;11;10;10040933;2019;3;17;4;3;2;1;1;0;1;0;0;0;0;0
193158;11;1;1044102;2019;3;17;4;3;5;2;0;1;1;0;0;0;0;0
193159;11;4;4020311;2019;3;8;3;3;2;6;0;0;1;0;0;0;0;0
193160;11;11;11030721;2019;3;16;4;3;2;2;0;0;1;0;0;0;0;0
193161;11;11;11010205;2019;3;16;4;3;2;2;2;0;1;0;0;0;0;0
193162;11;8;8020727;2019;3;16;5;2;2;6;0;0;1;0;0;0;0;1
193163;11;2;2040703;2019;3;16;4;3;3;6;0;1;0;0;0;1;0;0
193164;11;1;1011303;2019;3;9;4;3;5;2;0;1;1;0;0;0;0;0
193165;11;12;12214424;2019;3;20;3;2;0;7;2;0;0;0;1;0;0;1
193166;11;12;12103115;2019;3;22;4;2;5;2;2;0;1;0;0;0;0;0
193167;11;1;1033202;2019;3;18;4;3;9;1;2;0;0;0;0;0;1;0
193168;11;1;1011402;2019;3;10;5;3;0;7;0;1;0;0;0;0;0;1
193169;11;6;6020302;2019;3;16;4;3;2;6;0;0;1;0;0;0;0;0
193170;11;10;10010207;2019;3;19;3;3;5;3;2;1;1;0;0;0;0;0
193171;11;1;1044101;2019;3;16;4;3;5;3;0;0;1;0;0;0;0;0
193172;11;2;2010102;2019;3;18;3;3;1;5;1;1;0;0;0;0;1;0
193173;11;2;2030302;2019;3;15;4;3;1;5;0;1;1;0;0;0;0;0
193174;11;12;12224230;2019;3;15;4;3;0;7;0;0;1;0;0;0;0;0
193175;11;3;3061227;2019;3;15;4;2;5;3;0;0;1;0;1;0;1;0
193176;11;1;1022102;2019;3;16;3;3;5;2;0;0;1;0;0;0;0;0
193177;11;2;2050601;2019;3;12;4;3;3;6;0;1;0;0;0;0;0;0
193178;11;12;12214424;2019;3;12;4;3;6;4;0;1;0;1;0;0;0;0
193179;11;1;1011203;2019;3;9;6;3;0;5;0;0;1;0;0;0;0;0
193180;11;5;5030832;2019;3;15;3;3;2;6;0;0;1;0;0;0;0;1
193181;11;12;12214422;2019;3;11;4;3;2;6;0;0;1;0;0;0;0;0
193182;11;12;12231102;2019;3;6;4;3;5;3;0;1;1;0;0;0;0;0
193183;11;8;8020727;2019;3;8;5;3;5;3;0;0;1;0;0;0;0;1
193184;11;11;11010207;2019;3;6;4;3;6;4;0;0;0;1;0;0;1;0
193185;11;10;10020416;2019;3;15;3;3;6;4;0;0;0;1;0;0;1;1
193186;11;4;4051551;2019;3;6;4;3;6;2;0;0;0;1;0;0;1;0
193187;11;8;8010301;2019;3;18;3;3;0;6;0;0;1;0;0;0;1;0
193188;11;3;3030405;2019;3;7;4;3;5;3;0;1;1;0;0;0;0;0
193189;11;10;10020413;2019;3;7;4;3;5;3;0;0;1;0;0;0;1;0
193190;11;10;10010309;2019;3;17;3;2;5;3;0;0;1;0;0;0;0;1
193191;11;10;10010309;2019;3;7;4;3;0;7;0;0;1;0;0;0;1;0
193192;11;7;7040403;2019;3;19;3;3;2;2;2;0;1;0;0;0;1;0
193193;11;3;3061227;2019;3;8;4;3;2;7;0;0;1;0;0;0;0;0
193194;11;1;1011201;2019;3;8;4;2;5;2;0;1;0;0;0;1;0;0
193195;11;4;4010103;2019;3;10;4;3;3;6;0;0;1;0;0;1;0;0
193196;11;12;12301204;2019;3;15;3;3;5;3;0;1;1;0;0;0;0;0
193197;11;4;4030726;2019;3;11;4;2;5;3;0;1;1;0;0;0;0;0
193198;11;8;8041036;2019;3;7;4;3;5;3;0;1;1;0;0;0;0;0
193199;11;1;1033203;2019;3;23;6;3;0;1;2;1;0;0;0;0;0;0
193200;11;1;1011202;2019;3;15;3;3;0;4;0;1;0;1;0;0;0;1
193201;11;4;4030620;2019;3;11;4;2;0;7;0;1;0;0;0;0;0;0
193202;11;1;1033203;2019;3;19;4;1;6;4;1;0;1;1;0;0;1;0
193203;11;9;9020701;2019;3;11;5;3;5;2;0;1;0;0;0;1;0;0
193204;11;4;4030726;2019;3;13;3;3;1;5;0;1;1;0;0;0;1;0
193205;11;5;5020626;2019;3;15;3;3;6;4;0;0;1;1;0;0;0;1
193206;11;6;6010209;2019;3;9;3;3;5;3;0;0;1;0;1;0;0;0
193207;11;6;6020303;2019;3;15;3;2;1;5;0;0;1;0;1;0;0;1
193208;11;8;8010510;2019;3;8;3;2;5;3;0;0;1;0;0;0;0;0
193209;11;3;3030711;2019;3;7;3;3;5;2;0;1;1;0;0;0;0;0
193210;11;8;8010509;2019;3;15;3;3;5;3;0;1;1;0;0;0;0;1
193211;11;6;6040701;2019;3;18;3;2;1;5;1;1;1;0;0;0;0;0
193212;11;1;1011301;2019;3;19;3;3;3;6;2;0;1;0;0;0;0;0
193213;11;3;3061228;2019;3;16;6;3;2;6;0;0;1;0;1;0;0;0
193214;11;8;8010117;2019;3;15;3;3;6;4;0;0;1;1;0;0;0;1
193215;11;8;8020622;2019;3;15;3;3;6;4;0;0;1;1;0;0;0;1
193216;11;5;5010103;2019;3;19;3;3;5;3;2;0;1;0;0;0;0;0
193217;11;11;11020513;2019;3;23;3;3;5;2;2;0;1;0;0;0;1;0
193218;11;7;7010102;2019;3;16;6;3;0;2;0;0;1;0;1;0;0;0
193219;11;1;1011102;2019;3;15;3;3;5;3;0;0;1;0;0;0;0;1
193220;11;7;7050503;2019;3;17;3;2;0;1;0;1;0;0;0;0;0;0
193221;11;8;8010301;2019;3;20;5;3;1;5;2;1;1;0;0;0;0;1
193222;11;1;1044102;2019;3;11;3;3;1;5;0;0;1;0;0;1;0;0
193223;11;2;2040502;2019;3;15;3;3;2;6;0;0;1;0;0;0;0;1
193224;11;4;4030929;2019;3;11;3;2;0;5;0;0;1;0;1;0;0;0
193225;11;12;12302109;2019;3;15;3;3;5;3;0;0;1;0;0;0;0;1
193226;11;7;7050503;2019;3;11;3;2;3;6;0;0;0;0;1;0;1;0
193227;11;2;2020204;2019;3;9;3;3;0;2;0;1;0;0;0;0;1;0
193228;11;1;1011302;2019;3;15;3;3;3;6;0;1;0;0;0;0;1;1
193229;11;1;1044101;2019;3;9;3;3;6;4;0;0;1;1;0;0;0;0
193230;11;5;5020627;2019;3;7;3;3;6;2;0;0;0;1;0;1;0;0
193231;11;7;7010102;2019;3;14;6;3;5;2;0;0;1;0;0;0;0;0
193232;11;6;6010209;2019;3;7;3;3;1;5;0;1;1;0;0;0;0;1
193233;11;6;6020409;2019;3;9;3;3;0;5;0;0;1;0;0;0;1;0
193234;11;2;2050803;2019;3;17;3;3;3;2;0;0;1;0;1;0;0;0
193235;11;1;1011303;2019;3;19;3;3;6;4;2;1;0;1;0;0;0;0
193236;11;2;2030302;2019;3;17;3;2;6;4;1;0;1;1;0;0;0;0
193237;11;8;8010301;2019;3;16;3;3;5;2;0;0;1;0;0;0;0;0
193238;11;5;5020626;2019;3;15;3;3;0;4;0;0;0;1;0;0;1;0
193239;11;7;7040401;2019;3;13;3;3;1;7;0;1;0;0;0;0;1;0
193240;11;3;3020209;2019;3;14;3;3;5;2;0;1;0;0;0;0;0;0
193241;11;5;5010313;2019;3;13;3;3;6;4;0;0;1;1;0;0;0;0
193242;11;2;2050801;2019;3;21;3;3;5;2;2;1;1;0;0;0;0;0
193243;11;8;8010303;2019;3;13;3;3;6;2;0;0;1;1;0;0;0;0
193244;11;4;4010101;2019;3;23;3;3;3;6;2;0;1;0;0;0;1;1
193245;11;1;1011303;2019;3;15;3;3;2;6;0;0;1;0;0;0;0;1
193246;11;8;8010118;2019;3;12;3;3;3;6;0;0;1;0;1;0;1;1
193247;11;10;10010206;2019;3;15;2;3;2;6;0;0;1;0;0;0;0;1
193248;11;4;4030415;2019;3;21;5;3;6;2;2;0;1;1;0;0;0;1
193249;11;1;1011401;2019;3;15;2;3;1;5;0;1;1;0;0;0;0;1
193250;11;2;2010101;2019;3;6;3;3;5;2;0;1;1;0;0;0;0;0
193251;11;8;8020625;2019;3;14;2;3;2;6;0;0;1;0;0;0;0;1
193252;11;9;9030903;2019;3;7;3;3;5;3;0;1;1;0;0;0;0;0
193253;11;7;7050502;2019;3;15;2;3;2;6;0;0;1;0;0;0;0;0
193254;11;7;7020204;2019;3;15;2;3;0;2;0;0;1;0;1;0;0;1
193255;11;2;2020203;2019;3;15;2;3;5;2;0;1;1;0;0;0;0;0
193256;11;5;5030731;2019;3;16;2;3;2;1;0;0;1;0;0;0;0;0
193257;11;1;1011302;2019;3;17;2;2;5;3;1;1;0;0;0;0;0;1
193258;11;8;8010301;2019;3;13;6;3;2;2;0;1;1;0;0;0;0;0
193259;11;1;1011303;2019;3;8;3;3;5;3;0;0;1;0;1;0;0;0
193260;11;1;1022204;2019;3;18;2;3;5;7;1;0;1;0;0;0;0;1
193261;11;7;7030303;2019;3;18;2;3;6;2;1;0;1;1;0;0;0;1
193262;11;3;3050923;2019;3;8;3;3;5;3;0;1;1;0;0;0;0;0
193263;11;2;2030302;2019;3;18;2;3;6;4;1;0;0;1;1;0;0;1
193264;11;11;11040925;2019;3;18;2;3;5;3;1;1;0;0;0;0;1;1
193265;11;12;12224229;2019;3;9;3;3;1;5;0;1;1;0;0;0;0;0
193266;11;5;5010310;2019;3;18;2;2;6;4;1;0;1;1;0;0;0;1
193267;11;7;7060604;2019;3;20;2;3;5;2;2;1;1;0;0;0;0;1
193268;11;6;6040807;2019;3;12;5;2;1;5;0;0;1;0;0;0;1;1
193269;11;2;2020206;2019;3;20;2;3;5;7;2;0;1;0;0;0;0;1
193270;11;2;2030402;2019;3;9;3;3;5;3;0;1;1;0;0;0;0;0
193271;11;9;9051901;2019;3;20;2;3;6;4;2;0;1;1;0;0;0;1
193272;11;9;9020702;2019;3;14;3;3;5;2;0;1;1;0;0;0;0;0
193273;11;1;1033102;2019;3;22;2;3;5;2;2;1;1;0;0;0;0;1
193274;11;6;6040810;2019;3;9;2;3;0;6;0;1;1;0;0;0;0;0
193275;11;6;6030504;2019;3;14;3;3;5;2;0;1;1;0;0;0;0;1
193276;11;3;3010101;2019;3;15;2;3;5;3;0;0;1;0;0;0;0;1
193277;11;12;12302107;2019;3;15;2;3;0;1;0;0;0;0;1;0;0;1
193278;11;5;5020626;2019;3;22;6;2;6;2;2;0;1;1;0;0;0;0
193279;11;2;2040701;2019;3;9;3;3;2;6;0;0;1;0;0;0;0;1
193280;11;8;8010214;2019;3;14;2;3;0;3;0;1;1;0;0;0;0;1
193281;11;4;4030518;2019;3;14;5;2;6;4;0;0;1;1;0;0;0;1
193282;11;8;8041037;2019;3;14;2;3;2;6;0;0;1;0;0;0;0;1
193283;11;11;11030720;2019;3;10;3;3;5;3;0;0;1;0;0;0;0;0
193284;11;1;1011306;2019;3;13;2;3;6;2;0;0;0;1;0;0;1;0
193285;11;7;7010101;2019;3;10;3;3;6;7;0;0;1;1;0;0;0;0
193286;11;10;10030724;2019;3;12;2;3;2;6;0;0;1;0;0;0;0;0
193287;11;8;8020622;2019;3;9;5;2;1;5;0;0;1;0;1;0;0;1
193288;11;4;4030623;2019;3;12;2;3;6;2;0;0;1;1;0;0;0;0
193289;11;2;2020206;2019;3;14;3;3;2;2;0;0;1;0;0;0;0;1
193290;11;3;3030715;2019;3;11;2;3;5;2;0;0;1;0;0;0;0;0
193291;11;9;9052001;2019;3;10;3;3;6;4;0;0;1;1;0;0;0;0
193292;11;10;10040932;2019;3;11;2;3;5;3;0;1;1;0;0;0;0;0
193293;11;2;2020202;2019;3;7;2;3;3;6;0;0;1;0;0;1;0;0
193294;11;1;1022104;2019;3;10;3;2;2;7;0;0;1;0;0;0;0;0
193295;11;7;7070704;2019;3;7;2;2;6;4;0;0;1;1;0;0;0;0
193296;11;11;11051330;2019;3;8;2;3;1;5;0;1;1;0;0;0;0;0
193297;11;2;2030402;2019;3;13;6;2;5;3;0;1;1;0;0;0;0;0
193298;11;1;1011104;2019;3;14;3;3;6;4;0;0;1;1;0;0;0;1
193299;11;6;6030503;2019;3;9;2;2;5;3;0;0;1;0;0;0;1;0
193300;11;3;3061126;2019;3;15;5;3;6;4;0;0;1;1;0;0;0;1
193301;11;6;6020304;2019;3;10;2;3;0;1;0;1;0;0;0;0;0;0
193302;11;12;12214125;2019;3;13;3;3;1;5;0;0;1;0;0;0;0;1
193303;11;2;2020206;2019;3;8;2;3;0;1;0;0;0;0;0;0;1;1
193304;11;12;12103218;2019;3;10;3;3;2;6;0;0;1;0;0;0;0;1
193305;11;2;2040502;2019;3;19;1;3;5;7;2;0;1;0;0;0;0;0
193306;11;8;8010301;2019;3;19;1;3;2;6;2;0;1;0;0;0;0;1
193307;11;9;9010401;2019;3;12;3;3;0;4;0;0;1;1;0;0;0;0