OBJECTID;LAND;BEZ;LOR_ab_2021;UJAHR;UMONAT;USTUNDE;UWOCHENTAG;UKATEGORIE;UART;UTYP1;ULICHTVERH;IstRad;IstPKW;IstFuss;IstKrad;IstGkfz;IstSonstige;USTRZUSTAND
193308;11;6;6010209;2019;3;18;1;3;5;3;2;0;1;0;0;0;0;1
193309;11;12;12103116;2019;3;15;1;2;5;3;0;0;1;0;1;0;0;0
193310;11;12;12214422;2019;3;11;1;3;2;6;0;0;1;0;0;0;0;0
193311;11;12;12304313;2019;3;13;3;3;5;3;0;0;1;0;0;0;0;1
193312;11;11;11040926;2019;3;10;1;3;1;1;0;0;1;0;0;0;1;0
193313;11;1;1011302;2019;3;11;1;3;2;6;0;0;1;0;0;0;0;0
193314;11;4;4020312;2019;3;14;6;3;0;4;0;1;0;1;0;0;0;0
193315;11;2;2010103;2019;3;12;1;3;5;3;0;0;1;0;0;0;0;0
193316;11;1;1033203;2019;3;13;3;3;0;7;0;0;0;0;1;0;0;1
193317;11;5;5010206;2019;3;14;1;3;5;2;0;0;1;0;0;0;0;1
193318;11;1;1044202;2019;3;14;1;3;5;7;0;0;1;0;0;0;0;1
193319;11;3;3020209;2019;3;17;1;3;9;1;1;0;1;0;0;0;0;1
193320;11;4;4030930;2019;3;12;3;3;2;6;0;0;1;0;0;0;0;1
193321;11;9;9051901;2019;3;19;1;3;2;6;2;0;1;0;0;0;0;1
193322;11;11;11040926;2019;3;12;2;3;0;3;0;0;0;0;0;0;1;0
193323;11;10;10010310;2019;3;20;1;2;5;2;2;1;1;0;0;0;0;1
193324;11;1;1011301;2019;3;21;1;3;2;6;2;0;1;0;0;0;0;1
193325;11;12;12301203;2019;3;7;2;2;6;4;0;0;1;1;0;0;0;1
193326;11;3;3061227;2019;3;10;1;3;1;5;0;0;1;0;0;0;0;0
193327;11;3;3061227;2019;3;9;1;3;5;3;0;0;1;0;0;0;1;0
193328;11;1;1011204;2019;3;21;5;3;5;3;2;0;1;0;0;0;0;1
193329;11;11;11020514;2019;3;8;1;3;5;3;0;0;1;0;1;0;0;0
193330;11;5;5020417;2019;3;6;2;3;5;3;0;0;1;0;0;1;0;1
193331;11;11;11020515;2019;3;17;7;3;5;3;2;0;1;0;1;0;0;1
193332;11;2;2050801;2019;3;4;2;2;0;1;2;1;0;0;0;0;0;0
193333;11;1;1011301;2019;3;18;7;2;1;5;2;1;1;0;0;0;0;1
193334;11;7;7070705;2019;3;12;7;2;1;5;0;1;1;0;0;0;0;1
193335;11;11;11041128;2019;3;16;5;3;2;6;0;0;1;0;0;0;0;1
193336;11;7;7020201;2019;3;13;7;3;1;5;0;0;1;0;0;0;0;1
193337;11;6;6010208;2019;3;0;2;2;5;7;2;0;1;0;0;0;0;0
193338;11;7;7010102;2019;3;14;7;3;2;6;0;0;1;0;0;0;0;1
193339;11;2;2030302;2019;3;16;2;3;2;6;0;1;0;0;0;0;0;0
193340;11;1;1011204;2019;3;15;7;3;2;6;0;0;1;0;0;0;0;1
193341;11;7;2020205;2019;3;18;7;3;2;6;1;0;1;0;0;0;0;1
193342;11;6;6040807;2019;3;17;2;3;6;4;0;0;1;1;0;0;0;0
193343;11;8;8010404;2019;3;18;7;3;6;4;1;0;1;1;0;0;0;1
193344;11;6;6020303;2019;3;18;7;3;6;2;1;0;1;1;0;0;0;1
193345;11;4;4030931;2019;3;9;6;3;1;5;0;1;1;0;0;0;0;0
193346;11;9;9030902;2019;3;9;2;3;5;3;0;0;1;0;0;0;1;1
193347;11;7;7010102;2019;3;18;7;3;6;2;1;0;1;1;0;0;0;1
193348;11;1;1011201;2019;3;18;7;3;0;3;1;0;1;0;0;0;1;1
193349;11;11;11030721;2019;3;7;5;3;6;4;0;0;1;1;0;0;0;1
193350;11;7;7020204;2019;3;19;7;3;6;4;1;0;1;1;0;0;0;1
193351;11;7;7060604;2019;3;11;2;3;5;2;0;0;1;0;0;0;0;0
193352;11;10;10010102;2019;3;19;7;3;6;2;2;0;1;1;0;0;0;1
193353;11;1;1022206;2019;3;11;2;3;2;6;0;0;1;0;0;0;0;1
193354;11;1;1044103;2019;3;20;7;3;2;6;2;0;1;0;0;0;0;1
193355;11;11;11010205;2019;3;20;7;3;5;2;2;0;1;0;0;0;0;1
193356;11;11;11020515;2019;3;12;2;3;0;6;0;0;1;0;1;0;0;1
193357;11;1;1033101;2019;3;20;7;2;1;5;2;0;1;0;0;1;0;1
193358;11;7;7040401;2019;3;21;7;3;6;7;2;1;0;1;0;0;0;1
193359;11;4;4030929;2019;3;17;6;3;2;6;2;0;1;0;0;0;0;0
193360;11;1;1033202;2019;3;21;7;3;6;4;2;0;1;1;0;0;0;1
193361;11;4;4041342;2019;3;10;7;3;5;2;0;0;1;0;0;0;0;0
193362;11;1;1011301;2019;3;12;2;3;1;5;0;1;1;0;0;0;0;0
193363;11;11;11051229;2019;3;10;7;2;6;4;0;0;1;1;0;0;0;0
193364;11;7;7020204;2019;3;6;7;2;1;1;1;0;1;0;0;0;1;0
193365;11;8;8010118;2019;3;18;6;3;5;3;0;0;1;0;0;0;0;0
193366;11;1;1033203;2019;3;13;2;3;1;5;0;0;1;0;0;0;0;1
193367;11;3;3040818;2019;3;17;6;3;6;4;1;0;1;1;0;0;0;1
193368;11;1;1011306;2019;3;9;6;3;1;5;0;1;1;0;0;0;0;1
193369;11;2;2040701;2019;3;10;5;3;5;2;0;1;1;0;0;0;0;1
193370;11;11;11020515;2019;3;21;6;2;0;7;2;1;0;0;0;0;0;1
193371;11;5;5010101;2019;3;15;2;3;6;2;0;0;1;1;0;0;0;0
193372;11;7;7030303;2019;3;18;6;3;5;2;1;1;1;0;0;0;0;1
193373;11;9;9020801;2019;3;15;2;3;2;6;0;0;1;0;0;0;0;1
193374;11;4;4030725;2019;3;23;6;3;2;6;2;0;1;0;0;0;0;0
193375;11;1;1011203;2019;3;20;6;2;6;2;2;0;1;1;0;0;0;1
193376;11;8;8030829;2019;3;16;2;3;0;6;0;0;1;0;1;0;0;1
193377;11;2;2030302;2019;3;21;6;3;5;3;2;1;1;0;0;0;0;0
193378;11;11;11051331;2019;3;18;6;3;5;7;1;0;1;0;0;0;1;1
193379;11;7;7070703;2019;3;16;6;3;0;3;0;1;0;0;0;0;1;0
193380;11;11;11020412;2019;3;16;2;3;2;6;0;0;1;0;0;0;0;0
193381;11;3;3050923;2019;3;16;6;3;2;6;1;0;1;0;1;0;0;1
193382;11;8;8010302;2019;3;15;6;3;5;3;0;1;1;0;0;0;0;1
193383;11;12;12224230;2019;3;17;2;3;6;7;0;0;1;1;0;0;0;0
193384;11;12;12214423;2019;3;15;6;3;2;6;0;0;1;0;0;0;0;1
193385;11;2;2010103;2019;3;15;6;3;1;5;0;1;1;0;0;0;0;1
193386;11;7;7010104;2019;3;20;5;3;2;6;2;0;1;0;0;0;0;1
193387;11;1;1011301;2019;3;16;6;3;0;1;0;0;0;0;1;0;0;1
193388;11;2;2020204;2019;3;17;2;2;5;2;0;1;1;0;0;0;0;0
193389;11;4;4020310;2019;3;1;6;2;9;1;2;0;1;0;0;0;0;1
193390;11;3;3061430;2019;3;16;2;3;2;6;0;0;1;0;0;0;0;0
193391;11;1;1011303;2019;3;1;6;2;5;2;2;1;1;0;0;0;0;1
193392;11;9;9020702;2019;3;6;6;2;5;3;1;1;1;0;0;0;0;1
193393;11;12;12214527;2019;3;13;2;2;0;4;0;0;0;1;0;0;1;1
193394;11;3;3010102;2019;3;9;6;3;0;1;0;0;0;0;1;0;0;1
193395;11;4;4030623;2019;3;9;6;3;5;2;0;1;1;0;0;0;0;0
193396;11;4;4030623;2019;3;14;6;3;3;6;0;0;1;0;0;0;1;0
193397;11;1;1011303;2019;3;15;6;2;0;1;0;0;0;0;1;0;0;1
193398;11;5;5020628;2019;3;11;2;3;5;2;0;0;1;0;0;0;0;1
193399;11;11;11020412;2019;3;14;6;3;5;2;0;1;1;0;0;0;0;0
193400;11;2;2030301;2019;4;15;5;3;6;4;0;0;1;1;0;0;0;0
193401;11;4;4010102;2019;4;20;4;3;2;6;2;0;1;0;0;0;0;0
193402;11;8;8010509;2019;4;7;5;3;5;3;0;0;1;0;1;0;0;0
193403;11;6;6030504;2019;4;18;4;3;2;7;0;0;1;0;0;0;0;0
193404;11;2;2050801;2019;4;0;7;3;2;2;2;1;1;0;0;0;0;0
193405;11;6;6020409;2019;4;17;4;3;2;6;0;0;1;0;0;0;0;0
193406;11;8;8010404;2019;4;17;4;3;5;3;0;0;1;0;1;0;0;0
193407;11;1;1033201;2019;4;8;6;2;5;2;0;0;1;0;1;0;0;0
193408;11;10;10030727;2019;4;16;4;3;2;7;0;1;1;0;0;0;0;0
193409;11;2;2040502;2019;4;15;5;3;2;6;0;0;1;0;0;0;0;0
193410;11;11;11030824;2019;4;12;1;3;6;4;0;0;1;1;0;0;0;0
193411;11;2;2050602;2019;4;16;4;3;6;4;0;0;1;1;0;0;0;0
193412;11;4;4030519;2019;4;13;7;3;5;2;0;0;1;0;0;0;0;0
193413;11;1;1033102;2019;4;15;4;3;6;2;0;1;0;1;0;0;0;0
193414;11;8;8041038;2019;4;15;4;3;5;3;0;0;1;0;0;0;1;0
193415;11;4;4030931;2019;4;2;6;2;1;5;2;1;1;0;0;0;0;0
193416;11;3;3061227;2019;4;14;4;2;5;3;0;1;0;0;0;0;0;0
193417;11;9;9041601;2019;4;15;7;2;2;2;0;0;1;0;1;0;0;0
193418;11;9;9041501;2019;4;14;4;2;0;5;0;1;0;0;0;0;1;0
193419;11;12;12103218;2019;4;16;4;2;5;2;0;0;1;0;0;0;0;0
193420;11;2;2040703;2019;4;19;6;2;0;2;1;0;0;1;1;0;0;0
193421;11;9;9020502;2019;4;12;4;3;5;7;0;0;1;0;0;0;1;0
193422;11;9;9010402;2019;4;14;5;3;0;1;0;1;0;0;0;0;0;0
193423;11;8;8010510;2019;4;12;4;3;0;7;0;1;0;0;0;0;1;1
193424;11;11;11010205;2019;4;14;1;3;2;2;0;0;1;0;0;0;0;0
193425;11;4;4030623;2019;4;12;4;3;5;2;0;1;1;0;0;0;0;0
193426;11;4;4041136;2019;4;10;4;2;5;2;0;1;1;0;0;0;0;0
193427;11;8;8010213;2019;4;15;7;3;5;3;0;0;0;0;0;0;1;0
193428;11;1;1011305;2019;4;9;4;2;1;5;0;1;1;0;0;0;1;0
193429;11;1;1011302;2019;4;8;4;3;1;5;0;1;1;0;0;0;1;0
193430;11;1;1022201;2019;4;1;5;3;2;6;2;1;0;0;0;0;1;0
193431;11;8;8010303;2019;4;7;4;3;6;2;0;0;0;1;0;0;1;0
193432;11;4;4030828;2019;4;10;5;3;5;2;0;1;1;0;0;0;0;0
193433;11;3;3061332;2019;4;7;4;3;1;5;0;0;1;0;1;0;0;0
193434;11;1;1044202;2019;4;7;4;3;5;3;0;1;1;0;0;0;0;0
193435;11;8;8010301;2019;4;17;5;3;0;4;0;1;0;1;0;0;0;0
193436;11;9;9020701;2019;4;7;4;3;0;1;0;1;0;0;0;0;0;0
193437;11;12;12304313;2019;4;16;1;3;5;2;0;0;1;0;0;0;0;0
193438;11;3;3061131;2019;4;7;4;3;6;6;0;1;0;1;0;0;0;0
193439;11;3;3040512;2019;4;5;4;3;2;6;2;0;1;0;0;0;0;0
193440;11;1;1022206;2019;4;17;6;3;6;4;0;0;1;1;0;0;0;0
193441;11;7;7050502;2019;4;1;4;3;5;3;2;0;1;0;0;0;0;0
193442;11;11;11030721;2019;4;16;3;3;6;7;0;0;1;1;0;0;0;0
193443;11;5;5010314;2019;4;11;5;3;0;7;0;0;1;0;0;0;1;0
193444;11;1;1044101;2019;4;14;3;3;0;5;0;1;1;0;0;0;0;0
193445;11;2;2040502;2019;4;9;5;2;3;6;0;0;1;0;1;0;0;0
193446;11;8;8010303;2019;4;16;3;3;2;6;0;0;1;0;0;0;0;0
193447;11;1;1044101;2019;4;19;7;3;5;2;0;0;1;0;0;0;1;0
193448;11;8;8010214;2019;4;7;3;3;6;7;0;1;0;1;0;0;0;0
193449;11;10;10030725;2019;4;16;3;3;5;3;0;1;1;0;0;0;0;0
193450;11;4;4051653;2019;4;9;6;3;5;3;0;1;0;0;0;0;0;0
193451;11;4;4010101;2019;4;15;7;3;7;7;0;0;0;0;1;0;0;0
193452;11;4;4041344;2019;4;16;3;3;5;3;0;0;1;0;0;0;0;0
193453;11;12;12301205;2019;4;16;3;3;2;2;0;0;1;0;0;0;1;0
193454;11;4;4030518;2019;4;14;6;3;5;2;0;0;1;0;1;0;0;0
193455;11;6;6030610;2019;4;16;3;3;6;4;0;0;1;1;0;0;0;0
193456;11;6;6010205;2019;4;15;5;3;2;6;0;0;1;0;0;0;0;0
193457;11;8;8010405;2019;4;16;3;3;1;1;0;0;1;0;0;0;0;0
193458;11;1;1044201;2019;4;16;2;3;2;6;0;0;1;0;0;0;0;0
193459;11;8;8030831;2019;4;17;5;3;5;3;0;1;1;0;0;0;0;0
193460;11;1;3071537;2019;4;18;3;3;2;6;0;0;1;0;0;0;0;0
193461;11;3;3020209;2019;4;16;7;3;0;3;0;1;1;0;0;0;0;0
193462;11;12;12214424;2019;4;16;3;3;5;2;0;0;1;0;0;0;1;0
193463;11;6;6030610;2019;4;18;3;3;0;6;0;1;0;0;0;0;1;0
193464;11;8;8010404;2019;4;7;6;3;4;5;0;1;1;0;0;0;0;0
193465;11;2;2010102;2019;4;18;3;3;5;2;0;0;1;0;1;0;0;0
193466;11;1;1011304;2019;4;15;5;2;3;6;0;1;0;0;0;0;0;0
193467;11;2;2020203;2019;4;18;3;3;5;2;0;1;1;0;0;0;0;0
193468;11;5;5020419;2019;4;11;1;3;1;5;0;1;1;0;0;0;0;0
193469;11;4;4030415;2019;4;17;3;2;6;7;0;0;1;1;0;0;0;0
193470;11;1;1011201;2019;4;16;5;3;2;2;0;1;1;0;0;0;0;0
193471;11;11;11030720;2019;4;11;3;2;2;6;0;0;1;0;1;0;0;0
193472;11;4;4030827;2019;4;15;1;3;1;5;0;1;1;0;0;0;0;0
193473;11;1;1011303;2019;4;17;3;2;5;2;0;0;1;0;1;0;0;0
193474;11;10;10010310;2019;4;8;3;3;3;6;0;0;1;0;0;1;0;0
193475;11;10;10010308;2019;4;9;7;3;2;2;0;0;1;0;1;0;0;0
193476;11;8;8020619;2019;4;23;3;2;5;2;2;0;0;0;1;0;1;0
193477;11;1;1011302;2019;4;22;3;3;1;5;2;0;1;0;0;0;0;0
193478;11;8;8020727;2019;4;20;6;2;5;3;2;1;1;0;0;0;0;0
193479;11;7;7010101;2019;4;21;3;3;6;4;2;0;1;1;0;0;0;0
193480;11;7;7030301;2019;4;18;5;3;6;4;0;1;0;1;0;0;0;0
193481;11;7;7070704;2019;4;21;3;3;5;2;2;0;1;0;0;0;1;0
193482;11;1;1022101;2019;4;22;1;3;5;3;2;0;1;0;0;0;0;0
193483;11;2;2010104;2019;4;13;3;3;5;2;0;0;0;0;0;0;1;0
193484;11;1;1033102;2019;4;12;3;3;2;6;0;0;1;0;0;0;0;0
193485;11;12;12214424;2019;4;13;6;3;2;6;0;0;1;0;0;0;0;0
193486;11;3;3061227;2019;4;12;3;3;2;6;0;0;1;0;0;0;0;0
193487;11;2;2030401;2019;4;12;3;3;0;2;0;0;0;0;0;0;1;0
193488;11;9;9052001;2019;4;14;3;3;4;6;0;0;1;0;0;0;0;0
193489;11;8;8030831;2019;4;13;7;3;2;6;0;0;1;0;0;0;0;0
193490;11;1;1044103;2019;4;11;3;3;2;6;0;0;1;0;0;0;0;0
193491;11;9;9010401;2019;4;15;3;3;2;6;0;0;1;0;0;1;0;0
193492;11;1;1011301;2019;4;17;6;3;2;6;1;0;1;0;0;0;0;0
193493;11;5;5020625;2019;4;11;3;3;1;1;0;0;1;0;1;0;0;0
193494;11;5;5010314;2019;4;16;5;3;5;3;0;0;1;0;0;0;0;0
193495;11;12;12214422;2019;4;15;3;3;5;3;0;1;0;0;1;0;0;0
193496;11;5;5010314;2019;4;19;1;3;5;3;0;0;1;0;0;0;1;0
193497;11;1;1011302;2019;4;11;3;3;3;6;0;0;1;0;1;0;1;0
193498;11;2;2040703;2019;4;15;3;2;3;6;0;1;1;0;0;0;0;0
193499;11;1;1033201;2019;4;15;6;3;5;2;0;1;1;0;0;0;0;0
193500;11;4;4030518;2019;4;16;3;2;5;2;0;0;1;0;1;0;0;0
193501;11;4;4030417;2019;4;10;3;2;6;7;0;0;0;1;0;0;1;0
193502;11;5;5030730;2019;4;11;5;3;5;7;0;0;1;0;0;0;0;0
193503;11;1;1044202;2019;4;10;3;2;5;2;0;0;1;0;1;0;0;0
193504;11;1;1022206;2019;4;11;3;3;1;5;0;1;0;0;0;0;1;0
193505;11;11;11051332;2019;4;8;5;3;5;2;0;1;1;0;0;0;0;0
193506;11;2;2050801;2019;4;10;3;3;0;4;0;1;1;0;0;0;1;0
193507;11;6;6010102;2019;4;10;5;3;3;6;0;0;1;0;1;0;0;0
193508;11;1;1011306;2019;4;9;3;3;1;5;0;1;0;0;0;0;1;0
193509;11;3;3061435;2019;4;20;7;3;2;7;2;1;1;0;0;0;0;0
193510;11;1;1011302;2019;4;1;3;3;1;5;2;1;1;0;0;0;0;0
193511;11;5;5020625;2019;4;5;3;3;5;3;2;0;1;0;0;0;0;0
193512;11;9;9041501;2019;4;12;6;3;5;7;0;0;1;0;0;0;1;0
193513;11;9;9020501;2019;4;7;3;3;5;3;0;0;1;0;1;0;0;0
193514;11;5;5030832;2019;4;14;5;3;6;3;0;0;1;1;0;0;0;0
193515;11;11;11040926;2019;4;7;3;3;2;1;0;0;1;0;0;0;0;0
193516;11;12;12214422;2019;4;17;1;3;2;6;0;0;1;0;0;0;0;0
193517;11;5;5020625;2019;4;5;5;3;2;6;2;0;1;0;1;0;0;0
193518;11;4;4030417;2019;4;7;3;3;6;7;0;0;1;1;0;0;0;0
193519;11;3;3050923;2019;4;16;7;3;5;3;0;0;1;0;0;0;0;0
193520;11;1;1044103;2019;4;8;3;3;5;3;0;0;1;0;0;0;0;0
193521;11;1;1011105;2019;4;8;5;3;5;3;0;1;1;0;0;0;0;0
193522;11;6;6040703;2019;4;8;3;2;0;6;0;0;1;0;0;0;0;0
193523;11;12;12304314;2019;4;18;7;3;2;6;0;0;1;0;0;0;0;0
193524;11;10;10010207;2019;4;8;3;3;5;2;0;0;1;0;0;0;0;0
193525;11;4;4020311;2019;4;9;3;2;6;2;0;0;1;1;0;0;0;0
193526;11;5;5020625;2019;4;11;6;2;6;4;0;0;1;1;0;0;0;0
193527;11;2;2020204;2019;4;18;2;3;3;6;1;1;0;0;0;0;0;0
193528;11;8;8041037;2019;4;16;5;3;6;6;0;0;1;1;0;0;0;0
193529;11;1;1011302;2019;4;9;2;3;4;6;0;1;0;0;0;0;0;0
193530;11;8;8030830;2019;4;13;1;3;5;2;0;0;1;0;1;0;0;0
193531;11;9;9052001;2019;4;19;2;3;5;2;0;1;1;0;0;0;0;0
193532;11;11;11051229;2019;4;12;2;3;3;6;0;0;1;0;0;1;0;0
193533;11;4;4020314;2019;4;12;7;3;5;2;0;1;1;0;0;0;0;0
193534;11;7;7040403;2019;4;12;2;3;5;2;0;1;1;0;0;0;0;0
193535;11;8;8010303;2019;4;16;2;3;1;5;0;1;1;0;0;0;0;0
193536;11;1;1011203;2019;4;9;6;3;2;6;0;0;1;0;1;0;0;0
193537;11;12;12214125;2019;4;16;2;2;2;6;0;0;1;0;0;0;0;0
193538;11;10;10020622;2019;4;17;5;3;5;3;0;1;1;0;0;0;0;0
193539;11;9;9020701;2019;4;16;2;3;5;3;0;1;1;0;0;0;0;0
193540;11;8;8041036;2019;4;7;6;3;3;6;0;1;1;0;0;0;0;0
193541;11;8;8010213;2019;4;15;2;3;5;3;0;1;0;0;0;0;1;0
193542;11;3;3040614;2019;4;12;5;3;5;2;0;0;0;0;0;1;1;0
193543;11;1;1011303;2019;4;15;2;3;2;4;0;1;1;1;0;0;0;0
193544;11;5;5020523;2019;4;14;1;3;5;2;0;0;1;0;0;0;0;0
193545;11;1;1011303;2019;4;15;2;3;5;3;0;1;0;0;0;0;0;0
193546;11;1;1022204;2019;4;15;2;3;5;2;0;1;1;0;0;0;0;0
193547;11;5;5020521;2019;4;15;7;3;5;2;0;0;1;0;0;0;0;0
193548;11;5;5020417;2019;4;13;2;3;0;3;0;1;0;0;0;0;1;0
193549;11;10;10010308;2019;4;14;2;3;5;3;0;1;0;0;0;0;1;0
193550;11;2;2010102;2019;4;7;5;3;3;6;0;1;0;0;0;0;0;0
193551;11;5;5020626;2019;4;14;2;3;5;3;0;0;1;0;1;0;0;0
193552;11;10;10020620;2019;4;16;5;3;2;6;0;0;1;0;0;0;0;0
193553;11;6;6010210;2019;4;16;2;2;6;4;0;1;0;1;0;0;0;0
193554;11;3;3061227;2019;4;13;7;3;5;3;0;1;1;0;0;0;0;0
193555;11;4;4030931;2019;4;18;2;3;1;5;0;0;1;0;0;0;0;0
193556;11;10;10040931;2019;4;13;2;3;5;3;0;1;1;0;0;0;0;0
193557;11;2;2020206;2019;4;16;2;3;2;6;0;0;1;0;0;0;0;0
193558;11;3;3061434;2019;4;19;1;3;2;6;0;0;1;0;0;0;0;0
193559;11;4;4041136;2019;4;12;2;3;1;5;0;1;1;0;0;0;0;0
193560;11;5;5030731;2019;4;14;2;3;0;7;0;0;0;0;1;0;0;1
193561;11;4;4030828;2019;4;19;4;3;5;3;1;1;1;0;0;0;0;0
193562;11;2;2010104;2019;4;18;6;3;5;3;0;0;1;0;0;0;0;0
193563;11;1;1044201;2019;4;17;2;3;5;5;0;1;1;0;0;0;0;0
193564;11;1;1011402;2019;4;18;4;3;2;6;0;0;1;0;0;0;0;0
193565;11;5;5020625;2019;4;12;2;3;2;6;0;0;1;0;0;0;0;0
193566;11;1;1011303;2019;4;18;4;3;3;6;0;1;1;0;0;0;0;0
193567;11;6;6040806;2019;4;14;5;3;5;2;0;0;1;0;1;0;0;0
193568;11;6;6020303;2019;4;16;2;3;5;3;0;1;1;0;0;0;0;0
193569;11;8;8010213;2019;4;18;4;3;2;7;0;1;0;0;0;0;1;0
193570;11;3;3040818;2019;4;17;4;3;1;1;0;0;0;0;1;1;0;0
193571;11;4;4030623;2019;4;9;5;3;5;7;0;0;1;0;0;0;0;0
193572;11;1;1011402;2019;4;13;2;3;0;3;0;1;1;0;0;0;0;0
193573;11;9;9020802;2019;4;17;4;3;2;7;0;0;1;0;0;0;0;0
193574;11;4;4010102;2019;4;18;7;3;6;4;1;0;0;1;1;0;0;0
193575;11;7;7010102;2019;4;17;4;3;0;6;0;0;1;0;0;0;1;0
193576;11;1;1044103;2019;4;13;2;3;1;5;0;0;1;0;0;0;1;0
193577;11;4;4020311;2019;4;17;4;3;5;3;0;0;1;0;1;0;0;0
193578;11;5;5030731;2019;4;18;2;3;5;2;0;1;1;0;0;0;0;0
193579;11;2;2050601;2019;4;17;4;3;5;3;0;1;1;0;0;0;0;0
193580;11;7;7050501;2019;4;10;6;3;3;6;0;0;1;0;1;0;0;0
193581;11;7;7020201;2019;4;11;2;3;2;6;0;0;1;0;0;0;0;0
193582;11;7;7040403;2019;4;16;4;3;2;6;0;0;1;0;0;0;0;0
193583;11;2;2020204;2019;4;16;4;3;5;2;0;1;1;0;0;0;0;0
193584;11;6;6030610;2019;4;15;5;3;3;2;0;0;1;0;0;0;0;0
193585;11;6;6040701;2019;4;16;4;3;4;6;0;1;1;0;0;0;0;0
193586;11;7;7050502;2019;4;14;6;3;5;3;0;0;1;0;0;0;0;0
193587;11;12;12301203;2019;4;15;4;3;6;6;0;1;0;1;0;0;0;0
193588;11;4;4020311;2019;4;15;4;3;5;3;0;0;1;0;0;0;0;0
193589;11;6;6010205;2019;4;15;4;3;5;7;0;0;1;0;1;0;0;0
193590;11;1;1011302;2019;4;14;5;3;5;7;0;0;1;0;1;0;0;0
193591;11;7;7020204;2019;4;18;2;3;5;2;0;1;1;0;0;0;0;0
193592;11;7;7040405;2019;4;14;4;3;5;3;0;0;1;0;0;0;0;0
193593;11;4;4051652;2019;4;16;2;3;6;4;0;0;1;1;0;0;0;0
193594;11;1;1011204;2019;4;14;4;3;5;3;0;0;1;0;1;0;0;0
193595;11;7;7040402;2019;4;7;5;3;0;7;0;0;0;1;1;0;0;0
193596;11;1;1011301;2019;4;10;2;3;6;2;0;0;1;1;0;0;0;0
193597;11;10;10010309;2019;4;17;4;3;0;1;0;0;0;0;1;0;0;0
193598;11;1;1033201;2019;4;17;7;3;6;7;0;1;0;1;0;0;0;0
193599;11;7;7040405;2019;4;8;4;3;5;3;0;0;1;0;0;0;0;0
193600;11;10;10040830;2019;4;17;2;2;5;2;0;0;1;0;1;0;0;0
193601;11;7;7010104;2019;4;8;4;3;5;2;0;1;1;0;0;0;0;0
193602;11;1;1044101;2019;4;18;2;3;6;4;0;0;1;1;0;0;0;0
193603;11;2;2030402;2019;4;9;3;3;2;6;0;1;0;0;0;0;0;0
193604;11;4;4041344;2019;4;8;6;3;2;6;0;0;1;0;0;0;1;0
193605;11;3;3020307;2019;4;19;2;3;2;6;0;0;1;0;1;0;0;0
193606;11;1;1011202;2019;4;18;3;3;5;2;0;0;1;0;0;0;0;0
193607;11;1;1011101;2019;4;9;3;3;2;6;0;0;1;0;0;0;0;0
193608;11;4;4041134;2019;4;16;5;3;2;6;0;0;1;0;0;0;0;0
193609;11;3;3040512;2019;4;12;3;3;5;2;0;1;1;0;0;0;0;0
193610;11;8;8020619;2019;4;17;3;3;6;3;0;0;1;1;0;0;0;0
193611;11;9;9051702;2019;4;11;1;3;2;6;0;0;1;0;0;0;0;0
193612;11;1;1022104;2019;4;17;3;3;6;4;0;1;0;1;0;0;0;0
193613;11;11;11051331;2019;4;20;2;2;6;4;2;0;1;1;0;0;0;0
193614;11;7;7070701;2019;4;10;2;3;5;2;0;1;0;0;0;1;0;0
193615;11;2;2020204;2019;4;17;3;3;2;6;0;1;1;0;0;0;0;0
193616;11;4;4020311;2019;4;13;7;2;5;3;0;0;1;0;1;0;0;0
193617;11;7;7040403;2019;4;12;3;3;5;3;0;0;1;0;0;0;0;0
193618;11;1;1011302;2019;4;9;2;3;5;3;0;1;1;0;0;0;0;0
193619;11;1;1033203;2019;4;18;3;3;2;6;0;1;1;0;0;0;0;0
193620;11;4;4061757;2019;4;1;1;2;9;1;2;0;0;0;1;0;0;0
193621;11;6;6040809;2019;4;12;3;3;5;3;0;0;1;0;1;0;0;0
193622;11;3;3061429;2019;4;14;4;3;2;2;0;0;1;0;0;0;0;0
193623;11;10;10020413;2019;4;9;2;3;5;3;0;1;1;0;0;0;0;0
193624;11;8;8010404;2019;4;11;3;3;6;4;0;0;1;1;0;0;0;0
193625;11;8;8010118;2019;4;1;7;3;1;6;2;1;1;0;0;0;0;0
193626;11;6;6020409;2019;4;11;3;3;5;3;0;0;1;0;0;0;0;0
193627;11;5;5030730;2019;4;8;2;3;1;5;0;0;1;0;0;0;1;0
193628;11;4;4020311;2019;4;10;3;3;5;3;0;0;1;0;0;0;0;0
193629;11;7;7010102;2019;4;8;2;3;2;6;0;0;0;0;1;0;1;0
193630;11;1;1011303;2019;4;18;3;2;5;2;1;1;1;0;0;0;0;0
193631;11;6;6010207;2019;4;11;6;3;1;5;0;1;1;0;0;0;1;0
193632;11;1;1022102;2019;4;8;2;2;6;4;0;0;1;1;0;0;0;0
193633;11;11;11030721;2019;4;20;3;3;5;3;2;1;1;0;0;0;0;0
193634;11;4;4051652;2019;4;10;3;3;2;7;0;1;0;0;0;0;1;0
193635;11;12;12214125;2019;4;20;5;3;5;3;2;0;1;0;0;0;0;0
193636;11;2;2050803;2019;4;8;2;3;2;6;0;1;0;0;0;0;0;0
193637;11;12;12103115;2019;4;21;3;3;5;2;2;0;1;0;0;0;0;0