OBJECTID;LAND;BEZ;LOR_ab_2021;UJAHR;UMONAT;USTUNDE;UWOCHENTAG;UKATEGORIE;UART;UTYP1;ULICHTVERH;IstRad;IstPKW;IstFuss;IstKrad;IstGkfz;IstSonstige;USTRZUSTAND
193638;11;1;1011401;2019;4;12;1;3;0;1;0;1;0;0;0;0;0;0
193639;11;4;4030726;2019;4;10;3;3;3;6;0;1;1;0;0;0;0;0
193640;11;9;9010402;2019;4;11;2;2;0;1;0;0;0;0;1;0;0;0
193641;11;12;12214424;2019;4;17;2;3;2;6;0;0;1;0;0;0;1;0
193642;11;12;12224230;2019;4;9;3;3;3;6;0;0;1;0;0;0;0;0
193643;11;1;1011306;2019;4;19;6;3;2;6;0;1;1;0;0;0;0;0
193644;11;9;9010302;2019;3;18;1;3;5;3;0;0;1;0;0;0;0;0
193645;11;7;7010104;2019;4;21;3;3;5;2;2;1;1;0;0;0;0;0
193646;11;1;1044101;2019;3;18;1;3;3;6;0;0;1;0;1;0;0;0
193647;11;5;5030832;2019;4;13;3;3;2;6;0;0;1;0;0;0;0;0
193648;11;1;1011302;2019;4;11;5;3;3;6;0;1;0;0;0;1;0;0
193649;11;12;12301206;2019;3;17;1;3;5;2;0;1;0;0;0;0;0;0
193650;11;2;2050802;2019;4;22;3;3;5;7;2;1;1;0;0;0;0;0
193651;11;12;12214125;2019;3;17;1;3;2;2;0;0;1;0;0;0;0;0
193652;11;1;1022206;2019;4;7;3;3;5;3;0;1;0;0;1;0;0;0
193653;11;9;9020502;2019;3;15;1;3;6;4;0;0;0;1;0;0;1;0
193654;11;7;7050503;2019;4;6;3;3;3;6;0;1;1;0;0;0;0;0
193655;11;12;12214527;2019;4;14;6;3;2;7;0;0;1;0;1;0;0;0
193656;11;1;1011401;2019;3;13;1;3;5;2;0;1;1;0;0;0;0;0
193657;11;12;12214424;2019;4;13;3;3;0;6;0;0;1;0;0;0;1;0
193658;11;3;3040818;2019;4;17;3;2;5;3;0;0;1;0;0;0;0;0
193659;11;10;10020415;2019;4;17;5;3;6;4;0;0;1;1;0;0;0;0
193660;11;12;12214422;2019;3;16;1;3;3;6;0;0;1;0;0;0;0;0
193661;11;6;6030501;2019;4;11;3;2;6;4;0;0;1;1;0;0;0;0
193662;11;1;1011203;2019;4;16;1;3;2;1;0;0;1;0;1;0;0;0
193663;11;6;6010206;2019;4;22;3;2;6;2;2;0;1;1;0;0;0;0
193664;11;4;4030931;2019;3;16;1;2;2;6;0;0;1;0;0;0;0;0
193665;11;3;3050923;2019;3;1;1;3;6;4;2;0;1;1;0;0;0;0
193666;11;4;4051652;2019;4;9;3;3;1;5;0;1;1;0;0;0;1;0
193667;11;5;5030832;2019;4;18;6;3;5;2;1;1;1;0;0;0;0;0
193668;11;8;8010117;2019;3;0;1;3;3;6;2;0;1;0;0;0;0;0
193669;11;4;4041343;2019;4;17;3;3;1;5;0;1;1;0;0;0;0;0
193670;11;5;5020419;2019;3;9;1;3;2;6;0;0;1;0;0;0;0;0
193671;11;5;5020625;2019;4;20;3;3;0;1;2;1;0;0;0;0;0;0
193672;11;8;8010509;2019;4;15;5;3;6;4;0;0;1;1;0;0;0;0
193673;11;5;5020524;2019;3;11;1;3;5;3;0;1;1;0;0;0;0;0
193674;11;1;1011202;2019;4;17;3;3;0;1;0;1;0;0;0;0;0;0
193675;11;2;2050801;2019;4;18;3;3;0;1;0;1;0;0;0;0;0;0
193676;11;10;10010308;2019;4;9;5;3;5;2;0;1;1;0;0;0;0;0
193677;11;4;4030518;2019;3;12;1;3;5;2;0;0;1;0;0;0;0;0
193678;11;3;3030406;2019;4;7;3;2;5;3;0;1;1;0;0;0;0;0
193679;11;7;7050503;2019;4;18;7;2;5;3;0;1;1;0;0;0;0;0
193680;11;7;7010104;2019;4;16;3;3;1;5;0;1;1;0;0;0;0;0
193681;11;1;1011102;2019;4;16;3;3;5;2;0;0;1;0;1;0;0;0
193682;11;1;1011202;2019;4;10;5;3;6;4;0;0;0;1;0;0;1;0
193683;11;5;5020625;2019;3;13;7;3;5;3;0;0;1;0;0;0;0;0
193684;11;9;9020701;2019;4;16;3;3;5;2;0;1;1;0;0;0;0;0
193685;11;1;1011302;2019;4;23;7;3;5;7;2;0;1;0;0;0;1;0
193686;11;7;7060601;2019;4;16;3;3;0;6;0;0;1;0;0;0;1;0
193687;11;3;3020203;2019;3;15;7;3;5;3;0;1;1;0;0;0;0;0
193688;11;7;7040405;2019;4;15;3;3;5;2;0;1;1;0;0;0;0;0
193689;11;12;12103218;2019;3;15;7;3;1;1;0;0;1;0;0;1;0;0
193690;11;11;11030721;2019;4;15;3;2;6;4;0;0;1;1;0;0;0;0
193691;11;1;1011301;2019;4;13;6;3;3;6;0;0;1;0;1;0;0;0
193692;11;4;4030518;2019;4;14;3;2;6;4;0;0;1;1;0;0;0;0
193693;11;4;4030415;2019;4;14;3;3;2;6;0;0;1;0;1;0;0;0
193694;11;3;3061126;2019;3;14;7;3;5;3;0;1;0;0;0;0;0;0
193695;11;8;8010509;2019;4;14;3;3;2;6;0;0;1;0;0;0;0;0
193696;11;7;7050503;2019;4;16;5;3;5;2;0;0;1;0;1;0;0;0
193697;11;7;7040401;2019;3;14;7;3;5;2;0;0;1;0;1;0;0;0
193698;11;12;12103219;2019;4;14;3;3;5;2;0;0;1;0;0;0;1;0
193699;11;11;11030721;2019;4;17;1;2;5;7;0;0;1;0;1;0;0;0
193700;11;1;1011303;2019;4;14;3;3;5;2;0;1;1;0;0;0;0;0
193701;11;2;2040501;2019;4;7;5;3;6;4;0;0;1;1;0;0;0;0
193702;11;3;3020210;2019;3;14;7;3;2;2;0;0;1;0;0;0;0;0
193703;11;2;2020203;2019;4;13;3;3;0;1;0;1;0;0;0;0;1;0
193704;11;4;4051652;2019;4;16;7;3;1;5;0;1;1;0;0;0;0;0
193705;11;12;12214527;2019;4;13;3;3;5;2;0;0;1;0;0;0;0;0
193706;11;7;7070705;2019;3;14;7;2;5;2;0;1;1;0;0;0;0;0
193707;11;3;3040614;2019;4;13;3;3;5;2;0;0;0;0;1;0;1;0
193708;11;6;6020305;2019;3;13;7;2;0;5;0;0;0;0;1;0;1;0
193709;11;7;7020203;2019;4;13;3;3;1;5;0;1;1;0;0;0;0;0
193710;11;2;2010103;2019;4;7;6;3;0;2;0;1;1;0;0;0;0;0
193711;11;11;11030618;2019;3;13;7;3;1;5;0;0;1;0;0;0;0;0
193712;11;11;11030720;2019;4;15;2;3;0;1;0;1;0;0;0;0;0;0
193713;11;3;3071536;2019;4;23;2;3;5;2;2;1;0;0;0;0;0;0
193714;11;8;8030829;2019;3;13;7;3;2;6;0;0;1;0;0;0;0;0
193715;11;3;3010104;2019;4;15;2;3;2;6;0;0;1;0;0;0;0;0
193716;11;12;12214125;2019;3;13;7;2;5;3;0;1;1;0;0;0;0;0
193717;11;3;3040614;2019;4;15;2;3;6;2;0;0;1;1;0;0;0;0
193718;11;10;10020414;2019;4;16;6;2;6;4;0;0;1;1;0;0;0;0
193719;11;10;10010102;2019;3;12;7;3;6;4;0;0;1;1;0;0;0;0
193720;11;5;5010101;2019;4;17;2;3;5;3;0;1;1;0;0;0;0;0
193721;11;7;7040401;2019;4;14;2;3;6;4;0;0;1;1;0;0;0;0
193722;11;12;12103115;2019;4;14;5;3;1;5;0;0;1;0;1;0;0;0
193723;11;2;2020203;2019;3;8;7;2;5;2;0;0;1;0;0;0;0;0
193724;11;1;1022205;2019;4;15;2;3;2;7;0;0;1;0;0;0;0;0
193725;11;3;3040614;2019;4;15;1;3;0;2;0;1;1;0;0;0;0;0
193726;11;8;8010301;2019;4;8;2;3;5;3;0;1;1;0;0;0;0;0
193727;11;12;12302108;2019;3;8;7;3;1;1;0;0;1;0;0;0;0;0
193728;11;7;7040405;2019;3;7;7;2;6;2;0;0;0;1;0;0;1;0
193729;11;4;4010101;2019;4;22;2;3;5;2;2;0;1;0;0;0;0;0
193730;11;6;6040701;2019;4;11;7;2;5;2;0;1;1;0;0;0;0;0
193731;11;3;3050925;2019;4;21;2;3;3;6;2;1;1;0;0;0;0;0
193732;11;3;3061131;2019;3;8;7;3;0;1;0;1;0;0;0;0;0;0
193733;11;8;8020622;2019;4;20;2;3;6;7;2;0;1;1;0;0;0;0
193734;11;5;5020626;2019;3;13;7;3;0;1;0;0;0;0;1;0;0;0
193735;11;2;2010103;2019;4;20;2;3;6;2;2;0;1;1;0;0;0;0
193736;11;4;4051448;2019;4;19;6;3;4;5;1;1;0;0;0;0;0;0
193737;11;7;7010102;2019;3;0;7;3;5;3;2;0;1;0;0;0;0;0
193738;11;2;2010102;2019;4;20;2;3;2;6;2;0;1;0;1;0;0;0
193739;11;8;8010405;2019;4;19;2;3;2;7;1;0;1;0;1;0;0;0
193740;11;5;5010311;2019;4;17;5;3;2;6;0;0;1;0;0;0;0;0
193741;11;2;2030302;2019;3;15;7;3;0;4;0;1;0;1;0;0;0;0
193742;11;1;1022206;2019;4;18;2;3;5;2;0;0;1;0;1;0;0;0
193743;11;4;4051655;2019;4;19;1;3;6;2;2;0;1;1;0;0;0;0
193744;11;11;11020514;2019;4;18;2;3;5;2;0;1;1;0;0;0;0;0
193745;11;11;11030619;2019;3;15;7;3;2;2;0;0;1;0;0;0;0;0
193746;11;9;9020802;2019;4;17;2;3;2;6;0;0;1;0;0;1;0;0
193747;11;12;12304314;2019;4;12;5;3;5;2;0;0;1;0;0;0;1;0
193748;11;4;4030725;2019;4;16;2;3;2;6;0;0;1;0;0;0;0;0
193749;11;9;9041501;2019;3;15;7;3;5;3;0;1;1;0;0;0;0;0
193750;11;2;2020206;2019;4;8;2;3;3;6;0;0;1;0;0;0;0;0
193751;11;3;3061332;2019;4;12;1;3;2;6;0;1;1;0;0;0;0;0
193752;11;1;1011105;2019;4;8;2;3;5;3;0;1;1;0;0;0;0;0
193753;11;10;10020412;2019;3;15;7;3;5;2;0;0;1;0;0;0;0;0
193754;11;2;2020206;2019;3;16;7;3;5;7;0;0;1;0;0;0;0;0
193755;11;4;4030931;2019;4;8;2;3;5;2;0;1;0;0;1;0;0;0
193756;11;2;2050602;2019;4;14;7;3;0;3;0;0;1;0;1;0;0;0
193757;11;3;3061228;2019;4;8;2;3;2;6;0;0;1;0;0;0;0;0
193758;11;9;9020601;2019;3;16;7;3;2;6;0;0;1;0;0;0;1;0
193759;11;9;9051801;2019;4;7;2;3;2;6;0;0;1;0;0;0;0;0
193760;11;1;1044202;2019;3;20;7;3;6;2;2;0;1;1;0;0;0;0
193761;11;2;2050802;2019;4;7;2;3;6;7;0;1;0;1;0;0;0;0
193762;11;11;11030618;2019;4;14;6;3;0;7;0;0;1;0;0;0;0;0
193763;11;12;12302108;2019;3;21;7;3;5;3;2;0;1;0;0;0;0;0
193764;11;1;1011202;2019;4;8;2;3;2;6;0;1;1;0;0;0;0;0
193765;11;3;3061227;2019;4;9;2;3;5;3;0;0;1;0;0;0;0;0
193766;11;7;7060602;2019;4;17;5;2;0;7;0;1;0;0;0;0;0;0
193767;11;1;1044103;2019;3;21;7;3;1;5;2;1;1;0;0;0;0;0
193768;11;2;2040701;2019;4;10;2;3;5;3;0;0;1;0;0;0;0;0
193769;11;6;6020411;2019;4;18;7;3;6;4;0;0;1;1;0;0;0;0
193770;11;1;1011301;2019;4;10;2;3;5;3;0;0;1;0;0;0;0;0
193771;11;9;9010101;2019;3;14;7;3;2;6;0;1;1;0;1;0;0;0
193772;11;2;2050801;2019;3;21;7;3;0;7;2;1;0;0;0;0;0;0
193773;11;4;4020311;2019;4;10;2;3;5;3;0;0;1;0;0;0;0;0
193774;11;2;2010104;2019;4;14;6;3;5;2;0;0;1;0;0;0;0;0
193775;11;10;10010308;2019;4;11;2;3;2;6;0;0;1;0;0;0;0;0
193776;11;3;3061332;2019;3;20;7;3;0;1;2;1;0;0;0;0;0;0
193777;11;1;1022202;2019;4;12;2;3;2;6;0;0;1;0;1;0;0;0
193778;11;4;4041137;2019;4;22;6;2;2;6;2;0;1;0;0;0;0;0
193779;11;8;8010213;2019;4;13;2;3;6;7;0;0;1;1;0;0;0;0
193780;11;7;7020203;2019;3;11;7;3;5;3;0;0;1;0;0;0;1;0
193781;11;5;5020625;2019;4;12;2;3;5;3;0;0;1;0;0;0;0;0
193782;11;2;2040703;2019;3;23;6;3;5;7;2;1;1;0;0;0;0;0
193783;11;8;8010301;2019;4;12;2;3;2;2;0;0;1;0;0;0;1;0
193784;11;6;6010101;2019;4;11;5;3;5;2;0;0;1;0;0;0;0;0
193785;11;2;2020206;2019;3;9;6;3;1;7;0;0;1;0;0;0;0;0
193786;11;10;10030724;2019;4;15;2;3;5;3;0;1;1;0;0;0;0;0
193787;11;3;3061332;2019;4;15;2;3;1;5;0;1;1;0;0;0;0;0
193788;11;2;2030402;2019;4;10;5;3;2;6;0;0;1;0;1;0;0;0
193789;11;4;4041241;2019;3;13;6;3;5;2;0;1;0;0;0;0;1;0
193790;11;11;11010204;2019;4;15;2;3;5;3;0;1;1;0;0;0;0;0
193791;11;1;1022103;2019;4;19;7;3;5;3;1;0;1;0;0;0;0;0
193792;11;4;4041241;2019;4;15;2;3;1;5;0;1;1;0;0;0;0;0
193793;11;7;7060604;2019;3;12;6;3;2;2;0;0;1;0;0;0;0;0
193794;11;8;8010213;2019;4;16;2;3;1;5;0;1;1;0;0;0;0;0
193795;11;7;7030301;2019;3;12;6;3;5;3;0;1;1;0;0;0;0;0
193796;11;8;8010301;2019;4;11;6;3;5;3;0;0;1;0;0;0;1;0
193797;11;4;4020310;2019;4;18;4;3;6;4;0;1;0;1;0;0;0;0
193798;11;2;2010104;2019;4;15;5;3;5;2;0;0;1;0;0;0;0;0
193799;11;1;1033102;2019;4;13;1;3;6;4;0;0;1;1;0;0;0;0
193800;11;5;5040936;2019;4;15;4;2;0;2;0;0;0;0;0;0;1;0
193801;11;10;10040933;2019;4;19;4;3;5;2;0;1;1;0;0;0;0;0
193802;11;4;4030827;2019;4;9;4;3;3;6;0;1;1;0;0;0;0;0
193803;11;1;1011401;2019;4;10;7;2;0;1;0;1;0;0;0;0;0;0
193804;11;5;5010208;2019;4;17;6;3;5;2;0;1;0;0;0;0;1;0
193805;11;2;2050802;2019;4;15;6;3;6;7;0;1;0;1;0;0;0;0
193806;11;8;8010212;2019;4;16;6;3;2;6;0;0;1;0;0;0;0;0
193807;11;9;9041501;2019;4;13;6;3;0;7;0;1;0;0;0;0;0;0
193808;11;4;4030415;2019;4;14;6;3;2;6;0;0;1;0;0;0;0;0
193809;11;5;5010206;2019;4;11;6;3;5;3;0;1;1;0;0;0;0;0
193810;11;9;9051701;2019;4;10;6;2;0;6;0;0;1;0;1;0;0;0
193811;11;7;7040404;2019;4;8;6;3;9;1;0;0;1;0;0;0;0;0
193812;11;4;4030620;2019;4;9;6;3;5;7;0;0;1;0;0;0;0;0
193813;11;4;4030623;2019;4;12;6;3;3;6;0;0;1;0;1;0;0;0
193814;11;5;5030731;2019;4;14;6;3;2;2;0;0;1;0;0;0;0;0
193815;11;4;4041344;2019;4;14;6;3;0;1;0;1;0;0;0;0;0;0
193816;11;4;4020204;2019;4;11;6;3;0;1;0;0;0;0;1;0;0;0
193817;11;1;1011303;2019;4;16;6;3;6;2;0;1;0;1;0;0;0;0
193818;11;4;4020310;2019;4;16;6;2;5;3;0;0;1;0;0;0;0;0
193819;11;7;7040401;2019;4;14;4;2;5;3;0;1;1;0;0;0;0;0
193820;11;7;7030303;2019;4;17;6;3;3;2;0;1;0;0;0;0;1;0
193821;11;3;3061429;2019;4;17;6;2;1;5;0;1;1;0;0;0;0;0
193822;11;12;12214125;2019;4;18;6;3;2;6;0;0;1;0;0;0;0;0
193823;11;4;4030931;2019;4;20;6;3;2;6;2;0;1;0;0;0;0;0
193824;11;8;8010301;2019;4;17;6;3;5;7;0;0;1;0;0;0;0;0
193825;11;4;4020313;2019;4;18;6;3;0;1;0;1;0;0;0;0;0;0
193826;11;12;12214527;2019;4;15;5;3;0;1;0;1;0;0;0;0;0;0
193827;11;8;8010117;2019;4;19;5;3;6;4;0;1;0;1;0;0;0;0
193828;11;1;1011101;2019;4;16;5;3;0;2;0;1;1;0;0;0;0;0
193829;11;2;2010104;2019;4;20;5;3;6;4;2;0;0;1;1;0;0;0
193830;11;9;9041601;2019;4;14;5;3;2;2;0;1;0;0;0;0;1;0
193831;11;12;12301203;2019;4;20;5;3;1;5;1;0;1;0;1;0;0;0
193832;11;11;11041128;2019;4;20;5;3;1;5;1;0;1;0;1;0;0;0
193833;11;9;9051901;2019;4;14;5;3;5;5;0;1;1;0;0;0;0;0
193834;11;10;10020416;2019;4;5;5;3;5;7;0;0;1;0;1;0;0;0
193835;11;4;4030931;2019;4;20;5;2;5;7;0;0;1;0;1;0;0;0
193836;11;6;6010209;2019;4;19;5;3;5;3;1;1;1;0;0;0;0;0
193837;11;10;10010203;2019;4;12;5;3;5;2;0;0;1;0;0;0;0;0
193838;11;8;8020625;2019;4;12;5;3;6;4;0;0;1;1;0;0;0;0
193839;11;1;1033102;2019;4;11;5;3;6;7;0;0;0;1;0;0;1;0
193840;11;2;2030301;2019;4;19;5;3;5;3;0;1;1;0;0;0;0;0
193841;11;6;6020409;2019;4;19;5;3;2;6;1;0;1;0;0;0;0;0
193842;11;2;2050601;2019;4;18;5;3;6;2;0;0;1;1;0;0;0;0
193843;11;4;4051655;2019;4;18;5;3;5;3;0;1;1;0;0;0;0;0
193844;11;2;2050601;2019;4;18;5;3;5;2;0;1;1;0;0;0;0;0
193845;11;1;1011302;2019;4;10;5;3;4;6;0;1;0;0;0;0;1;0
193846;11;12;12302110;2019;4;8;5;3;5;2;0;1;1;0;0;0;0;0
193847;11;1;1022204;2019;4;7;5;3;1;5;0;1;1;0;0;0;0;0
193848;11;5;5010314;2019;4;5;5;3;2;7;0;0;0;0;1;0;1;0
193849;11;12;12103115;2019;4;12;5;3;5;2;0;0;1;0;0;0;0;0
193850;11;5;5030730;2019;4;12;5;3;2;6;0;0;1;0;0;0;0;0
193851;11;1;1011301;2019;4;11;5;3;0;1;0;1;0;0;0;0;0;0
193852;11;6;6030609;2019;4;4;5;3;1;1;2;1;1;0;0;0;0;0
193853;11;3;3030715;2019;4;17;5;3;5;2;0;0;1;0;1;0;0;0
193854;11;1;1033102;2019;4;17;5;3;2;6;0;0;1;0;0;0;0;0
193855;11;1;1011103;2019;4;16;5;3;0;6;0;0;1;0;0;0;1;0
193856;11;9;9010101;2019;4;16;5;3;5;2;0;1;1;0;0;0;0;0
193857;11;1;1011201;2019;4;15;5;3;5;3;0;1;1;0;0;0;0;0
193858;11;4;4051448;2019;4;15;5;3;2;2;0;0;1;0;0;0;1;0
193859;11;5;5010311;2019;4;15;5;3;2;6;0;0;1;0;0;0;0;0
193860;11;4;4051549;2019;4;15;5;3;5;7;0;0;1;0;0;0;0;0
193861;11;5;5020523;2019;4;14;5;3;5;3;0;0;1;0;0;0;0;0
193862;11;7;7040405;2019;4;14;5;3;5;2;0;0;1;0;0;0;0;0
193863;11;10;10030724;2019;4;17;4;3;2;3;0;1;1;0;0;0;0;0
193864;11;6;6040810;2019;4;17;4;3;1;1;0;1;1;0;0;0;0;0
193865;11;1;1044201;2019;4;9;4;3;3;6;0;0;1;0;0;1;0;0
193866;11;1;1011302;2019;4;12;4;3;6;7;0;0;1;1;0;0;0;0
193867;11;1;1033102;2019;4;19;4;3;0;1;0;0;1;0;1;0;0;0
193868;11;1;1011401;2019;4;23;4;3;1;5;2;1;1;0;0;0;0;0
193869;11;6;6020409;2019;4;23;4;3;8;1;2;0;1;0;0;0;0;0
193870;11;3;3040512;2019;4;22;4;3;5;3;2;0;1;0;0;0;0;0
193871;11;6;6040701;2019;4;22;4;3;0;1;2;1;0;0;0;0;0;0
193872;11;5;5020415;2019;4;22;4;2;5;3;2;0;1;0;0;0;1;0
193873;11;12;12302109;2019;4;20;4;3;6;7;1;0;1;1;0;0;0;0
193874;11;4;4020314;2019;4;20;4;3;3;2;2;0;0;0;1;1;0;0
193875;11;5;5010312;2019;4;18;4;3;2;6;0;0;1;0;0;0;0;0
193876;11;1;1044103;2019;4;11;4;3;1;7;0;1;1;0;0;0;0;0
193877;11;9;9020802;2019;4;10;4;3;5;3;0;1;1;0;0;0;0;0
193878;11;7;7070701;2019;4;10;4;3;5;2;0;0;1;0;0;0;0;0
193879;11;3;3071638;2019;4;10;4;3;3;6;0;1;1;0;0;0;0;0
193880;11;4;4030931;2019;4;17;4;3;6;7;0;1;0;0;0;0;1;0
193881;11;5;5030833;2019;4;9;4;3;2;6;0;0;1;0;0;0;1;0
193882;11;9;9010301;2019;4;9;4;3;5;3;0;1;1;0;0;0;0;0
193883;11;2;2030301;2019;4;9;4;3;6;4;0;1;0;1;0;0;0;0
193884;11;2;2050801;2019;4;9;4;3;3;6;0;1;0;0;1;0;0;0
193885;11;5;5020625;2019;4;8;4;3;2;6;0;0;1;0;0;0;0;0
193886;11;3;3050920;2019;4;8;4;3;5;3;0;0;1;0;0;0;1;0
193887;11;5;5010101;2019;4;16;4;3;6;7;0;0;1;1;0;0;0;0
193888;11;3;3020209;2019;4;7;4;3;0;3;0;0;1;0;1;0;0;0
193889;11;1;1044201;2019;4;12;4;3;5;3;0;1;1;0;0;0;0;0
193890;11;11;11030721;2019;4;9;4;2;5;3;0;0;1;0;1;0;0;0
193891;11;3;3040512;2019;4;13;4;3;8;1;0;0;1;0;0;0;0;0
193892;11;1;1044103;2019;4;13;4;3;6;4;0;1;0;1;0;0;0;0
193893;11;11;11010102;2019;4;14;4;3;2;2;0;1;1;0;0;0;0;0
193894;11;10;10040933;2019;4;14;4;3;5;3;0;0;1;0;0;1;0;0
193895;11;9;9041601;2019;4;15;4;3;4;6;0;0;1;0;0;1;0;0
193896;11;7;7040401;2019;4;15;4;3;2;6;0;0;1;0;0;0;0;0
193897;11;4;4051445;2019;4;15;4;3;5;3;0;0;1;0;1;0;0;0
193898;11;1;1011302;2019;4;15;4;3;5;2;0;1;1;0;0;0;0;0
193899;11;5;5030731;2019;4;15;4;3;1;5;0;0;1;0;1;0;0;0
193900;11;5;5010206;2019;4;16;4;2;2;1;0;0;1;0;1;0;0;0
193901;11;2;2050803;2019;4;16;4;3;0;5;0;1;1;0;0;0;0;0
193902;11;3;3071536;2019;4;16;4;3;6;4;0;1;0;1;0;0;0;0
193903;11;9;9051901;2019;4;16;4;3;2;6;0;0;0;0;1;0;1;0
193904;11;8;8020620;2019;4;16;4;2;2;1;0;0;1;0;0;0;0;0
193905;11;3;3050924;2019;4;16;4;3;0;1;0;1;0;0;0;0;0;0
193906;11;5;5020628;2019;4;11;4;2;0;7;0;0;1;0;0;0;0;0
193907;11;2;2010103;2019;4;16;3;3;0;5;0;0;1;0;1;0;0;0
193908;11;2;2050601;2019;4;15;3;3;5;2;0;1;1;0;0;0;0;0
193909;11;2;2050801;2019;4;18;3;3;5;3;0;0;1;0;0;0;0;0
193910;11;9;9041501;2019;4;11;3;3;5;3;0;1;0;0;0;0;1;0
193911;11;2;2020203;2019;4;9;3;3;5;2;0;1;1;0;0;0;0;0
193912;11;2;2020206;2019;4;10;3;3;2;6;0;1;1;0;0;0;0;0
193913;11;1;1011301;2019;4;9;3;3;5;2;0;1;1;0;0;0;0;0
193914;11;1;1033102;2019;4;8;3;3;6;6;0;1;0;1;0;0;0;0
193915;11;1;1011202;2019;4;17;3;3;0;7;0;0;0;0;1;0;0;0
193916;11;12;12214424;2019;4;20;3;3;2;6;2;0;1;0;0;0;0;0
193917;11;11;11040926;2019;4;19;3;3;5;2;1;1;1;0;0;0;0;0
193918;11;2;2020206;2019;4;10;3;3;6;4;0;1;0;1;0;0;0;0
193919;11;12;12214421;2019;4;18;3;3;3;6;0;0;1;0;0;0;0;0
193920;11;5;5010312;2019;4;7;3;3;2;6;0;0;1;0;0;0;0;0
193921;11;10;10020414;2019;4;18;3;3;4;5;0;0;1;0;1;0;0;0
193922;11;8;8010117;2019;4;18;3;3;5;3;0;1;1;0;0;0;0;0
193923;11;2;2040503;2019;4;6;3;3;5;3;0;0;0;0;1;0;1;0
193924;11;7;7030301;2019;4;18;3;3;2;6;0;0;1;0;0;0;0;0
193925;11;7;7010101;2019;4;9;3;3;5;2;0;1;1;0;0;0;0;0
193926;11;2;2010101;2019;4;8;3;3;2;6;0;0;1;0;0;0;0;0
193927;11;3;3061430;2019;4;3;3;2;5;2;2;0;1;0;1;0;0;0
193928;11;12;12302110;2019;4;9;3;3;0;2;0;0;1;0;0;0;1;0
193929;11;2;2030401;2019;4;22;3;3;0;6;2;0;1;0;1;0;0;0
193930;11;8;8010117;2019;4;21;3;3;5;2;2;1;1;0;0;0;0;0
193931;11;7;7030301;2019;4;17;3;3;1;5;0;1;1;0;0;0;0;0
193932;11;9;9010401;2019;4;16;3;3;3;6;0;0;1;0;1;0;0;0
193933;11;4;4051448;2019;4;16;3;3;1;5;0;1;1;0;0;0;0;0
193934;11;7;7050505;2019;4;15;3;2;4;6;0;0;1;0;0;0;0;0
193935;11;6;6010205;2019;4;14;3;3;3;6;0;0;1;0;0;1;0;0
193936;11;9;9020802;2019;4;11;3;3;6;2;0;0;1;1;0;0;0;0
193937;11;5;5020626;2019;4;11;3;3;2;6;0;0;1;0;0;0;0;0
193938;11;2;2030401;2019;4;23;3;3;0;1;2;0;0;0;1;0;0;0
193939;11;8;8010301;2019;4;14;2;3;1;5;0;1;0;0;0;0;1;0
193940;11;1;1022206;2019;4;13;4;2;6;4;0;0;1;1;0;0;0;0
193941;11;4;4030623;2019;4;8;4;3;2;6;0;0;1;0;0;0;0;0
193942;11;11;11030618;2019;4;15;2;3;6;7;0;0;0;1;0;0;1;0
193943;11;1;1011306;2019;4;6;2;3;5;3;0;1;1;0;0;0;0;0
193944;11;10;10030727;2019;4;5;2;3;5;3;1;1;1;0;0;0;0;0
193945;11;2;2020205;2019;4;17;2;3;1;5;0;1;0;0;0;0;1;0
193946;11;4;4051448;2019;4;18;2;3;5;2;0;0;1;0;1;0;0;0
193947;11;2;2020204;2019;4;19;2;3;2;6;0;1;1;0;0;0;0;0
193948;11;9;9010301;2019;4;19;2;3;6;2;0;0;1;1;0;0;0;0
193949;11;3;3040513;2019;4;18;2;3;5;3;0;1;1;0;0;0;0;0
193950;11;8;8020728;2019;4;18;2;2;6;4;0;0;1;1;0;0;0;0
193951;11;8;8020619;2019;4;16;2;3;5;2;0;1;1;0;0;0;0;0
193952;11;8;8010213;2019;4;16;2;3;0;5;0;0;1;0;1;0;0;0
193953;11;2;2030302;2019;4;9;4;3;3;6;0;1;0;0;0;1;0;0
193954;11;8;8020625;2019;4;14;2;3;5;3;0;1;1;0;0;0;0;0
193955;11;7;7030301;2019;4;16;2;3;5;3;0;0;1;0;0;0;0;0
193956;11;5;5010311;2019;4;15;2;3;2;6;0;0;1;0;0;0;0;0
193957;11;1;1011204;2019;4;15;2;3;5;2;0;0;1;0;1;0;0;0
193958;11;10;10010309;2019;4;15;2;2;6;4;0;0;0;1;0;0;1;0
193959;11;5;5020627;2019;4;14;2;3;2;6;0;0;1;0;0;0;0;0
193960;11;9;9041601;2019;4;13;2;3;5;3;0;0;1;0;0;0;0;0
193961;11;7;7050505;2019;4;12;2;3;3;6;0;0;1;0;0;0;0;0
193962;11;9;9041501;2019;4;8;2;3;5;2;0;1;1;0;0;0;0;0
193963;11;2;2010102;2019;4;9;2;3;5;3;0;1;1;0;0;0;0;0
193964;11;8;8041040;2019;4;9;2;3;2;6;0;0;1;0;0;0;0;0
193965;11;9;9051901;2019;4;11;2;3;5;3;0;1;1;0;0;0;0;0
193966;11;8;8040933;2019;4;10;2;3;5;3;0;1;1;0;0;0;0;0
193967;11;7;7040401;2019;4;10;2;3;5;2;0;1;1;0;0;0;0;0
193968;11;2;2020205;2019;4;11;2;3;1;5;0;0;1;0;1;0;0;0