OBJECTID;LAND;BEZ;LOR_ab_2021;UJAHR;UMONAT;USTUNDE;UWOCHENTAG;UKATEGORIE;UART;UTYP1;ULICHTVERH;IstRad;IstPKW;IstFuss;IstKrad;IstGkfz;IstSonstige;USTRZUSTAND
193969;11;2;2030401;2019;4;11;2;3;0;3;0;0;1;0;0;0;1;0
193970;11;9;9030901;2019;4;12;2;3;2;6;0;0;1;0;0;0;0;0
193971;11;1;1011401;2019;4;12;2;3;0;1;0;1;0;0;0;0;0;0
193972;11;7;7010104;2019;4;12;1;3;2;7;0;0;1;0;0;0;0;1
193973;11;6;6030504;2019;4;11;1;3;5;3;0;0;1;0;0;0;0;1
193974;11;4;4041136;2019;4;11;1;3;5;3;0;0;1;0;0;0;0;1
193975;11;3;3030406;2019;4;11;1;3;5;3;0;0;1;0;0;0;0;1
193976;11;9;9010101;2019;4;9;1;3;5;3;0;0;1;0;0;0;0;1
193977;11;10;10020412;2019;4;5;1;3;1;5;1;0;1;0;0;0;1;1
193978;11;9;9041301;2019;4;16;1;2;5;2;0;0;1;0;0;0;0;0
193979;11;4;4030725;2019;4;16;1;2;5;2;0;0;1;0;1;0;0;0
193980;11;5;5010103;2019;4;20;1;3;1;5;2;1;1;0;0;0;0;0
193981;11;6;6040804;2019;4;22;1;3;5;3;2;0;1;0;1;0;0;0
193982;11;6;6030610;2019;4;10;7;3;3;6;0;0;1;0;0;0;0;0
193983;11;8;8010301;2019;4;15;7;3;3;6;0;0;1;0;0;0;0;0
193984;11;4;4030931;2019;4;18;7;3;1;5;0;1;1;0;0;0;0;0
193985;11;1;1022204;2019;4;22;7;2;5;2;2;1;1;0;0;0;0;0
193986;11;1;1011302;2019;4;19;7;3;5;2;0;1;1;0;0;0;0;0
193987;11;3;3071633;2019;4;18;7;3;5;3;0;0;1;0;0;0;0;0
193988;11;8;8010118;2019;4;18;7;3;5;3;0;0;1;0;0;0;0;0
193989;11;7;7030301;2019;4;16;7;3;6;4;0;0;1;1;0;0;0;0
193990;11;6;6010206;2019;4;14;7;3;1;5;0;1;1;0;0;0;0;0
193991;11;11;11030720;2019;4;13;7;3;2;6;0;0;1;0;0;0;0;0
193992;11;4;4030931;2019;4;12;7;2;6;4;0;0;1;1;0;0;0;0
193993;11;10;10020414;2019;4;12;7;3;2;4;0;0;1;1;0;0;0;0
193994;11;3;3010102;2019;4;11;7;3;5;3;0;1;1;0;0;0;0;0
193995;11;1;1022206;2019;4;10;7;2;6;4;0;0;1;1;0;0;0;0
193996;11;1;1022201;2019;4;0;7;3;4;6;2;0;1;0;0;0;0;0
193997;11;7;7030301;2019;4;10;6;3;6;4;0;0;1;1;0;0;0;0
193998;11;7;7040404;2019;4;14;6;3;5;5;0;0;1;0;0;0;0;0
193999;11;4;4010101;2019;4;14;6;3;5;2;0;0;1;0;1;0;0;0
194000;11;5;5010314;2019;4;11;4;3;0;2;0;0;1;0;0;0;1;0
194001;11;12;12304313;2019;4;14;6;2;5;3;0;0;1;0;1;0;0;0
194002;11;12;12214424;2019;4;13;6;3;1;5;0;0;1;0;0;0;1;0
194003;11;8;8020625;2019;4;11;6;3;5;3;0;1;1;0;0;0;0;0
194004;11;1;1033102;2019;4;11;6;3;5;3;0;1;1;0;0;0;0;0
194005;11;11;11030721;2019;4;10;6;3;5;2;0;1;1;0;0;0;0;0
194006;11;4;4020313;2019;4;9;6;3;3;6;0;0;1;0;0;0;1;0
194007;11;3;3040818;2019;4;8;6;3;1;5;0;1;1;0;0;0;0;0
194008;11;1;1011203;2019;4;8;6;3;3;6;0;1;0;0;0;1;0;0
194009;11;1;1011103;2019;4;12;6;3;2;1;0;0;1;0;1;0;0;0
194010;11;8;8041038;2019;4;7;6;3;5;3;0;1;1;0;0;0;0;0
194011;11;2;2020204;2019;4;13;6;3;2;6;0;0;1;0;0;0;1;0
194012;11;12;12301203;2019;4;10;6;3;5;2;0;0;1;0;0;0;1;0
194013;11;1;1011203;2019;4;8;6;3;5;3;0;1;1;0;0;0;0;0
194014;11;9;9041501;2019;4;8;6;2;6;4;0;0;1;1;0;0;0;0
194015;11;9;9030901;2019;4;23;6;3;1;5;2;0;1;0;0;0;0;0
194016;11;8;8030830;2019;4;21;6;3;5;3;2;0;1;0;0;0;0;0
194017;11;2;2020206;2019;4;19;6;3;5;7;1;0;1;0;0;0;0;0
194018;11;5;5010314;2019;4;17;6;2;6;4;0;0;1;1;0;0;0;0
194019;11;1;1011101;2019;4;17;6;3;0;1;0;0;1;0;0;0;0;0
194020;11;6;6030501;2019;4;17;6;3;5;3;0;1;1;0;0;0;0;0
194021;11;3;3051017;2019;4;6;6;3;5;3;0;0;1;0;0;0;0;0
194022;11;5;5040937;2019;4;3;6;2;8;1;2;0;1;0;0;0;1;0
194023;11;9;9010202;2019;4;9;5;3;5;3;0;1;1;0;0;0;0;0
194024;11;4;4051445;2019;4;9;5;3;6;2;0;0;1;1;0;0;0;0
194025;11;1;1044202;2019;4;19;5;2;6;4;1;0;1;1;0;0;0;0
194026;11;4;4020310;2019;4;14;5;3;2;6;0;0;1;0;0;1;0;0
194027;11;2;2030302;2019;4;19;5;3;5;2;0;1;1;0;0;0;0;0
194028;11;6;6040807;2019;4;14;5;3;5;2;0;1;0;0;1;0;0;0
194029;11;6;6020410;2019;4;14;5;3;5;3;0;1;1;0;0;0;0;0
194030;11;1;1022106;2019;4;17;5;3;0;1;1;1;0;0;0;0;0;0
194031;11;1;1011305;2019;4;13;5;3;5;3;0;1;1;0;0;0;0;0
194032;11;6;6010206;2019;4;17;5;3;5;3;0;0;1;0;1;0;1;0
194033;11;12;12304313;2019;4;12;5;3;5;2;0;0;1;0;0;0;1;0
194034;11;9;9041301;2019;4;12;5;3;5;2;0;1;1;0;0;0;0;0
194035;11;10;10010308;2019;4;11;5;3;2;6;0;0;1;0;0;0;0;0
194036;11;1;1033102;2019;4;10;5;3;5;2;0;1;1;0;0;0;0;0
194037;11;7;7040403;2019;4;17;5;3;0;2;0;0;1;0;0;0;1;0
194038;11;1;1033202;2019;4;10;5;3;6;4;0;0;1;1;0;0;0;0
194039;11;12;12214527;2019;4;9;5;3;6;4;0;0;1;1;0;0;0;0
194040;11;1;1011302;2019;4;9;5;3;3;6;0;1;1;0;0;0;0;0
194041;11;6;6020305;2019;4;8;5;3;5;2;0;1;1;0;0;0;0;0
194042;11;3;3061228;2019;4;8;5;3;2;6;0;0;1;0;0;0;1;0
194043;11;1;1022205;2019;4;7;5;3;5;3;0;1;1;0;0;0;0;0
194044;11;4;4041137;2019;4;7;5;3;5;3;0;0;0;0;1;1;0;0
194045;11;1;1011302;2019;4;7;5;2;0;1;0;0;0;0;1;0;0;1
194046;11;7;7040403;2019;4;20;4;3;5;2;2;1;1;0;0;0;0;0
194047;11;1;1011201;2019;4;9;4;2;1;5;0;1;1;0;0;0;0;0
194048;11;7;7050505;2019;4;9;5;3;0;1;0;0;0;0;1;0;0;0
194049;11;1;1011303;2019;4;16;5;2;6;4;0;0;1;1;0;0;0;0
194050;11;7;7070703;2019;4;16;5;3;2;6;0;0;1;0;0;0;0;0
194051;11;11;11020513;2019;4;15;5;3;5;2;0;0;1;0;0;0;1;0
194052;11;2;2020203;2019;4;18;5;3;5;3;0;0;1;0;0;0;1;0
194053;11;9;9020501;2019;4;16;4;3;5;2;0;1;1;0;0;0;0;0
194054;11;12;12224230;2019;4;16;4;3;5;2;0;1;1;0;0;0;0;0
194055;11;9;9051702;2019;4;17;4;3;5;3;0;1;1;0;0;0;0;0
194056;11;7;7070704;2019;4;18;4;3;5;2;1;1;1;0;0;0;0;0
194057;11;9;9010402;2019;4;13;4;3;1;5;0;0;1;0;0;0;0;0
194058;11;11;11030824;2019;4;13;4;3;6;4;0;0;1;1;0;0;0;0
194059;11;4;4030519;2019;4;12;4;3;5;2;0;1;0;0;0;0;1;0
194060;11;2;2040503;2019;4;12;4;3;2;6;0;0;1;0;0;0;0;0
194061;11;6;6010205;2019;4;11;4;3;6;4;0;0;0;1;0;0;1;0
194062;11;3;3071536;2019;4;20;4;3;0;6;2;1;1;0;0;0;0;0
194063;11;8;8010214;2019;4;9;4;3;2;7;0;0;0;0;1;0;1;0
194064;11;9;9052001;2019;4;9;3;3;6;7;0;0;1;1;0;0;0;0
194065;11;3;3061228;2019;4;9;3;3;6;2;0;0;1;1;0;0;0;0
194066;11;4;4030623;2019;4;14;3;3;0;3;0;1;0;0;1;0;0;0
194067;11;1;1044101;2019;4;9;3;3;2;6;0;0;1;0;0;0;1;0
194068;11;5;5030730;2019;4;6;3;2;5;2;0;1;0;0;0;0;1;0
194069;11;4;4051656;2019;4;14;2;3;6;4;0;1;0;1;0;0;0;0
194070;11;1;1011105;2019;4;8;3;2;5;3;0;1;1;0;0;0;0;0
194071;11;6;6040810;2019;4;8;3;3;5;3;0;1;1;0;0;0;0;0
194072;11;4;4051549;2019;4;8;3;3;0;2;0;1;1;0;0;0;0;0
194073;11;6;6030605;2019;4;8;3;3;5;3;0;1;1;0;0;0;0;0
194074;11;1;1011301;2019;4;8;3;3;5;3;0;1;1;0;0;0;0;0
194075;11;3;3020307;2019;4;7;3;3;2;6;0;0;1;0;0;1;0;0
194076;11;11;11030721;2019;4;7;3;3;5;7;0;1;1;0;0;0;0;0
194077;11;7;7040403;2019;4;16;3;2;5;2;0;1;1;0;0;0;0;0
194078;11;9;9020501;2019;4;16;3;2;5;3;0;1;1;0;0;0;0;0
194079;11;1;1033102;2019;4;17;3;3;5;3;0;1;1;0;0;0;0;0
194080;11;10;10030724;2019;4;17;3;3;2;2;0;1;1;0;0;0;0;0
194081;11;7;7060604;2019;4;17;3;3;2;6;0;0;1;0;0;0;0;0
194082;11;2;2040502;2019;4;18;3;2;5;2;0;1;0;0;0;0;1;0
194083;11;2;2040502;2019;4;18;3;3;5;2;0;1;0;0;0;0;1;0
194084;11;6;6020301;2019;4;18;3;3;5;2;0;0;1;0;1;0;0;0
194085;11;1;1022106;2019;4;19;3;3;6;4;0;0;1;1;0;0;0;0
194086;11;5;5010311;2019;4;7;3;3;2;6;0;0;1;0;0;0;0;0
194087;11;12;12301204;2019;4;7;3;3;5;3;0;1;1;0;0;0;0;0
194088;11;4;4041134;2019;4;19;3;2;5;3;1;1;1;0;0;0;0;0
194089;11;7;7040401;2019;4;19;3;3;5;3;1;0;1;0;1;0;0;0
194090;11;2;2020202;2019;4;19;3;3;5;2;0;1;1;0;0;0;0;0
194091;11;2;2020204;2019;4;12;3;3;0;1;0;0;0;0;1;0;0;0
194092;11;5;5020625;2019;4;15;3;3;2;6;0;0;1;0;0;0;0;0
194093;11;1;1011302;2019;4;17;3;3;2;6;0;1;0;0;0;0;0;0
194094;11;6;6010205;2019;4;15;2;3;3;2;0;0;1;0;0;0;0;0
194095;11;6;6030502;2019;4;6;2;3;0;2;0;1;1;0;0;0;0;1
194096;11;3;3061429;2019;4;21;2;3;5;3;2;1;0;0;0;0;1;0
194097;11;10;10010311;2019;4;20;2;2;6;4;2;0;1;1;0;0;0;0
194098;11;4;4030415;2019;4;8;2;3;2;6;0;0;1;0;0;0;0;1
194099;11;2;2010104;2019;4;18;2;2;6;4;0;0;1;1;0;0;0;0
194100;11;9;9031202;2019;4;18;2;2;5;3;0;1;1;0;0;0;0;0
194101;11;3;3040512;2019;4;17;2;3;5;7;0;1;1;0;0;0;0;0
194102;11;11;11040925;2019;4;17;2;3;5;2;0;1;1;0;0;0;0;0
194103;11;9;9010302;2019;4;16;2;3;0;4;0;0;0;1;0;0;1;0
194104;11;3;3050925;2019;4;16;2;3;1;5;0;1;1;0;0;0;0;0
194105;11;5;5010314;2019;4;16;2;3;3;6;0;0;1;0;0;1;0;0
194106;11;1;7010102;2019;4;6;2;3;2;6;1;0;1;0;0;0;0;1
194107;11;8;8010510;2019;4;7;2;3;5;3;0;0;1;0;0;0;0;1
194108;11;7;7030301;2019;4;7;2;3;0;7;0;0;1;0;1;0;0;1
194109;11;3;3050919;2019;4;8;2;3;6;4;0;0;1;1;0;0;0;1
194110;11;4;4010102;2019;4;8;2;3;5;2;0;1;1;0;0;0;0;1
194111;11;8;8010301;2019;4;9;2;3;4;6;0;0;1;0;0;0;0;1
194112;11;4;4020314;2019;4;9;2;3;2;6;0;0;1;0;0;0;0;1
194113;11;2;2040503;2019;4;9;2;3;6;4;0;0;1;1;0;0;0;1
194114;11;6;6030607;2019;4;10;2;3;2;6;0;0;1;0;0;0;1;1
194115;11;12;12103218;2019;4;10;2;3;2;1;0;0;1;0;0;0;0;1
194116;11;12;12304313;2019;4;10;2;2;5;2;0;0;1;0;0;0;0;1
194117;11;5;5020523;2019;4;10;2;3;6;2;0;0;1;1;0;0;0;1
194118;11;1;1011301;2019;4;11;2;3;2;7;0;1;1;0;0;0;0;0
194119;11;2;2010104;2019;4;13;2;3;5;3;0;1;1;0;0;0;0;1
194120;11;10;10020414;2019;4;13;2;3;0;4;0;0;1;1;0;0;0;0
194121;11;5;5020523;2019;4;15;2;2;5;3;0;1;1;0;0;0;0;0
194122;11;10;10010102;2019;4;15;2;2;6;7;0;0;1;1;0;0;0;0
194123;11;4;4020204;2019;4;15;2;3;2;2;0;1;0;0;0;0;1;0
194124;11;9;9051801;2019;4;16;2;3;5;7;0;0;1;0;0;0;0;0
194125;11;4;4030623;2019;4;16;2;3;1;5;0;1;1;0;0;0;0;0
194126;11;1;1033203;2019;4;8;2;3;1;5;0;1;0;0;0;1;0;1
194127;11;6;6040808;2019;4;7;2;3;0;3;0;0;1;0;1;0;0;1
194128;11;12;12103117;2019;4;6;2;3;2;2;1;0;1;0;1;0;0;1
194129;11;4;4030725;2019;4;9;2;2;8;1;0;1;0;0;0;0;0;1
194130;11;2;2040501;2019;4;8;2;3;0;1;0;0;0;0;1;0;0;1
194131;11;4;4051448;2019;4;6;2;3;0;1;0;0;0;0;1;0;0;1
194132;11;1;1011402;2019;4;17;1;3;0;1;0;1;0;0;0;0;0;0
194133;11;1;1044201;2019;4;21;1;3;0;7;2;0;0;0;0;1;1;0
194134;11;1;1022106;2019;4;23;1;3;5;2;2;1;1;0;0;0;0;0
194135;11;11;11041128;2019;4;18;1;3;1;5;0;1;1;0;0;0;0;0
194136;11;11;11010205;2019;4;17;1;3;4;6;0;0;1;0;0;0;0;0
194137;11;2;2020206;2019;4;16;1;3;5;3;0;0;1;0;0;0;0;0
194138;11;8;8010510;2019;4;14;1;3;0;6;0;0;1;0;1;0;0;0
194139;11;11;11020412;2019;4;13;1;3;5;2;0;1;0;0;0;0;1;0
194140;11;2;2020206;2019;4;8;1;3;1;5;0;1;1;0;0;0;0;1
194141;11;2;2010103;2019;4;11;1;3;5;2;0;0;1;0;0;0;0;0
194142;11;11;11030721;2019;4;13;1;3;0;1;0;0;0;0;1;0;0;0
194143;11;2;2030401;2019;4;17;7;3;5;7;0;1;1;0;0;0;0;0
194144;11;8;8010303;2019;4;0;7;3;6;2;2;0;1;1;0;0;0;1
194145;11;7;7050502;2019;4;21;7;3;2;6;2;0;1;0;0;0;0;0
194146;11;6;6030502;2019;4;15;7;3;0;7;0;1;0;0;0;0;0;0
194147;11;1;1011302;2019;4;0;7;3;5;3;2;1;1;0;0;0;0;1
194148;11;4;4030930;2019;4;16;7;3;3;6;0;1;1;0;0;0;0;0
194149;11;1;1044202;2019;4;15;7;3;5;3;0;1;0;0;0;0;0;0
194150;11;4;4030622;2019;4;14;7;3;5;2;0;1;1;0;0;0;0;0
194151;11;9;9041501;2019;4;14;7;3;4;6;0;1;0;0;0;0;0;0
194152;11;5;5030731;2019;4;13;7;3;2;6;0;0;1;0;0;0;0;0
194153;11;3;3061126;2019;4;13;7;3;5;2;0;1;0;0;0;0;1;0
194154;11;7;7040401;2019;4;13;7;3;5;2;0;1;0;0;1;0;0;0
194155;11;1;1044101;2019;4;12;7;3;6;4;0;0;0;1;0;1;0;0
194156;11;8;8010301;2019;4;11;7;3;0;2;0;1;1;0;0;0;0;0
194157;11;11;11030721;2019;4;10;7;3;6;2;0;0;1;1;0;0;0;0
194158;11;12;12231102;2019;4;8;7;2;3;6;0;1;0;0;0;0;0;0
194159;11;3;3050925;2019;4;3;7;3;0;1;2;0;1;0;0;0;0;1
194160;11;11;11030619;2019;4;23;7;3;0;1;2;1;0;0;0;0;0;0
194161;11;3;3061131;2019;4;9;6;3;5;2;0;1;1;0;0;0;0;0
194162;11;9;9010301;2019;4;17;6;3;5;3;0;1;1;0;0;0;0;0
194163;11;1;1011401;2019;4;23;6;3;5;2;2;1;0;0;1;0;0;0
194164;11;2;2030301;2019;4;20;6;3;5;2;1;1;1;0;0;0;0;0
194165;11;3;3040513;2019;4;20;6;3;5;3;0;1;1;0;0;0;0;0
194166;11;8;8020622;2019;4;19;6;3;2;6;1;0;1;0;0;0;0;0
194167;11;3;3020210;2019;4;18;6;3;5;3;0;1;1;0;0;0;0;0
194168;11;6;6040810;2019;4;18;6;3;5;5;0;1;1;0;0;0;0;0
194169;11;12;12301205;2019;4;22;6;3;1;5;2;0;1;0;0;0;0;0
194170;11;8;8020619;2019;4;20;6;2;5;2;0;0;1;0;0;0;0;0
194171;11;4;4051446;2019;4;9;6;3;5;3;0;1;1;0;0;0;0;0
194172;11;7;7040403;2019;4;8;6;3;0;7;0;0;1;0;0;0;1;0
194173;11;3;3071638;2019;4;7;6;3;1;5;0;1;0;0;0;0;1;0
194174;11;1;1011105;2019;4;7;6;3;1;5;0;1;1;0;0;0;0;0
194175;11;7;7010104;2019;4;9;6;3;1;5;0;1;1;0;0;0;0;0
194176;11;1;1044101;2019;4;10;6;3;3;6;0;0;1;0;0;1;0;0
194177;11;4;4030417;2019;4;12;6;3;5;3;0;1;0;0;1;0;0;0
194178;11;2;2050801;2019;4;12;6;3;5;2;0;1;1;0;0;0;0;0
194179;11;1;1011203;2019;4;14;6;3;5;3;0;0;1;0;0;1;0;0
194180;11;5;5030730;2019;4;14;6;3;2;6;0;0;1;0;0;0;0;0
194181;11;4;4020311;2019;4;14;6;3;3;6;0;1;1;0;0;0;0;0
194182;11;4;4030827;2019;4;14;6;3;3;6;0;1;1;0;0;0;0;0
194183;11;10;11030720;2019;4;15;6;3;2;6;0;0;1;0;0;0;0;0
194184;11;1;1022104;2019;4;17;6;3;1;5;0;1;1;0;0;0;0;0
194185;11;9;9031001;2019;4;16;6;3;2;6;0;0;1;0;0;0;1;0
194186;11;3;3061332;2019;4;16;6;3;6;4;0;0;1;1;0;0;0;0
194187;11;6;6030504;2019;4;16;6;3;5;3;0;1;1;0;0;0;0;0
194188;11;8;8010301;2019;4;16;6;3;2;6;0;0;1;0;0;0;0;0
194189;11;6;6030609;2019;4;17;6;3;2;6;0;0;1;0;1;0;0;0
194190;11;8;8010301;2019;4;17;6;3;5;2;0;0;1;0;0;0;0;0
194191;11;7;7030301;2019;4;13;6;3;1;5;0;0;1;0;0;0;0;0
194192;11;10;10040933;2019;4;11;5;3;5;3;0;1;1;0;0;0;0;0
194193;11;10;10020414;2019;4;20;5;3;0;2;1;0;1;0;0;0;1;0
194194;11;7;7010104;2019;4;12;5;3;5;3;0;1;1;0;0;0;0;0
194195;11;4;4020311;2019;4;16;5;3;6;2;0;0;1;1;0;0;0;0
194196;11;4;4020314;2019;4;18;5;3;3;6;0;0;1;0;0;1;0;0
194197;11;7;7040402;2019;4;18;5;3;2;2;0;0;1;0;0;0;0;0
194198;11;8;8020727;2019;4;17;5;3;2;6;0;0;1;0;1;0;0;0
194199;11;7;7010104;2019;4;7;5;3;6;4;0;0;1;1;0;0;0;0
194200;11;7;7050503;2019;4;6;5;3;3;6;0;0;1;0;0;0;0;0
194201;11;3;3071537;2019;4;17;5;3;1;5;0;1;1;0;0;0;0;0
194202;11;7;7040404;2019;4;16;5;3;0;3;0;0;1;0;1;0;0;0
194203;11;5;5020629;2019;4;16;5;3;0;3;0;0;1;0;0;0;1;0
194204;11;2;2040703;2019;4;16;5;3;5;1;0;0;1;0;1;0;0;0
194205;11;9;9051901;2019;4;16;5;2;5;3;0;1;1;0;0;0;0;0
194206;11;4;4041134;2019;4;16;5;3;0;4;0;1;0;1;0;0;0;0
194207;11;3;3020307;2019;4;15;5;2;5;3;0;1;1;0;0;0;0;0
194208;11;4;4051448;2019;4;16;5;3;2;6;0;0;1;0;0;0;0;0
194209;11;6;6040804;2019;4;15;5;3;5;2;0;1;1;0;0;0;0;0
194210;11;9;9020802;2019;4;15;5;3;3;6;0;0;1;0;1;0;0;0
194211;11;2;2050601;2019;4;5;5;2;2;6;0;1;1;0;0;0;0;0
194212;11;1;1011303;2019;4;15;5;3;2;2;0;1;1;0;0;0;0;0
194213;11;11;11040925;2019;4;13;5;3;5;5;0;1;1;0;0;0;1;0
194214;11;9;9041501;2019;4;12;5;2;5;3;0;1;1;0;0;0;0;0
194215;11;3;3030711;2019;4;12;5;3;5;3;0;1;0;0;0;0;1;0
194216;11;9;9041301;2019;4;12;5;3;0;3;0;1;1;0;0;0;0;0
194217;11;5;5020415;2019;4;12;5;3;5;3;0;0;1;0;1;0;0;0
194218;11;2;2050601;2019;4;12;5;3;5;2;0;0;1;0;1;0;0;0
194219;11;7;7010101;2019;4;11;5;3;5;3;0;1;1;0;0;0;0;0
194220;11;3;3050923;2019;4;10;5;3;3;6;0;1;1;0;0;0;0;0
194221;11;9;9030901;2019;4;9;5;3;5;2;0;1;0;0;0;1;0;0
194222;11;8;8010302;2019;4;9;5;3;1;5;0;1;1;0;0;0;0;0
194223;11;12;12301203;2019;4;9;5;3;0;6;0;0;0;0;0;0;1;0
194224;11;3;3050919;2019;4;9;5;3;5;2;0;1;1;0;0;0;0;0
194225;11;7;7030303;2019;4;8;5;3;5;3;0;1;1;0;0;0;0;0
194226;11;1;1011402;2019;4;8;5;3;5;3;0;1;1;0;0;0;0;0
194227;11;2;2030401;2019;4;13;5;3;1;7;0;0;1;0;0;0;0;0
194228;11;3;3061429;2019;4;16;5;3;5;7;0;1;1;0;0;0;0;0
194229;11;5;5030730;2019;4;20;4;3;1;1;2;0;1;0;0;0;0;0
194230;11;5;5010209;2019;4;20;4;2;5;3;2;0;1;0;1;0;0;0
194231;11;9;9051801;2019;4;16;4;3;0;3;0;1;1;0;0;0;0;0
194232;11;2;2010103;2019;4;22;4;3;6;2;2;0;1;1;0;0;0;0
194233;11;9;9052001;2019;4;11;4;3;0;3;0;0;1;0;0;0;0;0
194234;11;1;1022206;2019;4;11;4;3;2;6;0;0;1;0;1;0;0;0
194235;11;1;1044101;2019;4;20;4;3;5;3;2;0;1;0;0;0;1;0
194236;11;4;4051446;2019;4;5;4;3;6;2;1;1;0;1;0;0;0;0
194237;11;2;2020205;2019;4;20;4;3;5;3;1;1;0;0;0;0;0;0
194238;11;7;7020204;2019;4;22;4;3;3;6;2;0;1;0;0;0;0;0
194239;11;1;1011101;2019;4;21;4;3;5;7;2;0;1;0;1;0;0;0
194240;11;4;4030930;2019;4;20;4;3;5;3;1;1;1;0;0;0;0;0
194241;11;6;6040809;2019;4;18;4;3;3;6;0;1;1;0;0;0;0;0
194242;11;7;7030303;2019;4;18;4;3;0;6;0;1;0;0;0;0;1;0
194243;11;5;5010313;2019;4;17;4;3;6;7;0;0;1;1;0;0;0;0
194244;11;6;6030503;2019;4;20;4;3;1;1;1;0;1;0;0;0;0;0
194245;11;1;1011103;2019;4;13;4;3;0;1;0;1;0;0;0;0;0;0
194246;11;3;3020307;2019;4;17;4;3;1;1;0;0;1;0;1;0;0;0
194247;11;7;7040405;2019;4;17;4;3;2;6;0;0;1;0;0;0;0;0
194248;11;10;10020414;2019;4;12;4;3;2;6;0;0;1;0;1;0;0;0
194249;11;2;2040502;2019;4;12;4;3;2;7;0;0;1;0;0;0;1;0
194250;11;11;11030720;2019;4;16;4;3;6;4;0;0;1;1;0;0;0;0
194251;11;1;1011401;2019;4;13;4;3;1;5;0;1;1;0;0;0;0;0
194252;11;2;2040703;2019;4;13;4;3;5;2;0;1;1;0;0;0;0;0
194253;11;5;5010313;2019;4;13;4;3;5;2;0;0;1;0;0;0;0;0
194254;11;1;1011402;2019;4;15;4;3;5;3;0;1;1;0;0;0;0;0
194255;11;1;1044101;2019;4;15;4;3;5;2;0;1;1;0;0;0;0;0
194256;11;1;1033201;2019;4;10;4;3;5;2;0;0;1;0;0;0;1;0
194257;11;11;11051229;2019;4;10;4;3;2;2;0;1;0;0;0;0;1;0
194258;11;1;1011301;2019;4;10;4;3;6;2;0;1;0;1;0;0;0;0
194259;11;5;5010314;2019;4;9;4;3;2;6;0;0;1;0;0;0;0;0
194260;11;10;10030724;2019;4;8;4;3;5;2;0;1;1;0;0;0;0;0
194261;11;3;3040614;2019;4;6;4;3;2;2;0;0;1;0;0;0;0;0
194262;11;8;8010117;2019;4;17;4;3;1;2;0;0;1;1;0;0;1;0
194263;11;7;7040405;2019;4;14;3;3;5;2;0;1;1;0;0;0;0;0
194264;11;3;3061228;2019;4;21;3;3;6;4;2;1;1;1;0;0;0;0
194265;11;12;12304314;2019;4;21;3;3;2;2;2;0;1;0;0;0;0;0
194266;11;1;1033202;2019;4;21;3;3;0;7;2;0;0;0;1;0;0;0
194267;11;11;11010102;2019;4;10;3;3;5;2;0;0;1;0;1;0;0;0
194268;11;4;4010102;2019;4;10;3;3;5;3;0;1;1;0;0;0;0;0
194269;11;9;9020701;2019;4;20;3;3;5;2;2;0;1;0;0;0;0;0
194270;11;12;12302211;2019;4;10;3;3;2;2;0;0;1;0;0;0;0;0
194271;11;5;5010314;2019;4;12;3;3;2;6;0;0;1;0;0;0;0;0
194272;11;4;4041342;2019;4;17;3;3;5;2;0;0;1;0;1;0;0;0
194273;11;5;5020417;2019;4;10;3;3;8;1;0;0;1;0;0;0;0;0
194274;11;1;1011201;2019;4;9;3;3;5;3;0;1;1;0;0;0;0;0
194275;11;7;7020203;2019;4;9;3;3;0;2;0;0;1;0;0;0;1;0
194276;11;4;4030621;2019;4;9;3;2;5;2;0;1;1;0;0;0;0;0
194277;11;3;3061228;2019;4;8;3;3;5;2;0;0;1;0;0;0;0;0
194278;11;3;3061430;2019;4;9;3;3;2;6;0;0;0;0;1;0;1;0
194279;11;4;4051448;2019;4;9;3;3;3;6;0;0;1;0;0;0;0;0
194280;11;3;3050919;2019;4;8;3;3;5;3;0;0;1;0;0;0;0;0
194281;11;5;5010205;2019;4;8;3;2;5;2;0;0;1;0;1;0;0;0
194282;11;5;5010314;2019;4;8;3;3;5;7;0;0;1;0;1;0;0;0
194283;11;1;1033203;2019;4;8;3;2;5;3;0;1;1;0;0;0;0;0
194284;11;5;5020625;2019;4;7;3;3;5;2;0;1;0;0;0;0;1;0
194285;11;9;9020501;2019;4;6;3;3;5;3;0;1;1;0;0;0;0;0
194286;11;2;2020203;2019;4;11;3;2;2;6;0;0;1;0;1;0;0;0
194287;11;4;4041239;2019;4;11;3;3;5;2;0;1;1;0;0;0;0;0
194288;11;1;1022204;2019;4;11;3;3;5;2;0;0;1;0;0;0;0;0
194289;11;5;5020417;2019;4;12;3;3;2;7;0;1;1;0;0;0;0;0
194290;11;8;8020620;2019;4;12;3;3;0;7;0;0;1;0;0;0;0;0
194291;11;12;12214422;2019;4;12;3;3;2;6;0;0;1;0;0;0;0;0
194292;11;9;9052001;2019;4;13;3;3;2;6;0;0;1;0;0;0;0;0
194293;11;4;4051550;2019;4;14;3;3;0;7;0;0;1;0;0;0;1;0
194294;11;7;7050503;2019;4;13;3;3;2;6;0;0;1;0;0;0;1;0
194295;11;4;4030622;2019;4;14;3;3;1;5;0;1;1;0;0;0;0;0
194296;11;8;8010404;2019;4;14;3;3;0;6;0;0;1;0;1;0;0;0
194297;11;5;5040936;2019;4;15;3;3;2;6;0;0;1;0;0;0;0;0
194298;11;4;4051446;2019;4;15;3;3;6;4;0;0;1;1;0;0;0;0
194299;11;9;9051702;2019;4;16;3;2;5;2;0;1;1;0;0;0;0;0