OBJECTID;LAND;BEZ;LOR_ab_2021;UJAHR;UMONAT;USTUNDE;UWOCHENTAG;UKATEGORIE;UART;UTYP1;ULICHTVERH;IstRad;IstPKW;IstFuss;IstKrad;IstGkfz;IstSonstige;USTRZUSTAND
194300;11;1;1011302;2019;4;16;3;3;5;3;0;1;1;0;0;0;0;0
194301;11;1;1022207;2019;4;16;3;3;5;2;0;0;1;0;1;0;0;0
194302;11;1;1044101;2019;4;15;2;3;2;2;0;0;1;0;0;0;0;0
194303;11;8;8030831;2019;4;14;2;3;5;2;0;1;1;0;0;0;0;0
194304;11;2;2010102;2019;4;15;2;3;2;6;0;0;1;0;0;0;0;0
194305;11;1;1044201;2019;4;22;2;3;1;5;2;0;1;0;1;0;0;0
194306;11;4;4020314;2019;4;19;2;3;5;7;2;0;1;0;0;0;0;0
194307;11;1;1033203;2019;4;0;2;3;2;6;2;0;1;0;0;0;0;0
194308;11;11;11040926;2019;4;23;2;3;5;3;2;0;1;0;0;0;0;0
194309;11;12;12214527;2019;4;18;2;3;6;4;0;0;1;1;0;0;0;0
194310;11;10;10010207;2019;4;18;2;3;5;2;0;0;1;0;0;0;0;0
194311;11;9;9041301;2019;4;18;2;2;0;1;0;0;0;0;1;0;0;0
194312;11;3;3061429;2019;4;16;2;2;2;6;0;1;0;0;0;0;0;0
194313;11;9;9041501;2019;4;14;2;3;0;7;0;1;0;1;0;0;0;0
194314;11;10;10040931;2019;4;14;2;3;5;3;0;1;0;0;0;0;0;0
194315;11;9;9020701;2019;4;14;2;2;4;1;0;0;1;0;0;0;0;0
194316;11;9;9031001;2019;4;13;2;3;0;2;0;0;1;0;0;0;1;0
194317;11;8;8030830;2019;4;13;2;3;2;6;0;1;1;0;0;0;0;0
194318;11;9;9041601;2019;4;10;2;3;5;3;0;1;1;0;0;0;0;0
194319;11;2;2020202;2019;4;9;2;2;5;3;0;0;1;0;1;0;0;0
194320;11;9;9030901;2019;4;10;1;2;5;3;0;0;1;0;0;0;1;0
194321;11;4;4010101;2019;4;18;1;3;6;4;0;1;0;1;0;0;0;0
194322;11;7;7060604;2019;4;16;1;3;5;3;0;1;1;0;0;0;0;0
194323;11;8;8020726;2019;4;16;1;3;5;3;0;0;1;0;1;0;0;0
194324;11;9;9041301;2019;4;16;1;3;6;7;0;1;0;1;0;0;0;0
194325;11;2;2030302;2019;4;15;1;3;6;7;0;1;0;1;0;0;0;0
194326;11;3;3061126;2019;4;11;1;3;5;7;0;1;1;0;0;0;0;0
194327;11;10;10010204;2019;4;17;1;2;1;5;0;1;1;0;0;0;0;0
194328;11;8;8010404;2019;4;3;1;3;1;1;2;0;1;0;0;0;1;0
194329;11;11;11010206;2019;4;14;1;3;0;2;0;0;0;0;0;0;1;0
194330;11;3;3071536;2019;4;16;1;3;1;1;0;0;1;0;1;0;0;0
194331;11;11;11030619;2019;4;7;1;3;0;1;0;1;0;0;0;0;0;0
194332;11;1;1044201;2019;4;15;1;3;5;2;0;0;1;0;0;0;1;0
194333;11;1;1033201;2019;4;18;1;3;0;1;0;0;0;0;1;0;0;0
194334;11;5;5010313;2019;4;3;7;1;9;1;2;0;1;0;0;1;0;0
194335;11;3;3020203;2019;4;17;7;3;5;2;0;1;1;0;0;0;0;0
194336;11;9;9051702;2019;4;9;7;2;1;5;0;1;1;0;0;0;0;0
194337;11;7;7060604;2019;4;14;7;3;1;5;0;1;1;0;0;0;0;0
194338;11;4;4030827;2019;4;20;7;3;1;5;1;1;1;0;0;0;0;0
194339;11;2;2010104;2019;4;18;7;3;5;2;0;1;1;0;0;0;0;0
194340;11;8;8010404;2019;4;15;7;3;3;6;0;1;1;0;0;0;0;0
194341;11;9;9051702;2019;4;15;7;3;6;4;0;0;1;1;0;0;0;0
194342;11;5;5010206;2019;4;13;7;3;5;2;0;0;1;0;0;0;0;0
194343;11;6;6030501;2019;4;13;7;3;0;7;0;1;0;0;0;0;0;0
194344;11;2;2020203;2019;4;12;7;3;5;2;0;0;1;0;0;0;1;0
194345;11;8;8010301;2019;4;11;7;3;2;2;0;0;0;0;1;0;1;0
194346;11;7;7070703;2019;4;1;7;3;0;3;2;0;1;0;0;0;1;0
194347;11;8;8041037;2019;4;7;7;2;5;3;0;0;1;0;0;0;0;0
194348;11;12;12214424;2019;4;8;7;3;5;2;0;1;1;0;0;0;0;0
194349;11;6;6010205;2019;4;9;7;3;5;3;0;1;1;0;0;0;0;0
194350;11;7;7070703;2019;4;10;7;3;2;6;0;0;1;0;0;0;0;0
194351;11;6;6030609;2019;4;10;7;2;6;2;0;0;1;1;0;0;0;0
194352;11;7;7050501;2019;4;10;7;3;2;2;0;0;1;0;0;0;0;0
194353;11;2;2040701;2019;4;5;7;2;5;3;2;0;1;0;0;0;1;0
194354;11;11;11030721;2019;5;14;5;3;5;7;0;1;1;0;0;0;0;1
194355;11;1;1033102;2019;5;14;5;3;0;6;0;1;1;0;0;0;0;0
194356;11;6;6010207;2019;5;17;5;3;1;5;0;1;1;0;0;0;0;0
194357;11;9;9020701;2019;5;12;5;3;5;3;0;1;1;0;0;0;0;0
194358;11;6;6020306;2019;5;17;5;3;5;3;0;0;1;0;0;0;0;0
194359;11;9;9010302;2019;5;14;5;3;5;3;0;0;1;0;1;0;0;1
194360;11;4;4030828;2019;5;13;5;3;1;5;0;1;1;0;0;0;0;1
194361;11;2;2040503;2019;5;17;5;3;2;6;0;1;1;0;0;0;0;0
194362;11;7;7010101;2019;5;14;5;3;5;2;0;1;1;0;0;0;0;0
194363;11;11;11040926;2019;5;17;5;3;5;2;0;1;1;0;0;0;0;0
194364;11;3;3020209;2019;5;16;5;3;5;3;0;1;1;0;0;0;0;0
194365;11;2;2040701;2019;5;16;5;3;0;3;0;1;1;0;0;0;0;0
194366;11;12;12103218;2019;5;16;5;3;2;6;0;0;1;0;0;1;0;0
194367;11;9;9031202;2019;5;5;5;2;4;6;1;0;0;0;0;0;1;1
194368;11;9;9041501;2019;5;9;5;2;6;3;0;0;1;1;0;0;0;0
194369;11;4;4051652;2019;5;8;5;3;3;6;0;1;1;0;0;0;0;0
194370;11;1;1011302;2019;5;9;5;3;5;3;0;1;0;0;0;0;1;0
194371;11;8;8010404;2019;5;7;5;3;2;3;0;1;0;0;0;0;0;0
194372;11;2;2020201;2019;5;7;5;3;5;2;0;1;1;0;0;0;0;1
194373;11;10;10020622;2019;5;7;5;3;5;3;0;1;1;0;0;0;0;0
194374;11;2;2050601;2019;5;7;5;3;5;2;0;1;0;0;0;0;1;1
194375;11;12;12214422;2019;5;7;5;3;5;2;0;1;0;0;0;0;1;0
194376;11;10;10030724;2019;5;14;5;3;5;2;0;0;0;0;1;0;1;1
194377;11;12;12103115;2019;5;13;5;3;5;3;0;1;1;0;0;0;0;1
194378;11;2;2050601;2019;5;13;5;2;4;6;0;0;1;0;0;1;0;1
194379;11;5;5020523;2019;5;13;5;2;5;2;0;0;1;0;0;0;0;0
194380;11;9;9052001;2019;5;12;5;3;5;2;0;1;0;0;0;0;0;0
194381;11;1;1011105;2019;5;11;5;2;5;3;0;0;1;0;0;0;0;0
194382;11;4;4041137;2019;5;10;5;3;5;2;0;0;1;0;0;0;0;0
194383;11;4;4020208;2019;5;10;5;3;6;2;0;0;1;1;0;0;0;0
194384;11;10;10020414;2019;5;6;4;3;5;2;0;1;1;0;0;0;0;0
194385;11;11;11041128;2019;5;10;4;3;3;6;0;0;0;0;1;0;1;0
194386;11;3;3071537;2019;5;13;4;3;5;2;0;1;1;0;0;0;0;0
194387;11;5;5040934;2019;5;10;4;3;2;6;0;0;1;0;0;0;0;0
194388;11;7;7030303;2019;5;20;4;3;6;4;0;0;1;1;0;0;0;0
194389;11;5;5040936;2019;5;18;4;3;5;3;0;0;1;0;0;0;0;0
194390;11;2;2050802;2019;5;8;4;3;0;6;0;1;1;0;0;0;0;0
194391;11;11;11041022;2019;5;7;4;2;6;4;0;0;0;1;0;0;1;0
194392;11;5;5010101;2019;5;21;4;3;5;3;2;1;1;0;0;0;0;0
194393;11;3;3061228;2019;5;20;4;2;5;2;1;1;1;0;0;0;0;0
194394;11;10;10040933;2019;5;16;4;3;5;3;0;1;1;0;0;0;0;0
194395;11;7;7030303;2019;5;16;4;3;5;2;0;0;1;0;1;0;0;0
194396;11;8;8041036;2019;5;15;4;3;5;3;0;1;1;0;0;0;0;0
194397;11;1;1011303;2019;5;15;4;3;2;2;0;1;1;0;0;0;0;0
194398;11;1;1022206;2019;5;17;4;3;2;6;0;0;1;0;0;0;0;0
194399;11;4;4020310;2019;5;17;4;3;5;3;0;0;1;0;0;0;0;0
194400;11;1;1011303;2019;5;16;4;3;2;6;0;0;1;0;1;0;0;0
194401;11;4;4030930;2019;5;16;4;3;2;6;0;0;1;0;0;0;0;0
194402;11;6;6040805;2019;5;16;4;3;0;1;0;1;0;0;0;0;0;0
194403;11;7;7030303;2019;5;15;4;3;2;6;0;0;1;0;0;0;0;0
194404;11;7;7040403;2019;5;14;4;3;3;6;0;0;1;0;1;0;0;0
194405;11;5;5010101;2019;5;7;4;2;5;3;0;1;1;0;0;0;0;0
194406;11;2;2010101;2019;5;13;4;3;0;2;0;1;0;0;0;0;1;0
194407;11;2;2050801;2019;5;15;4;2;0;1;0;0;0;0;1;0;0;0
194408;11;4;4010101;2019;5;14;4;3;2;6;0;0;1;0;0;0;0;0
194409;11;1;1044101;2019;5;13;4;2;5;2;0;0;1;0;1;0;0;0
194410;11;9;9041301;2019;5;13;4;3;2;6;0;0;1;0;0;0;0;0
194411;11;6;6030503;2019;5;12;4;3;6;7;0;0;1;1;0;0;0;0
194412;11;8;8041037;2019;5;12;4;3;6;7;0;0;1;1;0;0;0;0
194413;11;1;1011303;2019;5;11;4;3;2;6;0;0;1;0;0;0;0;0
194414;11;8;8010213;2019;5;11;4;3;5;2;0;1;1;0;0;0;0;0
194415;11;1;1011204;2019;5;9;4;3;5;2;0;0;1;0;1;0;0;0
194416;11;1;1033202;2019;5;9;4;3;5;3;0;1;1;0;0;0;0;0
194417;11;2;2030402;2019;5;9;4;3;5;2;0;0;1;0;1;0;0;0
194418;11;8;8010509;2019;5;9;4;3;0;1;0;0;0;0;1;0;0;0
194419;11;4;4041134;2019;5;9;4;2;2;6;0;0;1;0;0;0;0;0
194420;11;5;5020417;2019;5;9;4;3;5;3;0;0;1;0;0;0;0;0
194421;11;9;9020701;2019;5;9;4;3;5;3;0;0;1;0;0;0;0;0
194422;11;3;3040818;2019;5;8;4;3;2;2;0;0;1;0;0;0;0;0
194423;11;2;2040701;2019;5;8;4;3;5;2;0;1;1;0;0;0;0;0
194424;11;11;11020513;2019;5;8;4;3;0;2;0;0;0;0;0;1;1;0
194425;11;4;4030828;2019;5;7;4;3;0;5;0;1;1;0;0;0;0;0
194426;11;1;1022202;2019;5;6;4;3;5;2;0;0;1;0;1;0;0;0
194427;11;4;4020311;2019;5;8;3;3;0;6;0;0;1;0;0;0;0;0
194428;11;1;1011101;2019;5;19;3;3;0;3;0;0;1;0;1;0;0;0
194429;11;1;1011103;2019;5;19;3;3;5;3;0;1;1;0;0;0;0;0
194430;11;2;2040703;2019;5;19;3;3;1;5;0;1;1;0;0;0;0;0
194431;11;2;2030301;2019;5;22;3;3;1;5;2;1;1;0;0;0;0;0
194432;11;3;3061429;2019;5;18;3;3;6;6;0;1;0;1;0;0;0;0
194433;11;12;12302107;2019;5;18;3;3;5;2;0;0;1;0;1;0;0;0
194434;11;7;7050503;2019;5;18;3;3;0;1;0;0;1;0;0;0;0;0
194435;11;11;11020514;2019;5;13;3;3;2;6;0;0;1;0;0;0;0;0
194436;11;8;8010214;2019;5;17;3;3;5;2;0;0;1;0;1;0;0;0
194437;11;9;9020702;2019;5;17;3;2;0;1;0;1;1;0;0;0;0;0
194438;11;3;3050924;2019;5;17;3;3;4;5;0;0;1;0;0;0;1;0
194439;11;5;5010314;2019;5;16;3;3;2;6;0;0;1;0;0;0;0;0
194440;11;3;3061228;2019;5;16;3;3;5;2;0;1;1;0;0;0;0;0
194441;11;5;5010314;2019;5;15;3;3;2;6;0;0;1;0;1;0;0;0
194442;11;4;4030622;2019;5;16;3;2;6;7;0;0;1;1;0;0;0;0
194443;11;2;2050801;2019;5;15;3;2;3;6;0;1;1;0;0;0;0;0
194444;11;2;2020203;2019;5;15;3;3;2;6;0;0;1;0;0;0;0;0
194445;11;2;2050802;2019;5;12;3;3;1;5;0;1;1;0;0;0;0;0
194446;11;4;4030518;2019;5;11;3;3;4;6;0;0;1;0;0;1;0;0
194447;11;1;1011401;2019;5;10;3;3;3;6;0;1;1;0;0;0;0;0
194448;11;4;4030929;2019;5;9;3;3;5;3;0;1;1;0;0;0;0;0
194449;11;4;4030519;2019;5;8;3;3;5;3;0;0;1;0;1;0;0;0
194450;11;12;12302107;2019;5;8;3;3;2;2;0;0;1;0;0;0;1;0
194451;11;1;1011201;2019;5;7;3;3;1;5;0;1;1;0;0;0;0;0
194452;11;12;12301205;2019;5;7;3;3;5;3;0;1;1;0;0;0;0;0
194453;11;1;1011303;2019;5;7;3;3;3;6;0;0;1;0;0;0;0;0
194454;11;12;12214421;2019;5;5;3;3;2;6;1;0;1;0;1;0;0;1
194455;11;3;3061126;2019;5;15;2;2;5;2;0;1;1;0;0;0;0;0
194456;11;6;6020409;2019;5;10;2;3;1;5;0;0;1;0;0;0;0;0
194457;11;1;1011204;2019;5;16;2;3;2;2;0;0;1;0;0;0;1;0
194458;11;1;1022104;2019;5;22;2;3;5;3;2;1;1;0;0;0;0;0
194459;11;4;4030621;2019;5;20;2;2;6;4;2;0;1;1;0;0;0;0
194460;11;1;1011305;2019;5;19;2;2;5;3;0;1;1;0;0;0;0;0
194461;11;1;1011103;2019;5;19;2;3;2;6;2;0;1;0;0;0;0;0
194462;11;2;2020202;2019;5;18;2;3;0;2;0;1;1;0;0;0;0;0
194463;11;6;6040808;2019;5;18;2;3;2;6;0;0;1;0;0;0;0;1
194464;11;7;7040403;2019;5;17;2;2;2;6;0;0;1;0;1;0;0;0
194465;11;7;7010103;2019;5;16;2;3;5;3;0;1;1;0;0;0;0;0
194466;11;11;11020412;2019;5;17;2;3;5;3;0;0;1;0;0;0;0;0
194467;11;6;6040701;2019;5;16;2;3;1;5;0;1;1;0;0;0;0;0
194468;11;6;6030610;2019;5;16;2;3;2;6;0;0;1;0;0;0;0;0
194469;11;5;5010339;2019;5;17;2;3;1;5;0;0;1;0;0;0;1;0
194470;11;3;3061126;2019;5;16;2;3;5;2;0;1;1;0;0;0;0;0
194471;11;4;4030930;2019;5;16;2;3;0;3;0;0;1;0;0;0;1;0
194472;11;8;8030831;2019;5;15;2;3;2;6;0;0;1;0;0;0;0;0
194473;11;1;1011203;2019;5;15;2;3;1;5;0;1;1;0;0;0;1;0
194474;11;3;3010102;2019;5;14;2;3;1;5;0;1;1;0;0;0;0;0
194475;11;6;6040809;2019;5;14;2;3;5;2;0;1;1;0;0;0;0;0
194476;11;4;4030623;2019;5;13;2;3;0;5;0;0;1;0;0;0;0;0
194477;11;9;9041601;2019;5;13;2;3;5;3;0;1;1;0;0;0;0;0
194478;11;12;12103115;2019;5;16;2;3;5;3;0;1;1;0;0;0;0;0
194479;11;7;7040404;2019;5;13;2;3;5;3;0;1;1;0;0;0;0;0
194480;11;6;6030608;2019;5;12;2;3;1;5;0;0;1;0;0;0;0;0
194481;11;7;7050502;2019;5;11;2;2;3;6;0;1;0;0;0;1;0;0
194482;11;7;7070702;2019;5;6;2;3;5;3;0;0;1;0;1;0;0;0
194483;11;10;10020517;2019;5;7;2;3;6;2;0;0;1;1;0;0;0;0
194484;11;4;4041241;2019;5;12;2;3;5;2;0;1;1;0;0;0;0;0
194485;11;6;6040810;2019;5;7;2;3;6;4;0;1;0;1;0;0;0;0
194486;11;8;8010509;2019;5;6;2;3;5;3;0;0;1;0;1;0;0;0
194487;11;3;3020209;2019;5;6;2;3;5;3;0;0;1;0;1;0;0;0
194488;11;6;6020304;2019;5;7;2;3;5;7;0;1;1;0;0;0;0;0
194489;11;5;5010314;2019;5;7;2;3;5;2;0;0;1;0;0;0;0;0
194490;11;12;12302110;2019;5;7;2;3;6;4;0;0;1;1;0;0;0;0
194491;11;7;7040401;2019;5;8;2;2;5;3;0;0;1;0;0;0;0;0
194492;11;6;6030607;2019;5;8;2;3;0;3;0;0;1;0;1;0;0;0
194493;11;11;11041022;2019;5;8;2;2;6;4;0;0;1;1;0;0;0;0
194494;11;1;1011203;2019;5;9;2;3;3;6;0;1;0;0;0;0;0;0
194495;11;9;9020701;2019;5;9;2;3;3;6;0;0;1;0;0;0;1;0
194496;11;4;4051655;2019;5;9;2;3;6;4;0;0;1;1;0;0;0;0
194497;11;6;6040810;2019;5;10;2;3;5;2;0;0;1;0;0;0;0;0
194498;11;1;1011304;2019;5;10;2;3;5;3;0;1;0;0;0;0;1;0
194499;11;4;4020310;2019;5;10;2;2;2;6;0;0;1;0;0;0;0;0
194500;11;4;4030929;2019;5;10;2;3;2;6;0;1;1;0;0;0;0;0
194501;11;4;4030827;2019;5;11;2;3;1;5;0;1;1;0;0;0;0;0
194502;11;9;9020601;2019;5;11;2;3;5;2;0;1;1;0;0;0;0;0
194503;11;12;12103116;2019;5;11;2;3;6;4;0;0;1;1;0;0;0;0
194504;11;5;5010312;2019;5;11;2;3;5;2;0;1;1;0;0;0;0;0
194505;11;9;9051702;2019;5;12;2;3;0;1;0;1;0;0;0;0;0;0
194506;11;5;5020417;2019;5;12;2;3;3;6;0;0;1;0;0;0;0;0
194507;11;1;1033202;2019;5;5;1;3;6;4;1;1;0;1;0;0;0;0
194508;11;1;1011201;2019;5;15;1;3;5;2;0;1;1;0;0;0;0;0
194509;11;8;8010404;2019;5;17;1;3;0;7;0;0;1;0;1;0;0;0
194510;11;6;6020303;2019;5;17;1;3;1;5;0;1;1;0;0;0;0;0
194511;11;8;8010118;2019;5;14;1;3;5;2;0;1;1;0;0;0;0;0
194512;11;3;3071537;2019;5;14;1;3;6;4;0;1;0;1;0;0;0;0
194513;11;8;8010118;2019;5;12;1;3;6;4;0;0;0;1;1;0;0;0
194514;11;2;2020204;2019;5;14;1;2;6;4;0;1;0;1;0;0;0;0
194515;11;10;10020621;2019;5;18;1;2;6;4;0;0;1;1;0;0;0;0
194516;11;8;8041037;2019;5;20;1;2;5;3;1;0;1;0;0;0;0;0
194517;11;2;2010104;2019;5;11;1;2;6;4;0;0;1;1;0;0;0;0
194518;11;8;8020726;2019;5;9;1;3;5;3;0;0;1;0;1;0;0;0
194519;11;4;4030929;2019;5;8;1;2;0;2;0;0;1;0;0;0;0;0
194520;11;12;12301205;2019;5;3;1;2;1;5;2;0;1;0;0;0;0;0
194521;11;6;6010101;2019;5;13;1;3;2;6;0;0;1;0;0;0;1;0
194522;11;12;12214527;2019;5;14;1;3;5;2;0;0;1;0;0;0;0;0
194523;11;7;7010101;2019;5;16;7;2;6;2;0;0;0;1;0;0;1;0
194524;11;4;4051655;2019;5;12;7;3;1;5;0;0;1;0;0;0;0;0
194525;11;3;3040614;2019;5;19;7;3;5;2;1;1;1;0;0;0;0;0
194526;11;1;1011402;2019;5;17;7;3;5;3;0;1;0;0;0;0;1;0
194527;11;12;12302108;2019;5;21;7;2;6;4;2;0;1;1;0;0;0;0
194528;11;12;12302108;2019;5;21;7;3;6;6;2;0;1;1;0;0;0;0
194529;11;1;1044101;2019;5;19;7;3;5;2;0;1;1;0;0;0;0;0
194530;11;9;9020802;2019;5;19;7;3;5;3;0;0;1;0;0;0;0;0
194531;11;7;7050501;2019;5;17;7;3;5;2;0;0;1;0;1;0;0;0
194532;11;9;9041501;2019;5;18;7;3;2;6;0;0;1;0;0;0;0;1
194533;11;10;10040933;2019;5;18;7;2;1;5;0;0;1;0;1;0;0;0
194534;11;1;1044202;2019;5;18;7;3;2;6;0;0;1;0;0;0;0;0
194535;11;10;10020413;2019;5;17;7;3;5;3;0;0;1;0;1;0;0;0
194536;11;1;1011306;2019;5;16;7;3;1;5;0;0;1;0;0;0;0;0
194537;11;2;2030401;2019;5;1;7;3;5;3;2;0;1;0;0;0;0;1
194538;11;5;5020523;2019;5;14;7;2;0;6;0;0;1;0;0;0;1;0
194539;11;1;1044101;2019;5;14;7;3;6;4;0;0;1;1;0;0;0;1
194540;11;10;10020413;2019;5;13;7;2;0;1;0;1;0;0;0;0;0;0
194541;11;8;8041040;2019;5;13;7;3;5;2;0;1;1;0;0;0;0;0
194542;11;12;12301206;2019;5;12;7;3;5;3;0;1;1;0;0;0;0;0
194543;11;3;3030406;2019;5;11;7;3;5;3;0;0;1;0;0;0;0;0
194544;11;6;6040701;2019;5;10;7;3;0;1;0;0;1;0;0;0;0;0
194545;11;4;4051551;2019;5;3;6;3;1;1;2;0;1;0;0;0;0;0
194546;11;10;10040933;2019;5;8;6;3;5;2;0;1;1;0;0;0;0;0
194547;11;9;9051901;2019;5;12;6;3;6;7;0;0;1;1;0;0;0;0
194548;11;5;5040936;2019;5;14;6;3;6;6;0;0;1;1;0;0;0;0
194549;11;7;7030301;2019;5;22;6;3;2;2;2;0;1;0;0;0;0;0
194550;11;7;7040403;2019;5;6;6;3;3;6;0;0;1;0;0;0;1;0
194551;11;2;2030402;2019;5;21;6;3;6;4;2;1;0;1;0;0;0;0
194552;11;8;8010303;2019;5;19;6;3;1;5;0;1;1;0;0;0;1;0
194553;11;8;8010301;2019;5;7;6;3;5;3;0;0;1;0;0;0;0;0
194554;11;12;12103219;2019;5;18;6;3;5;2;0;0;1;0;0;0;0;0
194555;11;7;7010104;2019;5;18;6;3;1;5;0;1;1;0;0;0;1;0
194556;11;11;11020411;2019;5;7;6;3;1;1;0;0;1;0;0;1;0;0
194557;11;9;9020701;2019;5;17;6;3;5;3;0;1;1;0;0;0;0;0
194558;11;1;1011302;2019;5;8;6;3;5;2;0;1;1;0;0;0;0;0
194559;11;1;1011201;2019;5;8;6;3;1;5;0;1;1;0;0;0;0;0
194560;11;6;6040701;2019;5;0;6;3;1;5;2;1;0;0;0;1;1;0
194561;11;1;1011301;2019;5;8;6;3;2;6;0;0;1;0;1;0;0;0
194562;11;5;5020626;2019;5;9;6;2;6;4;0;0;1;1;0;0;0;0
194563;11;7;7060603;2019;5;9;6;2;6;4;0;0;1;1;0;0;0;0
194564;11;1;1011204;2019;5;9;6;3;5;5;0;0;1;0;1;0;0;0
194565;11;1;1022106;2019;5;10;6;3;1;5;0;0;1;0;1;0;0;0
194566;11;6;6010209;2019;5;11;6;3;2;6;0;0;1;0;0;0;0;0
194567;11;5;5020625;2019;5;12;6;3;2;6;0;0;1;0;0;0;0;0
194568;11;8;8010301;2019;5;12;6;3;5;2;0;1;0;0;0;0;1;0
194569;11;2;2020204;2019;5;13;6;2;5;3;0;0;1;0;1;0;0;0
194570;11;6;6010101;2019;5;13;6;3;5;7;0;1;1;0;0;0;0;0
194571;11;3;3061332;2019;5;13;6;3;0;7;0;0;1;0;1;0;0;0
194572;11;1;1033102;2019;5;14;6;3;2;6;0;0;1;0;1;0;0;0
194573;11;2;2020203;2019;5;15;6;3;5;7;0;0;1;0;1;0;0;0
194574;11;12;12301203;2019;5;15;6;2;5;2;0;1;1;0;0;0;0;0
194575;11;1;1011204;2019;5;16;5;3;1;5;0;1;1;0;0;0;1;0
194576;11;3;3061429;2019;5;8;5;3;5;3;0;1;1;0;0;0;0;0
194577;11;8;8010510;2019;5;6;5;2;2;7;0;0;1;0;1;0;0;0
194578;11;1;1011203;2019;5;11;5;3;6;2;0;0;1;1;0;0;0;0
194579;11;9;9020701;2019;5;18;5;3;5;2;0;1;1;0;0;0;0;0
194580;11;1;1011305;2019;5;18;5;3;0;3;0;1;1;0;0;0;0;0
194581;11;1;1011306;2019;5;8;5;3;5;3;0;1;1;0;0;0;0;0
194582;11;12;12214422;2019;5;16;5;3;5;2;0;1;1;0;0;0;0;0
194583;11;4;4030621;2019;5;15;5;3;1;5;0;0;1;0;1;0;0;0
194584;11;2;2010103;2019;5;14;5;3;5;5;0;1;1;0;0;0;0;0
194585;11;8;8030830;2019;5;15;5;2;5;2;0;0;1;0;0;0;0;0
194586;11;12;12301203;2019;5;15;5;3;2;6;0;0;1;0;0;0;0;0
194587;11;3;3051022;2019;5;15;5;2;5;2;0;0;1;0;1;0;0;0
194588;11;6;6010101;2019;5;9;5;2;5;3;0;1;1;0;0;0;0;0
194589;11;5;5030730;2019;5;12;5;3;5;3;0;0;0;0;1;0;1;0
194590;11;1;1022103;2019;5;12;5;3;5;2;0;1;0;0;0;1;0;0
194591;11;4;4030725;2019;5;11;5;3;5;3;0;0;1;0;0;0;0;0
194592;11;6;6010102;2019;5;15;5;3;6;7;0;0;1;1;0;0;0;0
194593;11;9;9030903;2019;5;15;5;3;6;7;0;0;1;1;0;0;0;0
194594;11;7;7010104;2019;5;10;5;3;5;3;0;1;1;0;0;0;0;0
194595;11;2;2050803;2019;5;10;5;3;5;2;0;0;1;0;0;0;1;0
194596;11;7;7030303;2019;5;8;5;3;2;6;0;0;1;0;0;0;1;0
194597;11;1;1011303;2019;5;8;5;3;3;6;0;0;0;0;0;0;1;0
194598;11;2;2010102;2019;5;8;5;2;0;1;0;0;0;0;1;0;0;0
194599;11;2;2040701;2019;5;0;5;3;1;5;2;1;1;0;0;0;0;0
194600;11;7;7040403;2019;5;8;5;3;0;1;0;1;0;0;0;0;0;0
194601;11;2;2040703;2019;5;16;4;3;6;2;0;1;0;1;0;0;0;0
194602;11;6;6030610;2019;5;19;4;3;5;2;0;0;1;0;0;0;0;0
194603;11;8;8010303;2019;5;19;4;2;3;6;0;0;1;0;0;0;0;0
194604;11;2;2030401;2019;5;22;4;3;6;4;2;1;0;1;0;0;0;0
194605;11;3;3030716;2019;5;12;4;3;5;2;0;1;1;0;0;0;0;0
194606;11;5;5020625;2019;5;21;4;2;2;6;2;0;1;0;1;0;0;0
194607;11;12;12302107;2019;5;19;4;3;5;2;0;0;1;0;1;0;0;0
194608;11;2;2040701;2019;5;18;4;3;6;7;0;0;1;1;0;0;0;0
194609;11;9;9010101;2019;5;18;4;3;6;2;0;0;1;1;0;0;0;0
194610;11;7;7040403;2019;5;14;4;3;6;7;0;1;0;1;0;0;0;0
194611;11;4;4031032;2019;5;13;4;3;5;2;0;0;1;0;1;0;0;0
194612;11;6;6040809;2019;5;13;4;3;1;5;0;1;1;0;0;0;1;0
194613;11;5;5030731;2019;5;12;4;3;2;2;0;0;1;0;1;0;0;0
194614;11;4;4030620;2019;5;12;4;3;3;6;0;1;1;0;0;0;0;0
194615;11;2;2010103;2019;5;17;4;3;5;2;0;0;1;0;1;0;0;0
194616;11;8;8020625;2019;5;12;4;3;5;3;0;0;1;0;0;0;0;0
194617;11;12;12231102;2019;5;12;4;3;5;3;0;1;1;0;0;0;0;0
194618;11;4;4051448;2019;5;15;4;3;0;2;0;0;1;0;0;0;1;0
194619;11;4;4051549;2019;5;15;4;3;0;6;0;1;1;0;0;0;0;0
194620;11;10;10020622;2019;5;16;4;3;2;1;0;0;1;0;0;0;0;0
194621;11;2;2010103;2019;5;10;4;3;0;1;0;0;0;0;1;0;0;1
194622;11;12;12304313;2019;4;17;3;3;5;3;0;1;1;0;0;0;0;0
194623;11;7;7010104;2019;4;6;3;2;5;3;0;0;1;0;1;0;0;0
194624;11;1;1033102;2019;4;9;3;3;2;2;0;0;1;0;0;0;0;0
194625;11;9;9020701;2019;4;15;3;3;6;6;0;1;0;1;0;0;0;0
194626;11;2;2030301;2019;4;17;3;3;1;5;0;0;1;0;1;0;0;0
194627;11;1;1044101;2019;4;7;3;3;2;6;1;0;1;0;0;0;0;0
194628;11;9;9020701;2019;4;23;3;3;5;3;2;0;1;0;1;0;0;0
194629;11;1;1033203;2019;4;15;3;2;5;2;0;0;0;0;1;0;1;0
194630;11;1;1044201;2019;4;15;3;3;3;6;0;1;1;0;0;0;0;0