OBJECTID;LAND;BEZ;LOR_ab_2021;UJAHR;UMONAT;USTUNDE;UWOCHENTAG;UKATEGORIE;UART;UTYP1;ULICHTVERH;IstRad;IstPKW;IstFuss;IstKrad;IstGkfz;IstSonstige;USTRZUSTAND
194961;11;3;3071536;2019;5;9;6;3;1;5;0;1;0;0;0;0;1;0
194962;11;5;5020417;2019;5;5;5;2;5;3;0;0;1;0;0;0;0;1
194963;11;4;4041134;2019;5;16;6;3;5;3;0;1;0;0;0;0;1;0
194964;11;3;3050925;2019;5;10;6;2;6;2;0;0;1;1;0;0;0;0
194965;11;2;2050803;2019;5;21;5;3;5;3;2;1;1;0;0;0;0;1
194966;11;2;2040703;2019;5;20;5;3;1;5;1;1;1;0;0;0;1;1
194967;11;3;3010102;2019;5;8;6;3;3;6;0;1;1;0;0;0;0;0
194968;11;3;3071537;2019;5;8;6;2;2;6;0;0;1;0;0;0;0;0
194969;11;12;12103218;2019;5;19;5;2;5;3;0;0;1;0;1;0;0;0
194970;11;3;3071639;2019;5;8;6;3;2;6;0;0;1;0;0;0;1;0
194971;11;1;1011306;2019;5;19;5;3;1;5;0;1;1;0;0;0;0;0
194972;11;3;3030715;2019;5;8;6;3;5;2;0;0;1;0;0;1;0;0
194973;11;6;6010103;2019;5;16;5;3;1;6;0;1;1;0;0;0;0;0
194974;11;5;5010314;2019;5;7;6;3;5;3;0;1;1;0;0;0;0;0
194975;11;8;8010509;2019;5;16;5;3;0;5;0;0;1;0;0;0;1;0
194976;11;3;3061429;2019;5;21;6;3;5;2;2;0;1;0;1;0;0;0
194977;11;3;3061441;2019;5;18;6;3;5;3;0;0;1;0;0;0;0;0
194978;11;10;10040933;2019;5;15;5;3;5;2;0;1;1;0;0;0;0;1
194979;11;1;1011402;2019;5;15;5;3;5;3;0;0;1;0;0;0;0;0
194980;11;6;6030502;2019;5;16;6;2;5;3;0;1;1;0;0;0;0;0
194981;11;5;5030832;2019;5;15;5;3;2;6;0;0;1;0;0;0;0;0
194982;11;12;12103116;2019;5;16;3;2;1;5;0;1;1;0;0;0;0;0
194983;11;8;8041037;2019;5;16;3;3;0;1;0;0;0;0;1;0;0;0
194984;11;7;7020203;2019;5;16;3;2;0;7;0;0;0;0;1;0;0;0
194985;11;4;4020311;2019;5;17;3;3;0;3;0;0;1;0;1;0;0;0
194986;11;3;3040513;2019;5;17;3;3;5;3;0;1;1;0;0;0;0;0
194987;11;4;4030621;2019;5;11;3;3;6;4;0;0;1;1;0;0;0;0
194988;11;5;5020629;2019;5;11;3;3;5;3;0;1;1;0;0;0;0;0
194989;11;7;7010101;2019;5;18;3;3;6;2;0;0;1;1;0;0;0;0
194990;11;5;5010101;2019;5;18;3;3;4;6;0;1;0;0;0;0;0;0
194991;11;5;5030730;2019;5;21;3;3;5;3;2;1;1;0;0;0;0;0
194992;11;7;7020201;2019;5;17;3;3;5;3;0;0;1;0;0;0;0;0
194993;11;2;2010102;2019;5;19;3;3;0;6;0;1;1;0;0;0;0;0
194994;11;9;9031202;2019;5;18;3;1;0;1;0;1;0;0;0;0;0;0
194995;11;3;3061429;2019;5;18;2;3;5;2;0;1;1;0;0;0;0;0
194996;11;6;6040809;2019;5;11;2;3;5;3;0;0;1;0;0;0;0;0
194997;11;4;4031032;2019;5;20;2;3;5;7;2;0;1;0;0;0;0;0
194998;11;4;4020313;2019;5;19;2;3;6;7;0;0;1;1;0;0;0;0
194999;11;7;7050505;2019;5;19;2;3;2;6;0;0;1;0;0;0;1;1
195000;11;1;1011306;2019;5;18;2;2;1;5;0;1;0;0;0;0;1;0
195001;11;2;2020206;2019;5;17;2;3;5;2;0;1;1;0;0;0;0;0
195002;11;3;3050920;2019;5;18;2;3;0;1;0;1;0;0;0;0;0;1
195003;11;10;10020517;2019;5;18;2;3;0;1;0;0;0;0;1;0;0;1
195004;11;7;7070703;2019;5;7;2;3;5;3;0;1;1;0;0;0;0;0
195005;11;8;8010118;2019;5;7;2;3;5;2;0;1;1;0;0;0;0;0
195006;11;12;12304314;2019;5;8;2;3;2;6;0;0;1;0;0;0;0;0
195007;11;5;5020625;2019;5;10;2;3;6;7;0;0;1;1;0;0;0;0
195008;11;10;10010311;2019;5;10;2;3;6;4;0;0;1;1;0;0;0;0
195009;11;12;12103117;2019;5;18;2;3;2;6;0;0;1;0;0;0;0;0
195010;11;12;12301203;2019;5;10;2;3;5;2;0;1;0;0;0;1;0;0
195011;11;1;1033102;2019;5;10;2;3;5;2;0;1;1;0;0;0;0;0
195012;11;4;4051653;2019;5;18;2;3;5;2;0;1;1;0;0;0;0;0
195013;11;8;8010404;2019;5;11;2;2;6;4;0;0;1;1;0;0;0;0
195014;11;1;1022106;2019;5;12;2;2;2;6;0;0;1;0;0;0;0;0
195015;11;2;2030302;2019;5;18;2;3;6;4;0;0;1;1;1;0;0;0
195016;11;7;7040404;2019;5;13;2;3;2;6;0;0;1;0;0;0;0;0
195017;11;10;10040932;2019;5;15;2;3;2;6;0;0;1;0;0;0;0;0
195018;11;9;9031001;2019;5;17;2;3;6;2;0;0;1;1;0;0;0;0
195019;11;12;12231102;2019;5;10;2;3;0;1;0;1;0;0;0;0;0;0
195020;11;6;6020302;2019;5;16;2;3;2;6;0;0;1;0;0;0;0;0
195021;11;1;1022104;2019;5;16;2;3;2;6;0;0;1;0;0;0;0;0
195022;11;2;2020206;2019;5;15;2;3;5;3;0;1;1;0;0;0;0;0
195023;11;2;2020205;2019;5;15;2;3;2;7;0;1;1;0;0;0;0;0
195024;11;12;12214527;2019;5;12;2;3;5;5;0;1;1;0;0;0;0;0
195025;11;3;3061227;2019;5;18;2;3;2;6;0;0;1;0;0;0;1;1
195026;11;11;11010309;2019;5;13;1;2;5;3;0;1;1;0;0;0;0;0
195027;11;12;12224230;2019;5;13;1;3;0;5;0;1;1;0;0;0;0;0
195028;11;7;7030301;2019;5;14;1;3;5;3;0;0;1;0;0;0;0;0
195029;11;9;9020802;2019;5;9;1;3;1;5;0;1;1;0;0;0;1;0
195030;11;2;2030301;2019;5;9;1;3;5;3;0;0;1;0;0;0;0;0
195031;11;2;2010104;2019;5;12;1;3;2;2;0;1;1;0;0;0;0;0
195032;11;4;4051448;2019;5;14;1;3;6;4;0;1;0;1;0;0;0;0
195033;11;3;3020210;2019;5;14;1;3;2;6;0;0;1;0;1;0;0;0
195034;11;1;1011303;2019;5;17;1;2;5;3;0;1;0;0;0;0;0;0
195035;11;9;9010401;2019;5;18;1;3;6;4;0;0;0;1;0;0;1;0
195036;11;2;2030401;2019;5;6;1;3;1;5;0;0;1;0;0;0;0;0
195037;11;11;11030619;2019;5;3;1;3;5;3;2;0;1;0;0;0;1;0
195038;11;5;5020521;2019;5;13;1;3;2;6;0;0;1;0;0;0;0;0
195039;11;6;6020409;2019;5;1;1;2;1;5;2;0;1;0;0;0;0;0
195040;11;4;4030620;2019;5;13;1;3;0;7;0;1;0;0;0;0;0;0
195041;11;1;1011202;2019;5;22;1;3;6;4;2;1;0;1;0;0;0;0
195042;11;1;1033102;2019;5;23;1;3;3;6;2;0;1;0;0;0;1;0
195043;11;8;8010211;2019;5;22;1;3;3;6;2;1;1;0;0;0;0;0
195044;11;3;3061227;2019;5;20;1;3;0;1;0;1;0;0;0;0;0;0
195045;11;11;11010310;2019;5;17;7;3;3;6;0;0;1;0;0;0;0;0
195046;11;8;8010404;2019;5;22;7;3;2;5;2;1;1;0;0;0;0;0
195047;11;3;3040614;2019;5;11;7;3;2;6;0;0;1;0;0;1;0;0
195048;11;1;1022101;2019;5;16;7;3;6;6;0;0;0;1;0;0;1;0
195049;11;2;2040701;2019;5;15;7;3;1;5;0;0;1;0;1;0;0;0
195050;11;2;2050804;2019;5;16;7;3;5;7;0;0;1;0;1;0;0;0
195051;11;8;8010404;2019;5;22;7;3;1;5;2;0;1;0;1;0;0;0
195052;11;5;5020625;2019;5;23;7;3;2;6;2;0;1;0;0;0;0;0
195053;11;2;2050801;2019;5;13;7;3;5;3;0;1;1;0;0;0;0;0
195054;11;2;2030402;2019;5;13;7;3;5;7;0;1;1;0;0;0;0;0
195055;11;2;2050803;2019;5;13;7;3;3;6;0;0;1;0;0;0;0;0
195056;11;10;10040933;2019;5;11;7;3;5;2;0;1;1;0;0;0;0;0
195057;11;4;4030930;2019;5;10;7;3;2;6;0;0;1;0;0;0;0;0
195058;11;2;2040702;2019;5;10;7;3;6;4;0;1;0;1;0;0;0;0
195059;11;7;7040401;2019;5;9;7;3;6;4;0;0;1;1;0;0;0;0
195060;11;7;7040403;2019;5;10;7;3;5;2;0;0;1;0;0;0;0;0
195061;11;6;6020304;2019;5;11;7;3;5;3;0;0;1;0;0;0;0;0
195062;11;4;4030931;2019;5;11;7;2;5;5;0;0;1;0;1;0;0;0
195063;11;1;1022205;2019;5;21;7;3;3;6;2;0;1;0;1;0;0;0
195064;11;1;1044202;2019;5;20;7;3;0;7;0;0;1;0;0;0;0;0
195065;11;3;3061126;2019;5;20;7;3;5;2;0;1;1;0;0;0;0;0
195066;11;12;12231102;2019;5;19;7;3;1;5;0;1;1;0;0;0;0;0
195067;11;1;1011302;2019;5;19;7;3;2;6;0;0;1;0;0;0;0;0
195068;11;3;3071536;2019;5;19;7;3;5;7;0;1;1;0;0;0;0;0
195069;11;11;11030721;2019;5;19;7;3;5;3;0;1;0;0;0;0;0;0
195070;11;8;8010404;2019;5;18;7;3;5;2;0;0;1;0;0;0;1;0
195071;11;7;7020204;2019;5;17;7;3;5;3;0;1;1;0;0;0;0;0
195072;11;7;7070702;2019;5;17;7;3;2;6;0;0;1;0;1;0;0;0
195073;11;11;11051331;2019;5;17;7;3;5;3;0;0;1;0;0;0;0;0
195074;11;8;8020622;2019;5;16;7;3;1;5;0;1;1;0;0;0;1;0
195075;11;6;6010207;2019;5;23;7;3;0;1;2;1;0;0;0;0;0;0
195076;11;12;12214424;2019;5;15;7;3;2;6;0;0;1;0;0;0;1;0
195077;11;8;8010214;2019;5;15;7;3;2;6;0;0;1;0;1;0;0;0
195078;11;9;9010301;2019;5;14;7;3;5;3;0;0;1;0;0;0;0;0
195079;11;4;4051446;2019;5;14;7;3;5;2;0;0;1;0;0;0;0;0
195080;11;12;12301203;2019;5;14;7;2;5;2;0;0;0;0;1;1;0;0
195081;11;7;7050501;2019;5;13;7;2;1;5;0;0;1;0;0;0;0;0
195082;11;6;6040703;2019;5;17;7;3;0;5;0;0;1;0;1;0;0;0
195083;11;3;3020209;2019;5;22;6;3;5;3;2;0;1;0;0;0;0;0
195084;11;10;10030727;2019;5;20;6;3;2;6;0;0;1;0;1;0;0;0
195085;11;3;3061430;2019;5;18;6;3;6;4;0;1;0;1;0;0;0;0
195086;11;8;8020619;2019;5;19;6;3;2;2;1;0;1;0;1;0;0;0
195087;11;2;2010104;2019;5;12;6;3;5;3;0;1;0;0;0;0;0;0
195088;11;7;7010102;2019;5;11;6;3;5;2;0;0;1;0;1;0;0;0
195089;11;1;1044201;2019;5;10;6;3;5;3;0;0;1;0;0;0;0;0
195090;11;8;8010301;2019;5;10;6;3;5;2;0;1;1;0;0;0;0;0
195091;11;12;12103219;2019;5;9;6;3;0;3;0;0;1;0;1;0;0;0
195092;11;4;4020310;2019;5;7;6;3;5;2;0;0;1;0;1;0;0;0
195093;11;1;1011301;2019;5;8;6;3;5;2;0;1;1;0;0;0;0;0
195094;11;4;4030827;2019;5;7;6;3;0;1;0;1;1;0;0;0;0;0
195095;11;7;7040405;2019;5;6;6;3;5;2;0;0;1;0;0;0;0;0
195096;11;10;10020414;2019;5;9;6;3;5;3;0;0;1;0;0;0;0;0
195097;11;2;2040502;2019;5;8;6;3;2;6;0;0;1;0;0;0;0;0
195098;11;2;2010104;2019;5;11;6;2;2;6;0;0;0;0;0;1;0;0
195099;11;5;5020626;2019;5;13;6;3;6;2;0;0;1;1;0;0;0;0
195100;11;4;4030931;2019;5;14;6;3;6;4;0;0;1;1;0;0;0;0
195101;11;4;4041241;2019;5;14;6;3;5;3;0;1;1;0;0;0;0;0
195102;11;4;4030620;2019;5;15;6;3;5;2;0;1;1;0;0;0;0;0
195103;11;5;5020626;2019;5;14;6;3;1;5;0;0;0;0;1;0;1;0
195104;11;1;1022201;2019;5;15;6;3;3;6;0;1;1;0;0;0;0;0
195105;11;6;6020302;2019;5;15;6;3;5;3;0;0;1;0;0;0;0;0
195106;11;1;1011101;2019;5;16;6;3;5;2;0;1;1;0;0;0;0;0
195107;11;1;1044203;2019;5;16;6;3;5;3;0;1;0;0;0;0;1;0
195108;11;4;4051446;2019;5;16;6;3;5;2;0;1;1;0;0;0;0;0
195109;11;10;10010310;2019;5;17;6;3;5;3;0;0;1;0;0;0;0;0
195110;11;3;3020307;2019;5;17;6;3;2;6;0;0;1;0;0;0;1;0
195111;11;7;7060604;2019;5;17;6;3;5;3;0;0;1;0;0;0;0;0
195112;11;12;12103218;2019;5;17;6;3;5;7;0;0;1;0;1;0;0;0
195113;11;7;7050501;2019;5;17;6;3;0;2;0;1;1;0;0;0;0;0
195114;11;9;9051801;2019;5;16;6;2;5;3;0;1;1;0;0;0;0;0
195115;11;2;2030301;2019;5;16;6;3;1;5;0;1;1;0;0;0;0;0
195116;11;5;5010103;2019;5;18;6;3;2;2;0;1;1;0;0;0;0;0
195117;11;2;2050801;2019;5;15;6;3;3;6;0;1;0;0;0;0;0;0
195118;11;3;3020209;2019;5;15;5;3;3;6;0;1;1;0;0;0;0;0
195119;11;2;2020204;2019;5;15;5;3;6;4;0;1;0;1;0;0;0;0
195120;11;12;12103218;2019;5;8;5;3;1;5;0;0;1;0;0;0;1;0
195121;11;10;10020412;2019;5;6;5;3;5;2;0;1;1;0;0;0;0;0
195122;11;11;11010310;2019;5;18;5;3;2;3;0;1;1;0;0;0;0;0
195123;11;1;1033203;2019;5;17;5;3;2;6;0;0;0;0;1;0;1;0
195124;11;3;3050923;2019;5;15;5;3;3;2;0;1;1;0;0;0;0;0
195125;11;2;2010102;2019;5;23;5;3;2;6;2;0;1;0;0;0;0;0
195126;11;3;3020210;2019;5;8;5;3;2;6;0;0;1;0;0;0;0;0
195127;11;4;4041344;2019;5;11;5;3;5;3;0;0;1;0;0;0;0;0
195128;11;9;9030901;2019;5;8;5;3;6;2;0;0;1;1;0;0;0;0
195129;11;9;9041501;2019;5;11;5;3;5;2;0;0;1;0;0;0;0;0
195130;11;10;11030720;2019;5;9;5;3;3;6;0;0;1;0;1;0;0;0
195131;11;2;2020202;2019;5;11;5;3;2;6;0;0;1;0;1;0;0;0
195132;11;11;11030721;2019;5;9;5;3;5;3;0;1;1;0;0;0;0;0
195133;11;2;2040502;2019;5;13;5;3;3;6;0;1;0;0;0;0;0;0
195134;11;9;9010202;2019;5;9;5;2;5;2;0;1;0;0;0;1;0;0
195135;11;4;4010102;2019;5;13;5;2;2;7;0;0;1;0;1;0;0;0
195136;11;4;4030931;2019;5;13;5;3;0;1;0;1;0;0;0;0;0;0
195137;11;9;9020702;2019;5;9;5;2;6;4;0;0;1;1;0;0;0;0
195138;11;1;1011302;2019;5;9;5;3;2;6;0;0;1;0;0;0;1;0
195139;11;2;2030302;2019;5;22;5;3;5;3;2;1;1;0;0;0;0;0
195140;11;2;2010104;2019;5;21;5;3;5;3;2;0;1;0;0;0;0;0
195141;11;3;3071536;2019;5;21;5;3;0;7;2;0;1;0;0;0;0;0
195142;11;1;1033102;2019;5;20;5;3;5;2;0;0;1;0;0;0;1;0
195143;11;4;4030725;2019;5;18;5;3;3;6;0;1;1;0;0;0;0;0
195144;11;11;11020514;2019;5;17;5;3;5;2;0;1;1;0;0;0;1;0
195145;11;1;1011203;2019;5;17;5;3;3;6;0;1;0;0;0;0;0;0
195146;11;7;7010102;2019;5;16;5;3;6;3;0;1;0;1;0;0;0;0
195147;11;1;1011105;2019;5;16;5;3;5;3;0;1;1;0;0;0;0;0
195148;11;12;12231102;2019;5;15;5;3;2;6;0;1;1;0;0;0;0;0
195149;11;5;5030832;2019;5;15;5;3;2;6;0;0;1;0;0;0;0;0
195150;11;4;4030620;2019;5;15;5;3;5;7;0;1;1;0;0;0;0;0
195151;11;10;10020413;2019;5;14;5;3;5;7;0;0;1;0;0;0;0;0
195152;11;9;9010301;2019;5;13;5;3;2;2;0;0;1;0;0;0;0;0
195153;11;4;4051654;2019;5;13;5;3;2;6;0;0;1;0;1;0;0;0
195154;11;8;8010405;2019;5;17;5;3;0;1;0;0;0;0;1;0;0;0
195155;11;11;11030721;2019;5;8;5;2;5;2;0;1;0;0;0;1;0;0
195156;11;8;8020728;2019;5;8;5;3;0;3;0;0;1;0;1;0;0;0
195157;11;6;6010210;2019;5;8;5;2;0;1;0;0;0;0;1;0;0;0
195158;11;3;3061131;2019;5;8;5;3;5;2;0;1;0;0;0;0;1;0
195159;11;5;5030731;2019;5;7;5;3;5;2;0;1;1;0;0;0;0;0
195160;11;5;5020521;2019;5;6;5;3;2;7;0;0;1;0;0;0;1;0
195161;11;1;1022104;2019;5;15;5;3;0;1;0;1;0;0;0;0;0;0
195162;11;7;7010101;2019;5;19;5;3;0;1;0;0;0;0;0;0;1;0
195163;11;1;1011105;2019;5;7;4;3;5;2;0;1;0;0;0;0;1;0
195164;11;6;6020409;2019;5;11;4;3;5;3;0;0;1;0;0;0;0;1
195165;11;2;2040701;2019;5;16;4;3;5;2;0;1;0;0;0;0;1;0
195166;11;1;1022101;2019;5;21;4;3;3;6;2;0;1;0;0;0;0;0
195167;11;7;7030303;2019;5;18;4;3;5;3;0;1;1;0;0;0;0;1
195168;11;6;6030605;2019;5;16;4;3;5;2;0;1;0;0;0;0;1;0
195169;11;7;7010101;2019;5;16;4;3;2;6;0;0;1;0;0;0;0;1
195170;11;2;2020203;2019;5;16;4;3;6;4;0;1;0;1;0;0;0;1
195171;11;1;1011303;2019;5;16;4;3;6;4;0;1;0;1;0;0;0;1
195172;11;1;1011302;2019;5;15;4;2;0;1;0;0;0;0;1;0;0;1
195173;11;4;4020310;2019;5;3;4;3;5;2;2;0;0;0;0;1;1;1
195174;11;5;5020419;2019;5;0;4;3;5;3;2;0;1;0;0;0;0;1
195175;11;6;6020409;2019;5;7;4;3;2;6;0;0;1;0;0;0;0;0
195176;11;6;6030609;2019;5;7;4;3;5;3;0;0;1;0;1;0;0;1
195177;11;3;3040614;2019;5;7;4;3;5;2;1;1;1;0;0;0;0;1
195178;11;6;6030504;2019;5;7;4;3;5;2;0;1;1;0;0;0;0;1
195179;11;9;9020702;2019;5;7;4;3;5;2;0;0;1;0;0;0;0;1
195180;11;8;8030830;2019;5;8;4;3;5;3;0;0;1;0;1;0;0;1
195181;11;11;11030721;2019;5;8;4;3;0;1;0;1;1;0;0;0;0;1
195182;11;4;4010102;2019;5;8;4;3;2;3;0;0;1;0;1;0;0;1
195183;11;1;1011105;2019;5;8;4;3;1;5;0;1;1;0;0;0;0;1
195184;11;1;1044202;2019;5;9;4;3;5;2;0;0;1;0;0;0;0;1
195185;11;8;8010118;2019;5;11;4;3;2;6;0;0;1;0;0;0;0;1
195186;11;4;4051549;2019;5;12;4;3;5;3;0;1;1;0;0;0;0;1
195187;11;2;2030302;2019;5;13;4;3;5;3;0;0;1;0;0;0;0;1
195188;11;9;9020501;2019;5;13;4;3;3;6;0;0;0;0;1;0;1;0
195189;11;8;8010117;2019;5;13;4;3;0;2;0;1;0;0;0;1;0;0
195190;11;11;11051330;2019;5;14;4;3;5;3;0;0;1;0;0;0;1;1
195191;11;3;3020307;2019;5;14;4;3;5;3;0;1;1;0;0;0;0;1
195192;11;7;7040406;2019;5;15;4;3;2;6;0;1;1;0;0;0;0;1
195193;11;4;4020206;2019;5;15;4;3;5;3;0;0;0;0;0;0;1;1
195194;11;3;3030711;2019;5;15;4;3;5;2;0;1;1;0;0;0;0;0
195195;11;2;2040502;2019;5;15;4;3;2;7;0;1;1;0;0;0;0;1
195196;11;5;5030832;2019;5;17;4;3;2;6;0;0;0;0;0;0;1;0
195197;11;9;9051702;2019;5;15;3;3;0;7;0;0;0;0;1;1;0;0
195198;11;2;2050601;2019;5;5;3;3;5;2;0;1;0;0;0;0;1;0
195199;11;7;7040404;2019;5;8;3;3;5;7;0;0;1;0;1;0;0;0
195200;11;4;4020314;2019;5;17;3;3;5;3;0;0;1;0;0;0;0;0
195201;11;3;3040513;2019;5;17;3;3;2;2;0;1;1;0;0;0;0;0
195202;11;9;9041501;2019;5;13;3;3;6;4;0;0;1;1;0;0;0;0
195203;11;3;3050923;2019;5;14;3;3;5;3;0;1;1;0;0;0;0;0
195204;11;12;12214125;2019;5;16;3;3;2;6;0;0;1;0;1;0;0;0
195205;11;4;4020310;2019;5;15;3;3;2;6;0;0;1;0;0;0;0;0
195206;11;1;1022104;2019;5;14;3;3;5;3;0;1;1;0;0;0;0;0
195207;11;1;1022206;2019;5;14;3;3;6;4;0;0;0;1;0;1;0;0
195208;11;3;3061126;2019;5;16;4;2;5;2;0;1;0;0;0;0;1;0
195209;11;9;9020501;2019;5;16;3;3;5;2;0;1;1;0;0;0;0;0
195210;11;6;6040807;2019;5;17;4;3;2;2;0;0;1;0;0;0;0;0
195211;11;1;1011303;2019;5;17;3;3;6;4;0;0;1;1;0;0;0;0
195212;11;4;4030518;2019;5;16;4;3;0;7;0;0;1;0;1;0;0;0
195213;11;4;4051652;2019;5;18;3;3;0;7;0;0;1;0;1;0;0;1
195214;11;9;9020701;2019;5;16;4;2;4;6;0;1;0;0;0;0;0;0
195215;11;2;2020202;2019;5;19;3;3;5;3;0;1;0;0;0;0;0;0
195216;11;11;11030618;2019;5;13;4;2;1;5;0;1;1;0;0;0;0;0
195217;11;9;9020701;2019;5;19;3;3;5;2;0;1;1;0;0;0;0;0
195218;11;2;2050801;2019;5;17;4;3;0;1;0;1;0;0;0;0;0;0
195219;11;11;11030720;2019;5;0;3;3;2;6;2;0;0;0;1;0;1;0
195220;11;8;8010302;2019;5;19;3;3;2;1;0;1;1;0;1;0;0;0
195221;11;8;8041038;2019;5;14;4;3;5;2;0;0;1;0;1;0;0;0
195222;11;1;1011301;2019;5;13;3;3;2;6;0;0;1;0;0;0;1;0
195223;11;1;1022106;2019;5;14;4;3;6;2;0;0;1;1;0;0;0;0
195224;11;1;1033203;2019;5;19;3;3;0;6;1;0;1;0;0;0;1;0
195225;11;3;3050923;2019;5;11;3;3;6;4;0;0;1;1;0;0;0;0
195226;11;11;11030721;2019;5;14;4;3;2;6;0;0;0;0;0;1;1;0
195227;11;7;7070703;2019;5;11;3;3;1;5;0;0;1;0;0;0;1;0
195228;11;3;3020307;2019;5;16;4;3;5;2;0;1;1;0;0;0;0;0
195229;11;7;7010102;2019;5;10;3;2;1;5;0;1;0;0;0;0;1;0
195230;11;11;11030721;2019;5;15;4;3;1;5;0;0;1;0;0;0;1;0
195231;11;4;4030931;2019;5;11;3;3;1;7;0;0;1;0;0;0;0;0
195232;11;6;6010102;2019;5;15;4;3;1;5;0;1;1;0;0;0;0;0
195233;11;7;7040403;2019;5;10;3;3;5;3;0;1;1;0;0;0;0;0
195234;11;4;4051654;2019;5;10;3;3;0;4;0;1;0;1;0;0;0;0
195235;11;4;4041343;2019;5;15;4;3;5;3;0;0;1;0;0;0;0;0
195236;11;8;8010117;2019;5;15;4;3;5;3;0;1;1;0;0;0;0;0
195237;11;1;1022204;2019;5;10;3;3;1;5;0;1;1;0;0;0;0;0
195238;11;8;8041036;2019;5;17;4;3;5;3;0;0;1;0;0;0;0;0
195239;11;1;1044202;2019;5;9;3;3;5;2;0;0;1;0;0;0;1;0
195240;11;7;7040406;2019;5;15;4;3;6;4;0;0;1;1;0;0;0;0
195241;11;1;1044203;2019;5;9;3;3;3;6;0;0;1;0;0;0;0;0
195242;11;1;1022206;2019;5;9;3;3;5;2;0;0;1;0;0;0;1;0
195243;11;12;12214125;2019;5;15;4;3;0;3;0;0;1;0;0;0;0;0
195244;11;3;3040614;2019;5;15;4;3;0;2;0;1;1;0;0;0;0;0
195245;11;1;1011303;2019;5;9;3;3;5;2;0;1;1;0;0;0;0;0
195246;11;3;3061126;2019;5;8;3;3;2;6;0;0;1;0;0;0;1;0
195247;11;6;6010102;2019;5;16;4;3;2;3;0;0;1;0;0;0;0;0
195248;11;4;4031032;2019;5;8;3;3;5;2;0;1;1;0;0;0;0;0
195249;11;11;11020412;2019;5;16;4;3;5;2;0;1;1;0;0;0;0;0
195250;11;2;2020206;2019;5;8;3;3;5;2;0;1;0;0;0;0;1;0
195251;11;4;4051551;2019;5;8;3;3;5;2;0;0;1;0;0;0;0;0
195252;11;6;6040703;2019;5;15;4;3;5;3;0;0;1;0;1;0;0;0
195253;11;9;9010401;2019;5;7;3;3;5;2;0;0;1;0;0;0;0;0
195254;11;5;5020627;2019;5;15;4;2;5;2;0;0;1;0;0;0;1;0
195255;11;4;4020313;2019;5;8;3;3;0;3;0;0;1;0;1;0;0;0
195256;11;4;4030417;2019;5;7;4;3;2;6;0;1;0;0;0;0;0;0
195257;11;9;9020702;2019;5;7;3;2;2;6;0;0;1;0;1;0;0;0
195258;11;1;1033201;2019;5;23;4;3;0;1;2;0;1;0;1;0;0;0
195259;11;5;5020521;2019;5;7;3;3;2;6;0;0;1;0;0;0;0;0
195260;11;9;9020502;2019;5;6;3;3;5;3;0;0;1;0;0;0;0;1
195261;11;6;6030607;2019;5;7;4;3;2;6;0;0;1;0;0;0;0;0
195262;11;1;1011304;2019;5;7;4;3;2;3;0;1;1;0;0;0;0;0
195263;11;10;10020413;2019;5;22;3;3;5;2;2;0;1;0;0;0;1;1
195264;11;6;6040805;2019;5;8;3;3;0;7;0;1;0;0;0;0;0;0
195265;11;7;7070703;2019;5;7;4;3;5;3;0;1;1;0;0;0;0;0
195266;11;4;4030725;2019;5;17;2;3;2;6;0;0;1;0;0;0;0;1
195267;11;3;3061430;2019;5;8;4;3;5;2;0;1;1;0;0;0;0;0
195268;11;6;6010205;2019;5;19;2;3;5;3;0;1;1;0;0;0;0;1
195269;11;1;1033101;2019;5;8;4;3;6;2;0;0;1;1;0;0;0;0
195270;11;8;8010404;2019;5;18;2;3;6;4;0;0;1;1;0;0;0;1
195271;11;1;1011301;2019;5;9;4;3;2;6;0;1;1;0;0;0;0;0
195272;11;11;11030619;2019;5;18;2;3;0;1;0;0;1;0;1;0;0;1
195273;11;1;1011102;2019;5;9;4;2;5;2;0;1;1;0;0;0;0;0
195274;11;10;10020416;2019;5;18;2;3;5;7;0;0;1;0;0;0;0;1
195275;11;2;2020206;2019;5;7;4;3;5;3;0;0;1;0;0;0;0;0
195276;11;4;4041137;2019;5;18;2;3;5;2;0;0;1;0;0;0;0;1
195277;11;1;1033201;2019;5;17;2;3;5;2;0;1;1;0;0;0;0;1
195278;11;4;4010101;2019;5;18;3;3;2;6;0;0;1;0;0;0;0;0
195279;11;4;4041134;2019;5;17;2;3;5;3;0;1;1;0;0;0;0;1
195280;11;4;4041136;2019;5;17;3;3;7;7;0;1;0;0;0;0;0;0
195281;11;1;1011402;2019;5;18;2;3;1;5;0;1;1;0;0;0;0;1
195282;11;6;6020409;2019;5;11;3;3;5;3;0;0;1;0;0;0;0;0
195283;11;6;6020409;2019;5;17;2;3;5;3;0;0;1;0;0;0;0;1
195284;11;12;12214527;2019;5;8;3;3;1;5;0;1;1;0;0;0;0;0
195285;11;9;9041501;2019;5;19;2;3;0;1;0;1;0;0;0;0;0;1
195286;11;2;2010102;2019;5;17;2;3;6;7;0;0;1;1;0;0;0;1
195287;11;12;12302107;2019;5;8;3;3;1;5;0;0;1;0;0;0;0;0
195288;11;9;9041501;2019;5;7;3;3;6;4;0;1;0;1;0;0;0;0
195289;11;3;3050923;2019;5;16;2;2;5;3;0;1;1;0;0;0;0;1
195290;11;1;1011402;2019;5;16;2;3;0;1;0;1;0;0;0;0;0;1
195291;11;7;7020203;2019;5;7;3;3;6;4;0;0;1;1;0;0;0;0