OBJECTID;LAND;BEZ;LOR_ab_2021;UJAHR;UMONAT;USTUNDE;UWOCHENTAG;UKATEGORIE;UART;UTYP1;ULICHTVERH;IstRad;IstPKW;IstFuss;IstKrad;IstGkfz;IstSonstige;USTRZUSTAND
195292;11;4;4030726;2019;5;11;2;3;3;6;0;0;1;0;0;0;0;0
195293;11;8;8030830;2019;5;8;3;3;2;6;0;0;1;0;0;0;0;0
195294;11;1;1011204;2019;5;14;2;3;2;2;0;0;1;0;0;0;0;0
195295;11;7;7030301;2019;5;14;2;3;5;2;0;1;1;0;0;0;0;0
195296;11;1;1011105;2019;5;9;3;3;3;6;0;1;1;0;0;0;0;0
195297;11;12;12304313;2019;5;12;2;3;6;7;0;1;0;1;0;0;0;0
195298;11;2;2010104;2019;5;12;2;3;2;6;0;0;1;0;0;0;0;0
195299;11;9;9010301;2019;5;7;3;2;5;2;0;1;0;0;0;1;0;0
195300;11;11;11030721;2019;5;14;2;2;6;4;0;0;1;1;0;0;0;0
195301;11;9;9051901;2019;5;12;2;2;2;6;0;0;1;0;0;1;1;0
195302;11;8;8010404;2019;5;6;3;3;5;3;0;0;1;0;0;0;0;0
195303;11;4;4020207;2019;5;16;2;3;2;7;0;0;1;0;0;1;0;0
195304;11;4;4010101;2019;5;6;3;3;1;5;0;0;1;0;1;0;0;0
195305;11;8;8020727;2019;5;11;2;3;5;2;0;0;1;0;0;0;0;0
195306;11;9;9031101;2019;5;0;3;3;9;1;2;0;0;0;1;0;0;0
195307;11;5;5030832;2019;5;13;2;3;0;1;0;1;0;0;0;0;0;0
195308;11;1;1022206;2019;5;15;3;3;2;6;0;0;1;0;1;0;0;0
195309;11;5;5010314;2019;5;9;2;3;3;6;0;0;1;0;0;0;1;0
195310;11;11;11030720;2019;5;7;2;2;0;1;0;1;0;0;0;0;0;0
195311;11;1;1011306;2019;5;15;3;3;3;2;0;1;1;0;0;0;0;0
195312;11;2;2020206;2019;5;15;3;3;1;5;0;1;0;0;0;0;1;0
195313;11;8;8010404;2019;5;7;2;3;2;7;0;0;1;0;0;0;1;0
195314;11;12;12214527;2019;5;11;2;3;3;6;0;1;0;0;0;0;0;0
195315;11;7;7020204;2019;5;15;3;3;2;7;0;0;1;0;0;0;0;0
195316;11;8;8041037;2019;5;10;2;3;6;2;0;0;1;1;0;0;0;0
195317;11;3;3010101;2019;5;14;3;3;5;2;0;1;1;0;0;0;0;0
195318;11;12;12214125;2019;5;10;2;3;1;7;0;1;1;0;0;0;0;0
195319;11;12;12231101;2019;5;14;3;3;5;3;0;0;1;0;1;0;0;0
195320;11;4;4051448;2019;5;10;2;3;5;3;0;1;1;0;0;0;0;0
195321;11;1;1033102;2019;5;13;3;3;5;7;0;0;1;0;0;0;0;0
195322;11;2;2040501;2019;5;9;2;3;1;5;0;1;1;0;0;0;0;0
195323;11;9;9041402;2019;5;11;2;3;5;3;0;1;1;0;0;0;0;0
195324;11;3;3010102;2019;5;13;3;2;4;6;0;0;1;0;0;0;0;0
195325;11;1;1044101;2019;5;16;3;3;5;7;2;1;0;0;1;0;0;0
195326;11;2;2020204;2019;5;12;1;3;2;6;0;0;1;0;0;0;0;0
195327;11;9;9030901;2019;5;16;3;2;5;3;0;1;1;0;0;0;0;0
195328;11;1;1044203;2019;6;16;5;3;2;6;0;0;1;0;0;1;0;1
195329;11;7;7050501;2019;6;16;5;2;0;2;0;1;1;0;0;0;0;1
195330;11;8;8020619;2019;6;16;5;3;5;2;0;1;0;0;0;0;1;0
195331;11;4;4030828;2019;6;16;5;3;5;2;0;1;1;0;0;0;0;1
195332;11;2;2020203;2019;6;9;5;3;5;2;0;1;1;0;0;0;0;0
195333;11;1;1022103;2019;6;13;5;3;5;2;0;1;1;0;0;0;0;0
195334;11;11;11030721;2019;6;15;5;3;5;3;0;0;1;0;0;0;0;1
195335;11;4;4051655;2019;6;8;5;3;0;7;0;0;1;0;0;0;1;0
195336;11;4;4030725;2019;6;8;5;3;5;3;0;0;1;0;0;0;0;0
195337;11;4;4051446;2019;6;8;5;3;5;3;0;1;1;0;0;0;0;0
195338;11;4;4010103;2019;6;7;5;3;2;6;0;0;1;0;0;0;0;0
195339;11;10;10020623;2019;6;7;5;3;5;3;0;1;1;0;0;0;0;0
195340;11;8;8041038;2019;6;7;5;3;5;2;0;1;0;0;0;0;0;0
195341;11;10;10020622;2019;6;6;5;3;1;5;0;0;1;0;0;0;0;0
195342;11;7;7020203;2019;6;23;4;3;7;7;2;1;0;0;0;0;0;0
195343;11;4;4010103;2019;6;16;4;3;4;6;0;1;1;0;0;0;0;0
195344;11;12;12231102;2019;6;19;4;3;5;2;0;0;1;0;1;0;0;0
195345;11;4;4041137;2019;6;18;4;3;2;6;0;0;1;0;0;0;0;0
195346;11;2;2020202;2019;6;18;4;3;5;3;0;1;1;0;0;0;0;0
195347;11;4;4030725;2019;6;23;4;3;1;5;2;0;1;0;1;0;0;0
195348;11;2;2020203;2019;6;22;4;3;5;3;2;1;1;0;0;0;0;0
195349;11;1;1044201;2019;6;22;4;2;2;6;2;0;1;0;0;0;0;0
195350;11;2;2030302;2019;6;18;4;3;3;6;0;1;1;0;0;0;0;0
195351;11;9;9020702;2019;6;18;4;3;5;3;0;1;1;0;0;0;0;0
195352;11;6;6030610;2019;6;18;4;3;0;7;0;1;0;0;0;0;0;0
195353;11;3;3061429;2019;6;18;4;3;5;3;0;1;0;0;1;0;0;0
195354;11;12;12103218;2019;6;16;4;3;5;2;0;0;1;0;0;0;0;0
195355;11;1;1022106;2019;6;16;4;3;5;2;0;1;1;0;0;0;0;0
195356;11;1;1033202;2019;6;15;4;3;0;1;0;0;0;0;1;0;0;0
195357;11;4;4010102;2019;6;22;4;3;5;2;2;0;1;0;0;0;0;0
195358;11;2;2020204;2019;6;20;4;3;5;2;0;1;0;1;0;0;0;0
195359;11;4;4030417;2019;6;15;4;3;5;3;0;1;0;0;0;0;1;0
195360;11;11;11040926;2019;6;14;4;3;5;3;0;1;1;0;0;0;0;0
195361;11;3;3020210;2019;6;14;4;3;5;3;0;0;1;0;0;0;1;0
195362;11;10;10010310;2019;6;14;4;2;6;4;0;1;0;1;0;0;0;0
195363;11;2;2050602;2019;6;13;4;3;5;2;0;0;1;0;0;0;0;0
195364;11;8;8041037;2019;6;13;4;3;5;3;0;1;1;0;0;0;0;0
195365;11;3;3061332;2019;6;13;4;3;1;7;0;0;0;0;1;0;0;0
195366;11;9;9051901;2019;6;13;4;2;6;4;0;0;1;1;0;0;0;0
195367;11;3;3030406;2019;6;8;4;3;0;1;0;0;0;0;1;0;0;0
195368;11;11;11040926;2019;6;10;4;3;0;2;0;1;1;0;0;0;0;0
195369;11;3;3071536;2019;6;10;4;3;2;7;0;0;0;0;1;1;0;0
195370;11;6;6020304;2019;6;13;4;3;5;3;0;1;1;0;0;0;0;0
195371;11;4;4010102;2019;6;10;4;3;2;6;0;0;1;0;1;0;0;0
195372;11;11;11020411;2019;6;8;4;2;0;1;0;1;0;0;0;0;0;0
195373;11;5;5010312;2019;6;12;4;3;2;2;0;0;1;0;0;0;1;0
195374;11;3;3040614;2019;6;9;4;3;5;2;0;1;1;0;0;0;0;0
195375;11;7;7040402;2019;6;11;4;3;5;2;0;1;1;0;0;0;0;0
195376;11;8;8010115;2019;6;8;4;3;5;2;0;1;1;0;0;0;0;0
195377;11;8;8020622;2019;6;8;4;3;5;2;0;1;1;0;0;0;0;0
195378;11;9;9052001;2019;6;7;4;3;5;7;0;0;1;0;1;0;0;0
195379;11;3;3061227;2019;6;7;4;2;5;3;0;1;1;0;0;0;0;0
195380;11;1;1011301;2019;6;2;4;2;0;7;2;0;1;0;0;0;1;0
195381;11;2;2020203;2019;6;8;3;3;3;6;0;0;1;0;1;0;0;0
195382;11;4;4030827;2019;6;14;3;3;0;7;0;0;1;0;0;0;0;0
195383;11;1;1011402;2019;6;13;3;3;0;3;0;1;0;0;0;0;1;0
195384;11;1;1022104;2019;6;8;3;3;6;4;0;0;1;1;0;0;0;0
195385;11;1;1011202;2019;6;16;3;3;2;2;0;1;1;0;0;0;0;0
195386;11;12;12301203;2019;6;16;3;3;5;2;0;1;1;0;0;0;0;0
195387;11;2;2030401;2019;6;16;3;3;5;2;0;1;1;0;0;0;0;0
195388;11;7;7040401;2019;6;15;3;3;0;2;0;1;1;0;0;0;0;0
195389;11;11;11030720;2019;6;15;3;3;2;6;0;0;1;0;0;0;0;0
195390;11;3;3061227;2019;6;14;3;3;5;7;0;1;1;0;0;0;0;0
195391;11;5;5020419;2019;6;14;3;3;0;6;0;1;0;0;0;0;0;0
195392;11;9;9020501;2019;6;13;3;3;5;2;0;0;0;0;1;0;1;0
195393;11;6;6020305;2019;6;18;3;3;6;4;0;0;1;1;0;0;0;0
195394;11;4;4030929;2019;6;12;3;3;3;6;0;0;1;0;1;0;0;0
195395;11;7;7050503;2019;6;12;3;3;6;7;0;0;1;1;0;0;0;0
195396;11;5;5020625;2019;6;11;3;3;2;2;0;0;1;0;0;0;0;0
195397;11;1;1011105;2019;6;11;3;3;5;2;0;1;1;0;0;0;0;0
195398;11;9;9041301;2019;6;11;3;3;3;6;0;1;0;0;0;0;0;0
195399;11;11;11041022;2019;6;13;3;2;5;3;0;1;1;0;0;0;0;0
195400;11;4;4030622;2019;6;11;3;2;2;7;0;1;1;0;0;0;0;0
195401;11;1;1044201;2019;6;11;3;3;2;2;0;0;1;0;0;0;0;0
195402;11;1;1033201;2019;6;10;3;3;3;6;0;0;1;0;1;0;0;0
195403;11;4;4010102;2019;6;10;3;3;5;2;0;0;1;0;0;0;0;0
195404;11;8;8041037;2019;6;10;3;3;5;3;0;0;1;0;0;0;0;0
195405;11;4;4030518;2019;6;9;3;3;5;3;0;1;1;0;0;0;0;0
195406;11;2;2020202;2019;6;23;3;2;5;2;2;1;1;0;0;0;0;0
195407;11;1;1022104;2019;6;20;3;3;2;6;0;0;1;0;0;0;0;0
195408;11;2;2010102;2019;6;8;3;3;5;3;0;1;1;0;0;0;0;0
195409;11;8;8010213;2019;6;9;3;3;1;5;0;1;1;0;0;0;0;0
195410;11;3;3061430;2019;6;9;3;3;2;6;0;0;1;0;1;0;0;0
195411;11;5;5020524;2019;6;7;3;3;0;1;0;1;0;0;0;0;0;0
195412;11;11;11020514;2019;6;8;3;3;5;3;0;1;1;0;0;0;0;0
195413;11;6;6020302;2019;6;20;3;3;6;7;0;1;0;1;0;0;0;0
195414;11;10;10020413;2019;6;19;3;2;6;4;0;0;1;1;0;0;0;0
195415;11;12;12214422;2019;6;8;3;2;5;2;0;1;1;0;0;0;0;0
195416;11;3;3061430;2019;6;19;3;3;5;2;0;1;1;0;0;0;0;0
195417;11;7;7040406;2019;6;8;3;3;3;6;0;0;1;0;0;1;0;0
195418;11;8;8030831;2019;6;19;3;3;6;2;0;0;1;1;0;0;0;0
195419;11;4;4051448;2019;6;19;3;3;1;5;0;1;1;0;0;0;1;0
195420;11;3;3020209;2019;6;8;3;3;5;3;0;1;1;0;0;0;0;0
195421;11;12;12214422;2019;6;7;3;3;2;6;0;0;1;0;0;0;0;0
195422;11;4;4030828;2019;6;7;3;3;5;3;0;0;1;0;0;0;1;0
195423;11;2;2020206;2019;6;18;3;3;3;6;0;1;1;0;0;0;0;0
195424;11;4;4030518;2019;6;18;3;2;5;2;0;0;1;0;1;0;0;0
195425;11;12;12214125;2019;6;18;3;3;2;6;0;0;1;0;0;0;0;0
195426;11;2;2020203;2019;6;7;3;3;1;1;0;0;1;0;1;0;0;0
195427;11;11;11020515;2019;6;4;3;3;5;3;1;0;1;0;0;0;0;0
195428;11;9;9020502;2019;6;17;3;3;1;5;0;1;1;0;0;0;0;0
195429;11;9;9051901;2019;6;4;3;3;0;1;1;1;0;0;0;0;0;0
195430;11;1;1011101;2019;6;17;3;3;5;3;0;0;1;0;0;0;1;0
195431;11;10;10010308;2019;6;17;3;3;0;2;0;1;1;0;0;0;0;0
195432;11;9;9030901;2019;6;12;2;3;2;6;0;0;1;0;1;0;0;0
195433;11;2;2010102;2019;6;18;2;3;1;5;0;1;1;0;0;0;0;0
195434;11;11;11020411;2019;6;12;2;3;5;3;0;1;0;0;0;0;0;0
195435;11;6;6030610;2019;6;12;2;3;6;7;0;1;0;1;0;0;0;0
195436;11;11;11020411;2019;6;22;2;3;8;1;2;0;1;0;0;0;0;1
195437;11;8;8010509;2019;6;22;2;3;0;3;2;1;1;0;0;0;0;1
195438;11;1;1022206;2019;6;21;2;3;5;3;0;0;1;0;0;0;0;0
195439;11;7;7040403;2019;6;20;2;3;5;2;0;0;1;0;0;0;1;0
195440;11;9;9020501;2019;6;20;2;3;5;2;0;1;1;0;0;0;0;0
195441;11;8;8010213;2019;6;19;2;3;0;3;0;1;1;0;0;0;0;1
195442;11;10;10040933;2019;6;20;2;3;5;3;0;0;1;0;0;0;1;1
195443;11;3;3061227;2019;6;20;2;3;5;3;1;1;1;0;0;0;0;1
195444;11;9;9020702;2019;6;19;2;2;0;1;0;1;0;0;0;0;0;1
195445;11;9;9031001;2019;6;20;2;2;1;7;1;0;1;0;0;0;0;1
195446;11;7;7040405;2019;6;19;2;3;8;1;0;0;1;0;0;0;0;1
195447;11;1;1044101;2019;6;18;2;3;2;2;0;1;1;0;0;0;0;0
195448;11;4;4030621;2019;6;18;2;3;2;6;0;0;1;0;0;0;0;0
195449;11;2;2050802;2019;6;18;2;2;5;2;0;1;1;0;0;0;0;0
195450;11;4;4031032;2019;6;18;2;3;1;5;0;1;1;0;0;0;0;0
195451;11;4;4051652;2019;6;17;2;3;2;6;0;0;1;0;0;0;0;0
195452;11;6;6030503;2019;6;15;2;3;3;6;0;0;1;0;1;0;0;0
195453;11;7;7040405;2019;6;17;2;3;5;3;0;0;1;0;0;0;0;0
195454;11;10;10040931;2019;6;17;2;3;5;3;0;1;1;0;0;0;0;0
195455;11;9;9010301;2019;6;22;2;3;5;2;2;1;1;0;0;0;0;1
195456;11;3;3020307;2019;6;15;2;3;5;3;0;1;0;0;0;0;0;0
195457;11;6;6010102;2019;6;14;2;3;5;3;0;1;1;0;0;0;0;0
195458;11;1;1011104;2019;6;14;2;3;0;2;0;0;1;0;0;0;1;0
195459;11;2;2020206;2019;6;14;2;3;2;6;0;0;1;0;0;0;0;0
195460;11;3;3030715;2019;6;13;2;3;2;6;0;0;1;0;0;1;0;0
195461;11;5;5010209;2019;6;12;2;3;1;5;0;1;0;0;0;0;1;0
195462;11;8;8020619;2019;6;11;2;3;5;7;0;0;1;0;0;0;0;0
195463;11;1;1044203;2019;6;12;2;3;2;6;0;0;1;0;0;0;0;0
195464;11;1;1011302;2019;6;0;2;3;5;2;2;1;1;0;0;0;0;0
195465;11;4;4030929;2019;6;12;2;3;5;7;0;0;1;0;1;0;0;0
195466;11;1;1011402;2019;6;11;2;3;6;4;0;1;0;1;0;0;0;0
195467;11;1;1033102;2019;6;11;2;2;5;2;0;0;1;0;0;0;0;0
195468;11;9;9041301;2019;6;16;2;3;5;3;0;0;1;0;1;0;0;0
195469;11;2;2020203;2019;6;11;2;3;5;2;0;1;1;0;0;0;0;0
195470;11;1;1044201;2019;6;11;2;3;3;6;0;0;1;0;1;0;0;0
195471;11;10;10030725;2019;6;16;2;2;0;5;0;1;1;0;0;0;0;0
195472;11;5;5010101;2019;6;10;2;2;5;2;0;0;1;0;1;0;0;0
195473;11;9;9051901;2019;6;16;2;3;5;3;0;1;1;0;0;0;0;0
195474;11;4;4030415;2019;6;10;2;3;2;6;0;0;1;0;1;0;0;0
195475;11;8;8030830;2019;6;10;2;3;5;7;0;1;1;0;0;0;0;0
195476;11;3;3061430;2019;6;15;2;3;0;7;0;0;1;0;0;0;0;0
195477;11;9;9010401;2019;6;15;2;3;0;6;0;1;1;0;0;0;0;0
195478;11;2;2040701;2019;6;9;2;3;5;3;0;1;1;0;0;0;0;0
195479;11;5;5020626;2019;6;9;2;3;5;2;0;1;1;0;0;0;0;0
195480;11;2;2020204;2019;6;8;2;3;5;2;0;1;1;0;0;0;0;0
195481;11;4;4020310;2019;6;8;2;3;5;2;0;0;1;0;0;0;0;0
195482;11;2;2030301;2019;6;7;2;3;2;6;0;0;1;0;0;1;0;0
195483;11;5;5020625;2019;6;15;2;3;6;4;0;0;1;1;0;0;0;0
195484;11;9;9052001;2019;6;7;2;3;5;3;0;0;1;0;0;0;0;0
195485;11;1;1011105;2019;6;6;2;3;5;7;0;0;1;0;0;0;0;0
195486;11;12;12214125;2019;6;15;2;3;0;2;0;0;1;0;0;0;1;0
195487;11;1;1011302;2019;6;6;2;3;2;6;0;0;1;0;0;0;0;0
195488;11;9;9020702;2019;6;6;2;3;0;3;0;1;1;0;0;0;0;0
195489;11;1;1011304;2019;6;15;2;2;2;2;0;0;1;0;0;0;0;0
195490;11;3;3061228;2019;6;5;2;3;1;5;0;0;1;0;1;0;0;0
195491;11;2;2050601;2019;6;1;2;3;5;2;2;0;1;0;0;0;0;0
195492;11;1;1011401;2019;6;8;2;3;0;1;0;1;0;0;0;0;0;0
195493;11;11;11030720;2019;6;20;2;3;5;2;0;1;1;0;0;0;0;1
195494;11;6;6040810;2019;6;9;2;3;5;2;0;1;0;0;0;0;1;0
195495;11;10;10010203;2019;6;17;2;1;1;7;0;0;1;0;0;0;0;0
195496;11;4;4030724;2019;6;14;1;3;2;6;0;1;0;0;0;0;0;0
195497;11;4;4041238;2019;6;14;1;3;5;3;0;1;1;0;0;0;0;0
195498;11;1;1011401;2019;6;14;1;3;6;7;0;0;1;1;0;0;0;0
195499;11;9;9041501;2019;6;19;1;3;3;6;0;1;1;0;0;0;0;0
195500;11;1;1044201;2019;6;21;1;3;5;3;0;0;1;0;0;0;0;0
195501;11;11;2050803;2019;6;20;1;2;4;6;0;0;1;0;1;0;0;0
195502;11;2;2040701;2019;6;20;1;3;1;5;0;1;1;0;0;0;1;0
195503;11;4;4010102;2019;6;17;1;3;0;2;0;1;1;0;0;0;0;0
195504;11;2;2010102;2019;6;17;1;2;5;3;0;0;1;0;1;0;0;0
195505;11;10;10040933;2019;6;15;1;2;5;3;0;0;1;0;1;0;0;0
195506;11;7;7010104;2019;6;16;1;3;5;2;0;1;1;0;0;0;0;0
195507;11;3;3071633;2019;6;16;1;3;0;1;0;1;0;0;0;0;0;0
195508;11;11;11051331;2019;6;14;1;3;5;3;0;0;1;0;0;0;0;0
195509;11;7;7010102;2019;6;14;1;3;5;3;0;0;1;0;1;0;0;0
195510;11;1;1011101;2019;6;14;1;3;5;3;0;0;1;0;0;0;0;0
195511;11;1;1011202;2019;6;14;1;3;5;2;0;0;1;0;1;0;0;0
195512;11;11;11051331;2019;6;14;1;2;5;3;0;1;1;0;0;0;0;0
195513;11;3;3061126;2019;6;13;1;3;2;6;0;0;1;0;0;0;0;0
195514;11;11;11051330;2019;6;12;6;3;5;2;0;1;1;0;0;0;0;0
195515;11;8;8020619;2019;6;13;1;3;2;6;0;0;1;0;0;0;0;0
195516;11;7;7040403;2019;6;12;1;2;5;3;0;0;1;0;1;0;0;0
195517;11;1;1033102;2019;6;12;6;3;5;2;0;1;0;0;0;0;1;0
195518;11;1;1044101;2019;6;1;1;2;5;2;2;0;1;0;0;0;0;0
195519;11;6;6040809;2019;6;17;6;2;5;2;0;1;1;0;0;0;0;0
195520;11;11;11020411;2019;6;2;1;3;5;3;2;0;1;0;0;0;0;0
195521;11;8;8020625;2019;6;12;6;3;3;6;0;1;0;0;0;1;0;0
195522;11;12;12301203;2019;6;10;1;3;4;5;0;0;1;0;0;0;0;0
195523;11;12;12301203;2019;6;7;6;2;5;2;0;1;0;0;0;1;0;0
195524;11;1;1044202;2019;6;10;1;3;5;2;0;0;1;0;0;0;0;0
195525;11;1;1033102;2019;6;11;1;3;5;3;0;0;1;0;0;0;1;0
195526;11;5;5010101;2019;6;12;6;3;5;3;0;1;1;0;0;0;0;0
195527;11;6;6030607;2019;6;12;1;2;2;1;0;0;1;0;0;0;0;0
195528;11;4;4051448;2019;6;12;6;3;0;6;0;0;1;0;1;0;0;0
195529;11;11;11030618;2019;6;1;1;3;0;1;2;0;0;0;1;0;0;0
195530;11;4;4041342;2019;6;11;6;3;5;2;0;0;1;0;1;0;0;0
195531;11;8;8010301;2019;6;0;1;3;0;1;2;1;0;0;0;0;0;0
195532;11;8;8020727;2019;6;11;6;3;5;2;0;1;1;0;0;0;0;0
195533;11;2;2040701;2019;6;12;7;3;5;3;0;0;1;0;0;0;0;0
195534;11;3;3071536;2019;6;18;7;3;5;3;0;0;1;0;0;0;0;0
195535;11;9;9041401;2019;6;12;6;3;5;3;0;0;1;0;0;0;1;0
195536;11;3;3051017;2019;6;13;6;2;5;3;0;1;1;0;0;0;0;0
195537;11;6;6030606;2019;6;15;7;3;1;5;0;1;1;0;0;0;0;0
195538;11;10;10010206;2019;6;18;7;2;5;3;0;1;1;0;0;0;0;0
195539;11;9;9020802;2019;6;12;6;2;3;6;0;1;0;0;0;1;0;0
195540;11;7;7040401;2019;6;15;7;3;5;2;0;1;0;0;0;0;0;0
195541;11;4;4020311;2019;6;16;6;3;5;3;0;1;1;0;0;0;0;0
195542;11;1;1022104;2019;6;14;7;3;5;2;0;0;1;0;1;0;0;0
195543;11;1;1044201;2019;6;19;7;3;2;6;0;0;1;0;0;0;0;0
195544;11;8;8020727;2019;6;16;6;3;5;3;0;0;1;0;1;0;0;0
195545;11;2;2030301;2019;6;19;7;3;5;3;0;1;1;0;0;0;0;0
195546;11;4;4030931;2019;6;13;7;3;5;2;0;1;1;0;0;0;0;0
195547;11;3;3030405;2019;6;16;6;3;6;4;0;0;1;1;0;0;0;0
195548;11;11;11051332;2019;6;19;7;3;2;6;0;0;1;0;0;0;0;0
195549;11;9;9041501;2019;6;16;6;2;5;2;0;1;1;0;0;0;0;0
195550;11;4;4020310;2019;6;16;6;2;4;6;0;1;0;0;0;0;0;0
195551;11;7;7020201;2019;6;19;7;3;5;3;0;0;1;0;0;0;0;0
195552;11;2;2010104;2019;6;15;6;2;5;7;0;0;1;0;0;1;0;0
195553;11;2;2030302;2019;6;12;7;2;5;2;0;1;1;0;0;0;0;0
195554;11;4;4030621;2019;6;16;6;3;5;2;0;1;0;0;1;0;0;0
195555;11;6;6040806;2019;6;22;7;3;6;4;2;0;1;1;0;0;0;0
195556;11;7;7070702;2019;6;12;7;3;1;5;0;0;1;0;0;0;0;0
195557;11;7;7010102;2019;6;16;6;3;1;5;0;1;1;0;0;0;0;0
195558;11;4;4041238;2019;6;9;6;3;2;7;0;0;1;0;0;0;0;0
195559;11;5;5010314;2019;6;11;7;3;0;2;0;0;1;0;0;0;1;0
195560;11;5;5010339;2019;6;10;7;3;5;2;0;1;1;0;0;0;0;0
195561;11;3;3050924;2019;6;12;6;2;1;1;0;0;1;0;0;0;1;0
195562;11;1;1011302;2019;6;23;7;2;0;1;2;1;0;0;0;0;0;0
195563;11;2;2010102;2019;6;17;6;3;5;3;0;0;1;0;0;0;0;0
195564;11;8;8020622;2019;6;9;7;3;5;7;0;0;1;0;0;0;0;0
195565;11;1;1033201;2019;6;9;7;2;5;2;0;1;0;0;0;1;0;0
195566;11;8;8010117;2019;6;15;6;3;6;2;0;0;1;1;0;0;0;0
195567;11;4;4051445;2019;5;5;6;3;5;2;0;1;1;0;0;0;0;0
195568;11;3;3050923;2019;5;7;6;3;5;3;0;0;1;0;1;0;0;0
195569;11;2;2010102;2019;6;23;6;2;5;3;2;0;1;0;0;0;0;0
195570;11;4;4030519;2019;5;9;6;3;5;2;0;1;1;0;0;0;0;0
195571;11;11;11010103;2019;6;15;6;3;5;2;0;0;1;0;1;0;0;0
195572;11;4;4030725;2019;5;9;6;3;5;2;0;0;1;0;0;0;0;0
195573;11;7;7050503;2019;5;15;6;3;2;6;0;0;1;0;0;0;0;0
195574;11;7;7050501;2019;6;11;6;3;1;5;0;1;1;0;0;0;1;0
195575;11;3;3050923;2019;6;11;6;3;2;1;0;0;1;0;0;0;0;0
195576;11;12;12214423;2019;5;15;6;3;5;3;0;0;1;0;0;0;0;0
195577;11;7;7040401;2019;5;15;6;3;5;2;0;1;1;0;0;0;0;0
195578;11;4;4030416;2019;6;18;6;3;0;7;0;1;0;0;0;0;0;0
195579;11;9;9031001;2019;5;13;6;3;5;3;0;1;1;0;0;0;0;0
195580;11;2;2010104;2019;6;10;6;2;6;4;0;1;0;1;0;0;0;0
195581;11;12;12214424;2019;5;13;6;2;5;2;0;0;1;0;0;0;0;0
195582;11;12;12302107;2019;5;16;6;3;5;3;0;0;1;0;0;0;0;0
195583;11;4;5030833;2019;5;17;6;2;2;6;0;0;1;0;0;0;0;0
195584;11;12;12231102;2019;6;15;6;3;1;5;0;0;1;0;0;0;0;0
195585;11;9;9010202;2019;5;17;6;2;5;2;0;1;1;0;0;0;0;0
195586;11;3;3061131;2019;6;10;6;3;5;2;0;0;1;0;1;0;0;0
195587;11;2;2020206;2019;5;19;6;3;5;7;0;1;0;0;0;0;1;0
195588;11;5;5030731;2019;6;9;6;3;1;5;0;1;1;0;0;0;1;0
195589;11;2;2020206;2019;5;19;6;3;0;6;0;0;1;0;0;0;1;0
195590;11;2;2030301;2019;6;9;6;3;5;3;0;1;1;0;0;0;0;0
195591;11;12;12214424;2019;5;20;6;3;5;2;0;0;1;0;0;0;0;1
195592;11;9;9010402;2019;6;15;6;3;5;3;0;1;1;0;0;0;0;0
195593;11;7;7040405;2019;5;21;6;3;2;6;2;0;1;0;0;0;1;1
195594;11;7;7070703;2019;6;15;6;3;1;5;0;1;1;0;0;0;0;0
195595;11;2;2020205;2019;5;18;6;3;0;1;0;1;0;0;0;0;0;0
195596;11;6;6010101;2019;5;9;6;3;2;2;0;0;1;0;0;0;1;0
195597;11;4;4010102;2019;6;14;6;3;5;2;0;1;1;0;0;0;0;0
195598;11;9;9051801;2019;5;10;6;3;5;2;0;1;1;0;0;0;0;0
195599;11;4;4030620;2019;6;14;6;3;5;2;0;1;1;0;0;0;0;0
195600;11;3;3071537;2019;5;12;6;3;2;6;0;0;1;0;0;0;0;0
195601;11;1;1011306;2019;5;12;6;3;0;7;0;1;0;0;0;0;1;1
195602;11;3;3061126;2019;6;14;6;2;5;2;0;1;1;0;0;0;0;0
195603;11;1;1044203;2019;5;12;6;3;2;6;0;0;1;0;0;0;0;0
195604;11;6;6020303;2019;6;13;6;3;1;5;0;1;1;0;0;0;0;0
195605;11;2;2030302;2019;5;12;6;3;2;6;0;0;1;0;0;0;1;0
195606;11;6;6040808;2019;6;14;6;3;2;6;0;0;1;0;0;1;0;0
195607;11;1;1011306;2019;5;12;6;3;0;7;0;0;0;0;1;0;1;1
195608;11;1;1044101;2019;6;10;6;3;2;6;0;0;1;0;0;1;0;0
195609;11;12;12301203;2019;5;23;6;3;2;6;2;0;1;0;0;0;0;1
195610;11;1;1011301;2019;5;21;6;3;0;1;2;0;0;0;1;0;0;1
195611;11;1;1022106;2019;6;8;6;3;1;1;0;0;1;0;0;0;0;0
195612;11;11;11051332;2019;6;8;6;1;6;4;0;0;0;1;0;1;0;0
195613;11;2;2010101;2019;5;18;5;3;6;7;0;0;1;1;0;0;0;0
195614;11;8;8010406;2019;6;16;5;3;0;2;0;1;0;0;0;0;1;1
195615;11;7;7070704;2019;5;18;5;2;5;2;0;0;1;0;1;0;0;0
195616;11;2;2010102;2019;6;18;5;3;3;6;0;1;1;0;0;0;0;0
195617;11;4;4041344;2019;5;17;5;3;6;4;0;0;1;1;0;0;0;0
195618;11;10;10020519;2019;5;17;5;2;5;3;0;1;1;0;0;0;0;0
195619;11;12;12214527;2019;6;15;5;3;2;6;0;0;1;0;0;0;0;0
195620;11;9;9041501;2019;6;7;5;3;5;2;0;1;1;0;0;0;0;0
195621;11;3;3020209;2019;5;16;5;3;5;3;0;0;1;0;0;0;0;0
195622;11;10;10040828;2019;5;16;5;2;5;3;0;1;1;0;0;0;0;0