OBJECTID;LAND;BEZ;LOR_ab_2021;UJAHR;UMONAT;USTUNDE;UWOCHENTAG;UKATEGORIE;UART;UTYP1;ULICHTVERH;IstRad;IstPKW;IstFuss;IstKrad;IstGkfz;IstSonstige;USTRZUSTAND
195953;11;12;12103117;2019;6;11;1;2;5;2;0;0;1;0;0;0;0;0
195954;11;9;9020702;2019;6;14;1;3;0;1;0;1;0;0;0;0;0;0
195955;11;7;7010101;2019;6;14;1;2;3;1;0;1;1;0;0;0;0;0
195956;11;1;1011401;2019;6;5;1;3;0;1;0;1;0;0;0;0;0;0
195957;11;3;3040818;2019;6;13;1;2;1;5;0;1;1;0;0;0;0;0
195958;11;6;6030504;2019;6;12;1;3;0;1;0;0;0;0;1;0;0;0
195959;11;6;6040804;2019;6;16;1;3;0;1;0;1;0;0;0;0;0;0
195960;11;12;12302108;2019;6;10;1;2;5;3;0;0;1;0;0;0;0;0
195961;11;8;8010301;2019;6;1;1;3;5;3;2;1;1;0;0;0;0;0
195962;11;2;2020202;2019;6;2;1;2;0;1;2;0;0;0;1;0;0;0
195963;11;2;2020206;2019;6;1;1;3;2;6;2;1;1;0;0;0;0;0
195964;11;6;6020303;2019;6;21;1;3;0;4;2;0;0;1;0;0;1;0
195965;11;6;6010207;2019;6;18;1;3;5;3;0;0;1;0;1;0;0;0
195966;11;8;8010301;2019;6;1;1;3;5;2;2;1;1;0;0;0;0;0
195967;11;4;4010103;2019;6;1;1;3;0;1;2;1;0;0;0;0;0;0
195968;11;8;8010301;2019;6;3;7;3;6;4;2;0;0;1;1;0;0;0
195969;11;4;4030417;2019;6;12;7;3;2;6;0;0;1;0;0;0;0;0
195970;11;11;11020513;2019;6;10;7;3;6;4;0;0;1;1;0;0;0;0
195971;11;10;10040933;2019;6;9;7;3;5;2;0;1;1;0;0;0;0;0
195972;11;2;2010104;2019;6;15;7;3;1;5;0;1;0;0;0;0;0;0
195973;11;3;3061227;2019;6;19;7;3;2;6;0;0;1;0;0;0;0;0
195974;11;8;8010303;2019;6;16;7;3;5;2;0;0;1;0;1;0;0;0
195975;11;1;2010103;2019;6;16;7;3;2;2;0;1;1;0;0;0;0;0
195976;11;3;3050924;2019;6;14;7;3;5;3;0;1;0;0;0;0;0;0
195977;11;2;2040701;2019;6;14;7;3;5;3;0;1;1;0;0;0;0;0
195978;11;3;3040614;2019;6;13;7;3;6;7;0;1;0;1;0;0;0;0
195979;11;10;10010204;2019;6;15;7;3;2;7;0;0;1;0;0;0;0;0
195980;11;8;8010301;2019;6;12;7;3;3;6;0;1;1;0;0;0;0;0
195981;11;7;7040404;2019;6;15;7;3;0;3;0;0;0;0;1;0;1;0
195982;11;9;9051901;2019;6;12;7;3;6;4;0;0;1;1;0;0;0;0
195983;11;4;4030931;2019;6;15;7;3;5;3;0;1;1;0;0;0;0;0
195984;11;12;12214527;2019;6;12;7;3;5;7;0;0;1;0;0;0;0;0
195985;11;12;12304314;2019;6;17;7;3;0;7;0;0;1;0;0;0;0;0
195986;11;4;4030417;2019;6;18;7;3;1;5;0;1;1;0;0;0;0;0
195987;11;4;4051448;2019;6;9;7;3;5;3;0;1;1;0;0;0;0;0
195988;11;10;10040933;2019;6;18;7;3;0;1;0;0;0;0;1;0;0;0
195989;11;9;9010401;2019;6;14;7;3;0;1;0;1;0;0;0;0;0;0
195990;11;7;7030303;2019;6;21;7;2;9;1;0;0;0;0;1;0;0;0
195991;11;4;4031032;2019;6;20;7;3;5;2;0;0;1;0;1;0;0;0
195992;11;2;2010101;2019;6;13;7;2;6;7;0;0;1;1;0;0;0;0
195993;11;5;5020627;2019;6;18;7;2;2;6;0;0;1;0;1;0;0;0
195994;11;1;1033202;2019;6;13;7;3;0;1;0;1;0;0;0;0;0;0
195995;11;7;7020203;2019;6;7;7;3;2;2;0;1;0;0;0;0;0;0
195996;11;2;2050802;2019;6;15;7;2;5;2;0;1;0;0;0;0;1;0
195997;11;4;4030623;2019;6;3;7;3;1;5;2;0;1;0;1;0;0;0
195998;11;12;12103218;2019;6;11;7;3;0;2;0;0;1;0;0;0;1;0
195999;11;8;8020728;2019;6;13;7;3;5;3;0;0;1;0;1;0;0;0
196000;11;12;12301203;2019;6;12;7;2;5;3;0;1;1;0;0;0;0;0
196001;11;12;12302110;2019;6;11;7;2;0;7;0;0;1;0;0;0;1;0
196002;11;11;11030720;2019;6;11;7;3;0;7;0;1;0;0;0;0;0;0
196003;11;9;9051701;2019;6;12;7;3;0;7;0;1;0;0;0;0;0;0
196004;11;4;4030726;2019;6;3;7;3;5;3;1;0;1;0;1;0;0;0
196005;11;9;9020701;2019;6;11;7;3;5;2;0;1;1;0;0;0;0;0
196006;11;6;6040807;2019;6;21;7;3;5;3;2;0;1;0;0;0;0;0
196007;11;3;3061131;2019;6;11;7;3;5;2;0;1;1;0;0;0;0;0
196008;11;3;3040614;2019;6;9;7;3;0;1;0;1;0;0;0;0;0;0
196009;11;6;6020301;2019;6;20;7;3;1;5;0;1;1;0;0;0;0;0
196010;11;10;10040830;2019;6;20;7;3;2;2;0;1;1;0;0;0;0;0
196011;11;12;12224230;2019;6;10;7;3;2;3;0;0;1;0;0;0;0;0
196012;11;7;7010102;2019;6;10;7;3;7;7;0;1;0;0;0;0;1;0
196013;11;2;2020206;2019;6;19;7;3;2;6;0;0;1;0;0;0;0;0
196014;11;6;6010205;2019;6;2;7;3;0;1;2;1;0;0;0;0;0;0
196015;11;4;4041134;2019;6;11;7;3;1;5;0;1;1;0;0;0;0;0
196016;11;1;1011301;2019;6;16;6;3;0;1;0;1;0;0;0;0;0;0
196017;11;6;6010102;2019;6;15;6;3;0;1;0;0;0;0;1;0;0;0
196018;11;5;5020419;2019;6;19;7;2;6;4;0;0;1;1;0;0;0;0
196019;11;4;4020311;2019;6;9;6;3;5;3;0;0;1;0;1;0;0;0
196020;11;9;9041501;2019;6;19;7;3;5;3;0;1;1;0;0;0;0;0
196021;11;9;9010401;2019;6;15;6;2;5;3;0;0;1;0;1;0;0;0
196022;11;3;3061227;2019;6;18;7;2;5;3;0;0;1;0;0;0;0;0
196023;11;4;4020311;2019;6;15;6;3;2;6;0;0;1;0;0;0;0;0
196024;11;4;4051653;2019;6;18;7;3;5;2;0;1;1;0;0;0;0;0
196025;11;5;5030730;2019;6;14;6;3;2;6;0;0;1;0;0;0;0;0
196026;11;7;7030303;2019;6;14;6;3;0;6;0;0;1;0;1;0;0;0
196027;11;5;5010101;2019;6;17;7;3;2;6;0;0;1;0;1;0;0;0
196028;11;6;6010101;2019;6;17;7;3;5;3;0;1;1;0;0;0;0;0
196029;11;4;4041344;2019;6;13;6;2;5;3;0;0;1;0;0;0;1;0
196030;11;1;1011303;2019;6;9;6;3;6;4;0;0;1;1;0;0;0;0
196031;11;1;1033201;2019;6;19;7;3;2;6;0;0;1;0;1;0;0;0
196032;11;9;9041403;2019;6;12;6;3;5;3;0;1;1;0;0;0;0;0
196033;11;3;3030715;2019;6;16;7;3;5;2;0;0;1;0;0;0;0;0
196034;11;1;1022104;2019;6;14;6;3;2;6;0;0;1;0;0;0;0;0
196035;11;2;2050801;2019;6;16;7;3;1;5;0;1;1;0;0;0;0;0
196036;11;1;1011303;2019;6;16;6;3;4;6;0;1;0;0;0;0;0;0
196037;11;5;5010314;2019;6;9;6;2;6;7;0;0;0;1;0;0;1;0
196038;11;9;9051901;2019;6;15;6;3;2;6;0;0;1;0;0;0;0;0
196039;11;4;4041137;2019;6;9;6;3;1;5;0;0;1;0;0;1;0;0
196040;11;5;5010311;2019;6;16;6;3;0;1;0;1;0;0;0;0;0;0
196041;11;12;12214424;2019;6;17;6;3;2;5;0;0;1;0;1;0;0;0
196042;11;9;9041301;2019;6;9;6;3;5;3;0;1;1;0;0;0;0;0
196043;11;1;1011302;2019;6;8;6;3;5;2;0;1;0;0;0;0;1;0
196044;11;1;1011304;2019;6;9;6;3;5;2;0;1;1;0;0;0;0;0
196045;11;5;5010208;2019;6;8;6;3;2;6;0;0;1;0;0;0;0;0
196046;11;7;7040405;2019;6;11;6;3;6;4;0;1;0;1;0;0;0;0
196047;11;1;1044202;2019;6;8;6;3;5;3;0;1;1;0;0;0;0;0
196048;11;7;7010101;2019;6;19;6;3;5;7;0;0;1;0;1;0;0;0
196049;11;3;3061430;2019;6;8;6;3;6;7;0;0;1;1;0;0;0;0
196050;11;2;2020203;2019;6;18;6;3;5;3;0;1;1;0;0;0;0;0
196051;11;7;7060603;2019;6;8;6;3;5;3;0;0;1;0;1;0;0;0
196052;11;6;6040809;2019;6;7;6;3;5;2;0;0;1;0;1;0;0;0
196053;11;12;12214125;2019;6;17;6;3;2;2;0;0;1;0;0;0;0;0
196054;11;9;9020701;2019;6;17;6;3;5;2;0;1;1;0;0;0;0;0
196055;11;6;6040804;2019;6;5;6;3;2;6;1;0;1;0;0;1;0;0
196056;11;8;8010303;2019;6;23;6;3;1;5;2;1;1;0;0;0;0;0
196057;11;3;3040614;2019;6;8;6;3;6;2;0;0;1;1;0;0;0;0
196058;11;1;1011303;2019;6;21;6;3;6;4;1;0;1;1;0;0;0;0
196059;11;4;4020313;2019;6;8;6;3;5;2;0;0;1;0;0;0;0;0
196060;11;1;1011303;2019;6;20;6;3;5;2;1;0;1;0;0;0;0;0
196061;11;2;2020203;2019;6;1;6;2;5;3;2;1;1;0;0;0;0;0
196062;11;4;4020311;2019;6;8;6;3;5;2;0;1;1;0;0;0;0;0
196063;11;1;1011201;2019;6;0;6;3;5;3;2;1;1;0;0;0;0;0
196064;11;1;1011302;2019;6;18;6;2;0;7;0;1;0;0;0;0;0;0
196065;11;10;10010309;2019;6;7;6;3;5;3;0;1;1;0;0;0;0;0
196066;11;1;1011304;2019;6;18;6;3;6;4;0;0;1;1;0;0;0;0
196067;11;11;11051229;2019;6;18;6;3;5;2;0;1;1;0;0;0;0;0
196068;11;5;5020522;2019;6;7;6;3;3;6;0;0;1;0;1;0;0;0
196069;11;7;7060604;2019;6;18;6;3;5;2;0;1;1;0;0;0;0;0
196070;11;1;1011202;2019;6;6;6;3;5;2;0;1;1;0;0;0;0;0
196071;11;1;1022103;2019;6;17;6;2;3;6;0;0;1;0;1;0;0;0
196072;11;2;2050802;2019;6;3;6;3;1;5;2;1;1;0;0;0;0;0
196073;11;2;2050801;2019;6;18;6;3;2;6;0;1;1;0;0;0;0;0
196074;11;8;8010510;2019;6;17;6;3;1;5;0;1;1;0;0;0;1;0
196075;11;2;2010104;2019;6;17;6;3;5;2;0;1;1;0;0;0;0;0
196076;11;12;12231101;2019;6;17;6;3;2;6;0;0;1;0;0;0;0;0
196077;11;5;5010313;2019;6;19;6;3;5;3;0;0;1;0;0;0;0;0
196078;11;3;3020307;2019;6;7;6;3;5;3;0;0;1;1;0;0;0;0
196079;11;7;7070704;2019;6;18;6;3;8;1;0;1;0;0;0;0;0;0
196080;11;1;1033101;2019;6;9;6;3;3;6;0;1;0;0;0;1;0;0
196081;11;7;7050501;2019;6;8;6;3;5;3;0;0;1;0;0;0;1;0
196082;11;1;1011401;2019;6;17;5;2;2;6;0;1;0;0;0;0;0;0
196083;11;6;6040806;2019;6;22;6;3;1;1;2;0;1;0;0;0;0;0
196084;11;3;3061227;2019;6;8;5;3;5;3;0;1;1;0;0;0;0;0
196085;11;1;1022106;2019;6;21;6;2;5;2;0;1;1;0;0;0;0;0
196086;11;6;6040703;2019;6;17;5;2;5;3;0;0;1;0;0;0;0;0
196087;11;12;12214422;2019;6;20;6;2;5;3;0;0;1;0;1;0;0;0
196088;11;7;7040403;2019;6;17;5;3;0;6;0;0;1;0;1;0;0;0
196089;11;10;10020621;2019;6;17;5;3;6;4;0;0;1;1;0;0;0;0
196090;11;2;2010104;2019;6;18;6;2;6;4;0;1;0;1;0;0;0;0
196091;11;8;8010303;2019;6;13;6;3;6;4;0;0;0;1;0;1;0;0
196092;11;1;1044101;2019;6;13;1;3;1;5;0;1;1;0;0;0;0;0
196093;11;8;8010117;2019;6;12;1;3;3;6;0;1;1;0;0;0;0;0
196094;11;6;6040808;2019;6;18;1;3;2;6;0;0;1;0;0;0;0;0
196095;11;5;5020625;2019;6;21;1;2;8;1;1;0;1;0;0;0;0;0
196096;11;1;1011402;2019;6;18;1;3;0;1;0;0;0;0;1;0;0;0
196097;11;11;11051330;2019;6;20;7;3;0;7;0;1;0;0;0;0;0;0
196098;11;10;10040931;2019;6;15;7;3;0;1;0;0;0;0;1;0;0;0
196099;11;6;6040703;2019;6;12;7;3;1;7;0;0;1;0;0;0;0;0
196100;11;4;4020311;2019;6;19;7;3;2;2;0;0;1;0;0;0;1;0
196101;11;8;8010509;2019;6;15;7;3;5;2;0;0;1;0;0;0;0;0
196102;11;2;2010101;2019;6;15;7;3;5;3;0;0;1;0;0;0;0;0
196103;11;8;8020620;2019;6;15;7;3;5;3;0;0;1;0;1;0;0;0
196104;11;7;7050503;2019;6;16;7;3;5;2;0;0;1;0;1;0;0;0
196105;11;11;11040925;2019;6;16;7;3;3;6;0;1;1;0;0;0;0;0
196106;11;3;3040818;2019;6;17;7;3;5;3;0;1;1;0;0;0;0;0
196107;11;8;8020622;2019;6;17;7;3;2;6;0;0;1;0;0;0;0;0
196108;11;7;7010101;2019;6;19;7;3;5;3;0;1;1;0;0;0;0;0
196109;11;4;4030931;2019;6;20;7;3;2;6;0;0;1;0;0;0;0;0
196110;11;11;11030721;2019;6;20;7;3;5;3;0;1;0;0;0;0;1;0
196111;11;11;11040925;2019;6;21;7;3;0;1;1;1;1;0;0;0;0;0
196112;11;2;2010104;2019;6;21;7;3;2;6;1;0;1;0;1;0;0;0
196113;11;1;1011302;2019;6;14;7;3;5;3;0;1;1;0;0;0;0;0
196114;11;12;12214125;2019;6;12;7;3;1;1;0;0;1;0;0;0;0;0
196115;11;10;10030724;2019;6;11;7;3;5;3;0;0;1;0;0;0;0;0
196116;11;4;4031032;2019;6;11;7;3;0;5;0;0;1;0;0;0;1;0
196117;11;6;6030501;2019;6;10;7;3;5;3;0;0;1;0;0;1;0;0
196118;11;11;11051330;2019;6;16;7;3;5;2;0;0;0;0;0;0;1;0
196119;11;9;9031001;2019;6;10;7;3;5;3;0;0;1;0;1;0;0;0
196120;11;11;11040926;2019;6;9;7;3;5;3;0;1;1;0;0;0;0;0
196121;11;1;1033201;2019;6;2;7;3;6;4;2;0;0;1;0;0;1;0
196122;11;10;10010204;2019;6;15;6;3;2;6;0;0;1;0;0;0;1;0
196123;11;3;3020209;2019;6;18;6;3;0;7;0;1;0;0;0;0;1;0
196124;11;8;8010301;2019;6;14;6;3;2;2;0;1;1;0;0;0;0;0
196125;11;11;11051229;2019;6;14;6;3;3;6;0;0;1;0;0;1;0;0
196126;11;5;5010101;2019;6;17;6;3;5;3;0;1;1;0;0;0;0;0
196127;11;5;5010311;2019;6;16;6;2;1;5;0;1;1;0;0;0;0;0
196128;11;5;5020419;2019;6;16;6;3;2;6;0;0;1;0;0;1;0;0
196129;11;6;6010208;2019;6;16;6;2;3;6;0;1;1;0;0;0;0;0
196130;11;2;2050803;2019;6;15;6;3;2;6;0;1;1;0;0;0;0;0
196131;11;3;3051017;2019;6;13;6;3;1;5;0;1;1;0;0;0;0;0
196132;11;1;1011303;2019;6;13;6;3;2;6;0;1;0;0;0;0;0;0
196133;11;7;7030303;2019;6;13;6;3;5;2;0;0;1;0;0;0;0;0
196134;11;3;3051021;2019;6;13;6;3;0;7;0;1;0;0;0;0;0;0
196135;11;8;8010212;2019;6;18;6;3;5;2;0;0;1;0;0;0;0;0
196136;11;1;1022104;2019;6;13;6;3;5;2;0;0;1;0;1;0;0;0
196137;11;4;4030623;2019;6;13;6;3;2;6;0;0;1;0;0;0;0;0
196138;11;2;2040701;2019;6;14;6;3;0;1;0;0;0;0;1;0;0;0
196139;11;11;11010206;2019;6;15;6;3;2;6;0;0;1;0;0;0;1;0
196140;11;1;1011304;2019;6;13;6;3;5;2;0;0;1;0;0;0;0;0
196141;11;11;11051229;2019;6;13;6;3;0;7;0;0;0;0;1;0;0;1
196142;11;2;2040701;2019;6;20;6;3;1;5;1;1;1;0;0;0;1;0
196143;11;9;9041301;2019;6;19;6;3;3;6;0;1;0;0;0;0;1;0
196144;11;10;10020517;2019;6;19;6;2;5;3;0;1;1;0;0;0;0;0
196145;11;4;4051446;2019;6;19;6;3;1;5;0;1;0;0;0;1;0;0
196146;11;8;8010118;2019;6;19;6;3;2;2;0;0;1;0;0;0;0;0
196147;11;1;1033201;2019;6;19;6;3;5;2;0;1;0;0;0;0;1;0
196148;11;2;2030302;2019;6;19;6;3;0;7;0;0;1;0;0;0;1;0
196149;11;2;2020206;2019;6;7;6;3;1;5;0;1;1;0;0;0;1;0
196150;11;2;2050802;2019;6;23;6;2;0;1;2;1;0;0;0;0;1;0
196151;11;11;11020412;2019;6;7;6;2;5;2;0;1;1;0;0;0;0;0
196152;11;9;9020602;2019;6;6;6;3;6;4;0;1;0;1;0;0;0;0
196153;11;12;12214424;2019;6;5;6;3;5;3;0;0;1;0;0;0;0;0
196154;11;8;8010510;2019;6;13;6;3;5;3;0;1;1;0;0;0;0;0
196155;11;1;1022103;2019;6;13;6;3;2;2;0;0;1;0;0;0;1;0
196156;11;1;1011303;2019;6;9;6;3;1;5;0;1;1;0;0;0;1;0
196157;11;6;6030502;2019;6;12;6;3;5;3;0;1;1;0;0;0;0;0
196158;11;5;5040936;2019;6;10;6;3;4;6;0;1;1;0;0;0;0;0
196159;11;1;1011301;2019;6;11;6;3;6;4;0;1;0;1;0;0;0;0
196160;11;6;6020301;2019;6;10;6;3;5;3;0;0;1;0;0;0;0;0
196161;11;10;10040933;2019;6;9;6;3;5;3;0;1;1;0;0;0;0;0
196162;11;9;9041501;2019;6;10;6;2;5;2;0;1;0;0;0;1;0;0
196163;11;10;10040933;2019;6;9;6;3;5;3;0;1;1;0;0;0;0;0
196164;11;1;1011103;2019;6;10;6;3;2;6;0;0;1;0;0;0;0;0
196165;11;8;8010117;2019;6;3;6;3;3;6;2;0;1;0;1;0;0;1
196166;11;2;2050802;2019;6;0;6;3;6;4;2;0;1;1;0;0;0;1
196167;11;1;1022204;2019;6;11;6;2;1;5;0;1;1;0;0;0;1;0
196168;11;7;7040403;2019;6;21;5;3;3;6;2;0;1;0;0;0;0;0
196169;11;7;7030301;2019;6;13;5;3;4;6;0;1;1;0;0;0;0;0
196170;11;1;1011101;2019;6;9;5;3;0;2;0;1;0;0;0;1;0;1
196171;11;1;1022203;2019;6;9;5;3;0;1;0;1;0;0;0;0;0;1
196172;11;4;4030415;2019;6;8;5;3;2;2;0;1;1;0;0;0;0;1
196173;11;3;3040512;2019;6;21;5;3;5;3;2;0;1;0;0;0;0;1
196174;11;2;2040701;2019;6;22;5;3;1;1;2;1;1;0;0;0;0;0
196175;11;2;2020206;2019;6;23;5;3;0;3;1;1;0;0;1;0;0;0
196176;11;8;8041035;2019;6;7;5;3;5;3;0;1;1;0;0;0;0;0
196177;11;3;3061227;2019;6;7;5;3;2;6;0;0;1;0;0;0;0;0
196178;11;1;1011301;2019;6;7;5;3;5;2;0;1;1;0;0;0;0;0
196179;11;9;9020701;2019;6;6;5;3;5;3;0;1;1;0;0;0;0;0
196180;11;9;9051901;2019;6;0;5;3;0;1;2;0;1;0;1;0;0;0
196181;11;6;6040808;2019;6;23;5;1;0;1;2;1;0;0;0;0;0;0
196182;11;4;4051652;2019;6;8;5;3;6;4;0;0;1;1;0;0;0;1
196183;11;1;1044102;2019;6;8;5;3;5;3;0;1;1;0;0;0;0;1
196184;11;9;9030901;2019;6;8;5;2;5;2;0;1;1;0;0;0;0;1
196185;11;6;6020409;2019;6;2;5;3;1;1;2;0;1;0;0;0;0;1
196186;11;2;2040703;2019;6;2;5;3;0;1;2;1;0;0;0;0;0;1
196187;11;1;1011303;2019;6;20;5;2;6;4;0;0;1;1;0;0;0;0
196188;11;9;9020501;2019;6;7;5;3;5;3;0;1;1;0;0;0;0;0
196189;11;4;4030724;2019;6;13;5;3;5;7;0;1;1;0;0;0;0;0
196190;11;2;2020205;2019;6;7;5;3;5;2;0;1;0;0;0;0;1;0
196191;11;7;7040403;2019;6;13;5;3;5;3;0;0;1;0;0;0;1;0
196192;11;1;1022103;2019;6;0;5;3;1;7;2;0;1;0;0;0;1;0
196193;11;2;2040703;2019;6;17;5;3;5;5;0;1;1;0;0;0;0;0
196194;11;8;8020619;2019;6;14;5;3;1;5;0;0;1;0;0;0;0;0
196195;11;6;6020410;2019;6;16;5;3;2;6;0;0;1;0;1;0;0;0
196196;11;3;3010101;2019;6;15;5;3;5;3;0;1;1;0;0;0;0;0
196197;11;4;4030931;2019;6;16;5;3;1;5;0;1;1;0;0;0;0;0
196198;11;4;4031032;2019;6;13;5;3;3;6;0;0;1;0;1;0;0;0
196199;11;12;12224230;2019;6;12;5;3;5;3;0;0;1;0;1;0;0;0
196200;11;6;6020411;2019;6;16;5;3;5;2;0;0;1;0;0;0;0;0
196201;11;9;9020701;2019;6;16;5;3;5;3;0;1;1;0;0;0;0;0
196202;11;2;2030301;2019;6;11;5;3;5;3;0;0;1;0;0;0;0;0
196203;11;5;5020625;2019;6;15;5;3;5;2;0;1;1;0;0;0;0;0
196204;11;9;9041301;2019;6;12;5;2;5;3;0;0;1;0;1;0;0;0
196205;11;4;4030930;2019;6;19;5;3;6;4;0;0;1;1;0;0;0;0
196206;11;5;5030832;2019;6;11;5;3;5;7;0;0;1;0;1;0;0;0
196207;11;8;8010404;2019;6;15;5;3;5;3;0;1;1;0;0;0;0;0
196208;11;2;2030302;2019;6;19;5;3;2;5;0;1;1;0;0;0;0;0
196209;11;11;11051330;2019;6;11;4;3;5;2;0;1;1;0;0;0;0;0
196210;11;8;8010404;2019;6;8;4;3;1;5;0;1;1;0;0;0;0;0
196211;11;8;8020622;2019;6;11;5;3;5;3;0;0;1;0;0;0;0;1
196212;11;4;4051445;2019;6;11;5;3;6;4;0;0;1;1;0;0;0;1
196213;11;2;2010102;2019;6;13;4;3;6;4;0;0;1;1;0;0;0;0
196214;11;8;8020622;2019;6;18;5;2;6;4;0;0;1;1;0;0;0;0
196215;11;4;4030724;2019;6;16;4;3;6;4;0;1;0;1;0;0;0;0
196216;11;1;1033102;2019;6;10;5;3;3;6;0;1;1;0;0;0;0;0
196217;11;7;7030301;2019;6;15;4;3;3;2;0;0;1;0;1;0;0;0
196218;11;2;2030402;2019;6;7;5;3;0;6;0;1;0;0;0;1;0;0
196219;11;3;3040818;2019;6;15;4;2;1;5;0;1;1;0;0;0;0;0
196220;11;7;7030301;2019;6;15;4;3;5;2;0;0;1;0;0;0;0;0
196221;11;6;6040809;2019;6;10;5;3;5;2;0;1;1;0;0;0;0;0
196222;11;1;1011302;2019;6;15;4;3;3;6;0;0;1;0;1;0;0;0
196223;11;1;1022204;2019;6;9;5;2;6;4;0;0;1;1;0;0;0;1
196224;11;1;1011204;2019;6;14;4;3;2;6;0;1;0;0;0;0;1;0
196225;11;7;7040403;2019;6;18;5;3;2;2;0;0;1;0;0;0;0;0
196226;11;4;4030519;2019;6;14;4;3;5;2;0;1;1;0;0;0;0;0
196227;11;7;7020202;2019;6;17;5;3;2;6;0;0;1;0;0;0;0;0
196228;11;4;4051652;2019;6;13;4;3;5;5;0;1;1;0;0;0;0;0
196229;11;1;1011401;2019;6;13;4;2;0;2;0;1;1;0;0;0;0;0
196230;11;1;1044201;2019;6;18;5;3;5;3;0;0;1;0;0;0;0;0
196231;11;2;2030301;2019;6;17;5;3;5;2;0;1;0;0;0;0;1;0
196232;11;2;2050801;2019;6;13;4;3;6;4;0;0;1;1;0;0;0;0
196233;11;1;1044201;2019;6;13;4;3;5;2;0;0;1;0;0;0;0;0
196234;11;1;1044101;2019;6;17;5;3;2;2;0;0;1;0;1;0;0;0
196235;11;1;1011302;2019;6;12;4;3;5;5;0;0;1;0;1;0;0;0
196236;11;7;7010101;2019;6;12;4;3;5;2;0;1;1;0;0;0;0;0
196237;11;4;4010101;2019;6;18;5;2;6;4;0;0;1;1;0;0;0;0
196238;11;1;1022103;2019;6;9;5;3;0;6;0;0;1;0;1;0;0;0
196239;11;4;4030931;2019;6;22;4;3;6;4;2;0;0;1;1;0;0;0
196240;11;4;4010102;2019;6;16;5;3;5;7;0;0;1;0;1;0;0;0
196241;11;12;12301204;2019;6;22;4;3;1;5;2;0;1;0;0;0;0;0
196242;11;2;2050803;2019;6;9;5;3;3;6;0;0;1;0;0;0;1;1
196243;11;9;9041301;2019;6;21;4;3;5;3;1;0;1;0;1;0;0;0
196244;11;7;7040401;2019;6;9;5;3;0;4;0;0;0;1;0;0;1;0
196245;11;1;1011302;2019;6;20;4;3;3;6;1;1;1;0;0;0;0;0
196246;11;4;4010101;2019;6;19;4;3;5;3;0;0;1;0;0;0;0;0
196247;11;9;9051901;2019;6;9;5;3;1;1;0;1;1;0;0;0;0;1
196248;11;2;2010102;2019;6;19;4;3;5;2;0;1;1;0;0;0;0;0
196249;11;1;1033102;2019;6;8;5;3;0;2;0;0;1;0;1;0;0;1
196250;11;4;4031032;2019;6;18;4;3;6;4;0;1;0;1;0;0;0;0
196251;11;9;9020601;2019;6;17;5;3;5;2;0;1;1;0;0;0;0;0
196252;11;5;5010101;2019;6;17;4;3;2;6;0;0;1;0;0;0;0;0
196253;11;1;1033203;2019;6;10;5;3;0;1;0;0;0;0;1;0;0;1
196254;11;6;6040810;2019;6;17;4;3;5;2;0;1;1;0;0;0;0;0
196255;11;1;1011301;2019;6;17;4;3;1;5;0;1;1;0;0;0;0;0
196256;11;3;3061131;2019;6;16;5;3;4;1;0;0;1;0;0;0;0;1
196257;11;4;4010103;2019;6;15;5;3;3;6;0;0;1;0;0;0;0;0
196258;11;10;10010308;2019;6;10;4;3;0;2;0;0;1;0;1;0;0;0
196259;11;2;2040503;2019;6;10;4;3;2;6;0;0;1;0;1;0;0;0
196260;11;1;1011303;2019;6;15;5;3;6;4;0;0;1;1;0;0;0;0
196261;11;9;9010101;2019;6;9;4;3;2;6;0;1;1;0;0;0;0;0
196262;11;4;4020310;2019;6;15;5;3;0;2;0;1;1;0;0;0;0;0
196263;11;6;6020304;2019;6;9;4;3;6;2;0;0;1;1;0;0;0;0
196264;11;3;3040614;2019;6;8;4;3;1;1;0;0;1;0;0;0;1;0
196265;11;2;2030302;2019;6;8;4;3;2;6;0;1;0;0;0;0;0;0
196266;11;3;3061429;2019;6;8;5;3;0;1;0;1;0;0;0;0;0;1
196267;11;1;1011303;2019;6;8;4;3;5;2;0;1;1;0;0;0;0;0
196268;11;1;1033201;2019;6;18;4;2;5;3;0;0;1;0;0;0;0;0
196269;11;11;11030720;2019;6;8;4;3;2;6;0;0;1;0;0;0;0;0
196270;11;3;3010102;2019;6;8;4;3;5;3;0;1;1;0;0;0;0;0
196271;11;2;2020206;2019;6;14;4;3;0;3;0;1;0;0;0;0;0;1
196272;11;10;10020412;2019;6;7;4;3;2;6;0;0;1;0;0;0;0;0
196273;11;1;1011301;2019;6;7;4;3;1;5;0;1;1;0;0;0;0;0
196274;11;4;4030519;2019;6;23;4;3;0;1;2;0;1;0;1;0;0;0
196275;11;7;7050505;2019;6;7;4;3;2;6;0;0;1;0;0;0;0;0
196276;11;7;7050505;2019;6;21;4;3;6;4;0;0;0;1;0;0;1;0
196277;11;3;3061430;2019;6;6;4;3;6;4;0;1;0;1;0;0;0;0
196278;11;2;2020203;2019;6;4;4;3;3;6;1;0;1;0;0;0;0;0
196279;11;8;8010508;2019;6;20;4;3;5;3;0;0;1;0;0;0;0;0
196280;11;12;12214527;2019;6;19;4;3;5;3;0;0;1;0;1;0;0;0
196281;11;7;7040405;2019;6;12;4;2;5;3;0;1;0;0;0;0;1;0
196282;11;3;3040513;2019;6;11;4;3;0;2;0;0;1;0;1;0;0;0
196283;11;1;1044202;2019;6;18;4;3;1;5;0;1;1;0;0;0;0;0