OBJECTID;LAND;BEZ;LOR_ab_2021;UJAHR;UMONAT;USTUNDE;UWOCHENTAG;UKATEGORIE;UART;UTYP1;ULICHTVERH;IstRad;IstPKW;IstFuss;IstKrad;IstGkfz;IstSonstige;USTRZUSTAND
196284;11;1;1011306;2019;6;11;4;3;6;7;0;0;0;1;0;0;1;0
196285;11;10;10010204;2019;6;17;4;3;5;3;0;1;1;0;0;0;0;0
196286;11;2;2010101;2019;6;10;4;3;3;6;0;1;0;0;0;0;0;0
196287;11;1;1022206;2019;6;22;4;3;0;2;2;0;1;0;0;0;1;0
196288;11;10;10010310;2019;6;10;4;3;0;2;0;0;1;0;0;0;1;0
196289;11;1;1011204;2019;6;9;4;3;5;2;0;0;1;0;0;0;0;0
196290;11;4;4051445;2019;6;10;4;3;5;3;0;1;0;0;0;0;0;0
196291;11;6;6010101;2019;6;13;4;3;5;3;0;0;1;0;0;0;1;0
196292;11;5;5020625;2019;6;9;4;2;5;2;0;0;1;0;0;0;0;0
196293;11;1;1011304;2019;6;18;4;3;0;7;0;1;0;0;0;0;0;0
196294;11;1;1022101;2019;6;11;3;3;3;6;0;0;0;0;1;0;1;0
196295;11;1;1044201;2019;6;9;4;3;2;6;0;0;1;0;0;0;0;0
196296;11;1;1022201;2019;6;10;3;3;5;2;0;1;1;0;0;0;0;0
196297;11;5;5030833;2019;6;8;4;3;5;2;0;1;1;0;0;0;0;0
196298;11;8;8010404;2019;6;21;3;3;1;5;0;1;1;0;0;0;0;0
196299;11;7;7060604;2019;6;7;4;3;1;5;0;1;1;0;0;0;0;0
196300;11;2;2050802;2019;6;20;3;3;2;6;0;0;1;0;0;0;0;0
196301;11;6;6010103;2019;6;7;4;3;1;5;0;0;0;0;1;0;1;0
196302;11;4;4010101;2019;6;13;3;3;2;6;0;0;0;0;1;1;0;0
196303;11;7;7070704;2019;6;13;3;3;5;2;0;1;1;0;0;0;0;0
196304;11;10;10040933;2019;6;7;4;3;5;3;0;1;1;0;0;0;0;0
196305;11;2;2040701;2019;6;10;3;3;3;6;0;0;1;0;0;0;1;0
196306;11;6;6040806;2019;6;7;4;3;5;3;0;1;0;0;0;0;0;0
196307;11;12;12103117;2019;6;13;3;3;5;3;0;1;1;0;0;0;0;0
196308;11;5;5020417;2019;6;12;3;3;5;2;0;1;0;0;0;1;0;0
196309;11;9;9020802;2019;6;7;4;2;5;2;0;1;1;0;0;0;0;0
196310;11;2;2050803;2019;6;11;3;3;3;6;0;0;1;0;0;0;1;0
196311;11;2;2040703;2019;6;6;4;3;5;2;0;0;1;0;0;0;0;0
196312;11;10;10020622;2019;6;11;3;2;3;6;0;1;0;0;0;0;1;0
196313;11;7;7040401;2019;6;1;4;3;2;6;2;1;1;0;0;0;0;0
196314;11;1;1044103;2019;6;10;3;2;5;5;0;0;1;0;1;0;0;0
196315;11;3;3051021;2019;6;7;4;3;0;7;0;1;0;0;0;0;0;0
196316;11;1;1033201;2019;6;10;3;3;2;6;0;0;1;0;0;0;0;0
196317;11;4;4020310;2019;6;19;3;3;4;2;0;0;1;0;0;0;0;0
196318;11;8;8020625;2019;6;16;4;3;5;2;0;1;0;0;0;0;1;0
196319;11;2;2010103;2019;6;16;4;3;5;3;0;1;1;0;0;0;0;0
196320;11;2;2020204;2019;6;8;3;3;5;2;0;1;1;0;0;0;0;0
196321;11;7;7020202;2019;6;15;4;3;1;5;0;1;1;0;0;0;0;0
196322;11;3;3050920;2019;6;8;3;3;5;3;0;1;1;0;0;0;0;0
196323;11;11;11020412;2019;6;13;4;3;6;4;0;0;0;1;0;0;1;0
196324;11;2;2020205;2019;6;8;3;3;5;2;0;1;0;0;0;0;0;0
196325;11;12;12103219;2019;6;15;4;3;5;2;0;0;1;0;0;0;0;0
196326;11;1;1011304;2019;6;19;3;3;5;2;0;1;1;0;0;0;0;0
196327;11;1;1011401;2019;6;8;3;3;0;1;0;1;0;0;0;0;0;0
196328;11;1;1033102;2019;6;15;4;3;1;5;0;1;1;0;0;0;0;0
196329;11;6;6020304;2019;6;8;3;2;5;7;0;0;1;0;0;0;0;0
196330;11;1;1033201;2019;6;14;4;2;5;2;0;0;1;0;1;0;0;0
196331;11;1;1011401;2019;6;8;3;3;0;1;0;1;0;0;0;0;0;0
196332;11;8;8020620;2019;6;11;4;3;3;2;0;1;1;0;0;0;0;0
196333;11;8;8020619;2019;6;18;3;3;5;2;0;1;0;0;0;0;1;0
196334;11;4;4030931;2019;6;12;4;3;2;6;0;1;1;0;0;0;0;0
196335;11;2;2010102;2019;6;18;3;3;5;2;0;1;1;0;0;0;0;0
196336;11;9;9010302;2019;6;18;3;3;5;2;0;0;1;0;1;0;0;0
196337;11;8;8010118;2019;6;11;4;2;5;2;0;0;1;0;1;0;0;0
196338;11;2;2040502;2019;6;18;3;3;5;2;0;1;0;0;0;1;0;0
196339;11;9;9020802;2019;6;11;4;3;2;6;0;0;1;0;0;0;0;0
196340;11;9;9020601;2019;6;18;3;2;5;2;0;1;1;0;0;0;0;0
196341;11;9;9020602;2019;6;10;4;3;5;3;0;1;1;0;0;0;0;0
196342;11;1;1011203;2019;6;17;3;2;5;7;0;1;1;0;0;0;0;0
196343;11;4;4010101;2019;6;10;4;3;2;6;0;0;1;0;0;0;1;0
196344;11;10;10030724;2019;6;13;3;3;5;3;0;1;1;0;0;0;0;0
196345;11;5;5030731;2019;6;15;3;3;6;2;0;0;1;1;0;0;0;0
196346;11;6;6020411;2019;6;10;4;3;5;3;0;0;1;0;1;0;0;0
196347;11;7;7040405;2019;6;10;4;3;0;5;0;0;1;0;0;0;0;0
196348;11;9;9041403;2019;6;16;3;2;5;3;0;1;0;0;0;1;0;0
196349;11;6;6020303;2019;6;16;3;3;2;6;0;0;1;0;0;1;0;0
196350;11;1;1011306;2019;6;9;4;3;5;3;0;1;0;0;1;0;0;0
196351;11;2;2020204;2019;6;16;3;3;2;2;0;0;1;0;0;0;0;0
196352;11;8;8030831;2019;6;13;3;3;2;6;0;0;1;0;0;0;0;0
196353;11;7;7040403;2019;6;16;3;3;0;2;0;1;1;0;0;0;0;0
196354;11;3;3061126;2019;6;15;3;2;0;1;0;1;0;0;0;0;0;0
196355;11;3;3040614;2019;6;10;3;3;5;3;0;1;1;0;0;0;0;0
196356;11;7;7040402;2019;6;15;3;2;3;6;0;0;0;0;1;1;0;0
196357;11;4;4030827;2019;6;15;3;3;5;2;0;0;1;0;0;0;0;0
196358;11;2;2010104;2019;6;16;3;3;6;7;0;1;0;1;0;0;0;0
196359;11;5;5020625;2019;6;14;3;3;5;3;0;1;1;0;0;0;0;0
196360;11;7;7040405;2019;6;11;3;3;1;5;0;1;1;0;0;0;0;0
196361;11;1;1011305;2019;6;8;3;3;0;5;0;0;1;0;1;0;0;0
196362;11;4;4030623;2019;6;7;3;2;1;5;0;1;1;0;0;0;0;0
196363;11;4;4030518;2019;6;0;3;3;1;1;2;0;1;0;0;0;0;0
196364;11;11;11020513;2019;6;6;3;3;2;6;0;0;1;0;0;1;0;0
196365;11;2;2010103;2019;6;18;3;3;5;2;0;1;1;0;0;0;0;0
196366;11;1;1011402;2019;6;1;3;3;0;1;2;0;0;0;0;0;1;0
196367;11;2;2010103;2019;6;19;2;3;5;2;0;1;0;0;1;0;0;0
196368;11;3;3040512;2019;6;3;3;3;0;1;2;0;0;0;1;0;0;0
196369;11;4;4030931;2019;6;15;3;3;0;4;0;1;0;1;0;0;0;0
196370;11;8;8010214;2019;6;11;2;3;2;6;0;0;1;0;0;1;0;0
196371;11;1;1011303;2019;6;19;2;3;5;3;0;0;1;0;0;0;1;0
196372;11;4;4051655;2019;6;9;3;3;5;3;0;1;0;0;0;0;0;0
196373;11;4;4030827;2019;6;15;2;3;3;2;0;1;0;0;0;0;1;0
196374;11;3;3061227;2019;6;15;3;3;6;4;0;1;0;1;0;0;0;0
196375;11;1;1044202;2019;6;18;2;3;6;4;0;1;0;1;0;0;0;0
196376;11;6;6010206;2019;6;18;2;3;5;2;0;1;1;0;0;0;0;0
196377;11;1;1011305;2019;6;15;3;3;2;6;0;0;1;0;0;0;0;0
196378;11;12;12301206;2019;6;14;2;3;5;3;0;1;0;0;0;0;1;0
196379;11;5;5010101;2019;6;16;2;3;5;3;0;1;1;0;0;0;0;0
196380;11;8;8010404;2019;6;20;3;3;1;5;1;1;1;0;0;0;0;0
196381;11;3;3030405;2019;6;16;2;2;5;3;0;1;0;0;0;0;0;0
196382;11;8;8010214;2019;6;16;3;3;5;3;0;0;1;0;0;0;0;0
196383;11;2;2020206;2019;6;20;2;3;3;6;0;0;1;0;0;0;0;0
196384;11;1;1044101;2019;6;17;2;3;5;2;0;1;1;0;0;0;0;0
196385;11;6;6020305;2019;6;16;3;3;5;7;0;1;0;0;0;0;0;0
196386;11;1;1044203;2019;6;16;3;3;6;4;0;0;0;1;0;0;1;0
196387;11;7;7070705;2019;6;18;2;3;5;5;0;1;1;0;0;0;0;0
196388;11;10;10010207;2019;6;17;2;3;4;6;0;1;0;0;0;0;0;0
196389;11;1;1022205;2019;6;16;3;3;0;6;0;1;0;0;0;0;1;0
196390;11;4;4030827;2019;6;17;2;3;5;3;0;0;1;0;0;0;0;0
196391;11;11;11020514;2019;6;15;3;3;3;6;0;1;1;0;0;0;0;0
196392;11;1;1022104;2019;6;17;2;3;2;6;0;0;1;0;1;0;0;0
196393;11;7;7010102;2019;6;16;2;3;3;6;0;0;1;0;1;0;0;0
196394;11;4;4030930;2019;6;10;2;3;5;2;0;0;1;0;1;0;0;0
196395;11;7;7060604;2019;6;14;3;3;5;2;0;0;1;0;1;0;0;0
196396;11;7;7040401;2019;6;9;2;3;5;3;0;0;1;0;0;0;0;0
196397;11;8;8020619;2019;6;15;3;3;5;7;0;0;1;0;0;0;1;0
196398;11;2;2020206;2019;6;18;2;2;2;6;0;0;1;0;1;0;0;0
196399;11;3;3071639;2019;6;15;3;3;6;4;0;0;1;1;0;0;0;0
196400;11;1;1044202;2019;6;8;2;3;5;2;0;1;0;0;0;0;1;0
196401;11;10;10030726;2019;6;15;3;3;5;2;0;1;1;0;0;0;0;0
196402;11;1;1033102;2019;6;17;2;2;6;4;0;0;1;1;0;0;0;0
196403;11;7;7040403;2019;6;15;3;3;2;6;0;0;0;0;1;0;1;0
196404;11;4;4030827;2019;6;18;2;3;2;6;0;0;1;0;0;0;0;0
196405;11;1;1033102;2019;6;15;3;2;0;1;0;1;0;0;0;0;0;0
196406;11;5;5020626;2019;6;18;2;3;5;3;0;0;1;0;0;0;0;0
196407;11;9;9010302;2019;6;16;2;3;5;2;0;0;0;0;1;0;1;0
196408;11;4;4030930;2019;6;16;3;3;6;7;0;0;1;1;0;0;0;0
196409;11;7;7040401;2019;6;18;2;3;2;6;0;0;1;0;0;0;0;0
196410;11;1;2010102;2019;6;11;3;3;6;4;0;0;1;1;0;0;0;0
196411;11;12;12304314;2019;6;15;2;2;1;5;0;0;1;0;0;0;0;0
196412;11;1;1011305;2019;6;15;2;3;5;2;0;1;1;0;0;0;0;0
196413;11;7;7070701;2019;6;13;3;3;1;7;0;0;1;0;0;0;0;0
196414;11;6;6040810;2019;6;15;2;3;5;2;0;0;1;0;0;0;0;0
196415;11;7;7030303;2019;6;12;3;3;5;3;0;0;1;0;0;0;0;0
196416;11;12;12214421;2019;6;8;2;3;5;2;0;1;1;0;0;0;0;0
196417;11;9;9031101;2019;6;12;3;3;5;2;0;0;1;0;1;0;0;0
196418;11;7;7030301;2019;6;10;2;3;5;2;0;0;1;0;1;0;0;0
196419;11;2;2030302;2019;6;12;3;3;5;3;0;0;1;0;1;0;0;0
196420;11;4;4030930;2019;6;15;2;3;5;7;0;0;1;0;0;0;0;0
196421;11;7;7010101;2019;6;15;2;3;5;3;0;0;1;0;0;0;0;0
196422;11;10;10030727;2019;6;12;3;3;0;7;0;0;1;0;0;0;0;0
196423;11;12;12302108;2019;6;12;3;3;5;3;0;0;1;0;0;0;0;0
196424;11;7;7040403;2019;6;15;2;3;2;6;0;0;1;0;0;0;1;0
196425;11;10;10010102;2019;6;11;3;3;5;5;0;0;1;0;0;0;0;0
196426;11;2;2050602;2019;6;6;2;3;2;7;0;0;1;0;1;0;0;0
196427;11;9;9010301;2019;6;21;3;3;6;2;2;0;1;1;0;0;0;0
196428;11;3;3050919;2019;6;6;2;3;5;2;0;1;0;0;0;0;1;0
196429;11;3;3061332;2019;6;7;2;3;2;7;0;1;0;0;0;0;1;0
196430;11;11;11030618;2019;6;19;3;3;5;3;0;1;0;0;0;0;0;0
196431;11;2;2010103;2019;6;18;3;3;2;6;0;1;1;0;0;0;0;0
196432;11;4;4030620;2019;6;14;2;3;5;2;0;0;1;0;0;0;0;0
196433;11;7;7040405;2019;6;16;2;3;2;6;0;0;1;0;0;0;1;0
196434;11;8;8010118;2019;6;19;3;3;0;6;0;0;1;0;0;0;1;0
196435;11;6;6040810;2019;6;14;2;3;3;6;0;0;1;0;1;0;0;0
196436;11;8;8010115;2019;6;19;3;2;6;4;0;0;1;1;0;0;0;0
196437;11;2;2020206;2019;6;13;2;3;6;7;0;0;0;1;0;0;1;0
196438;11;12;12304314;2019;6;12;2;3;0;2;0;0;1;0;1;0;0;0
196439;11;4;4041342;2019;6;18;3;3;5;2;0;0;1;0;0;0;0;0
196440;11;3;3010104;2019;6;11;2;3;3;6;0;0;1;0;0;0;0;0
196441;11;5;5020417;2019;6;18;3;3;3;6;0;0;1;0;0;0;0;0
196442;11;1;1011302;2019;6;23;2;2;6;2;2;0;1;1;0;0;0;0
196443;11;12;12214527;2019;6;18;3;3;2;2;0;1;1;0;0;0;0;0
196444;11;8;8010301;2019;6;21;2;3;3;6;2;1;1;0;0;0;0;0
196445;11;8;8010510;2019;6;11;3;3;2;6;0;0;1;0;0;0;0;0
196446;11;3;3040614;2019;6;11;2;3;5;3;0;1;1;0;0;0;0;0
196447;11;11;11051331;2019;6;10;2;3;5;2;0;0;1;0;0;0;1;0
196448;11;1;1022204;2019;6;17;3;3;5;3;0;1;0;0;0;0;0;0
196449;11;6;6040804;2019;6;11;3;3;5;3;0;1;1;0;0;0;0;0
196450;11;1;1011304;2019;6;21;2;2;6;4;1;0;0;1;0;0;1;0
196451;11;9;9041301;2019;6;10;2;3;5;3;0;1;1;0;0;0;0;0
196452;11;1;1011304;2019;6;10;3;3;2;6;0;0;1;0;0;0;0;0
196453;11;4;4030623;2019;6;10;2;3;6;4;0;0;1;1;0;0;0;0
196454;11;12;12103218;2019;6;17;3;3;2;6;0;0;1;0;0;0;0;0
196455;11;7;7040403;2019;6;10;2;3;1;5;0;1;1;0;0;0;0;0
196456;11;4;4051653;2019;6;16;3;3;2;6;0;0;1;0;1;0;0;0
196457;11;1;1011103;2019;6;20;2;2;5;2;0;0;1;0;0;0;1;0
196458;11;4;4030931;2019;6;10;3;3;1;5;0;1;1;0;0;0;0;0
196459;11;4;4030620;2019;6;17;2;3;0;7;0;0;0;0;1;0;0;1
196460;11;1;1033102;2019;6;9;3;3;5;3;0;0;1;0;0;0;0;0
196461;11;6;6020409;2019;6;9;2;3;5;2;0;0;1;0;0;0;0;0
196462;11;2;2010101;2019;6;9;3;3;3;6;0;1;0;0;1;0;0;0
196463;11;5;5020522;2019;6;9;2;3;5;3;0;0;1;0;0;0;0;0
196464;11;11;11041128;2019;6;9;2;3;6;4;0;0;0;1;1;0;0;0
196465;11;1;1044101;2019;6;16;3;3;2;6;0;0;1;0;1;0;0;0
196466;11;1;1044102;2019;6;9;2;2;5;2;0;1;1;0;0;0;0;0
196467;11;12;12302212;2019;6;9;3;3;5;2;0;1;1;0;0;0;0;0
196468;11;11;11040926;2019;6;9;2;3;5;3;0;0;1;0;1;0;0;0
196469;11;11;11020513;2019;6;16;3;3;3;6;0;0;1;0;0;1;0;0
196470;11;9;9051901;2019;6;8;2;2;5;2;0;1;1;0;0;0;0;0
196471;11;10;10040830;2019;6;16;3;3;5;3;0;1;1;0;0;0;0;0
196472;11;9;9020501;2019;6;8;2;3;0;6;0;1;0;0;0;1;0;0
196473;11;7;7050501;2019;6;8;2;3;2;6;0;0;1;0;0;0;0;0
196474;11;1;1022104;2019;6;9;3;3;2;6;0;0;1;0;0;0;0;0
196475;11;1;1011306;2019;6;16;3;3;3;6;0;1;1;0;0;0;0;0
196476;11;10;10030724;2019;6;8;2;3;5;2;0;0;1;0;0;0;0;0
196477;11;4;4030620;2019;6;18;2;3;2;6;0;0;1;0;0;0;1;0
196478;11;2;2010101;2019;6;9;3;3;5;2;0;1;1;0;0;0;0;0
196479;11;4;4031032;2019;6;9;1;3;5;2;0;1;1;0;0;0;0;0
196480;11;9;9041501;2019;6;16;3;3;1;5;0;1;1;0;0;0;1;0
196481;11;11;11051331;2019;6;0;1;3;5;3;2;0;1;0;0;0;0;0
196482;11;5;5030730;2019;6;1;1;2;0;1;2;0;1;0;1;0;0;0
196483;11;1;1011102;2019;6;8;3;3;5;3;0;0;1;0;1;0;0;0
196484;11;1;1044202;2019;6;9;1;3;2;6;0;0;1;0;0;0;1;0
196485;11;12;12231101;2019;6;9;1;3;5;3;0;0;1;0;0;0;0;0
196486;11;2;2010103;2019;6;8;3;3;5;2;0;1;0;0;0;0;1;0
196487;11;9;9020701;2019;6;11;1;3;0;2;0;0;1;0;1;0;0;0
196488;11;8;8010301;2019;6;22;1;3;1;5;1;1;1;0;0;0;0;0
196489;11;5;5010314;2019;6;7;3;3;3;6;0;0;1;0;1;0;0;0
196490;11;1;1011401;2019;6;21;1;2;5;3;1;0;1;0;1;0;0;0
196491;11;1;1022106;2019;6;8;3;3;5;2;0;1;1;0;0;0;0;0
196492;11;1;1044101;2019;6;21;1;3;1;5;1;1;1;0;0;0;1;0
196493;11;5;5030730;2019;6;6;3;3;2;2;0;0;1;0;1;0;0;0
196494;11;1;1011301;2019;6;20;1;2;2;6;0;0;1;0;1;0;0;0
196495;11;1;1033201;2019;6;8;3;3;5;2;0;0;1;0;0;0;1;0
196496;11;10;10030724;2019;6;19;1;3;5;7;0;1;1;0;0;0;0;0
196497;11;10;10040933;2019;6;19;1;3;5;3;0;0;1;0;1;0;0;0
196498;11;9;9041301;2019;6;7;3;3;5;3;0;1;1;0;0;0;0;0
196499;11;12;12301203;2019;6;7;3;3;5;2;0;0;1;0;1;0;0;0
196500;11;7;7020204;2019;6;17;1;3;1;5;0;1;1;0;0;0;0;0
196501;11;7;7040401;2019;6;17;1;3;1;5;0;1;1;0;0;0;0;0
196502;11;3;3030711;2019;6;7;3;3;5;2;0;1;1;0;0;0;0;0
196503;11;8;8010214;2019;6;17;1;3;0;6;0;0;1;0;1;0;0;0
196504;11;5;5010310;2019;6;6;3;3;5;3;0;1;1;0;0;0;0;0
196505;11;6;6040809;2019;6;14;1;3;5;3;0;0;1;0;0;0;0;0
196506;11;1;1011201;2019;6;14;2;3;6;4;0;0;1;1;0;0;0;0
196507;11;3;3020209;2019;6;14;1;3;5;2;0;0;1;0;0;0;0;0
196508;11;1;1011302;2019;6;17;2;3;5;7;0;0;1;0;0;0;0;0
196509;11;9;9010101;2019;6;14;1;3;2;7;0;1;1;0;0;0;0;0
196510;11;6;6040703;2019;6;14;1;3;5;3;0;1;1;0;0;0;0;0
196511;11;4;4020313;2019;6;12;2;3;5;2;0;0;1;0;1;0;0;0
196512;11;5;5020416;2019;7;19;5;3;6;6;0;0;1;1;0;0;0;0
196513;11;2;2020204;2019;7;19;5;2;5;2;0;1;1;0;0;0;0;0
196514;11;1;1044101;2019;7;18;5;3;6;7;0;1;0;1;0;0;0;0
196515;11;1;1011201;2019;7;17;5;2;5;2;0;0;1;0;1;0;0;0
196516;11;9;9051702;2019;7;17;5;2;5;3;0;1;1;0;0;0;0;0
196517;11;8;8010118;2019;7;17;5;3;5;2;0;0;1;0;0;0;0;0
196518;11;2;2030302;2019;7;17;5;3;5;2;0;1;1;0;0;0;0;0
196519;11;1;1011302;2019;7;16;5;2;0;4;0;1;0;1;0;0;0;0
196520;11;4;4051551;2019;7;15;5;3;0;7;0;0;0;0;1;0;1;1
196521;11;5;5020625;2019;7;16;5;2;6;4;0;0;1;1;0;0;0;0
196522;11;3;3010102;2019;7;16;5;2;5;3;0;1;1;0;0;0;0;0
196523;11;8;8020619;2019;7;14;5;2;5;3;0;0;1;0;1;0;0;0
196524;11;10;10030727;2019;7;13;5;3;1;5;0;1;1;0;0;0;0;0
196525;11;2;2050802;2019;7;13;5;3;1;5;0;0;1;0;1;0;1;0
196526;11;4;4030726;2019;7;13;5;2;6;4;0;0;1;1;0;0;0;0
196527;11;9;9020701;2019;7;12;5;3;5;3;0;0;0;0;0;1;1;0
196528;11;8;8020622;2019;7;9;5;3;2;6;0;0;1;0;0;0;0;0
196529;11;2;2040701;2019;7;8;5;2;5;3;0;1;1;0;0;0;0;0
196530;11;1;1044201;2019;7;7;5;3;6;4;0;0;0;1;0;1;0;0
196531;11;1;1011306;2019;7;7;5;3;5;2;0;1;1;0;0;0;0;0
196532;11;4;4031032;2019;7;7;5;3;5;3;0;1;1;0;0;0;0;0
196533;11;5;5020523;2019;7;7;5;3;2;6;0;0;1;0;0;0;0;0
196534;11;1;1011202;2019;7;7;5;3;3;6;0;1;1;0;0;0;0;0
196535;11;11;11030720;2019;7;1;5;3;6;4;2;0;1;1;0;0;0;0
196536;11;4;4030623;2019;7;9;4;3;6;7;0;1;0;0;0;0;1;0
196537;11;3;3071537;2019;7;22;4;3;0;3;2;0;1;0;1;0;0;0
196538;11;3;3010101;2019;7;20;4;3;6;7;0;1;0;1;0;0;0;0
196539;11;2;2030401;2019;7;19;4;2;5;3;0;1;1;0;0;0;0;0
196540;11;1;1011204;2019;7;17;4;3;5;2;0;1;1;0;0;0;0;0
196541;11;1;1011305;2019;7;17;4;3;5;2;0;1;1;0;0;0;0;0
196542;11;6;6040701;2019;7;16;4;3;9;1;0;0;1;0;0;0;0;0
196543;11;8;8020619;2019;7;16;4;3;1;1;0;0;1;0;1;0;0;0
196544;11;2;2040701;2019;7;16;4;3;3;6;0;1;1;0;0;0;0;0
196545;11;4;4020209;2019;7;15;4;2;0;1;0;1;0;0;0;0;0;0
196546;11;10;10010308;2019;7;14;4;3;5;2;0;1;0;0;0;0;1;0
196547;11;5;5010206;2019;7;23;4;2;7;7;2;0;0;0;0;0;1;0
196548;11;7;7040405;2019;7;22;4;3;0;3;2;0;1;0;0;0;1;0
196549;11;4;4030929;2019;7;20;4;3;1;5;0;0;1;0;0;0;1;0
196550;11;1;1022104;2019;7;13;4;3;1;7;0;0;1;0;1;0;0;0
196551;11;8;8030831;2019;7;13;4;3;0;2;0;0;0;0;1;0;1;0
196552;11;9;9041601;2019;7;9;4;3;2;6;0;1;0;0;0;0;0;0
196553;11;7;7040405;2019;7;12;4;3;5;7;0;0;1;0;1;0;0;0
196554;11;2;2010103;2019;7;11;4;3;2;6;0;0;1;0;0;0;0;0
196555;11;4;4030931;2019;7;11;4;3;5;5;0;1;1;0;0;0;0;0
196556;11;1;1011201;2019;7;10;4;3;5;2;0;1;1;0;0;0;0;0
196557;11;1;1033102;2019;7;7;4;3;1;5;0;1;1;0;0;0;0;0
196558;11;2;2010101;2019;7;9;4;3;6;7;0;1;0;1;0;0;0;0
196559;11;1;1033203;2019;7;9;4;3;5;3;0;1;0;0;0;1;0;0
196560;11;9;9010202;2019;7;9;4;3;0;1;0;1;0;0;0;0;0;0
196561;11;5;5010103;2019;7;9;4;3;0;3;0;0;1;0;1;0;0;0
196562;11;12;12103219;2019;7;16;4;3;9;1;0;0;1;0;0;0;0;0
196563;11;11;11020514;2019;7;9;4;3;5;2;0;1;1;0;0;0;0;0
196564;11;12;12103220;2019;7;15;4;2;1;7;0;0;1;0;0;0;1;0
196565;11;4;4030726;2019;7;15;4;3;0;1;0;0;0;0;1;0;0;0
196566;11;11;11030721;2019;7;15;4;3;1;5;0;1;1;0;0;0;0;0
196567;11;10;10010206;2019;7;15;4;2;5;2;0;0;0;0;1;0;1;0
196568;11;5;5010207;2019;7;15;4;3;0;2;0;1;1;0;0;0;0;0
196569;11;4;4030930;2019;7;14;4;3;2;7;0;0;1;0;0;0;0;0
196570;11;4;4030931;2019;7;14;4;3;5;2;0;1;1;0;0;0;0;0
196571;11;9;9030901;2019;7;8;4;3;5;2;0;1;1;0;0;0;0;0
196572;11;3;3020307;2019;7;7;4;3;0;1;0;1;0;0;0;0;0;0
196573;11;9;9020701;2019;7;7;4;3;5;3;0;1;0;0;1;0;0;0
196574;11;4;5030832;2019;7;0;4;3;7;7;2;0;1;0;0;0;0;0
196575;11;6;6030504;2019;7;14;4;3;5;3;0;1;1;0;0;0;0;0
196576;11;7;7040404;2019;7;14;4;2;2;6;0;0;1;0;0;0;1;0
196577;11;9;9010302;2019;7;13;4;3;4;6;0;0;1;0;0;0;0;0
196578;11;2;2040503;2019;7;15;4;3;3;6;0;1;1;0;0;0;0;0
196579;11;1;1011301;2019;7;13;4;3;1;5;0;1;1;0;0;0;0;0
196580;11;4;4030827;2019;7;13;4;3;5;7;0;1;1;0;0;0;0;0
196581;11;4;4030827;2019;7;12;4;3;3;6;0;1;1;0;0;0;0;0
196582;11;1;1033201;2019;7;19;3;3;0;6;0;0;1;0;1;0;0;0
196583;11;8;8010404;2019;7;13;3;3;0;6;0;0;1;0;0;0;1;0
196584;11;4;4051446;2019;7;8;3;3;0;7;0;1;0;0;0;0;0;1
196585;11;11;11051331;2019;7;19;3;3;5;3;0;1;0;0;0;0;1;0
196586;11;7;7010102;2019;7;22;3;3;0;7;2;0;0;0;1;0;0;0
196587;11;4;4030623;2019;7;15;3;3;5;3;0;1;1;0;0;0;0;0
196588;11;3;3061126;2019;7;15;3;3;2;6;0;0;1;0;1;0;0;0
196589;11;9;9030901;2019;7;14;3;3;5;2;0;0;1;0;0;0;1;0
196590;11;1;1011105;2019;7;16;3;3;2;2;0;0;1;0;0;0;0;0
196591;11;7;7010102;2019;7;14;3;2;5;7;0;0;1;0;1;0;0;0
196592;11;4;4051448;2019;7;14;3;3;6;7;0;1;0;1;0;0;0;0
196593;11;2;2020204;2019;7;22;3;3;2;6;2;0;1;0;1;0;0;0
196594;11;4;4030724;2019;7;21;3;3;5;2;0;0;1;0;1;0;0;0
196595;11;5;5010207;2019;7;20;3;3;2;6;1;0;1;0;0;0;0;0
196596;11;1;1033101;2019;7;13;3;2;5;7;0;0;1;0;1;0;0;0
196597;11;4;4051448;2019;7;12;3;3;2;6;0;0;1;0;1;0;0;0
196598;11;1;1011301;2019;7;19;3;3;3;6;0;1;0;1;0;0;1;0
196599;11;6;6040703;2019;7;18;3;3;5;3;0;1;1;0;0;0;0;0
196600;11;7;7010104;2019;7;18;3;2;0;7;0;1;0;1;0;0;0;0
196601;11;2;2040701;2019;7;12;3;3;6;4;0;1;0;1;0;0;0;0
196602;11;2;2020206;2019;7;18;3;3;0;6;0;0;0;0;0;0;1;0
196603;11;8;8020728;2019;7;17;3;3;0;3;0;1;1;0;0;0;0;0
196604;11;9;9020601;2019;7;17;3;3;0;1;0;1;1;0;0;0;0;0
196605;11;7;7040405;2019;7;17;3;3;2;6;0;0;1;0;1;0;0;0
196606;11;6;6040807;2019;7;17;3;2;1;5;0;1;0;0;0;0;1;0
196607;11;4;4041240;2019;7;17;3;3;5;3;0;1;1;0;0;0;0;0
196608;11;11;11020514;2019;7;15;3;3;6;4;0;1;0;1;0;0;0;0
196609;11;11;11051331;2019;7;10;3;3;5;3;0;0;1;0;0;0;0;0
196610;11;2;2050803;2019;7;16;3;3;5;2;0;1;1;0;0;0;0;0
196611;11;8;8030829;2019;7;16;3;3;5;3;0;1;1;0;0;0;0;0
196612;11;1;1033102;2019;7;16;3;3;1;5;0;1;1;0;0;0;0;0
196613;11;1;1044103;2019;7;16;3;3;5;3;0;1;1;0;0;0;0;0
196614;11;9;9020502;2019;7;15;3;3;5;2;0;0;1;0;0;0;1;0
196615;11;11;11030721;2019;7;15;3;2;2;6;0;0;1;0;0;0;0;0