OBJECTID;LAND;BEZ;LOR_ab_2021;UJAHR;UMONAT;USTUNDE;UWOCHENTAG;UKATEGORIE;UART;UTYP1;ULICHTVERH;IstRad;IstPKW;IstFuss;IstKrad;IstGkfz;IstSonstige;USTRZUSTAND
196616;11;5;5010314;2019;7;15;3;3;6;4;0;0;1;1;0;0;0;0
196617;11;7;7060604;2019;7;10;3;2;5;2;0;0;1;0;0;0;0;0
196618;11;4;4051446;2019;7;10;3;3;5;2;0;1;1;0;0;0;0;0
196619;11;8;8020625;2019;7;10;3;3;5;2;0;1;1;0;0;0;0;0
196620;11;12;12103220;2019;7;7;4;2;2;6;0;1;1;0;0;0;0;0
196621;11;1;1011104;2019;7;9;3;3;5;7;0;1;1;0;0;0;0;0
196622;11;7;7040403;2019;7;9;3;3;5;2;0;0;1;0;1;0;0;0
196623;11;4;4041137;2019;7;16;4;3;6;4;0;0;1;1;0;0;0;0
196624;11;10;10030726;2019;7;7;4;2;5;3;0;1;1;0;0;0;0;0
196625;11;9;9010401;2019;7;6;3;3;5;2;0;0;1;0;0;0;0;0
196626;11;1;1044201;2019;7;6;3;3;2;2;0;0;1;0;0;0;0;0
196627;11;4;4030929;2019;7;16;4;3;2;6;0;0;1;0;0;0;0;0
196628;11;12;12214126;2019;7;6;3;3;5;3;0;1;1;0;0;0;0;0
196629;11;4;4030623;2019;7;18;4;3;5;3;0;0;1;0;0;0;0;0
196630;11;1;1044103;2019;7;4;3;2;5;3;1;0;1;0;0;0;0;0
196631;11;10;11020516;2019;7;1;3;3;5;2;2;0;1;0;0;0;1;0
196632;11;6;6010102;2019;7;16;4;3;6;4;0;0;1;1;0;0;0;0
196633;11;8;8020625;2019;7;0;3;2;6;4;2;0;1;1;0;0;0;0
196634;11;8;8010117;2019;7;15;4;2;5;2;0;1;1;0;0;0;0;0
196635;11;7;7030301;2019;7;6;3;3;5;3;0;0;0;0;0;0;1;0
196636;11;6;6030504;2019;7;8;4;3;0;1;0;0;0;0;1;0;0;0
196637;11;4;4020310;2019;7;9;4;3;2;6;0;0;1;0;0;0;0;0
196638;11;1;1011204;2019;7;15;2;3;6;4;0;1;0;1;0;0;0;0
196639;11;7;7040405;2019;7;18;2;3;0;7;0;1;1;0;0;0;0;0
196640;11;12;12302108;2019;7;0;4;2;0;1;2;0;1;0;0;0;0;0
196641;11;4;4030931;2019;7;11;2;3;5;3;0;0;0;0;1;1;0;0
196642;11;1;1044201;2019;7;0;4;3;5;2;2;0;0;0;0;0;1;0
196643;11;8;8020727;2019;7;15;2;3;6;4;0;0;1;1;0;0;0;0
196644;11;1;1033203;2019;7;19;4;3;6;4;0;1;0;1;0;0;0;0
196645;11;7;7030303;2019;7;21;2;3;0;1;0;0;0;0;1;0;0;0
196646;11;1;1022106;2019;7;8;4;3;6;7;0;0;1;1;0;0;0;0
196647;11;2;2040703;2019;7;19;2;2;5;2;0;1;1;0;0;0;0;0
196648;11;4;4030519;2019;7;19;2;2;5;2;0;0;1;0;0;0;0;0
196649;11;4;4030827;2019;7;17;4;1;2;2;0;1;1;0;0;0;0;0
196650;11;11;11020515;2019;7;22;3;3;0;1;2;1;0;0;0;0;0;0
196651;11;3;3040818;2019;7;19;2;3;4;2;0;1;1;0;0;0;0;0
196652;11;9;9010402;2019;7;14;3;3;0;1;0;1;0;0;0;0;0;0
196653;11;6;6010205;2019;7;18;2;2;2;7;0;0;1;0;1;0;1;0
196654;11;8;8020622;2019;7;18;3;3;5;2;0;1;1;0;0;0;0;0
196655;11;1;1011102;2019;7;17;2;3;0;1;0;0;0;0;1;0;0;0
196656;11;11;11020514;2019;7;17;3;3;5;2;0;0;1;0;0;0;0;0
196657;11;7;7060603;2019;7;16;2;2;0;1;0;0;0;0;0;0;1;0
196658;11;1;1044201;2019;7;16;2;3;2;6;0;0;1;0;0;0;0;0
196659;11;4;4030931;2019;7;17;3;2;5;7;0;0;1;0;1;0;0;0
196660;11;1;1033102;2019;7;12;2;3;5;7;0;0;1;0;0;1;0;0
196661;11;2;2030301;2019;7;17;3;3;1;5;0;1;1;0;0;0;0;0
196662;11;6;6010101;2019;7;11;2;3;5;3;0;1;1;0;0;0;0;0
196663;11;5;5020626;2019;7;17;3;3;1;5;0;1;1;0;0;0;0;0
196664;11;2;2010103;2019;7;12;2;3;5;7;0;0;1;0;1;0;0;0
196665;11;4;4030518;2019;7;15;3;2;1;1;0;0;1;1;0;0;0;0
196666;11;5;5030730;2019;7;10;2;3;5;2;0;0;1;0;0;0;0;0
196667;11;11;11041128;2019;7;10;2;2;5;2;0;1;0;0;0;0;1;0
196668;11;6;6040703;2019;7;14;3;3;5;3;0;1;0;0;0;1;0;0
196669;11;5;5010312;2019;7;14;3;3;0;3;0;0;1;0;1;0;0;0
196670;11;12;12214424;2019;7;11;2;3;0;1;0;0;0;0;1;0;0;0
196671;11;8;8010301;2019;7;16;2;3;1;5;0;1;1;0;0;0;0;0
196672;11;4;4020312;2019;7;11;3;3;5;3;0;1;1;0;0;0;0;0
196673;11;1;1011304;2019;7;9;2;2;5;3;0;1;1;0;0;0;0;0
196674;11;12;12304313;2019;7;15;2;2;5;2;0;0;1;0;1;0;0;0
196675;11;12;12302110;2019;7;11;3;3;2;6;0;0;1;0;0;0;0;0
196676;11;1;1011306;2019;7;11;3;2;5;2;0;0;1;0;1;0;0;0
196677;11;4;4041343;2019;7;8;2;3;1;5;0;1;0;0;0;0;1;0
196678;11;6;6020409;2019;7;11;3;3;2;6;0;0;1;0;0;0;0;0
196679;11;4;4010101;2019;7;7;2;3;5;3;0;0;1;0;0;0;0;0
196680;11;1;1011402;2019;7;10;3;3;2;6;0;0;1;0;0;0;0;0
196681;11;9;9020601;2019;7;6;2;3;5;2;0;0;1;0;0;0;0;0
196682;11;1;1011301;2019;7;8;3;3;0;2;0;1;0;0;1;0;0;0
196683;11;1;1011303;2019;7;6;2;3;5;2;0;0;1;0;0;0;0;0
196684;11;5;5030730;2019;7;6;2;3;3;6;0;0;0;0;1;1;0;0
196685;11;7;7070704;2019;7;8;3;2;5;3;0;1;1;0;0;0;0;0
196686;11;9;9020501;2019;7;5;2;3;0;1;1;0;0;0;1;0;0;0
196687;11;4;4010102;2019;7;6;3;3;5;2;1;0;1;0;0;0;0;0
196688;11;8;8010211;2019;7;2;2;3;5;3;2;0;1;0;0;0;0;0
196689;11;11;11051229;2019;7;22;3;3;2;6;2;0;1;0;0;0;0;0
196690;11;4;4041344;2019;7;7;2;3;0;3;0;1;1;0;0;0;0;0
196691;11;3;3050920;2019;7;22;3;3;5;2;2;0;1;0;0;0;0;0
196692;11;4;4030931;2019;7;1;2;2;1;5;2;1;1;0;0;0;0;0
196693;11;10;10010310;2019;7;14;2;2;1;1;0;0;1;0;0;1;0;0
196694;11;4;4030929;2019;7;20;3;3;2;7;1;0;1;0;0;0;0;0
196695;11;1;1044101;2019;7;19;3;3;2;6;0;0;1;0;1;0;0;0
196696;11;9;9020802;2019;7;14;2;3;6;2;0;0;1;1;0;0;0;0
196697;11;1;1011102;2019;7;14;2;3;2;2;0;0;1;0;0;0;0;0
196698;11;12;12214527;2019;7;19;3;3;6;2;0;0;1;1;0;0;0;0
196699;11;8;8010510;2019;7;14;2;2;5;2;0;0;1;0;1;0;0;0
196700;11;7;7010102;2019;7;19;3;2;5;2;0;1;1;0;0;0;0;0
196701;11;4;4030417;2019;7;13;2;3;5;2;0;1;1;0;0;0;0;0
196702;11;7;7060603;2019;7;13;2;3;2;6;0;0;1;0;0;0;0;0
196703;11;3;3061228;2019;7;12;2;3;5;3;0;0;1;0;0;0;0;0
196704;11;9;9010302;2019;7;19;3;3;2;6;0;0;1;0;0;0;0;0
196705;11;4;4010102;2019;7;13;2;2;5;7;0;0;1;0;1;0;0;0
196706;11;4;4041241;2019;7;12;2;3;2;6;0;0;1;0;0;0;0;0
196707;11;10;10040830;2019;6;16;1;3;5;3;0;0;1;0;1;0;0;0
196708;11;4;4030623;2019;6;3;1;2;0;7;2;1;0;0;0;0;0;0
196709;11;1;1022101;2019;7;12;2;3;6;4;0;0;1;1;0;0;0;0
196710;11;7;7020202;2019;6;1;1;3;1;1;2;0;1;0;0;0;1;0
196711;11;2;2020206;2019;6;22;1;2;0;7;2;1;0;0;0;0;0;0
196712;11;9;9051901;2019;7;11;2;3;0;1;0;0;0;0;1;0;0;1
196713;11;5;5040936;2019;6;20;1;3;1;5;0;0;1;0;1;0;0;0
196714;11;2;2030301;2019;7;10;2;3;3;6;0;1;0;0;0;0;0;0
196715;11;10;10020413;2019;6;19;1;3;5;2;0;1;1;0;0;0;0;0
196716;11;9;9051702;2019;6;19;1;2;2;6;0;0;1;0;0;0;0;0
196717;11;9;9041301;2019;7;9;2;3;5;3;0;1;1;0;0;0;0;0
196718;11;8;8030830;2019;7;8;2;3;2;6;0;0;1;0;0;0;0;0
196719;11;2;2010103;2019;6;19;1;3;5;2;0;1;1;0;0;0;0;0
196720;11;3;3020307;2019;6;16;1;3;5;3;0;1;1;0;0;0;0;0
196721;11;1;1011305;2019;7;8;2;3;1;5;0;1;1;0;0;0;0;0
196722;11;8;8010404;2019;6;15;1;2;5;3;0;1;1;0;0;0;0;0
196723;11;1;1011305;2019;7;7;2;3;5;3;0;0;1;0;0;1;0;0
196724;11;7;7050505;2019;6;14;1;2;6;7;0;0;1;1;0;0;0;0
196725;11;8;8010213;2019;7;6;2;3;5;3;0;1;1;0;0;0;0;0
196726;11;2;2030301;2019;6;14;1;3;5;2;0;0;1;0;1;0;0;0
196727;11;12;12301203;2019;7;3;2;3;9;1;2;0;1;0;0;0;0;0
196728;11;4;4030827;2019;6;9;1;3;1;5;0;1;1;0;0;0;0;0
196729;11;5;5020625;2019;6;13;1;3;1;5;0;0;1;0;0;0;0;0
196730;11;2;2010102;2019;7;18;2;3;6;4;0;1;0;1;0;0;0;0
196731;11;7;7010104;2019;7;16;2;3;5;2;0;1;1;0;0;0;0;1
196732;11;3;3051022;2019;6;12;1;3;5;2;0;0;1;0;0;0;0;0
196733;11;12;12214527;2019;7;15;2;3;2;2;0;0;1;0;0;0;0;0
196734;11;8;8030831;2019;6;12;1;3;5;7;0;1;1;0;0;0;0;0
196735;11;3;3040513;2019;7;15;2;3;5;2;0;1;1;0;0;0;0;0
196736;11;2;2030301;2019;6;11;1;3;2;2;0;1;1;0;0;0;0;0
196737;11;7;7030303;2019;7;14;2;2;3;6;0;0;1;0;0;0;1;1
196738;11;3;3050923;2019;6;11;1;3;3;6;0;1;1;0;0;0;0;0
196739;11;8;8010211;2019;7;14;2;3;2;6;0;0;1;0;0;0;0;1
196740;11;11;11020514;2019;6;10;1;3;5;3;0;0;1;0;0;1;0;0
196741;11;10;10030724;2019;6;10;1;3;5;3;0;1;1;0;0;0;0;0
196742;11;10;10040830;2019;7;14;2;3;5;2;0;1;1;0;0;0;0;0
196743;11;4;4051445;2019;6;9;1;3;1;5;0;1;1;0;0;0;0;0
196744;11;6;6010102;2019;7;14;2;3;2;5;0;0;0;0;1;0;1;1
196745;11;6;6030504;2019;6;8;1;2;0;1;0;1;0;0;0;0;0;0
196746;11;1;1044101;2019;6;11;7;3;5;5;0;1;1;0;0;0;0;0
196747;11;7;7040403;2019;7;14;2;3;2;6;0;0;1;0;1;0;0;1
196748;11;10;10010309;2019;6;2;7;3;5;3;2;0;1;0;0;0;0;0
196749;11;9;9051901;2019;7;13;2;3;0;4;0;0;0;1;0;0;1;0
196750;11;6;6040807;2019;6;16;7;2;2;7;0;0;1;0;1;0;0;0
196751;11;12;12214125;2019;7;13;2;3;3;6;0;0;1;0;0;0;0;0
196752;11;2;2030302;2019;6;23;7;3;0;7;2;0;0;1;1;0;0;0
196753;11;1;1044202;2019;7;20;2;3;3;6;1;1;1;0;0;0;0;0
196754;11;1;1033102;2019;6;22;7;3;5;2;2;0;1;0;0;0;0;0
196755;11;8;8010117;2019;6;21;7;3;0;7;1;1;0;0;0;0;0;0
196756;11;4;4030827;2019;7;19;2;3;5;2;0;0;1;0;0;0;0;0
196757;11;8;8010508;2019;7;19;2;3;2;6;0;0;1;0;0;0;0;0
196758;11;3;3061126;2019;6;21;7;3;5;2;1;1;0;0;0;0;1;0
196759;11;8;8010118;2019;7;17;2;3;3;6;0;0;1;0;1;0;0;1
196760;11;9;9051901;2019;6;19;7;3;3;6;0;0;1;0;1;0;0;0
196761;11;2;2040701;2019;7;17;2;3;5;2;0;1;1;0;0;0;0;0
196762;11;4;4041344;2019;6;19;7;2;5;2;0;1;1;0;0;0;0;0
196763;11;1;1044201;2019;7;17;2;3;2;6;0;0;1;0;0;1;0;1
196764;11;4;4030929;2019;6;18;7;3;1;5;0;1;1;0;0;0;0;0
196765;11;4;4031032;2019;6;18;7;3;5;2;0;1;1;0;0;0;0;0
196766;11;12;12214125;2019;7;17;2;2;2;6;0;0;1;0;1;0;0;1
196767;11;8;8041035;2019;6;18;7;3;0;2;0;1;1;0;0;0;0;0
196768;11;3;3061435;2019;7;17;2;3;5;3;0;1;1;0;0;0;0;1
196769;11;10;10020517;2019;6;18;7;3;5;2;0;0;1;0;0;0;0;0
196770;11;9;9051901;2019;7;16;2;3;2;6;0;1;1;0;0;0;0;1
196771;11;1;1011102;2019;6;17;7;3;0;1;0;0;0;0;0;0;1;0
196772;11;3;3040614;2019;7;11;2;3;0;5;0;1;1;0;0;0;0;0
196773;11;2;2020203;2019;6;15;7;2;6;2;0;0;1;1;0;0;0;0
196774;11;8;8010508;2019;6;15;7;3;2;6;0;0;1;0;0;0;0;0
196775;11;10;10020620;2019;7;15;2;3;6;4;0;0;1;1;0;0;0;0
196776;11;10;10040829;2019;6;13;7;3;5;3;0;0;1;0;0;0;0;0
196777;11;8;8020620;2019;7;16;2;3;2;6;0;0;1;0;0;0;0;1
196778;11;11;11020515;2019;6;12;7;2;5;7;0;0;1;0;1;0;0;0
196779;11;4;4030931;2019;7;18;2;3;1;7;0;1;1;0;0;0;0;0
196780;11;8;8020619;2019;6;11;7;3;0;1;0;1;0;0;0;0;0;0
196781;11;1;1022206;2019;7;22;1;3;6;4;1;0;1;1;0;0;0;0
196782;11;3;3030715;2019;6;11;7;3;5;3;0;0;1;0;0;0;0;0
196783;11;3;3030711;2019;6;11;7;2;5;2;0;1;1;0;0;0;0;0
196784;11;1;1011303;2019;7;21;1;3;3;2;1;1;0;0;0;0;0;0
196785;11;1;1022104;2019;7;21;1;3;0;3;1;0;1;0;1;0;0;0
196786;11;4;4051549;2019;6;8;7;3;0;7;0;0;1;0;1;0;0;0
196787;11;1;1011306;2019;6;7;7;3;5;2;0;1;1;0;0;0;0;0
196788;11;1;1022206;2019;7;20;1;3;5;3;0;0;1;0;0;0;0;0
196789;11;12;12231102;2019;6;7;7;3;4;6;0;0;1;0;0;0;0;0
196790;11;4;4020310;2019;7;19;1;3;0;1;0;1;0;0;0;0;0;0
196791;11;2;2030401;2019;6;1;7;3;5;3;2;0;1;0;0;0;0;0
196792;11;2;2030301;2019;6;1;7;3;1;5;2;1;0;0;0;0;1;0
196793;11;8;8030830;2019;7;17;1;3;5;2;0;0;1;0;0;0;0;0
196794;11;7;7050503;2019;6;19;6;3;5;2;0;0;1;0;0;0;1;0
196795;11;9;9020701;2019;6;19;6;3;5;2;0;0;1;0;0;0;0;0
196796;11;5;5040936;2019;7;17;1;3;9;1;0;0;1;0;0;0;0;0
196797;11;11;11051330;2019;6;14;6;3;6;4;0;0;1;1;0;0;0;0
196798;11;12;12301206;2019;7;16;1;3;5;3;0;1;1;0;0;0;0;0
196799;11;7;7010103;2019;7;13;1;3;6;4;0;1;0;1;0;0;0;0
196800;11;3;3071639;2019;6;6;6;3;5;7;0;0;1;0;0;0;1;0
196801;11;1;1022202;2019;7;12;1;3;5;2;0;0;1;0;0;0;0;0
196802;11;1;1011302;2019;6;15;6;3;5;2;0;1;1;0;0;0;0;0
196803;11;4;4020209;2019;7;8;1;2;5;3;0;1;1;0;0;0;0;0
196804;11;12;12214528;2019;6;20;6;3;9;1;0;0;1;0;0;0;0;0
196805;11;3;3071536;2019;6;19;6;3;1;5;0;1;0;0;0;0;1;0
196806;11;7;7070703;2019;7;5;1;3;5;3;0;0;1;0;0;0;1;0
196807;11;8;8010404;2019;7;16;7;3;5;2;0;1;1;0;0;0;0;0
196808;11;1;1044202;2019;6;18;6;3;5;2;0;1;1;0;0;0;0;0
196809;11;4;4020313;2019;6;17;6;3;5;2;0;1;0;0;0;0;0;0
196810;11;5;5020625;2019;7;23;7;3;6;4;2;0;1;1;0;0;0;1
196811;11;5;5010312;2019;6;17;6;3;5;3;0;1;1;0;0;0;0;0
196812;11;1;1011101;2019;7;23;7;3;5;2;2;0;1;0;0;0;0;0
196813;11;3;3050923;2019;6;17;6;3;2;2;0;0;1;0;0;0;0;0
196814;11;1;1011402;2019;6;16;6;3;5;2;0;0;0;0;1;0;1;0
196815;11;8;8041040;2019;7;23;7;2;0;1;2;0;0;0;1;0;0;1
196816;11;1;1011105;2019;6;15;6;3;5;2;0;1;1;0;0;0;0;0
196817;11;6;6020301;2019;6;16;6;3;5;2;0;0;1;0;1;0;0;0
196818;11;1;1011301;2019;7;22;7;2;0;1;2;1;0;0;0;0;0;1
196819;11;7;7030301;2019;6;14;6;3;1;5;0;1;1;0;0;0;0;0
196820;11;1;1011401;2019;7;22;7;3;2;6;2;0;1;0;0;0;0;1
196821;11;2;2040502;2019;6;13;6;3;5;2;0;1;1;0;0;0;0;0
196822;11;12;12214527;2019;6;13;6;3;5;2;0;1;1;0;0;0;0;0
196823;11;8;8010404;2019;7;20;7;3;0;1;2;0;1;0;0;0;0;1
196824;11;7;7050502;2019;7;21;7;3;6;2;2;0;1;1;0;0;0;1
196825;11;1;1033201;2019;6;12;6;3;5;2;0;1;1;0;0;0;0;0
196826;11;2;2040701;2019;6;12;6;3;5;7;0;0;0;0;1;0;1;0
196827;11;1;1011303;2019;7;20;7;3;5;3;1;1;1;0;0;0;0;1
196828;11;1;1033102;2019;6;12;6;3;5;3;0;1;1;0;0;0;0;0
196829;11;1;1011201;2019;7;20;7;3;0;2;0;1;1;0;0;0;0;1
196830;11;2;2010102;2019;6;11;6;3;5;2;0;1;1;0;0;0;0;0
196831;11;3;3020307;2019;6;11;6;3;6;3;0;0;1;1;0;0;0;0
196832;11;1;1011303;2019;6;11;6;3;5;5;0;1;1;0;0;0;0;0
196833;11;1;1044201;2019;7;19;7;3;2;6;0;0;1;0;0;0;0;1
196834;11;11;11010205;2019;6;10;6;3;2;6;0;0;1;0;0;1;0;0
196835;11;1;1011302;2019;7;19;7;3;5;3;0;1;1;0;0;0;0;1
196836;11;1;1011302;2019;6;10;6;3;0;3;0;1;1;0;0;0;0;0
196837;11;4;4030929;2019;7;19;7;3;0;3;0;1;0;0;1;0;0;1
196838;11;2;2010102;2019;6;9;6;3;5;3;0;1;1;0;0;0;0;0
196839;11;2;2050601;2019;7;19;7;3;5;3;0;0;1;0;0;0;1;1
196840;11;12;12214125;2019;6;18;6;3;2;6;0;0;1;0;0;0;0;0
196841;11;6;6010207;2019;7;18;7;3;5;2;0;1;1;0;0;0;0;0
196842;11;8;8010303;2019;6;22;6;3;0;1;2;1;0;0;0;0;0;0
196843;11;6;6010103;2019;7;18;7;3;0;1;0;0;0;0;1;0;0;0
196844;11;9;9020702;2019;6;17;6;2;0;1;0;1;0;0;0;0;0;0
196845;11;7;7030301;2019;6;17;6;2;6;4;0;0;1;1;0;0;0;0
196846;11;10;10030724;2019;7;17;7;3;0;1;0;0;0;0;1;0;0;0
196847;11;1;1022201;2019;6;13;6;3;1;5;0;0;1;0;0;0;0;0
196848;11;4;4051549;2019;7;17;7;3;5;2;0;0;1;0;0;0;0;0
196849;11;11;11051229;2019;6;12;6;2;5;3;0;1;1;0;0;0;0;0
196850;11;9;9020701;2019;6;11;6;3;2;6;0;0;1;0;0;0;0;0
196851;11;1;1044201;2019;7;16;7;3;5;3;0;1;1;0;0;0;0;0
196852;11;4;4030415;2019;6;9;6;3;5;2;0;1;1;0;0;0;0;0
196853;11;1;1022206;2019;7;15;7;3;5;3;0;0;1;0;0;0;0;0
196854;11;4;4030931;2019;6;9;6;3;1;5;0;1;1;0;0;0;0;0
196855;11;4;4051654;2019;7;15;7;3;6;6;0;1;0;1;0;0;0;0
196856;11;1;1011303;2019;6;9;6;3;5;2;0;1;0;0;1;0;0;0
196857;11;5;5020416;2019;7;13;7;3;0;6;0;0;1;0;1;0;0;0
196858;11;9;9020702;2019;6;9;6;3;6;7;0;1;1;1;0;0;0;0
196859;11;8;8010303;2019;6;8;6;3;6;2;0;0;1;1;0;0;0;0
196860;11;1;1022106;2019;7;12;7;3;5;2;0;0;1;0;1;0;0;0
196861;11;3;3010101;2019;7;12;7;3;7;7;0;1;0;0;0;0;0;0
196862;11;4;4020314;2019;6;8;6;3;5;2;0;1;1;0;0;0;0;0
196863;11;9;9030901;2019;7;12;7;3;1;5;0;0;1;0;1;0;0;0
196864;11;2;2050802;2019;6;7;6;2;2;2;0;1;1;0;0;0;0;0
196865;11;7;7040403;2019;7;12;7;3;5;3;0;0;1;0;0;0;0;0
196866;11;6;6020303;2019;6;7;6;3;5;2;0;0;1;0;0;0;0;0
196867;11;4;4041136;2019;6;1;6;3;1;5;2;0;1;0;0;0;0;0
196868;11;1;1044201;2019;7;11;7;3;3;6;0;0;1;0;1;0;0;0
196869;11;4;4051447;2019;7;11;7;3;2;6;0;1;0;0;0;0;0;0
196870;11;8;8010301;2019;6;10;6;3;3;6;0;1;1;0;0;0;0;0
196871;11;8;8010118;2019;6;9;6;3;3;6;0;1;1;0;0;0;0;0
196872;11;6;6010210;2019;7;0;7;3;1;7;2;0;1;0;0;0;0;0
196873;11;11;11030824;2019;6;7;5;2;5;3;0;1;1;0;0;0;0;0
196874;11;8;8010118;2019;7;6;7;3;4;6;0;0;1;0;0;0;0;0
196875;11;3;3050924;2019;6;13;5;3;6;7;0;0;0;0;0;0;1;0
196876;11;6;6010103;2019;6;13;5;3;3;6;0;0;1;0;0;0;0;0
196877;11;1;1011201;2019;7;12;6;3;5;2;0;1;1;0;0;0;0;0
196878;11;1;1033203;2019;6;13;5;3;0;1;0;1;1;0;0;0;0;0
196879;11;10;10010310;2019;7;22;6;3;5;3;2;0;1;0;0;0;0;0
196880;11;1;1011202;2019;6;13;5;3;5;3;0;0;1;0;0;0;0;0
196881;11;8;8010118;2019;7;22;6;3;3;6;2;0;1;0;0;0;0;0
196882;11;4;4030931;2019;6;13;5;3;5;3;0;1;1;0;0;0;0;0
196883;11;7;7010102;2019;7;21;6;3;5;2;2;1;1;0;0;0;0;0
196884;11;9;9020501;2019;6;12;5;3;3;6;0;0;1;0;1;0;0;0
196885;11;4;4030828;2019;6;12;5;3;1;5;0;0;1;0;1;0;0;0
196886;11;6;6010102;2019;7;21;6;2;5;2;0;0;1;0;1;0;0;0
196887;11;1;1044201;2019;7;20;6;2;5;3;1;1;1;0;0;0;0;0
196888;11;1;1011301;2019;6;11;5;2;5;3;0;0;0;0;0;1;1;0
196889;11;1;1011303;2019;6;11;5;3;1;5;0;0;1;0;0;0;0;0
196890;11;1;1011301;2019;7;20;6;3;5;3;0;1;0;0;0;0;0;0
196891;11;10;10010308;2019;6;20;5;3;5;2;0;0;1;0;0;0;0;0
196892;11;1;1011301;2019;7;19;6;3;0;2;0;0;1;0;0;0;1;0
196893;11;4;4030827;2019;6;19;5;3;5;2;0;1;1;0;0;0;0;0
196894;11;9;9051702;2019;7;18;6;3;3;6;0;0;1;0;0;0;1;0
196895;11;2;2030301;2019;6;18;5;3;1;5;0;1;1;0;0;0;1;0
196896;11;7;7040405;2019;7;17;6;3;6;7;0;0;1;1;0;0;0;0
196897;11;1;1033203;2019;6;11;5;3;4;6;0;1;1;0;0;0;0;0
196898;11;7;7070704;2019;7;17;6;2;5;3;0;0;1;0;1;0;0;0
196899;11;11;11041128;2019;6;11;5;2;5;3;0;1;1;0;0;0;0;0
196900;11;6;6040804;2019;7;17;6;3;5;2;0;1;0;0;0;0;1;0
196901;11;3;3061228;2019;6;11;5;3;5;2;0;1;0;0;0;0;1;0
196902;11;7;7030301;2019;6;10;5;3;0;2;0;1;0;0;1;0;0;0
196903;11;3;3040614;2019;7;16;6;3;5;3;0;1;1;0;0;0;0;0
196904;11;2;2010102;2019;6;18;5;3;6;2;0;0;1;1;0;0;0;0
196905;11;12;12214421;2019;7;16;6;3;2;6;0;0;1;0;0;0;0;0
196906;11;9;9020501;2019;6;11;5;3;5;2;0;1;1;0;0;0;0;0
196907;11;2;2050602;2019;7;15;6;3;2;2;0;1;1;0;0;0;0;0
196908;11;11;11020513;2019;6;10;5;3;5;2;0;0;1;0;0;0;0;0
196909;11;3;3061126;2019;7;13;6;3;5;3;0;1;1;0;0;0;0;0
196910;11;8;8030831;2019;6;18;5;2;0;2;0;1;1;0;0;0;0;0
196911;11;3;3040818;2019;6;9;5;3;1;5;0;1;0;0;0;0;1;0
196912;11;2;2040703;2019;7;13;6;3;2;6;0;0;1;0;0;0;0;0
196913;11;8;8010212;2019;7;13;6;3;2;6;0;0;1;0;0;0;0;0
196914;11;2;2010101;2019;6;18;5;3;6;2;0;0;1;1;0;0;0;0
196915;11;1;1011302;2019;6;18;5;3;1;5;0;0;1;0;1;0;0;0
196916;11;9;9020701;2019;7;13;6;3;5;2;0;1;1;0;0;0;0;0
196917;11;9;9010202;2019;6;18;5;3;0;2;0;0;1;0;0;0;1;0
196918;11;6;6010205;2019;7;13;6;3;1;5;0;0;1;0;0;0;0;0
196919;11;11;11051331;2019;6;18;5;3;5;2;0;1;1;0;0;0;0;0
196920;11;6;6010210;2019;6;18;5;3;1;5;0;1;1;0;0;0;0;0
196921;11;1;1033202;2019;7;12;6;3;5;3;0;1;1;0;0;0;0;0
196922;11;1;1022204;2019;6;18;5;3;2;6;0;0;1;0;0;0;0;0
196923;11;2;2040701;2019;6;18;5;2;1;1;0;0;1;0;0;0;1;0
196924;11;7;7020201;2019;7;10;6;3;2;2;0;0;1;0;0;0;0;0
196925;11;10;10040933;2019;6;18;5;3;0;1;0;1;0;0;0;0;0;0
196926;11;10;10020622;2019;6;17;5;3;1;5;0;1;1;0;0;0;1;0
196927;11;5;5030730;2019;7;8;6;2;2;6;0;0;1;0;1;0;0;0
196928;11;11;11040926;2019;6;22;5;3;2;6;2;1;1;0;0;0;0;0
196929;11;8;8010214;2019;7;8;6;3;5;3;0;0;1;0;0;0;0;0
196930;11;2;2040503;2019;6;17;5;3;5;2;0;1;0;0;0;0;0;0
196931;11;1;1044202;2019;7;8;6;3;5;2;0;1;1;0;0;0;0;0
196932;11;3;3061228;2019;6;14;5;3;5;3;0;0;1;0;1;0;0;0
196933;11;3;3030405;2019;7;5;6;3;0;1;0;1;0;0;0;0;0;1
196934;11;2;2050801;2019;6;14;5;2;0;6;0;1;1;0;0;0;0;0
196935;11;1;1033102;2019;6;20;5;3;0;1;0;1;0;0;0;0;0;0
196936;11;11;11041128;2019;7;4;6;3;0;1;0;1;0;0;0;0;0;0
196937;11;2;2050602;2019;7;1;6;3;0;7;2;1;0;0;0;0;1;0
196938;11;4;4030931;2019;6;14;5;3;0;1;0;0;0;0;1;0;0;0
196939;11;7;7020203;2019;6;13;5;3;5;2;0;1;1;0;0;0;0;0
196940;11;5;5020625;2019;7;15;6;2;0;6;0;0;1;0;0;0;1;0
196941;11;1;1011401;2019;6;9;5;2;0;1;0;1;0;0;0;0;0;0
196942;11;1;1011305;2019;7;11;5;3;1;5;0;1;1;0;0;0;0;0
196943;11;4;4051549;2019;6;9;5;3;5;3;0;1;1;0;0;0;0;0
196944;11;1;1044202;2019;7;21;5;3;3;6;2;0;1;0;0;0;0;0
196945;11;6;6040810;2019;6;8;5;2;5;2;0;0;1;0;0;0;0;0