OBJECTID;LAND;BEZ;LOR_ab_2021;UJAHR;UMONAT;USTUNDE;UWOCHENTAG;UKATEGORIE;UART;UTYP1;ULICHTVERH;IstRad;IstPKW;IstFuss;IstKrad;IstGkfz;IstSonstige;USTRZUSTAND
196946;11;2;2020202;2019;7;20;5;3;5;2;1;0;1;0;0;0;0;0
196947;11;1;1011301;2019;6;8;5;3;5;2;0;1;1;0;0;0;0;0
196948;11;3;3061227;2019;6;8;5;2;5;2;0;1;0;0;0;1;0;0
196949;11;9;9051702;2019;7;17;4;3;5;3;0;0;1;0;1;0;0;0
196950;11;2;2020204;2019;7;16;4;3;2;6;0;1;0;0;0;0;0;0
196951;11;1;1011303;2019;7;9;4;3;5;2;0;0;1;0;1;0;0;0
196952;11;6;6040701;2019;7;17;4;3;7;7;0;0;0;0;1;0;0;0
196953;11;1;1022201;2019;7;14;6;3;1;5;0;0;1;0;1;0;0;0
196954;11;4;4030417;2019;7;17;4;3;5;3;0;1;1;0;0;0;0;0
196955;11;4;4051654;2019;7;16;4;3;3;6;0;0;1;0;1;0;0;0
196956;11;8;8010301;2019;7;8;4;3;1;5;0;1;1;0;0;0;0;0
196957;11;1;1011304;2019;7;1;5;3;5;2;2;1;1;0;0;0;0;0
196958;11;2;2050803;2019;7;20;5;3;2;2;0;0;1;0;0;0;0;0
196959;11;11;11020513;2019;7;20;5;3;5;2;0;1;1;0;0;0;0;0
196960;11;1;1033201;2019;7;19;5;3;5;2;0;0;1;0;1;0;0;0
196961;11;4;4030931;2019;7;19;5;3;5;2;0;1;1;0;0;0;0;0
196962;11;4;4030416;2019;7;19;5;3;1;5;0;1;1;0;0;0;0;0
196963;11;2;2010104;2019;7;19;5;3;1;5;0;1;1;0;0;0;0;0
196964;11;3;3061126;2019;7;18;5;3;2;6;0;0;1;0;1;0;0;0
196965;11;9;9051901;2019;7;18;5;3;2;6;0;0;0;0;0;0;1;0
196966;11;7;7040404;2019;7;15;5;3;5;2;0;1;1;0;0;0;0;0
196967;11;5;5040938;2019;7;15;5;3;1;5;0;1;1;0;0;0;0;0
196968;11;5;5010101;2019;7;17;5;2;5;3;0;0;1;0;1;0;0;0
196969;11;9;9020701;2019;7;15;5;2;5;3;0;1;1;0;0;0;0;0
196970;11;4;4030415;2019;7;9;5;3;0;7;0;1;0;0;0;0;0;0
196971;11;1;1011302;2019;7;15;5;2;3;6;0;1;1;0;0;0;0;0
196972;11;9;9031101;2019;7;14;5;3;5;7;0;0;1;0;0;0;0;0
196973;11;9;9030901;2019;7;10;5;3;5;2;0;0;1;0;0;0;0;0
196974;11;8;8030829;2019;7;18;5;3;5;3;0;0;1;0;0;0;0;0
196975;11;1;1011204;2019;7;22;5;2;0;1;2;0;0;0;0;0;1;0
196976;11;6;6020306;2019;7;23;5;3;5;3;2;0;1;0;1;0;0;0
196977;11;7;7020202;2019;7;13;5;3;5;2;0;1;1;0;0;0;0;0
196978;11;5;5020419;2019;7;8;5;3;6;4;0;0;0;1;0;1;0;0
196979;11;7;7010101;2019;7;8;5;3;5;2;0;1;0;0;0;1;0;0
196980;11;4;4061757;2019;7;12;5;3;1;5;0;1;0;0;0;0;1;0
196981;11;1;1011101;2019;7;12;5;3;3;6;0;0;1;0;1;0;0;0
196982;11;1;1033101;2019;7;12;5;2;5;3;0;0;1;0;1;0;0;0
196983;11;11;11010310;2019;7;12;5;3;5;2;0;1;1;0;0;0;0;0
196984;11;9;9020702;2019;7;8;5;2;5;2;0;1;1;0;0;0;0;0
196985;11;2;2020204;2019;7;10;5;2;5;2;0;0;1;0;0;0;1;0
196986;11;2;2010103;2019;7;10;5;2;0;6;0;0;1;0;0;0;1;0
196987;11;7;7040404;2019;7;7;5;3;2;6;0;0;0;0;1;1;0;0
196988;11;3;3061227;2019;7;7;5;3;5;3;0;1;0;0;0;0;1;0
196989;11;9;9010101;2019;7;7;5;3;5;2;0;1;1;0;0;0;0;0
196990;11;12;12103117;2019;7;6;5;3;0;7;0;0;1;0;1;0;0;1
196991;11;1;1011101;2019;7;10;5;3;5;3;0;0;1;0;0;0;0;0
196992;11;2;2020206;2019;7;9;5;3;1;5;0;0;1;0;0;0;0;0
196993;11;6;6040701;2019;7;9;5;3;0;3;0;1;0;0;0;0;0;0
196994;11;4;4030725;2019;7;9;5;2;5;3;0;1;1;0;0;0;0;0
196995;11;2;2010102;2019;7;8;5;2;0;1;0;0;1;0;0;0;0;0
196996;11;1;1011103;2019;7;17;5;3;0;6;0;0;1;0;0;0;1;0
196997;11;5;5010101;2019;7;9;5;1;3;6;0;1;0;0;0;1;0;0
196998;11;4;4030931;2019;7;17;4;3;5;2;0;1;1;0;0;0;0;0
196999;11;1;1033203;2019;7;17;4;3;2;6;0;1;1;0;0;0;0;0
197000;11;10;10040828;2019;7;16;4;3;5;3;0;1;1;0;0;0;0;0
197001;11;7;7010104;2019;7;15;4;3;2;6;0;0;1;0;0;0;0;0
197002;11;8;8020622;2019;7;15;4;3;5;7;0;0;1;0;0;0;0;0
197003;11;6;6030610;2019;7;15;4;2;5;2;0;0;1;0;0;0;0;0
197004;11;7;7020204;2019;7;17;4;3;1;5;0;1;1;0;0;0;0;0
197005;11;8;8020728;2019;7;15;4;3;0;6;0;0;1;0;0;0;1;0
197006;11;2;2040503;2019;7;14;4;3;2;6;0;0;1;0;1;0;1;0
197007;11;8;8041038;2019;7;13;4;3;2;7;0;1;0;0;0;0;1;0
197008;11;9;9020802;2019;7;12;4;2;0;4;0;0;0;1;0;0;1;0
197009;11;2;2020204;2019;7;11;4;3;5;2;0;1;1;0;0;0;0;0
197010;11;6;6010206;2019;7;11;4;3;0;1;0;1;0;0;0;0;0;0
197011;11;7;7040403;2019;7;10;4;3;5;2;0;0;1;0;1;0;0;0
197012;11;7;7020203;2019;7;9;4;2;5;2;0;1;0;0;1;0;0;0
197013;11;9;9051801;2019;7;9;4;3;2;3;0;1;1;0;0;0;0;0
197014;11;2;2010103;2019;7;8;4;3;5;3;0;1;1;0;0;0;0;0
197015;11;12;12214125;2019;7;23;4;2;2;6;2;0;1;0;0;0;1;0
197016;11;4;4010102;2019;7;20;4;2;1;1;0;0;1;0;0;0;0;0
197017;11;8;8041036;2019;7;19;4;3;5;3;0;0;1;0;0;0;0;0
197018;11;1;1033203;2019;7;19;4;2;0;6;0;1;1;0;0;0;0;0
197019;11;3;3030715;2019;7;6;4;3;0;3;0;0;1;0;1;0;0;0
197020;11;3;3061228;2019;7;6;4;3;5;3;0;1;1;0;0;0;0;0
197021;11;11;11041022;2019;7;5;4;3;5;3;0;1;1;0;0;0;0;0
197022;11;2;2050802;2019;7;1;4;2;0;1;2;0;0;0;0;0;1;0
197023;11;6;6030609;2019;7;15;4;3;5;2;0;0;1;0;0;0;1;0
197024;11;2;2030402;2019;7;9;3;2;0;2;0;1;1;0;0;0;0;0
197025;11;2;2040502;2019;7;16;3;3;5;2;0;1;0;0;0;0;0;0
197026;11;2;2010103;2019;7;18;3;3;5;2;0;1;1;0;0;0;0;0
197027;11;3;3050925;2019;7;17;3;3;5;7;0;1;1;0;0;0;0;0
197028;11;9;9020501;2019;7;17;3;2;5;3;0;0;1;0;1;0;0;0
197029;11;8;8010301;2019;7;17;3;3;1;5;0;1;1;0;0;0;1;0
197030;11;9;9051701;2019;7;16;3;3;2;7;0;0;1;0;0;0;0;0
197031;11;2;2020204;2019;7;2;3;3;1;1;2;0;1;0;0;0;0;0
197032;11;10;11030720;2019;7;14;3;3;2;6;0;0;1;0;0;0;1;0
197033;11;5;5020524;2019;7;14;3;3;5;2;0;0;1;0;0;0;0;0
197034;11;12;12224230;2019;7;13;3;3;1;5;0;0;1;0;1;0;0;0
197035;11;4;4051448;2019;7;13;3;3;1;5;0;1;1;0;0;0;0;0
197036;11;8;8041037;2019;7;13;3;3;5;3;0;1;1;0;0;0;0;0
197037;11;7;7040405;2019;7;12;3;3;5;3;0;0;1;0;0;0;0;0
197038;11;4;4010101;2019;7;12;3;3;2;6;0;0;1;0;0;0;0;0
197039;11;2;2050802;2019;7;12;3;3;5;2;0;1;0;0;0;1;0;0
197040;11;4;4051446;2019;7;10;3;3;6;4;0;0;1;1;0;0;0;0
197041;11;4;4041239;2019;7;10;3;3;5;2;0;1;1;0;0;0;0;0
197042;11;1;1011204;2019;7;18;3;3;4;6;0;1;0;0;0;0;1;0
197043;11;2;2020204;2019;7;9;3;3;6;7;0;0;1;1;0;0;0;0
197044;11;8;8010301;2019;7;19;3;3;0;3;0;1;0;0;0;0;0;0
197045;11;3;3061430;2019;7;19;3;3;5;2;0;1;1;0;0;0;0;0
197046;11;9;9020802;2019;7;6;3;2;3;6;0;0;1;0;0;0;0;0
197047;11;9;9020701;2019;7;18;3;3;2;6;0;0;1;0;0;0;1;0
197048;11;9;9010402;2019;7;18;3;2;0;1;0;0;0;0;1;0;0;0
197049;11;9;9031101;2019;7;18;3;3;5;3;0;1;0;0;0;0;1;0
197050;11;3;3020203;2019;7;16;3;3;5;3;0;1;1;0;0;0;0;0
197051;11;4;4030415;2019;7;16;3;3;2;2;0;0;1;0;1;0;0;0
197052;11;2;2020206;2019;7;16;3;3;0;1;0;1;0;0;0;0;0;0
197053;11;4;4051448;2019;7;15;3;3;2;6;0;1;1;0;0;0;0;0
197054;11;5;5010101;2019;7;15;3;3;3;6;0;1;0;0;0;0;1;0
197055;11;1;1044101;2019;7;15;3;3;0;6;0;0;0;0;0;0;1;0
197056;11;2;2040701;2019;7;17;3;3;2;6;0;0;1;0;1;0;0;0
197057;11;8;8010301;2019;7;21;3;3;3;6;0;1;1;0;0;0;0;0
197058;11;11;11020513;2019;7;13;3;3;2;6;0;0;1;0;0;0;0;0
197059;11;9;9020502;2019;7;8;3;3;1;1;0;0;1;0;1;0;0;0
197060;11;11;11020412;2019;7;16;2;3;2;6;0;0;1;0;0;0;0;0
197061;11;5;5020629;2019;7;17;2;3;5;2;0;0;1;0;1;0;0;0
197062;11;1;1011202;2019;7;16;2;3;2;2;0;0;0;0;1;0;1;0
197063;11;6;6040805;2019;7;15;2;3;1;5;0;0;1;0;0;1;0;0
197064;11;2;2040701;2019;7;21;2;2;5;2;2;1;1;0;0;0;0;0
197065;11;8;8020727;2019;7;17;2;3;2;6;0;0;1;0;1;0;0;0
197066;11;6;6010102;2019;7;19;2;3;0;1;0;0;0;0;1;0;0;0
197067;11;8;8010510;2019;7;15;2;3;2;6;0;0;1;0;0;0;0;0
197068;11;12;12214125;2019;7;15;2;2;6;4;0;0;1;1;0;0;1;0
197069;11;1;1011202;2019;7;13;2;3;5;3;0;0;1;0;0;0;0;0
197070;11;6;6030501;2019;7;12;2;3;5;3;0;0;1;0;0;0;0;0
197071;11;2;2020206;2019;7;21;2;3;1;5;2;0;1;0;0;0;0;0
197072;11;1;1011301;2019;7;12;2;3;3;6;0;1;0;0;0;1;0;0
197073;11;1;1022106;2019;7;10;2;3;3;6;0;1;0;0;0;1;0;0
197074;11;4;4020311;2019;7;10;2;3;5;3;0;0;1;0;0;0;0;0
197075;11;1;1011302;2019;7;10;2;3;2;6;0;0;1;0;0;0;0;0
197076;11;9;9020701;2019;7;10;2;3;3;6;0;0;1;0;0;1;0;0
197077;11;9;9020601;2019;7;9;2;3;5;3;0;1;1;0;0;0;0;0
197078;11;6;6040703;2019;7;8;2;3;5;3;0;1;1;0;0;0;0;1
197079;11;7;7040405;2019;7;8;2;3;2;6;0;0;1;0;0;0;0;0
197080;11;5;5010205;2019;7;6;2;3;0;6;0;0;1;0;1;0;0;0
197081;11;1;1022204;2019;7;9;2;3;5;7;0;1;1;0;0;0;0;0
197082;11;1;1044201;2019;7;12;1;3;2;6;0;0;1;0;0;0;0;0
197083;11;1;1022206;2019;7;18;1;3;0;1;0;1;0;0;0;0;0;0
197084;11;3;3061228;2019;7;14;1;3;3;6;0;0;1;0;0;0;1;0
197085;11;2;2030302;2019;7;1;1;3;9;1;2;0;1;0;0;0;0;1
197086;11;1;1011402;2019;7;1;1;3;0;1;2;1;0;0;0;0;0;1
197087;11;2;2030301;2019;7;21;1;2;0;3;1;0;1;0;1;0;0;0
197088;11;2;2040702;2019;7;19;1;3;0;7;0;0;0;0;0;0;1;0
197089;11;5;5020521;2019;7;18;1;3;2;6;0;0;1;0;0;0;0;0
197090;11;8;8010118;2019;7;17;1;3;6;4;0;0;0;1;1;0;0;0
197091;11;10;10040933;2019;7;10;1;3;8;1;0;0;1;0;0;0;0;0
197092;11;1;1044203;2019;7;20;1;3;6;4;1;1;0;1;0;0;0;0
197093;11;12;12214424;2019;7;13;7;3;0;3;0;0;1;0;1;0;0;0
197094;11;2;2040703;2019;7;15;7;3;0;1;0;0;1;0;0;0;0;1
197095;11;9;9010302;2019;7;3;7;2;9;1;1;0;0;0;1;0;0;0
197096;11;4;4030931;2019;7;0;7;3;3;6;2;0;1;0;0;0;0;0
197097;11;6;6040810;2019;7;18;7;3;3;6;0;1;1;0;0;0;0;1
197098;11;7;7010104;2019;7;23;7;3;6;4;2;0;1;1;0;0;0;1
197099;11;7;7070704;2019;7;22;7;2;0;2;2;0;1;0;1;0;0;1
197100;11;10;10030724;2019;7;21;7;3;5;2;2;1;1;0;0;0;0;1
197101;11;8;8010213;2019;7;21;7;3;6;2;1;0;1;1;0;0;0;1
197102;11;2;2030301;2019;7;19;7;3;5;7;0;0;1;0;1;0;0;0
197103;11;9;9020802;2019;7;18;7;2;5;7;0;0;1;0;0;0;0;0
197104;11;1;1011301;2019;7;17;7;3;6;2;0;0;1;1;0;0;0;0
197105;11;6;6010206;2019;7;16;7;3;2;6;0;1;1;0;0;0;0;1
197106;11;1;1033102;2019;7;16;7;3;1;5;0;0;1;0;0;0;0;1
197107;11;7;7010104;2019;7;15;7;3;0;1;0;0;1;0;1;0;0;1
197108;11;1;1044101;2019;7;14;7;3;5;3;0;1;1;0;0;0;0;1
197109;11;12;12224230;2019;7;14;7;3;2;6;0;0;1;0;0;0;0;0
197110;11;6;6040701;2019;7;14;7;3;6;4;0;0;1;1;0;0;0;0
197111;11;5;5010207;2019;7;13;7;3;5;2;0;0;1;0;1;0;0;0
197112;11;5;5010103;2019;7;13;7;3;5;3;0;0;1;0;0;0;0;0
197113;11;11;11030721;2019;7;13;7;3;0;1;0;1;0;0;0;0;0;0
197114;11;7;7010104;2019;7;12;7;3;5;2;0;1;1;0;0;0;0;0
197115;11;8;8010404;2019;7;12;7;3;5;2;0;0;1;0;0;0;0;0
197116;11;4;4051654;2019;7;11;7;3;2;3;0;0;1;0;0;0;0;0
197117;11;6;6040810;2019;7;8;7;3;0;2;0;1;1;0;0;0;0;0
197118;11;1;1022106;2019;7;7;7;3;6;2;0;0;1;1;0;0;0;0
197119;11;4;4030930;2019;7;10;7;3;3;6;0;1;1;0;0;0;0;0
197120;11;9;9010401;2019;7;12;7;3;2;6;0;0;1;0;0;0;1;0
197121;11;10;10040933;2019;7;8;6;2;5;3;0;1;1;0;0;0;0;1
197122;11;4;4030931;2019;7;14;6;3;1;5;0;0;1;0;0;0;0;0
197123;11;10;10030727;2019;7;10;6;3;5;3;0;0;1;0;0;0;0;1
197124;11;7;7020202;2019;7;11;6;3;6;7;0;0;1;1;0;0;0;0
197125;11;8;8010211;2019;7;21;6;3;0;5;2;0;1;0;0;0;0;0
197126;11;3;3061126;2019;7;17;6;3;5;2;0;1;1;0;0;0;0;0
197127;11;1;1022206;2019;7;17;6;3;3;6;0;1;0;0;0;0;1;1
197128;11;6;6030503;2019;7;17;6;3;5;2;0;1;1;0;0;0;0;0
197129;11;10;10010310;2019;7;17;4;3;2;2;0;0;1;0;0;0;0;0
197130;11;4;4051655;2019;7;8;4;3;5;3;0;1;0;0;0;0;1;0
197131;11;5;5010204;2019;7;15;6;3;5;2;0;1;1;0;0;0;0;1
197132;11;6;6030609;2019;7;14;6;3;2;6;0;0;1;0;0;0;0;0
197133;11;3;3010102;2019;7;14;6;2;5;3;0;0;1;0;1;0;0;1
197134;11;1;1033102;2019;7;14;6;3;2;6;0;0;1;0;0;0;0;1
197135;11;12;12214125;2019;7;14;6;3;2;2;0;0;1;0;0;0;1;1
197136;11;12;12302107;2019;7;13;6;3;2;6;0;0;1;0;0;0;0;1
197137;11;1;1022106;2019;7;12;6;3;2;6;0;0;1;0;0;0;0;1
197138;11;2;2040703;2019;7;12;6;3;6;7;0;1;0;0;0;0;1;1
197139;11;10;10010311;2019;7;16;6;3;2;6;0;0;1;0;0;0;0;0
197140;11;10;10010308;2019;7;12;6;3;5;3;0;0;1;0;0;0;1;1
197141;11;10;10020412;2019;7;12;6;3;5;3;0;1;1;0;0;0;0;1
197142;11;7;7060604;2019;7;11;6;3;5;2;0;0;1;0;0;0;0;0
197143;11;12;12301203;2019;7;10;6;2;5;3;0;0;1;0;0;0;0;1
197144;11;7;7010104;2019;7;10;6;3;0;1;0;1;0;0;0;0;0;1
197145;11;11;11040926;2019;7;12;6;3;1;5;0;1;1;0;0;0;0;1
197146;11;12;12304314;2019;7;10;6;3;8;1;0;0;1;0;0;0;0;1
197147;11;3;3040614;2019;7;16;6;3;2;6;0;0;1;0;0;0;0;1
197148;11;4;4030623;2019;7;15;6;3;5;7;0;0;1;0;0;0;0;1
197149;11;1;1011101;2019;7;10;6;3;0;1;0;0;0;0;1;0;0;1
197150;11;3;3010102;2019;7;10;6;3;0;3;0;0;1;0;1;0;0;1
197151;11;7;7030301;2019;7;9;6;3;1;5;0;1;1;0;0;0;0;1
197152;11;4;4051549;2019;7;9;6;3;2;6;0;0;1;0;0;0;1;1
197153;11;5;5010103;2019;7;8;6;3;2;6;0;0;1;0;0;0;0;1
197154;11;1;1011204;2019;7;9;6;3;0;7;0;1;1;0;0;0;0;0
197155;11;7;7050504;2019;7;8;6;2;9;1;0;0;1;0;0;0;0;1
197156;11;4;4031032;2019;7;8;6;3;0;1;0;0;0;0;1;0;0;1
197157;11;7;7040404;2019;7;8;6;3;5;2;0;0;1;0;0;0;1;1
197158;11;1;1011105;2019;7;7;6;3;2;6;0;0;1;0;0;1;0;1
197159;11;10;10020413;2019;7;7;6;3;5;3;0;0;1;0;0;0;0;1
197160;11;12;12304314;2019;7;7;6;3;2;6;0;0;1;0;0;0;0;1
197161;11;1;1011401;2019;7;6;6;2;5;2;0;0;1;0;1;0;0;1
197162;11;5;5020626;2019;7;6;6;3;5;3;0;0;1;0;0;0;0;1
197163;11;2;2020204;2019;7;1;6;3;0;3;2;1;1;0;0;0;0;0
197164;11;4;4030827;2019;7;16;6;3;2;7;0;1;1;0;0;0;0;0
197165;11;2;2020202;2019;7;9;5;3;5;2;0;1;0;0;0;0;0;0
197166;11;2;2040702;2019;7;14;5;3;6;7;0;0;0;1;0;0;1;0
197167;11;2;2040701;2019;7;14;5;3;6;4;0;1;0;1;0;0;0;0
197168;11;5;5020625;2019;7;14;5;3;5;3;0;0;1;0;1;0;0;0
197169;11;3;3040614;2019;7;14;5;3;2;6;0;0;1;0;0;0;0;0
197170;11;7;7040403;2019;7;22;5;3;5;2;2;1;1;0;0;0;0;1
197171;11;1;1033203;2019;7;13;5;3;6;4;0;1;0;1;0;0;0;0
197172;11;4;4030415;2019;7;19;5;2;0;7;0;1;0;0;0;0;0;0
197173;11;1;1011201;2019;7;13;5;3;6;6;0;1;0;1;0;0;0;0
197174;11;2;2050803;2019;7;20;5;3;2;6;0;0;1;0;1;0;0;0
197175;11;1;1033102;2019;7;19;5;3;6;4;0;0;1;1;0;0;0;0
197176;11;2;2050601;2019;7;13;5;3;2;7;0;0;1;0;1;0;0;0
197177;11;2;2030302;2019;7;20;5;3;5;3;0;1;0;0;0;0;0;0
197178;11;10;10010310;2019;7;12;5;3;0;3;0;0;1;0;1;0;0;0
197179;11;4;7030301;2019;7;12;5;2;5;3;0;0;1;0;0;0;0;0
197180;11;5;5020625;2019;7;11;5;3;5;2;0;0;1;0;1;0;0;0
197181;11;2;2050602;2019;7;10;5;3;5;2;0;1;1;0;0;0;0;0
197182;11;9;9010202;2019;7;9;5;2;2;6;0;0;1;0;0;0;0;0
197183;11;1;1022202;2019;7;9;5;3;5;2;0;0;1;0;0;0;0;0
197184;11;8;8010301;2019;7;17;5;2;1;5;0;1;1;0;0;0;0;0
197185;11;7;7020201;2019;7;8;5;3;5;2;0;1;1;0;0;0;0;0
197186;11;2;2010101;2019;7;8;5;3;6;2;0;0;1;1;0;0;0;0
197187;11;9;9010202;2019;7;9;5;3;5;2;0;1;1;0;0;0;0;0
197188;11;8;8010212;2019;7;23;5;3;9;1;2;0;1;0;0;0;0;1
197189;11;12;12304314;2019;7;23;5;3;0;1;2;1;0;0;0;0;0;0
197190;11;8;8010117;2019;7;22;5;3;1;5;2;1;1;0;0;0;0;1
197191;11;7;7050503;2019;7;17;5;3;6;7;0;0;1;1;0;0;0;0
197192;11;11;11040926;2019;7;14;5;3;0;1;0;0;0;0;1;0;0;0
197193;11;5;5010339;2019;7;21;4;3;1;5;1;0;1;0;0;1;0;0
197194;11;7;7040406;2019;7;21;4;2;5;3;1;1;0;0;0;0;1;0
197195;11;2;2020204;2019;7;21;4;3;5;3;1;1;1;0;0;0;0;1
197196;11;1;1011401;2019;7;21;4;3;0;1;2;0;0;0;1;0;0;1
197197;11;1;1011201;2019;7;21;4;3;5;3;2;1;1;0;0;0;0;1
197198;11;4;4030930;2019;7;20;4;3;3;6;0;1;1;0;0;0;0;0
197199;11;5;5020420;2019;7;20;4;2;9;1;0;0;0;0;1;0;0;0
197200;11;1;1011202;2019;7;20;4;3;5;2;0;1;1;0;0;0;0;0
197201;11;11;11030619;2019;7;19;4;3;5;3;0;0;1;0;0;0;0;0
197202;11;2;2020204;2019;7;19;4;3;0;2;0;0;1;0;1;0;0;0
197203;11;10;10010308;2019;7;18;4;3;5;7;0;0;1;0;0;0;0;0
197204;11;6;6010103;2019;7;18;4;3;0;6;0;1;0;0;0;0;1;0
197205;11;8;8010404;2019;7;17;4;3;5;2;0;1;1;0;0;0;0;0
197206;11;1;1011201;2019;7;17;4;3;5;2;0;1;1;0;0;0;0;0
197207;11;10;10030724;2019;7;15;4;3;5;2;0;0;1;0;0;0;0;0
197208;11;3;3061430;2019;7;14;4;3;5;3;0;1;0;0;0;0;1;0
197209;11;1;1033203;2019;7;14;4;3;2;7;0;1;1;0;0;0;0;0
197210;11;12;12214125;2019;7;13;4;3;3;6;0;0;1;0;0;0;0;0
197211;11;12;12224230;2019;7;13;4;3;1;5;0;0;1;0;0;0;0;0
197212;11;8;8010117;2019;7;11;4;3;2;6;0;0;1;0;0;1;0;0
197213;11;9;9020602;2019;7;10;4;2;6;4;0;0;1;1;0;0;0;0
197214;11;3;3040818;2019;7;7;4;3;1;5;0;0;1;0;0;0;1;0
197215;11;3;3030715;2019;7;10;4;3;2;6;0;0;1;0;0;0;0;0
197216;11;3;3061126;2019;7;9;4;3;3;6;0;0;1;0;1;0;0;0
197217;11;1;1011301;2019;7;10;4;3;5;3;0;0;1;0;1;0;0;0
197218;11;8;8010301;2019;7;3;7;3;2;6;2;1;1;0;0;0;0;0
197219;11;2;2020204;2019;7;3;7;2;0;1;2;0;0;0;1;0;0;0
197220;11;5;5030833;2019;7;2;7;2;0;1;2;0;1;0;0;0;0;0
197221;11;1;1011101;2019;7;22;6;2;5;3;2;1;0;0;0;0;0;0
197222;11;4;4030621;2019;7;14;7;3;5;2;0;1;1;0;0;0;0;0
197223;11;4;4030827;2019;7;14;7;2;3;6;0;1;1;0;0;0;0;0
197224;11;1;1022201;2019;7;13;7;3;0;2;0;0;1;0;1;0;0;0
197225;11;9;9010101;2019;7;22;7;3;6;4;2;1;0;1;0;0;0;0
197226;11;1;1011203;2019;7;13;7;2;0;7;0;0;1;1;0;0;1;0
197227;11;1;1022104;2019;7;12;7;2;2;2;0;1;1;0;0;0;0;0
197228;11;2;2040701;2019;7;21;7;3;5;2;1;1;1;0;0;0;0;0
197229;11;5;5020626;2019;7;12;7;2;5;2;0;0;1;0;0;0;0;0
197230;11;12;12231101;2019;7;12;7;3;5;2;0;1;1;0;0;0;0;0
197231;11;6;6040703;2019;7;12;7;3;5;2;0;1;1;0;0;0;0;0
197232;11;12;12103220;2019;7;12;7;3;4;5;0;0;1;0;0;0;1;0
197233;11;10;10030724;2019;7;19;7;3;3;6;0;0;1;0;1;0;0;0
197234;11;8;8030831;2019;7;11;7;3;0;1;0;0;0;0;1;0;0;0
197235;11;1;1011401;2019;7;11;7;3;1;5;0;1;0;0;0;0;1;0
197236;11;3;3050923;2019;7;11;7;3;5;2;0;0;1;0;0;0;0;0
197237;11;9;9010202;2019;7;11;7;3;5;3;0;0;1;0;0;0;0;0
197238;11;1;1011101;2019;7;11;7;2;5;3;0;1;1;0;0;0;0;0
197239;11;11;11051332;2019;7;10;7;3;5;3;0;1;0;0;0;0;1;0
197240;11;9;9020701;2019;7;8;7;3;0;6;0;0;0;0;1;0;1;0
197241;11;2;2040701;2019;7;4;7;3;5;3;1;0;1;0;0;0;0;0
197242;11;4;4020310;2019;7;7;6;3;3;6;0;1;0;0;0;0;1;0
197243;11;9;9010401;2019;7;6;6;3;3;6;0;1;0;0;0;0;1;0
197244;11;11;11010310;2019;7;16;6;3;5;2;0;1;1;0;0;0;0;0
197245;11;3;3020209;2019;7;16;6;3;5;3;0;1;1;0;0;0;0;0
197246;11;6;6010206;2019;7;15;6;3;2;6;0;0;1;0;1;0;0;0
197247;11;11;11051331;2019;7;15;6;2;0;1;0;0;0;0;0;0;1;0
197248;11;6;6030503;2019;7;15;6;2;5;7;0;0;0;0;1;0;1;0
197249;11;2;2030401;2019;7;15;6;2;5;3;0;1;0;0;0;0;1;0
197250;11;7;7010102;2019;7;13;6;3;2;6;0;0;1;0;0;0;1;0
197251;11;3;3051017;2019;7;13;6;3;5;3;0;0;1;0;0;0;0;0
197252;11;4;4010102;2019;7;13;6;3;2;6;0;0;1;0;1;0;0;0
197253;11;9;9010401;2019;7;13;6;3;5;2;0;1;1;0;0;0;0;0
197254;11;8;8020625;2019;7;12;6;2;2;6;0;0;1;0;0;0;0;0
197255;11;2;2020205;2019;7;12;6;3;0;7;0;1;0;0;0;0;0;0
197256;11;4;4030724;2019;7;11;6;3;6;7;0;0;1;1;0;0;0;0
197257;11;7;7070701;2019;7;11;6;3;3;6;0;0;1;0;1;0;0;0
197258;11;2;2030302;2019;7;10;6;3;5;2;0;1;0;0;0;1;0;0
197259;11;3;3061430;2019;7;22;6;3;5;3;2;1;1;0;0;0;0;0
197260;11;7;7040403;2019;7;21;6;3;5;2;2;0;1;0;0;0;0;0
197261;11;9;9010101;2019;7;21;6;2;5;3;1;1;1;0;0;0;0;0
197262;11;2;2040701;2019;7;20;6;3;5;3;0;1;1;0;0;0;0;0
197263;11;7;7040401;2019;7;19;6;3;5;2;0;0;1;0;0;0;0;0
197264;11;4;4030929;2019;7;1;6;3;5;3;2;0;1;0;0;0;0;0
197265;11;8;8030829;2019;7;19;6;3;5;7;0;1;1;0;0;0;0;0
197266;11;11;11051331;2019;7;10;6;3;6;4;0;0;1;1;0;0;0;0
197267;11;5;5020625;2019;7;9;6;3;0;6;0;0;0;0;0;0;1;0
197268;11;11;11030619;2019;7;9;6;3;5;2;0;1;1;0;0;0;0;0
197269;11;1;1011301;2019;7;9;6;3;5;3;0;0;1;0;0;0;1;0
197270;11;1;1044202;2019;7;8;6;2;5;3;0;1;1;0;0;0;0;0
197271;11;7;7030301;2019;7;8;6;3;4;6;0;1;1;0;0;0;0;0
197272;11;11;11040926;2019;7;7;6;3;5;3;0;1;1;0;0;0;0;0
197273;11;9;9052001;2019;7;6;6;3;1;1;0;0;1;0;0;0;0;0
197274;11;2;2050803;2019;7;6;6;3;5;2;0;1;1;0;0;0;0;0
197275;11;1;1011202;2019;7;15;6;3;3;6;0;0;1;0;0;0;1;0
197276;11;8;8020727;2019;7;11;5;3;0;3;0;1;1;0;0;0;0;0