OBJECTID;LAND;BEZ;LOR_ab_2021;UJAHR;UMONAT;USTUNDE;UWOCHENTAG;UKATEGORIE;UART;UTYP1;ULICHTVERH;IstRad;IstPKW;IstFuss;IstKrad;IstGkfz;IstSonstige;USTRZUSTAND
197277;11;8;8010508;2019;7;21;5;2;9;1;2;0;0;0;1;0;0;0
197278;11;1;1011303;2019;7;21;5;3;6;4;0;1;0;1;0;0;0;0
197279;11;1;1044203;2019;7;20;5;3;5;2;0;0;1;0;0;0;1;0
197280;11;4;4030931;2019;7;19;5;3;5;3;0;1;1;0;0;0;0;0
197281;11;6;6040804;2019;7;18;5;3;5;3;0;0;1;0;1;0;0;0
197282;11;8;8020727;2019;7;18;5;3;5;2;0;0;1;0;0;0;0;0
197283;11;11;11020513;2019;7;16;5;3;0;7;0;0;1;0;0;0;1;0
197284;11;2;2020206;2019;7;15;5;3;5;2;0;1;0;0;0;0;1;0
197285;11;1;1011201;2019;7;18;5;3;5;3;0;1;1;0;0;0;0;0
197286;11;2;2040701;2019;7;15;5;3;2;6;0;0;1;0;0;0;0;0
197287;11;1;1022106;2019;7;17;5;3;5;7;0;1;0;0;0;0;1;0
197288;11;1;1044201;2019;7;15;5;3;5;2;0;0;1;0;1;0;0;0
197289;11;1;1011203;2019;7;17;5;3;5;7;0;1;1;0;0;0;0;0
197290;11;1;1044201;2019;7;15;5;3;6;7;0;0;1;1;0;0;0;0
197291;11;4;4051653;2019;7;15;5;3;6;3;0;0;1;1;0;0;0;0
197292;11;8;8010301;2019;7;17;5;3;5;3;0;1;0;0;0;0;0;0
197293;11;8;8020622;2019;7;14;5;3;1;5;0;0;1;0;0;0;1;0
197294;11;7;7030303;2019;7;16;5;2;5;3;0;1;1;0;0;0;0;0
197295;11;12;12302212;2019;7;14;5;3;0;5;0;0;1;0;0;0;1;0
197296;11;9;9051702;2019;7;13;5;3;1;1;0;1;1;0;0;0;0;0
197297;11;1;1011102;2019;7;11;5;3;3;2;0;0;1;0;0;0;0;0
197298;11;7;7070701;2019;7;11;5;3;5;2;0;0;1;0;0;1;0;0
197299;11;1;1022102;2019;7;11;5;3;6;2;0;0;0;1;0;0;1;0
197300;11;9;9020702;2019;7;11;5;3;2;6;0;0;1;0;0;0;1;0
197301;11;7;7040401;2019;7;11;5;3;2;6;0;0;1;0;0;0;1;0
197302;11;1;1011301;2019;7;10;5;3;5;3;0;0;1;0;0;0;1;0
197303;11;1;1011105;2019;7;10;5;3;1;5;0;1;1;0;0;0;0;0
197304;11;11;11040926;2019;7;10;5;3;1;1;0;0;1;0;0;0;0;0
197305;11;11;11020411;2019;7;9;5;2;5;2;0;0;0;0;1;0;1;0
197306;11;3;3030715;2019;7;9;5;3;2;6;0;0;1;0;0;0;0;0
197307;11;1;1011306;2019;7;9;5;3;5;3;0;1;1;0;0;0;0;0
197308;11;4;4041241;2019;7;7;5;3;5;3;0;1;1;0;0;0;0;0
197309;11;7;7040401;2019;7;5;5;3;0;1;1;0;0;0;0;0;1;0
197310;11;5;5010209;2019;7;3;5;2;1;1;2;0;1;0;0;0;0;0
197311;11;3;3050925;2019;7;17;5;3;6;2;0;0;1;1;0;0;0;0
197312;11;2;2030402;2019;7;14;5;3;5;7;0;0;0;0;1;0;1;0
197313;11;7;7010104;2019;7;10;5;3;0;7;0;0;0;0;1;0;0;1
197314;11;4;4030931;2019;7;10;4;3;1;5;0;1;0;0;0;0;1;0
197315;11;7;7030302;2019;7;15;4;3;6;4;0;1;0;1;0;0;0;0
197316;11;5;5010206;2019;7;17;4;2;5;2;0;1;1;0;0;0;0;0
197317;11;11;11020514;2019;7;17;4;3;5;2;0;1;1;0;0;0;0;0
197318;11;2;2040701;2019;7;17;4;3;0;2;0;0;1;0;1;0;0;0
197319;11;9;9010301;2019;7;16;4;3;6;2;0;0;0;1;0;1;0;0
197320;11;1;1033201;2019;7;16;4;3;6;7;0;1;0;1;0;0;0;0
197321;11;6;6020302;2019;7;16;4;3;5;3;0;1;1;0;0;0;0;0
197322;11;7;7040405;2019;7;16;4;3;2;7;0;0;0;0;1;0;1;0
197323;11;4;4010103;2019;7;5;4;3;0;6;0;0;0;0;1;0;0;0
197324;11;5;5040934;2019;7;23;4;3;0;1;2;1;0;0;0;0;0;0
197325;11;1;1033201;2019;7;20;4;3;0;3;0;1;0;0;0;0;1;0
197326;11;1;1011402;2019;7;19;4;3;1;5;0;1;1;0;0;0;0;0
197327;11;12;1044101;2019;7;19;4;3;2;4;0;0;1;1;0;0;0;0
197328;11;11;11051229;2019;7;18;4;3;2;3;0;0;1;0;0;0;0;0
197329;11;2;2050802;2019;7;18;4;3;0;6;0;1;0;0;0;0;0;0
197330;11;1;1011302;2019;7;18;4;3;5;3;0;1;1;0;0;0;0;0
197331;11;5;5030730;2019;7;18;4;2;2;6;0;0;1;0;1;0;0;0
197332;11;2;2020204;2019;7;18;4;3;5;2;0;0;1;0;1;0;0;0
197333;11;7;7040401;2019;7;18;4;3;6;2;0;1;0;1;0;0;0;0
197334;11;1;1011402;2019;7;18;4;3;0;1;0;1;0;0;0;0;0;0
197335;11;10;10020414;2019;7;17;4;3;6;7;0;0;1;1;0;0;0;0
197336;11;1;1044102;2019;7;12;4;3;2;2;0;0;1;0;0;0;1;0
197337;11;9;9020502;2019;7;12;4;3;0;6;0;0;1;0;1;0;0;0
197338;11;7;7010104;2019;7;12;4;3;5;2;0;1;1;0;0;0;0;0
197339;11;9;9010202;2019;7;11;4;2;6;7;0;0;1;1;0;0;0;0
197340;11;3;3071639;2019;7;10;4;2;6;4;0;0;1;1;0;0;0;0
197341;11;7;7010101;2019;7;9;4;3;5;2;0;0;1;0;0;0;0;0
197342;11;7;7010102;2019;7;8;4;3;5;3;0;1;1;0;0;0;0;0
197343;11;1;1011204;2019;7;8;4;3;1;5;0;1;1;0;0;0;0;0
197344;11;11;11030619;2019;7;8;4;3;5;2;0;1;1;0;0;0;0;0
197345;11;11;11030721;2019;7;7;4;3;5;3;0;0;1;0;1;0;0;0
197346;11;5;5010339;2019;7;7;4;3;6;4;0;0;1;1;0;0;0;0
197347;11;3;3010102;2019;7;16;4;3;2;6;0;0;1;0;0;0;0;0
197348;11;11;11051331;2019;7;16;4;3;0;7;0;1;1;0;0;0;0;0
197349;11;4;4030726;2019;7;15;4;2;5;2;0;0;1;0;1;0;0;0
197350;11;12;12214125;2019;7;15;4;3;3;5;0;1;1;0;0;0;0;0
197351;11;4;4051653;2019;7;14;4;2;6;4;0;1;0;1;0;0;0;0
197352;11;3;1033102;2019;7;14;4;3;2;6;0;0;1;0;0;0;0;0
197353;11;3;3050924;2019;7;13;4;3;6;2;0;0;1;1;0;0;0;0
197354;11;1;1022207;2019;7;13;4;3;0;3;0;0;1;0;0;0;0;0
197355;11;1;1022202;2019;7;13;4;3;5;2;0;1;1;0;0;0;0;0
197356;11;11;11020412;2019;7;12;4;3;3;6;0;0;1;0;0;1;0;0
197357;11;2;2050601;2019;7;13;4;2;3;6;0;0;1;0;1;0;0;0
197358;11;10;10010310;2019;7;5;4;3;6;4;0;0;0;1;0;0;1;0
197359;11;2;2040701;2019;7;20;4;3;5;2;0;0;1;0;1;0;0;0
197360;11;9;9031101;2019;7;19;3;3;6;4;0;1;0;1;0;0;0;0
197361;11;1;1033202;2019;7;21;3;3;5;3;2;0;1;0;1;0;0;0
197362;11;1;1033203;2019;7;20;3;3;0;7;0;0;1;0;0;0;0;0
197363;11;7;7020203;2019;7;19;3;3;2;7;0;1;0;0;0;0;1;0
197364;11;9;9020502;2019;7;19;3;3;5;2;0;1;1;0;0;0;0;0
197365;11;2;2020206;2019;7;19;3;2;5;7;1;0;1;0;1;0;0;0
197366;11;1;1011302;2019;7;19;3;2;1;5;0;1;1;0;0;0;0;0
197367;11;1;1011302;2019;7;18;3;3;2;6;0;0;1;0;1;0;0;0
197368;11;5;5020523;2019;7;18;3;3;5;3;0;0;1;0;0;0;0;0
197369;11;8;8041037;2019;7;18;3;3;0;3;0;0;1;0;1;0;0;0
197370;11;2;2040703;2019;7;17;3;3;6;4;0;0;1;1;0;0;0;0
197371;11;2;2030302;2019;7;17;3;3;2;6;0;1;0;0;0;0;0;0
197372;11;2;2050803;2019;7;16;3;3;5;3;0;1;1;0;0;0;0;0
197373;11;9;9020501;2019;7;16;3;3;5;7;0;0;1;0;0;0;1;0
197374;11;3;3010102;2019;7;11;3;3;0;1;0;1;0;0;0;0;0;0
197375;11;1;1011402;2019;7;16;3;2;0;1;0;1;0;0;0;0;0;0
197376;11;1;1011401;2019;7;16;3;3;0;1;0;1;0;0;0;0;0;0
197377;11;1;1011203;2019;7;15;3;3;5;2;0;0;1;0;1;0;0;0
197378;11;8;8010303;2019;7;15;3;2;0;1;0;1;0;0;0;0;0;0
197379;11;2;2040701;2019;7;14;3;3;0;7;0;1;1;0;0;0;0;0
197380;11;1;1044103;2019;7;13;3;3;2;6;0;0;0;0;1;0;1;0
197381;11;6;6020302;2019;7;13;3;3;5;7;0;0;1;0;1;0;0;0
197382;11;9;9041301;2019;7;13;3;2;5;3;0;1;1;0;0;0;0;0
197383;11;8;8010117;2019;7;12;3;3;5;7;0;0;1;0;1;0;0;0
197384;11;4;4030929;2019;7;12;3;3;3;2;0;0;1;0;0;0;0;0
197385;11;1;1011301;2019;7;12;3;3;1;5;0;1;1;0;0;0;0;0
197386;11;4;4051445;2019;7;11;3;3;2;2;0;0;1;0;1;0;0;0
197387;11;2;2030301;2019;7;11;3;3;6;4;0;0;1;1;0;0;0;0
197388;11;4;4030929;2019;7;11;3;3;2;6;0;0;1;0;1;0;0;0
197389;11;3;3040614;2019;7;11;3;3;5;3;0;0;1;0;1;0;0;0
197390;11;5;5010314;2019;7;17;3;3;2;6;0;0;1;0;0;0;0;0
197391;11;5;5020521;2019;7;10;3;3;2;6;0;0;1;0;0;0;0;0
197392;11;7;7040401;2019;7;10;3;3;2;2;0;0;1;0;1;0;0;0
197393;11;2;2030402;2019;7;10;3;3;0;1;0;1;0;0;0;0;0;0
197394;11;1;1044203;2019;7;9;3;3;2;6;0;0;1;0;0;0;0;0
197395;11;11;11051229;2019;7;9;3;3;5;2;0;1;1;0;0;0;0;0
197396;11;4;4030518;2019;7;9;3;3;2;2;0;0;1;0;1;0;0;0
197397;11;3;3061429;2019;7;9;3;3;1;5;0;1;1;0;0;0;0;0
197398;11;9;9051702;2019;7;7;3;3;5;7;0;1;0;0;0;0;1;0
197399;11;3;3040512;2019;7;6;3;3;5;3;0;0;1;0;0;0;1;0
197400;11;11;11010205;2019;7;6;3;3;5;3;0;0;1;0;1;0;0;0
197401;11;1;1011301;2019;7;6;3;3;5;2;0;0;1;0;1;0;0;0
197402;11;4;4051446;2019;7;3;3;3;5;3;2;1;1;0;0;0;0;0
197403;11;1;1011303;2019;7;18;3;3;0;1;0;0;0;0;0;0;1;0
197404;11;5;5020417;2019;7;13;3;3;1;5;0;1;1;0;0;0;0;0
197405;11;1;1011301;2019;7;19;3;3;1;5;0;1;1;0;0;0;0;0
197406;11;3;3061227;2019;7;7;2;3;5;3;0;0;1;0;0;0;0;0
197407;11;4;4010102;2019;7;6;2;3;2;2;0;0;1;0;0;1;0;0
197408;11;7;7070701;2019;7;1;2;3;0;1;2;0;1;0;0;0;0;0
197409;11;1;1011303;2019;7;15;2;3;5;3;0;1;1;0;0;0;0;0
197410;11;3;3040614;2019;7;15;2;3;2;7;0;0;0;0;1;1;0;0
197411;11;4;4051448;2019;7;17;2;3;5;2;0;1;1;0;0;0;0;1
197412;11;4;4031032;2019;7;17;2;3;0;7;0;1;1;0;0;0;0;1
197413;11;1;1033202;2019;7;13;2;3;5;2;0;1;1;0;0;0;0;0
197414;11;1;1033202;2019;7;13;2;3;3;6;0;1;0;0;0;0;1;0
197415;11;1;1044201;2019;7;16;2;3;2;7;0;0;1;0;0;0;0;0
197416;11;1;1011201;2019;7;15;2;2;5;2;0;1;1;0;0;0;0;0
197417;11;1;1033201;2019;7;15;2;3;1;1;0;0;1;0;0;0;0;0
197418;11;5;5020626;2019;7;16;2;3;2;6;0;0;1;0;0;0;1;0
197419;11;4;4020313;2019;7;14;2;2;3;6;0;0;1;0;0;0;0;0
197420;11;4;4030415;2019;7;17;2;2;0;1;0;0;0;0;1;0;0;1
197421;11;5;5010103;2019;7;21;2;3;9;1;1;0;1;0;0;0;0;1
197422;11;8;8010211;2019;7;20;2;3;2;7;1;0;1;0;1;0;0;0
197423;11;12;12214424;2019;7;19;2;3;2;6;0;0;1;0;0;0;0;0
197424;11;1;1044203;2019;7;19;2;3;1;5;0;1;1;0;0;0;1;0
197425;11;2;2010103;2019;7;13;2;3;5;3;0;0;1;0;0;0;0;0
197426;11;4;4030726;2019;7;13;2;3;5;2;0;0;1;0;1;0;0;0
197427;11;1;1022106;2019;7;12;2;3;5;3;0;1;0;0;0;0;0;0
197428;11;9;9051901;2019;7;12;2;3;5;3;0;0;1;0;0;0;0;0
197429;11;11;11041022;2019;7;11;2;3;0;7;0;0;0;0;0;1;0;0
197430;11;6;6020306;2019;7;11;2;3;5;3;0;0;1;0;0;0;1;0
197431;11;9;9020501;2019;7;11;2;3;5;3;0;1;1;0;0;0;0;0
197432;11;2;2010102;2019;7;9;2;3;2;6;0;1;0;0;0;0;0;0
197433;11;11;11051332;2019;7;9;2;3;2;6;0;0;1;0;0;0;0;0
197434;11;3;3040614;2019;7;8;2;3;5;3;0;1;1;0;0;0;0;0
197435;11;1;1011301;2019;7;6;2;3;6;4;0;1;0;1;0;0;0;0
197436;11;5;5010101;2019;7;10;2;3;5;2;0;1;1;0;0;0;0;0
197437;11;4;4020311;2019;7;10;2;2;6;4;0;0;1;1;0;0;0;0
197438;11;3;3020210;2019;7;20;2;3;1;5;1;1;1;0;0;0;0;0
197439;11;5;5010103;2019;7;11;2;3;6;2;0;0;1;1;0;0;0;0
197440;11;9;9030901;2019;7;14;1;3;6;4;0;0;1;1;0;0;0;0
197441;11;1;1044103;2019;7;19;1;3;2;6;0;0;1;0;0;0;0;0
197442;11;3;3040818;2019;7;22;1;3;1;7;2;0;0;0;1;0;1;0
197443;11;4;4051445;2019;7;19;1;3;1;5;0;0;1;0;1;0;0;0
197444;11;3;3061131;2019;7;19;1;3;5;3;0;1;1;0;0;0;0;0
197445;11;6;6030503;2019;7;19;1;3;1;5;0;0;1;0;0;0;0;0
197446;11;8;8010301;2019;7;18;1;3;0;2;0;0;1;0;0;0;1;0
197447;11;9;9010202;2019;7;18;1;3;5;2;0;0;1;0;0;0;1;0
197448;11;9;9031202;2019;7;17;1;2;5;3;0;0;1;0;1;0;0;0
197449;11;11;11030720;2019;7;16;1;3;3;6;0;0;1;0;1;0;0;0
197450;11;11;11010309;2019;7;16;1;2;6;4;0;0;1;1;0;0;0;0
197451;11;11;11010102;2019;7;16;1;3;4;6;0;0;1;0;1;0;0;0
197452;11;2;2040701;2019;7;15;1;3;5;3;0;0;1;0;1;0;0;0
197453;11;5;5010207;2019;7;15;1;3;5;2;0;0;1;0;0;0;0;1
197454;11;4;4061757;2019;7;14;1;3;2;6;0;1;1;0;0;0;0;0
197455;11;9;9020801;2019;7;14;1;3;1;5;0;1;1;0;0;0;0;0
197456;11;4;4030930;2019;7;14;1;3;1;5;0;1;1;0;0;0;0;0
197457;11;1;1022104;2019;7;15;1;3;8;1;0;0;1;0;0;0;1;0
197458;11;12;12301206;2019;7;10;1;3;5;3;0;0;1;0;0;0;0;1
197459;11;8;8010301;2019;7;2;1;2;1;5;2;1;1;0;0;0;0;1
197460;11;1;1033102;2019;7;22;1;2;0;7;2;0;0;0;0;0;1;0
197461;11;3;3061228;2019;7;20;7;3;5;2;1;1;1;0;0;0;0;0
197462;11;1;1033203;2019;7;18;7;3;6;4;0;0;1;1;0;0;0;0
197463;11;12;12224230;2019;7;22;7;3;6;7;2;1;0;1;0;0;0;1
197464;11;7;7010104;2019;7;20;7;3;5;2;0;0;1;0;0;0;1;0
197465;11;12;12214424;2019;7;20;7;3;2;2;0;0;1;0;0;0;0;0
197466;11;8;8010301;2019;7;18;7;2;5;2;0;0;1;0;1;0;0;0
197467;11;11;11010102;2019;7;17;7;3;9;1;0;0;1;0;0;0;0;0
197468;11;1;1022201;2019;7;17;7;3;5;7;0;0;1;0;1;0;0;0
197469;11;7;7010102;2019;7;16;7;2;1;5;0;1;1;0;0;0;0;0
197470;11;4;4010101;2019;7;16;7;3;5;3;0;1;1;0;0;0;0;0
197471;11;3;3050923;2019;7;16;7;3;8;1;0;0;0;0;0;0;1;0
197472;11;4;4051445;2019;7;15;7;3;5;2;0;1;1;0;0;0;0;0
197473;11;4;4020314;2019;7;14;7;3;2;6;0;0;1;0;1;0;0;0
197474;11;4;4051654;2019;7;13;7;2;5;2;0;0;1;0;0;0;0;0
197475;11;11;11030720;2019;7;12;7;2;2;6;0;0;1;0;0;0;0;0
197476;11;6;6020409;2019;7;12;7;3;3;6;0;0;1;0;1;0;0;0
197477;11;7;7050502;2019;7;11;7;3;5;2;0;0;1;0;0;0;0;0
197478;11;7;7060604;2019;7;11;7;3;5;3;0;1;1;0;0;0;0;0
197479;11;10;10020412;2019;7;10;7;3;5;3;0;1;1;0;0;0;0;0
197480;11;3;3020307;2019;7;10;7;2;6;3;0;0;1;1;0;0;0;0
197481;11;5;5030730;2019;7;9;7;3;0;6;0;0;0;0;0;0;1;0
197482;11;9;9010201;2019;7;9;7;2;6;2;0;0;1;1;0;0;0;0
197483;11;12;12214421;2019;7;8;7;3;5;3;0;0;1;0;1;0;0;0
197484;11;8;8020619;2019;7;18;7;3;5;3;0;0;1;0;0;0;0;0
197485;11;3;3050923;2019;7;22;7;3;5;2;2;1;0;0;0;0;1;1
197486;11;5;5010310;2019;7;14;6;3;2;6;0;0;1;0;0;0;0;0
197487;11;6;6010209;2019;7;16;6;3;5;3;0;0;1;0;0;0;0;0
197488;11;5;5020521;2019;7;19;6;2;5;3;0;0;1;0;0;0;0;0
197489;11;1;1011201;2019;7;18;6;3;5;3;0;0;1;0;1;0;0;0
197490;11;3;3061227;2019;7;16;6;2;5;3;0;0;1;0;1;0;0;1
197491;11;12;12304314;2019;7;15;6;3;2;6;0;0;1;0;0;0;0;0
197492;11;11;11020516;2019;7;14;6;3;4;6;0;0;1;0;0;1;0;0
197493;11;2;2040702;2019;7;13;6;3;2;7;0;0;0;0;1;1;0;0
197494;11;5;5020419;2019;7;12;6;3;5;2;0;0;1;0;0;0;0;0
197495;11;12;12301203;2019;7;11;6;3;0;5;0;1;1;0;0;0;1;0
197496;11;1;1011303;2019;7;10;6;3;2;6;0;0;0;0;1;0;1;0
197497;11;6;6020303;2019;7;10;6;3;5;2;0;1;1;0;0;0;0;0
197498;11;1;1011203;2019;7;8;6;3;5;3;0;1;1;0;0;0;0;0
197499;11;5;5010206;2019;7;22;6;3;2;2;2;0;1;0;1;0;0;0
197500;11;8;8020620;2019;7;20;6;3;5;3;2;0;1;0;0;0;0;0
197501;11;2;2050804;2019;7;16;6;3;0;1;0;0;0;0;1;0;0;1
197502;11;1;1011104;2019;7;12;6;2;6;2;0;0;0;1;0;0;1;0
197503;11;4;4020313;2019;7;10;6;2;5;3;0;0;1;0;0;0;0;0
197504;11;11;11030619;2019;7;16;6;3;0;1;0;0;0;0;1;0;0;1
197505;11;1;1011302;2019;7;17;6;3;0;1;0;1;0;0;0;0;0;1
197506;11;10;10030724;2019;8;15;3;3;0;2;0;1;1;0;0;0;0;1
197507;11;3;3040818;2019;8;17;3;1;5;5;0;0;0;0;0;0;1;0
197508;11;8;8020621;2019;8;13;2;3;3;6;0;1;1;0;0;0;0;0
197509;11;1;1011105;2019;8;22;2;3;1;5;2;1;1;0;0;0;0;0
197510;11;4;4020311;2019;8;17;2;3;0;1;0;0;0;0;1;0;0;0
197511;11;4;4030621;2019;8;16;2;3;2;2;0;0;1;0;0;0;1;0
197512;11;1;1011302;2019;8;16;2;3;3;6;0;1;1;0;0;0;0;0
197513;11;4;4030417;2019;8;16;2;3;5;3;0;1;1;0;0;0;0;0
197514;11;9;9020601;2019;8;9;2;3;5;2;0;1;0;0;0;0;1;0
197515;11;4;4051655;2019;8;17;2;3;3;6;0;1;1;0;0;0;0;0
197516;11;9;9052001;2019;8;16;2;3;0;2;0;1;0;0;0;0;1;0
197517;11;3;3061430;2019;8;16;2;3;6;2;0;0;0;1;0;1;0;0
197518;11;9;9020702;2019;8;16;2;3;0;3;0;1;1;0;0;0;0;0
197519;11;8;8010301;2019;8;15;2;3;2;6;0;0;1;0;0;0;0;0
197520;11;7;7020204;2019;8;15;2;2;1;5;0;1;1;0;0;0;0;0
197521;11;1;1022101;2019;8;15;2;3;0;2;0;1;1;0;0;0;0;0
197522;11;7;7030303;2019;8;13;2;3;0;1;0;0;0;0;1;0;0;1
197523;11;1;1011204;2019;8;11;2;3;5;3;0;1;0;0;0;0;1;0
197524;11;2;2020203;2019;8;11;2;3;1;5;0;1;1;0;0;0;0;0
197525;11;4;4030621;2019;8;11;2;3;6;7;0;1;0;1;0;0;0;0
197526;11;8;8041035;2019;8;11;2;3;5;7;0;0;1;0;1;0;0;0
197527;11;6;6010206;2019;8;11;2;3;5;3;0;0;1;0;0;0;0;0
197528;11;1;1011202;2019;8;8;2;2;5;3;0;1;1;0;0;0;0;0
197529;11;7;7070703;2019;8;8;2;3;5;2;0;1;1;0;0;0;0;0
197530;11;1;2040701;2019;8;8;2;3;2;6;0;0;1;0;0;0;1;0
197531;11;8;8010117;2019;8;8;2;3;5;2;0;1;1;0;0;0;0;0
197532;11;4;4020311;2019;8;7;2;3;2;6;0;0;1;0;0;0;0;0
197533;11;3;3040614;2019;8;7;2;3;2;7;0;0;1;0;0;0;0;0
197534;11;3;3040614;2019;8;10;2;3;0;3;0;1;0;0;0;0;1;0
197535;11;3;3050925;2019;8;7;2;3;5;2;0;0;1;0;1;0;0;0
197536;11;9;9010402;2019;8;6;2;3;5;3;0;1;1;0;0;0;0;0
197537;11;2;2030401;2019;8;2;2;3;5;3;2;0;1;0;0;0;1;0
197538;11;1;1033203;2019;8;6;2;3;1;5;0;1;1;0;0;0;0;0
197539;11;3;3051017;2019;8;10;2;3;2;6;0;0;1;0;0;0;0;0
197540;11;6;6010208;2019;8;9;2;3;5;2;0;0;1;0;1;0;0;0
197541;11;10;10030725;2019;8;9;2;3;2;6;0;0;1;0;0;0;0;0
197542;11;5;5010313;2019;8;9;2;3;5;2;0;1;1;0;0;0;0;0
197543;11;7;7040401;2019;8;4;1;3;2;6;2;0;1;0;0;0;0;0
197544;11;3;3051017;2019;8;17;1;2;0;1;0;1;0;0;0;0;0;0
197545;11;1;1011201;2019;8;13;1;3;0;1;0;0;0;0;1;0;0;0
197546;11;1;1011303;2019;8;0;1;3;0;1;2;0;0;0;0;0;1;0
197547;11;5;5010314;2019;8;12;1;3;2;6;0;0;1;0;1;0;1;0
197548;11;3;3030406;2019;8;17;1;3;5;3;0;0;1;0;1;0;0;0
197549;11;6;6020303;2019;8;16;1;3;5;3;0;0;1;0;1;0;0;0
197550;11;5;5020522;2019;8;13;1;3;2;6;0;0;1;0;0;0;0;0
197551;11;5;5030730;2019;8;12;1;3;3;6;0;0;1;0;1;0;0;0
197552;11;4;4051447;2019;8;4;1;3;1;5;2;0;1;0;0;0;1;0
197553;11;3;3040614;2019;8;4;1;3;5;3;2;0;1;0;0;0;0;0
197554;11;11;11010101;2019;8;18;1;3;0;7;0;1;0;0;0;0;0;0
197555;11;2;2030402;2019;8;0;1;3;0;5;2;1;1;0;0;0;1;0
197556;11;1;1011101;2019;8;21;1;3;1;5;2;1;1;0;0;0;0;0
197557;11;8;8020620;2019;8;20;1;2;5;3;1;0;1;0;0;0;0;0
197558;11;2;2020204;2019;8;19;1;3;0;1;0;1;0;0;0;0;0;0
197559;11;11;11051332;2019;8;19;1;3;0;1;0;1;0;0;0;0;0;0
197560;11;12;12214424;2019;8;21;7;3;2;6;0;0;1;0;0;0;0;0
197561;11;2;2030302;2019;8;14;7;3;4;6;0;1;0;0;0;0;1;0
197562;11;12;12214527;2019;8;14;7;3;2;6;0;0;1;0;0;0;0;0
197563;11;12;12214422;2019;8;19;7;3;5;3;0;0;1;0;0;0;0;0
197564;11;4;4041136;2019;8;13;7;3;6;4;0;0;1;1;0;0;0;0
197565;11;8;8041035;2019;8;13;7;3;5;3;0;1;1;0;0;0;0;0
197566;11;2;2030301;2019;8;15;7;3;2;6;0;1;1;0;0;0;0;0
197567;11;8;8020727;2019;8;15;7;3;1;5;0;1;1;0;0;0;0;0
197568;11;8;8030831;2019;8;17;7;3;5;2;0;1;1;0;0;0;0;0
197569;11;12;12214424;2019;8;15;7;3;5;2;0;0;1;0;0;0;0;0
197570;11;1;1033101;2019;8;15;7;3;6;4;0;0;1;1;0;0;0;0
197571;11;3;3020209;2019;8;17;7;2;5;3;0;0;1;0;1;0;0;0
197572;11;5;5020625;2019;8;16;7;3;0;2;0;1;1;0;0;0;0;0
197573;11;9;9020701;2019;8;17;7;2;2;6;0;0;1;0;1;0;0;0
197574;11;10;10040828;2019;8;18;7;3;5;3;0;0;1;0;0;0;0;0
197575;11;2;2050602;2019;8;19;7;3;0;1;0;1;0;0;0;0;0;0
197576;11;1;1011401;2019;8;19;7;2;1;5;0;1;0;0;0;0;1;0
197577;11;12;12214424;2019;8;23;7;3;5;2;2;0;1;0;1;0;0;0
197578;11;9;9010301;2019;8;22;7;3;0;3;2;0;1;0;1;0;0;0
197579;11;6;6020410;2019;8;23;7;3;5;3;2;1;0;0;0;0;0;0
197580;11;12;12103117;2019;8;13;7;2;2;7;0;1;1;0;0;0;0;0
197581;11;4;4020311;2019;8;11;7;3;5;5;0;0;1;0;1;0;0;0
197582;11;4;4030931;2019;8;11;7;3;2;6;0;1;1;0;0;0;0;0
197583;11;4;4030725;2019;8;11;7;3;2;6;0;1;1;0;0;0;0;0
197584;11;1;1044201;2019;8;10;7;3;0;2;0;0;0;0;0;1;1;0
197585;11;11;11051229;2019;8;1;7;2;6;4;2;0;1;1;0;0;0;0
197586;11;8;8020727;2019;8;14;6;2;6;4;0;0;1;1;0;0;0;0
197587;11;5;5010313;2019;8;0;6;3;6;2;2;0;0;1;0;0;1;0
197588;11;1;1044201;2019;8;16;6;3;5;3;0;1;1;0;0;0;0;0
197589;11;12;12103218;2019;8;18;6;3;0;2;0;1;1;0;0;0;0;0
197590;11;1;1011301;2019;8;9;6;3;6;7;0;0;0;1;0;0;1;0
197591;11;1;1022201;2019;8;14;6;2;5;3;0;0;1;0;1;0;0;0
197592;11;2;2010101;2019;8;18;6;3;0;2;0;1;1;0;0;0;0;1
197593;11;1;1044201;2019;8;11;6;3;5;5;0;0;1;0;0;0;0;0
197594;11;3;3030406;2019;8;11;6;3;0;5;0;1;0;0;0;0;0;0
197595;11;2;2040701;2019;8;15;6;3;5;2;0;1;1;0;0;0;0;0
197596;11;8;8010404;2019;8;14;6;3;6;4;0;0;1;1;0;0;0;0
197597;11;4;4051445;2019;8;14;6;3;5;3;0;0;0;0;1;0;1;0
197598;11;6;6010102;2019;8;13;6;3;1;5;0;1;0;0;0;0;1;0
197599;11;7;7020203;2019;8;13;6;3;2;6;0;0;1;0;1;0;0;0
197600;11;4;4010102;2019;8;12;6;3;5;7;0;0;1;0;1;0;0;0
197601;11;5;5020627;2019;8;11;6;3;2;6;0;0;1;0;0;0;0;0
197602;11;12;12214423;2019;8;11;6;2;5;3;0;0;1;0;1;0;0;0
197603;11;5;5010208;2019;8;10;6;3;1;5;0;0;1;0;0;0;1;0
197604;11;6;6030608;2019;8;8;6;2;0;1;0;0;1;0;1;0;0;0
197605;11;2;2020204;2019;8;8;6;3;5;3;0;1;0;0;0;0;0;0
197606;11;10;10030724;2019;8;8;6;3;2;7;0;0;1;0;0;0;0;0
197607;11;12;12214421;2019;8;8;6;3;2;6;0;0;1;0;0;0;0;0