OBJECTID;LAND;BEZ;LOR_ab_2021;UJAHR;UMONAT;USTUNDE;UWOCHENTAG;UKATEGORIE;UART;UTYP1;ULICHTVERH;IstRad;IstPKW;IstFuss;IstKrad;IstGkfz;IstSonstige;USTRZUSTAND
197608;11;6;6030502;2019;8;8;6;3;5;2;0;1;1;0;0;0;0;0
197609;11;11;11040926;2019;8;19;6;3;0;2;1;0;1;0;1;0;0;1
197610;11;3;3040818;2019;8;19;6;3;1;5;0;1;1;0;0;0;0;1
197611;11;9;9051901;2019;8;18;6;3;2;2;0;0;1;0;0;0;0;1
197612;11;4;4030519;2019;8;18;6;2;5;3;0;0;1;0;1;0;0;1
197613;11;11;11051330;2019;8;18;6;3;1;5;1;1;1;0;0;0;0;1
197614;11;3;3061430;2019;8;17;6;2;0;1;0;1;0;0;0;0;0;1
197615;11;3;11030618;2019;8;17;6;3;2;6;0;0;1;0;0;0;0;1
197616;11;4;4030828;2019;8;17;6;3;6;4;0;0;1;1;0;0;0;1
197617;11;3;3061435;2019;8;17;6;3;5;3;0;0;1;0;0;0;0;1
197618;11;4;4020311;2019;8;16;6;3;5;3;0;0;1;0;0;0;0;1
197619;11;1;1033203;2019;8;16;6;3;2;6;0;0;1;0;0;0;0;1
197620;11;5;5020625;2019;8;22;6;3;6;4;2;0;1;1;0;0;0;0
197621;11;1;1044201;2019;8;20;6;3;0;1;0;1;0;0;0;0;0;0
197622;11;3;3061227;2019;8;18;6;3;0;2;1;1;1;0;0;0;0;1
197623;11;1;1033101;2019;8;15;5;3;2;6;0;0;1;0;1;0;0;0
197624;11;4;4030931;2019;8;22;5;3;1;5;2;1;1;0;0;0;0;0
197625;11;6;6010101;2019;8;21;5;2;5;2;2;0;1;0;0;0;0;0
197626;11;3;3050923;2019;8;21;5;2;5;3;1;1;0;0;0;0;1;0
197627;11;2;2050801;2019;8;20;5;3;1;5;1;1;1;0;0;0;0;0
197628;11;2;2010101;2019;8;20;5;3;6;4;1;1;0;1;0;0;0;0
197629;11;3;3071536;2019;8;19;5;3;6;4;0;0;1;1;0;0;0;0
197630;11;10;10030726;2019;8;19;5;3;5;3;0;1;1;0;0;0;0;0
197631;11;5;5010101;2019;8;16;5;3;2;6;0;0;1;0;1;0;0;1
197632;11;8;8010117;2019;8;18;5;3;1;5;0;1;1;0;0;0;0;0
197633;11;2;2030302;2019;8;18;5;3;0;3;0;0;1;0;1;0;0;0
197634;11;5;5010209;2019;8;17;5;3;5;2;0;0;1;0;0;0;0;0
197635;11;4;4030620;2019;8;16;5;3;2;6;0;0;1;0;0;0;1;0
197636;11;7;7040404;2019;8;16;5;3;0;1;0;1;0;0;0;0;0;0
197637;11;4;4051550;2019;8;16;5;3;5;3;0;1;1;0;0;0;0;0
197638;11;7;7040401;2019;8;14;5;3;5;3;0;0;1;0;0;0;0;0
197639;11;5;5010311;2019;8;14;5;3;2;6;0;0;1;0;0;0;0;0
197640;11;12;12302212;2019;8;14;5;3;0;6;0;1;0;0;0;1;0;0
197641;11;3;3030715;2019;8;14;5;2;6;4;0;0;1;1;0;0;0;0
197642;11;4;4020204;2019;8;13;5;3;5;2;0;0;1;0;1;0;0;0
197643;11;1;1033203;2019;8;15;5;3;5;3;0;0;1;0;0;0;0;0
197644;11;3;3061227;2019;8;13;5;3;6;4;0;0;0;1;1;0;0;0
197645;11;1;1011305;2019;8;13;5;2;6;4;0;0;1;1;0;0;0;0
197646;11;11;11040926;2019;8;13;5;3;5;2;0;1;1;0;0;0;0;0
197647;11;10;10040829;2019;8;12;5;3;0;6;0;1;1;0;0;0;0;0
197648;11;2;2020204;2019;8;12;5;3;1;5;0;1;0;0;0;1;0;0
197649;11;3;3040614;2019;8;12;5;2;5;3;0;0;1;0;0;1;0;0
197650;11;4;4020310;2019;8;12;5;3;2;6;0;0;1;0;0;0;0;0
197651;11;8;8020621;2019;8;12;5;3;5;7;0;0;1;0;0;0;0;0
197652;11;4;4020311;2019;8;10;5;3;5;3;0;0;1;0;0;0;0;0
197653;11;2;2020204;2019;8;12;5;3;2;2;0;0;1;0;1;0;0;1
197654;11;3;3071536;2019;8;9;5;3;5;2;0;1;1;0;0;0;0;0
197655;11;11;11030618;2019;8;8;5;3;5;3;0;0;0;0;0;1;1;0
197656;11;3;3061227;2019;8;11;5;3;5;7;0;0;1;0;0;0;0;0
197657;11;11;11030618;2019;8;8;5;3;5;5;0;0;1;0;1;0;0;1
197658;11;7;7010103;2019;8;10;5;3;0;6;0;1;1;0;0;0;0;0
197659;11;3;3020210;2019;8;10;5;3;1;5;0;0;1;0;0;0;0;0
197660;11;4;4041344;2019;8;8;5;3;0;3;0;0;1;0;1;0;0;0
197661;11;12;12103218;2019;8;8;5;3;5;2;0;1;1;0;0;0;0;0
197662;11;1;1011105;2019;8;7;5;3;8;1;0;0;1;0;0;0;0;0
197663;11;2;2030402;2019;8;6;5;3;0;4;0;1;0;1;0;0;0;1
197664;11;11;11040925;2019;8;6;5;3;2;6;0;0;1;0;1;0;0;0
197665;11;1;1033201;2019;8;5;5;3;5;3;1;0;1;0;0;0;0;1
197666;11;4;4051655;2019;8;2;5;3;5;2;2;0;1;0;0;0;0;0
197667;11;2;2030302;2019;8;0;5;3;0;2;2;1;1;0;0;0;0;1
197668;11;12;12214421;2019;7;2;4;3;0;7;2;1;0;0;0;0;0;0
197669;11;4;4041136;2019;7;20;4;3;5;2;1;0;1;0;0;0;0;1
197670;11;12;12103218;2019;7;20;4;3;1;5;2;0;1;0;0;0;0;1
197671;11;12;12103117;2019;7;20;4;3;0;1;1;0;0;0;1;0;0;1
197672;11;2;2020203;2019;7;19;4;3;5;5;1;0;1;0;1;0;0;0
197673;11;2;2040701;2019;7;23;4;3;5;7;2;0;1;0;1;0;0;1
197674;11;4;4051447;2019;7;22;4;3;0;1;2;0;0;0;1;0;0;1
197675;11;4;4030827;2019;7;18;4;3;5;2;0;0;1;0;0;0;0;0
197676;11;8;8041036;2019;7;18;4;3;5;3;0;0;1;0;0;0;0;0
197677;11;1;1011303;2019;7;17;4;3;2;6;0;0;1;0;0;0;0;1
197678;11;4;4030929;2019;7;17;4;3;0;6;0;0;1;0;1;0;0;1
197679;11;4;4030725;2019;7;17;4;2;0;1;0;1;0;0;0;0;0;1
197680;11;10;10030727;2019;7;17;4;3;6;4;0;0;1;1;0;0;0;1
197681;11;1;1011303;2019;7;17;4;2;5;2;0;1;1;0;0;0;0;1
197682;11;1;1022106;2019;7;16;4;3;0;5;0;0;1;0;1;0;0;1
197683;11;7;7050505;2019;7;16;4;3;2;6;0;0;1;0;0;0;0;1
197684;11;1;1011301;2019;7;16;4;3;5;3;0;0;1;0;0;0;0;1
197685;11;12;12231101;2019;7;15;4;3;5;2;0;1;1;0;0;0;0;1
197686;11;1;1011101;2019;7;15;4;3;2;6;0;0;1;0;0;0;0;1
197687;11;4;4010102;2019;7;10;4;3;5;2;0;0;1;0;0;0;0;0
197688;11;1;1022204;2019;7;9;4;3;5;7;0;1;1;0;0;0;0;0
197689;11;12;12214422;2019;7;9;4;2;4;6;0;1;0;0;0;0;0;0
197690;11;2;2020203;2019;7;9;4;3;2;6;0;0;1;0;1;0;0;0
197691;11;2;2030301;2019;7;7;4;3;5;2;0;1;1;0;0;0;0;0
197692;11;1;1011302;2019;7;15;4;2;5;7;0;0;1;0;0;0;0;0
197693;11;1;1011402;2019;7;7;4;3;5;3;0;1;0;0;0;0;1;0
197694;11;5;5030731;2019;7;7;4;3;5;2;0;0;0;0;1;0;1;0
197695;11;12;12214422;2019;7;4;4;3;5;3;1;1;1;0;0;0;0;0
197696;11;11;11010204;2019;7;2;4;3;0;1;2;1;0;0;0;0;0;0
197697;11;5;5010312;2019;7;14;4;3;6;4;0;0;1;1;0;0;0;0
197698;11;1;1044101;2019;7;14;4;3;5;3;0;0;1;0;0;0;0;0
197699;11;6;6040810;2019;7;12;4;3;5;3;0;0;0;0;1;0;1;0
197700;11;4;4030929;2019;7;12;4;3;5;3;0;0;1;0;0;0;1;0
197701;11;12;12214527;2019;7;11;4;2;5;7;0;0;1;0;1;0;0;0
197702;11;7;7020203;2019;7;10;4;3;1;5;0;1;1;0;0;0;0;0
197703;11;4;4061757;2019;7;10;4;3;5;3;0;1;0;0;0;0;0;0
197704;11;8;8010118;2019;7;10;4;3;6;4;0;0;1;1;0;0;0;0
197705;11;12;12103218;2019;7;9;3;3;0;6;0;1;1;0;0;0;0;0
197706;11;3;3040818;2019;7;7;3;3;6;7;0;0;1;1;0;0;0;0
197707;11;10;10040933;2019;7;9;3;3;5;3;0;0;1;0;0;0;0;0
197708;11;3;3051017;2019;7;8;3;3;2;2;0;0;1;0;0;0;0;1
197709;11;1;1011401;2019;7;8;3;3;3;6;0;1;0;0;0;0;0;0
197710;11;1;1011204;2019;7;0;3;2;5;2;2;0;1;0;1;0;0;0
197711;11;9;9010401;2019;7;6;3;2;1;5;0;1;1;0;0;0;0;0
197712;11;11;11051331;2019;7;17;3;3;5;3;0;0;1;0;0;0;0;0
197713;11;4;4041241;2019;7;16;3;2;1;5;0;1;1;0;0;0;0;0
197714;11;5;5020625;2019;7;16;3;2;5;7;0;0;1;0;1;0;0;0
197715;11;1;1044102;2019;7;15;3;3;5;2;0;1;1;0;0;0;0;0
197716;11;4;4030828;2019;7;15;3;3;5;7;0;0;1;0;1;0;0;0
197717;11;1;1011101;2019;7;15;3;3;0;3;0;0;1;0;1;0;0;0
197718;11;2;2020203;2019;7;23;3;3;0;1;2;1;0;0;0;0;0;0
197719;11;1;1033102;2019;7;15;3;3;6;4;0;0;0;1;1;0;0;0
197720;11;3;3061228;2019;7;20;3;3;1;5;1;1;1;0;0;0;0;0
197721;11;4;4020312;2019;7;13;3;3;0;7;0;0;1;0;1;0;0;0
197722;11;1;1011101;2019;7;20;3;2;0;1;0;1;0;0;0;0;0;0
197723;11;8;8010117;2019;7;14;3;3;5;3;0;0;1;0;1;0;0;0
197724;11;1;1011101;2019;7;20;3;3;5;3;0;0;1;0;0;0;0;0
197725;11;5;5020417;2019;7;20;3;3;5;3;0;1;1;0;0;0;0;0
197726;11;7;7010101;2019;7;19;3;3;5;7;0;0;1;0;1;0;0;0
197727;11;9;9010202;2019;7;13;3;3;3;1;0;1;0;0;0;0;1;0
197728;11;5;5040936;2019;7;12;3;3;2;2;0;1;1;0;0;0;0;0
197729;11;8;8010404;2019;7;18;3;3;2;6;0;0;1;0;0;0;0;0
197730;11;6;6040804;2019;7;18;3;3;5;2;0;1;1;0;0;0;0;0
197731;11;4;4030725;2019;7;18;3;3;3;6;0;0;1;0;0;0;0;0
197732;11;9;9010402;2019;7;17;3;3;2;7;0;0;1;0;1;0;0;0
197733;11;8;8020728;2019;7;17;3;3;5;3;0;1;0;0;0;0;1;0
197734;11;9;9051702;2019;7;10;3;2;1;5;0;0;1;0;1;0;0;0
197735;11;1;1033101;2019;7;9;3;3;1;5;0;1;0;0;0;1;0;0
197736;11;8;8041037;2019;7;12;3;3;5;2;0;0;1;0;0;0;1;0
197737;11;7;7010102;2019;7;14;3;1;6;2;0;0;0;1;0;1;0;0
197738;11;2;2040502;2019;7;13;2;3;5;2;0;1;0;0;0;0;1;0
197739;11;7;7070701;2019;7;15;2;3;0;7;0;1;0;0;0;0;0;0
197740;11;10;10040933;2019;7;12;2;3;0;1;0;1;0;0;0;0;0;0
197741;11;1;1033102;2019;7;22;2;3;2;6;2;0;1;0;1;0;0;1
197742;11;3;3040614;2019;7;21;2;3;0;2;2;0;1;0;1;0;0;1
197743;11;2;2050802;2019;7;20;2;3;1;1;0;0;1;0;1;0;0;1
197744;11;1;1033202;2019;7;18;2;3;5;2;0;1;0;0;0;0;1;1
197745;11;4;4030930;2019;7;18;2;3;0;6;0;0;1;0;1;0;0;1
197746;11;6;6030610;2019;7;18;2;3;0;5;0;1;1;0;0;0;0;1
197747;11;1;1033203;2019;7;18;2;3;2;6;0;0;1;0;0;0;0;1
197748;11;1;1011302;2019;7;16;2;3;2;6;0;0;1;0;0;0;0;0
197749;11;5;5010311;2019;7;16;2;3;5;7;0;1;1;0;0;0;0;0
197750;11;6;6010210;2019;7;19;2;3;2;6;0;0;1;0;0;0;0;1
197751;11;1;1011203;2019;7;17;2;3;1;5;0;1;1;0;0;0;0;1
197752;11;4;4051655;2019;7;16;2;3;5;2;0;0;1;0;1;0;0;0
197753;11;1;1033102;2019;7;16;2;3;5;2;0;1;1;0;0;0;0;0
197754;11;3;3030715;2019;7;19;2;3;0;7;0;0;1;0;0;0;0;1
197755;11;4;4051655;2019;7;15;2;2;5;3;0;1;1;0;0;0;0;0
197756;11;11;11020516;2019;7;15;2;3;5;2;0;1;0;0;0;0;1;0
197757;11;1;1011301;2019;7;15;2;3;2;7;0;1;1;0;0;0;0;0
197758;11;4;4041342;2019;7;14;2;2;2;6;0;0;1;0;1;0;0;0
197759;11;9;9020502;2019;7;15;2;3;2;2;0;0;1;0;0;0;0;0
197760;11;5;5010206;2019;7;14;2;3;0;1;0;0;0;0;1;0;0;0
197761;11;4;4051446;2019;7;14;2;3;5;2;0;0;0;0;0;1;1;0
197762;11;2;2050802;2019;7;14;2;3;5;3;0;0;1;0;0;0;0;0
197763;11;9;9020701;2019;7;13;2;3;3;2;0;0;1;0;1;0;0;0
197764;11;7;7020204;2019;7;12;2;2;6;7;0;0;0;1;0;0;1;0
197765;11;4;4020310;2019;7;12;2;3;2;6;0;0;1;0;0;0;0;0
197766;11;3;3061126;2019;7;12;2;3;5;2;0;1;1;0;0;0;0;0
197767;11;2;2020203;2019;7;11;2;3;5;3;0;1;1;0;0;0;0;0
197768;11;10;10020622;2019;7;11;2;2;5;2;0;0;1;0;0;0;0;0
197769;11;9;9030901;2019;7;9;2;3;6;4;0;0;1;1;0;0;0;0
197770;11;2;2040502;2019;7;9;2;3;5;2;0;1;1;0;0;0;0;0
197771;11;4;4051551;2019;7;9;2;3;2;6;0;0;1;0;0;0;0;0
197772;11;5;5020627;2019;7;11;2;2;8;1;0;0;1;0;0;0;0;0
197773;11;2;2030302;2019;7;18;2;3;0;1;0;1;0;0;0;0;0;1
197774;11;2;2010102;2019;7;19;2;3;0;1;0;1;0;0;0;0;0;1
197775;11;4;4010102;2019;7;8;2;3;3;6;0;0;1;0;0;0;1;0
197776;11;8;8010118;2019;7;7;2;3;2;2;0;1;1;0;0;0;0;0
197777;11;2;2050802;2019;7;6;2;3;2;6;0;0;1;0;1;0;0;0
197778;11;6;6020408;2019;7;20;1;3;0;1;0;1;0;0;0;0;0;0
197779;11;7;7010101;2019;7;14;1;3;2;6;0;0;1;0;1;0;0;0
197780;11;5;5030731;2019;7;13;1;3;2;6;0;0;1;0;0;0;0;0
197781;11;1;1011202;2019;7;17;1;3;0;7;0;0;0;0;0;0;1;0
197782;11;1;1011303;2019;7;22;1;3;0;4;2;0;0;1;1;0;0;0
197783;11;8;8010510;2019;7;18;1;3;0;1;0;1;0;0;0;0;0;0
197784;11;8;8040933;2019;7;16;1;3;5;7;0;0;1;0;0;0;0;0
197785;11;1;1011102;2019;7;16;1;3;1;5;0;0;1;0;0;0;1;0
197786;11;7;7030303;2019;7;15;1;2;2;6;0;0;1;0;1;0;0;0
197787;11;1;1011304;2019;7;15;1;3;0;1;0;0;0;0;0;0;1;0
197788;11;2;2050804;2019;7;9;1;3;5;2;0;1;0;0;0;0;1;0
197789;11;2;2010103;2019;7;10;7;3;0;1;0;1;0;0;0;0;0;0
197790;11;2;2040502;2019;7;17;7;3;0;3;0;1;1;0;0;0;0;0
197791;11;8;8010404;2019;7;23;7;3;0;7;2;1;0;0;0;0;1;0
197792;11;6;6030503;2019;7;18;7;3;5;3;0;1;1;0;0;0;0;0
197793;11;8;8010301;2019;7;18;7;3;0;6;0;0;1;0;1;0;0;0
197794;11;1;1022103;2019;7;17;7;3;2;6;0;0;1;0;0;0;0;0
197795;11;4;4051448;2019;7;16;7;3;2;6;0;0;1;0;0;0;0;0
197796;11;4;4030725;2019;7;16;7;3;5;2;0;0;1;0;0;0;0;0
197797;11;1;1033101;2019;7;16;7;3;5;2;0;1;1;0;0;0;0;0
197798;11;6;6040806;2019;7;15;7;2;6;4;0;0;1;1;0;0;0;0
197799;11;8;8010301;2019;7;23;7;3;0;6;2;0;0;0;1;0;0;0
197800;11;1;1022207;2019;8;7;4;3;6;4;0;0;1;1;0;0;0;0
197801;11;5;5020524;2019;8;6;4;3;5;2;0;0;1;0;0;0;0;0
197802;11;9;9051702;2019;8;7;4;2;6;7;0;0;0;1;0;0;1;0
197803;11;5;5010101;2019;8;7;4;3;0;1;0;1;0;0;0;0;0;0
197804;11;3;3061126;2019;8;18;3;3;0;5;0;1;1;0;0;0;0;0
197805;11;1;1022206;2019;8;17;3;2;6;7;0;0;0;1;0;0;1;0
197806;11;1;1011202;2019;8;13;3;3;6;4;0;1;0;1;0;0;0;0
197807;11;3;3071536;2019;8;18;3;3;1;5;0;1;1;0;0;0;1;0
197808;11;9;9020502;2019;8;16;3;2;6;4;0;0;0;1;1;0;0;0
197809;11;3;3061429;2019;8;16;3;3;5;2;0;1;1;0;0;0;0;0
197810;11;1;1022101;2019;8;15;3;3;2;6;0;0;1;0;0;0;0;0
197811;11;8;8010406;2019;8;18;3;3;1;5;1;1;1;0;0;0;0;0
197812;11;7;7040403;2019;8;18;3;3;6;2;0;0;1;1;0;0;0;0
197813;11;7;7010102;2019;8;18;3;3;6;4;0;0;1;1;0;0;0;0
197814;11;10;10040933;2019;8;18;3;3;1;5;0;1;1;0;0;0;0;0
197815;11;3;3071633;2019;8;17;3;3;3;6;0;1;0;0;0;0;0;0
197816;11;8;8010214;2019;8;17;3;3;5;2;0;1;1;0;0;0;0;0
197817;11;2;2050801;2019;8;17;3;3;5;2;0;1;1;0;0;0;0;0
197818;11;7;7030301;2019;8;17;3;3;2;2;0;1;1;0;0;0;0;0
197819;11;7;7040403;2019;8;17;3;2;0;1;0;0;0;0;0;0;1;0
197820;11;1;1011303;2019;8;8;3;3;0;6;0;1;0;0;0;0;0;0
197821;11;2;2050803;2019;8;12;3;3;0;7;0;0;0;0;1;0;0;0
197822;11;1;1011204;2019;8;16;3;3;5;3;0;1;1;0;1;0;0;0
197823;11;7;7040403;2019;8;15;3;3;5;2;0;0;1;0;1;0;0;0
197824;11;9;9010202;2019;8;15;3;3;2;1;0;0;1;0;0;0;0;0
197825;11;4;4030725;2019;8;14;3;3;5;3;0;0;1;0;1;0;0;0
197826;11;12;12214125;2019;8;14;3;3;2;6;0;0;1;0;0;0;0;0
197827;11;5;5020628;2019;8;13;3;3;2;6;0;0;1;0;0;0;0;0
197828;11;4;4051653;2019;8;13;3;3;5;2;0;1;0;0;0;1;0;0
197829;11;3;3050925;2019;8;16;3;3;3;6;0;1;1;0;0;0;0;0
197830;11;4;4051655;2019;8;15;3;2;5;2;0;0;1;0;0;0;0;0
197831;11;9;9052001;2019;8;12;3;3;5;7;0;0;1;0;0;0;1;0
197832;11;8;8020727;2019;8;15;3;3;1;5;0;0;1;0;0;0;0;0
197833;11;9;9051702;2019;8;12;3;3;1;5;0;1;0;0;0;0;1;0
197834;11;1;1011304;2019;8;11;3;3;3;7;0;1;1;0;0;0;0;0
197835;11;1;1011103;2019;8;8;3;3;2;6;0;1;1;0;0;0;0;0
197836;11;5;5020626;2019;8;8;3;3;5;7;0;0;1;0;1;0;0;0
197837;11;10;10010310;2019;8;11;3;3;2;6;0;0;1;0;0;1;0;0
197838;11;3;3061126;2019;8;6;3;2;0;7;0;1;0;0;0;0;0;0
197839;11;5;5020524;2019;8;10;3;3;0;2;0;1;1;0;0;0;0;0
197840;11;1;1044101;2019;8;6;3;3;5;2;0;1;1;0;0;0;0;0
197841;11;8;8010404;2019;8;1;3;3;6;7;2;0;0;1;0;0;1;0
197842;11;9;9010302;2019;8;9;3;3;5;3;0;1;1;0;0;0;0;0
197843;11;10;10020413;2019;8;9;3;3;0;7;0;0;1;0;1;0;0;1
197844;11;8;8010404;2019;8;9;3;3;5;2;0;1;1;0;0;0;0;0
197845;11;2;2040502;2019;8;8;3;3;5;3;0;0;1;0;1;0;0;0
197846;11;5;5020523;2019;8;20;2;3;2;2;0;1;0;0;0;0;0;0
197847;11;7;7030301;2019;8;12;2;3;2;7;0;1;1;0;0;0;0;0
197848;11;4;4020310;2019;8;15;2;3;2;6;2;0;1;0;0;0;0;0
197849;11;8;8030829;2019;8;20;2;3;5;2;0;1;0;0;0;1;0;0
197850;11;11;11030618;2019;8;19;2;3;6;4;0;1;0;1;0;0;0;0
197851;11;10;10020416;2019;8;18;2;3;5;2;0;1;1;0;0;0;0;0
197852;11;7;7050505;2019;8;18;2;2;5;5;0;0;1;0;0;0;0;0
197853;11;1;1011401;2019;8;20;2;2;1;5;1;1;0;0;0;0;1;0
197854;11;11;11020514;2019;8;15;2;3;0;2;0;0;1;0;1;0;0;0
197855;11;5;5020627;2019;8;18;2;3;5;2;0;1;1;0;0;0;0;0
197856;11;1;1011204;2019;8;17;2;3;5;2;0;0;1;0;1;0;0;0
197857;11;7;7010104;2019;8;13;2;3;6;7;0;1;0;1;0;0;0;0
197858;11;2;2010101;2019;8;13;2;3;2;6;0;1;0;0;0;0;0;0
197859;11;4;4041137;2019;8;13;2;3;5;3;0;0;1;0;0;0;0;0
197860;11;2;2020203;2019;8;17;2;3;0;2;0;0;1;0;1;0;0;0
197861;11;5;5020521;2019;8;16;2;3;0;2;0;1;1;0;0;0;0;0
197862;11;11;11051229;2019;8;16;2;2;0;7;0;1;0;0;0;0;0;0
197863;11;12;12301205;2019;8;16;2;3;5;3;0;1;1;0;0;0;0;0
197864;11;5;5020523;2019;8;16;2;3;0;4;0;0;0;1;0;0;1;0
197865;11;5;5010314;2019;8;15;2;3;2;2;0;0;1;0;0;0;1;0
197866;11;10;10010102;2019;8;15;2;2;5;3;0;0;1;0;1;0;0;0
197867;11;12;12214421;2019;8;15;2;3;6;2;0;0;1;1;0;0;0;0
197868;11;11;11030721;2019;8;14;2;3;0;2;0;1;0;0;0;0;1;0
197869;11;1;1011301;2019;8;14;2;3;3;5;0;1;1;0;0;0;0;0
197870;11;6;6030609;2019;8;15;2;3;5;3;0;0;1;0;0;0;0;0
197871;11;4;4051551;2019;8;10;2;3;5;3;0;1;1;0;0;0;0;0
197872;11;12;12214424;2019;8;10;2;3;5;2;0;1;1;0;0;0;0;0
197873;11;3;3020307;2019;8;9;2;3;6;3;0;0;1;1;0;0;0;0
197874;11;11;11041023;2019;8;12;2;2;5;3;0;1;1;0;0;0;0;0
197875;11;2;2030302;2019;8;12;2;3;0;1;0;1;0;0;0;0;0;0
197876;11;9;9041601;2019;8;10;2;3;5;5;0;0;1;0;0;0;0;0
197877;11;1;3071537;2019;8;8;2;3;2;6;0;0;1;0;1;0;0;0
197878;11;7;7010102;2019;8;8;2;3;5;3;0;1;1;0;0;0;0;0
197879;11;7;7020203;2019;8;8;2;3;3;6;0;1;1;0;0;0;0;0
197880;11;1;1033202;2019;8;7;2;3;5;3;0;0;1;0;0;0;0;0
197881;11;4;4051446;2019;8;14;1;3;0;6;0;0;1;0;1;0;0;0
197882;11;8;8020623;2019;8;10;1;3;0;6;0;1;1;0;0;0;0;0
197883;11;8;8010117;2019;8;22;1;3;5;2;2;1;1;0;0;0;0;0
197884;11;8;8010303;2019;8;21;1;3;0;1;2;0;0;0;1;0;0;0
197885;11;2;2020203;2019;8;14;1;3;5;3;0;1;1;0;0;0;0;0
197886;11;12;12214423;2019;8;14;1;3;1;5;0;0;1;0;0;0;0;0
197887;11;6;6040808;2019;8;13;1;3;0;1;0;1;0;0;0;0;0;0
197888;11;4;4020311;2019;8;13;1;3;5;3;0;0;1;0;1;0;0;0
197889;11;6;6020410;2019;8;13;1;3;2;6;0;0;1;0;1;0;0;0
197890;11;8;8010117;2019;8;13;1;3;5;2;0;0;1;0;0;0;0;0
197891;11;3;3061228;2019;8;12;1;3;0;1;0;1;0;0;0;0;0;0
197892;11;2;2030302;2019;8;12;1;3;5;3;0;0;1;0;0;0;0;0
197893;11;4;4041134;2019;8;12;1;3;2;6;0;0;1;0;1;0;0;0
197894;11;1;1044201;2019;8;12;1;3;2;6;0;0;1;0;0;0;0;0
197895;11;9;9051702;2019;8;20;1;3;2;5;0;0;1;0;0;0;0;0
197896;11;11;11040926;2019;8;20;1;2;5;2;1;1;1;0;0;0;0;0
197897;11;1;1022106;2019;8;19;1;3;5;2;0;1;1;0;0;0;0;0
197898;11;9;9020802;2019;8;18;1;3;5;2;0;1;1;0;0;0;0;0
197899;11;8;8010303;2019;8;18;1;3;5;3;0;0;1;0;1;0;0;0
197900;11;10;10040932;2019;8;17;1;3;5;3;0;0;1;0;0;0;0;0
197901;11;12;12231102;2019;8;17;1;3;5;3;0;0;1;0;1;0;0;0
197902;11;5;5010207;2019;8;15;1;2;5;2;0;0;1;0;0;0;0;0
197903;11;12;12302110;2019;8;15;1;3;2;6;0;0;1;0;0;0;1;0
197904;11;6;6030503;2019;8;15;1;3;0;7;0;1;0;0;0;0;0;0
197905;11;8;8020727;2019;8;14;1;3;0;7;0;0;1;0;1;0;0;0
197906;11;1;1044202;2019;8;10;1;3;1;5;0;1;1;0;0;0;0;0
197907;11;9;9020702;2019;8;8;1;3;5;3;0;0;1;0;0;0;1;0
197908;11;5;5010206;2019;8;7;4;3;5;2;0;0;1;0;1;0;0;0
197909;11;5;5010314;2019;8;8;1;3;6;2;0;0;1;1;0;0;0;0
197910;11;3;3020209;2019;8;1;1;3;1;5;2;1;1;0;0;0;0;0
197911;11;3;3030716;2019;8;17;7;1;0;7;0;0;0;0;0;0;1;0
197912;11;3;3061131;2019;8;12;7;3;0;4;0;1;0;1;0;0;0;0
197913;11;3;3040614;2019;8;13;7;3;5;2;0;1;1;0;0;0;0;0
197914;11;4;4030623;2019;8;13;7;3;5;3;0;0;1;0;1;0;0;0
197915;11;11;11020412;2019;8;12;7;3;2;6;0;0;1;0;0;0;0;0
197916;11;3;3030406;2019;8;12;7;3;5;3;0;0;1;0;0;0;0;0
197917;11;9;9020501;2019;8;12;7;3;5;3;0;0;1;0;0;0;0;0
197918;11;4;4041241;2019;8;11;7;3;5;3;0;1;1;0;0;0;0;0
197919;11;5;5010101;2019;8;11;7;2;5;2;0;1;1;0;0;0;0;0
197920;11;6;6020410;2019;8;11;7;3;2;2;0;0;1;0;0;0;0;0
197921;11;9;9031001;2019;8;11;7;2;5;3;0;0;1;0;0;0;0;0
197922;11;5;5020419;2019;8;11;7;3;5;3;0;1;1;0;0;0;0;0
197923;11;9;9010302;2019;8;9;7;3;2;2;0;0;1;0;0;0;0;0
197924;11;1;1011203;2019;8;9;7;3;5;3;0;0;1;0;0;0;0;0
197925;11;12;12302212;2019;8;0;7;3;4;6;2;0;1;0;0;0;0;1
197926;11;5;5030832;2019;8;19;7;3;2;6;0;0;1;0;0;0;0;0
197927;11;4;4051655;2019;8;18;7;3;2;6;0;0;1;0;0;0;0;0
197928;11;3;3071633;2019;8;17;7;3;2;2;0;0;1;0;0;0;0;0
197929;11;4;4051445;2019;8;17;7;3;0;1;0;0;0;0;1;0;0;0
197930;11;1;1044102;2019;8;16;7;3;4;6;0;0;1;0;0;0;0;0
197931;11;9;9020502;2019;8;16;7;3;5;3;0;1;1;0;0;0;0;0
197932;11;4;4010102;2019;8;15;7;3;5;2;0;0;1;0;0;0;0;0
197933;11;2;2010103;2019;8;23;7;3;5;3;2;0;1;0;0;0;0;0
197934;11;7;7070706;2019;8;20;7;3;5;3;0;0;1;0;0;0;0;0
197935;11;3;3061131;2019;8;3;7;3;0;1;2;0;0;0;1;0;0;0
197936;11;1;1011301;2019;8;17;6;3;5;2;0;1;1;0;0;0;0;0
197937;11;2;2010101;2019;8;16;6;3;0;4;0;1;0;1;0;0;0;0