OBJECTID;LAND;BEZ;LOR_ab_2021;UJAHR;UMONAT;USTUNDE;UWOCHENTAG;UKATEGORIE;UART;UTYP1;ULICHTVERH;IstRad;IstPKW;IstFuss;IstKrad;IstGkfz;IstSonstige;USTRZUSTAND
197938;11;2;2020205;2019;8;19;6;3;1;7;0;0;1;0;0;0;0;0
197939;11;4;4030931;2019;8;21;6;3;3;6;2;1;1;0;0;0;0;0
197940;11;12;12214424;2019;8;17;6;3;2;6;0;1;1;0;0;0;0;0
197941;11;8;8010211;2019;8;22;6;3;1;5;2;1;1;0;0;0;0;0
197942;11;2;2010102;2019;8;17;6;3;1;5;0;1;1;0;0;0;0;0
197943;11;2;2010103;2019;8;20;6;3;5;3;0;0;1;0;1;0;0;0
197944;11;8;8010211;2019;8;17;6;3;3;6;0;1;1;0;0;0;0;0
197945;11;9;9031001;2019;8;19;6;3;5;3;0;1;0;0;0;0;1;0
197946;11;3;3061227;2019;8;18;6;3;5;7;0;0;1;0;0;0;0;0
197947;11;6;6020409;2019;8;21;6;3;1;7;2;0;1;0;0;0;0;0
197948;11;4;4041238;2019;8;17;6;2;1;5;0;1;1;0;0;0;0;0
197949;11;4;4030726;2019;8;19;6;2;0;1;0;0;0;0;1;0;0;0
197950;11;8;8010211;2019;8;18;6;3;0;7;0;0;1;0;1;0;0;0
197951;11;7;7050503;2019;8;8;6;3;0;7;0;0;0;1;0;0;1;0
197952;11;9;9020502;2019;8;8;6;3;0;2;0;1;1;0;0;0;0;0
197953;11;12;12214125;2019;8;8;6;3;5;2;0;1;1;0;0;0;0;0
197954;11;7;7010102;2019;8;8;6;3;2;2;0;1;1;0;0;0;0;0
197955;11;12;12214527;2019;8;8;6;3;3;6;0;0;1;0;0;1;0;0
197956;11;4;4010102;2019;8;7;6;3;0;7;0;0;1;0;1;0;0;0
197957;11;12;12231102;2019;8;7;6;3;4;6;0;1;0;0;0;0;0;0
197958;11;4;4061757;2019;8;13;6;3;5;2;0;0;1;0;1;0;0;0
197959;11;1;1011401;2019;8;16;6;3;1;1;0;1;1;0;0;0;0;0
197960;11;9;9010202;2019;8;13;6;3;6;4;0;1;0;1;0;0;0;0
197961;11;11;11020412;2019;8;16;6;2;5;3;0;1;1;0;0;0;0;0
197962;11;1;1011301;2019;8;13;6;3;1;5;0;1;1;0;0;0;0;0
197963;11;7;7020204;2019;8;13;6;3;2;6;0;0;1;0;0;0;0;0
197964;11;3;3040513;2019;8;13;6;3;5;3;0;0;1;0;1;0;0;0
197965;11;9;9051901;2019;8;11;6;3;0;1;0;1;0;0;0;0;0;0
197966;11;1;1011203;2019;8;11;6;3;2;7;0;0;1;0;1;0;0;0
197967;11;12;12224230;2019;8;10;6;2;6;4;0;0;1;1;0;0;0;0
197968;11;5;5010314;2019;8;10;6;3;0;2;0;0;1;0;1;0;0;0
197969;11;3;3050920;2019;8;9;6;3;5;2;0;1;0;0;0;0;0;0
197970;11;1;1044202;2019;8;9;6;3;5;2;0;1;1;0;0;0;0;0
197971;11;9;9010101;2019;8;9;6;3;5;2;0;1;1;0;0;0;0;0
197972;11;5;5020625;2019;8;15;6;2;6;4;0;0;1;1;0;0;0;0
197973;11;1;1044103;2019;8;15;6;3;5;2;0;1;1;0;1;0;0;0
197974;11;2;2010101;2019;8;14;6;3;3;6;0;1;0;0;0;0;1;0
197975;11;5;5010209;2019;8;14;6;3;5;2;0;0;1;0;0;0;0;0
197976;11;11;11030619;2019;8;13;6;3;2;6;0;0;1;0;0;0;1;0
197977;11;4;4051549;2019;8;2;6;3;0;1;2;1;0;0;0;0;0;0
197978;11;3;3071536;2019;8;23;6;3;9;1;2;0;0;0;0;0;1;0
197979;11;4;4030931;2019;8;14;5;2;5;2;0;0;1;0;1;0;0;0
197980;11;5;5020625;2019;8;16;5;2;5;2;0;0;1;0;0;0;0;0
197981;11;11;11030618;2019;8;19;5;3;4;6;0;1;0;0;0;0;0;0
197982;11;4;4030931;2019;8;17;5;3;6;4;0;1;0;1;0;0;0;0
197983;11;9;9020501;2019;8;18;5;3;5;2;0;1;1;0;0;0;0;0
197984;11;6;6020301;2019;8;17;5;3;2;6;0;0;1;0;1;0;0;0
197985;11;6;6030504;2019;8;16;5;3;5;3;0;1;1;0;0;0;0;0
197986;11;1;1011101;2019;8;16;5;3;2;2;0;0;1;0;1;0;0;0
197987;11;1;1011305;2019;8;18;5;3;3;2;0;1;1;0;0;0;0;0
197988;11;9;9020502;2019;8;16;5;2;5;2;0;1;1;0;0;0;0;0
197989;11;8;8010405;2019;8;15;5;3;5;3;0;1;0;0;0;0;0;0
197990;11;2;2010102;2019;8;15;5;3;1;5;0;1;1;0;0;0;0;0
197991;11;1;1011204;2019;8;15;5;3;2;6;0;1;1;0;0;0;0;0
197992;11;8;8010301;2019;8;14;5;3;0;3;0;0;1;0;0;0;1;0
197993;11;1;1033202;2019;8;14;5;3;5;2;0;1;0;0;0;0;1;0
197994;11;5;5010314;2019;8;14;5;3;3;6;0;0;1;0;1;0;0;0
197995;11;2;2040701;2019;8;14;5;3;2;6;0;0;1;0;0;0;1;0
197996;11;8;8020619;2019;8;14;5;3;5;2;0;1;1;0;0;0;0;0
197997;11;11;11010204;2019;8;13;5;3;5;3;0;1;1;0;0;0;0;0
197998;11;1;1022106;2019;8;10;5;3;5;2;0;1;1;0;0;0;0;0
197999;11;7;7020203;2019;8;21;5;3;6;7;2;1;0;1;0;0;0;0
198000;11;4;4031032;2019;8;19;5;2;5;2;0;0;1;0;1;0;0;0
198001;11;6;6040810;2019;8;8;5;3;5;5;0;1;1;0;0;0;0;0
198002;11;12;12304313;2019;8;10;5;2;5;3;0;0;1;0;0;0;0;0
198003;11;3;3051017;2019;8;8;5;3;5;3;0;1;0;0;0;0;0;0
198004;11;3;3061430;2019;8;8;5;3;5;7;0;0;1;0;1;0;0;0
198005;11;1;1011201;2019;8;9;5;3;0;1;0;1;0;0;0;0;0;1
198006;11;8;8020622;2019;8;8;5;3;2;6;0;0;1;0;0;0;0;0
198007;11;5;5010205;2019;8;8;5;3;5;3;0;1;1;0;0;0;0;0
198008;11;10;10010204;2019;8;6;5;2;6;4;0;0;1;1;0;0;0;0
198009;11;5;5030731;2019;8;8;4;3;6;7;0;1;0;1;0;0;0;0
198010;11;1;1011203;2019;8;14;4;3;5;2;0;1;0;0;0;0;0;1
198011;11;9;9020601;2019;8;12;4;2;6;7;0;1;0;1;0;0;0;0
198012;11;7;7040405;2019;8;11;4;3;3;6;0;0;1;0;0;0;0;0
198013;11;4;4051446;2019;8;11;4;2;6;4;0;0;1;1;0;0;0;0
198014;11;2;2020203;2019;8;11;4;3;2;6;0;0;1;0;0;0;0;0
198015;11;2;2020204;2019;8;9;4;3;6;4;0;1;0;1;0;0;0;0
198016;11;8;8020728;2019;8;9;4;3;6;4;0;0;1;1;0;0;0;0
198017;11;4;4030724;2019;8;9;4;3;5;7;0;0;1;0;0;0;0;0
198018;11;4;4051446;2019;8;9;4;3;5;3;0;1;1;0;0;0;0;0
198019;11;6;6030608;2019;8;9;4;2;5;3;0;1;1;0;0;0;0;0
198020;11;1;1011402;2019;8;8;4;3;0;6;0;0;1;0;1;0;0;0
198021;11;1;1011201;2019;8;7;4;3;2;2;0;0;1;0;1;0;0;0
198022;11;8;8010510;2019;8;3;4;3;5;3;2;1;1;0;0;0;0;0
198023;11;1;1011103;2019;8;20;4;3;5;3;0;0;1;0;1;0;0;0
198024;11;4;4051653;2019;8;7;4;3;5;2;0;0;1;0;0;0;0;0
198025;11;12;12231101;2019;8;12;4;3;5;3;0;0;1;0;0;0;0;0
198026;11;12;12214424;2019;8;12;4;3;0;1;0;1;0;0;0;0;0;0
198027;11;3;3040512;2019;8;7;4;3;2;6;0;0;1;0;0;0;0;0
198028;11;6;6020301;2019;8;2;4;3;9;1;2;0;1;0;0;0;0;0
198029;11;2;2020204;2019;8;16;4;3;5;3;0;0;1;0;0;0;0;0
198030;11;3;3040818;2019;8;8;4;3;3;6;0;1;1;0;0;0;0;0
198031;11;1;1011402;2019;8;15;4;3;6;7;0;0;0;1;0;0;1;0
198032;11;7;7020204;2019;8;15;4;3;3;7;0;1;0;0;0;0;0;0
198033;11;1;1011204;2019;8;15;4;3;5;2;0;1;0;0;0;0;1;1
198034;11;2;2030402;2019;8;14;4;3;0;6;0;1;1;0;0;0;0;0
198035;11;1;1011303;2019;8;14;4;3;0;1;0;0;0;0;1;0;0;1
198036;11;7;7050501;2019;8;14;4;3;0;3;0;1;1;0;0;0;0;1
198037;11;2;2020204;2019;8;14;4;3;0;2;0;0;0;0;1;0;1;1
198038;11;3;3061430;2019;8;14;4;3;5;2;0;1;1;0;0;0;0;1
198039;11;4;4030623;2019;8;19;4;3;5;2;0;1;1;0;0;0;0;0
198040;11;5;5020419;2019;8;18;4;3;5;3;0;0;1;0;0;0;0;0
198041;11;11;11041128;2019;8;17;4;3;5;3;0;0;1;0;1;0;0;0
198042;11;11;11030720;2019;8;13;4;3;5;7;0;0;1;0;0;1;0;1
198043;11;10;10040828;2019;8;13;4;3;5;7;0;0;1;0;0;0;0;0
198044;11;1;1022106;2019;8;13;4;3;5;2;0;1;1;0;0;0;0;0
198045;11;1;1022104;2019;8;5;3;3;5;3;1;0;1;0;1;0;0;0
198046;11;6;6010209;2019;8;12;3;2;1;5;0;1;1;0;0;0;0;0
198047;11;4;4051653;2019;8;15;3;3;0;6;0;0;1;0;1;0;0;1
198048;11;7;7020202;2019;8;16;3;3;1;7;0;0;1;0;0;0;0;0
198049;11;4;4020310;2019;8;10;3;3;2;2;0;0;1;0;1;0;0;0
198050;11;1;1011203;2019;8;20;3;3;5;3;2;1;1;0;0;0;0;0
198051;11;7;7010104;2019;8;20;3;3;3;6;0;1;0;0;0;0;1;0
198052;11;6;6030501;2019;8;19;3;3;1;1;0;0;1;0;0;0;0;0
198053;11;7;7030301;2019;8;19;3;3;2;6;0;0;1;0;0;0;0;0
198054;11;5;5010314;2019;8;18;3;3;0;2;0;0;1;0;0;0;1;0
198055;11;5;5020625;2019;8;18;3;3;0;4;0;1;0;1;0;0;0;0
198056;11;1;1011301;2019;8;18;3;3;2;2;0;1;1;0;0;0;0;0
198057;11;1;1033203;2019;8;18;3;3;5;3;0;1;1;0;0;0;0;0
198058;11;2;2020206;2019;8;16;3;3;0;7;0;1;1;0;0;0;0;1
198059;11;2;2020206;2019;8;17;3;2;2;6;0;0;0;0;1;0;1;0
198060;11;9;9031101;2019;8;17;3;3;3;6;0;1;1;0;0;0;0;0
198061;11;1;1011105;2019;8;17;4;3;5;2;0;1;1;0;0;0;0;0
198062;11;1;1011204;2019;8;17;3;3;0;3;0;0;1;0;1;0;0;1
198063;11;4;4030620;2019;8;17;3;3;5;7;0;1;1;0;0;0;0;0
198064;11;1;1022202;2019;8;17;4;3;0;2;0;1;1;0;0;0;0;0
198065;11;3;3061126;2019;8;17;3;3;5;2;0;1;1;0;0;0;0;0
198066;11;7;7070702;2019;8;17;4;3;5;3;0;1;1;0;0;0;0;0
198067;11;1;1011203;2019;8;17;3;3;5;3;0;0;1;0;0;0;1;0
198068;11;10;10010203;2019;8;17;4;3;5;3;0;1;0;0;0;0;1;0
198069;11;6;6020303;2019;8;17;3;3;5;2;0;0;1;0;1;0;0;0
198070;11;1;1011202;2019;8;8;4;3;5;2;0;1;0;0;1;0;0;0
198071;11;3;3051021;2019;8;11;3;3;2;5;0;0;1;0;1;0;0;0
198072;11;2;2010104;2019;8;16;4;3;6;7;0;1;0;1;0;0;0;0
198073;11;8;8010117;2019;8;12;3;3;2;6;0;1;1;0;0;0;0;0
198074;11;1;1044201;2019;8;16;4;2;1;5;0;0;1;0;1;0;0;0
198075;11;1;1033101;2019;8;11;3;3;5;3;0;0;1;0;1;0;0;0
198076;11;5;5030832;2019;8;11;3;3;6;7;0;0;1;1;0;0;0;0
198077;11;1;1044201;2019;8;15;4;3;5;2;0;0;1;0;1;0;0;0
198078;11;6;6040806;2019;8;10;3;3;1;5;0;1;1;0;0;0;0;0
198079;11;4;4030623;2019;8;15;4;2;5;2;0;1;0;0;0;0;1;0
198080;11;8;8010117;2019;8;9;3;3;5;3;0;0;1;0;1;0;1;0
198081;11;12;12214527;2019;8;12;4;3;5;7;0;0;1;0;1;0;0;0
198082;11;3;3030406;2019;8;9;3;3;0;3;0;0;1;0;0;0;1;0
198083;11;6;6040703;2019;8;11;4;3;5;3;0;0;1;0;0;0;0;0
198084;11;8;8010510;2019;8;8;3;3;5;2;0;1;1;0;0;0;0;0
198085;11;4;4030620;2019;8;7;3;3;5;2;0;1;1;0;0;0;0;0
198086;11;11;11030721;2019;8;10;4;3;5;5;0;0;1;0;0;0;1;0
198087;11;1;1022105;2019;8;10;4;3;5;2;0;0;1;0;0;0;0;0
198088;11;3;3040614;2019;8;7;3;3;5;3;0;1;1;0;0;0;0;0
198089;11;11;11010103;2019;8;7;3;2;3;6;0;0;0;0;1;0;1;0
198090;11;1;1022206;2019;8;10;4;2;6;7;0;0;1;1;0;0;0;0
198091;11;9;9020802;2019;8;7;3;3;2;6;0;0;1;0;1;0;0;0
198092;11;9;9010201;2019;8;9;4;3;5;2;0;1;1;0;0;0;0;0
198093;11;4;4041238;2019;8;15;3;3;1;5;0;0;1;0;0;0;0;0
198094;11;11;11030721;2019;8;16;3;3;4;6;0;1;1;0;0;0;0;0
198095;11;7;7060603;2019;8;9;4;3;5;2;0;1;1;0;0;0;0;0
198096;11;12;12231102;2019;8;15;3;3;0;3;0;0;0;0;1;0;1;1
198097;11;5;5010206;2019;8;15;3;3;0;3;0;0;1;0;1;0;0;1
198098;11;3;3071536;2019;8;7;4;3;5;2;0;1;0;0;0;0;1;0
198099;11;4;4020207;2019;8;16;3;2;5;7;0;0;1;0;0;0;0;0
198100;11;5;5020628;2019;8;15;3;3;0;3;0;0;1;0;1;0;0;0
198101;11;1;1044201;2019;8;15;4;3;5;2;0;1;1;0;0;0;0;0
198102;11;1;1044201;2019;8;14;3;3;6;4;0;1;0;1;0;0;0;0
198103;11;3;3071537;2019;8;15;4;3;4;5;0;1;1;0;0;0;0;0
198104;11;11;11030618;2019;8;16;3;3;3;6;0;1;0;0;0;0;0;0
198105;11;7;7010102;2019;8;15;4;3;3;6;0;1;1;0;0;0;0;0
198106;11;8;8010118;2019;8;14;3;3;0;2;0;0;1;0;1;0;0;0
198107;11;3;3040614;2019;8;14;4;3;5;3;0;0;1;0;1;0;0;0
198108;11;9;9020701;2019;8;14;3;2;5;2;0;0;1;0;1;0;0;0
198109;11;9;9051702;2019;8;16;3;3;5;7;0;0;1;0;1;0;0;0
198110;11;4;4020313;2019;8;14;4;3;6;2;0;0;1;1;0;0;0;0
198111;11;12;12304314;2019;8;14;4;3;1;5;0;1;1;0;0;0;0;0
198112;11;5;5030730;2019;8;13;3;3;5;2;0;1;1;0;0;0;0;0
198113;11;1;1011402;2019;8;8;3;3;5;3;0;1;1;0;0;0;0;0
198114;11;8;8010404;2019;8;13;4;2;5;3;0;0;1;0;1;0;0;0
198115;11;4;4051550;2019;8;12;3;3;5;7;0;1;1;0;0;0;0;0
198116;11;2;2040701;2019;8;13;4;3;5;3;0;0;1;0;0;0;0;0
198117;11;12;12301203;2019;8;16;3;3;3;6;0;0;1;0;0;0;0;0
198118;11;3;3050920;2019;8;13;4;3;5;3;0;0;1;0;0;0;0;0
198119;11;2;2050802;2019;8;15;3;3;5;3;0;0;1;0;0;0;0;1
198120;11;4;4030620;2019;8;13;4;2;1;5;0;0;1;0;0;0;1;0
198121;11;3;3061430;2019;8;15;3;3;5;2;0;1;1;0;0;0;0;1
198122;11;6;6040810;2019;8;7;4;3;0;2;0;0;1;0;1;0;0;0
198123;11;12;12301203;2019;8;15;3;3;0;1;0;0;0;0;1;0;0;1
198124;11;7;7010102;2019;8;12;4;3;1;5;0;1;1;0;0;0;1;0
198125;11;9;9051901;2019;8;13;5;3;5;7;0;0;1;0;0;0;1;0
198126;11;10;10040829;2019;8;13;5;3;1;5;0;1;1;0;0;0;0;0
198127;11;1;1044101;2019;8;13;5;3;5;2;0;1;1;0;0;0;0;0
198128;11;1;1011202;2019;8;12;5;3;2;7;0;1;1;0;0;0;0;0
198129;11;1;1022106;2019;8;9;5;2;2;7;0;0;1;0;0;0;0;0
198130;11;4;4020310;2019;8;9;5;2;5;2;0;1;0;0;0;1;0;0
198131;11;1;1011306;2019;8;9;5;3;5;2;0;0;1;0;1;0;0;0
198132;11;1;1044202;2019;8;9;5;3;0;5;0;0;1;0;1;0;0;0
198133;11;11;11020411;2019;8;9;5;3;5;3;0;1;1;0;0;0;0;0
198134;11;1;1044201;2019;8;8;5;3;5;3;0;0;1;0;0;0;0;0
198135;11;7;7030303;2019;8;8;5;3;5;2;0;0;1;0;1;0;0;0
198136;11;12;12214424;2019;8;8;5;3;3;6;0;0;1;0;0;1;0;0
198137;11;1;1022206;2019;8;8;5;3;5;2;0;1;1;0;0;0;0;0
198138;11;2;2040502;2019;8;8;5;3;5;2;0;1;1;0;0;0;0;0
198139;11;9;9020601;2019;8;7;5;3;5;2;0;1;1;0;0;0;0;0
198140;11;7;7010101;2019;8;3;5;3;6;6;2;0;0;1;0;0;1;0
198141;11;12;12231101;2019;8;10;5;3;0;1;0;0;0;0;1;0;0;0
198142;11;12;12214424;2019;8;16;4;3;5;2;0;1;1;0;0;0;0;0
198143;11;12;12304314;2019;8;16;4;3;0;1;0;0;1;0;1;0;0;0
198144;11;2;2020202;2019;8;4;4;3;5;3;2;0;1;0;0;0;0;1
198145;11;3;3061126;2019;8;19;4;3;2;2;2;0;1;0;1;0;0;0
198146;11;4;4030620;2019;8;19;4;3;5;3;1;0;1;0;1;0;0;0
198147;11;6;6010205;2019;8;18;4;3;5;2;0;0;1;0;1;0;0;0
198148;11;7;7030301;2019;8;18;4;3;5;7;0;1;0;0;0;0;1;0
198149;11;2;2010101;2019;8;17;4;3;1;5;0;0;1;0;1;0;0;0
198150;11;2;2050602;2019;8;16;4;3;1;5;0;1;1;0;0;0;0;0
198151;11;2;2020206;2019;8;18;4;3;3;6;0;1;1;0;0;0;0;0
198152;11;5;5020521;2019;8;17;4;3;0;3;0;1;1;0;0;0;0;0
198153;11;6;6020409;2019;8;14;4;2;2;6;0;0;1;0;0;0;1;0
198154;11;7;7030301;2019;8;17;4;3;3;6;0;1;1;0;0;0;0;0
198155;11;4;4051652;2019;8;17;4;3;0;4;0;1;0;1;0;0;0;0
198156;11;7;7010102;2019;8;15;4;3;3;6;0;1;1;0;0;0;0;0
198157;11;7;7040403;2019;8;22;4;3;5;3;2;0;1;0;0;0;0;0
198158;11;7;7020203;2019;8;19;4;3;5;2;0;1;1;0;0;0;0;0
198159;11;1;1033201;2019;8;8;4;2;6;4;0;1;0;1;0;0;0;0
198160;11;1;1011204;2019;8;8;4;3;5;3;0;1;1;0;0;0;0;0
198161;11;5;5040934;2019;8;8;4;3;5;3;0;0;1;0;1;0;0;0
198162;11;2;2040701;2019;8;7;4;3;5;2;0;0;1;0;0;0;0;0
198163;11;12;12214422;2019;8;7;4;3;6;2;0;0;1;1;0;0;0;0
198164;11;3;3020307;2019;8;7;4;3;6;2;0;0;1;1;0;0;0;0
198165;11;5;5010314;2019;8;6;4;2;0;6;1;0;1;0;1;0;0;0
198166;11;8;8020622;2019;8;6;4;3;5;3;0;1;0;0;0;0;1;0
198167;11;7;7050504;2019;8;9;4;3;9;1;0;0;1;0;0;0;1;0
198168;11;10;10010308;2019;8;17;4;2;5;2;0;0;1;0;1;0;0;0
198169;11;1;1011203;2019;8;16;4;2;5;3;0;1;1;0;0;0;0;0
198170;11;7;7020203;2019;8;15;4;3;0;1;0;0;1;0;1;0;0;0
198171;11;12;12214527;2019;8;15;4;3;5;3;0;1;1;0;0;0;0;0
198172;11;10;10010308;2019;8;15;4;3;5;3;0;1;1;0;0;0;0;0
198173;11;9;9010401;2019;8;15;4;3;6;4;0;0;1;1;0;0;0;0
198174;11;8;8010301;2019;8;15;4;3;5;2;0;1;1;0;0;0;0;0
198175;11;6;6040809;2019;8;14;4;2;5;3;0;1;1;0;0;0;0;0
198176;11;9;9020701;2019;8;14;4;3;5;2;0;0;1;0;0;0;0;0
198177;11;2;2010101;2019;8;12;4;3;5;3;0;1;1;0;0;0;0;0
198178;11;4;4030417;2019;8;11;4;3;5;2;0;1;0;0;1;0;0;0
198179;11;8;8020728;2019;8;10;4;2;2;6;0;0;1;0;1;0;0;0
198180;11;9;9031101;2019;8;9;4;3;5;3;0;0;1;0;0;0;1;0
198181;11;4;4010102;2019;8;9;4;2;5;3;0;0;1;0;1;0;0;0
198182;11;11;11010103;2019;8;9;4;3;5;2;0;1;0;0;0;0;1;0
198183;11;10;10020517;2019;8;11;3;2;0;7;0;1;0;0;0;0;0;0
198184;11;7;7040405;2019;8;15;3;3;2;6;0;0;1;0;0;0;0;0
198185;11;7;7010101;2019;8;8;3;3;5;3;0;1;0;0;0;0;0;0
198186;11;12;12214421;2019;8;21;3;3;0;1;2;0;0;0;1;0;0;0
198187;11;3;3040614;2019;8;20;3;3;2;6;2;1;0;0;0;0;0;0
198188;11;1;1011201;2019;8;18;3;3;5;3;0;1;0;0;0;0;0;0
198189;11;6;6030609;2019;8;16;3;3;5;3;0;0;1;0;0;0;0;0
198190;11;8;8030829;2019;8;19;3;2;1;1;0;0;1;0;0;0;1;0
198191;11;2;2010102;2019;8;16;3;3;2;6;0;0;1;0;0;0;0;0
198192;11;8;8010303;2019;8;16;3;3;2;6;0;0;1;0;0;0;1;0
198193;11;12;12302110;2019;8;15;3;3;0;1;0;0;1;0;1;0;0;0
198194;11;12;12224230;2019;8;15;3;3;5;3;0;1;0;0;0;0;0;0
198195;11;2;2010102;2019;8;14;3;3;6;2;0;0;0;1;0;1;0;0
198196;11;4;4010103;2019;8;14;3;3;5;3;0;1;1;0;0;0;0;0
198197;11;1;1044202;2019;8;18;3;3;5;2;0;1;1;0;0;0;0;0
198198;11;1;1011201;2019;8;18;3;3;1;5;0;1;1;0;0;0;0;0
198199;11;2;2010103;2019;8;18;3;3;0;7;0;0;1;0;0;0;1;0
198200;11;1;1022204;2019;8;18;3;3;1;5;0;1;1;0;0;0;1;0
198201;11;4;4030931;2019;8;16;3;3;0;2;0;0;1;0;0;0;1;0
198202;11;1;1011303;2019;8;9;3;3;0;5;0;1;0;0;0;1;0;0
198203;11;8;8041036;2019;8;17;3;2;6;4;0;0;0;1;1;0;0;0
198204;11;1;1011102;2019;8;17;3;2;6;7;0;1;0;1;0;0;0;0
198205;11;5;5010339;2019;8;15;3;3;5;2;0;0;1;0;0;0;0;0
198206;11;9;9031001;2019;8;15;3;2;5;2;0;1;1;0;0;0;0;0
198207;11;1;1044102;2019;8;10;3;3;2;3;0;1;1;0;0;0;0;0
198208;11;3;3040614;2019;8;10;3;3;2;3;0;0;1;0;1;0;0;0
198209;11;3;3071638;2019;8;9;3;3;2;6;0;1;1;0;0;0;0;0
198210;11;5;5020522;2019;8;9;3;3;2;2;0;0;1;0;0;0;0;0
198211;11;12;12214125;2019;8;8;3;3;0;4;0;0;1;1;0;0;0;0
198212;11;7;7040405;2019;8;9;3;3;5;2;0;1;1;0;0;0;0;0
198213;11;9;9041401;2019;8;9;3;3;5;2;0;0;1;0;0;0;0;0
198214;11;9;9020501;2019;8;7;3;3;5;2;0;1;0;0;0;1;0;0
198215;11;2;2030302;2019;8;7;3;3;5;3;0;0;1;0;1;0;0;0
198216;11;7;7060604;2019;8;8;3;1;6;4;0;0;0;1;0;1;0;0
198217;11;2;2020206;2019;8;18;2;3;6;4;0;1;0;1;0;0;0;0
198218;11;3;3030715;2019;8;10;2;3;3;6;0;1;0;0;0;0;0;0
198219;11;1;1022104;2019;8;18;2;3;6;4;0;0;0;1;0;0;1;0
198220;11;3;3051022;2019;8;13;2;3;4;6;0;0;1;0;1;0;0;0
198221;11;3;3040614;2019;8;17;2;3;2;6;0;0;1;0;0;0;0;0
198222;11;10;10030725;2019;8;17;2;2;2;7;0;0;1;0;0;0;0;0
198223;11;4;4051445;2019;8;17;2;3;1;5;0;0;1;0;0;0;0;0
198224;11;10;10040933;2019;8;17;2;3;5;2;0;0;1;0;0;0;1;0
198225;11;7;7040406;2019;8;16;2;2;6;4;0;0;1;1;0;0;0;0
198226;11;7;7040403;2019;8;16;2;3;5;2;0;0;1;0;1;0;0;0
198227;11;12;12301205;2019;8;15;2;3;5;3;0;0;1;0;1;0;0;0
198228;11;1;1044201;2019;8;15;2;3;5;3;0;0;1;0;0;0;0;0
198229;11;7;7010102;2019;8;15;2;3;2;6;0;0;1;0;1;0;0;0
198230;11;1;1022206;2019;8;23;2;3;6;4;2;0;1;1;0;0;0;0
198231;11;5;5010313;2019;8;15;2;3;6;2;0;0;1;1;0;0;0;0
198232;11;3;3071536;2019;8;19;2;3;6;4;0;1;0;1;0;0;0;0
198233;11;11;11051331;2019;8;18;5;3;5;2;0;1;1;0;0;0;0;0
198234;11;1;1011302;2019;8;19;2;3;5;2;0;1;1;0;0;0;0;0
198235;11;6;6040810;2019;8;14;2;3;1;5;0;0;1;0;0;0;1;0
198236;11;4;4041343;2019;8;19;2;3;5;2;0;1;1;0;0;0;0;0
198237;11;2;2040703;2019;8;14;2;3;5;3;0;1;0;0;0;0;1;0
198238;11;6;6010205;2019;8;19;2;2;5;7;0;0;0;0;1;0;1;0
198239;11;11;11041128;2019;8;19;2;3;1;5;0;1;1;0;0;0;0;0
198240;11;3;3051022;2019;8;17;2;3;2;6;0;1;1;0;0;0;0;0
198241;11;1;1011303;2019;8;18;2;3;2;6;0;1;1;0;0;0;0;0
198242;11;1;1011102;2019;8;13;2;3;2;6;0;0;1;0;0;0;0;0
198243;11;10;10030726;2019;8;18;2;3;5;2;0;0;1;0;0;0;0;0
198244;11;12;12231102;2019;8;12;2;3;5;3;0;0;1;0;1;0;0;0
198245;11;6;6040810;2019;8;12;2;3;5;7;0;0;1;0;0;0;0;0
198246;11;2;2030302;2019;8;12;2;3;2;2;0;0;1;0;0;1;0;0
198247;11;2;2040501;2019;8;12;2;3;1;5;0;1;0;0;0;0;1;0
198248;11;2;2030302;2019;8;11;2;3;5;3;0;0;1;0;0;0;0;0
198249;11;6;6010101;2019;8;11;2;3;5;2;0;1;1;0;0;0;0;0
198250;11;8;8030831;2019;8;11;2;2;6;2;0;0;1;1;0;0;0;0
198251;11;4;4051655;2019;8;10;2;3;2;2;0;1;1;0;0;0;0;0
198252;11;6;6020306;2019;8;8;2;3;5;3;0;0;1;0;0;0;1;0
198253;11;4;4030929;2019;8;7;2;2;5;7;0;0;1;0;1;0;0;0
198254;11;6;6030605;2019;8;6;2;3;2;6;0;0;1;0;1;0;0;0
198255;11;1;1011102;2019;8;6;2;3;5;2;1;1;1;0;0;0;0;0
198256;11;9;9010401;2019;8;5;2;3;0;1;1;0;1;0;1;0;0;1
198257;11;2;7040401;2019;8;5;2;3;2;6;1;0;1;0;0;0;0;0
198258;11;12;12214126;2019;8;11;2;3;0;7;0;0;1;0;0;0;0;0
198259;11;6;6020411;2019;8;19;1;3;2;6;0;0;1;0;0;0;0;0
198260;11;5;5010314;2019;8;19;1;3;0;6;0;0;0;0;1;0;1;1
198261;11;8;8020622;2019;8;21;1;3;5;3;2;0;1;0;0;0;0;1
198262;11;4;4020310;2019;8;13;1;3;2;3;0;0;1;0;0;0;0;0
198263;11;9;9010402;2019;8;21;1;3;2;2;2;0;1;0;0;0;0;1
198264;11;1;1011401;2019;8;22;1;2;0;7;2;0;0;0;0;0;1;1
198265;11;7;7010104;2019;8;22;1;2;4;1;2;0;1;0;0;0;0;1
198266;11;1;1011201;2019;8;18;1;3;0;1;0;0;0;0;1;0;0;1
198267;11;11;11020412;2019;8;20;1;2;0;1;1;0;0;0;1;0;0;1
198268;11;1;1011105;2019;8;19;1;2;5;2;0;0;1;0;0;0;0;1