OBJECTID;LAND;BEZ;LOR_ab_2021;UJAHR;UMONAT;USTUNDE;UWOCHENTAG;UKATEGORIE;UART;UTYP1;ULICHTVERH;IstRad;IstPKW;IstFuss;IstKrad;IstGkfz;IstSonstige;USTRZUSTAND
198269;11;1;1022106;2019;8;19;1;3;2;6;0;0;1;0;0;0;0;1
198270;11;12;12302107;2019;8;19;1;3;2;6;0;0;1;0;0;0;0;1
198271;11;4;4020312;2019;8;18;1;3;5;3;0;1;1;0;0;0;0;1
198272;11;7;7070703;2019;8;18;1;3;5;2;0;1;1;0;0;0;0;1
198273;11;7;7020203;2019;8;17;1;3;1;5;0;1;1;0;0;0;0;0
198274;11;1;1011303;2019;8;17;1;3;5;2;0;0;1;0;0;0;1;1
198275;11;2;2010103;2019;8;16;1;3;5;3;0;0;1;0;0;0;0;0
198276;11;8;8020625;2019;8;16;1;2;1;5;0;0;1;0;0;0;0;0
198277;11;3;3020203;2019;8;16;1;3;5;2;0;0;1;0;0;0;0;1
198278;11;12;12103219;2019;8;14;1;3;5;3;0;0;1;0;0;0;0;0
198279;11;4;4030416;2019;8;14;1;3;5;7;0;0;1;0;0;0;0;1
198280;11;2;2020205;2019;8;13;1;3;6;2;0;1;0;1;0;0;0;1
198281;11;5;5030730;2019;8;11;1;3;2;6;0;0;1;0;0;0;0;1
198282;11;6;6020306;2019;8;11;1;2;5;3;0;0;1;0;0;0;0;1
198283;11;7;7010102;2019;8;2;1;3;3;6;2;0;1;0;1;0;0;0
198284;11;9;9010202;2019;8;21;1;3;2;6;2;0;1;0;0;0;1;1
198285;11;7;7020203;2019;8;18;7;3;1;5;0;0;1;0;0;0;0;0
198286;11;2;2040702;2019;8;4;7;3;1;1;2;0;1;0;0;0;0;0
198287;11;4;4030725;2019;8;1;7;3;0;4;2;1;0;1;0;0;0;0
198288;11;8;8010118;2019;8;13;7;3;5;2;0;1;1;0;0;0;0;0
198289;11;12;12214126;2019;8;13;7;3;5;2;0;0;1;0;1;0;0;0
198290;11;2;2020203;2019;8;13;7;3;6;4;0;1;0;1;0;0;0;0
198291;11;1;1011102;2019;8;12;7;3;5;3;0;0;1;0;0;0;1;0
198292;11;7;7040403;2019;8;12;7;3;5;2;0;0;1;0;0;0;0;0
198293;11;1;1011202;2019;8;12;7;3;0;1;0;0;0;0;1;0;0;0
198294;11;1;1044201;2019;8;11;7;3;2;6;0;0;1;0;0;0;0;0
198295;11;2;2020204;2019;8;0;7;3;0;1;2;0;0;0;0;0;1;0
198296;11;9;9020701;2019;8;22;7;2;5;2;2;0;1;0;0;0;0;0
198297;11;1;1011304;2019;8;22;7;3;2;6;2;0;1;0;0;0;0;0
198298;11;6;6020411;2019;8;20;7;3;6;7;2;1;0;1;0;0;0;0
198299;11;7;7010104;2019;8;19;7;3;5;3;0;1;1;0;0;0;0;0
198300;11;3;3030711;2019;8;18;7;3;0;7;0;1;0;0;0;0;0;0
198301;11;9;9010202;2019;8;17;7;2;5;3;0;0;1;0;1;0;0;0
198302;11;6;6020409;2019;8;17;7;3;2;6;0;0;1;0;0;0;0;0
198303;11;2;2030401;2019;8;16;7;3;2;7;0;0;1;0;0;0;1;0
198304;11;5;5020524;2019;8;16;7;2;0;1;0;1;0;0;0;0;0;0
198305;11;5;5010314;2019;8;15;7;3;2;6;0;0;1;0;0;0;0;0
198306;11;4;4041344;2019;8;15;7;3;5;3;0;1;1;0;0;0;0;0
198307;11;6;6040810;2019;8;15;7;3;2;6;0;0;1;0;0;0;0;0
198308;11;1;1044201;2019;8;15;7;3;1;5;0;0;1;0;1;0;0;0
198309;11;2;2050802;2019;8;14;7;3;2;6;0;0;1;0;0;0;1;0
198310;11;7;7050501;2019;8;14;7;3;2;6;0;1;1;0;0;0;0;0
198311;11;11;11051331;2019;8;8;6;2;5;3;0;1;1;0;0;0;0;0
198312;11;7;7030301;2019;8;19;6;3;6;7;0;0;1;1;0;0;0;0
198313;11;12;12214421;2019;8;20;6;3;5;2;0;0;1;0;1;0;0;0
198314;11;8;8010301;2019;8;19;6;3;3;6;0;1;1;0;0;0;0;0
198315;11;1;1011304;2019;8;18;6;3;5;2;0;0;1;0;1;0;0;0
198316;11;1;1011302;2019;8;17;6;3;3;6;0;0;1;0;1;0;0;0
198317;11;9;9020701;2019;8;16;6;3;5;2;0;1;1;0;0;0;0;0
198318;11;10;10040830;2019;8;16;6;3;2;6;0;0;1;0;0;0;1;0
198319;11;1;1022101;2019;8;16;6;3;0;5;0;1;0;0;0;0;1;0
198320;11;4;4051655;2019;8;16;6;3;6;4;0;0;1;1;0;0;0;0
198321;11;1;1011305;2019;8;15;6;3;5;2;0;1;0;0;0;0;0;0
198322;11;4;4031032;2019;8;15;6;3;2;6;0;0;1;0;0;0;0;0
198323;11;6;6040804;2019;8;15;6;3;5;2;0;1;1;0;0;0;0;0
198324;11;1;1044201;2019;8;14;6;3;5;3;0;1;1;0;0;0;0;0
198325;11;1;1022106;2019;8;15;6;3;2;6;0;0;1;0;0;0;0;0
198326;11;7;7050505;2019;8;15;6;3;2;7;0;0;1;0;0;0;0;0
198327;11;9;9030902;2019;8;16;6;3;5;2;0;1;1;0;0;0;0;0
198328;11;12;12304314;2019;8;14;6;3;5;7;0;0;1;0;1;0;0;0
198329;11;4;4030518;2019;8;18;6;3;0;7;0;0;0;0;0;0;1;0
198330;11;9;9041301;2019;8;17;6;3;2;6;0;1;1;0;0;0;0;0
198331;11;7;7060604;2019;8;2;6;2;8;7;2;1;1;0;0;0;0;0
198332;11;3;3061126;2019;8;7;6;3;2;6;0;0;1;0;1;0;0;0
198333;11;3;3051017;2019;8;7;6;3;5;3;0;0;1;0;0;0;0;0
198334;11;10;10030724;2019;8;7;6;3;1;5;0;1;1;0;0;0;0;0
198335;11;11;11041128;2019;8;6;6;3;1;7;0;0;1;0;0;0;0;0
198336;11;1;1011305;2019;8;0;6;2;0;1;2;1;0;0;0;0;0;0
198337;11;1;1022104;2019;8;13;6;3;0;5;0;1;1;0;0;0;0;0
198338;11;4;4031032;2019;8;13;6;3;2;6;0;0;1;0;0;0;0;0
198339;11;3;3030405;2019;8;13;6;3;3;6;0;0;1;0;0;0;0;0
198340;11;7;7040401;2019;8;13;6;3;1;5;0;0;1;0;1;0;0;0
198341;11;10;10020413;2019;8;12;6;3;8;1;0;0;0;0;1;0;0;0
198342;11;12;12214125;2019;8;12;6;3;5;2;0;1;1;0;0;0;0;0
198343;11;3;3030406;2019;8;11;6;3;5;3;0;1;1;0;0;0;0;0
198344;11;4;4030622;2019;8;11;6;3;5;2;0;0;1;0;0;0;0;0
198345;11;1;1033203;2019;8;11;6;2;0;7;0;0;1;0;0;0;1;0
198346;11;2;2030402;2019;8;10;6;3;2;6;0;0;1;0;0;0;0;0
198347;11;4;4030417;2019;8;10;6;2;6;2;0;0;1;1;0;0;0;0
198348;11;3;3020203;2019;8;10;6;3;9;1;0;0;1;0;0;0;0;0
198349;11;4;4020209;2019;8;10;6;3;5;3;0;1;0;0;0;0;1;0
198350;11;1;1011302;2019;8;9;6;3;5;3;0;1;1;0;0;0;0;0
198351;11;1;1033201;2019;8;9;6;3;5;2;0;1;0;0;0;1;0;0
198352;11;10;10010102;2019;8;10;6;3;3;6;0;1;0;0;0;0;1;0
198353;11;3;3050923;2019;8;8;6;3;5;3;0;0;1;0;0;0;0;0
198354;11;8;8010301;2019;8;10;6;3;5;2;0;1;1;0;0;0;0;0
198355;11;5;5010312;2019;8;17;5;3;5;3;0;0;1;0;0;0;0;0
198356;11;1;1022207;2019;8;8;6;3;1;5;0;0;1;0;1;0;0;0
198357;11;10;10020517;2019;8;8;6;3;5;2;0;1;1;0;0;0;0;0
198358;11;1;1011101;2019;8;16;5;3;1;7;0;1;1;0;0;0;0;0
198359;11;1;1033101;2019;8;8;6;3;5;2;0;0;1;0;1;0;0;0
198360;11;4;4031032;2019;8;9;6;3;1;5;0;1;1;0;0;0;0;0
198361;11;3;3061228;2019;8;16;5;3;0;6;0;1;0;0;0;0;1;0
198362;11;4;4030929;2019;8;9;6;3;1;5;0;1;0;0;0;0;1;0
198363;11;3;3061430;2019;8;9;5;2;5;2;0;1;1;0;0;0;0;0
198364;11;7;7010104;2019;8;15;6;2;5;2;0;1;0;0;0;0;1;0
198365;11;3;3061228;2019;8;14;5;3;5;2;0;1;1;0;0;0;0;0
198366;11;1;1044202;2019;8;15;6;3;0;1;0;0;0;0;1;0;0;0
198367;11;2;2010102;2019;8;9;5;3;6;7;0;0;1;1;0;0;0;0
198368;11;2;2040703;2019;8;9;6;3;5;3;0;1;1;0;0;0;0;0
198369;11;4;4030930;2019;8;18;5;3;6;2;0;0;1;1;0;0;0;0
198370;11;1;1011104;2019;8;14;6;2;5;3;0;1;1;0;0;0;0;0
198371;11;7;7050502;2019;8;18;5;3;1;5;0;1;1;0;0;0;0;0
198372;11;8;8010301;2019;8;23;5;3;2;2;2;0;1;0;0;0;0;0
198373;11;6;6010209;2019;8;14;6;3;5;2;0;0;1;0;1;0;0;0
198374;11;11;11051229;2019;8;22;5;3;0;1;2;1;0;0;0;0;0;0
198375;11;8;8030830;2019;8;14;6;3;2;6;0;0;1;0;0;0;0;0
198376;11;1;1011303;2019;8;22;5;3;2;6;2;0;1;0;1;0;0;0
198377;11;5;5020625;2019;8;20;5;3;2;6;0;0;1;0;0;0;0;0
198378;11;6;6020303;2019;8;14;6;3;0;6;0;1;0;0;0;0;0;0
198379;11;12;12302109;2019;8;20;5;3;6;7;1;0;1;1;0;0;0;0
198380;11;3;3061227;2019;8;9;6;3;5;3;0;1;1;0;0;0;0;0
198381;11;1;1044202;2019;8;18;5;3;2;7;0;1;1;0;0;0;0;0
198382;11;11;11020514;2019;8;14;6;2;2;2;0;1;1;0;0;0;0;0
198383;11;10;10040933;2019;8;17;5;3;0;7;0;1;0;0;0;0;0;0
198384;11;6;6040703;2019;8;13;6;2;0;3;0;1;0;0;1;0;0;0
198385;11;1;1011204;2019;8;17;5;3;1;1;0;0;1;0;1;0;0;0
198386;11;1;1011305;2019;8;17;5;3;2;6;0;0;1;0;0;0;0;0
198387;11;8;8020622;2019;8;13;6;3;5;2;0;0;1;0;0;0;0;0
198388;11;8;8041037;2019;8;13;6;3;5;2;0;1;1;0;0;0;0;0
198389;11;11;11051330;2019;8;17;5;3;0;6;0;1;0;0;0;0;0;0
198390;11;3;3040818;2019;8;13;6;3;5;3;0;0;1;0;0;0;0;0
198391;11;1;1044202;2019;8;16;5;3;5;3;0;1;1;0;0;0;0;0
198392;11;7;7040405;2019;8;13;6;3;2;6;0;1;1;0;0;0;0;0
198393;11;3;3040508;2019;8;16;5;2;0;1;0;0;0;0;1;0;0;1
198394;11;7;7040401;2019;8;15;5;3;5;2;0;1;1;0;0;0;0;0
198395;11;1;1011102;2019;8;8;6;3;2;6;0;1;1;0;0;0;0;0
198396;11;1;1011201;2019;8;8;6;2;4;6;0;1;1;0;0;0;0;0
198397;11;9;9020802;2019;8;15;5;3;0;6;0;1;1;0;0;0;0;0
198398;11;7;7010102;2019;8;15;5;3;6;4;0;0;1;1;0;0;0;0
198399;11;6;6010209;2019;8;7;6;3;5;3;0;1;1;0;0;0;0;0
198400;11;9;9020502;2019;8;15;5;3;2;6;0;0;1;0;0;0;0;0
198401;11;1;1022104;2019;8;7;6;3;4;4;0;1;0;1;0;0;0;0
198402;11;1;1044201;2019;8;16;5;3;5;3;0;1;1;0;0;0;0;1
198403;11;1;1011202;2019;8;16;5;3;5;3;0;1;1;0;0;0;0;0
198404;11;8;8020619;2019;8;7;6;3;1;4;0;0;1;1;1;0;0;0
198405;11;3;3050920;2019;8;15;5;3;6;4;0;0;1;1;0;0;0;0
198406;11;4;4020313;2019;8;6;6;3;5;3;0;0;1;0;1;0;0;0
198407;11;7;7010102;2019;8;15;5;3;5;7;0;1;1;0;0;0;0;0
198408;11;5;5010314;2019;8;6;6;3;5;2;0;1;1;0;0;0;0;0
198409;11;2;3061435;2019;8;14;5;2;6;4;0;0;1;1;0;0;0;0
198410;11;3;3040818;2019;8;14;5;3;5;3;0;1;1;0;0;0;0;0
198411;11;12;12301203;2019;8;13;5;3;2;6;0;0;1;0;0;0;0;0
198412;11;1;1011401;2019;8;13;5;3;2;6;0;0;1;0;1;0;0;0
198413;11;1;1022206;2019;8;23;5;3;2;6;2;0;1;0;0;0;0;0
198414;11;12;12214125;2019;8;17;5;3;5;3;0;0;1;0;1;0;0;0
198415;11;3;3040818;2019;8;12;5;3;2;6;0;0;1;0;0;0;0;0
198416;11;1;1022106;2019;8;10;5;3;0;2;0;1;1;0;0;0;0;0
198417;11;2;2010103;2019;8;17;5;3;5;2;0;1;1;0;0;0;0;0
198418;11;6;6030504;2019;8;10;5;3;5;2;0;0;1;0;1;0;0;0
198419;11;10;10010311;2019;8;17;5;3;5;2;0;1;1;0;0;0;0;0
198420;11;2;2030302;2019;8;10;5;3;2;6;0;0;1;0;0;0;0;0
198421;11;12;12214424;2019;8;15;5;2;5;2;0;1;1;0;0;0;0;0
198422;11;5;5010339;2019;8;16;5;3;5;3;0;0;1;0;0;0;0;0
198423;11;11;11030721;2019;8;16;5;3;5;3;0;1;1;0;0;0;0;0
198424;11;12;12224230;2019;8;12;5;3;0;7;0;0;1;0;0;0;0;0
198425;11;11;11030618;2019;8;17;5;2;0;1;0;0;0;0;1;0;0;0
198426;11;2;2020204;2019;8;9;5;3;5;2;0;1;1;0;0;0;0;0
198427;11;2;2050803;2019;8;16;5;3;0;4;0;1;0;1;0;0;0;0
198428;11;7;7040405;2019;8;9;5;2;1;5;0;0;1;0;1;0;0;0
198429;11;1;1011401;2019;8;9;5;3;5;3;0;1;0;0;0;0;1;0
198430;11;2;2040502;2019;8;16;5;3;5;2;0;0;1;0;1;0;0;0
198431;11;4;4030623;2019;8;8;5;3;2;6;0;0;1;0;0;0;0;0
198432;11;4;4030726;2019;8;16;5;3;2;6;0;0;1;0;0;0;1;0
198433;11;7;7040401;2019;8;8;5;3;2;6;0;1;1;0;0;0;0;0
198434;11;5;5030730;2019;8;16;5;3;2;6;0;0;1;0;0;0;0;0
198435;11;9;9010402;2019;8;8;5;3;3;6;0;1;0;0;0;0;1;0
198436;11;2;2020203;2019;8;15;5;2;5;3;0;1;0;0;1;0;0;0
198437;11;12;12214424;2019;8;8;5;3;6;4;0;0;1;1;0;0;0;0
198438;11;2;2020203;2019;8;7;5;3;0;1;0;1;0;0;0;0;0;0
198439;11;10;10020413;2019;8;15;5;3;2;6;0;0;1;0;0;0;0;0
198440;11;1;1033102;2019;8;15;5;3;3;6;0;0;1;0;0;0;0;0
198441;11;12;12231102;2019;8;7;5;3;5;3;0;1;1;0;0;0;0;0
198442;11;8;8010212;2019;8;7;5;3;5;2;0;1;1;0;0;0;0;0
198443;11;2;2030301;2019;8;23;5;2;6;6;2;0;1;1;0;0;0;0
198444;11;3;3071638;2019;8;7;5;3;1;5;0;1;1;0;0;0;0;0
198445;11;2;2020206;2019;8;22;5;3;1;5;2;1;1;0;1;0;0;0
198446;11;9;9030901;2019;8;5;5;3;5;3;0;1;1;0;0;0;0;0
198447;11;1;1044103;2019;8;7;5;3;5;3;0;0;1;0;0;0;0;0
198448;11;3;3040818;2019;8;10;5;3;2;6;0;1;1;0;0;0;0;0
198449;11;8;8020622;2019;8;7;5;3;2;6;0;0;1;0;1;0;0;0
198450;11;1;1011203;2019;8;18;4;2;6;4;1;1;0;1;0;0;0;0
198451;11;4;4051654;2019;8;20;5;3;0;7;1;1;0;0;0;0;0;0
198452;11;4;4051652;2019;8;8;4;3;5;3;0;0;1;0;0;0;0;0
198453;11;1;1011203;2019;8;18;4;3;6;4;1;1;0;1;0;0;0;0
198454;11;11;2050803;2019;8;19;5;3;5;2;0;1;0;0;1;0;0;0
198455;11;2;2010102;2019;8;12;4;3;5;2;0;1;0;0;0;0;1;0
198456;11;3;3061434;2019;8;18;5;2;5;3;0;1;0;0;0;0;0;0
198457;11;6;6010103;2019;8;9;4;3;2;7;0;0;1;0;0;0;0;0
198458;11;6;6020301;2019;8;18;5;3;2;6;0;0;1;0;0;0;0;0
198459;11;6;6020304;2019;8;12;4;3;0;6;0;1;1;0;0;0;0;0
198460;11;2;2030401;2019;8;18;5;3;5;2;0;0;1;0;1;0;0;0
198461;11;12;12214424;2019;8;21;4;2;1;5;2;0;1;0;1;0;0;0
198462;11;10;10010309;2019;8;21;4;2;5;2;2;0;1;0;1;0;0;0
198463;11;7;7040403;2019;8;14;5;3;2;6;0;0;1;0;0;0;1;0
198464;11;4;4041134;2019;8;14;5;2;0;7;0;1;0;0;0;0;0;0
198465;11;6;6030605;2019;8;19;4;3;5;3;0;1;1;0;0;0;0;0
198466;11;2;2030301;2019;8;18;4;3;5;3;0;1;0;0;0;0;1;0
198467;11;6;6040804;2019;8;14;5;3;0;5;0;0;0;0;1;0;1;0
198468;11;4;4051445;2019;8;18;4;3;5;3;0;1;1;0;0;0;0;0
198469;11;8;8020728;2019;8;14;5;3;5;3;0;0;1;0;0;0;1;0
198470;11;10;10010203;2019;8;19;4;2;1;1;0;0;1;0;1;0;0;0
198471;11;7;7070703;2019;8;13;5;2;1;5;0;0;1;0;1;0;0;0
198472;11;12;12103115;2019;8;16;4;2;0;7;0;0;1;1;0;0;0;0
198473;11;1;1011302;2019;8;13;5;3;6;4;0;1;0;1;0;0;0;0
198474;11;7;7040403;2019;8;18;4;3;5;2;0;1;1;0;0;0;0;0
198475;11;9;9051901;2019;8;12;5;3;3;6;0;0;1;0;0;0;0;0
198476;11;1;1011301;2019;8;17;4;3;0;5;0;1;1;0;0;0;0;0
198477;11;4;4041137;2019;8;10;5;3;2;6;0;0;1;0;0;0;1;0
198478;11;2;2040703;2019;8;9;5;3;3;6;0;1;1;0;0;0;0;0
198479;11;8;8010212;2019;8;9;5;3;5;2;0;1;1;0;0;0;0;0
198480;11;6;6010103;2019;8;8;5;3;2;6;0;1;1;0;0;0;0;0
198481;11;1;1011302;2019;8;8;5;3;2;6;0;0;1;0;1;1;0;0
198482;11;3;3030715;2019;8;7;5;3;5;3;0;1;1;0;0;0;0;0
198483;11;2;2020206;2019;8;7;5;3;2;6;0;0;1;0;0;0;0;0
198484;11;2;2010102;2019;8;7;5;3;5;2;0;1;1;0;0;0;0;0
198485;11;9;9052001;2019;8;7;5;3;5;2;0;1;1;0;0;0;0;0
198486;11;11;11010206;2019;8;18;5;2;1;1;0;0;1;0;1;0;0;0
198487;11;9;9051702;2019;8;16;5;2;0;3;0;0;1;0;1;0;0;0
198488;11;6;6030606;2019;8;10;5;2;1;5;0;1;1;0;0;0;0;0
198489;11;7;7010104;2019;8;14;5;2;0;1;0;1;0;0;0;0;0;0
198490;11;5;5020628;2019;8;14;5;2;5;3;0;0;1;0;0;0;0;0
198491;11;5;5020420;2019;8;13;5;2;5;3;0;0;1;0;1;0;0;0
198492;11;8;8041037;2019;8;9;5;2;5;3;0;0;1;0;1;0;0;0
198493;11;2;2030302;2019;8;7;5;2;2;6;0;0;1;0;1;0;0;0
198494;11;1;1044203;2019;8;12;5;3;3;6;0;0;1;0;0;0;0;0
198495;11;7;7010104;2019;8;5;5;3;1;5;2;1;1;0;0;0;0;0
198496;11;5;5010314;2019;8;13;5;3;1;5;0;1;1;0;0;0;0;0
198497;11;3;3040818;2019;8;7;4;3;6;4;0;1;0;1;0;0;0;0
198498;11;8;8010404;2019;8;8;4;3;6;4;0;1;0;1;0;0;0;0
198499;11;6;6040808;2019;8;21;4;3;1;5;2;1;1;0;0;0;0;0
198500;11;1;1011102;2019;8;20;4;3;0;7;1;0;0;0;1;0;1;1
198501;11;5;5010207;2019;8;20;4;3;0;2;0;0;1;0;1;0;0;0
198502;11;7;7020203;2019;8;18;4;3;0;3;0;0;1;0;1;0;0;0
198503;11;3;3061429;2019;8;17;4;3;6;4;0;1;0;1;0;0;0;0
198504;11;2;2020206;2019;8;18;4;3;3;6;0;1;1;0;0;0;0;0
198505;11;1;1033203;2019;8;18;4;3;2;6;0;0;1;0;1;0;0;0
198506;11;10;10040931;2019;8;17;4;3;1;5;0;1;1;0;0;0;0;0
198507;11;11;11051229;2019;8;17;4;3;5;2;0;1;0;0;0;0;1;0
198508;11;3;3050925;2019;8;15;4;3;6;2;0;0;1;1;0;0;0;0
198509;11;2;2050601;2019;8;17;4;3;5;3;0;1;1;0;0;0;0;0
198510;11;4;4030622;2019;8;16;4;3;2;6;0;0;1;0;0;0;1;0
198511;11;12;12214421;2019;8;17;4;3;5;2;0;1;1;0;0;0;0;0
198512;11;2;2050802;2019;8;16;4;3;2;6;0;0;0;0;0;0;1;0
198513;11;2;2040502;2019;8;16;4;3;0;3;0;0;1;0;1;0;0;0
198514;11;8;8020625;2019;8;16;4;3;5;3;0;0;1;0;0;0;0;0
198515;11;4;4051654;2019;8;15;4;3;6;4;0;1;0;1;0;0;0;0
198516;11;6;6030605;2019;8;15;4;3;0;1;0;1;0;0;0;0;0;0
198517;11;8;8020619;2019;8;15;4;3;5;2;0;0;1;0;0;0;0;0
198518;11;1;1022106;2019;8;15;4;3;0;6;0;0;1;0;1;0;0;0
198519;11;3;3061441;2019;8;15;4;3;5;3;0;1;0;0;0;0;0;0
198520;11;9;9020702;2019;8;14;4;3;0;1;0;1;0;0;0;0;0;0
198521;11;9;9020501;2019;8;14;4;3;5;7;0;0;1;0;1;0;0;0
198522;11;1;1044102;2019;8;14;4;3;1;5;0;0;1;0;0;0;0;0
198523;11;9;9051701;2019;8;14;4;3;5;3;0;0;1;0;0;0;1;0
198524;11;1;1044203;2019;8;13;4;3;5;3;0;0;1;0;0;0;0;0
198525;11;4;4041137;2019;8;13;4;3;2;6;0;0;1;0;0;0;0;0
198526;11;8;8010115;2019;8;13;4;3;5;2;0;1;1;0;0;0;0;0
198527;11;5;5030731;2019;8;12;4;3;6;4;0;1;0;1;0;0;0;0
198528;11;1;1033101;2019;8;12;4;3;1;5;0;1;1;0;0;0;0;0
198529;11;2;2020204;2019;8;11;4;3;5;3;0;1;1;0;0;0;0;0
198530;11;1;1011401;2019;8;11;4;3;6;4;0;0;0;1;0;0;1;0
198531;11;8;8010117;2019;8;10;4;3;2;6;0;0;1;0;1;0;0;0
198532;11;4;4051655;2019;8;10;4;3;5;2;0;1;1;0;0;0;0;0
198533;11;4;4041239;2019;8;10;4;3;5;2;0;1;0;0;0;0;1;0
198534;11;1;1011302;2019;8;9;4;3;5;2;0;1;1;0;0;0;0;0
198535;11;12;12304314;2019;8;9;4;3;4;6;0;1;0;0;0;0;0;0
198536;11;3;3061430;2019;8;8;4;3;6;4;0;0;1;1;0;0;0;0
198537;11;1;1044101;2019;8;8;4;3;2;7;0;0;1;0;0;0;0;0
198538;11;1;1033203;2019;8;7;4;3;6;4;0;1;0;1;0;0;0;0
198539;11;1;1033102;2019;8;7;4;3;1;5;0;1;0;0;0;0;1;0
198540;11;5;5030731;2019;8;7;4;3;3;6;0;0;1;0;0;1;0;0
198541;11;7;7040404;2019;8;1;4;3;8;1;2;0;1;0;0;0;0;0
198542;11;8;8010211;2019;8;1;4;3;5;2;2;0;1;0;0;0;0;0
198543;11;1;1022206;2019;8;20;4;3;5;2;1;1;1;0;0;0;0;0
198544;11;2;2050803;2019;8;12;4;3;0;2;0;1;1;0;0;0;0;0
198545;11;5;5010314;2019;8;17;4;2;5;3;0;1;1;0;0;0;0;0
198546;11;9;9020601;2019;8;14;4;2;3;6;0;1;0;0;0;0;0;0
198547;11;1;1044102;2019;8;12;4;2;6;4;0;0;0;1;1;0;0;0
198548;11;10;10040829;2019;8;7;4;2;5;3;0;1;1;0;0;0;0;0
198549;11;11;11020412;2019;8;6;4;2;5;3;0;1;1;0;0;0;0;0
198550;11;4;4030519;2019;8;8;3;3;2;2;0;0;1;0;1;0;0;0
198551;11;6;6030608;2019;8;7;3;3;5;2;0;1;1;0;0;0;0;0
198552;11;4;4030518;2019;8;20;3;3;5;3;2;0;1;0;0;0;1;0
198553;11;1;1011304;2019;8;19;3;3;0;1;1;1;0;0;0;0;0;0
198554;11;4;4020311;2019;8;19;3;3;1;5;1;1;1;0;0;0;0;0
198555;11;3;3061228;2019;8;19;3;3;3;6;0;1;0;0;0;0;0;0
198556;11;1;1011301;2019;8;18;3;3;0;1;0;1;0;0;0;0;0;0
198557;11;1;1011303;2019;8;18;3;3;1;5;0;1;1;0;0;0;1;0
198558;11;1;1011301;2019;8;17;3;3;6;2;0;0;1;1;0;0;0;0
198559;11;3;3020210;2019;8;17;3;3;5;3;0;0;1;0;1;0;0;0
198560;11;1;1044202;2019;8;17;3;3;2;6;0;1;1;0;0;0;0;0
198561;11;4;4030725;2019;8;17;3;3;6;4;0;0;1;1;0;0;0;0
198562;11;8;8030829;2019;8;17;3;3;2;6;0;0;1;0;0;0;0;0
198563;11;4;4030623;2019;8;16;3;3;5;3;0;1;1;0;0;0;0;0
198564;11;9;9030901;2019;8;16;3;3;5;2;0;0;1;0;0;0;0;0
198565;11;4;4041241;2019;8;16;3;3;5;2;0;1;1;0;0;0;0;0
198566;11;7;7040401;2019;8;16;3;3;5;2;0;1;1;0;0;0;0;0
198567;11;10;10030724;2019;8;15;3;3;1;5;0;1;1;0;0;0;0;0
198568;11;4;4030417;2019;8;9;3;3;5;2;0;1;1;0;0;0;0;0
198569;11;7;7010104;2019;8;12;1;2;0;7;0;1;0;0;0;0;0;0
198570;11;1;1044203;2019;8;4;3;3;5;3;2;0;1;0;0;0;0;1
198571;11;3;3030711;2019;8;15;3;3;0;3;0;0;1;0;1;0;0;0
198572;11;7;7030303;2019;8;14;3;3;0;5;0;1;1;0;0;0;0;0
198573;11;7;7040405;2019;8;14;3;3;5;3;0;0;1;0;0;0;1;0
198574;11;1;1011104;2019;8;14;3;3;5;2;0;1;1;0;0;0;0;0
198575;11;8;8041038;2019;8;14;3;3;6;4;0;0;1;1;0;0;0;0
198576;11;10;10020517;2019;8;13;3;3;5;2;0;1;1;0;0;0;0;0
198577;11;1;1011301;2019;8;12;3;3;5;3;0;0;1;0;1;0;0;0
198578;11;4;4010102;2019;8;12;3;3;2;6;0;0;1;0;0;0;0;0
198579;11;3;3050919;2019;8;12;3;3;2;6;0;0;1;0;0;0;0;0
198580;11;1;1044203;2019;8;5;3;3;5;3;1;1;1;0;0;0;0;0
198581;11;7;7020204;2019;8;11;3;3;3;6;0;1;0;0;0;0;1;0
198582;11;4;4020311;2019;8;11;3;3;5;3;0;0;1;0;0;0;0;0
198583;11;6;6020411;2019;8;10;3;3;5;3;0;1;1;0;0;0;0;0
198584;11;7;7030301;2019;8;10;3;3;4;6;0;1;0;0;0;0;0;0
198585;11;9;9030901;2019;8;9;3;3;5;3;0;0;1;0;0;1;0;0
198586;11;6;6030607;2019;8;9;3;3;6;4;0;1;0;1;0;0;0;0
198587;11;3;3040513;2019;8;8;3;3;5;2;0;0;1;0;1;0;0;0
198588;11;1;1022104;2019;8;8;3;3;5;7;0;0;1;0;1;0;0;0
198589;11;7;7030303;2019;8;7;3;3;6;4;0;1;0;1;0;0;0;0
198590;11;4;4030726;2019;8;8;3;3;3;6;0;1;0;0;0;0;1;0
198591;11;8;8041037;2019;8;7;3;3;5;2;0;1;0;0;0;0;1;0
198592;11;3;3030406;2019;8;7;3;3;5;2;0;1;0;0;0;0;0;0
198593;11;1;1011306;2019;8;7;3;3;5;5;0;1;1;0;0;0;0;0
198594;11;1;3071537;2019;8;6;3;3;3;6;0;0;1;0;1;0;0;0
198595;11;11;11030721;2019;8;16;3;2;0;3;0;1;0;0;0;0;0;0
198596;11;10;10010102;2019;8;6;3;3;5;2;1;1;0;0;0;0;1;0
198597;11;12;12304313;2019;8;13;3;2;8;6;0;0;1;0;0;0;0;0
198598;11;9;9010401;2019;8;9;3;2;1;5;0;1;0;0;0;0;1;0
198599;11;2;2030301;2019;8;9;3;3;1;5;0;1;1;0;0;0;1;0
198600;11;7;7030303;2019;8;10;3;3;2;6;0;0;1;0;0;0;0;0