OBJECTID;LAND;BEZ;LOR_ab_2021;UJAHR;UMONAT;USTUNDE;UWOCHENTAG;UKATEGORIE;UART;UTYP1;ULICHTVERH;IstRad;IstPKW;IstFuss;IstKrad;IstGkfz;IstSonstige;USTRZUSTAND
198601;11;12;12103117;2019;8;15;2;3;6;4;0;0;0;1;1;0;0;0
198602;11;6;6040804;2019;8;18;2;3;6;7;0;1;0;1;0;0;0;0
198603;11;6;6030504;2019;8;18;2;3;2;6;0;1;1;0;0;0;0;0
198604;11;12;12103219;2019;8;17;2;3;5;2;0;1;0;0;0;0;1;0
198605;11;2;2030301;2019;8;17;2;3;5;3;0;1;1;0;0;0;0;0
198606;11;3;3061441;2019;8;17;2;3;2;7;0;0;1;0;0;0;0;0
198607;11;6;6030504;2019;8;16;2;3;2;6;0;1;1;0;0;0;0;0
198608;11;7;7030301;2019;8;16;2;3;0;7;0;1;0;0;0;0;0;0
198609;11;1;1022102;2019;8;16;2;3;5;3;0;1;0;0;0;0;0;0
198610;11;4;4041136;2019;8;16;2;3;1;5;0;0;1;0;0;0;0;0
198611;11;11;11041128;2019;8;10;2;3;0;7;0;1;0;0;0;0;0;0
198612;11;1;1044201;2019;9;12;2;3;0;4;0;0;0;1;0;0;1;0
198613;11;1;1033102;2019;8;20;2;3;5;3;2;1;1;0;0;0;0;0
198614;11;9;9010402;2019;9;15;2;3;5;3;0;1;1;0;0;0;0;0
198615;11;11;11030721;2019;9;7;2;3;3;2;0;1;1;0;0;0;0;0
198616;11;11;11010310;2019;8;16;2;3;2;6;0;0;1;0;0;0;1;0
198617;11;2;2050801;2019;8;15;2;3;5;2;0;1;0;0;1;0;0;0
198618;11;4;4051445;2019;9;11;2;3;2;2;0;0;1;0;0;1;0;0
198619;11;6;6040808;2019;9;11;2;3;2;6;0;0;1;0;1;0;0;0
198620;11;10;10020517;2019;8;15;2;3;2;6;0;0;1;0;0;0;0;0
198621;11;6;6020301;2019;9;10;2;2;2;6;0;0;1;0;0;0;0;0
198622;11;9;9020802;2019;8;15;2;3;0;3;0;1;1;0;0;0;0;0
198623;11;1;1033202;2019;9;11;2;3;2;2;0;0;1;0;0;0;0;0
198624;11;1;1033102;2019;8;15;2;3;2;6;0;0;1;0;0;0;1;0
198625;11;8;8041036;2019;9;11;2;3;5;3;0;0;1;0;0;0;0;0
198626;11;5;5010101;2019;8;15;2;3;5;3;0;1;1;0;0;0;0;0
198627;11;12;12214424;2019;9;11;2;3;3;6;0;0;1;0;0;0;0;0
198628;11;7;7010104;2019;9;7;2;3;2;7;0;0;0;0;1;0;1;0
198629;11;6;6030608;2019;8;14;2;3;0;1;0;1;0;0;0;0;0;0
198630;11;4;4030621;2019;8;12;2;3;5;3;0;1;1;0;0;0;0;0
198631;11;9;9051901;2019;9;10;2;3;0;1;0;1;0;0;0;0;0;0
198632;11;1;1011203;2019;8;11;2;3;2;6;0;1;1;0;0;0;0;0
198633;11;1;1011203;2019;9;7;2;3;1;5;0;1;1;0;0;0;0;0
198634;11;2;2050602;2019;8;13;2;3;5;3;0;1;1;0;0;0;0;0
198635;11;9;9010401;2019;9;14;2;3;5;3;0;1;1;0;0;0;0;0
198636;11;6;6040807;2019;8;11;2;2;5;2;0;1;1;0;0;0;0;0
198637;11;1;1011401;2019;9;10;2;3;0;1;0;1;1;0;0;0;0;0
198638;11;11;11030619;2019;8;10;2;3;0;6;0;0;1;0;1;0;0;0
198639;11;10;10040933;2019;9;10;2;3;2;6;0;0;0;0;1;1;0;0
198640;11;1;1011102;2019;9;14;2;3;5;3;0;0;1;0;1;0;0;0
198641;11;2;2050801;2019;8;10;2;3;5;5;0;1;0;0;0;0;1;0
198642;11;2;2010104;2019;9;10;2;3;5;3;0;0;1;0;0;0;1;0
198643;11;8;8041035;2019;8;9;2;3;5;3;0;0;1;0;0;0;0;0
198644;11;10;10030727;2019;9;9;2;3;2;6;0;1;1;0;0;0;0;0
198645;11;1;1022204;2019;9;9;2;2;5;2;0;0;1;0;1;0;0;0
198646;11;4;4030623;2019;8;9;2;3;0;1;0;1;0;0;0;0;0;0
198647;11;4;4020311;2019;9;9;2;2;6;7;0;0;0;1;0;0;1;0
198648;11;12;12214422;2019;8;8;2;3;1;1;0;0;1;0;0;0;0;0
198649;11;4;4051653;2019;9;8;2;3;2;6;0;0;1;0;1;0;0;0
198650;11;2;2010104;2019;8;8;2;3;2;6;0;0;1;0;0;0;0;0
198651;11;9;9041501;2019;9;8;2;2;2;6;0;0;1;0;0;0;0;0
198652;11;4;4051446;2019;8;7;2;3;5;2;0;1;1;0;0;0;0;0
198653;11;4;4030417;2019;9;8;2;3;5;2;0;1;1;0;0;0;0;0
198654;11;7;7030303;2019;9;10;2;2;9;7;0;0;1;0;0;0;0;0
198655;11;6;6020410;2019;8;7;2;3;5;2;0;1;1;0;0;0;0;0
198656;11;2;2040701;2019;8;5;2;3;5;2;1;0;1;0;1;0;0;0
198657;11;2;2020204;2019;9;13;1;3;6;7;0;0;0;1;0;0;1;0
198658;11;2;2050802;2019;8;0;2;3;0;1;2;0;0;0;1;0;0;0
198659;11;3;3071537;2019;9;0;1;3;5;3;2;0;1;0;0;0;1;0
198660;11;3;3040614;2019;8;23;2;3;0;1;2;1;0;0;0;0;0;1
198661;11;6;6030607;2019;9;17;1;2;6;4;0;0;1;1;0;0;0;0
198662;11;1;1044203;2019;8;21;2;3;5;3;2;1;1;0;0;0;0;1
198663;11;1;1044202;2019;9;20;1;3;6;4;2;1;0;1;0;0;0;0
198664;11;4;4020313;2019;9;18;1;3;5;2;0;1;1;0;0;0;0;0
198665;11;11;11041023;2019;8;20;2;3;0;7;1;1;1;0;0;0;0;1
198666;11;8;8010303;2019;9;18;1;3;0;6;0;0;1;0;0;0;1;0
198667;11;6;6010205;2019;8;19;2;3;1;5;2;1;0;0;0;0;1;1
198668;11;10;10010102;2019;9;17;1;3;5;2;0;0;1;0;0;0;0;0
198669;11;5;5030730;2019;8;18;2;3;3;2;0;0;1;0;0;1;0;0
198670;11;10;10010311;2019;9;16;1;3;6;6;0;1;0;1;0;0;0;0
198671;11;12;12103116;2019;8;22;2;2;5;3;2;0;1;0;0;0;1;1
198672;11;11;11041128;2019;9;11;1;3;5;3;0;1;1;0;0;0;0;0
198673;11;2;2010102;2019;9;11;1;3;5;3;0;1;1;0;0;0;0;0
198674;11;2;2050801;2019;8;20;2;2;1;1;2;0;1;0;1;0;0;1
198675;11;5;5030730;2019;9;10;1;3;5;2;0;1;1;0;0;0;0;0
198676;11;5;5010313;2019;8;20;2;2;5;2;1;0;1;0;1;0;0;1
198677;11;1;1011301;2019;9;10;1;3;1;5;0;1;1;0;0;0;0;0
198678;11;10;10020414;2019;8;17;2;3;3;6;0;0;1;0;1;0;0;0
198679;11;9;9010301;2019;9;8;1;3;2;6;0;0;1;0;0;0;0;0
198680;11;3;3020307;2019;8;14;2;2;3;6;0;1;0;0;0;0;1;0
198681;11;2;2050801;2019;8;22;7;3;2;6;2;0;1;0;1;0;0;0
198682;11;1;1011302;2019;8;21;7;2;5;3;2;1;0;0;0;0;1;0
198683;11;8;8010212;2019;8;13;2;2;2;6;0;1;1;0;0;0;0;0
198684;11;4;4030620;2019;8;8;2;2;3;6;0;1;1;0;0;0;0;0
198685;11;2;2050801;2019;8;21;7;3;0;1;2;0;0;0;1;0;0;0
198686;11;3;3040512;2019;8;20;7;3;1;5;1;0;1;0;0;0;0;0
198687;11;7;7070702;2019;8;5;2;3;0;3;1;0;1;0;1;0;0;0
198688;11;11;11010205;2019;8;19;7;2;0;7;1;0;0;1;0;0;1;0
198689;11;1;1011201;2019;8;7;2;3;6;2;0;1;0;1;0;0;0;0
198690;11;4;4041238;2019;8;18;7;3;5;3;0;0;1;0;0;0;0;0
198691;11;8;8020620;2019;8;18;7;2;5;3;0;1;0;0;0;0;1;0
198692;11;8;8010118;2019;8;13;1;3;2;6;0;0;1;0;1;0;0;0
198693;11;8;8010214;2019;8;17;7;3;1;5;0;1;0;0;0;0;1;0
198694;11;10;10040830;2019;8;17;7;3;5;2;0;1;1;0;0;0;0;0
198695;11;6;6040810;2019;8;8;1;3;5;2;0;1;1;0;0;0;0;0
198696;11;4;4030931;2019;8;17;7;3;2;6;0;1;1;0;0;0;0;0
198697;11;4;4030931;2019;8;23;1;3;2;6;2;0;1;0;0;0;0;0
198698;11;11;11010204;2019;8;16;7;2;5;3;0;0;1;0;1;0;0;0
198699;11;1;1044103;2019;8;15;7;3;5;3;0;1;0;0;1;0;0;0
198700;11;1;1022106;2019;8;22;1;3;5;3;2;1;0;0;1;0;0;0
198701;11;1;1011306;2019;8;14;7;3;0;1;0;0;0;0;1;0;0;0
198702;11;6;6010209;2019;8;19;1;3;0;2;0;1;1;0;0;0;0;0
198703;11;1;1033102;2019;8;13;7;3;5;3;0;1;1;0;0;0;0;0
198704;11;1;1011101;2019;8;18;1;3;1;5;0;1;1;0;0;0;0;0
198705;11;8;8020727;2019;8;13;7;3;6;4;0;1;0;1;0;0;0;0
198706;11;4;4051446;2019;8;13;7;3;2;6;0;0;1;0;0;0;0;0
198707;11;5;5010206;2019;8;17;1;3;5;2;0;0;1;0;1;0;0;0
198708;11;12;12301204;2019;8;17;1;3;0;1;0;0;0;0;1;0;0;0
198709;11;2;2010102;2019;8;13;7;3;1;5;0;1;1;0;0;0;0;0
198710;11;8;8020620;2019;8;13;7;3;2;6;0;0;1;0;0;0;0;0
198711;11;6;6030504;2019;8;17;1;3;2;6;0;0;1;0;1;0;0;0
198712;11;1;1044201;2019;8;13;7;3;1;6;0;0;1;0;0;0;0;0
198713;11;6;6010103;2019;8;15;1;3;5;3;0;0;1;0;1;0;0;0
198714;11;1;1033102;2019;8;12;7;3;2;6;0;0;1;0;0;0;0;0
198715;11;2;2030302;2019;8;12;7;3;2;6;0;0;1;0;0;0;0;0
198716;11;9;9020502;2019;8;14;1;3;1;6;0;0;1;0;1;0;0;0
198717;11;8;8010301;2019;8;11;7;3;3;6;0;1;1;0;0;0;0;0
198718;11;12;12302107;2019;8;10;7;3;2;2;0;0;1;0;1;0;0;0
198719;11;4;4020311;2019;8;14;1;3;3;6;0;0;1;0;1;0;0;0
198720;11;2;3061441;2019;8;9;7;3;1;6;0;1;1;0;0;0;0;0
198721;11;1;1011201;2019;8;14;1;3;6;2;0;1;0;1;0;0;0;0
198722;11;3;3040818;2019;8;8;7;3;1;5;0;1;1;0;0;0;0;0
198723;11;9;9010301;2019;8;7;7;2;5;2;0;0;1;0;0;0;0;0
198724;11;10;10010205;2019;8;21;1;2;0;1;2;1;0;0;0;0;0;0
198725;11;1;1011304;2019;8;11;1;3;5;7;0;0;1;0;0;0;1;0
198726;11;1;1011102;2019;8;4;7;3;8;1;2;0;1;0;0;0;0;0
198727;11;7;7060601;2019;8;12;7;3;6;7;0;0;1;1;0;0;0;0
198728;11;2;2040502;2019;8;10;1;3;5;2;0;0;1;0;0;0;0;0
198729;11;2;2030301;2019;8;0;7;2;6;4;2;1;0;1;0;0;0;0
198730;11;12;12214527;2019;8;3;1;3;0;1;2;1;0;0;0;0;0;0
198731;11;5;5010314;2019;8;0;1;3;5;3;2;1;1;0;0;0;0;0
198732;11;4;4030725;2019;8;13;7;3;5;2;0;1;1;0;0;0;0;0
198733;11;7;7040405;2019;8;18;6;3;5;3;0;1;0;0;0;0;0;0
198734;11;11;11030721;2019;8;22;7;2;0;1;2;1;0;0;0;0;0;0
198735;11;4;4030931;2019;8;23;6;3;6;7;2;0;1;1;0;0;0;0
198736;11;2;2020206;2019;8;22;7;3;2;7;2;1;1;0;0;0;0;0
198737;11;8;8010212;2019;8;21;6;2;5;3;2;1;1;0;0;0;0;0
198738;11;11;11051229;2019;8;10;7;3;0;7;0;1;0;0;0;0;0;0
198739;11;3;3061429;2019;8;19;6;3;5;3;0;1;1;0;0;0;0;0
198740;11;7;7010104;2019;8;18;7;3;5;3;0;0;1;0;0;0;0;0
198741;11;4;4020312;2019;8;19;6;3;5;3;0;1;1;0;0;0;0;0
198742;11;12;12214424;2019;8;18;7;3;2;6;0;0;1;0;0;0;0;0
198743;11;6;6020411;2019;8;18;6;3;5;3;0;1;1;0;0;0;0;0
198744;11;1;1011201;2019;8;17;7;3;5;2;0;1;1;0;0;0;0;0
198745;11;3;3061228;2019;8;17;6;3;5;5;0;0;1;0;1;0;0;0
198746;11;2;2030301;2019;8;23;7;3;1;5;2;1;1;0;0;0;0;0
198747;11;4;4030725;2019;8;17;6;2;5;3;0;1;1;0;0;0;0;0
198748;11;4;4030827;2019;8;17;6;2;0;7;0;1;0;0;0;0;0;0
198749;11;5;5030730;2019;8;18;7;3;0;6;0;0;1;0;1;0;0;0
198750;11;7;7010102;2019;8;16;6;3;5;2;0;0;1;0;1;0;0;0
198751;11;7;7040402;2019;8;17;7;3;5;3;0;1;1;0;0;0;0;0
198752;11;3;3010102;2019;8;13;6;3;4;6;0;0;1;0;0;0;0;0
198753;11;1;1011303;2019;8;9;6;3;3;6;0;0;1;0;0;0;1;0
198754;11;10;10030727;2019;8;15;7;3;0;7;0;1;0;0;0;0;0;0
198755;11;1;1044202;2019;8;15;6;3;0;7;0;0;0;0;1;0;0;0
198756;11;5;5010311;2019;8;23;7;3;2;6;2;0;1;0;0;0;0;0
198757;11;4;4030725;2019;8;15;6;3;1;5;0;1;1;0;0;0;0;0
198758;11;8;8010118;2019;8;21;7;3;3;6;2;0;1;0;1;0;0;0
198759;11;12;12301203;2019;8;15;6;3;2;6;0;0;1;0;1;0;0;0
198760;11;5;5010312;2019;8;19;7;3;6;4;1;0;1;1;0;0;0;0
198761;11;12;12103220;2019;8;14;6;3;5;2;0;1;0;0;0;0;1;0
198762;11;1;1011102;2019;8;13;6;3;5;3;0;1;1;0;0;0;0;0
198763;11;5;5020627;2019;8;15;7;3;2;2;0;0;1;0;0;0;0;0
198764;11;1;1033202;2019;8;19;7;2;0;7;0;1;0;0;0;0;0;0
198765;11;7;7040403;2019;8;13;6;3;5;7;0;0;1;0;0;0;0;0
198766;11;9;9020702;2019;8;14;7;3;5;3;0;1;1;0;0;0;0;0
198767;11;8;8020622;2019;8;13;6;3;5;2;0;1;1;0;0;0;0;0
198768;11;3;3040818;2019;8;14;7;3;2;3;0;0;1;0;0;0;0;0
198769;11;4;4030827;2019;8;13;6;3;2;6;0;0;1;0;0;0;0;0
198770;11;4;4030519;2019;8;12;6;3;5;2;0;1;1;0;0;0;0;0
198771;11;9;9041501;2019;8;13;7;3;2;6;0;0;1;0;0;0;0;0
198772;11;8;8030831;2019;8;13;7;3;5;2;0;0;1;0;0;0;0;0
198773;11;9;9010302;2019;8;12;6;3;5;3;0;1;0;0;0;0;1;0
198774;11;3;3040614;2019;8;11;6;3;0;3;0;1;0;0;0;0;1;0
198775;11;9;9051901;2019;8;12;7;3;5;3;0;1;0;0;0;0;0;0
198776;11;5;5020417;2019;8;11;6;3;0;3;0;0;1;0;1;0;0;0
198777;11;7;7030303;2019;8;11;7;3;5;2;0;1;1;0;0;0;0;0
198778;11;7;7050501;2019;8;9;6;3;1;5;0;1;1;0;0;0;0;0
198779;11;1;1011204;2019;8;9;6;3;5;3;0;1;1;0;0;0;0;0
198780;11;9;9041601;2019;8;11;7;2;8;1;0;0;0;0;1;0;0;0
198781;11;8;8010404;2019;8;9;6;3;2;6;0;0;1;0;0;0;0;0
198782;11;4;4030931;2019;8;6;7;2;8;7;0;0;1;0;0;0;0;1
198783;11;12;12224229;2019;8;8;6;3;5;2;0;1;1;0;0;0;0;0
198784;11;2;2030401;2019;8;12;7;3;5;3;0;0;1;0;0;0;0;0
198785;11;8;8020727;2019;8;8;6;3;6;4;0;0;1;1;0;0;0;0
198786;11;8;8010213;2019;8;16;7;3;5;3;0;1;1;0;0;0;0;0
198787;11;1;1033101;2019;8;8;6;3;5;2;0;1;1;0;0;0;0;0
198788;11;7;7070701;2019;8;7;6;3;1;5;0;0;1;0;0;1;0;0
198789;11;3;3061434;2019;8;3;6;3;6;4;2;0;1;1;0;0;0;0
198790;11;7;7020201;2019;8;15;6;3;5;3;0;0;1;0;0;0;0;0
198791;11;2;2040701;2019;8;7;6;3;5;2;0;1;1;0;0;0;0;0
198792;11;7;7040405;2019;8;9;6;3;6;4;0;0;1;1;0;0;0;0
198793;11;6;6010207;2019;8;19;6;3;5;3;0;0;1;0;1;0;0;0
198794;11;9;9051702;2019;8;16;6;2;5;7;0;0;1;0;1;0;0;0
198795;11;2;2030302;2019;8;13;6;3;0;2;0;1;0;0;0;0;1;0
198796;11;1;1011305;2019;8;16;6;2;1;5;0;0;1;0;0;0;1;0
198797;11;1;1011302;2019;8;1;6;3;0;1;2;0;0;0;0;0;1;0
198798;11;1;1033101;2019;8;13;6;2;5;2;0;0;1;0;0;0;0;0
198799;11;9;9051901;2019;8;20;6;3;0;6;1;1;0;0;0;0;1;0
198800;11;3;3071638;2019;8;8;6;3;0;6;0;0;0;0;1;0;0;0
198801;11;3;3040818;2019;8;20;6;3;5;2;1;1;1;0;0;0;0;0
198802;11;1;1022204;2019;8;8;6;2;5;3;0;1;0;0;0;0;0;0
198803;11;9;9020701;2019;8;17;6;3;5;2;0;1;1;0;0;0;0;0
198804;11;11;11051229;2019;8;11;6;3;0;6;0;0;1;0;0;0;0;0
198805;11;6;6030608;2019;8;9;6;2;1;5;0;1;1;0;0;0;0;0
198806;11;8;8020625;2019;8;19;6;2;0;2;0;0;1;0;0;0;1;0
198807;11;4;4030417;2019;8;4;6;3;1;5;2;1;1;0;0;0;0;0
198808;11;6;6010102;2019;8;19;6;2;6;4;0;1;0;1;0;0;0;0
198809;11;1;1011401;2019;8;9;5;3;5;2;0;1;1;0;0;0;0;0
198810;11;8;8010303;2019;8;18;6;3;2;6;0;1;1;0;0;0;0;0
198811;11;1;1044201;2019;8;21;5;3;1;5;2;1;1;0;0;0;0;0
198812;11;12;12103116;2019;8;18;6;3;1;5;0;1;1;0;0;0;0;0
198813;11;12;12231102;2019;8;19;5;3;3;6;1;1;1;0;0;0;0;0
198814;11;11;11030619;2019;8;18;5;3;5;3;0;1;0;0;0;0;0;0
198815;11;2;2020206;2019;8;18;6;3;6;4;0;1;0;1;0;0;0;0
198816;11;1;1011305;2019;8;17;6;3;1;5;0;1;0;0;0;0;1;0
198817;11;7;7040405;2019;8;18;5;3;5;2;0;1;1;0;0;0;0;0
198818;11;1;1011105;2019;8;18;5;3;2;6;0;0;1;0;0;0;0;0
198819;11;7;7030301;2019;8;16;6;2;5;2;0;1;1;0;0;0;0;0
198820;11;1;1011201;2019;8;17;5;3;5;3;0;1;0;0;0;0;1;0
198821;11;4;4051655;2019;8;16;6;3;5;2;0;1;0;0;0;0;1;0
198822;11;9;9030901;2019;8;19;5;3;5;3;0;0;1;0;1;0;0;0
198823;11;1;1022106;2019;8;17;5;3;6;4;0;0;1;1;0;0;0;0
198824;11;1;1011105;2019;8;22;6;3;2;2;2;1;1;0;0;0;0;0
198825;11;4;4051654;2019;8;15;5;3;0;7;0;1;0;0;0;0;0;0
198826;11;1;1011204;2019;8;15;5;3;5;3;0;1;1;0;0;0;0;0
198827;11;9;9031001;2019;8;16;6;2;5;2;0;1;1;0;0;0;0;0
198828;11;3;3040614;2019;8;15;5;3;5;3;0;1;0;0;0;0;0;0
198829;11;6;6020303;2019;8;14;5;3;3;2;0;0;1;0;1;0;0;0
198830;11;5;5030731;2019;8;22;6;3;5;2;2;1;1;0;0;0;0;0
198831;11;7;7010102;2019;8;14;5;3;3;5;0;1;1;0;0;0;0;0
198832;11;4;4041241;2019;8;22;6;2;5;2;2;1;1;0;0;0;0;0
198833;11;3;3040614;2019;8;14;5;3;5;2;0;1;1;0;0;0;0;0
198834;11;4;4030930;2019;8;21;6;3;5;2;1;1;1;0;0;0;0;0
198835;11;2;2030302;2019;8;14;5;3;4;7;0;1;0;0;0;0;0;0
198836;11;11;11030721;2019;8;20;6;3;0;2;1;1;1;0;0;0;0;0
198837;11;5;5030832;2019;8;14;5;3;5;3;0;1;1;0;0;0;0;0
198838;11;5;5040936;2019;8;14;5;3;5;2;0;1;1;0;0;0;0;0
198839;11;8;8010117;2019;8;16;6;2;3;6;0;0;1;0;1;0;0;0
198840;11;1;1011204;2019;8;16;6;3;5;3;0;0;1;0;0;0;1;0
198841;11;4;4030620;2019;8;13;5;3;0;2;0;0;1;0;0;0;1;0
198842;11;8;8040933;2019;8;14;5;2;2;6;0;0;1;0;0;0;0;0
198843;11;12;12304314;2019;8;15;6;3;5;2;0;0;1;0;1;0;0;0
198844;11;1;1011204;2019;8;12;5;3;5;3;0;1;0;0;0;0;0;0
198845;11;1;1044101;2019;8;15;6;3;5;2;0;1;1;0;0;0;0;0
198846;11;9;9010402;2019;8;12;5;3;5;3;0;0;1;0;0;0;0;0
198847;11;5;5010339;2019;8;12;6;3;2;6;0;0;1;0;0;0;0;0
198848;11;12;12214424;2019;8;10;5;3;0;6;0;0;1;0;1;0;0;0
198849;11;5;5010209;2019;8;11;6;3;5;3;0;1;1;0;0;0;0;0
198850;11;7;7040405;2019;8;10;5;3;0;7;0;0;1;0;0;0;1;0
198851;11;1;1033201;2019;8;11;6;3;2;6;0;0;1;0;0;0;0;0
198852;11;3;3040818;2019;8;13;1;3;5;3;0;0;1;0;0;0;0;0
198853;11;9;9051801;2019;9;8;2;3;5;3;0;0;1;0;0;0;0;1
198854;11;12;12304313;2019;9;7;2;3;5;3;0;0;1;0;0;0;1;1
198855;11;8;8010301;2019;9;7;2;3;5;3;0;0;1;0;0;0;0;1
198856;11;7;7050501;2019;9;6;2;3;2;2;2;0;1;0;0;0;1;1
198857;11;8;8030831;2019;9;14;2;3;6;2;0;0;1;1;0;0;0;1
198858;11;11;11051229;2019;9;6;2;3;5;2;1;1;1;0;0;0;0;1
198859;11;4;4010102;2019;9;5;2;3;2;6;0;0;1;0;0;0;0;1
198860;11;9;9051901;2019;9;18;2;3;5;3;0;1;1;0;0;0;0;1
198861;11;4;4030415;2019;9;22;1;3;5;3;2;1;1;0;0;0;0;0
198862;11;1;1033203;2019;9;3;1;3;1;5;2;0;1;0;0;0;0;0
198863;11;8;8010212;2019;9;21;1;3;1;5;2;0;1;0;0;0;0;0
198864;11;8;8010212;2019;9;21;1;2;6;7;2;1;0;1;0;0;0;0
198865;11;7;7060603;2019;9;21;1;3;1;5;2;0;1;0;0;0;0;0
198866;11;7;7040403;2019;9;18;1;3;2;7;0;0;1;0;1;0;0;0
198867;11;7;7050505;2019;9;14;1;3;1;5;0;0;1;0;0;0;1;0
198868;11;8;8010212;2019;9;2;1;2;0;1;2;1;0;0;0;0;0;0
198869;11;2;2050802;2019;9;1;1;3;0;7;2;0;0;0;0;0;1;0
198870;11;12;12231101;2019;9;0;1;2;0;1;2;1;0;0;0;0;0;0
198871;11;2;2030301;2019;9;0;1;3;2;7;2;1;1;0;0;0;0;1
198872;11;4;4030620;2019;9;0;1;3;5;3;2;0;1;0;0;0;0;0
198873;11;12;12214125;2019;9;13;1;3;2;6;0;0;1;0;0;0;0;0
198874;11;1;1011105;2019;9;13;1;3;0;7;0;0;0;0;0;0;1;0
198875;11;8;8010118;2019;9;0;1;3;3;6;2;1;1;0;0;0;0;0
198876;11;1;1044102;2019;9;11;1;3;5;2;0;0;1;0;0;0;0;0
198877;11;7;7070701;2019;9;11;1;3;2;2;0;0;1;0;0;0;0;0
198878;11;3;3030406;2019;9;11;1;3;5;3;0;0;1;0;0;0;0;0
198879;11;11;11051330;2019;9;10;1;3;0;3;0;1;0;0;0;0;1;0
198880;11;8;8010213;2019;9;21;7;3;5;3;2;1;1;0;0;0;0;0
198881;11;4;4030620;2019;9;23;7;2;0;1;2;0;0;0;0;0;1;0
198882;11;3;3040818;2019;9;23;7;2;5;3;2;0;1;0;0;0;0;0
198883;11;6;6040804;2019;9;22;7;3;0;1;2;0;0;0;1;0;0;1
198884;11;1;1044103;2019;9;17;7;3;6;4;0;0;1;1;0;0;0;0
198885;11;6;6030502;2019;9;14;7;3;5;3;0;0;1;0;1;0;0;0
198886;11;9;9051701;2019;9;16;7;3;5;3;0;1;1;0;0;0;0;0
198887;11;5;5010101;2019;9;16;7;2;4;6;0;0;1;0;1;0;0;0
198888;11;10;10030727;2019;9;16;7;3;2;6;0;0;1;0;0;0;0;0
198889;11;8;8020625;2019;9;15;7;2;5;2;0;0;1;0;0;0;1;0
198890;11;10;10040829;2019;9;15;7;3;5;2;0;0;1;0;1;0;0;0
198891;11;8;8020621;2019;9;14;7;3;5;3;0;0;1;0;0;0;0;0
198892;11;4;4030417;2019;9;14;7;3;0;1;0;0;0;0;1;0;0;0
198893;11;3;3071536;2019;9;14;7;3;6;4;0;1;0;1;0;0;0;0
198894;11;3;3050925;2019;9;14;7;3;1;1;0;1;1;0;0;0;0;0
198895;11;4;4030726;2019;9;14;7;3;2;6;0;0;1;0;0;0;0;0
198896;11;9;9020702;2019;9;11;7;3;0;1;0;1;0;0;0;0;0;0
198897;11;1;1011401;2019;9;10;7;3;1;1;0;1;1;0;0;0;0;0
198898;11;7;7030301;2019;9;9;7;3;5;3;0;1;1;0;0;0;0;0
198899;11;8;8041039;2019;9;14;7;3;6;7;0;0;1;1;0;0;0;0
198900;11;2;2020203;2019;9;1;7;3;1;5;2;1;1;0;0;0;1;0
198901;11;2;2020205;2019;9;22;6;3;1;1;2;0;1;0;0;0;1;0
198902;11;2;2010103;2019;9;21;6;3;0;1;2;1;0;0;0;0;0;0
198903;11;2;2050803;2019;9;21;6;3;5;2;2;1;1;0;0;0;0;0
198904;11;3;3010101;2019;9;20;6;2;5;2;2;0;1;0;1;0;0;0
198905;11;3;3061131;2019;9;11;6;3;5;3;0;1;1;0;0;0;0;0
198906;11;1;1011203;2019;9;11;6;2;6;2;0;0;1;1;0;0;0;0
198907;11;4;4051655;2019;9;11;6;3;3;6;0;0;1;0;1;0;0;0
198908;11;1;1044102;2019;9;10;6;3;2;6;0;0;1;0;0;0;0;0
198909;11;7;7050504;2019;9;19;6;3;1;5;2;0;1;0;0;0;1;0
198910;11;1;1011201;2019;9;15;6;2;0;1;0;0;0;0;0;0;1;0
198911;11;1;1011306;2019;9;9;6;3;2;2;0;0;0;0;1;1;0;0
198912;11;2;2020205;2019;9;19;6;3;6;4;1;0;1;1;0;0;0;0
198913;11;9;9010402;2019;9;19;6;3;5;2;1;1;1;0;0;0;0;0
198914;11;1;1011302;2019;9;8;6;3;2;2;0;1;1;0;0;0;0;0
198915;11;1;1022103;2019;9;14;6;3;2;6;0;0;1;0;0;0;0;0
198916;11;1;1044201;2019;9;8;6;3;3;6;0;0;1;0;1;0;0;0
198917;11;1;1011306;2019;9;14;6;3;1;7;0;1;1;0;0;0;0;0
198918;11;2;2040701;2019;9;8;6;3;0;7;0;0;0;0;0;1;0;0
198919;11;11;11030720;2019;9;18;6;2;6;4;0;0;1;1;0;0;0;0
198920;11;8;8020727;2019;9;7;6;2;6;4;0;0;1;1;0;0;0;0
198921;11;4;4030621;2019;9;14;6;3;5;3;0;1;1;0;0;0;0;0
198922;11;8;8010118;2019;9;18;6;3;1;5;0;0;1;0;0;0;0;0
198923;11;1;1044203;2019;9;14;6;3;2;6;0;0;1;0;0;0;0;0
198924;11;9;9020502;2019;9;6;6;3;5;3;0;0;1;0;0;0;0;0
198925;11;7;7010101;2019;9;16;6;3;2;2;0;1;1;0;0;0;0;0
198926;11;4;4041136;2019;9;13;6;3;5;2;0;1;1;0;0;0;0;0
198927;11;10;10030727;2019;9;12;6;3;2;6;0;0;1;0;0;0;0;0
198928;11;3;3050920;2019;9;16;6;3;5;2;0;1;1;0;0;0;0;0
198929;11;5;5020627;2019;9;12;6;2;5;2;0;0;1;0;0;0;0;0
198930;11;1;1033102;2019;9;16;6;3;9;1;0;0;1;1;0;0;0;0