OBJECTID;LAND;BEZ;LOR_ab_2021;UJAHR;UMONAT;USTUNDE;UWOCHENTAG;UKATEGORIE;UART;UTYP1;ULICHTVERH;IstRad;IstPKW;IstFuss;IstKrad;IstGkfz;IstSonstige;USTRZUSTAND
198931;11;12;12214422;2019;9;12;6;3;2;6;0;0;1;0;0;0;1;0
198932;11;1;1044103;2019;9;16;6;3;5;2;0;1;1;0;0;0;0;0
198933;11;10;10020414;2019;9;12;6;3;2;2;0;0;1;0;1;0;0;0
198934;11;4;4020313;2019;9;11;6;2;3;6;0;0;1;0;1;0;0;0
198935;11;1;1011402;2019;9;15;6;3;0;1;0;1;0;0;0;0;0;0
198936;11;4;4030726;2019;9;15;6;2;5;2;0;1;1;0;0;0;0;0
198937;11;4;4030623;2019;9;12;6;3;5;2;0;1;0;0;0;1;0;0
198938;11;1;1011401;2019;9;19;6;1;9;7;1;0;1;1;0;0;1;0
198939;11;4;4041343;2019;9;6;5;2;0;7;0;1;1;0;0;0;0;0
198940;11;1;1011306;2019;9;4;5;2;6;2;2;0;1;1;0;0;0;1
198941;11;7;7040405;2019;9;22;5;3;5;2;2;0;1;0;0;0;0;0
198942;11;2;2020204;2019;9;20;5;3;2;6;2;0;1;0;0;0;0;0
198943;11;6;6040810;2019;9;20;5;3;5;2;2;1;1;0;0;0;0;0
198944;11;12;12214125;2019;9;18;5;2;0;7;0;1;0;0;0;0;0;0
198945;11;10;10030727;2019;9;18;5;2;5;3;0;0;1;0;0;0;0;0
198946;11;3;3071639;2019;9;21;5;3;5;3;2;1;1;0;0;0;0;0
198947;11;6;6020303;2019;9;10;5;3;5;2;0;1;1;0;0;0;0;0
198948;11;1;1022104;2019;9;17;5;3;5;3;0;1;0;0;0;0;0;1
198949;11;10;10030727;2019;9;17;5;3;2;6;0;0;1;0;0;0;0;0
198950;11;1;1044202;2019;9;12;5;3;2;6;0;0;1;0;0;0;0;0
198951;11;12;12103218;2019;9;11;5;3;5;2;0;1;1;0;0;0;0;0
198952;11;3;3061131;2019;9;11;5;3;5;2;0;1;1;0;0;0;0;0
198953;11;3;3020209;2019;9;9;5;3;5;3;0;1;1;0;0;0;0;0
198954;11;10;10010310;2019;9;9;5;3;2;6;0;0;1;0;0;1;0;0
198955;11;4;4020313;2019;9;8;5;3;3;6;0;0;1;0;0;0;0;0
198956;11;6;6030607;2019;9;8;5;3;2;6;0;0;1;0;0;1;0;0
198957;11;7;7040406;2019;9;8;5;3;5;2;0;1;1;0;0;0;0;0
198958;11;3;3040512;2019;9;8;5;3;0;2;0;1;1;0;0;0;0;0
198959;11;9;9010402;2019;9;8;5;3;0;2;0;0;1;0;1;0;0;1
198960;11;5;5030731;2019;9;8;5;2;5;3;0;1;0;0;0;0;1;0
198961;11;4;4020209;2019;9;17;5;3;0;5;0;0;0;0;1;0;1;0
198962;11;8;8020726;2019;9;17;5;3;5;3;0;0;1;0;0;0;0;0
198963;11;12;12224230;2019;9;17;5;3;5;2;0;1;1;0;0;0;0;0
198964;11;4;4051654;2019;9;17;5;2;6;7;0;0;1;1;0;0;0;0
198965;11;4;4030726;2019;9;17;5;3;5;3;0;0;1;0;0;0;0;0
198966;11;5;5040934;2019;9;16;5;2;0;1;0;1;0;0;0;0;0;0
198967;11;5;5040936;2019;9;7;5;3;5;3;0;1;1;0;0;0;0;0
198968;11;4;4030931;2019;9;15;5;3;6;4;0;0;1;1;0;0;0;0
198969;11;9;9041401;2019;9;7;5;2;6;4;0;0;1;1;0;0;0;0
198970;11;5;5010312;2019;9;15;6;2;5;3;0;0;1;0;1;0;0;0
198971;11;10;10020414;2019;9;15;5;3;6;2;0;0;1;1;0;0;0;0
198972;11;1;1022104;2019;9;15;6;3;1;5;0;1;1;0;0;0;0;0
198973;11;6;6040701;2019;9;15;6;3;5;3;0;1;1;0;0;0;0;0
198974;11;9;9020502;2019;9;7;5;3;0;1;0;0;0;0;1;0;0;1
198975;11;1;1033102;2019;9;15;5;3;5;2;0;1;1;0;0;0;0;0
198976;11;1;1011304;2019;9;21;6;3;2;6;2;0;1;0;0;0;0;0
198977;11;4;4030518;2019;9;15;5;3;5;3;0;0;1;0;0;0;0;0
198978;11;10;10020518;2019;9;6;5;3;5;3;1;0;1;0;0;0;0;1
198979;11;4;4051549;2019;9;7;5;3;5;2;0;1;1;0;0;0;0;1
198980;11;6;6010102;2019;9;11;5;3;0;1;0;1;0;0;0;0;0;0
198981;11;2;2020205;2019;9;14;5;3;5;5;0;1;1;0;0;0;0;0
198982;11;6;6040810;2019;9;16;5;3;5;2;0;1;1;0;0;0;0;0
198983;11;6;6040804;2019;9;15;5;3;6;4;0;1;0;1;0;0;0;0
198984;11;6;6030504;2019;9;6;5;2;2;7;0;0;1;0;0;0;1;1
198985;11;7;7020201;2019;9;16;5;3;2;2;0;1;1;0;0;0;0;0
198986;11;7;7020203;2019;9;14;5;3;5;7;0;0;0;0;1;0;1;0
198987;11;1;1011304;2019;9;16;5;3;0;5;0;0;1;0;1;0;0;0
198988;11;7;7010104;2019;9;14;5;3;5;3;0;1;1;0;0;0;0;0
198989;11;4;4030620;2019;9;16;5;2;5;2;0;0;1;0;0;0;1;0
198990;11;9;9010401;2019;9;14;5;3;0;2;0;0;1;0;1;0;0;0
198991;11;7;7040402;2019;9;15;5;3;0;6;0;0;1;0;0;0;1;0
198992;11;12;12214125;2019;9;15;5;3;2;2;0;0;1;0;1;0;0;0
198993;11;4;4020310;2019;9;6;5;3;0;1;0;0;0;0;1;0;0;1
198994;11;12;12301204;2019;9;6;5;3;5;3;0;0;1;0;1;0;0;1
198995;11;5;5010312;2019;9;15;5;3;1;5;0;1;1;0;0;0;0;0
198996;11;11;11030618;2019;9;15;5;3;1;5;0;0;1;0;0;0;0;0
198997;11;12;12103117;2019;9;6;5;2;0;3;1;0;1;0;1;0;0;1
198998;11;3;3010102;2019;9;14;5;3;5;3;0;0;1;0;0;0;0;0
198999;11;8;8020622;2019;9;18;5;2;0;7;1;0;0;0;1;0;0;1
199000;11;11;11040926;2019;9;14;5;2;6;4;0;1;0;1;0;0;0;0
199001;11;2;2040703;2019;9;13;5;3;5;3;0;1;0;0;0;0;1;0
199002;11;11;11030720;2019;9;13;5;2;5;3;0;1;1;0;0;0;0;0
199003;11;12;12231101;2019;9;14;5;3;5;3;0;1;1;0;0;0;0;0
199004;11;1;1044203;2019;9;13;5;3;2;6;0;0;1;0;0;0;0;0
199005;11;12;12214424;2019;9;11;5;3;3;6;0;0;1;0;0;1;0;0
199006;11;2;2040701;2019;9;11;5;3;2;6;0;1;0;0;0;0;0;0
199007;11;4;4031032;2019;9;23;5;2;5;7;2;0;1;0;0;0;0;0
199008;11;1;1022106;2019;9;14;5;3;6;4;0;0;0;1;0;0;1;0
199009;11;10;10020414;2019;9;15;5;3;5;3;0;1;1;0;0;0;0;0
199010;11;2;2040502;2019;9;12;4;3;2;6;0;1;1;0;0;0;0;0
199011;11;2;2010102;2019;9;20;5;3;5;3;2;0;1;0;0;0;0;0
199012;11;1;3071536;2019;9;14;4;3;3;3;0;1;1;0;0;0;0;0
199013;11;3;3040818;2019;9;19;5;3;0;4;2;0;0;1;1;0;0;0
199014;11;7;7020201;2019;9;18;5;2;3;6;0;0;1;0;0;0;0;0
199015;11;1;1011302;2019;9;20;4;3;3;6;2;0;1;0;0;0;0;0
199016;11;1;1044202;2019;9;19;4;3;5;2;0;1;1;0;0;0;0;0
199017;11;4;4031032;2019;9;18;5;3;5;3;0;0;1;0;0;0;0;0
199018;11;5;5020523;2019;9;18;5;2;5;3;0;1;1;0;0;0;0;0
199019;11;7;7050504;2019;9;19;4;2;1;5;0;0;1;0;0;0;0;0
199020;11;6;6030504;2019;9;17;5;2;5;2;0;0;1;0;1;0;0;0
199021;11;1;1011302;2019;9;18;4;3;1;5;0;1;0;0;0;1;1;0
199022;11;12;12103116;2019;9;17;5;2;6;4;0;0;1;1;0;0;0;0
199023;11;12;12103117;2019;9;18;4;3;2;6;0;0;1;0;0;0;0;0
199024;11;4;4031032;2019;9;10;5;3;1;5;0;1;1;0;0;0;0;0
199025;11;4;4030417;2019;9;18;4;3;1;5;0;0;1;0;0;0;0;0
199026;11;4;4051654;2019;9;10;5;3;5;3;0;0;1;0;1;0;0;0
199027;11;5;5020417;2019;9;10;5;3;5;3;0;0;1;0;1;0;0;1
199028;11;8;8041037;2019;9;18;4;3;5;3;0;0;1;0;1;0;0;0
199029;11;4;4051653;2019;9;18;4;3;2;6;0;0;1;0;0;0;0;0
199030;11;1;1044101;2019;9;9;5;3;3;6;0;0;1;0;0;0;0;0
199031;11;5;5010314;2019;9;18;4;3;3;6;0;0;0;0;1;0;1;0
199032;11;3;3061429;2019;9;9;5;3;5;3;0;1;1;0;0;0;0;0
199033;11;9;9020502;2019;9;17;4;3;5;2;0;0;1;0;1;0;0;0
199034;11;4;4020310;2019;9;9;5;3;3;6;0;0;0;0;1;0;1;0
199035;11;1;1011306;2019;9;17;4;3;5;2;0;1;0;0;1;0;0;0
199036;11;8;8020622;2019;9;7;5;3;2;7;0;1;1;0;0;0;0;0
199037;11;3;3040508;2019;9;16;4;2;5;3;0;1;1;0;0;0;0;0
199038;11;1;1011303;2019;9;8;5;3;5;3;0;1;0;0;1;0;0;1
199039;11;2;2020202;2019;9;7;5;3;5;2;0;1;1;0;0;0;0;1
199040;11;4;4031032;2019;9;16;4;3;2;3;0;1;1;0;0;0;0;0
199041;11;12;12214424;2019;9;5;5;2;0;3;2;1;1;0;0;0;0;1
199042;11;2;2010103;2019;9;16;4;3;1;5;0;1;1;0;0;0;0;0
199043;11;1;1022207;2019;9;16;5;2;6;4;0;1;0;1;0;0;0;0
199044;11;1;1011301;2019;9;8;4;3;3;6;0;1;1;0;0;0;0;0
199045;11;8;8020621;2019;9;15;4;3;3;6;0;1;0;0;0;0;0;0
199046;11;9;9020702;2019;9;15;4;3;0;3;0;1;0;0;0;0;1;0
199047;11;6;6010101;2019;9;15;4;3;5;3;0;1;1;0;0;0;0;0
199048;11;8;8010213;2019;9;16;4;3;2;2;0;1;0;0;0;0;1;0
199049;11;1;1011204;2019;9;15;4;3;2;2;0;1;0;0;0;0;1;0
199050;11;4;4010102;2019;9;21;4;3;2;6;2;0;1;0;0;0;0;0
199051;11;9;9051702;2019;9;12;4;3;5;2;0;1;1;0;0;0;0;0
199052;11;1;1011204;2019;9;21;4;3;5;3;2;0;1;0;0;0;0;0
199053;11;5;5020524;2019;9;20;4;3;6;4;2;1;0;1;0;0;0;0
199054;11;7;7030301;2019;9;11;4;3;6;2;0;0;1;1;0;0;0;0
199055;11;1;1033203;2019;9;11;4;2;2;2;0;0;0;0;1;0;0;0
199056;11;11;11030721;2019;9;20;4;3;5;2;2;0;1;0;1;0;0;0
199057;11;1;1044101;2019;9;10;4;3;2;3;0;0;1;0;0;0;1;0
199058;11;4;4041137;2019;9;20;4;2;6;4;2;0;1;1;0;0;0;0
199059;11;9;9020601;2019;9;0;4;3;5;3;2;0;1;0;0;0;0;0
199060;11;1;1033202;2019;9;19;4;3;1;5;2;0;1;0;0;0;0;0
199061;11;9;9041402;2019;9;10;4;3;6;4;0;1;0;1;0;0;0;0
199062;11;3;3030715;2019;9;19;4;3;5;2;1;0;1;0;0;0;0;0
199063;11;3;3061131;2019;9;19;4;3;4;6;1;1;0;0;0;0;0;0
199064;11;4;4041344;2019;9;10;4;3;0;5;0;0;1;0;1;0;0;0
199065;11;3;3061131;2019;9;19;4;3;3;6;0;1;0;0;0;0;0;0
199066;11;6;6020304;2019;9;15;4;3;5;3;0;1;0;0;0;0;1;0
199067;11;2;2050802;2019;9;18;4;3;0;1;0;1;1;0;0;0;0;0
199068;11;12;12214125;2019;9;10;4;2;5;2;0;0;1;0;0;0;0;0
199069;11;5;5030833;2019;9;17;4;3;5;3;0;0;1;0;0;0;0;0
199070;11;5;5030730;2019;9;14;4;3;5;2;0;1;0;0;0;0;1;0
199071;11;11;11041022;2019;9;17;4;3;2;6;0;0;1;0;0;0;0;0
199072;11;9;9051901;2019;9;9;4;3;5;3;0;1;1;0;0;0;0;0
199073;11;4;4020313;2019;9;10;4;3;5;3;0;0;1;0;0;0;0;0
199074;11;3;3061430;2019;9;17;4;3;5;2;0;1;1;0;0;0;0;0
199075;11;7;7040403;2019;9;14;4;3;5;2;0;1;1;0;0;0;0;0
199076;11;7;7040402;2019;9;16;4;3;5;3;0;0;1;0;0;0;1;0
199077;11;4;4031032;2019;9;14;4;3;5;3;0;0;1;0;1;0;0;0
199078;11;11;11020516;2019;9;16;4;3;2;6;0;0;1;0;0;0;0;0
199079;11;6;6010101;2019;9;14;4;3;5;2;0;1;1;0;0;0;0;0
199080;11;1;1011202;2019;9;7;4;3;5;2;0;1;0;0;1;0;0;0
199081;11;9;9020501;2019;9;12;4;3;5;3;0;0;0;0;0;0;1;0
199082;11;5;5010314;2019;9;9;4;3;0;2;0;0;1;0;0;0;1;0
199083;11;8;8041035;2019;9;14;4;3;5;2;0;0;1;0;1;0;0;0
199084;11;12;12231102;2019;9;12;4;3;1;5;0;1;1;0;0;0;0;0
199085;11;6;6010210;2019;9;12;4;3;5;3;0;0;1;0;1;0;0;0
199086;11;4;4051549;2019;9;10;4;2;5;2;0;1;0;0;0;0;1;0
199087;11;2;2030401;2019;9;11;4;3;0;7;0;0;1;0;0;0;0;0
199088;11;4;4041137;2019;9;13;4;2;6;4;0;0;0;1;1;0;0;0
199089;11;9;9020501;2019;9;11;4;3;5;2;0;1;0;0;0;1;0;0
199090;11;1;1044203;2019;9;10;4;3;1;5;0;1;1;0;0;0;1;0
199091;11;10;10030724;2019;9;9;4;3;5;7;0;0;1;0;0;0;0;0
199092;11;8;8010301;2019;9;10;4;3;5;2;0;1;1;0;0;0;0;0
199093;11;4;4030622;2019;9;9;4;3;1;5;0;1;1;0;0;0;0;0
199094;11;7;7020201;2019;9;12;4;3;5;2;0;0;1;0;0;0;0;0
199095;11;1;1011102;2019;9;8;4;3;2;2;0;0;1;0;1;0;0;0
199096;11;11;11040926;2019;9;8;4;3;5;2;0;1;1;0;0;0;0;0
199097;11;11;11030618;2019;9;9;4;3;0;6;0;0;1;0;0;1;0;0
199098;11;2;2040703;2019;9;8;4;3;5;2;0;1;1;0;0;0;0;0
199099;11;7;7010102;2019;9;7;4;3;6;7;0;0;0;0;0;0;1;0
199100;11;12;12304314;2019;9;7;4;3;5;2;0;1;1;0;0;0;0;0
199101;11;9;9051801;2019;9;12;4;3;5;3;0;1;1;0;0;0;0;0
199102;11;2;2010102;2019;9;7;4;3;3;6;0;1;1;0;0;0;0;0
199103;11;4;4010101;2019;9;6;4;2;0;3;0;0;1;0;1;0;0;0
199104;11;12;12301203;2019;9;5;4;3;0;3;2;1;1;0;0;0;0;0
199105;11;5;5010101;2019;9;5;4;3;0;7;1;0;0;0;1;0;0;0
199106;11;9;9051901;2019;9;6;4;3;5;2;0;1;1;0;0;0;0;0
199107;11;9;9041402;2019;9;14;4;3;0;2;0;0;1;0;0;0;1;0
199108;11;5;5010101;2019;9;0;4;3;6;4;2;0;0;1;0;0;1;0
199109;11;12;12214527;2019;9;16;4;3;9;1;0;0;1;0;0;0;0;0
199110;11;12;12214424;2019;9;12;3;3;5;3;0;0;1;0;0;0;0;0
199111;11;8;8010117;2019;9;15;4;3;5;2;0;1;1;0;0;0;0;0
199112;11;11;11030721;2019;9;17;3;3;1;5;0;1;1;0;0;0;0;0
199113;11;12;12214424;2019;9;15;4;3;3;6;0;0;1;0;1;0;0;0
199114;11;4;4030415;2019;9;15;4;2;0;7;0;1;1;0;0;0;0;0
199115;11;11;11040926;2019;9;8;3;3;5;3;0;1;0;0;0;0;0;0
199116;11;11;11051330;2019;9;15;4;3;5;2;0;1;1;0;0;0;0;0
199117;11;10;10010310;2019;9;15;4;3;5;7;0;0;0;0;1;0;1;0
199118;11;3;3040614;2019;9;14;3;3;5;3;0;0;1;0;1;0;0;0
199119;11;1;1011202;2019;9;11;4;3;0;1;0;1;0;0;0;0;0;0
199120;11;2;2030402;2019;9;23;3;3;1;5;2;0;0;0;0;0;1;0
199121;11;7;7040405;2019;9;13;4;3;5;3;0;0;1;0;0;0;0;0
199122;11;1;1044201;2019;9;12;4;3;5;2;0;1;1;0;0;0;0;0
199123;11;1;1022202;2019;9;15;3;3;5;2;0;1;1;0;0;0;0;0
199124;11;5;5010314;2019;9;20;3;2;6;4;1;0;1;1;0;0;0;0
199125;11;1;1022202;2019;9;8;4;2;0;7;0;0;1;0;0;0;0;0
199126;11;5;5020523;2019;9;13;3;3;2;7;0;0;1;0;0;0;0;0
199127;11;1;1011201;2019;9;20;3;3;2;6;2;1;1;0;0;0;0;0
199128;11;1;1033101;2019;9;16;3;2;5;3;0;0;1;0;1;0;0;0
199129;11;12;12214527;2019;9;15;3;3;5;3;0;1;1;0;0;0;0;0
199130;11;8;8020622;2019;9;19;3;3;5;2;1;0;1;0;0;0;0;0
199131;11;6;6030606;2019;9;12;3;3;1;5;0;0;1;0;1;0;0;0
199132;11;5;5020625;2019;9;16;3;3;5;2;0;0;1;0;0;0;0;0
199133;11;1;1011202;2019;9;14;3;2;0;1;0;0;0;0;0;0;1;0
199134;11;2;2030401;2019;9;16;3;3;3;6;0;0;1;0;1;0;0;0
199135;11;9;9020802;2019;9;18;3;3;2;6;0;0;1;0;0;0;0;0
199136;11;9;9010301;2019;9;16;3;3;5;3;0;0;1;0;0;0;0;0
199137;11;2;2040502;2019;9;14;3;3;2;7;0;1;1;0;0;0;0;0
199138;11;5;5010311;2019;9;16;3;3;5;7;0;0;1;0;1;0;0;0
199139;11;6;6030607;2019;9;13;3;3;5;3;0;0;1;0;0;0;1;0
199140;11;4;4051446;2019;9;15;3;3;1;5;0;1;1;0;0;0;0;0
199141;11;12;12103220;2019;9;16;3;3;5;3;0;0;1;0;1;0;0;0
199142;11;6;6030609;2019;9;15;3;3;2;6;0;0;1;0;0;0;1;0
199143;11;9;9020701;2019;9;17;3;3;5;2;0;1;0;0;0;0;1;0
199144;11;1;1044102;2019;9;15;3;3;2;6;0;1;1;0;0;0;0;0
199145;11;4;4030725;2019;9;13;3;3;0;3;0;0;1;0;0;0;1;1
199146;11;1;1022102;2019;9;15;3;3;0;4;0;0;0;1;0;0;1;0
199147;11;2;2030302;2019;9;15;3;3;2;7;0;1;1;0;0;0;0;0
199148;11;10;10020415;2019;9;13;3;2;1;5;0;0;1;0;0;0;1;1
199149;11;12;12301205;2019;9;14;3;3;2;6;0;0;1;0;0;0;0;0
199150;11;6;6030501;2019;9;16;3;2;5;3;0;1;1;0;0;0;0;0
199151;11;10;10040933;2019;9;14;3;3;3;6;0;1;1;0;0;0;0;0
199152;11;11;11040925;2019;9;14;3;3;5;3;0;1;1;0;0;0;0;0
199153;11;3;3040614;2019;9;12;3;3;5;2;0;1;1;0;0;0;0;0
199154;11;10;10010310;2019;9;14;3;3;5;2;0;1;1;0;0;0;0;0
199155;11;8;8010211;2019;9;11;3;3;5;7;0;0;1;0;0;0;0;0
199156;11;4;4041342;2019;9;13;3;3;0;5;0;0;1;0;1;0;0;0
199157;11;8;8020622;2019;9;11;3;3;5;2;0;0;1;0;0;0;1;0
199158;11;4;4030931;2019;9;12;3;3;6;7;0;0;1;1;0;0;0;0
199159;11;2;2020202;2019;9;10;3;3;5;2;0;1;1;0;0;0;0;0
199160;11;3;3051017;2019;9;10;3;3;0;2;0;0;0;0;1;1;0;0
199161;11;8;8041036;2019;9;10;3;2;5;7;0;0;1;0;1;0;0;0
199162;11;1;1011303;2019;9;10;3;3;5;2;0;0;1;0;0;0;1;0
199163;11;3;3040818;2019;9;10;3;3;6;2;0;0;1;1;0;0;0;1
199164;11;1;1044202;2019;9;10;3;3;5;2;0;1;1;0;0;0;0;0
199165;11;4;4030725;2019;9;10;3;2;5;2;0;0;1;0;1;0;0;1
199166;11;9;9020701;2019;9;9;3;3;6;2;0;0;1;1;0;0;0;0
199167;11;4;4030417;2019;9;10;3;3;0;1;0;1;0;0;0;0;0;1
199168;11;3;3061126;2019;9;22;3;3;0;1;2;1;0;0;0;0;0;0
199169;11;11;11051229;2019;9;9;3;3;1;5;0;1;0;0;0;1;0;0
199170;11;1;1044103;2019;9;10;3;3;0;7;0;1;0;0;0;0;0;1
199171;11;11;11030721;2019;9;8;3;3;0;6;0;1;1;0;0;0;0;0
199172;11;7;7040401;2019;9;8;3;3;5;2;0;1;1;0;0;0;0;0
199173;11;5;5010101;2019;9;8;3;3;2;6;0;0;1;0;0;0;1;0
199174;11;8;8020727;2019;9;9;3;3;6;7;0;0;1;1;0;0;0;0
199175;11;4;4051448;2019;9;8;3;3;5;3;0;0;1;0;0;0;0;0
199176;11;2;2020203;2019;9;9;3;3;5;2;0;1;0;0;0;0;1;1
199177;11;11;11030618;2019;9;7;3;3;6;4;0;0;0;1;1;0;0;0
199178;11;2;2020205;2019;9;21;3;2;3;7;2;1;1;0;0;0;0;0
199179;11;3;3051017;2019;9;7;3;3;5;2;0;1;1;0;0;0;0;0
199180;11;1;1011103;2019;9;7;3;3;2;6;0;0;1;0;0;0;0;1
199181;11;6;6010205;2019;9;7;3;2;6;4;0;0;1;1;0;0;0;0
199182;11;2;2050803;2019;9;7;3;3;5;2;0;1;1;0;0;0;0;1
199183;11;1;1011202;2019;9;6;3;3;5;3;0;1;1;0;0;0;0;0
199184;11;1;1011302;2019;9;23;3;3;5;3;2;1;0;0;1;0;0;0
199185;11;8;8041036;2019;9;16;3;3;5;3;0;1;1;0;0;0;0;0
199186;11;10;10010205;2019;9;18;3;3;5;3;0;1;1;0;0;0;0;0
199187;11;4;4030620;2019;9;17;3;3;0;4;0;1;0;1;0;0;0;0
199188;11;10;10030724;2019;9;8;3;3;0;3;0;0;1;0;0;0;1;0
199189;11;8;8010117;2019;9;14;3;3;2;6;0;0;1;0;0;0;1;0
199190;11;4;4051652;2019;9;17;3;2;5;2;0;0;1;0;1;0;0;0
199191;11;6;6020409;2019;9;16;3;3;5;3;0;0;1;0;0;0;1;0
199192;11;12;12301203;2019;9;19;3;1;5;3;2;0;1;0;1;0;0;0
199193;11;5;5010207;2019;9;11;3;3;2;6;0;0;1;0;0;0;1;0
199194;11;2;2030402;2019;9;14;2;3;1;5;0;1;1;0;0;0;0;0
199195;11;3;3061228;2019;9;1;3;3;5;3;2;0;1;0;0;0;0;1
199196;11;8;8010212;2019;9;14;2;3;2;2;0;0;1;0;1;0;0;0
199197;11;2;2040701;2019;9;14;3;3;1;5;0;0;1;0;0;0;1;0
199198;11;10;10040828;2019;9;10;2;3;5;3;0;1;0;0;0;0;1;0
199199;11;11;11020513;2019;9;6;2;2;6;7;1;1;0;1;0;0;0;0
199200;11;11;11051332;2019;9;8;2;3;2;2;0;1;1;0;0;0;0;0
199201;11;11;11020411;2019;9;22;2;3;1;1;2;0;1;0;0;0;0;1
199202;11;7;7030301;2019;9;16;2;3;5;3;0;1;0;0;0;0;0;0
199203;11;7;7020204;2019;9;12;2;2;5;3;0;1;1;0;0;0;0;1
199204;11;11;11051331;2019;9;5;2;3;6;7;2;0;1;0;0;0;1;1
199205;11;12;12231101;2019;9;21;2;2;5;3;2;0;1;0;1;0;0;0
199206;11;12;12302109;2019;9;20;2;3;5;3;2;0;1;0;0;0;0;1
199207;11;1;1011303;2019;9;18;2;3;6;7;0;0;1;1;0;0;0;0
199208;11;12;12103116;2019;9;19;2;3;5;3;2;0;1;0;0;0;0;1
199209;11;1;1011203;2019;9;18;2;3;3;6;0;1;1;0;0;0;0;0
199210;11;5;5020625;2019;9;5;2;3;6;2;2;0;1;1;0;0;0;1
199211;11;12;12304313;2019;9;18;2;2;6;4;0;0;1;1;0;0;0;0
199212;11;1;1022101;2019;9;19;2;3;2;6;1;0;1;0;0;0;0;1
199213;11;1;1022206;2019;9;18;2;3;2;6;0;0;1;0;0;0;0;1
199214;11;1;1011306;2019;9;17;2;3;5;3;0;1;1;0;0;0;0;0
199215;11;4;4051447;2019;9;17;2;3;5;2;0;1;1;0;0;0;0;0
199216;11;6;6030605;2019;9;13;2;3;2;6;0;0;1;0;1;0;0;1
199217;11;12;12214125;2019;9;16;2;3;6;4;0;0;1;1;0;0;0;1
199218;11;7;7040403;2019;9;17;2;3;5;3;0;0;1;0;0;0;0;0
199219;11;8;8020621;2019;9;12;2;3;2;6;0;0;1;0;0;0;1;1
199220;11;4;4020311;2019;9;17;2;3;5;2;0;1;1;0;0;0;0;0
199221;11;12;12214423;2019;9;16;2;3;5;3;0;0;1;0;0;0;0;1
199222;11;6;6030503;2019;9;16;2;3;5;2;0;0;1;0;0;0;0;1
199223;11;5;5010311;2019;9;17;2;3;5;3;0;1;1;0;0;0;0;0
199224;11;6;6040809;2019;9;10;2;3;2;7;0;0;1;0;0;0;0;1
199225;11;4;4020311;2019;9;10;2;3;1;5;0;1;0;0;0;1;0;1
199226;11;4;4030623;2019;9;15;2;3;2;6;0;0;1;0;0;0;0;0
199227;11;1;1044201;2019;9;16;2;3;5;3;0;0;1;0;0;0;0;1
199228;11;5;5020524;2019;9;16;2;2;6;2;0;0;1;1;0;0;0;1
199229;11;7;7050506;2019;9;23;2;3;5;2;2;0;1;0;0;0;1;0
199230;11;4;4051447;2019;9;16;2;3;6;4;0;0;1;1;0;0;0;1
199231;11;7;7050506;2019;9;16;2;3;5;2;0;0;1;0;0;0;0;0
199232;11;5;5020625;2019;9;15;2;3;5;2;0;1;1;0;0;0;0;1
199233;11;2;2020206;2019;9;15;2;3;2;6;0;0;1;0;0;0;0;0
199234;11;9;9051901;2019;9;9;2;3;8;1;0;0;1;0;0;0;0;1
199235;11;5;5010101;2019;9;15;2;3;4;1;0;0;1;0;0;0;0;0
199236;11;8;8010301;2019;9;15;2;3;5;3;0;1;1;0;0;0;0;1
199237;11;4;4030726;2019;9;9;2;3;5;2;0;0;1;0;0;0;1;1
199238;11;8;8010508;2019;9;8;2;3;2;6;0;0;1;0;0;0;0;0
199239;11;5;5010207;2019;9;12;2;2;5;2;0;0;1;0;1;0;0;0
199240;11;5;5010339;2019;9;14;2;3;2;6;0;0;1;0;0;0;0;1
199241;11;8;8020625;2019;9;9;2;3;0;6;0;0;1;0;1;0;0;1
199242;11;8;8010510;2019;9;12;2;2;5;3;0;1;1;0;0;0;0;0
199243;11;4;4030622;2019;9;14;2;3;6;4;0;1;0;1;0;0;0;1
199244;11;3;3040512;2019;9;15;2;3;2;6;0;0;1;0;0;0;0;0
199245;11;2;2030402;2019;9;14;2;3;5;3;0;1;1;0;0;0;0;1
199246;11;6;6040806;2019;9;12;2;2;5;2;0;0;1;0;1;0;0;0
199247;11;2;2020205;2019;9;9;2;3;6;2;0;0;1;1;0;0;0;1
199248;11;3;3030405;2019;9;7;2;3;2;7;0;0;1;0;1;0;0;0
199249;11;2;2050602;2019;9;14;2;3;2;6;1;0;1;0;0;1;0;1
199250;11;1;1011304;2019;9;8;2;3;0;3;0;1;0;0;1;0;0;0
199251;11;5;5020625;2019;9;16;6;3;5;2;0;0;1;0;0;0;0;0
199252;11;12;12302212;2019;9;16;6;3;2;6;0;0;1;0;0;0;0;0
199253;11;8;8041037;2019;9;16;6;3;1;1;0;0;1;0;1;0;0;0
199254;11;1;1033102;2019;9;16;6;3;3;6;0;0;1;0;1;0;0;0
199255;11;1;1011303;2019;9;16;6;3;5;2;0;1;1;0;0;0;0;0
199256;11;8;8030831;2019;9;15;6;2;5;2;0;1;1;0;0;0;0;0
199257;11;9;9010402;2019;9;15;6;3;0;1;0;1;0;0;0;0;0;0
199258;11;4;4041137;2019;9;14;6;3;2;6;0;0;1;0;0;0;0;0
199259;11;5;5030731;2019;9;14;6;3;5;3;0;0;1;0;0;0;1;0
199260;11;2;2010102;2019;9;14;6;3;0;5;0;0;1;0;1;0;0;0