OBJECTID;LAND;BEZ;LOR_ab_2021;UJAHR;UMONAT;USTUNDE;UWOCHENTAG;UKATEGORIE;UART;UTYP1;ULICHTVERH;IstRad;IstPKW;IstFuss;IstKrad;IstGkfz;IstSonstige;USTRZUSTAND
199261;11;9;9020701;2019;9;14;6;3;5;2;0;1;1;0;0;0;0;0
199262;11;11;11030618;2019;9;14;6;3;6;7;0;0;1;1;0;0;0;0
199263;11;4;4030623;2019;9;14;6;2;3;6;0;0;1;0;0;0;1;0
199264;11;1;1011303;2019;9;13;6;3;2;6;0;1;1;0;0;0;0;0
199265;11;4;4051446;2019;9;13;6;3;5;7;0;0;1;0;0;0;0;0
199266;11;1;1022104;2019;9;21;6;3;0;1;2;0;0;0;1;0;0;0
199267;11;3;3071536;2019;9;21;6;3;0;1;2;0;0;0;0;0;1;0
199268;11;9;9010202;2019;9;21;6;3;5;3;2;0;1;0;0;0;0;0
199269;11;1;1033101;2019;9;13;6;3;2;6;0;0;1;0;0;0;0;0
199270;11;5;5010103;2019;9;12;6;3;5;3;0;0;1;0;0;0;0;0
199271;11;8;8020727;2019;9;12;6;3;5;2;0;0;1;0;1;0;0;0
199272;11;12;12224230;2019;9;12;6;2;2;6;0;0;1;0;1;0;0;0
199273;11;3;3010101;2019;9;7;6;3;3;6;0;1;1;0;0;0;0;0
199274;11;9;9041301;2019;9;12;6;3;2;6;0;0;1;0;0;0;0;0
199275;11;1;1011303;2019;9;7;6;3;0;3;0;0;0;0;1;0;0;0
199276;11;10;10030724;2019;9;12;6;3;5;3;0;0;1;0;0;0;0;0
199277;11;11;11010310;2019;9;6;6;2;4;7;0;0;1;0;0;0;1;0
199278;11;4;4030827;2019;9;11;6;3;1;5;0;1;1;0;0;0;0;0
199279;11;10;10040828;2019;9;9;6;3;5;3;0;1;1;0;0;0;0;0
199280;11;7;7020204;2019;9;9;6;2;5;3;0;1;1;0;0;0;0;0
199281;11;11;11030721;2019;9;9;6;3;0;7;0;0;1;0;0;0;0;0
199282;11;8;8020728;2019;9;8;6;3;6;4;0;0;1;1;0;0;0;0
199283;11;4;4041134;2019;9;8;6;3;5;2;0;0;1;0;0;0;0;0
199284;11;7;7050502;2019;9;8;6;3;1;1;0;0;1;0;0;0;0;0
199285;11;10;10020518;2019;9;7;6;3;5;3;0;0;1;0;0;0;1;0
199286;11;1;1022206;2019;9;14;6;3;0;6;0;0;1;0;0;0;1;0
199287;11;10;10010308;2019;9;15;5;2;5;2;0;1;0;0;0;0;0;0
199288;11;4;4020310;2019;9;11;5;3;5;7;0;0;1;0;0;0;0;0
199289;11;1;1011201;2019;9;21;5;3;0;3;2;0;1;0;1;0;0;0
199290;11;4;4041137;2019;9;17;5;3;2;7;0;0;1;0;1;0;0;0
199291;11;2;2020206;2019;9;10;5;3;3;6;0;0;1;0;0;1;0;0
199292;11;8;8010509;2019;9;20;5;3;6;4;2;0;1;1;0;0;0;0
199293;11;5;5020625;2019;9;10;5;3;2;7;0;0;1;0;1;0;0;0
199294;11;2;2020206;2019;9;19;5;3;6;4;1;1;0;1;0;0;0;0
199295;11;2;2010102;2019;9;16;5;2;5;2;0;0;1;0;1;0;0;0
199296;11;5;5020625;2019;9;19;5;3;6;4;1;1;0;1;0;0;0;0
199297;11;1;1011105;2019;9;9;5;3;1;5;0;1;1;0;0;0;0;0
199298;11;10;10020623;2019;9;16;5;3;6;4;0;0;1;1;0;0;0;0
199299;11;1;1033101;2019;9;9;5;3;0;6;0;0;1;0;0;0;1;0
199300;11;1;1022106;2019;9;15;5;3;5;3;0;0;1;0;0;0;0;0
199301;11;5;5020626;2019;9;15;5;3;2;6;0;0;1;0;0;0;0;0
199302;11;1;1011401;2019;9;14;5;3;2;3;0;0;1;0;1;0;0;0
199303;11;11;11010103;2019;9;19;5;3;5;3;1;0;1;0;0;0;0;0
199304;11;8;8020622;2019;9;8;5;3;0;2;0;1;1;0;0;0;0;0
199305;11;2;2050802;2019;9;8;5;3;5;2;0;1;1;0;0;0;0;0
199306;11;8;8020622;2019;9;7;5;2;5;2;0;1;1;0;0;0;0;0
199307;11;4;4020310;2019;9;14;5;2;6;4;0;0;0;1;0;0;1;0
199308;11;9;9051901;2019;9;14;5;2;5;7;0;1;1;0;0;0;0;0
199309;11;7;7060604;2019;9;7;5;3;5;3;0;1;1;0;0;0;0;0
199310;11;8;8010404;2019;9;17;5;2;5;3;0;0;1;0;0;0;0;0
199311;11;1;1011303;2019;9;14;5;3;6;4;0;1;0;1;0;0;0;0
199312;11;1;1022206;2019;9;17;5;2;5;2;0;1;1;0;0;0;0;0
199313;11;5;5010209;2019;9;14;5;3;1;1;0;1;1;0;0;0;0;0
199314;11;11;11040926;2019;9;13;5;2;6;4;0;0;1;1;0;0;0;0
199315;11;2;2030301;2019;9;2;5;3;1;5;2;0;1;0;0;0;0;0
199316;11;1;1044101;2019;9;13;5;3;3;6;0;0;1;0;0;1;0;0
199317;11;8;8010508;2019;9;12;5;3;5;2;0;0;1;0;0;0;0;0
199318;11;5;5030731;2019;9;11;5;3;1;5;0;0;1;0;0;0;1;0
199319;11;8;8010211;2019;9;5;5;3;5;7;1;0;1;0;0;0;0;0
199320;11;1;1022201;2019;9;14;5;3;0;6;0;0;0;0;0;0;1;0
199321;11;3;3051017;2019;9;13;5;2;5;3;0;0;1;0;0;0;0;0
199322;11;7;7010104;2019;9;4;5;3;6;2;2;0;1;1;0;0;0;0
199323;11;1;1011101;2019;9;13;5;3;2;6;0;0;1;0;0;0;1;0
199324;11;12;12224229;2019;9;15;4;2;0;6;0;0;1;0;0;0;1;0
199325;11;4;4030726;2019;9;16;4;3;5;3;0;1;1;0;0;0;0;0
199326;11;1;1011204;2019;9;9;4;3;5;3;0;1;1;0;0;0;0;0
199327;11;2;2030401;2019;9;8;4;3;6;4;0;0;1;1;0;0;0;0
199328;11;8;8041040;2019;9;13;4;3;6;2;0;0;1;1;0;0;0;0
199329;11;1;1011202;2019;9;13;4;3;5;2;0;1;1;0;0;0;0;0
199330;11;9;9010101;2019;9;23;4;3;0;1;2;1;0;0;0;0;0;0
199331;11;11;11040926;2019;9;16;4;3;5;3;0;1;1;0;0;0;0;0
199332;11;10;10040828;2019;9;8;4;3;5;3;0;0;1;0;0;0;0;0
199333;11;1;1022201;2019;9;22;4;2;1;5;2;1;0;0;0;0;1;0
199334;11;1;1011301;2019;9;21;4;3;1;1;2;1;1;0;0;0;0;0
199335;11;6;6040703;2019;9;19;4;3;1;5;2;1;1;0;0;0;0;0
199336;11;7;7020202;2019;9;19;4;3;2;6;1;0;1;0;0;0;0;0
199337;11;5;5010314;2019;9;18;4;3;5;7;1;0;1;0;1;0;0;0
199338;11;11;11030721;2019;9;18;4;3;0;3;0;1;1;0;0;0;0;0
199339;11;4;4030623;2019;9;18;4;3;6;4;0;0;1;1;0;0;0;0
199340;11;3;3020307;2019;9;17;4;2;6;7;0;0;1;1;0;0;0;0
199341;11;1;1011201;2019;9;17;4;3;6;2;0;0;1;1;0;0;0;0
199342;11;2;2050803;2019;9;17;4;3;3;6;0;0;1;0;0;0;0;0
199343;11;6;6030504;2019;9;17;4;3;1;7;0;0;1;0;0;0;0;0
199344;11;5;5030730;2019;9;16;4;3;2;3;0;1;1;0;0;0;0;0
199345;11;9;9020701;2019;9;8;4;3;0;6;0;0;1;0;0;0;0;0
199346;11;5;5020626;2019;9;16;4;3;5;3;0;0;1;0;0;0;0;0
199347;11;3;3061429;2019;9;15;4;3;2;2;0;1;1;0;0;0;0;0
199348;11;9;9051701;2019;9;6;4;3;5;2;1;1;0;0;0;0;1;0
199349;11;9;9010302;2019;9;6;4;3;5;2;0;1;1;0;0;0;0;0
199350;11;1;1011303;2019;9;15;4;3;6;4;0;0;0;1;0;0;1;0
199351;11;5;5010314;2019;9;5;4;2;6;2;2;0;1;1;0;0;0;0
199352;11;12;12103115;2019;9;14;4;3;5;2;0;1;1;0;0;0;0;0
199353;11;7;7040405;2019;9;14;4;3;5;3;0;1;1;0;0;0;0;0
199354;11;4;4030620;2019;9;14;4;3;5;3;0;0;1;0;1;0;0;0
199355;11;12;12302110;2019;9;14;4;3;6;4;0;0;1;1;0;0;0;1
199356;11;7;7010102;2019;9;13;4;2;6;2;0;0;1;1;0;0;0;0
199357;11;2;2030302;2019;9;13;4;3;0;3;0;1;0;0;1;0;0;0
199358;11;11;11051331;2019;9;10;4;2;4;2;0;1;0;0;0;0;1;0
199359;11;1;1033202;2019;9;7;4;3;6;2;0;0;1;1;0;0;0;0
199360;11;12;12214422;2019;9;10;4;3;5;2;0;0;1;0;0;0;1;0
199361;11;8;8010406;2019;9;9;4;2;5;3;0;0;1;0;1;0;0;0
199362;11;5;5010208;2019;9;9;4;3;5;3;0;1;1;0;0;0;0;0
199363;11;10;10010308;2019;9;9;4;3;5;2;0;1;1;0;0;0;0;0
199364;11;2;2040701;2019;9;8;4;3;5;2;0;1;1;0;0;0;0;0
199365;11;8;8020622;2019;9;7;4;3;5;7;0;1;1;0;0;0;0;0
199366;11;2;2030302;2019;9;6;4;3;5;3;0;1;0;0;1;0;0;1
199367;11;5;5020625;2019;9;9;4;2;5;3;0;0;1;0;0;0;1;0
199368;11;2;2020205;2019;9;16;3;3;1;5;0;1;1;0;0;0;0;0
199369;11;3;3050923;2019;9;22;3;3;5;3;2;0;1;0;0;0;0;1
199370;11;1;1022207;2019;9;22;3;2;6;4;2;1;0;1;0;0;0;1
199371;11;1;1011401;2019;9;21;3;3;6;4;2;1;0;1;0;0;0;1
199372;11;10;10010206;2019;9;20;3;2;5;3;2;0;1;0;0;0;0;1
199373;11;1;1033102;2019;9;19;3;3;5;2;1;0;1;0;0;0;1;1
199374;11;5;5020627;2019;9;19;3;3;5;2;2;0;1;0;0;0;0;0
199375;11;3;3061429;2019;9;19;3;2;6;4;0;0;1;1;0;0;0;1
199376;11;12;12103219;2019;9;18;3;3;2;6;1;0;1;0;0;0;0;1
199377;11;2;2040502;2019;9;18;3;3;2;7;1;0;1;0;1;0;0;1
199378;11;8;8010301;2019;9;18;3;3;6;4;2;0;0;1;1;0;0;1
199379;11;2;2040502;2019;9;17;3;3;0;2;1;1;1;0;0;0;0;1
199380;11;3;3040818;2019;9;18;3;3;5;2;0;0;1;0;1;0;0;1
199381;11;8;8040933;2019;9;15;3;3;0;2;0;1;1;0;0;0;0;0
199382;11;3;3061228;2019;9;16;3;2;2;6;0;0;1;0;0;0;0;1
199383;11;9;9051901;2019;9;17;3;3;2;6;0;0;1;0;0;0;0;1
199384;11;10;10010102;2019;9;17;3;3;5;3;1;0;1;0;1;0;0;1
199385;11;9;9051901;2019;9;17;3;3;2;6;0;0;1;0;0;0;0;1
199386;11;2;2030302;2019;9;14;3;3;2;6;0;0;1;0;1;0;0;1
199387;11;5;5030730;2019;9;14;3;3;2;6;0;0;1;0;0;0;0;1
199388;11;4;4030621;2019;9;12;3;3;6;4;0;0;0;1;1;0;0;1
199389;11;11;11040926;2019;9;12;3;2;5;2;0;1;1;0;0;0;0;1
199390;11;2;2020203;2019;9;11;3;3;3;6;0;0;1;0;0;0;0;0
199391;11;10;10010308;2019;9;11;3;3;5;2;0;0;1;0;0;0;0;0
199392;11;3;3050925;2019;9;11;3;2;5;2;0;0;1;0;0;0;1;0
199393;11;7;7010101;2019;9;10;3;3;5;7;0;0;0;0;1;0;1;0
199394;11;2;2010103;2019;9;12;4;3;2;6;0;0;1;0;0;1;0;1
199395;11;3;3061228;2019;9;10;3;3;5;3;0;0;1;0;1;0;0;0
199396;11;11;11030619;2019;9;5;3;3;7;7;1;1;0;0;0;0;0;0
199397;11;4;4051446;2019;9;10;3;3;5;2;0;1;1;0;0;0;0;0
199398;11;4;4030623;2019;9;23;3;3;2;1;2;0;1;0;1;0;0;0
199399;11;8;8010211;2019;9;9;3;3;2;6;0;0;1;0;0;0;0;0
199400;11;3;3020307;2019;9;9;3;3;5;2;0;1;1;0;0;0;0;0
199401;11;12;12301203;2019;9;23;3;3;5;3;2;1;1;0;0;0;0;0
199402;11;6;6030504;2019;9;15;3;3;5;3;0;1;0;0;0;0;0;0
199403;11;2;2020203;2019;9;9;3;3;2;2;0;1;1;0;0;0;0;0
199404;11;6;6020302;2019;9;8;3;2;1;5;0;1;1;0;0;0;0;0
199405;11;5;5020626;2019;9;21;3;3;5;3;2;1;1;0;0;0;0;0
199406;11;5;5020419;2019;9;8;3;3;0;2;0;1;0;0;0;0;1;0
199407;11;3;3040818;2019;9;8;3;3;6;7;0;1;0;1;0;0;0;0
199408;11;11;11010204;2019;9;6;3;3;5;2;0;1;1;0;0;0;0;0
199409;11;1;1044101;2019;9;16;3;3;1;1;0;0;1;0;0;0;0;1
199410;11;9;9052001;2019;9;16;3;2;5;7;0;0;1;0;0;0;1;0
199411;11;2;2010103;2019;9;17;3;2;6;4;0;0;0;1;1;0;0;0
199412;11;6;6010207;2019;9;16;3;3;5;3;0;1;0;0;0;0;1;1
199413;11;2;2010103;2019;9;16;3;3;5;3;0;0;1;0;0;0;0;0
199414;11;3;3040818;2019;9;16;3;3;5;3;0;1;1;0;0;0;0;1
199415;11;2;2010103;2019;9;16;3;3;5;3;0;1;1;0;0;0;0;1
199416;11;10;10040931;2019;9;16;3;2;2;6;0;0;1;0;0;0;0;0
199417;11;2;2020204;2019;9;16;3;3;5;7;0;1;1;0;0;0;0;1
199418;11;11;11020515;2019;9;15;3;3;0;3;0;0;1;0;0;0;1;0
199419;11;11;11030619;2019;9;6;3;3;6;4;0;0;0;1;1;0;0;0
199420;11;4;4030931;2019;9;15;3;2;3;6;0;0;1;0;1;0;0;0
199421;11;11;11020411;2019;9;16;3;2;5;3;0;0;1;0;1;0;0;1
199422;11;1;1044103;2019;9;16;3;3;5;3;0;0;1;0;0;0;0;1
199423;11;5;5020625;2019;9;15;3;3;5;7;0;1;1;0;0;0;0;0
199424;11;12;12103115;2019;9;15;3;3;6;4;0;0;1;1;0;0;0;0
199425;11;2;2040502;2019;9;15;3;3;2;7;0;0;1;0;0;0;0;1
199426;11;2;2010103;2019;9;15;3;3;5;3;0;1;1;0;0;0;0;1
199427;11;8;8041036;2019;9;14;3;3;5;3;0;1;1;0;0;0;0;0
199428;11;11;11020514;2019;9;15;3;2;0;3;0;1;1;0;0;0;0;1
199429;11;1;1022201;2019;9;13;3;3;5;2;0;0;1;0;0;0;0;0
199430;11;11;11030721;2019;9;15;3;3;0;1;0;0;0;0;1;0;0;1
199431;11;1;1011103;2019;9;13;3;3;5;2;0;0;1;0;0;0;0;0
199432;11;11;11030720;2019;9;14;3;2;2;6;0;0;1;0;0;1;1;1
199433;11;1;1033101;2019;9;10;3;3;5;2;0;0;1;0;1;0;0;0
199434;11;2;2010104;2019;9;14;3;3;2;6;0;0;1;0;1;0;0;1
199435;11;1;1011301;2019;9;13;3;3;0;1;0;0;0;0;1;0;0;1
199436;11;3;3071638;2019;9;10;3;3;2;5;0;0;1;0;0;0;0;0
199437;11;1;1011204;2019;9;8;3;3;5;2;0;1;1;0;0;0;0;0
199438;11;7;7010102;2019;9;17;3;3;5;3;0;1;1;0;0;0;0;0
199439;11;1;1044201;2019;9;8;3;3;5;2;0;1;1;0;0;0;0;0
199440;11;7;7040402;2019;9;17;2;3;0;7;0;0;0;0;1;0;1;1
199441;11;2;2030401;2019;9;8;3;3;0;2;0;1;0;0;1;0;0;0
199442;11;8;8010405;2019;9;13;2;3;2;7;0;0;1;0;0;0;1;0
199443;11;3;3050924;2019;9;8;3;3;2;6;0;1;1;0;0;0;0;0
199444;11;1;1044202;2019;9;7;2;3;5;2;0;0;1;0;0;1;0;0
199445;11;2;2010102;2019;9;7;3;3;2;6;1;0;1;0;0;1;0;0
199446;11;4;4030827;2019;9;12;2;3;6;4;0;0;1;1;0;0;0;0
199447;11;6;6010204;2019;9;22;2;3;1;5;2;0;1;0;0;0;0;0
199448;11;1;1011302;2019;9;7;3;3;3;6;0;1;1;0;0;0;0;0
199449;11;1;1022103;2019;9;18;2;3;5;2;0;0;1;0;1;0;0;0
199450;11;12;12231102;2019;9;7;3;3;2;7;0;0;1;0;0;0;0;0
199451;11;12;12301206;2019;9;18;2;3;2;6;0;0;1;0;0;0;0;0
199452;11;1;1022101;2019;9;17;2;3;5;2;0;1;1;0;0;0;0;0
199453;11;4;4020313;2019;9;7;3;3;2;2;1;0;1;0;0;0;0;0
199454;11;3;3040614;2019;9;17;2;3;4;6;0;1;1;0;0;0;0;0
199455;11;4;4030519;2019;9;5;3;3;6;4;2;0;0;1;1;0;0;0
199456;11;4;4010101;2019;9;17;2;3;3;6;0;0;1;0;0;0;0;0
199457;11;10;10020413;2019;9;0;3;3;9;1;2;0;1;0;0;0;0;0
199458;11;7;7040402;2019;9;17;2;3;0;7;0;0;0;0;1;0;0;1
199459;11;2;2010102;2019;9;22;3;2;5;3;2;1;1;1;0;0;0;0
199460;11;7;7040402;2019;9;17;2;3;0;7;0;0;0;0;1;0;1;1
199461;11;8;8030831;2019;9;16;2;2;5;2;0;1;0;0;0;0;1;0
199462;11;8;8010214;2019;9;9;2;3;0;3;0;1;0;0;0;1;0;0
199463;11;9;9020701;2019;9;14;2;3;5;2;0;1;1;0;0;0;0;0
199464;11;7;7070702;2019;9;16;2;2;5;3;0;0;1;0;0;0;0;0
199465;11;3;3040818;2019;9;20;2;3;0;6;2;1;1;0;0;0;0;0
199466;11;8;8010213;2019;9;16;2;3;6;7;0;0;0;1;0;0;1;0
199467;11;4;4041238;2019;9;16;2;3;5;3;0;1;1;0;0;0;0;0
199468;11;9;9010202;2019;9;16;2;3;1;7;0;0;1;0;0;0;0;0
199469;11;11;11010205;2019;9;14;2;3;2;6;0;0;1;0;0;0;0;0
199470;11;2;2050802;2019;9;15;2;3;1;5;0;1;1;0;0;0;0;0
199471;11;12;12214125;2019;9;15;2;3;2;6;0;0;1;0;0;0;0;0
199472;11;1;1011102;2019;9;9;2;3;2;2;0;0;1;0;0;1;0;0
199473;11;1;1044203;2019;9;14;2;2;5;2;0;0;1;0;0;0;0;0
199474;11;9;9031001;2019;9;8;2;3;5;3;0;1;1;0;0;0;0;0
199475;11;8;8010211;2019;9;14;2;3;6;7;0;1;0;1;0;0;0;0
199476;11;5;5030731;2019;9;8;2;3;2;6;0;0;1;0;0;0;0;0
199477;11;12;12214424;2019;9;11;2;2;5;3;0;0;0;0;1;0;1;0
199478;11;10;10010308;2019;9;8;2;3;5;2;0;1;1;0;0;0;0;0
199479;11;6;6020305;2019;9;14;2;3;2;7;0;0;1;0;1;0;0;0
199480;11;11;11041128;2019;9;10;2;3;6;4;0;0;1;1;0;0;0;0
199481;11;4;4051447;2019;9;8;2;3;5;2;0;1;1;0;0;0;0;0
199482;11;1;1011203;2019;9;9;2;3;5;2;0;1;1;0;0;0;0;0
199483;11;7;7050501;2019;9;7;2;3;2;2;0;0;1;0;0;1;0;0
199484;11;1;1011302;2019;9;10;2;3;6;7;0;0;1;1;0;0;0;0
199485;11;1;1044203;2019;9;21;2;2;6;4;2;0;1;1;0;0;0;0
199486;11;5;5010313;2019;9;14;2;3;2;6;0;0;1;0;0;0;1;0
199487;11;12;12214422;2019;9;19;2;3;3;6;2;0;1;0;1;0;0;0
199488;11;2;2020204;2019;9;9;2;3;5;2;0;1;1;0;0;0;0;1
199489;11;6;6030502;2019;9;9;2;3;5;3;0;1;1;0;0;0;0;1
199490;11;9;9051801;2019;9;20;2;2;2;7;2;0;1;0;0;0;0;0
199491;11;1;1044203;2019;9;20;2;3;2;6;2;0;1;0;0;0;0;0
199492;11;4;4030931;2019;9;9;2;3;6;2;0;0;1;1;0;0;0;0
199493;11;1;1011305;2019;9;9;2;3;3;6;0;1;1;0;0;0;0;0
199494;11;9;9041501;2019;9;16;2;3;2;6;0;0;1;0;0;0;0;0
199495;11;4;4030931;2019;9;8;2;3;2;6;0;1;1;0;0;0;0;1
199496;11;7;7040405;2019;9;9;2;2;5;3;0;1;0;0;0;0;0;0
199497;11;1;1011301;2019;9;8;2;3;5;2;0;1;1;0;0;0;0;0
199498;11;3;3061227;2019;9;8;2;3;0;2;0;1;1;0;0;0;0;0
199499;11;3;3010104;2019;9;15;2;3;5;3;0;0;1;0;0;0;0;0
199500;11;6;6020410;2019;9;7;2;2;5;3;0;1;1;0;0;0;0;0
199501;11;12;12224230;2019;9;13;2;3;0;7;0;0;1;0;0;0;0;0
199502;11;7;7020202;2019;9;14;2;3;5;3;0;1;1;0;0;0;0;0
199503;11;4;4030930;2019;9;11;2;3;5;7;0;0;1;0;0;0;1;0
199504;11;1;1011302;2019;9;19;2;3;0;4;2;1;0;1;0;0;0;0
199505;11;8;8010211;2019;9;11;2;3;5;3;0;0;1;0;0;0;0;0
199506;11;8;8010117;2019;9;7;2;3;2;7;0;0;1;0;0;0;0;0
199507;11;4;4010103;2019;9;13;2;3;6;4;0;0;1;1;0;0;0;0
199508;11;1;1033102;2019;9;15;1;3;1;5;0;1;1;0;0;0;0;0
199509;11;5;5020521;2019;9;17;2;3;0;3;0;1;1;0;0;0;0;0
199510;11;11;11051229;2019;9;8;1;3;6;4;0;0;1;1;0;0;0;0
199511;11;1;1011302;2019;9;13;2;3;0;1;0;1;0;0;0;0;0;0
199512;11;4;4030931;2019;9;16;1;3;5;2;0;1;1;0;0;0;0;0
199513;11;4;4030725;2019;9;18;1;3;0;7;0;0;0;0;1;0;0;1
199514;11;8;8010301;2019;9;9;2;3;5;2;0;1;1;0;0;0;0;0
199515;11;3;3050924;2019;9;18;2;3;4;1;1;1;0;0;0;0;1;0
199516;11;8;8010118;2019;9;16;1;3;0;7;0;0;0;1;0;0;1;0
199517;11;1;1011102;2019;9;16;1;3;0;1;0;0;0;0;0;0;1;0
199518;11;1;1033203;2019;9;12;2;3;5;3;0;0;1;0;0;0;0;0
199519;11;9;9010101;2019;9;16;1;3;2;6;0;1;1;0;0;0;0;0
199520;11;9;9041601;2019;9;12;2;3;5;3;0;1;1;0;0;0;0;0
199521;11;4;4051551;2019;9;15;1;3;1;5;0;1;1;0;0;0;0;0
199522;11;4;4030620;2019;9;14;1;3;2;3;0;1;1;0;0;0;0;0
199523;11;3;3071537;2019;9;18;2;3;2;6;2;0;1;0;0;0;0;0
199524;11;4;4010101;2019;9;13;1;3;5;2;0;0;0;0;1;0;0;0
199525;11;4;4010103;2019;9;20;1;3;3;2;2;0;1;0;0;0;0;0
199526;11;4;4051445;2019;9;17;2;3;5;2;0;0;1;0;0;0;0;0
199527;11;1;1044102;2019;9;18;1;2;5;3;0;1;1;0;0;0;0;0
199528;11;1;1022207;2019;9;17;2;3;6;7;0;0;1;1;0;0;0;0
199529;11;9;9020701;2019;9;18;1;3;5;2;0;0;1;0;0;0;0;0
199530;11;7;7040403;2019;9;17;1;3;5;2;0;1;1;0;0;0;0;0
199531;11;9;9041501;2019;9;14;2;3;1;1;0;1;1;0;0;0;0;0
199532;11;1;1033201;2019;9;17;2;3;1;5;0;1;1;0;0;0;0;0
199533;11;1;1011102;2019;9;7;1;3;0;1;0;0;0;0;1;0;0;0
199534;11;2;2030302;2019;9;0;1;3;0;7;2;1;0;0;0;0;0;0
199535;11;4;4030931;2019;9;17;2;3;6;7;0;0;0;1;0;0;1;0
199536;11;9;9010101;2019;9;6;1;3;5;3;0;1;1;0;0;0;0;0
199537;11;8;8010510;2019;9;11;2;3;2;2;0;0;1;0;0;0;0;0
199538;11;8;8010213;2019;9;10;2;3;1;5;0;0;1;0;0;0;1;0
199539;11;4;4010102;2019;9;6;1;3;2;6;1;0;1;0;1;0;0;0
199540;11;4;4030931;2019;9;4;1;3;5;2;2;0;1;0;0;0;0;0
199541;11;5;5010339;2019;9;10;2;2;1;5;0;0;1;0;0;0;0;0
199542;11;5;5010339;2019;9;1;1;3;1;1;2;0;1;0;0;0;0;0
199543;11;7;7070706;2019;9;10;2;3;5;3;0;0;1;0;0;0;0;0
199544;11;9;9030901;2019;9;4;7;3;5;3;2;0;1;0;0;0;0;0
199545;11;8;8020727;2019;9;17;2;3;5;7;0;1;1;0;0;0;0;0
199546;11;7;7050503;2019;9;14;7;3;2;6;0;0;1;0;0;0;0;0
199547;11;3;3040818;2019;9;16;2;3;5;2;0;1;1;0;0;0;0;0
199548;11;12;12214421;2019;9;14;7;3;6;4;0;0;1;1;0;0;0;0
199549;11;1;1044101;2019;9;10;2;3;5;3;0;0;1;0;0;0;0;0
199550;11;12;12301205;2019;9;14;7;2;0;1;0;1;0;0;0;0;0;0
199551;11;9;9052001;2019;9;10;2;3;2;7;0;0;1;0;1;0;0;0
199552;11;7;7010104;2019;9;14;7;2;5;2;0;1;1;0;0;0;0;0
199553;11;4;4030623;2019;9;13;2;3;0;2;0;0;0;0;0;0;1;0
199554;11;3;3050923;2019;9;13;7;3;5;3;0;0;1;0;0;0;0;0
199555;11;9;9020802;2019;9;13;7;3;5;3;0;1;1;0;0;0;0;0
199556;11;1;1044101;2019;9;20;1;3;5;3;2;1;1;0;0;0;0;0
199557;11;9;9051701;2019;9;21;7;3;3;6;2;0;1;0;1;0;0;0
199558;11;11;11040926;2019;9;23;1;3;5;3;2;0;1;0;0;0;0;0
199559;11;4;4051655;2019;9;21;7;3;0;1;2;0;0;0;0;0;1;0
199560;11;6;6010205;2019;9;23;7;3;6;4;2;0;1;1;0;0;0;0
199561;11;2;2020203;2019;9;20;1;3;5;2;2;1;1;0;0;0;0;0
199562;11;1;1044201;2019;9;22;7;2;6;4;1;0;1;1;0;0;0;0
199563;11;3;3061228;2019;9;21;1;2;5;2;2;1;1;0;0;0;0;0
199564;11;4;4020311;2019;9;21;7;3;5;2;2;0;1;0;0;0;0;0
199565;11;1;1033102;2019;9;21;1;3;3;6;2;0;1;0;0;0;0;0
199566;11;11;11041022;2019;9;21;7;3;6;4;2;0;1;1;0;0;0;0
199567;11;9;9051901;2019;9;20;1;3;0;7;2;0;0;0;1;0;0;1
199568;11;1;1011402;2019;9;13;7;3;0;7;0;1;0;0;0;0;0;0
199569;11;7;7040404;2019;9;21;7;3;0;1;2;0;0;0;1;0;0;0
199570;11;7;7010102;2019;9;19;1;3;5;3;2;1;1;0;0;0;0;0
199571;11;4;4030518;2019;9;19;1;3;5;2;2;0;1;0;0;0;1;0
199572;11;6;6010102;2019;9;13;7;3;5;2;0;0;1;0;1;0;0;0
199573;11;12;12103116;2019;9;15;1;3;4;6;0;0;1;0;0;0;0;0
199574;11;2;2020203;2019;9;20;7;3;1;5;2;1;1;0;0;0;0;0
199575;11;4;4030930;2019;9;14;1;2;3;6;0;1;0;0;0;0;1;0
199576;11;6;6010205;2019;9;12;7;3;5;5;0;0;1;0;0;0;0;0
199577;11;12;12214527;2019;9;11;7;3;5;2;0;0;1;0;0;0;0;0
199578;11;6;6030606;2019;9;14;1;3;1;5;0;0;1;0;1;0;0;0
199579;11;2;2010101;2019;9;13;1;3;5;7;0;0;1;0;0;0;1;0
199580;11;6;6030610;2019;9;19;7;2;0;1;1;0;0;0;1;0;0;0
199581;11;6;6020303;2019;9;18;7;2;2;6;0;0;1;0;0;0;0;0
199582;11;10;10010102;2019;9;13;1;3;5;7;0;0;1;0;1;0;0;0
199583;11;6;6020410;2019;9;10;7;3;0;6;0;0;1;0;1;0;0;0
199584;11;3;3061332;2019;9;13;1;2;5;7;0;1;1;0;0;0;0;0
199585;11;9;9010401;2019;9;9;7;3;3;6;0;1;0;0;0;0;0;0
199586;11;3;3061126;2019;9;9;7;3;2;6;0;0;1;0;0;0;0;0
199587;11;12;12214421;2019;9;12;1;3;5;3;0;0;1;0;1;0;0;0
199588;11;9;9020802;2019;9;9;7;2;6;4;0;0;1;1;0;0;0;0
199589;11;9;9041301;2019;9;12;1;2;5;3;0;0;1;0;1;0;0;0
199590;11;6;6040804;2019;9;9;7;3;6;4;0;1;0;1;0;0;0;0
199591;11;6;6030610;2019;9;19;1;2;2;2;1;1;1;0;0;0;0;0