OBJECTID;LAND;BEZ;LOR_ab_2021;UJAHR;UMONAT;USTUNDE;UWOCHENTAG;UKATEGORIE;UART;UTYP1;ULICHTVERH;IstRad;IstPKW;IstFuss;IstKrad;IstGkfz;IstSonstige;USTRZUSTAND
199592;11;3;3030716;2019;9;8;7;3;6;4;0;1;0;1;0;0;0;0
199593;11;11;11030619;2019;9;11;7;3;5;2;0;1;1;0;0;0;0;0
199594;11;1;1011202;2019;9;16;7;3;1;6;0;1;1;0;0;0;0;0
199595;11;12;12301204;2019;9;16;7;3;0;1;0;0;0;0;1;0;0;0
199596;11;11;11030618;2019;9;20;7;3;1;5;2;0;1;0;0;0;1;0
199597;11;1;1011105;2019;9;19;7;3;5;3;2;0;1;0;0;0;0;0
199598;11;7;7040404;2019;9;15;7;3;3;6;0;1;1;0;0;0;0;0
199599;11;9;9010402;2019;9;14;7;3;5;2;0;0;1;0;0;0;1;0
199600;11;3;3061227;2019;9;18;7;3;1;5;1;0;1;0;0;0;1;0
199601;11;12;12302110;2019;9;2;7;3;1;5;2;0;1;0;0;0;0;0
199602;11;3;3030405;2019;9;17;7;3;5;3;0;1;1;0;0;0;0;0
199603;11;7;7030303;2019;9;0;7;3;1;3;2;1;1;0;0;0;0;0
199604;11;9;9020701;2019;9;16;7;2;5;2;0;0;1;0;0;0;0;0
199605;11;7;7070706;2019;9;13;6;3;1;5;0;1;1;0;0;0;0;0
199606;11;10;10020414;2019;9;13;7;3;1;5;0;1;1;0;0;0;0;0
199607;11;4;4051448;2019;9;10;6;3;0;7;0;1;0;0;0;0;0;0
199608;11;1;1022202;2019;9;10;7;3;5;2;0;0;1;0;0;0;0;0
199609;11;12;12214424;2019;9;14;6;3;5;7;0;0;1;0;0;0;0;0
199610;11;10;10040932;2019;9;7;7;2;6;4;0;0;0;1;0;0;1;0
199611;11;7;7040403;2019;9;14;6;3;2;6;0;0;1;0;0;0;0;0
199612;11;5;5020626;2019;9;13;6;3;2;6;0;0;1;0;0;0;0;0
199613;11;12;12214424;2019;9;15;7;3;1;5;0;1;1;0;0;0;1;0
199614;11;1;1011304;2019;9;13;6;3;3;6;0;1;0;0;0;0;0;0
199615;11;12;12304313;2019;9;15;7;3;2;7;0;0;1;0;0;0;0;0
199616;11;5;5030730;2019;9;13;6;3;5;2;0;1;0;0;0;0;1;1
199617;11;8;8010301;2019;9;14;7;3;3;6;0;1;1;0;0;0;0;0
199618;11;7;7030301;2019;9;12;6;3;0;7;0;1;1;0;0;0;0;0
199619;11;7;7030301;2019;9;3;7;2;9;1;2;0;0;0;1;0;0;0
199620;11;7;7020203;2019;9;12;6;3;0;7;0;1;1;0;0;0;0;0
199621;11;5;5030730;2019;9;11;6;3;2;6;0;0;1;0;0;0;0;0
199622;11;1;1011201;2019;9;14;7;3;2;2;0;0;1;0;0;0;0;0
199623;11;3;3061430;2019;9;14;7;3;0;1;0;0;0;0;1;0;0;0
199624;11;5;5010101;2019;9;11;6;3;0;7;0;0;1;0;0;0;1;0
199625;11;9;9051901;2019;9;10;6;3;1;5;0;0;1;0;0;0;0;0
199626;11;9;9051702;2019;9;1;7;3;2;2;2;0;1;0;0;0;0;0
199627;11;9;9010101;2019;9;10;6;3;5;2;0;1;1;0;0;0;0;0
199628;11;8;8041035;2019;9;13;7;3;5;3;0;0;1;0;0;0;0;0
199629;11;4;4030929;2019;9;9;6;3;6;7;0;0;1;1;0;0;0;0
199630;11;12;12214424;2019;9;21;6;3;4;6;2;1;1;0;0;0;0;0
199631;11;10;10020412;2019;9;13;7;3;5;3;0;1;1;0;0;0;0;0
199632;11;4;4041133;2019;9;9;6;2;0;1;0;0;0;0;1;0;0;0
199633;11;2;2040502;2019;9;7;6;3;5;2;0;0;1;0;0;0;0;0
199634;11;2;2030302;2019;9;12;7;3;0;3;0;0;1;0;1;0;0;0
199635;11;8;8010213;2019;9;17;6;3;2;2;0;0;1;0;0;0;0;0
199636;11;12;12103117;2019;9;3;6;3;0;1;2;0;0;0;1;0;0;0
199637;11;6;6010208;2019;9;12;7;3;2;6;0;0;1;0;0;0;0;0
199638;11;8;8041036;2019;9;20;6;3;5;3;2;0;1;0;0;0;0;0
199639;11;4;4010102;2019;9;11;7;3;0;1;0;0;1;0;1;0;0;0
199640;11;12;12302108;2019;9;18;6;3;2;6;0;0;1;0;0;0;0;0
199641;11;6;6040805;2019;9;11;7;3;5;3;0;0;1;0;0;0;0;0
199642;11;1;1011301;2019;9;18;6;3;6;4;0;0;1;1;0;0;0;0
199643;11;10;10010204;2019;9;11;7;3;0;1;0;0;0;0;1;0;0;0
199644;11;5;5010205;2019;9;17;6;2;5;3;0;0;1;0;1;0;0;0
199645;11;9;9051901;2019;9;18;6;3;5;2;0;1;1;0;0;0;0;0
199646;11;5;5020417;2019;9;10;7;3;5;2;0;1;1;0;0;0;0;0
199647;11;2;2010104;2019;9;10;7;3;5;7;0;1;1;0;0;0;0;0
199648;11;3;3040818;2019;9;17;6;3;5;3;0;1;1;0;0;0;0;0
199649;11;8;8010211;2019;9;17;6;3;2;6;0;0;1;0;0;0;0;0
199650;11;9;9051901;2019;9;10;7;3;5;7;0;0;1;0;0;0;1;0
199651;11;4;4030623;2019;9;16;6;3;5;3;0;1;1;0;0;0;0;0
199652;11;1;1011102;2019;9;12;7;3;1;5;0;1;1;0;0;0;0;0
199653;11;1;1033201;2019;9;16;6;3;4;6;0;1;0;0;0;0;1;0
199654;11;1;1044201;2019;9;23;6;3;2;6;2;0;1;0;0;0;0;0
199655;11;1;1044101;2019;9;16;6;2;5;3;0;0;1;0;0;0;1;0
199656;11;4;4030623;2019;9;18;6;3;1;5;0;1;1;0;0;0;0;0
199657;11;10;10010310;2019;9;16;6;3;2;6;0;0;1;0;0;0;1;0
199658;11;7;7040401;2019;9;14;2;3;5;3;0;0;1;0;0;0;1;0
199659;11;9;9010202;2019;9;16;2;3;2;6;0;0;1;0;0;0;0;1
199660;11;1;1044103;2019;9;15;2;3;2;6;0;0;1;0;0;0;0;1
199661;11;12;12214527;2019;9;16;2;2;6;4;0;0;1;1;0;0;0;0
199662;11;12;12214125;2019;9;16;2;3;0;4;0;0;1;1;0;0;0;0
199663;11;1;1011303;2019;9;16;2;2;5;3;0;0;0;0;1;0;1;1
199664;11;2;2050601;2019;9;16;2;3;5;3;0;0;1;0;0;0;0;1
199665;11;5;5020626;2019;9;16;2;3;1;5;0;1;1;0;0;0;0;1
199666;11;9;9020701;2019;9;16;2;3;5;3;0;0;1;0;0;0;1;0
199667;11;1;1033102;2019;9;6;2;3;5;2;0;1;1;0;0;0;0;0
199668;11;6;6010206;2019;9;12;2;3;3;6;0;0;1;0;0;0;1;1
199669;11;6;6020301;2019;9;12;2;2;6;2;0;0;1;1;0;0;0;1
199670;11;4;4030931;2019;9;12;2;2;2;7;0;0;1;0;0;0;0;1
199671;11;6;6030503;2019;9;9;2;3;6;4;0;0;1;1;0;0;0;1
199672;11;5;5010103;2019;9;9;2;3;2;2;0;0;1;0;0;0;0;1
199673;11;8;8010405;2019;9;11;2;3;5;3;0;0;1;0;1;0;0;1
199674;11;3;3061131;2019;9;10;2;3;2;6;0;0;1;0;0;0;0;1
199675;11;4;4051551;2019;9;9;2;3;5;2;0;0;1;0;0;0;0;1
199676;11;4;4030622;2019;9;8;2;3;5;2;0;1;1;0;0;0;0;1
199677;11;2;2030302;2019;9;8;2;3;0;5;0;1;1;0;0;0;0;1
199678;11;4;4010101;2019;9;7;2;3;5;2;0;1;1;0;0;0;0;1
199679;11;4;4020314;2019;9;7;2;3;2;6;0;0;1;0;0;0;0;1
199680;11;1;1033201;2019;9;6;2;3;6;2;2;0;1;1;0;0;0;1
199681;11;7;7050501;2019;9;6;2;2;6;2;2;0;1;1;0;0;0;1
199682;11;8;8020727;2019;9;6;2;3;6;4;2;0;1;1;0;0;0;1
199683;11;2;2050801;2019;9;6;2;3;2;6;2;0;1;0;0;1;0;1
199684;11;6;6020305;2019;9;5;2;3;5;2;2;1;1;0;0;0;0;1
199685;11;1;1033102;2019;9;18;2;3;5;2;0;1;1;0;0;0;0;0
199686;11;8;8030831;2019;9;18;1;3;2;7;2;0;1;0;1;0;1;1
199687;11;1;1011101;2019;9;17;1;3;0;4;0;0;0;1;1;0;0;1
199688;11;1;1011402;2019;9;16;1;3;2;6;0;0;1;0;0;0;0;1
199689;11;4;4030827;2019;9;16;1;2;5;3;0;0;1;0;0;0;0;1
199690;11;5;5020419;2019;9;15;1;2;5;2;1;0;1;0;0;0;0;1
199691;11;1;1011301;2019;9;14;1;3;0;1;0;0;0;0;0;0;1;1
199692;11;10;10020415;2019;9;14;1;3;5;3;0;0;1;0;0;0;1;1
199693;11;8;8020726;2019;9;13;1;3;2;6;0;0;1;0;0;0;0;1
199694;11;7;7030301;2019;9;13;1;3;3;6;0;1;1;0;0;0;0;1
199695;11;4;4020313;2019;9;12;1;3;3;6;0;0;1;0;0;0;0;1
199696;11;2;2030301;2019;9;12;1;2;4;7;0;1;0;0;0;0;1;1
199697;11;5;5030730;2019;9;8;1;3;1;5;0;0;1;0;0;0;0;0
199698;11;3;3061430;2019;9;19;1;3;0;6;2;0;1;0;0;0;0;1
199699;11;2;2020204;2019;9;8;1;3;5;3;0;1;1;0;0;0;0;1
199700;11;1;1044101;2019;9;19;1;3;5;2;1;0;1;0;0;0;0;1
199701;11;6;6020303;2019;9;18;1;3;5;7;1;0;1;0;1;0;0;1
199702;11;8;8010301;2019;9;17;1;3;5;2;0;1;0;0;0;0;1;1
199703;11;4;4041136;2019;9;21;7;3;1;1;2;0;1;0;0;0;0;1
199704;11;7;7040401;2019;10;17;3;3;2;6;1;0;1;0;1;0;0;1
199705;11;1;1011102;2019;9;13;7;2;2;6;0;1;0;0;0;0;1;0
199706;11;1;1011306;2019;10;17;3;3;1;5;0;1;1;0;0;0;0;1
199707;11;7;7040406;2019;9;15;7;3;1;5;1;0;1;0;0;0;0;1
199708;11;6;6020306;2019;10;17;3;3;5;3;0;0;1;0;0;0;0;1
199709;11;4;4030931;2019;9;22;7;3;0;2;2;0;0;1;0;0;1;0
199710;11;6;6010205;2019;10;16;3;3;2;6;0;0;1;0;0;0;0;1
199711;11;7;7050505;2019;10;16;3;3;2;2;0;0;1;0;0;0;1;1
199712;11;1;1011301;2019;9;23;7;3;5;2;2;1;1;0;0;0;0;0
199713;11;7;7010104;2019;10;16;3;3;2;6;0;0;1;0;1;0;0;1
199714;11;4;4041136;2019;9;21;7;3;8;1;2;0;1;0;0;0;0;1
199715;11;4;4020313;2019;10;16;3;3;2;6;0;0;1;0;0;0;0;1
199716;11;8;8020621;2019;10;15;3;3;5;3;0;0;1;0;0;0;0;1
199717;11;4;4041136;2019;9;19;7;2;5;2;2;0;1;0;1;0;0;1
199718;11;11;11010310;2019;10;15;3;3;6;4;0;0;1;1;0;0;0;1
199719;11;5;5010311;2019;9;18;7;3;0;1;0;1;1;0;0;0;0;1
199720;11;8;8010213;2019;10;15;3;3;2;2;0;0;1;0;0;0;0;1
199721;11;8;8010301;2019;9;18;7;3;0;5;0;1;1;0;0;0;0;1
199722;11;1;1033102;2019;10;14;3;3;5;2;0;1;1;0;0;0;0;1
199723;11;9;9052001;2019;9;15;7;3;0;1;0;0;0;0;1;0;0;1
199724;11;12;12214424;2019;10;10;3;3;0;5;0;0;1;0;0;0;1;1
199725;11;11;11020515;2019;10;9;3;3;2;7;0;0;0;0;0;1;1;1
199726;11;1;1011305;2019;9;17;7;3;2;7;0;0;1;0;0;0;0;1
199727;11;12;12214125;2019;9;15;7;3;0;6;0;0;1;0;1;0;0;1
199728;11;9;9031202;2019;10;9;3;3;5;2;0;0;1;0;0;0;1;1
199729;11;10;10010311;2019;9;16;7;3;0;5;0;0;1;0;0;0;0;0
199730;11;2;2030301;2019;10;14;3;3;5;3;0;1;1;0;0;0;0;1
199731;11;11;11020412;2019;9;15;7;3;2;6;0;0;1;0;0;0;0;1
199732;11;1;1011202;2019;10;2;3;3;0;7;2;0;0;0;0;0;1;0
199733;11;7;7050503;2019;10;13;3;3;5;2;0;0;1;0;0;0;0;1
199734;11;7;7050501;2019;9;16;7;2;5;2;0;0;1;0;1;0;0;1
199735;11;1;1011204;2019;9;14;7;3;2;6;0;0;1;0;0;0;0;1
199736;11;2;2020203;2019;10;12;3;3;2;2;0;0;1;0;0;0;1;1
199737;11;12;12304314;2019;10;11;3;3;5;2;0;0;1;0;0;0;1;1
199738;11;6;6020411;2019;9;14;7;3;5;2;0;1;1;0;0;0;0;1
199739;11;5;5040935;2019;10;10;3;2;5;3;0;0;1;0;0;1;0;1
199740;11;2;2020204;2019;9;12;7;3;3;6;0;1;0;0;0;0;1;1
199741;11;1;1033102;2019;10;20;2;3;5;2;0;0;1;0;0;0;1;0
199742;11;11;11010205;2019;10;14;2;3;2;2;0;0;1;0;0;0;0;0
199743;11;4;4030931;2019;9;12;7;3;0;4;0;0;0;1;1;0;0;1
199744;11;3;3071537;2019;10;17;2;3;5;3;0;0;0;0;1;0;1;0
199745;11;5;5020629;2019;9;9;7;3;0;1;0;0;0;0;1;0;0;1
199746;11;2;2030301;2019;10;20;2;2;5;2;2;0;1;0;1;0;0;0
199747;11;8;8010301;2019;9;9;7;3;0;1;0;0;0;0;1;0;0;1
199748;11;4;4030519;2019;10;20;2;3;5;2;2;0;1;0;0;0;0;0
199749;11;5;5030730;2019;9;12;7;2;0;6;0;0;0;0;1;0;0;1
199750;11;2;2010104;2019;10;19;2;3;5;7;2;0;1;0;1;0;0;0
199751;11;4;4030827;2019;10;19;2;3;2;7;2;0;1;0;0;0;0;0
199752;11;8;8010117;2019;9;11;7;3;6;4;0;0;1;1;0;0;0;0
199753;11;6;6030503;2019;9;11;7;3;0;1;0;1;0;0;0;0;0;1
199754;11;1;1011304;2019;10;16;2;3;4;2;0;1;0;0;0;0;0;0
199755;11;2;2010101;2019;10;18;2;3;2;6;2;0;1;0;0;0;1;0
199756;11;5;5010207;2019;9;10;7;2;5;2;0;1;1;0;0;0;0;1
199757;11;8;8041036;2019;10;16;2;3;5;3;0;1;1;0;0;0;0;0
199758;11;4;4051654;2019;9;10;7;3;6;7;0;0;1;1;0;0;0;0
199759;11;9;9051701;2019;10;18;2;3;1;5;2;1;1;0;0;0;0;0
199760;11;1;1011302;2019;10;15;2;2;4;6;0;1;0;0;0;0;1;0
199761;11;1;1022104;2019;9;10;7;3;2;6;0;0;1;0;0;0;0;1
199762;11;9;9010402;2019;10;15;2;3;5;3;0;1;0;0;1;0;0;0
199763;11;7;7040401;2019;9;1;7;3;5;3;2;0;1;0;0;0;0;0
199764;11;10;10020412;2019;10;15;2;3;2;6;0;0;1;0;0;0;0;0
199765;11;2;2010101;2019;9;15;7;3;5;2;0;0;1;0;0;0;0;1
199766;11;8;8010212;2019;10;15;2;3;6;4;0;0;1;1;0;0;0;0
199767;11;1;1022204;2019;10;8;2;3;2;2;0;0;1;0;0;0;1;0
199768;11;2;2010103;2019;9;11;7;3;5;3;0;0;1;0;0;0;0;0
199769;11;2;2030402;2019;10;9;2;3;2;6;0;0;1;0;0;0;0;0
199770;11;12;12231101;2019;9;16;6;3;5;2;0;1;1;0;0;0;0;1
199771;11;6;6010103;2019;10;14;2;3;0;1;0;0;0;0;1;0;0;0
199772;11;4;4051653;2019;9;21;6;3;5;2;2;1;1;0;0;0;0;1
199773;11;10;10010310;2019;10;14;2;3;2;2;0;0;1;0;0;0;0;0
199774;11;9;9020502;2019;9;17;6;3;0;1;1;0;0;0;1;0;0;1
199775;11;7;7030303;2019;10;13;2;3;5;2;0;1;0;0;0;0;1;0
199776;11;1;1033102;2019;10;13;2;3;5;3;0;1;0;0;0;0;1;0
199777;11;7;7050501;2019;9;15;6;3;4;6;0;0;1;0;1;0;0;1
199778;11;7;7040405;2019;9;12;6;3;0;1;0;0;1;0;1;0;0;1
199779;11;2;2010101;2019;10;10;2;3;1;7;0;1;1;0;0;0;0;0
199780;11;1;1022204;2019;10;13;2;3;6;4;0;0;1;1;0;0;0;0
199781;11;12;12214424;2019;9;7;6;3;3;2;0;0;1;0;0;0;0;1
199782;11;12;12214424;2019;10;13;2;2;5;3;0;0;1;0;0;0;0;0
199783;11;9;9041501;2019;9;13;6;3;5;2;0;1;0;0;0;0;1;1
199784;11;11;11040926;2019;10;10;2;3;6;2;0;0;1;1;0;0;0;0
199785;11;1;1022103;2019;10;10;2;3;5;2;0;1;0;0;0;1;0;0
199786;11;5;5010209;2019;9;19;6;3;2;2;0;0;1;0;0;0;0;0
199787;11;6;6040807;2019;10;12;2;3;5;3;0;1;1;0;0;0;0;0
199788;11;12;12103218;2019;10;10;2;3;5;2;0;0;1;0;0;0;1;0
199789;11;7;7060604;2019;9;9;6;3;0;7;0;0;0;0;1;0;1;1
199790;11;1;1011204;2019;10;9;2;3;0;7;0;1;0;0;0;0;0;0
199791;11;2;2050803;2019;9;14;6;3;0;6;0;0;1;0;0;0;1;0
199792;11;8;8010301;2019;10;9;2;3;3;6;0;1;0;0;0;0;1;0
199793;11;2;2020204;2019;10;9;2;3;2;6;0;0;1;0;0;0;0;0
199794;11;12;12214424;2019;9;13;6;3;5;3;0;0;1;0;0;0;0;1
199795;11;4;4010102;2019;9;12;6;3;5;3;0;1;1;0;0;0;0;1
199796;11;3;3061228;2019;10;9;2;3;5;3;0;1;1;0;0;0;0;0
199797;11;11;11030721;2019;9;14;6;3;3;6;0;0;1;0;0;0;0;1
199798;11;7;7040401;2019;10;8;2;3;1;5;0;1;1;0;0;0;0;0
199799;11;2;2020202;2019;10;7;2;3;5;3;0;1;1;0;0;0;0;0
199800;11;5;5020627;2019;9;15;6;3;2;6;0;0;1;0;0;0;0;0
199801;11;1;1033203;2019;9;14;6;3;2;6;0;0;1;0;0;0;0;1
199802;11;9;9052001;2019;10;12;2;3;5;3;0;1;1;0;0;0;0;0
199803;11;1;1044201;2019;10;12;2;3;5;2;0;0;1;0;0;0;0;0
199804;11;10;10020413;2019;9;14;6;3;6;4;0;0;1;1;0;0;0;1
199805;11;5;5010313;2019;10;8;2;3;2;2;0;0;1;0;0;0;0;0
199806;11;1;1044103;2019;9;14;6;3;5;3;0;1;1;0;0;0;0;1
199807;11;4;4030726;2019;10;8;2;3;5;7;0;0;1;0;0;0;0;0
199808;11;9;9051901;2019;9;14;6;3;5;2;0;1;1;0;0;0;0;1
199809;11;12;12103117;2019;10;7;2;3;5;2;0;1;1;0;0;0;0;0
199810;11;5;5010313;2019;9;14;6;3;5;3;0;0;1;0;0;0;0;1
199811;11;7;7070706;2019;10;12;2;3;6;2;0;0;1;1;0;0;0;0
199812;11;12;12103115;2019;10;1;2;2;1;7;2;0;1;0;0;0;0;0
199813;11;6;6030607;2019;9;14;6;3;5;3;0;0;1;0;1;0;0;1
199814;11;4;4051448;2019;9;13;6;3;5;2;0;1;1;0;0;0;0;1
199815;11;5;5010313;2019;10;11;2;3;1;7;0;0;1;0;0;0;0;0
199816;11;3;3061430;2019;10;11;2;2;6;4;0;0;1;1;0;0;0;0
199817;11;4;4051445;2019;9;13;6;3;2;2;0;0;1;0;0;0;1;1
199818;11;1;1011306;2019;10;11;2;3;5;2;0;0;1;0;1;0;0;0
199819;11;2;2020204;2019;9;12;6;3;2;6;0;0;1;0;0;0;1;1
199820;11;9;9020501;2019;10;10;2;2;5;3;0;1;1;0;0;0;0;0
199821;11;2;2050803;2019;10;5;1;3;1;5;2;1;1;0;0;0;1;1
199822;11;7;7070703;2019;9;13;6;3;1;6;0;1;1;0;0;0;0;1
199823;11;10;10010206;2019;10;14;1;3;5;3;0;1;1;0;0;0;0;0
199824;11;8;8010301;2019;9;12;6;3;1;5;0;1;1;0;0;0;0;1
199825;11;1;1033102;2019;10;19;1;3;5;2;2;0;1;0;0;0;0;0
199826;11;1;1011204;2019;9;12;6;3;5;2;0;1;1;0;0;0;0;1
199827;11;7;7060604;2019;9;12;6;2;6;4;0;0;1;1;0;0;0;1
199828;11;1;1022104;2019;10;18;1;2;6;4;1;0;1;1;0;0;0;0
199829;11;5;5010311;2019;10;18;1;3;2;6;1;0;1;0;0;0;0;0
199830;11;1;1044102;2019;9;11;6;3;5;2;0;1;1;0;0;0;0;1
199831;11;11;11051229;2019;10;21;1;3;2;2;2;0;1;0;1;0;0;0
199832;11;1;1011201;2019;9;21;6;2;6;4;2;0;1;1;0;0;0;0
199833;11;1;1044201;2019;10;16;1;3;2;6;0;0;1;0;0;0;0;0
199834;11;7;7010102;2019;9;18;6;3;5;3;1;1;1;0;0;0;0;1
199835;11;8;8020727;2019;10;14;1;3;2;6;0;0;1;0;0;0;0;0
199836;11;9;9010302;2019;9;18;6;3;8;1;1;0;1;0;0;0;0;1
199837;11;12;12231102;2019;10;14;1;3;2;2;0;1;1;0;0;0;0;0
199838;11;7;7040401;2019;10;14;1;3;2;6;0;0;1;0;0;0;0;0
199839;11;1;1011202;2019;9;19;6;3;0;1;2;0;0;0;0;0;1;1
199840;11;11;11030721;2019;9;18;6;3;5;3;1;0;1;0;0;0;0;1
199841;11;8;8010405;2019;10;14;1;3;5;3;0;1;1;0;0;0;0;0
199842;11;4;4020310;2019;9;18;6;3;8;1;1;0;1;0;0;0;0;1
199843;11;1;1044201;2019;10;13;1;3;6;4;0;0;1;1;0;0;0;0
199844;11;1;1022102;2019;9;17;6;3;1;5;0;1;1;0;0;0;0;1
199845;11;2;2040703;2019;10;13;1;3;2;2;0;1;1;0;0;0;0;0
199846;11;7;7070701;2019;9;16;6;3;5;3;0;0;1;0;0;0;0;1
199847;11;12;12214422;2019;10;13;1;3;5;2;0;0;1;0;0;0;0;0
199848;11;6;6040804;2019;10;13;1;3;5;3;0;1;1;0;0;0;0;0
199849;11;4;4030725;2019;9;17;6;3;4;6;0;0;1;0;1;0;0;1
199850;11;5;5010206;2019;10;12;1;3;5;2;0;1;1;0;0;0;0;0
199851;11;7;7070702;2019;9;16;6;3;2;6;0;0;1;0;1;0;0;1
199852;11;7;7010102;2019;10;11;1;3;6;4;0;0;0;1;0;0;1;0
199853;11;11;11051332;2019;9;16;6;3;6;4;0;0;1;1;0;0;0;1
199854;11;2;2040701;2019;10;9;1;3;5;3;0;1;1;0;0;0;0;0
199855;11;1;1033201;2019;9;16;6;3;2;6;0;0;1;0;0;0;0;1
199856;11;8;8020622;2019;10;1;1;2;1;5;2;0;1;0;0;0;1;0
199857;11;8;8020620;2019;9;16;6;3;3;6;0;0;1;0;1;0;0;1
199858;11;4;4041136;2019;9;15;6;3;5;3;0;0;1;0;0;0;1;1
199859;11;12;12304314;2019;10;0;1;2;5;2;2;0;1;0;1;0;0;1
199860;11;4;4030519;2019;9;15;6;3;6;4;0;0;1;1;0;0;0;1
199861;11;12;12214424;2019;10;13;7;3;2;6;0;0;1;0;0;0;0;0
199862;11;12;12302211;2019;10;16;7;3;8;1;0;0;1;0;0;0;0;0
199863;11;3;3050923;2019;9;11;6;3;0;1;0;1;1;1;0;0;0;1
199864;11;10;10040932;2019;9;9;6;3;5;2;0;1;1;0;0;0;0;1
199865;11;2;2010103;2019;10;16;7;3;5;3;0;1;1;0;0;0;0;0
199866;11;5;5010208;2019;9;10;6;3;2;6;0;0;1;0;0;0;1;1
199867;11;1;1011202;2019;10;14;7;3;0;1;0;1;0;0;0;0;0;0
199868;11;9;9020702;2019;9;10;6;3;5;3;0;1;1;0;0;0;0;1
199869;11;7;7010101;2019;10;20;7;3;6;7;2;1;0;1;0;0;0;1
199870;11;1;1011103;2019;9;10;6;3;5;2;0;1;1;0;0;0;0;1
199871;11;7;7050502;2019;10;19;7;3;5;2;2;0;1;0;0;0;0;0
199872;11;4;4030519;2019;10;18;7;3;2;6;1;0;1;0;0;0;0;1
199873;11;9;9051901;2019;10;18;7;3;9;1;0;0;0;0;1;0;0;0
199874;11;4;4051445;2019;9;10;6;3;6;4;0;0;1;1;0;0;0;1
199875;11;3;3050924;2019;10;17;7;3;0;7;0;0;1;0;0;0;1;0
199876;11;4;4020313;2019;9;9;6;2;5;3;0;0;1;0;0;0;0;1
199877;11;4;4030931;2019;10;14;7;3;6;2;0;0;1;1;0;0;0;0
199878;11;12;12103115;2019;9;9;6;3;5;3;0;1;1;0;0;0;0;1
199879;11;4;4030827;2019;10;12;7;3;3;6;0;0;1;0;1;0;0;0
199880;11;5;5030731;2019;10;12;7;3;6;4;0;0;1;1;0;0;0;0
199881;11;9;9020701;2019;9;9;6;2;5;2;0;0;1;0;0;0;0;1
199882;11;3;3061332;2019;9;9;6;3;0;5;0;1;0;0;0;1;0;1
199883;11;7;7060604;2019;10;11;7;3;2;2;0;0;1;0;0;0;0;0
199884;11;3;3050920;2019;10;11;7;3;5;3;0;0;1;0;0;0;0;1
199885;11;1;1011103;2019;9;9;6;3;3;6;0;0;1;0;0;0;0;1
199886;11;6;6010209;2019;10;7;7;3;5;2;1;0;1;0;0;0;0;1
199887;11;5;5010102;2019;9;8;6;3;5;2;0;1;1;0;0;0;0;1
199888;11;6;6040810;2019;10;6;7;3;5;3;2;0;1;0;0;0;0;1
199889;11;4;4051550;2019;10;5;7;3;2;6;2;0;1;0;0;0;0;1
199890;11;1;1011304;2019;10;4;7;3;5;2;2;0;1;0;0;0;0;1
199891;11;9;9020701;2019;9;8;6;3;2;6;0;0;1;0;0;0;0;1
199892;11;4;4030827;2019;10;19;7;3;1;5;2;1;1;0;0;0;0;1
199893;11;8;8010404;2019;9;8;6;3;5;2;0;1;1;0;0;0;0;1
199894;11;10;10010207;2019;10;10;6;3;6;4;0;0;1;1;0;0;0;0
199895;11;11;11040926;2019;10;19;6;3;6;2;2;0;1;1;0;0;0;1
199896;11;9;9020802;2019;9;8;6;3;2;6;0;0;1;0;0;1;0;1
199897;11;1;1033102;2019;10;22;6;3;5;2;2;0;1;0;0;0;0;1
199898;11;1;1011201;2019;9;9;6;3;2;6;0;1;0;0;0;0;0;1
199899;11;6;6030606;2019;10;21;6;3;6;2;2;0;1;1;0;0;0;1
199900;11;1;1022201;2019;9;7;6;3;5;7;0;0;1;0;1;0;0;1
199901;11;5;5010314;2019;10;21;6;3;2;6;2;0;1;0;0;0;0;1
199902;11;6;6040806;2019;10;10;6;3;2;7;0;0;1;0;1;0;0;0
199903;11;1;1033203;2019;9;0;6;3;1;5;2;0;1;0;0;0;0;0
199904;11;4;4010101;2019;9;8;6;2;0;7;0;0;1;0;0;1;0;1
199905;11;5;5010312;2019;10;20;6;3;6;7;2;0;1;1;0;0;0;1
199906;11;7;7010102;2019;10;19;6;3;6;2;2;0;1;1;0;0;0;1
199907;11;10;10040933;2019;9;12;6;2;0;1;0;0;0;0;1;0;0;1
199908;11;5;5020626;2019;10;19;6;3;5;3;2;0;1;0;0;0;0;1
199909;11;2;2020206;2019;9;8;6;3;6;4;0;1;0;1;0;0;0;1
199910;11;1;1033202;2019;10;17;6;3;0;1;0;0;0;0;1;0;0;1
199911;11;7;7050501;2019;9;7;6;3;0;4;0;1;0;1;0;0;0;1
199912;11;1;1011201;2019;10;18;6;3;5;7;0;0;1;0;1;0;0;1
199913;11;6;6030501;2019;9;18;5;3;5;2;0;0;1;0;0;0;0;0
199914;11;4;4010101;2019;10;17;6;3;5;3;1;0;1;0;0;0;0;1
199915;11;5;5020627;2019;10;16;6;3;2;6;0;0;1;0;0;0;0;1
199916;11;2;2030301;2019;9;21;5;3;5;2;2;1;0;0;0;0;1;0
199917;11;4;4061757;2019;9;11;5;3;9;1;0;0;1;0;0;0;0;0
199918;11;2;2030302;2019;10;16;6;3;5;3;0;1;1;0;0;0;0;1
199919;11;4;4030725;2019;9;11;5;3;2;6;0;0;1;0;0;0;0;0
199920;11;3;3020307;2019;10;15;6;3;0;5;0;1;1;0;0;0;0;0