OBJECTID;LAND;BEZ;LOR_ab_2021;UJAHR;UMONAT;USTUNDE;UWOCHENTAG;UKATEGORIE;UART;UTYP1;ULICHTVERH;IstRad;IstPKW;IstFuss;IstKrad;IstGkfz;IstSonstige;USTRZUSTAND
199921;11;6;6020411;2019;9;13;5;2;5;5;0;0;1;0;1;0;0;0
199922;11;1;1033202;2019;10;14;6;3;0;1;0;0;0;0;1;0;0;1
199923;11;4;4041343;2019;9;12;5;2;0;7;0;0;1;0;0;0;1;0
199924;11;3;3050923;2019;10;14;6;3;5;2;0;0;1;0;0;0;0;1
199925;11;5;5040936;2019;9;12;5;2;5;2;0;1;1;0;0;0;0;0
199926;11;7;7040403;2019;10;12;6;3;5;2;0;0;1;0;1;0;0;0
199927;11;2;2030302;2019;10;10;6;3;2;2;0;0;1;0;0;0;0;0
199928;11;5;5010314;2019;9;12;5;2;6;4;0;0;0;1;1;0;0;0
199929;11;12;12214424;2019;10;14;6;3;2;6;0;0;1;0;0;0;0;1
199930;11;1;1033201;2019;9;10;5;3;5;3;0;0;1;0;0;0;1;0
199931;11;6;6010207;2019;10;13;6;3;2;6;0;0;1;0;0;0;0;1
199932;11;7;7040403;2019;10;5;6;2;5;2;2;1;1;0;0;0;0;0
199933;11;1;1011301;2019;9;10;5;3;2;6;0;0;1;0;0;0;0;0
199934;11;8;8010303;2019;10;0;6;3;5;2;2;1;1;0;0;0;0;0
199935;11;3;3061131;2019;9;8;5;3;1;5;0;1;1;0;0;0;0;0
199936;11;4;4030620;2019;10;0;6;3;5;3;2;0;1;0;0;0;0;0
199937;11;7;7020203;2019;9;8;5;3;1;5;0;1;0;0;0;0;1;0
199938;11;2;2030401;2019;10;17;5;3;6;7;0;0;0;1;0;0;1;0
199939;11;6;6030503;2019;9;8;5;3;5;3;0;1;1;0;0;0;0;0
199940;11;3;3050925;2019;10;14;5;3;5;3;0;0;1;0;0;0;0;1
199941;11;9;9020601;2019;10;13;5;2;5;3;0;0;1;0;0;0;0;1
199942;11;6;6020411;2019;9;7;5;3;5;3;0;0;1;0;0;0;0;0
199943;11;5;5010310;2019;9;7;5;3;4;6;0;1;0;0;0;0;0;0
199944;11;5;5030730;2019;10;11;5;2;4;6;0;0;1;0;0;0;0;1
199945;11;2;2010102;2019;9;7;5;2;5;3;0;1;1;0;0;0;0;0
199946;11;8;8020622;2019;10;11;5;3;5;3;0;0;1;0;0;0;0;1
199947;11;3;3071639;2019;9;16;5;3;6;7;0;1;0;1;0;0;0;0
199948;11;1;1011302;2019;10;10;5;2;0;7;0;0;1;0;0;0;0;1
199949;11;11;11020412;2019;9;16;5;3;5;3;0;0;1;0;1;0;0;0
199950;11;8;8010301;2019;10;23;5;3;5;3;2;0;1;0;0;0;0;0
199951;11;1;1033202;2019;10;10;5;3;0;1;0;0;0;0;1;0;0;1
199952;11;3;3061429;2019;9;18;5;3;5;3;1;1;1;0;0;0;0;0
199953;11;1;1011301;2019;10;9;5;3;0;1;0;0;0;0;1;0;0;1
199954;11;9;9031101;2019;9;18;5;3;5;3;2;1;1;0;0;0;0;0
199955;11;2;2010101;2019;10;4;5;2;6;2;2;0;1;1;0;0;0;1
199956;11;4;4031032;2019;9;16;5;3;5;2;0;0;1;0;0;0;0;0
199957;11;8;8010118;2019;10;19;5;3;5;3;2;0;1;0;0;0;1;0
199958;11;3;3010104;2019;9;16;5;3;2;6;0;0;1;0;0;0;0;0
199959;11;1;1022102;2019;10;16;5;3;1;5;0;1;1;0;0;0;0;1
199960;11;4;4030415;2019;10;14;5;3;2;6;0;0;1;0;0;0;0;1
199961;11;1;1011204;2019;9;16;5;3;5;2;0;1;1;0;0;0;0;0
199962;11;11;11010103;2019;10;14;5;3;1;1;0;0;1;0;0;0;0;1
199963;11;12;12224230;2019;9;18;5;3;6;6;1;0;1;1;0;0;0;0
199964;11;2;2010103;2019;10;18;5;2;5;3;2;0;1;0;0;0;1;0
199965;11;8;8020622;2019;9;18;5;3;5;2;0;1;0;0;0;0;1;0
199966;11;1;1011102;2019;10;18;4;2;6;4;1;0;1;1;0;0;0;1
199967;11;3;3061332;2019;9;15;5;3;3;6;0;1;1;0;0;0;0;0
199968;11;9;9051901;2019;10;7;4;3;6;2;0;0;1;1;0;0;0;1
199969;11;6;6040809;2019;10;7;4;3;0;1;2;0;0;0;1;0;0;1
199970;11;11;11030720;2019;9;14;5;3;0;6;0;0;1;0;0;0;1;0
199971;11;4;4051655;2019;9;14;5;3;6;4;0;0;1;1;0;0;0;0
199972;11;8;8010405;2019;10;7;4;3;6;4;2;0;1;1;0;0;0;1
199973;11;6;6010102;2019;10;7;4;3;3;6;0;1;0;0;0;0;1;0
199974;11;7;7020201;2019;9;14;5;3;5;7;0;0;1;0;1;0;0;0
199975;11;3;3030715;2019;10;18;4;3;5;7;0;0;1;0;1;0;0;0
199976;11;1;1044102;2019;9;14;5;3;2;7;0;0;1;0;0;0;0;0
199977;11;1;1011102;2019;10;17;4;2;5;2;0;0;1;0;1;0;0;0
199978;11;5;5030731;2019;10;17;4;3;2;6;0;0;1;0;0;0;0;1
199979;11;7;7010101;2019;9;18;5;3;2;6;1;0;1;0;0;0;0;0
199980;11;8;8010404;2019;10;16;4;3;6;2;0;0;1;1;0;0;0;0
199981;11;1;1022101;2019;10;16;4;3;0;1;0;0;0;0;0;0;1;1
199982;11;1;1011104;2019;9;17;5;2;3;6;0;0;1;0;1;0;0;0
199983;11;8;8010404;2019;10;16;4;3;1;5;0;1;1;0;0;0;0;1
199984;11;2;7010104;2019;9;14;5;3;3;6;0;0;1;0;1;0;0;0
199985;11;6;6030608;2019;10;16;4;3;0;2;0;1;0;0;0;0;1;0
199986;11;7;7030301;2019;10;23;4;2;5;7;2;0;1;0;1;0;0;0
199987;11;12;12301204;2019;9;18;5;3;5;2;0;1;1;0;0;0;0;0
199988;11;8;8010301;2019;10;16;4;3;5;3;0;1;0;0;1;0;0;0
199989;11;7;7010102;2019;9;13;5;3;6;2;0;0;1;1;0;0;0;0
199990;11;1;1011306;2019;10;22;4;3;0;7;2;0;0;1;0;0;1;0
199991;11;1;1011401;2019;9;17;5;3;5;7;0;0;1;0;0;0;0;0
199992;11;12;12214421;2019;10;15;4;3;5;3;0;0;1;0;0;0;1;0
199993;11;1;1044101;2019;10;15;4;3;2;6;0;0;1;0;0;0;0;0
199994;11;4;4030620;2019;9;17;5;3;1;5;0;0;1;0;1;0;0;0
199995;11;1;1044103;2019;9;13;5;3;2;2;0;1;1;0;0;0;0;0
199996;11;1;1044202;2019;10;22;4;3;1;5;2;1;1;0;0;0;0;0
199997;11;12;12214424;2019;10;21;4;3;5;2;2;0;1;0;0;0;0;0
199998;11;4;4041241;2019;9;17;5;3;2;6;0;0;1;0;0;0;0;0
199999;11;3;3050920;2019;10;13;4;2;6;4;0;0;1;1;0;0;0;1
200000;11;8;8010214;2019;9;17;5;3;5;3;0;0;1;0;0;0;0;1
200001;11;1;2010102;2019;10;13;4;3;2;6;0;0;1;0;0;0;1;0
200002;11;3;3040513;2019;10;13;4;3;2;6;0;0;1;0;0;1;0;0
200003;11;9;9030903;2019;9;0;5;3;1;1;2;0;1;0;0;0;0;1
200004;11;7;7040405;2019;10;12;4;2;4;6;0;0;1;0;0;0;0;0
200005;11;8;8010303;2019;10;20;4;3;6;2;2;0;1;1;0;0;0;0
200006;11;2;2010103;2019;9;7;5;3;0;1;0;1;0;0;0;0;0;1
200007;11;6;6010208;2019;10;12;4;3;6;2;0;0;1;1;0;0;0;1
200008;11;9;9051801;2019;9;8;5;2;0;1;0;0;0;0;1;0;0;1
200009;11;3;3040818;2019;10;20;4;3;5;3;2;1;1;0;0;0;0;0
200010;11;8;8040933;2019;10;11;4;2;5;3;0;0;1;0;0;0;0;1
200011;11;2;2030301;2019;9;1;5;2;0;1;2;1;0;0;0;0;0;1
200012;11;3;3040513;2019;9;8;5;3;6;4;0;0;0;1;1;0;0;0
200013;11;3;3020209;2019;10;11;4;3;5;3;0;0;1;0;0;0;0;1
200014;11;1;1011301;2019;10;18;4;3;2;6;2;1;1;0;0;0;0;0
200015;11;7;7070701;2019;9;19;4;3;2;6;1;0;1;0;0;0;0;0
200016;11;1;1022101;2019;10;10;4;3;2;6;0;0;1;0;0;0;0;1
200017;11;2;2050802;2019;9;10;4;3;0;3;0;1;0;0;0;0;0;0
200018;11;1;1011204;2019;9;12;4;3;0;1;0;1;0;0;0;0;0;1
200019;11;1;1033203;2019;10;8;4;3;5;2;0;1;1;0;0;0;0;1
200020;11;7;7010102;2019;10;10;4;3;2;6;0;0;1;0;0;0;0;1
200021;11;2;2010102;2019;9;9;4;3;5;3;0;1;1;0;0;0;0;1
200022;11;1;1011203;2019;10;8;4;3;5;2;0;1;1;0;0;0;0;1
200023;11;3;3030715;2019;9;16;4;3;5;3;0;0;1;0;0;0;0;1
200024;11;7;7050502;2019;10;10;4;3;5;2;0;0;1;0;0;0;0;1
200025;11;4;4051446;2019;9;23;4;3;5;7;2;1;1;0;0;0;0;0
200026;11;11;11030720;2019;10;10;4;2;2;1;0;0;1;0;0;0;1;1
200027;11;1;1011302;2019;9;21;4;3;0;6;2;1;0;1;0;0;0;1
200028;11;2;2020204;2019;10;8;4;3;0;2;0;1;1;0;0;0;0;1
200029;11;3;3040614;2019;9;21;4;3;0;7;2;0;0;0;0;0;1;1
200030;11;2;2040701;2019;10;8;4;2;5;2;0;0;1;0;1;0;0;1
200031;11;11;11010205;2019;9;20;4;3;5;2;2;0;1;0;0;0;0;1
200032;11;11;11030720;2019;10;10;4;2;0;1;0;1;0;0;0;0;0;1
200033;11;1;1044203;2019;9;20;4;3;6;4;2;0;1;1;0;0;0;1
200034;11;8;8020619;2019;10;6;4;3;8;1;2;0;1;0;0;0;0;1
200035;11;6;6010103;2019;10;9;4;3;0;1;0;0;0;0;1;0;0;1
200036;11;1;1044202;2019;9;20;4;3;0;7;2;1;1;0;0;0;0;0
200037;11;9;9010301;2019;10;9;4;3;2;4;0;0;1;1;0;0;0;1
200038;11;10;10010310;2019;9;19;4;3;0;3;2;0;1;0;1;0;0;1
200039;11;4;4020310;2019;10;9;4;2;6;4;0;0;1;1;0;0;0;1
200040;11;10;10020415;2019;10;16;4;3;2;6;0;0;1;0;0;0;1;0
200041;11;1;1022206;2019;9;19;4;2;6;4;2;0;0;1;0;0;1;0
200042;11;9;9041501;2019;10;20;3;3;1;1;2;1;1;0;0;0;0;1
200043;11;2;2020206;2019;9;19;4;3;5;2;2;1;1;0;0;0;0;1
200044;11;8;8010404;2019;10;19;3;3;6;4;2;0;1;1;0;0;0;1
200045;11;10;10040828;2019;9;19;4;3;5;3;2;1;1;0;0;0;0;1
200046;11;11;11051229;2019;10;20;3;3;5;2;2;1;1;0;0;0;0;1
200047;11;7;7030301;2019;9;19;4;3;5;2;2;1;1;0;0;0;0;1
200048;11;7;7020203;2019;10;19;3;3;5;3;2;0;1;0;0;0;0;1
200049;11;5;5010314;2019;10;18;3;3;5;2;0;0;1;0;0;0;0;0
200050;11;1;1011201;2019;9;14;4;3;0;6;0;0;1;0;0;0;1;0
200051;11;1;1044203;2019;9;18;4;3;1;1;1;0;1;0;0;0;0;1
200052;11;3;3061131;2019;10;15;3;3;5;2;0;1;1;0;0;0;0;0
200053;11;12;1044101;2019;9;17;4;2;5;3;0;0;1;0;0;0;1;1
200054;11;11;11020411;2019;10;21;3;3;6;7;2;1;0;1;0;0;0;1
200055;11;2;2050802;2019;9;17;4;3;5;3;0;1;1;0;0;0;0;1
200056;11;8;8010303;2019;10;11;3;3;6;7;0;0;1;1;0;0;0;1
200057;11;1;1044203;2019;10;17;3;3;5;3;0;0;1;0;0;0;1;1
200058;11;2;2010102;2019;9;17;4;3;5;3;0;1;1;0;0;0;0;1
200059;11;1;1011402;2019;9;17;4;3;5;3;0;1;1;0;0;0;0;1
200060;11;6;6010206;2019;10;17;3;3;5;3;1;1;1;0;0;0;0;1
200061;11;1;1011101;2019;10;16;3;3;5;3;0;0;1;0;0;0;1;0
200062;11;7;7030301;2019;9;17;4;3;5;3;0;1;1;0;0;0;0;1
200063;11;1;1033201;2019;10;15;3;3;6;7;0;0;0;1;0;0;1;1
200064;11;6;6040702;2019;9;16;4;3;5;3;0;1;1;0;0;0;0;1
200065;11;7;7010102;2019;10;16;3;3;5;2;0;0;1;0;1;0;0;1
200066;11;6;6040703;2019;10;15;3;3;0;3;0;1;1;0;0;0;0;1
200067;11;2;2010104;2019;9;20;4;2;0;1;2;0;0;0;1;0;0;1
200068;11;4;4030726;2019;10;15;3;3;0;1;0;0;1;0;0;0;1;1
200069;11;5;5010206;2019;9;16;4;3;6;4;0;0;1;1;0;0;0;1
200070;11;5;5010312;2019;10;15;3;3;0;7;0;0;0;0;1;0;0;1
200071;11;4;4051652;2019;9;16;4;3;0;6;0;0;1;0;1;0;0;1
200072;11;4;4030518;2019;10;15;3;2;5;2;0;0;1;0;0;0;0;1
200073;11;1;1044201;2019;9;18;4;3;0;7;1;0;0;0;1;0;0;1
200074;11;4;4030623;2019;10;15;3;3;2;6;0;1;1;0;0;0;0;0
200075;11;2;2050601;2019;10;14;3;2;3;6;0;0;1;0;0;1;0;1
200076;11;5;5030730;2019;9;16;4;3;4;1;0;0;1;0;0;0;0;1
200077;11;1;1022207;2019;9;8;4;3;5;2;0;1;1;0;0;0;0;0
200078;11;2;2050601;2019;10;14;3;3;3;6;0;1;1;0;0;0;0;1
200079;11;1;1044203;2019;10;14;3;3;2;6;0;0;1;0;0;0;1;1
200080;11;1;1011204;2019;9;8;4;3;2;6;0;1;1;0;0;0;0;1
200081;11;5;5010312;2019;10;14;3;3;5;3;0;1;1;0;0;0;0;1
200082;11;2;2030302;2019;9;16;4;3;8;1;0;0;1;1;0;0;0;1
200083;11;2;2040701;2019;10;14;3;3;2;3;0;0;1;0;0;0;0;1
200084;11;11;11020513;2019;9;16;4;3;5;3;0;1;1;0;0;0;0;1
200085;11;4;4030621;2019;10;14;3;3;5;2;0;1;1;0;0;0;0;1
200086;11;6;6010205;2019;9;16;4;3;0;6;0;0;0;0;1;0;0;1
200087;11;4;4030930;2019;10;14;3;3;6;4;0;1;0;1;0;0;0;1
200088;11;7;7040403;2019;9;15;4;3;5;3;1;0;1;0;0;0;0;1
200089;11;7;7050505;2019;10;13;3;3;2;6;0;0;1;0;1;0;0;1
200090;11;5;5010103;2019;9;15;4;3;2;6;0;0;1;0;0;0;0;1
200091;11;4;4030828;2019;10;13;3;3;2;6;0;0;1;0;0;0;0;1
200092;11;4;4051445;2019;10;12;3;3;2;6;0;0;1;0;0;0;0;1
200093;11;6;6020301;2019;9;12;4;3;2;6;0;0;1;0;0;0;1;1
200094;11;1;1033101;2019;10;12;3;3;5;3;0;1;0;0;0;0;1;1
200095;11;1;1044201;2019;9;15;4;3;2;6;0;0;1;0;1;0;0;1
200096;11;12;12301203;2019;10;11;3;3;2;3;0;0;1;0;0;0;1;1
200097;11;2;2040502;2019;9;12;4;3;5;3;0;1;1;0;0;0;0;1
200098;11;9;9051702;2019;10;11;3;3;2;6;0;0;1;0;0;0;0;1
200099;11;10;10040828;2019;9;12;4;3;0;1;0;0;0;0;1;0;0;1
200100;11;3;3040818;2019;10;11;3;3;6;4;0;0;1;1;0;0;0;1
200101;11;4;4030417;2019;10;8;3;2;5;7;0;0;1;0;0;0;0;1
200102;11;7;7060601;2019;9;11;4;3;1;5;0;0;1;0;0;0;0;1
200103;11;3;3071639;2019;9;11;4;3;6;4;0;0;1;1;0;0;0;1
200104;11;3;3030716;2019;10;7;3;3;2;6;0;0;1;0;0;0;1;1
200105;11;9;9010101;2019;10;7;3;2;6;4;0;0;1;1;0;0;0;1
200106;11;4;4041134;2019;9;11;4;3;0;5;0;1;1;0;0;0;0;0
200107;11;11;11020513;2019;10;11;3;3;5;2;0;0;1;0;0;0;1;1
200108;11;6;6020303;2019;9;10;4;3;2;2;0;0;1;0;0;0;0;1
200109;11;3;3020203;2019;10;10;3;3;0;2;0;1;1;0;0;0;0;1
200110;11;9;9051702;2019;10;7;3;3;5;3;0;1;1;0;0;0;0;1
200111;11;7;7040403;2019;9;10;4;3;2;2;0;0;1;0;0;0;0;1
200112;11;2;2010102;2019;10;10;3;3;6;2;0;0;1;1;0;0;0;1
200113;11;1;1022104;2019;10;5;3;3;2;6;2;0;1;0;0;1;0;1
200114;11;4;4030415;2019;9;10;4;3;6;4;0;1;0;1;0;0;0;1
200115;11;4;4051447;2019;10;9;3;3;5;3;0;1;1;0;0;0;0;1
200116;11;2;2010104;2019;10;0;3;3;1;6;2;0;1;0;0;1;1;0
200117;11;6;6020409;2019;9;15;4;2;5;3;0;0;1;0;0;1;0;1
200118;11;3;3050923;2019;10;9;3;3;5;3;0;1;0;0;0;0;0;1
200119;11;1;1033102;2019;9;10;4;3;2;6;0;0;1;0;0;0;0;1
200120;11;11;11010206;2019;9;9;2;3;2;6;0;0;1;0;0;0;0;1
200121;11;8;8020728;2019;9;10;4;3;5;3;0;0;1;0;0;0;0;1
200122;11;1;1011301;2019;9;16;2;2;1;5;0;0;1;0;1;0;0;1
200123;11;1;1044201;2019;9;15;4;3;0;3;0;0;0;0;1;0;1;1
200124;11;10;10010310;2019;9;15;2;3;5;2;0;0;1;0;0;0;0;0
200125;11;6;6010205;2019;9;19;2;3;2;6;1;0;1;0;0;0;0;1
200126;11;9;9020602;2019;9;14;4;3;5;3;0;1;1;0;0;0;0;1
200127;11;1;1044203;2019;9;9;4;3;2;6;0;0;1;0;0;0;0;1
200128;11;6;6020408;2019;9;19;2;3;5;3;2;1;1;0;0;0;0;1
200129;11;10;10040931;2019;9;17;2;3;5;2;0;1;1;0;0;0;0;0
200130;11;4;4020311;2019;9;14;4;3;3;6;0;0;1;0;0;0;0;1
200131;11;4;4041137;2019;9;18;2;3;2;6;0;0;1;0;0;0;0;1
200132;11;12;12214528;2019;9;14;4;3;0;7;0;0;0;0;1;0;0;1
200133;11;1;1011204;2019;9;17;2;3;5;3;2;0;1;0;0;0;0;0
200134;11;10;10020414;2019;9;13;4;3;6;2;0;0;1;1;0;0;0;0
200135;11;4;4051549;2019;9;14;2;3;5;7;0;0;1;0;0;0;0;1
200136;11;4;4051551;2019;9;12;4;3;4;6;0;0;1;0;0;0;0;0
200137;11;4;4030929;2019;10;18;4;3;0;4;1;1;0;1;0;0;0;1
200138;11;1;1011101;2019;10;18;4;3;0;3;1;1;1;0;0;0;0;1
200139;11;9;9020502;2019;10;12;4;3;6;4;0;0;1;1;0;0;0;0
200140;11;5;5030730;2019;10;17;4;3;2;6;0;0;1;0;0;0;1;1
200141;11;1;1011302;2019;10;17;4;3;2;6;0;0;1;0;0;0;0;1
200142;11;1;1011402;2019;10;0;4;2;0;1;2;0;0;0;1;0;0;0
200143;11;7;7020204;2019;10;11;4;3;5;3;0;1;1;0;0;0;0;1
200144;11;4;4041342;2019;10;11;4;2;6;2;0;0;1;1;0;0;0;1
200145;11;3;3061332;2019;10;11;4;3;2;6;0;0;1;0;1;0;0;1
200146;11;9;9020802;2019;10;9;4;3;5;3;0;1;1;0;0;0;0;1
200147;11;1;1033203;2019;10;9;4;3;5;7;0;0;0;0;1;0;1;1
200148;11;3;3061227;2019;10;9;4;3;1;5;0;1;0;0;0;1;0;1
200149;11;5;5010314;2019;10;9;4;3;2;6;0;0;1;0;0;0;1;1
200150;11;3;3061332;2019;10;9;4;3;5;2;0;1;1;0;0;0;0;1
200151;11;12;12302212;2019;10;8;4;3;5;3;0;0;1;0;0;0;0;1
200152;11;1;1011301;2019;10;8;4;3;0;7;0;0;1;0;0;0;1;1
200153;11;9;9020701;2019;10;8;4;3;0;3;0;0;1;0;1;0;0;1
200154;11;4;4051656;2019;10;7;4;3;5;5;0;1;1;0;0;0;0;1
200155;11;3;3030715;2019;10;7;4;3;6;4;1;0;0;1;1;0;0;0
200156;11;8;8020622;2019;10;6;4;3;5;2;2;1;1;0;0;0;0;0
200157;11;4;4041238;2019;10;19;4;1;6;4;2;0;1;1;1;0;0;1
200158;11;9;9041501;2019;10;15;3;3;3;6;0;1;0;0;0;0;0;0
200159;11;2;2020206;2019;10;18;3;3;0;1;1;0;0;0;1;0;0;0
200160;11;3;3061228;2019;10;15;3;2;5;3;0;1;1;0;0;0;0;0
200161;11;2;2030302;2019;10;22;3;3;1;5;2;1;1;0;0;0;1;0
200162;11;1;1011301;2019;10;22;3;3;3;6;2;0;1;0;1;0;0;0
200163;11;1;1011105;2019;10;13;4;3;6;2;0;0;1;1;0;0;0;1
200164;11;2;2050802;2019;10;21;3;3;1;5;2;1;1;0;0;0;0;0
200165;11;4;4031032;2019;10;20;3;3;5;7;2;1;1;0;0;0;0;0
200166;11;7;7050505;2019;10;20;3;3;2;6;2;0;1;0;0;0;0;0
200167;11;1;1033102;2019;10;18;3;3;0;1;1;0;0;0;1;0;0;0
200168;11;5;5010101;2019;10;16;3;3;0;4;0;0;0;1;0;0;1;0
200169;11;10;10010310;2019;10;15;3;3;5;2;0;0;1;0;0;0;1;0
200170;11;9;9052001;2019;10;15;3;3;4;6;0;0;1;0;0;0;0;0
200171;11;1;1011201;2019;10;11;3;2;0;5;0;0;1;0;1;0;1;0
200172;11;7;7010102;2019;10;14;3;3;1;5;0;1;0;0;1;0;0;0
200173;11;11;11030721;2019;10;11;3;2;5;3;0;0;1;1;0;0;0;0
200174;11;6;6030605;2019;10;11;3;3;0;1;0;1;0;0;0;0;0;1
200175;11;9;9020501;2019;10;11;3;3;5;2;0;1;0;0;0;1;0;0
200176;11;1;1011302;2019;10;11;3;3;5;2;0;1;0;0;0;0;0;0
200177;11;5;5020626;2019;10;10;3;3;5;2;0;1;1;0;0;0;0;0
200178;11;4;4041344;2019;10;9;3;3;1;5;0;1;1;0;0;0;0;1
200179;11;1;1011201;2019;10;8;3;3;5;3;0;1;0;1;0;0;0;0
200180;11;4;4030623;2019;10;8;3;3;2;6;0;0;1;0;0;0;0;0
200181;11;1;1011306;2019;10;9;3;3;4;6;0;1;1;0;0;0;0;0
200182;11;3;3071536;2019;10;14;3;3;6;4;0;1;0;1;0;0;0;0
200183;11;1;1011204;2019;10;8;3;3;2;2;0;1;1;0;0;0;0;0
200184;11;7;7050505;2019;10;14;3;3;6;7;0;0;0;1;0;0;1;0
200185;11;1;1022101;2019;10;18;3;3;0;2;1;0;1;0;1;0;0;0
200186;11;1;1011103;2019;10;14;3;3;2;6;0;0;1;0;0;0;0;0
200187;11;9;9010401;2019;10;8;3;3;0;3;0;0;1;0;1;0;0;0
200188;11;2;2010104;2019;10;7;3;2;2;6;0;0;1;0;1;0;0;0
200189;11;10;10010102;2019;10;18;3;3;2;7;1;0;1;0;0;0;0;0
200190;11;5;5030731;2019;10;7;3;3;0;6;0;0;1;0;1;0;0;0
200191;11;5;5010312;2019;10;6;3;3;5;3;1;1;1;0;0;0;0;0
200192;11;5;5010209;2019;10;17;3;3;5;2;0;1;1;0;0;0;0;0
200193;11;2;2040701;2019;10;17;3;3;5;3;0;1;0;0;0;1;0;0
200194;11;8;8010301;2019;10;13;3;3;2;6;0;0;1;0;0;0;0;0
200195;11;1;1022103;2019;10;17;3;3;5;2;0;0;1;0;1;0;0;0
200196;11;12;12301205;2019;10;12;3;3;6;2;0;0;0;1;0;0;1;0
200197;11;8;8020622;2019;10;15;3;3;2;6;0;0;1;0;0;0;0;0
200198;11;3;3061228;2019;10;12;3;3;5;2;0;0;0;0;1;0;1;0
200199;11;9;9020601;2019;10;16;3;3;2;6;0;0;0;0;0;0;1;0
200200;11;7;7040405;2019;10;21;2;2;5;3;2;0;1;0;1;0;0;0
200201;11;4;4010101;2019;10;21;2;3;6;7;2;0;0;1;0;1;0;0
200202;11;1;1022201;2019;10;20;2;3;2;6;2;1;1;0;0;0;0;0
200203;11;2;2050802;2019;10;19;2;3;5;2;2;1;1;0;0;0;0;0
200204;11;3;3061430;2019;10;18;2;3;2;2;1;1;1;0;0;0;0;0
200205;11;1;1011201;2019;10;18;2;3;6;4;1;1;0;1;0;0;0;0
200206;11;4;4041136;2019;10;18;2;3;5;2;1;1;1;0;0;0;0;0
200207;11;1;1011105;2019;10;17;2;3;5;2;0;1;1;0;0;0;0;0
200208;11;8;8020625;2019;10;17;2;2;1;5;0;0;1;0;0;0;0;0
200209;11;12;12103218;2019;10;17;2;3;1;5;1;0;1;0;0;0;0;0
200210;11;6;6010101;2019;10;16;2;2;0;6;0;0;1;0;0;0;1;0
200211;11;10;10010309;2019;10;15;2;3;5;2;0;1;0;0;0;0;1;0
200212;11;3;3071536;2019;10;15;2;3;5;7;0;0;0;0;0;0;1;0
200213;11;2;2010102;2019;10;15;2;2;6;4;0;0;1;1;0;0;0;0
200214;11;2;2020204;2019;10;9;2;3;2;2;0;1;1;0;0;0;0;0
200215;11;11;11051330;2019;10;15;2;3;5;5;0;0;1;0;0;0;0;0
200216;11;8;8010302;2019;10;15;2;3;0;6;0;1;0;0;0;0;1;0
200217;11;5;5020625;2019;10;11;2;2;5;3;0;1;0;0;1;0;0;0
200218;11;9;9051702;2019;10;11;2;3;0;6;0;1;0;0;0;0;1;0
200219;11;9;9041401;2019;10;11;2;2;0;7;0;1;0;0;0;0;0;0
200220;11;1;1033202;2019;10;15;2;3;2;6;0;0;1;0;1;0;0;0
200221;11;2;2050803;2019;10;8;2;3;2;6;0;0;1;0;1;0;0;0
200222;11;5;5030731;2019;10;14;2;3;2;2;0;0;1;0;0;0;0;0
200223;11;1;1044202;2019;10;8;2;3;2;6;0;0;1;0;0;0;0;0
200224;11;12;12214424;2019;10;7;2;3;5;2;0;0;1;0;0;0;0;0
200225;11;7;7060604;2019;10;13;2;3;2;3;0;0;1;0;1;0;0;0
200226;11;11;11020412;2019;10;10;2;2;6;4;0;0;1;1;0;0;0;0
200227;11;6;6030609;2019;10;6;2;3;1;5;1;1;1;0;0;0;0;0
200228;11;4;4031032;2019;10;10;2;3;5;2;0;0;1;0;0;0;0;0
200229;11;8;8010118;2019;10;14;2;3;6;2;0;0;1;1;0;0;0;0
200230;11;3;3061435;2019;10;6;2;3;5;3;2;1;1;0;0;0;0;1
200231;11;9;9010401;2019;10;10;2;3;5;5;0;0;1;0;0;0;0;0
200232;11;10;10010309;2019;10;13;2;2;0;3;0;0;1;0;1;0;0;0
200233;11;4;4020310;2019;10;10;2;3;5;2;0;0;1;0;1;0;0;0
200234;11;4;4030519;2019;10;13;2;3;5;3;0;1;1;0;0;0;0;0
200235;11;10;10020622;2019;10;9;2;3;5;2;0;0;1;0;0;0;0;0
200236;11;2;2010104;2019;10;9;2;3;2;6;0;0;1;0;1;0;0;0
200237;11;3;3061131;2019;10;12;2;2;5;3;0;1;1;0;0;0;0;0
200238;11;7;7040401;2019;10;9;2;3;0;1;0;1;0;0;0;0;0;0
200239;11;2;2010102;2019;10;8;2;3;0;7;0;0;0;0;1;0;0;1
200240;11;7;7040401;2019;10;12;2;3;2;6;0;0;1;0;0;0;0;0
200241;11;8;8010211;2019;10;16;1;3;5;3;0;1;1;0;0;0;0;0
200242;11;3;3040614;2019;10;22;1;2;3;6;2;1;0;0;0;0;1;0
200243;11;3;3040614;2019;10;17;1;3;4;6;0;1;0;0;0;0;0;0
200244;11;9;9041301;2019;10;16;1;3;2;6;0;0;1;0;0;0;0;1
200245;11;12;12302109;2019;10;16;1;3;0;1;0;0;0;0;1;0;0;0
200246;11;3;3040512;2019;10;15;1;3;2;6;0;0;1;0;1;0;0;0
200247;11;1;1011101;2019;10;15;1;2;2;6;0;0;1;0;1;0;0;0