OBJECTID;LAND;BEZ;LOR_ab_2021;UJAHR;UMONAT;USTUNDE;UWOCHENTAG;UKATEGORIE;UART;UTYP1;ULICHTVERH;IstRad;IstPKW;IstFuss;IstKrad;IstGkfz;IstSonstige;USTRZUSTAND
200248;11;1;1011105;2019;10;13;1;3;5;3;0;1;0;0;1;0;0;0
200249;11;12;12214424;2019;10;13;1;3;5;2;0;0;1;0;0;0;1;0
200250;11;4;4051445;2019;10;13;1;3;5;5;0;0;1;0;1;0;0;0
200251;11;4;4020313;2019;10;12;1;3;2;6;0;0;1;0;0;0;0;0
200252;11;8;8020727;2019;10;11;1;3;6;2;0;0;1;1;0;0;0;0
200253;11;3;3051022;2019;10;10;1;3;5;3;0;0;1;0;0;0;0;0
200254;11;11;11010205;2019;10;9;1;3;5;7;0;1;1;0;0;0;0;0
200255;11;2;2040701;2019;10;7;1;3;6;7;0;0;1;1;0;0;0;0
200256;11;4;4010102;2019;10;6;1;3;5;7;2;0;1;0;0;0;0;0
200257;11;1;1011306;2019;10;22;1;3;5;3;2;0;1;0;0;0;0;1
200258;11;3;3040614;2019;10;22;1;2;3;6;2;1;0;0;0;0;1;0
200259;11;2;2030302;2019;10;20;1;3;5;3;2;0;1;0;1;0;0;1
200260;11;4;4030620;2019;10;20;1;3;0;1;2;1;0;0;0;0;0;0
200261;11;4;4031032;2019;10;16;4;3;5;2;0;0;1;0;1;0;0;1
200262;11;1;1011301;2019;10;17;3;3;0;1;1;0;1;0;0;0;1;1
200263;11;4;4041344;2019;10;19;1;3;0;1;2;0;0;0;1;0;0;1
200264;11;11;2050801;2019;10;19;1;3;0;1;2;0;0;0;1;0;0;1
200265;11;2;2010104;2019;10;18;1;3;0;2;2;1;1;0;0;0;0;1
200266;11;4;4030930;2019;10;18;1;3;0;1;1;0;0;0;1;0;0;0
200267;11;7;7050501;2019;10;13;7;3;2;2;0;0;1;0;0;0;0;0
200268;11;6;6040810;2019;10;13;7;3;2;2;0;0;1;0;0;0;0;0
200269;11;1;1022103;2019;10;18;7;3;0;5;1;0;1;0;1;0;0;0
200270;11;2;2050803;2019;10;15;4;2;6;4;0;0;1;1;0;0;0;1
200271;11;6;6030610;2019;10;23;7;2;0;1;2;1;0;0;0;0;0;0
200272;11;3;3061430;2019;10;23;7;2;2;6;2;0;1;0;1;0;0;0
200273;11;1;1011302;2019;10;15;4;3;6;4;0;0;0;1;1;0;0;1
200274;11;1;1044101;2019;10;22;7;2;5;2;1;1;1;0;0;0;0;0
200275;11;8;8010406;2019;10;21;7;3;5;2;2;0;1;0;0;0;1;0
200276;11;4;4010101;2019;10;22;7;3;5;2;2;0;1;0;0;0;1;0
200277;11;1;1011305;2019;10;22;7;3;6;2;2;0;1;1;0;0;0;0
200278;11;8;8020619;2019;10;19;7;3;0;5;2;0;1;0;0;0;1;0
200279;11;1;1044101;2019;10;18;7;3;1;5;2;0;1;0;0;0;1;0
200280;11;12;12214125;2019;10;18;7;3;6;2;2;0;0;1;0;0;1;0
200281;11;12;12301205;2019;10;16;7;2;5;3;0;1;1;0;0;0;0;0
200282;11;8;8030830;2019;10;15;7;3;5;3;0;0;1;0;0;0;0;0
200283;11;5;5020625;2019;10;15;7;2;0;6;0;0;1;0;0;0;1;0
200284;11;7;7060604;2019;10;14;7;3;5;2;0;1;1;0;0;0;0;0
200285;11;7;7010102;2019;10;14;7;3;5;7;0;0;1;0;1;0;0;0
200286;11;10;10010207;2019;10;13;7;3;0;6;0;0;1;0;0;0;1;0
200287;11;4;4030827;2019;10;12;7;3;5;3;0;1;0;0;1;0;0;0
200288;11;10;10020620;2019;10;12;7;3;5;2;0;0;0;0;0;0;1;0
200289;11;9;9020701;2019;10;12;7;3;5;3;0;1;1;0;0;0;0;0
200290;11;6;6010102;2019;10;12;7;3;5;3;0;0;1;0;0;0;0;0
200291;11;11;11041128;2019;10;11;7;3;5;3;0;1;1;0;0;0;0;0
200292;11;11;11030720;2019;10;11;7;3;3;6;0;1;0;0;0;0;1;0
200293;11;11;11030721;2019;10;10;7;3;3;6;0;1;1;0;0;0;0;0
200294;11;3;3030715;2019;10;10;7;3;5;3;0;0;1;0;0;0;0;0
200295;11;11;11010206;2019;10;10;7;3;0;3;0;0;1;0;1;0;0;0
200296;11;4;4030519;2019;10;9;7;3;5;7;0;0;1;0;1;0;0;0
200297;11;8;8010301;2019;10;1;7;3;5;3;2;0;1;0;1;0;0;0
200298;11;5;5010314;2019;10;0;7;3;6;4;2;0;1;1;0;0;0;0
200299;11;2;2040502;2019;10;19;6;3;0;6;2;0;1;0;1;0;0;0
200300;11;1;1011202;2019;10;10;6;2;6;4;0;1;0;1;0;0;0;1
200301;11;11;11051229;2019;10;20;6;3;6;4;2;0;1;1;0;0;0;1
200302;11;1;1011306;2019;10;14;6;3;5;7;0;1;0;0;0;0;1;0
200303;11;5;5020626;2019;10;13;6;3;5;2;0;0;1;0;0;0;0;0
200304;11;8;8010214;2019;10;13;6;3;2;6;0;0;1;0;0;0;0;0
200305;11;11;11030618;2019;10;19;6;2;5;3;2;0;1;0;0;0;1;1
200306;11;1;1022201;2019;10;10;6;3;0;6;0;1;1;0;0;0;0;0
200307;11;6;6020301;2019;10;19;6;3;5;3;2;0;1;0;0;0;0;1
200308;11;3;3071537;2019;10;19;6;3;1;5;2;1;1;0;0;0;0;1
200309;11;2;2030302;2019;10;17;6;3;5;2;1;1;1;0;0;0;0;1
200310;11;4;4020310;2019;10;19;6;3;5;2;2;1;1;0;0;0;0;1
200311;11;12;12224230;2019;10;6;6;3;2;6;1;0;1;0;0;0;0;0
200312;11;2;2050802;2019;10;12;4;3;0;3;0;1;1;0;0;0;0;1
200313;11;6;6040809;2019;10;18;6;3;5;3;2;0;1;0;0;0;0;1
200314;11;5;5030833;2019;10;5;6;3;6;4;2;0;0;1;1;0;0;0
200315;11;2;2010104;2019;10;17;6;3;5;3;1;1;1;0;0;0;0;1
200316;11;1;1033102;2019;10;17;6;3;5;7;1;0;1;0;1;0;0;0
200317;11;7;7060601;2019;10;16;6;3;2;6;0;0;1;0;0;0;0;1
200318;11;6;6030504;2019;10;16;6;2;5;5;0;0;1;0;0;0;0;1
200319;11;7;7070703;2019;10;15;6;3;5;2;0;0;1;0;1;0;0;0
200320;11;11;11020514;2019;10;14;6;3;2;6;0;0;1;0;0;0;0;0
200321;11;1;1022102;2019;10;14;6;3;0;5;0;0;0;1;0;0;1;0
200322;11;4;4030726;2019;10;20;6;3;5;7;2;0;1;0;0;0;0;1
200323;11;8;8020620;2019;10;14;4;3;3;6;0;0;1;0;0;0;1;1
200324;11;4;4010101;2019;10;15;6;3;2;6;0;0;1;0;0;0;1;0
200325;11;2;2010102;2019;10;16;5;3;6;6;0;0;0;1;0;0;1;1
200326;11;1;1011204;2019;10;19;5;3;5;3;2;1;0;0;0;0;0;0
200327;11;8;8010117;2019;10;23;5;3;2;6;2;0;1;0;0;0;0;1
200328;11;1;1044102;2019;10;22;5;3;2;6;2;0;1;0;0;0;0;1
200329;11;3;3010102;2019;10;20;5;3;6;4;2;1;0;1;0;0;0;1
200330;11;7;7030301;2019;10;20;5;3;6;4;2;0;1;1;0;0;0;1
200331;11;10;10020415;2019;10;19;5;2;3;6;2;1;1;0;0;0;0;1
200332;11;5;5010314;2019;10;19;5;2;6;4;2;0;1;1;0;0;0;0
200333;11;1;1011204;2019;10;17;5;3;5;2;0;0;1;0;0;0;0;1
200334;11;7;7040403;2019;10;13;4;3;6;7;0;0;0;1;0;1;0;1
200335;11;8;8010117;2019;10;17;5;3;0;3;0;0;1;0;1;0;0;1
200336;11;11;11051330;2019;10;14;4;3;3;6;0;1;1;0;0;0;0;1
200337;11;1;1011402;2019;10;9;5;3;0;1;0;1;0;0;0;0;0;1
200338;11;6;6030503;2019;10;9;5;3;3;6;0;1;1;0;0;0;0;0
200339;11;7;7040404;2019;10;8;5;3;2;6;0;0;1;0;0;0;0;1
200340;11;2;2040701;2019;10;6;5;2;5;3;1;0;1;0;0;0;0;1
200341;11;3;3040512;2019;10;6;5;3;6;2;2;0;1;1;0;0;0;1
200342;11;3;3051022;2019;10;13;4;3;5;2;0;1;1;0;0;0;0;1
200343;11;1;1011305;2019;10;4;5;3;0;1;2;0;0;0;0;0;1;1
200344;11;7;7060603;2019;10;16;5;3;5;2;0;1;1;0;0;0;0;0
200345;11;2;2040502;2019;10;15;5;3;5;2;0;0;0;0;0;0;1;0
200346;11;2;2050602;2019;10;15;5;3;1;5;0;1;0;0;0;0;1;0
200347;11;1;1033101;2019;10;14;5;3;5;2;0;0;1;0;0;0;0;1
200348;11;1;1011202;2019;10;12;5;3;5;3;0;0;1;0;1;0;0;0
200349;11;2;2020203;2019;10;10;5;3;5;7;0;0;1;0;1;0;0;1
200350;11;5;5010314;2019;10;21;4;2;9;1;2;0;1;0;0;0;0;0
200351;11;11;11010310;2019;10;10;5;3;6;6;0;1;0;1;0;0;0;0
200352;11;5;5010339;2019;10;6;5;3;2;6;1;0;0;0;1;0;1;1
200353;11;1;1011201;2019;10;23;4;3;5;2;2;0;1;0;0;0;0;1
200354;11;1;1011304;2019;10;23;4;3;0;1;2;1;0;0;0;0;0;1
200355;11;3;3040614;2019;10;18;4;2;5;2;0;0;1;0;0;0;1;0
200356;11;10;10010205;2019;10;18;4;2;6;4;2;0;1;1;0;0;0;1
200357;11;9;9041401;2019;10;17;4;3;5;2;0;0;1;0;0;0;0;0
200358;11;1;1044103;2019;10;16;4;3;1;5;0;1;1;0;0;0;0;0
200359;11;7;7010102;2019;10;16;4;2;6;4;0;0;1;1;0;0;0;0
200360;11;1;1011302;2019;10;21;4;3;0;3;2;0;1;0;0;0;1;1
200361;11;4;4030929;2019;10;17;4;3;2;6;0;0;1;0;1;0;0;0
200362;11;11;11010102;2019;10;15;4;3;0;6;0;0;1;0;0;0;1;0
200363;11;11;11040926;2019;10;15;4;3;6;4;0;0;0;1;0;0;1;0
200364;11;4;4010102;2019;10;12;4;3;2;6;0;0;1;0;0;0;0;1
200365;11;2;2030301;2019;10;21;4;3;0;4;2;1;0;1;0;0;0;1
200366;11;4;4030931;2019;10;15;4;3;0;3;0;1;0;0;1;0;0;0
200367;11;11;11030617;2019;10;12;4;3;6;4;0;1;0;1;0;0;0;1
200368;11;1;1011302;2019;10;9;4;3;1;1;0;1;1;0;0;0;0;0
200369;11;3;3040614;2019;10;21;4;3;5;3;2;1;0;0;1;0;0;1
200370;11;6;6030502;2019;10;20;4;3;0;2;2;0;1;0;1;0;0;1
200371;11;12;12214527;2019;10;8;4;3;1;5;0;1;1;0;0;0;0;1
200372;11;11;11020412;2019;10;7;4;3;1;7;0;0;1;0;0;0;0;1
200373;11;12;12214424;2019;10;14;4;3;2;6;0;0;1;0;0;0;0;1
200374;11;11;11040925;2019;10;12;4;3;2;6;0;0;1;0;0;0;0;1
200375;11;3;3061227;2019;10;7;4;2;5;2;0;0;1;0;0;0;1;0
200376;11;10;10010102;2019;10;20;4;3;0;7;2;0;1;0;1;0;0;1
200377;11;8;8020620;2019;10;14;4;3;2;6;0;0;1;0;0;0;0;1
200378;11;3;3061126;2019;10;14;4;3;5;2;0;0;1;0;0;0;0;0
200379;11;9;9041601;2019;10;13;4;3;0;6;0;0;1;0;0;0;1;0
200380;11;7;7030301;2019;10;12;4;3;1;5;0;1;1;0;0;0;0;1
200381;11;1;4030931;2019;10;19;4;3;0;7;2;0;0;0;0;0;1;1
200382;11;7;7010102;2019;10;19;4;3;5;2;2;1;1;0;0;0;0;0
200383;11;8;8010301;2019;10;5;4;3;0;3;2;1;1;0;0;0;0;1
200384;11;2;2030301;2019;10;19;4;3;3;6;2;0;1;0;0;1;0;1
200385;11;6;6040810;2019;10;11;4;2;5;2;0;1;1;0;0;0;0;0
200386;11;3;3040818;2019;10;10;4;3;2;6;0;1;1;0;0;0;0;0
200387;11;2;2020204;2019;10;22;4;3;5;3;2;0;1;0;0;0;1;1
200388;11;12;12214424;2019;10;7;4;3;2;6;0;0;1;0;0;0;0;0
200389;11;5;5010312;2019;10;10;4;3;6;7;0;0;1;1;0;0;0;0
200390;11;1;1011401;2019;10;14;4;3;0;1;0;0;0;0;1;0;0;1
200391;11;3;3020210;2019;10;6;4;3;5;3;0;1;0;0;0;0;1;1
200392;11;1;1011306;2019;10;18;4;3;2;6;2;0;1;0;0;0;0;0
200393;11;9;9051702;2019;10;6;4;2;5;3;2;1;1;0;0;0;0;1
200394;11;4;4020310;2019;10;18;4;3;2;6;2;0;1;0;0;0;0;0
200395;11;1;1033101;2019;10;6;4;3;6;4;2;1;0;1;0;0;0;1
200396;11;12;12301203;2019;10;6;4;3;5;2;1;0;1;0;0;0;0;1
200397;11;1;1022106;2019;10;10;3;3;5;2;0;1;1;0;0;0;0;1
200398;11;9;9010301;2019;10;21;3;3;5;2;2;0;1;0;0;0;0;1
200399;11;2;2020203;2019;10;19;4;3;2;6;2;0;1;0;1;0;0;1
200400;11;1;1011302;2019;10;20;3;3;1;5;2;1;0;0;0;0;1;1
200401;11;3;3071536;2019;10;18;3;3;2;6;0;0;1;0;1;0;0;1
200402;11;2;2040503;2019;10;17;3;3;6;7;0;0;1;1;0;0;0;1
200403;11;4;4041344;2019;10;18;3;2;0;1;2;1;0;0;0;0;0;1
200404;11;12;12103117;2019;10;19;4;2;6;4;2;0;0;1;1;0;0;1
200405;11;1;1033101;2019;10;20;3;3;6;4;2;0;1;1;0;0;0;1
200406;11;10;10030724;2019;10;7;5;3;0;3;0;0;0;0;1;0;1;1
200407;11;1;1011303;2019;10;13;5;3;2;2;0;1;1;0;0;0;0;0
200408;11;12;12103218;2019;10;5;5;3;5;7;2;0;1;0;0;0;1;1
200409;11;5;5030731;2019;10;6;5;3;2;2;1;0;1;0;0;0;0;1
200410;11;7;7040406;2019;10;13;5;3;1;5;0;0;0;0;0;1;1;0
200411;11;8;8010118;2019;10;6;5;3;2;2;2;0;1;0;1;0;0;1
200412;11;5;5030833;2019;10;12;5;3;2;7;0;0;1;0;0;0;0;1
200413;11;7;7060603;2019;10;12;5;3;0;1;0;1;0;0;0;0;0;1
200414;11;1;1033101;2019;10;6;5;3;0;1;2;0;0;0;1;0;0;1
200415;11;1;1033102;2019;10;9;5;3;2;2;0;0;1;0;0;0;0;1
200416;11;1;1033202;2019;10;6;5;3;2;6;2;0;1;0;0;1;0;1
200417;11;1;1011102;2019;10;8;5;2;1;5;0;1;0;0;0;0;1;1
200418;11;7;7060603;2019;10;10;5;3;2;6;0;0;1;0;0;0;0;1
200419;11;7;7040404;2019;10;8;5;3;5;2;0;1;1;0;0;0;0;1
200420;11;1;1033101;2019;10;9;5;3;1;5;0;1;1;0;0;0;0;0
200421;11;3;3030716;2019;10;8;5;3;2;6;0;0;1;0;0;0;0;1
200422;11;12;12103219;2019;10;8;5;3;2;6;0;0;1;0;0;0;0;1
200423;11;1;1011301;2019;10;8;5;3;5;2;0;1;1;0;0;0;0;1
200424;11;4;4020310;2019;10;8;5;2;0;7;0;1;0;0;0;0;0;1
200425;11;6;6030609;2019;10;12;4;3;5;3;0;1;1;0;0;0;0;0
200426;11;5;5020626;2019;10;18;4;3;5;3;2;0;1;0;1;0;0;0
200427;11;3;3071536;2019;10;9;4;3;5;2;0;1;0;0;0;0;1;0
200428;11;4;4030931;2019;10;18;4;3;5;3;2;1;1;0;0;0;0;0
200429;11;7;7070703;2019;10;20;4;3;5;2;2;0;1;0;0;0;0;0
200430;11;4;4030620;2019;10;10;5;3;5;3;0;1;1;0;0;0;0;0
200431;11;3;3051021;2019;10;20;4;3;5;3;2;1;1;0;0;0;0;0
200432;11;3;3071537;2019;10;19;4;3;5;3;2;1;1;0;0;0;0;0
200433;11;4;4010103;2019;10;6;5;3;0;6;1;0;1;0;1;0;0;0
200434;11;8;8030830;2019;10;14;5;3;5;7;0;0;1;0;0;0;0;0
200435;11;6;6020411;2019;10;16;4;3;5;3;0;0;1;0;0;0;0;0
200436;11;4;4020209;2019;10;14;4;2;5;3;0;1;0;0;0;0;0;0
200437;11;8;8041035;2019;10;14;4;3;5;3;0;1;1;0;0;0;0;0
200438;11;1;1033102;2019;10;17;4;3;6;4;2;1;0;1;0;0;0;0
200439;11;12;12301204;2019;10;13;4;3;1;5;0;0;1;0;0;0;0;0
200440;11;5;5030730;2019;10;17;4;2;0;1;0;0;0;0;1;0;0;0
200441;11;4;4020311;2019;10;13;4;3;6;4;0;0;1;1;0;0;0;0
200442;11;4;4020209;2019;10;17;4;3;5;2;0;1;1;0;0;0;0;0
200443;11;2;2050601;2019;10;9;5;2;6;4;0;1;0;1;0;0;0;0
200444;11;3;3040818;2019;10;17;4;3;1;5;1;1;1;0;0;0;1;1
200445;11;6;6010206;2019;10;7;5;2;0;4;0;1;0;1;0;0;0;0
200446;11;2;2010102;2019;10;14;4;3;6;7;0;0;1;1;0;0;0;0
200447;11;2;2020203;2019;10;16;4;3;5;2;0;1;1;0;0;0;0;0
200448;11;9;9010101;2019;10;7;4;3;5;2;0;1;0;0;0;0;1;0
200449;11;1;1044101;2019;10;16;4;2;1;5;0;0;1;0;0;0;0;0
200450;11;8;8041037;2019;10;16;4;3;5;7;0;0;1;0;1;0;0;0
200451;11;1;1022207;2019;10;16;4;3;3;6;0;1;0;0;0;1;0;0
200452;11;8;8030829;2019;10;15;4;3;2;6;0;0;1;0;0;0;0;0
200453;11;12;12231101;2019;10;15;4;3;3;6;0;0;1;0;1;0;0;0
200454;11;6;6020409;2019;10;15;4;3;5;2;0;1;1;0;0;0;0;0
200455;11;11;11040926;2019;10;15;4;3;5;3;0;1;1;0;0;0;0;0
200456;11;2;2020202;2019;10;8;5;3;0;6;0;0;0;0;1;0;1;0
200457;11;5;5020625;2019;10;12;4;3;6;7;0;0;1;1;0;0;0;0
200458;11;3;3020209;2019;10;10;4;3;5;2;0;1;0;0;0;0;1;0
200459;11;7;7040405;2019;10;7;5;3;2;6;0;0;1;0;0;0;1;1
200460;11;1;1044103;2019;10;10;4;3;5;2;0;1;1;0;0;0;0;0
200461;11;10;10030726;2019;10;10;4;3;5;3;0;1;0;0;0;0;0;0
200462;11;1;1011105;2019;10;9;4;3;6;4;0;0;1;1;0;0;0;0
200463;11;3;3040614;2019;10;8;4;3;5;3;0;1;0;0;0;0;1;0
200464;11;7;7020204;2019;10;8;4;3;5;2;0;1;0;0;0;0;0;0
200465;11;7;7010101;2019;10;8;4;3;2;6;0;0;1;0;0;0;0;0
200466;11;2;2030401;2019;10;13;4;3;1;7;0;1;1;0;0;0;0;0
200467;11;10;10010310;2019;10;7;4;3;0;7;0;0;1;0;0;0;0;0
200468;11;2;2010104;2019;10;7;4;3;0;6;0;0;1;0;1;0;0;0
200469;11;1;1033202;2019;10;7;4;3;5;7;0;1;1;0;0;0;0;0
200470;11;7;7020202;2019;10;7;4;3;2;7;0;0;1;0;0;0;0;0
200471;11;9;9052001;2019;10;7;4;3;2;6;0;0;1;0;0;0;0;0
200472;11;5;5010206;2019;10;6;5;3;0;1;2;0;0;0;1;0;0;1
200473;11;8;8010508;2019;10;13;4;3;0;2;0;0;1;1;0;0;0;0
200474;11;5;5040934;2019;10;7;4;2;6;4;2;0;1;1;0;0;0;0
200475;11;12;12214527;2019;10;13;4;3;5;2;0;1;1;0;0;0;0;0
200476;11;8;8010214;2019;10;12;4;3;5;7;0;1;1;0;0;0;0;0
200477;11;9;9030901;2019;10;6;4;3;1;5;2;1;1;0;0;0;0;0
200478;11;12;12214423;2019;10;5;4;3;1;5;2;0;1;0;0;0;1;1
200479;11;9;9020701;2019;10;12;4;3;0;7;0;0;1;0;1;0;0;0
200480;11;11;11030619;2019;10;12;4;3;5;2;0;0;1;0;0;0;1;0
200481;11;5;5020626;2019;10;11;4;3;1;5;0;1;0;0;0;0;1;0
200482;11;1;1044203;2019;10;11;4;3;2;6;0;0;1;0;0;0;0;0
200483;11;6;6040703;2019;10;1;4;2;9;1;2;0;1;0;0;0;0;0
200484;11;4;4030623;2019;10;16;3;3;2;6;0;1;1;0;0;0;0;0
200485;11;1;1011301;2019;10;8;5;3;5;2;0;1;1;0;0;0;0;0
200486;11;3;3061429;2019;10;18;3;3;6;7;1;0;1;1;0;0;0;0
200487;11;4;4051446;2019;10;19;3;3;2;6;2;0;1;0;1;0;0;0
200488;11;10;10010309;2019;10;19;3;3;5;3;2;0;1;0;0;0;0;0
200489;11;8;8020619;2019;10;19;3;3;5;7;2;0;1;0;1;0;0;0
200490;11;2;2030402;2019;10;19;3;3;1;5;2;1;0;0;0;0;1;0
200491;11;11;2050602;2019;10;19;3;3;2;6;2;0;1;0;0;0;0;0
200492;11;5;5010209;2019;10;19;3;2;6;4;2;0;1;1;0;0;0;0
200493;11;11;11020412;2019;10;22;3;3;5;2;2;0;1;0;0;0;0;0
200494;11;3;3020209;2019;10;22;3;3;5;2;2;0;1;0;1;0;0;0
200495;11;4;4030623;2019;10;15;3;3;0;6;0;1;0;0;0;0;1;0
200496;11;1;1033203;2019;10;13;3;3;2;2;0;1;1;0;0;0;0;0
200497;11;9;9010202;2019;10;12;3;3;5;3;0;0;1;0;0;0;0;0
200498;11;3;3061227;2019;10;19;5;3;3;6;2;0;1;0;1;0;0;0
200499;11;12;12214424;2019;10;12;3;3;6;4;0;0;0;1;0;0;1;0
200500;11;5;5010314;2019;10;10;3;3;0;2;0;0;1;0;0;0;1;0
200501;11;9;9010301;2019;10;10;3;3;5;2;0;1;1;0;0;0;0;0
200502;11;3;3040818;2019;10;22;5;3;1;5;2;0;1;0;0;0;0;0
200503;11;6;6030609;2019;10;9;3;3;2;6;0;1;1;0;0;0;0;0
200504;11;7;7060603;2019;10;17;3;3;2;2;0;0;1;0;1;0;0;0
200505;11;3;3040818;2019;10;17;3;3;6;4;0;0;1;1;0;0;0;0
200506;11;8;8010404;2019;10;17;3;3;0;7;0;1;0;0;0;0;0;0
200507;11;9;9010202;2019;10;16;3;3;2;6;0;0;1;0;0;0;0;0
200508;11;7;7060603;2019;10;8;3;3;2;6;0;0;1;0;0;0;1;0
200509;11;9;9020701;2019;10;6;3;3;5;3;0;1;1;0;0;0;0;0
200510;11;12;12301203;2019;10;1;3;2;9;1;2;0;1;0;0;0;0;0
200511;11;7;7050502;2019;10;7;5;3;0;1;0;1;0;0;0;0;0;1
200512;11;5;5030731;2019;10;7;3;3;5;3;0;0;1;0;1;0;0;0
200513;11;12;12301206;2019;10;16;3;3;1;5;0;0;1;0;1;0;0;0
200514;11;4;4031032;2019;10;16;3;3;2;6;0;0;1;0;1;0;0;0
200515;11;1;1022103;2019;10;15;3;3;5;2;0;1;0;0;0;1;0;0
200516;11;2;2020203;2019;10;16;3;3;1;5;0;1;1;0;0;0;0;0
200517;11;1;1022204;2019;10;7;3;3;6;2;1;0;1;1;0;0;0;0
200518;11;5;5020627;2019;10;15;3;3;2;6;0;0;1;0;0;0;0;0
200519;11;6;6020305;2019;10;15;3;3;6;2;0;0;1;1;0;0;0;0
200520;11;12;12214125;2019;10;7;3;3;2;6;0;0;1;0;0;0;0;0
200521;11;6;6010207;2019;10;15;3;3;3;6;0;1;1;0;0;0;0;0
200522;11;4;4030725;2019;10;15;3;3;6;4;0;0;0;1;1;0;0;0
200523;11;5;5030833;2019;10;15;3;3;5;2;0;1;1;0;0;0;0;0
200524;11;6;6020305;2019;10;14;3;3;6;4;0;0;1;1;0;0;0;0
200525;11;2;2040503;2019;10;6;3;3;5;3;0;0;1;0;1;0;0;0
200526;11;8;8041036;2019;10;7;3;3;0;3;2;1;1;0;0;0;0;1
200527;11;1;1011105;2019;10;17;2;3;5;3;1;1;1;0;0;0;0;0
200528;11;5;5020627;2019;10;17;2;3;2;6;0;0;1;0;0;0;0;0
200529;11;1;1033202;2019;10;15;2;3;6;2;0;0;1;1;0;0;0;0
200530;11;3;3040513;2019;10;16;2;3;2;2;0;0;1;0;0;0;1;0
200531;11;8;8041038;2019;10;16;2;3;5;3;0;1;0;0;0;0;1;0
200532;11;3;3030711;2019;10;16;2;3;5;3;0;0;1;0;0;0;0;0
200533;11;4;4030417;2019;10;15;2;3;5;3;0;1;1;0;0;0;0;0
200534;11;8;8041039;2019;10;15;2;3;5;2;0;1;1;0;0;0;0;0
200535;11;3;3061131;2019;10;13;2;3;6;7;0;0;0;1;0;0;1;0
200536;11;6;6040703;2019;10;19;2;2;5;2;0;0;1;0;0;0;0;0
200537;11;3;3071536;2019;10;15;2;3;1;5;0;1;0;0;0;0;1;0
200538;11;11;11030824;2019;10;14;2;2;5;3;0;1;0;0;0;0;1;0
200539;11;5;5010312;2019;10;14;2;2;5;3;0;1;1;0;0;0;0;0
200540;11;4;4051448;2019;10;14;2;3;2;6;0;0;1;0;0;0;0;0
200541;11;7;7040401;2019;10;8;5;2;6;4;0;0;0;1;1;0;0;0
200542;11;5;5020523;2019;10;14;2;2;2;6;0;0;1;0;0;0;0;0
200543;11;6;6040805;2019;10;14;2;3;5;3;0;1;0;0;0;0;1;0
200544;11;11;11040926;2019;10;13;2;3;5;3;0;1;1;0;0;0;0;0
200545;11;2;2040701;2019;10;19;2;3;5;2;2;1;0;0;0;0;1;0
200546;11;6;6010204;2019;10;19;2;3;0;2;2;0;1;0;1;0;0;0
200547;11;8;8010406;2019;10;19;2;3;1;5;2;1;1;0;0;0;0;0
200548;11;1;1011305;2019;10;19;2;3;5;2;2;1;1;0;0;0;0;0
200549;11;9;9010302;2019;10;19;2;3;4;6;2;0;1;0;0;0;0;0
200550;11;1;1044102;2019;10;8;5;3;1;7;0;0;1;0;0;0;0;1
200551;11;2;2030302;2019;10;19;2;3;1;5;2;1;1;0;0;0;0;0
200552;11;1;1011302;2019;10;18;2;3;0;1;1;1;0;0;0;0;0;1
200553;11;1;1011203;2019;10;8;5;3;5;3;0;0;1;0;0;0;0;0
200554;11;1;1011305;2019;10;1;2;3;0;1;2;1;0;0;0;0;0;0
200555;11;6;6030608;2019;10;19;5;2;0;3;2;0;1;0;1;0;0;0
200556;11;5;5030730;2019;10;11;2;3;2;6;0;0;1;0;0;1;0;0
200557;11;3;3030711;2019;10;12;2;3;2;6;0;0;1;0;0;0;0;0
200558;11;7;7030301;2019;10;12;2;3;5;3;0;0;1;0;0;0;0;0
200559;11;11;11020515;2019;10;10;2;3;1;7;0;0;1;0;0;0;0;0
200560;11;3;3050924;2019;10;9;2;3;5;3;0;0;1;0;1;0;0;0
200561;11;4;4051653;2019;10;8;2;3;2;6;0;0;1;0;0;0;0;0
200562;11;9;9051901;2019;10;8;2;3;0;2;0;1;1;0;0;0;0;0
200563;11;1;2040701;2019;10;8;2;3;0;6;0;1;1;0;0;0;0;0
200564;11;11;11030824;2019;10;6;5;3;5;3;2;1;1;0;0;0;0;1
200565;11;1;1011301;2019;10;8;2;3;5;3;0;1;1;0;0;0;0;0
200566;11;10;10020414;2019;10;8;2;3;5;3;0;1;1;0;0;0;0;0
200567;11;12;12224230;2019;10;7;2;3;4;6;1;1;0;0;0;0;0;1
200568;11;2;2050602;2019;10;7;2;3;0;1;0;0;1;0;1;0;0;1
200569;11;4;4020310;2019;10;7;5;3;0;6;0;0;0;0;1;0;0;1
200570;11;6;6030504;2019;10;7;2;3;0;2;1;1;1;0;0;0;0;1
200571;11;9;9020701;2019;10;6;2;3;5;2;2;0;1;0;0;0;0;0