OBJECTID;LAND;BEZ;LOR_ab_2021;UJAHR;UMONAT;USTUNDE;UWOCHENTAG;UKATEGORIE;UART;UTYP1;ULICHTVERH;IstRad;IstPKW;IstFuss;IstKrad;IstGkfz;IstSonstige;USTRZUSTAND
200572;11;8;8020728;2019;10;15;1;2;2;6;0;0;1;0;0;0;0;0
200573;11;6;6040810;2019;10;10;1;2;1;1;0;0;1;0;0;0;0;0
200574;11;1;1044101;2019;10;21;1;3;5;2;2;0;1;0;0;0;0;0
200575;11;12;12103117;2019;10;19;1;2;5;2;2;1;1;0;0;0;0;0
200576;11;5;5020419;2019;10;17;1;3;5;2;1;0;1;0;0;0;0;0
200577;11;12;12103218;2019;10;16;1;3;2;6;0;0;1;0;0;0;0;0
200578;11;9;9010402;2019;10;3;1;2;8;1;2;0;1;0;0;0;0;0
200579;11;8;8010214;2019;10;9;1;3;1;5;0;0;1;0;0;0;1;0
200580;11;4;4031032;2019;10;12;1;3;2;6;0;0;1;0;0;0;0;0
200581;11;2;2040502;2019;10;15;1;3;6;4;0;0;1;1;0;0;0;0
200582;11;2;2020203;2019;10;11;7;3;0;7;0;1;1;0;0;0;0;0
200583;11;7;7060604;2019;10;12;7;3;0;6;0;0;1;0;0;0;0;0
200584;11;9;9010101;2019;10;19;7;2;5;2;2;0;1;0;1;0;0;0
200585;11;5;5030730;2019;10;18;7;2;2;7;0;0;1;0;1;0;1;0
200586;11;1;1011303;2019;10;22;7;3;0;1;2;0;0;0;0;0;1;0
200587;11;8;8010508;2019;10;19;7;3;5;3;2;0;1;0;0;0;0;0
200588;11;6;6020407;2019;10;17;7;3;5;3;1;0;1;0;0;0;1;0
200589;11;8;8010214;2019;10;17;7;2;6;4;1;0;1;1;0;0;0;1
200590;11;6;6010207;2019;10;16;7;3;2;2;0;0;1;0;0;0;0;0
200591;11;1;1022106;2019;10;16;7;3;3;6;0;0;1;0;1;0;0;0
200592;11;5;5030832;2019;10;15;7;3;5;2;0;0;1;0;0;0;0;0
200593;11;2;2030301;2019;10;15;7;3;5;3;0;1;1;0;0;0;0;0
200594;11;7;7010101;2019;10;16;7;2;0;1;0;0;0;0;0;0;1;1
200595;11;4;4030931;2019;10;8;5;3;5;2;0;0;1;0;0;0;0;0
200596;11;5;5010101;2019;10;14;7;3;6;4;0;0;1;1;0;0;0;0
200597;11;11;11020411;2019;10;19;5;3;6;4;2;0;0;1;0;0;1;0
200598;11;1;1011302;2019;10;14;7;3;1;5;0;1;1;0;0;0;0;0
200599;11;8;8010214;2019;10;13;7;3;6;4;0;1;0;1;0;0;0;1
200600;11;11;11010207;2019;10;11;7;3;6;7;0;0;0;1;0;0;1;0
200601;11;2;2030302;2019;10;2;7;3;1;5;2;1;1;0;0;0;1;1
200602;11;7;7010102;2019;10;18;6;3;5;2;2;1;0;0;1;0;0;1
200603;11;7;7010104;2019;10;3;6;2;0;1;2;1;0;0;0;0;0;1
200604;11;8;8010405;2019;10;3;6;3;5;2;2;1;0;0;0;0;1;0
200605;11;7;7010102;2019;10;11;6;3;5;2;0;1;1;0;0;0;0;0
200606;11;7;7010103;2019;10;11;6;3;1;7;0;0;1;0;1;0;0;0
200607;11;3;3020307;2019;10;8;5;3;5;3;0;1;0;0;0;0;1;1
200608;11;4;4030726;2019;10;11;6;3;6;7;0;0;1;1;0;0;0;0
200609;11;4;4030417;2019;10;19;5;3;1;5;2;1;1;0;0;0;0;0
200610;11;11;11010205;2019;10;11;6;3;5;3;0;0;1;0;0;0;1;0
200611;11;2;2020203;2019;10;12;6;3;5;3;0;1;0;0;0;0;0;0
200612;11;2;2040502;2019;10;12;6;3;5;2;0;0;0;0;0;1;1;0
200613;11;8;8020622;2019;10;12;6;3;5;2;0;0;0;0;0;1;1;0
200614;11;11;11010205;2019;10;10;6;3;0;4;0;0;0;1;0;0;1;1
200615;11;4;4020314;2019;10;10;6;3;3;2;0;0;1;0;0;1;0;0
200616;11;1;1022206;2019;10;10;6;3;2;6;0;1;1;0;0;0;0;1
200617;11;4;4051448;2019;10;9;6;3;0;1;0;0;0;0;1;0;0;1
200618;11;1;1033202;2019;10;9;6;2;5;3;0;1;1;0;0;0;0;1
200619;11;2;2010101;2019;10;5;5;3;9;1;1;0;1;0;0;0;0;0
200620;11;2;2040701;2019;10;8;6;3;1;5;0;1;1;0;0;0;0;0
200621;11;5;5020419;2019;10;7;5;3;2;6;0;0;1;0;0;0;1;0
200622;11;7;7040405;2019;10;8;6;3;5;2;0;0;1;0;0;1;0;1
200623;11;4;4051655;2019;10;8;6;3;2;7;0;0;0;0;1;1;0;1
200624;11;11;11030721;2019;10;7;5;3;2;7;0;0;1;0;0;1;0;1
200625;11;4;4030930;2019;10;7;6;3;5;3;0;1;1;0;0;0;0;1
200626;11;11;11020515;2019;10;6;6;3;5;3;1;0;1;0;0;0;1;1
200627;11;1;1044101;2019;10;6;6;3;2;7;2;0;1;0;0;0;0;1
200628;11;11;11040926;2019;10;11;5;3;5;3;0;0;1;0;0;0;0;1
200629;11;12;12302107;2019;10;0;6;2;6;4;2;0;1;1;0;0;0;1
200630;11;1;1011304;2019;10;19;6;3;6;4;2;1;0;1;0;0;0;1
200631;11;3;3040818;2019;10;19;6;3;5;3;2;1;1;0;0;0;0;1
200632;11;6;6040806;2019;10;19;6;3;5;3;2;0;1;0;0;0;0;1
200633;11;3;3061429;2019;10;17;6;3;5;3;1;1;1;0;0;0;0;0
200634;11;11;11030720;2019;10;17;6;3;6;4;0;0;1;1;0;0;0;0
200635;11;2;2040701;2019;10;22;6;3;5;2;2;1;1;0;0;0;0;1
200636;11;5;5020626;2019;10;2;5;2;6;4;2;0;0;1;0;0;1;1
200637;11;2;2020206;2019;10;21;6;3;0;2;2;0;1;0;1;0;0;1
200638;11;1;1033102;2019;10;16;6;2;6;4;0;0;1;1;0;0;0;0
200639;11;2;7040401;2019;10;13;5;3;2;6;0;0;1;0;1;0;0;0
200640;11;6;6020303;2019;10;16;6;3;0;7;0;0;0;0;1;0;1;1
200641;11;3;3071536;2019;10;16;6;3;5;2;0;1;1;0;1;0;0;0
200642;11;2;2040703;2019;10;20;6;3;5;2;2;1;1;0;0;0;0;1
200643;11;12;12224230;2019;10;11;5;3;5;7;0;1;1;0;0;0;0;1
200644;11;1;1033101;2019;10;15;6;3;2;6;0;0;1;0;0;0;0;0
200645;11;10;10030727;2019;10;14;6;3;5;3;0;0;1;0;1;0;0;0
200646;11;6;6010102;2019;10;20;6;3;2;6;2;0;1;0;0;0;0;1
200647;11;1;1011105;2019;10;10;5;3;1;5;0;1;1;0;0;0;1;0
200648;11;9;9052001;2019;10;20;6;3;0;1;2;1;0;0;0;0;0;1
200649;11;2;2050802;2019;10;19;6;2;0;1;2;0;0;0;1;0;1;1
200650;11;11;11041128;2019;10;14;6;3;6;2;0;0;1;1;0;0;0;0
200651;11;6;6010102;2019;10;18;5;3;5;3;1;0;1;0;0;0;0;1
200652;11;6;6020303;2019;10;14;6;3;5;3;0;1;1;0;0;0;0;0
200653;11;10;10020416;2019;10;14;6;3;5;3;0;1;1;0;0;0;0;0
200654;11;6;6030610;2019;10;9;4;1;6;4;0;0;0;1;0;1;0;1
200655;11;8;8030831;2019;10;19;6;3;2;3;2;1;1;0;0;0;0;1
200656;11;9;9031101;2019;10;15;4;3;5;3;0;0;1;0;0;0;0;1
200657;11;12;12231101;2019;10;6;4;3;3;6;1;1;1;0;0;0;0;1
200658;11;3;3061228;2019;10;9;6;3;2;6;0;0;1;0;0;0;0;0
200659;11;6;6020410;2019;10;18;5;3;5;3;0;0;1;0;0;0;1;0
200660;11;1;1011305;2019;10;13;5;3;1;5;0;1;1;0;0;0;0;0
200661;11;1;1022202;2019;10;17;4;3;5;2;0;1;1;0;0;0;0;0
200662;11;2;2050601;2019;10;9;5;3;5;2;0;1;0;0;0;1;0;0
200663;11;12;12214423;2019;10;16;4;3;5;3;0;0;1;0;0;0;0;1
200664;11;8;8010404;2019;10;6;5;2;8;1;1;0;1;0;0;0;0;1
200665;11;10;10010204;2019;10;1;5;2;5;2;2;1;0;0;0;0;1;1
200666;11;1;1011204;2019;10;22;5;3;5;2;2;0;1;0;0;0;1;0
200667;11;4;4020311;2019;10;16;4;3;5;3;0;0;1;0;0;0;0;1
200668;11;10;10010308;2019;10;21;5;2;6;4;2;0;1;1;0;0;0;0
200669;11;1;1011304;2019;10;20;5;3;0;2;2;1;1;0;0;0;0;0
200670;11;4;4051448;2019;10;20;5;3;1;5;2;1;1;0;0;0;0;0
200671;11;4;4051445;2019;10;19;5;3;5;2;2;1;1;0;0;0;0;0
200672;11;4;4030623;2019;10;15;5;3;2;6;0;0;1;0;1;0;0;0
200673;11;2;2050803;2019;10;14;5;3;3;6;0;0;1;0;1;0;0;0
200674;11;4;4030931;2019;10;12;5;3;5;7;0;1;1;0;0;0;0;0
200675;11;8;8010212;2019;10;14;5;3;6;7;0;0;1;1;0;0;0;0
200676;11;11;11051331;2019;10;7;5;3;5;3;0;1;0;0;0;0;0;1
200677;11;1;1011103;2019;10;18;5;3;6;4;2;0;1;1;0;0;0;0
200678;11;5;5020625;2019;10;7;5;3;3;5;0;0;1;0;0;1;0;0
200679;11;7;7010104;2019;10;18;5;2;5;2;2;1;1;0;0;0;0;0
200680;11;4;4051654;2019;10;17;5;3;5;2;0;1;1;0;0;0;0;0
200681;11;2;2020204;2019;10;21;5;2;3;6;2;1;1;0;0;0;0;1
200682;11;1;1011306;2019;10;14;5;2;6;4;0;0;1;1;0;0;0;0
200683;11;1;1011306;2019;10;17;5;3;5;2;0;1;1;0;0;0;0;0
200684;11;7;7060604;2019;10;13;5;3;0;4;0;0;0;1;0;0;1;0
200685;11;11;11030721;2019;10;16;5;2;5;7;0;0;1;0;0;0;1;0
200686;11;6;6040810;2019;10;16;5;3;5;2;0;0;1;0;0;0;0;0
200687;11;4;4030623;2019;10;15;5;2;5;3;0;1;1;0;0;0;0;0
200688;11;11;11040925;2019;10;16;4;3;4;5;1;0;1;0;0;1;0;1
200689;11;9;9030902;2019;10;15;5;2;6;4;0;1;0;1;0;0;0;0
200690;11;3;3030406;2019;10;13;5;3;5;3;0;1;1;0;0;0;0;0
200691;11;9;9010201;2019;10;15;5;2;6;7;0;0;1;1;0;0;0;0
200692;11;4;4030828;2019;10;15;5;2;3;6;0;1;1;0;0;0;0;0
200693;11;10;10010308;2019;10;10;5;3;3;6;0;0;1;0;0;1;0;0
200694;11;4;4041137;2019;10;16;4;3;5;2;0;1;1;0;0;0;0;1
200695;11;9;9010202;2019;10;6;5;3;5;7;2;0;1;0;0;0;0;1
200696;11;4;4030623;2019;10;8;2;3;6;4;0;0;1;1;0;0;0;0
200697;11;1;1044102;2019;10;23;5;3;1;5;2;0;1;0;0;1;0;0
200698;11;12;12103218;2019;11;15;7;3;5;7;0;0;1;0;0;0;0;1
200699;11;12;12301203;2019;10;21;7;2;4;6;2;0;1;0;0;0;0;0
200700;11;2;2020203;2019;10;0;3;3;0;3;2;1;0;0;1;0;0;1
200701;11;3;3050924;2019;11;10;6;3;5;7;0;1;1;0;0;0;0;0
200702;11;2;2020203;2019;10;14;6;3;1;5;0;0;1;0;1;0;0;0
200703;11;12;12302211;2019;10;17;2;2;6;2;2;0;1;1;0;0;0;1
200704;11;1;1011102;2019;10;12;5;3;3;6;0;0;1;0;1;0;0;0
200705;11;2;2010103;2019;10;1;1;2;5;3;2;0;1;0;0;0;0;0
200706;11;4;4051448;2019;10;16;4;3;1;1;0;1;1;0;0;0;0;1
200707;11;3;3020307;2019;11;18;6;3;5;2;2;1;1;0;0;0;0;0
200708;11;3;3071639;2019;10;0;7;2;0;1;2;0;0;0;0;0;1;0
200709;11;7;7050505;2019;10;10;3;3;2;6;0;0;1;0;0;0;0;0
200710;11;6;6040806;2019;11;16;6;3;0;6;1;0;0;0;0;0;1;1
200711;11;4;4030930;2019;10;19;6;3;5;7;2;0;1;0;0;0;0;0
200712;11;4;4030417;2019;10;11;3;3;5;2;0;0;1;0;1;0;0;0
200713;11;5;5020626;2019;11;9;6;3;2;6;0;0;1;0;1;0;0;0
200714;11;4;4030828;2019;10;23;6;3;1;5;2;1;1;0;0;0;1;0
200715;11;4;4030622;2019;10;16;2;3;2;6;1;0;1;0;0;0;0;1
200716;11;4;4020310;2019;10;10;5;3;5;2;0;0;1;0;0;0;0;0
200717;11;12;12103218;2019;10;18;1;3;1;5;2;0;1;0;0;0;0;0
200718;11;4;4020311;2019;10;13;4;3;5;3;0;0;1;0;1;0;0;0
200719;11;1;1022104;2019;11;20;6;2;6;4;2;0;1;1;0;0;0;1
200720;11;2;2010102;2019;10;13;7;2;1;5;0;1;1;0;0;0;0;0
200721;11;2;2020203;2019;10;7;3;3;0;7;1;0;0;0;1;0;0;1
200722;11;8;8010510;2019;10;10;6;3;2;6;0;0;1;0;0;1;0;0
200723;11;10;10040830;2019;10;18;5;3;5;3;2;1;0;0;0;0;1;1
200724;11;1;1044102;2019;10;12;6;3;0;2;0;1;1;0;0;0;0;0
200725;11;4;4020209;2019;10;7;2;3;2;6;0;1;1;0;0;0;0;0
200726;11;10;10010309;2019;10;18;5;3;6;4;2;0;1;1;0;0;0;0
200727;11;8;8041039;2019;11;21;7;3;6;2;2;0;1;1;0;0;0;1
200728;11;1;1011302;2019;10;16;7;3;6;4;0;1;0;1;0;0;0;0
200729;11;1;1044103;2019;10;18;2;2;0;1;2;0;0;0;1;0;0;1
200730;11;8;2020206;2019;10;19;5;3;6;4;2;0;1;1;0;0;0;0
200731;11;11;11030720;2019;11;8;7;2;3;6;0;0;0;0;1;0;1;1
200732;11;3;3010102;2019;10;17;7;3;2;4;2;0;1;1;0;0;0;0
200733;11;1;1033101;2019;10;10;4;3;2;2;0;0;1;0;0;0;0;0
200734;11;12;12301204;2019;10;8;4;2;5;2;0;0;1;0;0;0;0;0
200735;11;1;1011201;2019;11;17;6;2;5;3;2;1;1;0;0;0;0;1
200736;11;2;2010102;2019;10;18;6;3;1;5;2;1;1;0;0;0;0;0
200737;11;9;9051901;2019;10;11;3;2;6;4;0;0;0;1;0;1;0;0
200738;11;1;1044201;2019;10;15;5;3;6;7;0;0;1;1;0;0;0;0
200739;11;3;3020209;2019;10;12;6;3;2;6;0;0;1;0;0;0;0;0
200740;11;11;11040926;2019;10;8;2;3;6;4;0;0;1;1;0;0;0;0
200741;11;8;8010212;2019;10;10;5;2;5;5;0;0;1;0;1;0;0;0
200742;11;3;3020203;2019;11;16;7;2;5;3;2;0;1;0;0;0;1;1
200743;11;9;9020502;2019;10;15;7;3;0;6;0;0;0;0;1;0;1;0
200744;11;7;7040405;2019;10;16;3;3;3;6;2;0;1;0;1;0;0;0
200745;11;1;1011204;2019;11;12;6;3;2;2;0;0;1;0;0;0;0;0
200746;11;2;2010101;2019;10;15;6;2;5;2;0;0;1;0;1;0;0;0
200747;11;2;2020204;2019;10;18;2;3;2;6;2;0;1;0;0;0;0;1
200748;11;4;4041134;2019;10;7;4;3;1;6;0;0;1;0;0;0;1;0
200749;11;9;9020501;2019;10;19;3;3;5;3;2;1;1;0;0;0;0;0
200750;11;2;2010102;2019;11;14;6;3;5;3;0;1;1;0;0;0;0;0
200751;11;8;8010508;2019;10;16;6;3;5;2;0;1;1;0;0;0;0;0
200752;11;6;6020410;2019;10;13;2;3;0;2;0;1;1;0;0;0;0;1
200753;11;8;8010303;2019;10;13;5;3;1;5;0;1;1;0;0;0;1;0
200754;11;1;1022206;2019;10;12;6;3;2;2;0;0;1;0;0;0;0;0
200755;11;4;4061757;2019;10;20;2;1;0;7;2;0;1;0;0;0;0;1
200756;11;8;8010213;2019;10;14;5;1;6;7;0;0;0;1;0;1;0;0
200757;11;5;5020626;2019;11;14;7;3;1;5;0;0;1;0;0;0;0;1
200758;11;1;1033102;2019;10;21;7;3;1;5;2;0;1;0;0;0;1;0
200759;11;2;2020206;2019;10;12;3;3;5;2;0;1;1;0;0;0;0;0
200760;11;11;11041128;2019;11;10;6;3;6;2;0;0;1;1;0;0;0;0
200761;11;2;2030302;2019;10;14;6;3;1;5;0;0;1;0;0;0;0;0
200762;11;8;8010508;2019;10;17;2;3;2;6;2;0;1;0;0;0;0;1
200763;11;12;12103115;2019;10;7;5;3;2;6;0;0;1;0;0;0;0;0
200764;11;2;2030402;2019;10;4;1;3;1;5;2;0;1;0;0;0;0;0
200765;11;1;1011202;2019;10;14;4;3;3;6;0;0;1;0;0;0;0;0
200766;11;2;2020202;2019;10;12;5;3;0;5;0;1;1;0;0;0;0;0
200767;11;1;1011305;2019;10;11;6;3;0;5;0;1;1;0;0;0;0;0
200768;11;9;9010401;2019;10;13;1;3;5;3;0;1;1;0;0;0;0;0
200769;11;1;1011101;2019;10;17;4;3;5;2;2;1;1;0;0;0;0;0
200770;11;4;4051448;2019;11;19;6;3;5;2;2;1;1;0;0;0;0;1
200771;11;4;4051652;2019;10;19;7;3;6;4;2;0;0;1;0;0;1;0
200772;11;5;5020625;2019;10;10;3;3;5;3;0;0;1;0;1;0;0;0
200773;11;12;12103219;2019;11;8;6;3;0;6;0;0;1;0;0;0;1;0
200774;11;3;3061429;2019;10;13;6;3;5;3;0;0;1;0;0;0;1;0
200775;11;10;10010102;2019;10;16;2;2;6;4;0;0;1;1;0;0;0;0
200776;11;8;8020726;2019;10;10;5;3;0;1;0;1;0;0;0;0;0;0
200777;11;12;12214421;2019;10;14;7;3;5;3;0;0;1;0;0;0;0;0
200778;11;11;11030720;2019;10;11;4;3;1;5;0;0;1;0;0;0;0;0
200779;11;4;4030519;2019;10;17;4;2;4;7;2;1;0;0;0;0;1;0
200780;11;9;9041301;2019;11;18;6;2;5;2;2;0;1;0;1;0;0;0
200781;11;8;8020622;2019;10;12;7;3;5;3;0;0;1;0;0;0;0;0
200782;11;3;3040818;2019;10;17;3;2;0;7;2;1;0;0;0;0;0;0
200783;11;4;4051446;2019;11;18;6;3;5;3;2;1;1;0;0;0;0;1
200784;11;2;2050801;2019;10;1;7;3;5;3;2;1;1;0;0;0;0;0
200785;11;5;5030730;2019;10;6;3;3;5;2;1;1;1;0;0;0;0;0
200786;11;3;3050919;2019;10;9;5;3;0;3;0;0;1;0;1;0;0;0
200787;11;4;4051652;2019;10;13;6;3;5;2;0;0;1;0;1;0;0;0
200788;11;7;7050502;2019;10;11;2;2;5;3;0;0;1;0;1;0;0;0
200789;11;7;7020204;2019;10;19;5;3;6;4;2;1;0;1;0;0;0;0
200790;11;8;8041038;2019;11;8;7;3;5;3;0;0;1;0;1;0;0;1
200791;11;2;2050602;2019;10;17;7;3;5;2;2;1;1;0;0;0;0;0
200792;11;1;1011202;2019;10;8;4;3;2;6;0;1;1;0;0;0;0;0
200793;11;4;4051656;2019;10;18;4;1;5;5;2;0;1;0;1;0;0;0
200794;11;7;7030301;2019;11;16;6;3;5;3;2;1;1;0;0;0;0;0
200795;11;10;10010308;2019;10;17;6;3;0;3;1;0;1;0;0;0;1;0
200796;11;12;12301206;2019;10;14;3;3;6;2;0;0;1;1;0;0;0;0
200797;11;1;1011302;2019;10;15;5;3;3;6;0;1;1;0;0;0;0;0
200798;11;4;4020310;2019;10;11;6;3;5;7;0;0;1;0;0;0;0;0
200799;11;6;6030501;2019;10;8;2;3;5;3;0;1;1;0;0;0;0;0
200800;11;4;4041342;2019;10;9;5;3;6;2;0;0;0;1;1;0;0;0
200801;11;4;4031032;2019;10;17;5;3;1;5;1;1;1;0;0;0;0;0
200802;11;12;12214424;2019;10;9;6;3;6;2;0;0;1;1;0;0;0;0
200803;11;11;11040925;2019;10;9;2;3;5;2;0;1;1;0;0;0;0;0
200804;11;6;6030504;2019;10;16;5;2;6;4;2;0;1;1;0;0;0;1
200805;11;6;6020303;2019;11;22;7;3;5;3;2;1;1;0;0;0;0;1
200806;11;5;5010206;2019;10;16;7;3;2;6;0;1;1;0;0;0;0;0
200807;11;3;3010101;2019;10;5;4;3;6;6;2;0;1;1;0;0;0;0
200808;11;8;8010509;2019;10;17;3;3;6;4;2;0;0;1;1;0;0;0
200809;11;12;12103219;2019;11;14;6;3;6;4;0;0;1;1;0;0;0;0
200810;11;4;4020313;2019;10;16;6;3;5;2;0;1;0;0;0;0;1;0
200811;11;12;12103115;2019;10;17;2;2;2;6;2;0;1;0;0;0;0;0
200812;11;1;1022106;2019;10;13;5;3;0;1;0;0;0;0;1;0;0;0
200813;11;6;6020305;2019;10;8;6;3;2;6;0;0;1;0;0;0;0;0
200814;11;12;12214527;2019;10;17;1;3;2;6;2;0;1;0;0;0;0;0
200815;11;4;4041343;2019;10;19;4;3;6;2;2;0;1;1;0;0;0;0
200816;11;12;12301203;2019;11;17;6;3;5;3;1;0;1;0;0;0;0;1
200817;11;4;4051447;2019;10;14;7;3;0;7;0;0;0;0;0;0;1;0
200818;11;10;10020413;2019;10;11;3;3;9;7;0;0;0;0;0;0;1;0
200819;11;2;2050803;2019;11;10;6;3;2;2;0;0;1;0;0;0;0;0
200820;11;2;2040701;2019;10;22;6;2;5;3;2;0;1;0;0;0;1;0
200821;11;7;7070704;2019;11;15;7;3;6;2;0;0;0;1;0;0;1;1
200822;11;9;9052001;2019;10;14;7;3;5;3;0;0;1;0;0;0;0;0
200823;11;7;7040404;2019;10;14;3;3;2;6;0;0;1;0;0;0;0;0
200824;11;8;8020619;2019;11;10;6;2;2;6;0;0;1;0;1;0;0;0
200825;11;11;11030619;2019;10;15;6;3;0;2;0;0;1;0;0;0;1;0
200826;11;4;4020313;2019;10;18;2;3;5;3;2;0;1;0;0;0;0;1
200827;11;2;2050802;2019;10;12;5;3;2;6;0;0;1;0;0;0;0;0
200828;11;2;2050803;2019;10;2;1;3;5;3;2;0;1;0;0;0;0;0
200829;11;7;7030303;2019;10;16;4;3;5;2;0;0;1;0;1;0;0;0
200830;11;12;12302110;2019;11;18;6;3;6;2;2;0;1;1;0;0;0;1
200831;11;4;4020311;2019;10;11;7;3;5;3;0;0;1;0;0;0;0;0
200832;11;9;9020701;2019;10;10;3;3;1;5;0;1;1;0;0;0;1;0
200833;11;2;2030402;2019;11;1;6;2;5;5;2;0;1;0;0;0;0;0
200834;11;2;2030402;2019;10;19;6;3;5;7;2;1;1;0;0;0;0;0
200835;11;1;1011302;2019;10;23;2;2;4;6;2;1;1;0;0;0;0;1
200836;11;8;8030830;2019;10;22;5;3;1;5;2;0;1;0;0;0;0;0
200837;11;6;6030610;2019;10;17;2;3;5;3;2;0;1;0;0;0;0;1
200838;11;3;3061227;2019;10;4;5;3;5;2;2;0;1;0;1;0;0;0
200839;11;4;4051445;2019;10;19;1;3;6;2;2;0;1;1;0;0;0;0
200840;11;12;12103115;2019;10;13;4;3;2;6;0;0;1;0;0;0;0;0
200841;11;9;9051901;2019;11;21;6;2;0;1;2;1;0;0;0;0;0;1
200842;11;6;6020409;2019;10;13;7;3;0;1;0;1;0;0;0;0;0;0
200843;11;3;3071537;2019;10;8;3;3;5;2;0;1;1;0;0;0;0;0
200844;11;1;1011202;2019;10;17;5;3;5;3;2;1;1;0;0;0;0;0
200845;11;5;5020625;2019;10;10;2;3;5;2;0;1;1;0;0;0;0;0
200846;11;5;5020419;2019;10;18;5;3;6;4;2;0;1;1;0;0;0;0
200847;11;1;1044103;2019;11;0;7;3;2;6;2;0;1;0;0;0;0;1
200848;11;4;4051448;2019;10;17;7;3;5;3;1;1;1;0;0;0;0;0
200849;11;4;4030519;2019;10;8;4;3;2;6;0;0;1;0;0;0;1;0
200850;11;12;12214125;2019;10;19;3;3;5;2;2;1;1;0;0;0;0;0
200851;11;12;12103218;2019;11;16;6;3;1;5;0;0;1;0;0;0;0;0
200852;11;9;9052001;2019;10;14;6;3;0;6;0;1;0;0;0;0;0;0
200853;11;6;6020408;2019;11;9;7;3;2;2;0;0;1;0;0;0;0;1
200854;11;5;5020417;2019;10;17;7;3;0;7;1;1;1;0;0;0;0;0
200855;11;6;6010210;2019;10;10;4;3;5;3;0;0;1;0;0;0;0;0
200856;11;1;1022206;2019;10;13;4;2;2;6;0;0;0;0;1;1;0;0
200857;11;2;2040701;2019;11;21;6;3;5;3;2;1;1;0;0;0;0;1
200858;11;1;1011202;2019;10;19;6;3;5;2;2;1;1;0;0;0;0;0
200859;11;7;7040403;2019;10;12;3;2;5;3;0;1;0;0;1;0;0;0
200860;11;11;11030619;2019;10;15;5;3;0;2;1;0;1;0;0;0;1;0
200861;11;4;4030519;2019;10;8;6;3;6;4;0;0;1;1;0;0;0;0
200862;11;1;1033203;2019;10;8;2;3;5;3;0;1;1;0;0;0;0;0
200863;11;1;1011302;2019;10;14;5;2;5;3;0;1;1;0;0;0;0;0
200864;11;1;1044202;2019;11;17;7;3;2;2;2;0;1;0;0;0;0;1
200865;11;1;1044101;2019;10;15;7;3;2;6;0;0;1;0;0;0;0;0
200866;11;11;11020516;2019;10;16;3;3;5;2;1;1;0;0;0;0;1;0
200867;11;4;4051446;2019;11;13;6;3;5;3;0;1;1;0;0;0;0;0
200868;11;8;8030829;2019;10;15;6;2;5;3;0;0;1;0;1;0;0;0
200869;11;1;1011203;2019;10;18;2;3;1;5;2;1;1;0;0;0;0;1
200870;11;9;9020501;2019;10;8;5;3;5;2;0;1;1;0;0;0;0;0
200871;11;4;4041136;2019;10;8;6;3;5;2;0;1;1;0;0;0;0;0
200872;11;11;11040925;2019;10;13;1;3;2;6;0;1;1;0;0;0;0;0
200873;11;3;3030406;2019;10;6;2;3;5;2;0;1;1;0;0;0;0;0
200874;11;3;3010102;2019;10;10;5;3;0;1;0;0;1;0;0;0;0;0
200875;11;7;7040401;2019;10;7;6;3;6;2;0;0;1;1;0;0;0;0
200876;11;5;5020625;2019;10;5;2;3;2;6;1;0;1;0;0;0;0;0
200877;11;2;2010102;2019;10;19;5;3;1;5;2;1;0;0;0;0;1;0
200878;11;7;7020204;2019;11;15;7;3;6;4;0;0;1;1;0;0;0;1
200879;11;7;7010101;2019;10;14;7;3;0;5;0;1;0;0;1;0;0;0
200880;11;3;3020307;2019;10;13;3;3;2;6;0;0;1;0;0;0;0;0
200881;11;6;6010101;2019;11;10;6;3;2;6;0;0;1;0;0;0;0;0
200882;11;5;5010314;2019;10;15;6;2;0;2;0;0;1;0;0;0;1;0
200883;11;3;3071536;2019;10;17;2;3;5;3;2;0;1;0;0;0;0;1
200884;11;6;6010209;2019;10;7;5;3;2;6;0;0;1;0;0;0;0;1
200885;11;2;2010102;2019;10;1;1;3;5;2;2;0;1;0;0;0;0;0
200886;11;9;9020701;2019;10;15;4;3;5;2;0;0;1;0;0;0;0;0
200887;11;7;7010103;2019;11;18;6;3;2;2;2;1;1;0;0;0;0;1
200888;11;4;4041134;2019;10;0;7;2;1;5;2;1;1;0;0;0;0;0
200889;11;4;4030726;2019;10;20;4;3;5;3;1;0;1;0;0;0;0;0
200890;11;1;1033203;2019;11;20;6;3;5;3;2;0;1;0;0;0;0;1
200891;11;7;7040404;2019;10;20;7;3;1;7;2;0;1;0;0;0;0;0
200892;11;8;8020727;2019;10;16;3;3;0;3;0;0;0;0;1;0;1;1
200893;11;7;7020203;2019;11;9;6;3;2;2;0;0;1;0;0;0;0;0
200894;11;12;12214424;2019;10;14;6;3;5;7;0;0;1;0;1;0;0;0
200895;11;8;8010117;2019;10;16;2;3;3;6;0;0;1;0;1;0;0;0
200896;11;9;9010301;2019;10;10;5;3;3;6;0;0;1;0;0;0;0;0