OBJECTID;LAND;BEZ;LOR_ab_2021;UJAHR;UMONAT;USTUNDE;UWOCHENTAG;UKATEGORIE;UART;UTYP1;ULICHTVERH;IstRad;IstPKW;IstFuss;IstKrad;IstGkfz;IstSonstige;USTRZUSTAND
200897;11;8;8020625;2019;10;12;7;3;5;3;0;1;1;0;0;0;0;0
200898;11;1;1011302;2019;10;12;4;3;6;4;0;0;1;1;0;0;0;0
200899;11;9;9031101;2019;10;17;4;2;0;6;2;0;0;0;1;0;1;0
200900;11;2;2010104;2019;11;23;6;3;2;6;2;0;1;0;0;0;0;1
200901;11;10;10020517;2019;10;12;7;3;0;5;0;0;1;0;1;0;0;0
200902;11;6;6040804;2019;10;8;3;3;5;3;0;1;1;0;0;0;0;1
200903;11;4;4031032;2019;10;17;5;3;6;4;2;0;1;1;0;0;0;0
200904;11;3;3030405;2019;10;7;6;3;7;7;1;0;0;0;1;0;0;0
200905;11;10;10030727;2019;10;9;2;3;5;2;0;0;1;0;1;0;0;0
200906;11;1;1011204;2019;10;9;3;3;5;2;0;1;0;0;0;0;0;0
200907;11;4;4030828;2019;10;9;5;3;1;5;0;1;1;0;0;0;0;0
200908;11;10;10040933;2019;10;16;6;3;0;1;0;1;0;0;0;0;0;0
200909;11;8;8010510;2019;10;11;2;3;3;6;0;0;1;0;0;0;0;0
200910;11;10;10020414;2019;10;19;5;3;6;4;2;0;1;1;0;0;0;0
200911;11;3;3061228;2019;11;8;7;3;5;2;1;1;1;0;0;0;0;1
200912;11;3;3050920;2019;10;17;7;3;1;5;0;1;1;0;0;0;0;0
200913;11;9;9010302;2019;10;10;4;3;4;7;0;0;1;0;0;0;1;0
200914;11;7;7030303;2019;10;8;4;3;6;2;0;0;1;1;0;0;0;0
200915;11;11;11020411;2019;11;22;6;2;5;3;2;0;1;0;1;0;0;1
200916;11;10;10020517;2019;10;18;6;3;2;6;1;0;1;0;0;0;0;0
200917;11;6;6030607;2019;10;8;3;2;5;3;0;0;1;0;0;0;1;0
200918;11;6;6020306;2019;10;15;5;3;5;3;0;0;1;0;0;0;0;0
200919;11;7;7020202;2019;10;7;6;3;2;6;0;0;1;0;0;0;0;0
200920;11;12;12302110;2019;10;8;2;3;2;6;0;0;1;0;0;0;0;0
200921;11;10;10010310;2019;10;1;5;2;2;3;2;0;1;0;0;0;0;0
200922;11;1;1022206;2019;11;16;7;3;5;3;0;0;1;0;0;0;1;1
200923;11;1;1022106;2019;10;15;7;2;6;2;0;0;1;1;0;0;0;0
200924;11;10;10020413;2019;10;14;3;3;6;6;0;1;0;1;0;0;0;0
200925;11;8;8010117;2019;10;19;5;2;5;5;2;0;1;0;1;0;0;0
200926;11;4;4030828;2019;11;20;7;3;2;6;2;0;1;0;0;0;0;1
200927;11;7;7010102;2019;10;16;7;3;6;7;0;1;0;1;0;0;0;0
200928;11;3;3030716;2019;10;7;4;3;2;6;0;0;1;0;0;0;0;1
200929;11;11;11040926;2019;10;18;3;3;0;1;2;0;0;0;1;0;0;0
200930;11;1;1011102;2019;10;9;6;3;5;7;0;0;1;0;1;0;0;0
200931;11;7;7040403;2019;11;15;6;3;5;3;0;1;1;0;0;0;0;0
200932;11;9;9030903;2019;10;16;6;3;6;4;0;0;0;1;0;0;1;0
200933;11;4;4020310;2019;10;20;2;3;5;3;2;0;1;0;0;0;0;1
200934;11;6;6030606;2019;10;13;5;3;5;3;0;1;1;0;0;0;0;0
200935;11;5;5040936;2019;10;3;6;3;9;1;2;0;1;0;0;0;0;1
200936;11;7;7010102;2019;10;18;1;3;2;2;2;0;1;0;0;0;0;0
200937;11;9;9041301;2019;10;6;4;3;5;3;2;1;1;0;0;0;0;0
200938;11;2;2040502;2019;10;9;6;3;2;6;0;1;1;0;0;0;0;0
200939;11;2;2050802;2019;11;12;7;3;5;3;0;0;1;0;0;0;0;1
200940;11;4;4030725;2019;10;21;7;3;0;1;2;0;0;0;0;0;1;0
200941;11;1;1011202;2019;10;11;3;3;5;3;0;1;0;0;1;0;0;0
200942;11;2;2040701;2019;11;10;6;3;2;2;0;1;1;0;0;0;0;0
200943;11;2;2030302;2019;10;14;6;3;2;7;0;1;1;0;0;0;0;0
200944;11;7;7050501;2019;10;17;2;3;0;5;2;1;1;0;0;0;0;1
200945;11;3;3061429;2019;10;7;5;3;2;6;0;0;1;0;0;0;0;0
200946;11;5;5010208;2019;10;15;6;3;2;6;0;0;1;0;0;0;0;0
200947;11;12;12214125;2019;11;11;6;3;2;6;0;0;0;0;0;0;1;0
200948;11;4;4030930;2019;10;15;6;3;5;3;0;1;1;0;0;0;0;0
200949;11;2;2010101;2019;10;18;2;3;2;6;2;0;1;0;0;0;0;1
200950;11;3;3050919;2019;10;7;5;3;5;3;0;1;1;0;0;0;0;0
200951;11;4;4010101;2019;10;0;6;3;5;2;2;0;1;0;0;0;0;0
200952;11;1;1011401;2019;10;11;1;3;0;1;0;0;0;0;1;0;0;1
200953;11;4;4030931;2019;10;16;4;3;5;7;1;0;1;0;0;0;0;0
200954;11;10;10020414;2019;10;17;5;2;1;4;1;1;1;1;0;0;0;0
200955;11;1;1044203;2019;11;19;6;3;2;6;2;0;1;0;0;0;0;1
200956;11;4;4051551;2019;10;12;7;3;5;7;0;0;1;0;0;0;0;0
200957;11;4;4020311;2019;10;10;3;3;5;2;0;1;1;0;0;0;0;1
200958;11;10;10040828;2019;10;21;5;3;5;3;2;0;1;0;0;0;0;0
200959;11;3;3061441;2019;11;7;6;3;5;2;1;1;1;0;0;0;0;0
200960;11;1;1011203;2019;10;21;6;3;8;1;2;0;0;0;0;0;1;0
200961;11;4;4030929;2019;10;15;2;3;5;5;0;0;1;0;0;0;1;0
200962;11;2;2010102;2019;10;7;5;3;5;2;0;1;1;0;0;0;0;0
200963;11;9;9020701;2019;10;18;5;3;5;2;0;1;1;0;0;0;0;0
200964;11;8;8010118;2019;10;17;7;3;0;6;1;0;1;0;1;0;0;0
200965;11;1;1033101;2019;10;11;4;3;5;3;0;1;1;0;0;0;0;0
200966;11;10;10030724;2019;10;18;5;2;5;2;2;1;1;0;0;0;0;1
200967;11;5;5010208;2019;10;13;4;2;5;2;0;1;1;0;0;0;0;0
200968;11;1;1011203;2019;10;16;5;3;1;5;0;1;1;0;0;0;0;0
200969;11;3;3040614;2019;10;16;5;2;3;5;0;1;1;0;0;0;0;0
200970;11;2;2040502;2019;10;20;1;3;5;3;2;0;1;0;0;0;0;0
200971;11;12;12231101;2019;10;14;4;3;2;6;0;0;1;0;0;0;0;0
200972;11;12;12224230;2019;10;16;5;3;2;6;0;0;1;0;0;0;1;0
200973;11;9;9051901;2019;10;15;5;3;3;6;0;0;0;0;0;0;1;0
200974;11;4;4020310;2019;11;17;6;3;3;6;2;0;1;0;0;0;0;1
200975;11;8;8020625;2019;10;13;7;3;2;2;0;0;1;0;1;0;0;0
200976;11;8;8041035;2019;10;7;3;3;5;3;0;1;1;0;0;0;0;1
200977;11;9;9030903;2019;10;15;5;3;5;3;0;0;1;0;0;0;0;0
200978;11;7;7030302;2019;10;7;5;3;5;2;0;1;1;1;0;0;0;0
200979;11;8;8010214;2019;10;13;6;3;5;3;0;0;1;0;1;0;0;0
200980;11;3;3030715;2019;10;10;2;3;6;4;0;1;0;1;0;0;0;0
200981;11;6;6010206;2019;10;18;5;3;1;5;2;1;1;0;0;0;0;0
200982;11;4;4051551;2019;11;5;7;3;0;1;2;0;1;0;0;0;0;1
200983;11;3;3020209;2019;10;17;7;3;5;7;0;0;1;0;0;0;1;0
200984;11;11;11040926;2019;10;8;4;3;2;6;0;1;1;0;0;0;0;0
200985;11;8;8010303;2019;10;22;3;3;5;7;2;0;1;0;0;0;0;0
200986;11;4;4030828;2019;11;16;6;3;5;3;1;0;1;0;0;0;0;0
200987;11;11;11010310;2019;10;17;6;3;2;6;0;0;1;0;0;0;0;0
200988;11;7;7020204;2019;10;17;3;3;0;7;1;0;0;1;0;0;1;0
200989;11;1;1011303;2019;10;14;5;3;5;5;0;1;1;0;0;0;0;0
200990;11;8;8020625;2019;10;11;6;3;6;4;0;0;1;1;0;0;0;0
200991;11;4;4051654;2019;11;16;7;3;6;4;0;0;1;1;0;0;0;0
200992;11;8;8010214;2019;11;20;6;3;8;1;2;0;1;0;0;0;0;1
200993;11;6;6040807;2019;10;12;7;3;0;2;0;1;1;0;0;0;0;0
200994;11;8;8010214;2019;11;22;7;3;5;3;2;0;1;0;0;0;0;1
200995;11;10;10020623;2019;10;13;3;2;6;2;0;0;1;1;0;0;0;0
200996;11;4;4051551;2019;11;22;7;3;5;2;2;0;1;0;0;0;0;1
200997;11;11;11051330;2019;10;16;5;3;2;6;2;0;1;0;0;0;0;0
200998;11;3;3030406;2019;10;10;6;3;5;3;0;0;1;0;0;0;1;0
200999;11;8;8020622;2019;11;12;7;3;3;6;0;0;1;0;0;0;1;1
201000;11;11;11041128;2019;11;12;7;3;5;3;0;1;1;0;0;0;0;0
201001;11;2;2050802;2019;10;8;2;3;5;3;0;0;1;0;1;0;0;0
201002;11;7;7060603;2019;10;16;5;2;5;3;0;1;1;0;0;0;0;0
201003;11;12;12103218;2019;11;11;7;2;5;7;0;0;1;0;1;0;0;1
201004;11;9;9051901;2019;11;11;7;2;3;2;0;0;1;0;0;0;1;0
201005;11;12;12304313;2019;11;17;7;3;6;4;2;0;1;1;0;0;0;1
201006;11;4;4030930;2019;10;16;7;3;1;5;0;1;1;0;0;0;0;0
201007;11;8;8041037;2019;10;6;4;3;5;3;2;1;1;0;0;0;0;1
201008;11;7;7010104;2019;11;11;7;3;0;2;0;0;1;0;1;0;0;1
201009;11;12;12103117;2019;10;17;3;3;0;3;2;0;1;0;1;0;1;0
201010;11;3;3061131;2019;11;11;7;3;0;2;0;1;1;0;0;0;0;1
201011;11;11;11030720;2019;10;17;5;3;6;4;0;0;1;1;0;0;0;0
201012;11;6;6030609;2019;11;14;6;3;1;5;0;1;1;0;0;0;0;0
201013;11;5;5010101;2019;10;16;6;3;0;4;0;0;0;1;0;0;1;0
201014;11;10;10020414;2019;11;10;7;3;5;3;0;0;1;0;0;0;0;1
201015;11;3;3040508;2019;10;19;2;3;5;3;2;1;1;0;0;0;0;0
201016;11;11;11030721;2019;10;8;5;3;1;5;0;1;1;0;0;0;0;0
201017;11;2;2030302;2019;10;10;6;3;1;5;0;0;1;0;0;0;0;0
201018;11;12;12302109;2019;11;10;7;3;5;3;0;0;1;0;0;0;0;1
201019;11;9;9020701;2019;11;10;7;3;5;2;0;0;1;0;0;0;0;1
201020;11;6;6040702;2019;10;16;1;3;0;3;0;1;1;0;0;0;0;1
201021;11;6;6040804;2019;10;18;4;3;5;2;2;0;1;0;0;0;0;1
201022;11;6;6040810;2019;11;10;7;3;0;3;0;0;0;0;1;0;1;1
201023;11;1;1011301;2019;10;15;5;3;1;5;0;1;1;0;0;0;0;0
201024;11;1;1011201;2019;11;15;6;3;5;2;1;1;0;0;0;0;1;0
201025;11;4;4041344;2019;10;20;7;3;0;7;1;0;1;0;0;0;0;0
201026;11;2;2010102;2019;11;7;3;3;6;4;0;1;0;1;0;0;0;0
201027;11;7;7040405;2019;11;6;3;2;1;7;1;0;1;0;0;0;1;0
201028;11;6;6030504;2019;11;14;3;2;1;5;0;0;1;0;0;0;0;0
201029;11;12;12214528;2019;11;13;3;3;3;6;0;1;1;0;0;0;0;0
201030;11;1;1011104;2019;11;13;3;3;0;2;0;1;1;0;0;0;0;0
201031;11;1;1044102;2019;11;11;3;3;5;7;0;0;1;0;0;0;0;0
201032;11;1;1011204;2019;11;9;3;3;5;2;0;1;1;0;0;0;0;0
201033;11;12;12103218;2019;11;18;3;3;5;2;2;0;1;0;1;0;0;0
201034;11;12;12214125;2019;11;18;3;3;2;6;2;0;1;0;0;0;1;0
201035;11;10;10040830;2019;11;18;3;3;5;2;2;1;1;0;0;0;0;0
201036;11;9;9041601;2019;11;17;3;3;6;2;2;0;1;1;0;0;0;0
201037;11;4;4010102;2019;11;17;3;3;0;6;2;0;1;0;0;0;1;0
201038;11;7;7070703;2019;11;16;3;3;5;2;2;0;1;0;0;0;0;0
201039;11;1;1011204;2019;11;16;3;3;5;3;2;1;1;0;0;0;0;0
201040;11;11;11020412;2019;11;15;3;3;2;6;0;0;1;0;0;0;0;0
201041;11;1;1011301;2019;11;15;2;3;2;6;0;1;1;0;0;0;0;0
201042;11;9;9020802;2019;11;15;2;3;0;6;0;1;0;1;0;0;0;0
201043;11;3;3040614;2019;11;7;2;2;5;2;2;1;1;0;0;0;0;0
201044;11;1;1011102;2019;11;6;2;2;6;2;1;0;1;1;0;0;0;0
201045;11;8;8020620;2019;11;6;2;3;5;3;1;1;0;0;0;0;1;1
201046;11;1;1022104;2019;11;12;2;2;3;6;0;1;1;0;0;0;0;0
201047;11;7;7060604;2019;11;12;2;3;0;3;0;1;0;0;0;0;1;0
201048;11;1;1011303;2019;11;11;2;3;2;6;0;0;1;0;0;0;0;0
201049;11;12;12231102;2019;11;11;2;3;5;2;0;0;1;0;0;0;1;0
201050;11;12;12224230;2019;11;10;2;3;5;7;0;1;1;0;0;0;0;0
201051;11;3;3071537;2019;11;10;2;3;5;2;0;1;0;0;0;1;0;0
201052;11;6;6040809;2019;11;9;2;2;5;2;0;1;0;0;0;1;0;0
201053;11;1;1011102;2019;11;19;2;3;2;6;2;0;1;0;1;0;0;0
201054;11;11;11030619;2019;11;9;2;3;5;2;0;0;1;0;0;1;0;0
201055;11;7;7020201;2019;11;18;2;3;2;3;2;0;1;0;0;0;0;0
201056;11;2;2040502;2019;11;18;2;3;3;3;2;0;1;0;0;0;0;0
201057;11;3;3030711;2019;11;17;2;3;5;3;2;1;1;0;0;0;0;0
201058;11;3;3050920;2019;11;17;2;3;3;6;2;0;1;0;0;0;1;0
201059;11;3;3040818;2019;11;15;2;3;5;3;0;0;1;0;0;0;0;0
201060;11;6;6010207;2019;11;15;2;3;0;6;1;0;1;0;0;0;1;0
201061;11;9;9010302;2019;11;15;2;3;5;3;0;0;1;0;0;0;0;0
201062;11;1;1022103;2019;11;15;2;3;5;2;0;1;1;0;0;0;0;0
201063;11;10;10030725;2019;11;15;2;3;5;3;0;1;1;0;0;0;0;0
201064;11;3;3061228;2019;11;15;2;3;5;2;0;1;1;0;0;0;0;0
201065;11;10;10040932;2019;11;13;2;3;2;2;0;0;1;0;1;0;0;0
201066;11;9;9020802;2019;11;13;2;3;2;6;0;0;1;0;0;0;0;0
201067;11;5;5030833;2019;11;12;2;3;5;3;0;0;1;0;0;0;0;0
201068;11;6;6010205;2019;11;21;1;3;5;3;2;0;1;0;0;0;0;1
201069;11;1;1033102;2019;11;20;1;3;2;6;2;0;1;0;0;0;0;0
201070;11;7;7020201;2019;11;19;1;2;0;7;2;0;0;1;0;0;1;0
201071;11;6;6020411;2019;11;17;1;3;5;2;2;0;1;0;1;0;0;0
201072;11;8;8020625;2019;11;17;1;3;6;2;2;0;1;1;0;0;0;1
201073;11;5;5010206;2019;11;14;1;3;5;2;0;1;1;0;0;0;0;0
201074;11;12;12301203;2019;11;13;1;3;3;6;0;1;0;0;0;0;0;0
201075;11;1;1011105;2019;11;14;1;3;2;6;0;0;1;0;1;0;0;0
201076;11;3;3040513;2019;11;13;1;3;2;6;0;0;1;0;0;0;1;0
201077;11;5;5010103;2019;11;13;1;2;0;2;0;0;1;0;0;0;1;0
201078;11;2;2040703;2019;11;11;1;2;6;4;0;0;1;1;0;0;0;0
201079;11;3;3050925;2019;11;11;1;3;5;3;0;0;1;0;0;0;0;0
201080;11;11;11010309;2019;11;10;1;2;0;1;0;0;0;0;1;0;0;1
201081;11;1;1022104;2019;11;7;1;3;2;6;0;0;1;0;0;0;0;0
201082;11;7;7060601;2019;11;5;1;3;6;7;2;0;1;1;1;0;0;1
201083;11;3;3061131;2019;11;0;1;3;0;5;2;0;0;0;1;0;1;1
201084;11;11;11030721;2019;11;18;7;2;5;3;2;0;1;0;1;0;0;1
201085;11;4;4051549;2019;11;15;7;3;5;3;0;0;1;1;0;0;0;0
201086;11;1;1011103;2019;11;17;7;3;1;5;2;1;1;0;0;0;0;1
201087;11;5;5030730;2019;11;17;7;3;2;7;2;0;1;0;0;0;0;1
201088;11;1;1033101;2019;11;17;7;3;2;2;2;0;1;0;0;0;0;1
201089;11;8;8010404;2019;11;16;7;3;5;2;2;1;1;0;0;0;0;1
201090;11;4;4010101;2019;11;15;7;2;5;2;0;0;1;0;0;0;0;1
201091;11;11;11020412;2019;11;20;7;3;9;1;2;0;1;0;0;0;0;1
201092;11;9;9020501;2019;11;14;7;3;5;2;0;0;1;0;0;0;0;1
201093;11;8;8010214;2019;11;14;7;3;5;2;0;0;1;0;0;0;0;1
201094;11;1;1011402;2019;11;14;7;3;6;2;0;0;1;1;0;0;0;1
201095;11;6;6030610;2019;11;14;7;3;5;3;0;0;1;0;0;0;0;1
201096;11;5;5010310;2019;11;19;7;2;0;1;2;0;0;0;1;0;0;1
201097;11;1;1011101;2019;11;14;7;3;0;1;0;0;0;0;1;0;0;1
201098;11;8;8010211;2019;11;14;7;3;6;2;0;0;1;1;0;0;0;1
201099;11;1;1044201;2019;11;14;7;3;2;6;0;0;1;0;0;0;1;1
201100;11;1;1011303;2019;11;18;7;2;1;5;2;0;1;0;0;0;0;0
201101;11;12;12214424;2019;11;18;7;3;5;7;2;0;1;0;0;0;0;1
201102;11;1;1011302;2019;11;13;7;3;5;3;0;1;1;0;0;0;0;1
201103;11;7;7030302;2019;11;18;7;3;0;6;2;0;0;0;1;0;1;1
201104;11;7;7040404;2019;11;13;7;3;4;7;0;0;1;0;0;0;0;1
201105;11;8;8010301;2019;11;12;7;3;3;6;0;0;1;0;1;0;0;1
201106;11;9;9020502;2019;11;12;7;3;5;2;0;0;1;0;0;0;0;1
201107;11;8;8020622;2019;11;11;7;3;2;6;0;0;1;0;0;0;0;1
201108;11;8;8010118;2019;11;11;7;3;2;6;0;0;1;0;0;0;0;1
201109;11;5;5030731;2019;11;0;7;3;1;1;2;0;1;0;0;0;1;1
201110;11;2;2040703;2019;11;0;7;3;0;1;2;1;0;0;0;0;0;1
201111;11;6;6030610;2019;11;23;7;3;5;2;2;0;1;0;0;0;0;1
201112;11;1;1011306;2019;11;23;7;3;1;5;2;1;1;0;0;0;1;0
201113;11;2;2050803;2019;11;22;7;3;5;2;2;1;1;0;0;0;0;1
201114;11;12;12214125;2019;11;22;7;3;2;6;2;0;1;0;0;0;0;0
201115;11;1;1033201;2019;11;21;7;2;6;2;2;0;1;1;0;0;0;0
201116;11;5;5020626;2019;11;21;7;2;2;6;2;0;1;0;0;0;0;1
201117;11;2;2020206;2019;11;21;7;3;2;6;2;0;1;0;0;0;0;1
201118;11;1;1022206;2019;11;18;7;3;0;1;2;1;0;0;0;0;0;1
201119;11;1;1033203;2019;11;11;6;3;5;2;0;1;1;0;0;0;0;0
201120;11;10;10020517;2019;11;23;6;3;1;5;2;0;1;0;0;1;0;1
201121;11;4;4030930;2019;11;23;6;3;5;3;2;0;1;0;0;0;0;1
201122;11;2;2010104;2019;11;22;6;3;2;6;2;0;1;0;0;0;0;1
201123;11;10;10040933;2019;11;22;6;2;4;6;2;0;1;0;0;0;0;1
201124;11;5;5020521;2019;11;21;6;3;5;2;2;0;1;0;0;0;0;1
201125;11;9;9010202;2019;11;20;6;3;5;2;2;0;1;0;0;0;0;1
201126;11;2;2020206;2019;11;20;6;3;6;2;2;0;1;1;0;0;0;1
201127;11;1;1033203;2019;11;19;6;2;6;4;2;0;1;1;0;0;0;1
201128;11;5;5020625;2019;11;19;6;3;5;2;2;0;1;0;1;0;0;1
201129;11;6;6010205;2019;11;18;6;3;5;3;2;0;1;0;0;0;0;1
201130;11;12;12301203;2019;11;18;6;3;5;3;2;0;1;0;1;0;0;0
201131;11;12;12214424;2019;11;18;6;2;6;7;1;0;1;1;0;0;0;0
201132;11;3;3040818;2019;11;10;6;3;5;2;0;0;1;0;1;0;0;0
201133;11;2;2020204;2019;11;9;6;3;3;6;0;0;1;0;0;0;0;0
201134;11;11;11020515;2019;11;14;6;2;6;4;0;0;0;1;0;1;0;0
201135;11;5;5020523;2019;11;9;6;3;5;5;0;0;1;0;0;0;0;0
201136;11;3;3040512;2019;11;14;6;3;5;3;0;0;1;0;0;0;0;0
201137;11;8;8010117;2019;11;13;6;3;5;2;0;1;1;0;0;0;0;0
201138;11;12;12214422;2019;11;8;6;3;1;5;0;0;1;0;0;0;0;0
201139;11;8;8010212;2019;11;11;6;3;1;7;0;0;1;0;0;0;0;0
201140;11;4;4030519;2019;11;11;6;3;5;3;0;0;1;0;1;0;0;0
201141;11;2;2020206;2019;11;11;6;3;2;6;0;0;1;0;0;0;0;0
201142;11;2;2040502;2019;11;8;6;3;5;3;0;1;0;0;1;0;0;0
201143;11;7;7070702;2019;11;7;6;3;5;3;0;1;1;0;0;0;0;0
201144;11;7;7060604;2019;11;6;6;3;0;2;1;1;1;0;0;0;0;0
201145;11;5;5010314;2019;11;6;6;3;9;1;2;0;1;0;0;0;0;0
201146;11;11;11030618;2019;11;17;6;2;6;4;2;0;1;1;0;0;0;0
201147;11;4;4030725;2019;11;17;6;3;1;5;2;1;1;0;0;0;0;1
201148;11;4;4020314;2019;11;17;6;3;3;2;2;0;1;0;0;1;0;1
201149;11;8;8010303;2019;11;17;6;3;6;4;2;0;0;1;0;0;1;0
201150;11;12;12304314;2019;11;16;6;3;5;2;1;1;1;0;0;0;0;1
201151;11;8;8010118;2019;11;16;6;3;1;5;2;1;1;0;0;0;0;0
201152;11;8;8041036;2019;11;13;6;3;6;4;0;0;1;1;0;0;0;0
201153;11;1;1033101;2019;11;16;6;3;6;4;1;0;1;1;0;0;0;1
201154;11;5;5010314;2019;11;15;6;3;2;7;1;1;1;0;0;0;0;1
201155;11;5;5020524;2019;11;16;6;3;6;2;1;0;1;1;0;0;0;1
201156;11;2;2030302;2019;11;9;6;3;3;5;0;1;1;0;0;0;0;0
201157;11;3;3020209;2019;11;15;6;3;1;5;0;1;1;0;0;0;0;0
201158;11;4;4031032;2019;11;15;6;3;5;2;1;0;1;0;0;0;0;0
201159;11;3;3061131;2019;11;15;6;3;5;3;0;1;1;0;0;0;0;0
201160;11;9;9051801;2019;11;15;6;3;5;3;0;1;1;0;0;0;0;0
201161;11;1;1022106;2019;11;15;6;3;2;6;0;1;1;0;0;0;0;2
201162;11;4;4030930;2019;11;15;6;3;5;2;0;1;0;0;1;0;0;0
201163;11;2;2040701;2019;11;16;5;3;6;4;1;0;1;1;0;0;0;1
201164;11;1;1011105;2019;11;8;5;3;0;5;1;1;1;0;0;0;0;0
201165;11;2;2010104;2019;11;20;5;3;2;2;2;0;1;0;0;0;0;0
201166;11;10;10010311;2019;11;20;5;3;9;1;2;0;1;0;0;0;0;0
201167;11;12;12302107;2019;11;19;5;3;6;2;2;0;1;1;0;0;0;0
201168;11;8;8010212;2019;11;17;5;3;0;6;2;0;1;0;0;0;1;0
201169;11;11;10010203;2019;11;17;5;3;2;6;2;0;1;0;0;0;0;0
201170;11;1;1033203;2019;11;17;5;3;6;2;2;0;1;1;0;0;0;0
201171;11;6;6010102;2019;11;17;5;3;3;2;1;1;1;0;0;0;0;0
201172;11;11;11051332;2019;11;16;5;3;0;2;2;0;1;0;0;0;1;0
201173;11;2;2030301;2019;11;18;5;3;3;5;2;1;1;0;0;0;0;0
201174;11;1;1011203;2019;11;15;5;3;2;2;0;1;1;0;0;0;0;0
201175;11;1;1044202;2019;11;15;5;3;2;2;0;0;1;0;0;0;0;0
201176;11;9;9020501;2019;11;14;5;3;2;6;0;0;1;0;0;0;0;0
201177;11;7;7010102;2019;11;17;5;3;5;2;2;0;1;0;1;0;0;0
201178;11;9;9031101;2019;11;17;5;3;5;2;2;0;1;0;0;0;1;0
201179;11;3;3020209;2019;11;13;5;2;5;3;0;0;1;0;0;0;0;2
201180;11;6;6040804;2019;11;17;5;2;1;5;2;1;1;0;0;0;0;1
201181;11;12;12304314;2019;11;12;5;3;2;6;0;0;1;0;0;0;0;0
201182;11;2;2040502;2019;11;12;5;3;4;6;0;1;0;0;0;0;1;0
201183;11;4;4030519;2019;11;8;5;3;6;7;0;0;0;1;0;0;1;0
201184;11;11;11030720;2019;11;8;5;3;0;2;0;1;1;0;0;0;0;0
201185;11;1;1011102;2019;11;8;5;3;1;5;0;1;1;0;0;0;1;1
201186;11;4;4041344;2019;11;7;5;3;5;3;0;1;1;0;0;0;0;0
201187;11;3;3040513;2019;11;7;5;3;2;1;0;0;1;0;0;0;0;1
201188;11;7;7040403;2019;11;7;5;3;5;2;0;1;1;0;0;0;0;0
201189;11;5;5010206;2019;11;5;5;3;6;4;2;0;0;1;0;0;1;1
201190;11;6;6030501;2019;11;14;4;3;6;4;0;0;1;1;0;0;0;0
201191;11;1;1011204;2019;11;8;4;3;5;3;0;1;1;0;0;0;0;1
201192;11;7;7050501;2019;11;8;4;2;0;5;0;0;1;0;0;0;1;1
201193;11;1;1022207;2019;11;9;4;3;5;2;0;1;1;0;0;0;0;1
201194;11;11;11020513;2019;11;8;4;3;6;4;0;0;1;1;0;0;0;1
201195;11;8;8010117;2019;11;8;4;3;3;6;0;0;1;0;0;1;0;1
201197;11;10;10030724;2019;11;7;4;3;6;2;1;0;1;1;0;0;0;1
201198;11;3;3050920;2019;11;6;4;3;0;3;0;0;1;0;1;0;0;1
201199;11;11;11020412;2019;11;6;4;3;5;2;2;1;1;0;0;0;0;1
201200;11;4;4051551;2019;11;1;4;3;5;2;2;0;1;0;0;0;1;1
201201;11;6;6020409;2019;11;23;4;3;8;1;2;0;1;0;0;0;0;0
201202;11;7;7050505;2019;11;18;4;3;0;2;2;0;1;0;1;0;0;1
201203;11;4;4030725;2019;11;20;4;3;0;5;2;0;1;0;1;0;0;1
201204;11;1;1033202;2019;11;6;4;3;0;5;2;0;1;0;0;0;1;1
201205;11;9;9020802;2019;11;17;4;3;5;2;2;1;1;0;0;0;0;1
201206;11;2;2030301;2019;11;16;4;3;0;5;1;1;1;0;0;0;0;1
201207;11;1;1022201;2019;11;18;4;3;6;7;2;0;0;1;0;0;1;1
201208;11;3;3051017;2019;11;16;4;2;6;2;2;0;1;1;0;0;0;1
201209;11;3;3040818;2019;11;16;4;2;5;3;2;0;1;0;0;0;0;1
201210;11;1;1033202;2019;11;15;4;2;5;3;1;1;1;0;0;0;0;1
201211;11;11;11041128;2019;11;15;4;3;5;3;0;1;1;0;0;0;0;1
201212;11;1;1011305;2019;11;19;4;3;5;2;2;0;1;0;0;0;1;1
201213;11;1;1044203;2019;11;15;4;3;2;6;0;0;1;0;0;0;0;1
201214;11;12;12214424;2019;11;15;4;3;5;3;0;0;1;0;0;0;0;1
201215;11;11;11040925;2019;11;14;4;3;5;3;0;1;1;0;0;0;0;1
201216;11;2;2050802;2019;11;14;4;2;6;4;0;0;1;1;0;0;0;1
201217;11;9;9020702;2019;11;13;4;3;3;6;0;1;0;0;0;0;1;1
201218;11;7;7040401;2019;11;13;4;3;1;5;0;1;1;0;0;0;0;1
201219;11;3;3040512;2019;11;13;4;3;5;3;0;0;1;0;0;0;0;1
201220;11;11;11051330;2019;11;11;4;3;5;3;0;0;1;0;1;0;0;1
201221;11;8;8010405;2019;11;11;4;3;5;3;0;1;1;0;0;0;0;1