OBJECTID;LAND;BEZ;LOR_ab_2021;UJAHR;UMONAT;USTUNDE;UWOCHENTAG;UKATEGORIE;UART;UTYP1;ULICHTVERH;IstRad;IstPKW;IstFuss;IstKrad;IstGkfz;IstSonstige;USTRZUSTAND
201222;11;6;6030605;2019;11;10;4;3;2;6;0;0;1;0;1;0;0;1
201223;11;10;10040830;2019;11;9;4;2;5;3;0;0;1;0;0;0;0;1
201224;11;1;1011304;2019;11;8;4;3;5;2;0;1;1;0;0;0;0;1
201225;11;1;1011301;2019;11;16;4;3;0;1;2;0;0;0;1;0;0;1
201226;11;6;6010210;2019;11;9;3;3;6;7;0;0;1;1;0;0;0;0
201227;11;2;2050801;2019;11;17;3;3;0;7;2;0;0;0;1;0;0;1
201228;11;1;1022104;2019;11;21;3;3;1;5;2;1;1;0;0;0;0;0
201229;11;7;7030303;2019;11;20;3;3;1;6;2;0;1;0;0;0;0;0
201230;11;1;1011105;2019;11;18;3;3;5;2;2;0;1;0;1;0;0;1
201231;11;2;2030301;2019;11;19;3;2;6;4;2;0;1;1;0;0;0;1
201232;11;11;11030619;2019;11;19;3;3;2;6;2;0;1;0;0;0;0;1
201233;11;7;7040403;2019;11;22;3;3;5;2;2;0;1;0;1;0;0;0
201234;11;12;12103117;2019;11;21;3;3;6;2;2;0;1;1;0;0;0;1
201235;11;8;8010404;2019;11;0;3;3;6;2;2;0;1;1;0;0;0;0
201236;11;1;1011204;2019;11;11;3;3;6;7;0;0;1;1;0;0;0;1
201237;11;6;6020302;2019;11;10;3;3;2;2;0;0;1;0;0;0;1;0
201238;11;3;3010101;2019;11;10;3;3;0;3;0;0;1;0;1;0;0;1
201239;11;8;8010301;2019;11;10;3;3;1;5;0;1;1;0;0;0;0;0
201240;11;1;1011102;2019;11;9;3;3;6;4;0;1;0;1;0;0;0;1
201241;11;3;3030406;2019;11;9;3;2;0;2;0;0;1;0;0;0;1;0
201242;11;3;3050923;2019;11;9;3;3;0;1;0;0;0;0;1;0;0;0
201243;11;8;8030831;2019;11;8;3;3;5;3;0;0;1;0;0;0;0;1
201244;11;3;3050923;2019;11;8;3;2;0;3;0;1;1;0;0;0;0;1
201245;11;6;6010206;2019;11;8;3;2;6;4;0;0;1;1;0;0;0;1
201246;11;7;7020203;2019;11;7;3;3;6;4;0;0;1;1;0;0;0;0
201247;11;1;1044201;2019;11;8;3;3;0;4;0;0;0;1;1;0;0;1
201248;11;2;2020203;2019;11;7;3;3;1;5;0;0;1;0;0;0;0;0
201249;11;11;11010310;2019;11;7;3;3;5;2;0;1;0;0;0;0;1;0
201250;11;11;11030618;2019;11;7;3;3;0;1;0;1;0;0;0;0;0;1
201251;11;11;11030618;2019;11;6;3;3;5;2;1;1;0;0;0;0;0;0
201252;11;3;3040614;2019;11;2;3;3;8;1;2;0;1;0;0;0;0;1
201253;11;4;4010102;2019;11;18;3;3;0;1;2;1;0;0;0;0;0;0
201254;11;3;3040614;2019;11;17;3;3;0;1;1;0;0;0;1;0;0;1
201255;11;7;7020204;2019;11;17;3;3;0;1;2;0;0;0;1;0;0;1
201256;11;12;12214125;2019;11;16;3;3;5;3;2;1;1;0;0;0;0;1
201257;11;7;7020204;2019;11;16;3;3;3;6;0;0;1;0;1;0;0;1
201258;11;11;11030721;2019;11;17;3;3;5;7;2;0;1;0;1;0;0;1
201259;11;1;1011302;2019;11;15;3;3;0;4;1;1;0;1;0;0;0;1
201260;11;2;2040502;2019;11;15;3;3;5;2;1;1;1;0;0;0;0;1
201261;11;4;4041238;2019;11;15;3;3;5;2;0;1;1;0;0;0;0;1
201262;11;7;7050501;2019;11;15;3;3;1;5;0;0;1;0;0;0;0;0
201263;11;2;2030301;2019;11;14;3;3;5;3;0;1;1;0;0;0;0;1
201264;11;2;2020203;2019;11;14;3;2;5;2;0;1;1;0;0;0;0;1
201265;11;9;9010401;2019;11;16;3;3;2;6;2;0;1;0;0;0;0;0
201266;11;1;1011203;2019;11;13;3;3;5;2;0;1;1;0;0;0;0;1
201267;11;1;1033201;2019;11;12;3;3;5;3;0;0;1;0;1;0;0;0
201268;11;6;6040810;2019;11;12;3;3;5;3;0;1;1;0;0;0;0;0
201269;11;7;7010102;2019;11;12;3;3;0;1;0;0;0;0;1;0;0;1
201270;11;3;3040614;2019;11;12;3;3;5;3;0;1;0;0;0;0;0;0
201271;11;1;1022104;2019;11;11;3;3;3;6;0;1;1;0;0;0;0;1
201272;11;4;4041238;2019;11;5;3;3;1;5;2;1;1;0;0;0;0;0
201273;11;1;1022201;2019;11;22;2;3;0;1;2;0;0;0;1;0;0;1
201274;11;1;1011305;2019;11;21;2;3;2;2;2;0;1;0;1;0;0;1
201275;11;1;1022207;2019;11;20;2;3;2;6;2;0;1;0;0;0;1;1
201276;11;1;1044103;2019;11;18;2;3;7;7;1;1;0;0;0;0;0;1
201277;11;4;4030828;2019;11;19;2;3;6;4;2;0;1;1;0;0;0;1
201278;11;1;1044202;2019;11;17;2;3;1;5;2;0;1;0;0;0;1;1
201279;11;7;7050503;2019;11;13;2;3;2;6;0;0;1;0;0;0;0;1
201280;11;7;7010102;2019;11;14;2;3;6;4;0;0;1;1;0;0;0;0
201281;11;12;12301205;2019;11;14;2;3;5;7;0;0;1;0;0;0;0;1
201282;11;12;12103218;2019;11;18;2;3;5;2;1;1;1;0;0;0;0;1
201283;11;9;9051901;2019;11;14;2;3;5;7;0;0;1;0;0;0;1;0
201284;11;3;3050920;2019;11;14;2;3;6;4;0;0;1;1;0;0;0;1
201285;11;12;12302107;2019;11;18;2;3;5;3;1;0;1;0;0;0;0;1
201286;11;4;4051448;2019;11;18;2;3;5;2;2;0;1;0;1;0;0;1
201287;11;7;7050503;2019;11;14;2;3;6;4;0;0;1;1;0;0;0;0
201288;11;6;6030609;2019;11;18;2;3;5;2;2;1;1;0;0;0;0;1
201289;11;5;5030730;2019;11;18;2;3;2;6;2;0;1;0;0;0;0;1
201290;11;2;2020203;2019;11;13;2;3;2;6;1;0;1;0;0;0;0;1
201291;11;9;9010201;2019;11;17;2;3;6;2;2;0;1;1;0;0;0;1
201292;11;1;1044203;2019;11;13;2;3;0;3;0;0;1;0;1;0;0;1
201293;11;7;7060603;2019;11;13;2;3;1;5;0;0;1;0;0;0;0;0
201294;11;3;3030406;2019;11;13;2;3;5;3;0;0;1;0;0;0;1;1
201295;11;4;4051445;2019;11;13;2;3;5;3;0;0;1;0;0;0;0;1
201296;11;6;6020305;2019;11;12;2;2;5;3;0;1;1;0;0;0;0;1
201297;11;10;10040931;2019;11;12;2;3;0;3;0;0;1;0;0;0;0;1
201298;11;1;1044203;2019;11;16;2;3;6;4;2;0;1;1;0;0;0;1
201299;11;4;4020311;2019;11;15;4;2;6;7;0;0;1;1;0;0;0;0
201300;11;1;1022106;2019;11;15;4;2;5;2;0;1;1;0;0;0;0;0
201301;11;12;12103218;2019;11;16;2;3;1;5;1;1;0;0;0;0;1;0
201302;11;8;8010508;2019;11;10;2;2;5;2;0;1;0;0;0;1;0;1
201303;11;6;6030605;2019;11;15;2;3;5;2;0;0;0;0;1;1;0;0
201304;11;8;8010213;2019;11;15;4;3;6;4;0;0;1;1;0;0;0;0
201305;11;5;5030833;2019;11;10;2;3;4;6;0;0;1;0;0;0;0;1
201306;11;4;4030724;2019;11;10;4;3;2;6;0;1;1;0;0;0;0;0
201307;11;9;9020801;2019;11;9;2;3;3;6;0;0;1;0;0;0;0;1
201308;11;1;1022104;2019;11;6;2;3;6;2;1;0;1;1;0;0;0;0
201309;11;8;8010510;2019;11;8;4;3;0;3;0;0;1;0;0;0;1;0
201310;11;8;8041036;2019;11;8;2;3;5;3;0;1;1;0;0;0;0;1
201311;11;6;6040810;2019;11;7;2;3;5;2;0;1;1;0;0;0;0;1
201312;11;9;9010302;2019;11;7;2;3;2;6;0;0;1;0;0;0;0;1
201313;11;12;12103117;2019;11;8;4;3;5;2;0;0;1;0;0;0;0;0
201314;11;11;11041128;2019;11;6;2;3;5;2;1;0;1;0;1;0;0;1
201315;11;1;1033203;2019;11;7;2;3;0;6;1;1;1;0;0;0;0;1
201316;11;11;11051330;2019;11;7;4;3;5;3;0;1;1;0;0;0;0;0
201317;11;5;5020627;2019;11;7;2;3;5;2;0;0;1;0;0;0;1;1
201318;11;10;10020622;2019;11;6;4;2;5;2;2;0;1;0;1;0;0;0
201319;11;7;7040402;2019;11;6;2;3;6;2;1;0;1;1;0;0;0;1
201320;11;11;11040925;2019;11;6;2;3;6;4;2;0;0;1;1;0;0;1
201321;11;1;1011102;2019;11;8;4;3;2;3;0;1;0;0;0;0;0;0
201322;11;3;3061430;2019;11;16;4;3;5;2;2;1;0;0;0;0;1;0
201323;11;12;12304314;2019;11;13;1;3;0;7;0;0;0;0;1;0;0;1
201324;11;12;12302109;2019;11;5;1;2;1;5;2;0;1;0;0;0;0;1
201325;11;9;9010402;2019;11;11;3;3;5;7;0;0;0;0;0;0;1;0
201326;11;1;1022106;2019;11;10;3;3;2;2;0;0;1;0;0;0;0;0
201327;11;2;2050802;2019;11;3;1;3;0;1;2;1;0;1;0;0;0;1
201328;11;3;3020210;2019;11;1;1;3;2;6;2;0;1;0;1;0;0;1
201329;11;8;8020622;2019;11;17;1;3;2;7;2;0;1;0;0;0;0;1
201330;11;2;2050801;2019;11;10;3;3;5;2;0;1;0;0;0;0;1;0
201331;11;9;9041501;2019;11;17;1;3;0;1;2;1;0;0;0;0;0;1
201332;11;1;1033202;2019;11;8;3;3;5;2;0;1;1;0;0;0;0;0
201333;11;1;1033102;2019;11;15;1;3;5;3;0;1;1;0;0;0;0;1
201334;11;1;1044201;2019;11;15;1;3;2;6;0;0;1;0;0;0;0;0
201335;11;11;11051331;2019;11;8;3;3;5;3;0;0;1;0;0;0;1;0
201336;11;3;3040513;2019;11;15;1;3;5;3;0;1;1;0;0;0;0;1
201337;11;5;5030833;2019;11;14;1;3;0;7;0;0;0;0;1;0;0;1
201338;11;1;1033101;2019;11;15;1;3;5;3;0;0;1;0;0;0;0;0
201339;11;5;5010339;2019;11;8;3;3;5;7;0;0;1;0;0;0;0;0
201340;11;2;2040502;2019;11;8;3;3;2;6;0;0;1;0;0;0;0;0
201341;11;3;3051017;2019;11;14;1;3;0;1;0;1;0;0;0;0;0;1
201342;11;2;2050802;2019;11;6;1;3;1;5;2;0;1;0;0;0;0;1
201343;11;1;1011301;2019;11;8;3;2;5;2;0;1;1;0;0;0;0;0
201344;11;6;6040807;2019;11;21;1;3;2;7;2;0;1;0;0;0;0;1
201345;11;4;4030726;2019;11;19;5;3;6;2;2;0;1;1;0;0;0;1
201346;11;5;5020523;2019;11;18;5;3;5;3;2;0;0;0;1;0;0;1
201347;11;12;12214424;2019;11;18;5;3;6;4;2;0;1;1;0;0;0;1
201348;11;9;9010302;2019;11;7;5;3;2;6;0;0;1;0;0;1;0;0
201349;11;8;8020727;2019;11;6;5;3;6;4;1;0;1;1;0;0;0;0
201350;11;3;3061126;2019;11;5;5;3;6;4;2;0;1;1;0;0;0;1
201351;11;5;5010314;2019;11;7;5;3;5;2;0;0;1;0;0;0;1;0
201352;11;3;3020307;2019;11;8;4;3;0;2;0;1;1;0;0;0;0;1
201353;11;2;2040701;2019;11;21;4;3;5;3;2;0;1;0;0;0;0;1
201354;11;11;11010310;2019;11;19;4;3;6;4;2;0;1;1;0;0;0;0
201355;11;3;3030406;2019;11;19;4;3;5;3;2;0;1;0;0;0;0;1
201356;11;2;2020206;2019;11;17;4;3;4;7;2;1;0;0;0;0;0;1
201357;11;1;1033202;2019;11;17;4;3;5;3;2;1;1;0;0;0;0;1
201358;11;10;10040828;2019;11;17;4;3;5;3;2;0;1;0;0;1;0;1
201359;11;10;10010309;2019;11;17;4;3;5;2;2;1;1;0;0;0;0;1
201360;11;5;5030731;2019;11;16;4;3;5;3;2;0;1;0;0;0;0;0
201361;11;9;9010301;2019;11;22;4;3;0;1;2;0;0;0;0;0;1;0
201362;11;8;8010118;2019;11;22;4;3;0;7;2;0;1;0;1;0;0;0
201363;11;2;2020203;2019;11;19;4;3;0;2;2;0;1;0;1;0;0;1
201364;11;4;4051445;2019;11;21;4;3;5;3;2;0;1;0;0;0;0;0
201365;11;9;9020701;2019;11;12;4;3;5;3;0;0;1;0;0;0;0;1
201366;11;7;7060604;2019;11;11;4;3;9;1;0;0;1;0;0;0;0;1
201367;11;8;8010404;2019;11;10;4;3;2;6;0;1;1;0;0;0;0;1
201368;11;1;1011202;2019;11;10;4;2;2;6;0;1;1;0;0;0;0;1
201369;11;2;2050802;2019;11;10;4;3;5;7;0;1;1;0;0;0;0;1
201370;11;8;8010301;2019;11;10;4;3;0;6;0;0;1;0;1;0;0;1
201371;11;7;7050505;2019;11;9;4;3;4;7;0;1;0;0;0;0;0;0
201372;11;11;11020514;2019;11;9;4;3;6;4;0;0;1;1;0;0;0;1
201373;11;5;5010101;2019;11;8;4;3;0;1;0;0;0;0;1;0;0;1
201374;11;4;4020313;2019;11;8;4;2;6;4;0;0;0;1;1;0;0;1
201375;11;4;4051446;2019;11;8;4;2;6;2;0;0;0;1;0;1;0;1
201376;11;4;4030827;2019;11;8;4;3;2;6;0;0;1;0;0;0;0;1
201377;11;4;4030621;2019;11;6;4;3;6;4;1;0;1;1;0;0;0;1
201378;11;6;6030610;2019;11;7;4;2;5;2;0;1;1;0;0;0;0;1
201379;11;7;7060604;2019;11;7;4;3;3;6;2;0;1;0;0;1;0;1
201380;11;4;4030518;2019;11;7;4;3;5;2;0;0;1;0;0;0;1;1
201381;11;9;9010302;2019;11;16;4;2;5;3;2;1;1;0;0;0;0;0
201382;11;4;4030931;2019;11;15;4;3;6;4;1;1;0;1;0;0;0;0
201383;11;12;12214527;2019;11;14;4;3;0;1;0;0;1;0;1;0;0;1
201384;11;11;11020514;2019;11;14;4;3;6;4;0;0;0;1;0;0;1;1
201385;11;8;8020727;2019;11;13;4;3;4;6;0;0;1;0;0;0;0;1
201386;11;5;5020523;2019;11;7;4;3;5;2;0;0;1;0;1;0;0;1
201387;11;4;4030931;2019;11;7;4;3;0;3;1;1;1;0;0;0;0;1
201388;11;4;4030415;2019;11;6;4;3;6;2;2;0;1;1;0;0;0;1
201389;11;1;1011302;2019;11;9;4;3;3;6;0;1;1;0;0;0;0;1
201390;11;5;5030731;2019;11;6;4;3;7;7;2;1;0;0;0;0;0;1
201391;11;1;1033203;2019;11;5;4;2;5;2;2;1;1;0;0;0;0;1
201392;11;1;1011402;2019;11;4;4;3;0;1;2;0;0;0;0;0;1;1
201393;11;3;3071537;2019;11;13;3;3;6;4;0;0;1;1;0;0;0;1
201394;11;1;1033102;2019;11;22;3;3;5;2;2;0;1;0;0;0;1;1
201395;11;1;1011302;2019;11;22;3;2;6;4;2;0;0;1;1;0;0;1
201396;11;4;4030518;2019;11;23;3;3;2;6;2;0;1;0;0;0;0;1
201397;11;11;11010103;2019;11;21;3;3;5;3;2;1;1;0;0;0;0;1
201398;11;7;7040406;2019;11;19;3;3;1;5;2;0;1;0;0;0;1;0
201399;11;1;1011202;2019;11;19;3;3;6;7;2;0;1;1;0;0;0;1
201400;11;5;5010206;2019;11;19;3;3;6;2;2;0;1;1;0;0;0;1
201401;11;7;7020203;2019;11;20;3;2;6;2;2;0;1;1;0;0;0;1
201402;11;3;3061126;2019;11;18;3;3;6;4;2;0;1;1;0;0;0;1
201403;11;10;10010204;2019;11;17;3;3;2;6;2;0;1;0;0;0;0;0
201404;11;7;7040403;2019;11;17;3;3;6;2;2;0;1;1;0;0;0;0
201405;11;8;8020622;2019;11;17;3;2;6;4;1;0;1;1;0;0;0;0
201406;11;8;8020620;2019;11;16;3;3;2;6;2;0;1;0;0;1;0;0
201407;11;11;11041022;2019;11;16;3;3;5;2;2;1;1;0;0;0;0;0
201408;11;4;4020310;2019;11;15;3;3;5;2;0;0;1;0;0;0;1;0
201409;11;4;4030623;2019;11;14;3;3;5;3;0;1;1;0;0;0;0;0
201410;11;5;5010314;2019;11;15;3;2;0;4;1;0;0;1;1;0;0;0
201411;11;7;7070704;2019;11;19;3;2;1;7;2;0;1;0;0;0;0;0
201412;11;7;7020203;2019;11;14;3;3;5;7;0;0;1;0;0;0;0;0
201413;11;9;9041401;2019;11;14;3;3;2;6;0;0;1;0;0;0;0;0
201414;11;4;4010102;2019;11;14;3;3;5;2;0;0;1;0;0;0;0;0
201415;11;4;4010101;2019;11;15;3;3;2;6;0;0;1;0;0;0;0;0
201416;11;1;1033203;2019;11;11;3;3;1;5;0;0;1;0;0;0;0;0
201417;11;11;11030720;2019;11;11;3;3;2;6;0;0;1;0;0;0;0;0
201418;11;7;7040403;2019;11;9;3;3;1;5;0;1;1;0;0;0;0;0
201419;11;9;9020802;2019;11;10;3;2;6;7;0;0;1;1;0;0;0;0
201420;11;2;2050601;2019;11;6;3;3;5;2;2;1;1;0;0;0;0;0
201421;11;8;8010510;2019;11;9;3;3;5;3;0;0;1;0;0;0;1;0
201422;11;8;8010404;2019;11;9;3;3;0;7;0;0;1;0;0;0;0;0
201423;11;4;4051446;2019;11;8;3;3;5;2;0;1;1;0;0;0;0;0
201424;11;1;1011402;2019;11;8;3;3;5;3;0;1;1;0;0;0;0;0
201425;11;7;7040405;2019;11;8;3;3;5;3;0;0;1;0;0;0;0;0
201426;11;9;9010401;2019;11;7;3;3;2;2;0;1;1;0;0;0;0;1
201427;11;2;2030402;2019;11;7;3;3;8;1;1;1;0;0;0;0;0;1
201428;11;3;3030715;2019;11;7;3;2;6;2;0;0;0;1;0;1;0;0
201429;11;5;5010314;2019;11;8;2;3;5;2;0;1;1;0;0;0;0;0
201430;11;8;8020625;2019;11;17;2;3;6;2;2;0;1;1;0;0;0;1
201431;11;9;9031001;2019;11;18;2;3;5;2;2;1;0;0;0;1;0;1
201432;11;4;4051655;2019;11;18;2;3;2;7;2;0;1;0;0;0;0;1
201433;11;1;1022206;2019;11;17;2;3;0;1;2;1;0;0;0;0;0;1
201434;11;6;6040810;2019;11;16;2;3;5;3;2;0;1;0;0;0;0;1
201435;11;3;3061126;2019;11;17;2;3;5;2;2;1;1;0;0;0;0;1
201436;11;2;2050802;2019;11;18;2;3;0;7;2;1;0;0;0;0;0;0
201437;11;1;1011301;2019;11;16;2;3;6;2;1;0;1;1;0;0;0;1
201438;11;12;12103117;2019;11;16;2;3;6;6;2;0;1;1;0;0;0;1
201439;11;11;11030618;2019;11;16;2;3;0;3;2;0;1;0;0;0;1;1
201440;11;4;4051448;2019;11;17;2;3;5;3;2;0;1;0;0;0;0;1
201441;11;9;9030901;2019;11;17;2;2;6;4;2;0;1;1;0;0;0;1
201442;11;10;10010309;2019;11;15;2;3;5;2;0;1;1;0;0;0;0;1
201443;11;1;1011202;2019;11;17;2;3;6;4;2;1;0;1;0;0;0;1
201444;11;2;2040701;2019;11;15;2;3;5;3;0;1;0;0;0;0;1;1
201445;11;3;3020209;2019;11;13;2;2;5;3;1;1;1;0;0;0;0;1
201446;11;7;7040401;2019;11;17;2;2;6;2;2;0;1;1;0;0;0;1
201447;11;12;12304314;2019;11;13;2;3;5;3;0;0;1;0;0;0;0;1
201448;11;4;4051551;2019;11;13;2;3;2;3;0;1;1;0;0;0;0;1
201449;11;5;5020627;2019;11;17;2;3;2;6;2;0;1;0;0;0;1;1
201450;11;12;12302211;2019;11;17;2;3;6;2;2;0;0;1;0;0;1;1
201451;11;12;12214422;2019;11;12;2;2;5;2;0;1;0;0;0;1;0;0
201452;11;10;10040931;2019;11;19;2;3;1;5;2;0;1;0;1;0;0;1
201453;11;1;1022106;2019;11;12;2;2;5;2;0;0;1;0;1;0;0;1
201454;11;1;1011302;2019;11;19;2;3;2;6;2;0;1;0;1;0;0;1
201455;11;4;4010101;2019;11;10;2;3;5;2;0;0;1;0;0;0;1;1
201456;11;5;5020521;2019;11;9;2;2;5;2;0;0;1;0;0;0;0;0
201457;11;6;6010207;2019;11;9;2;3;2;2;0;0;1;0;0;0;0;1
201458;11;3;3040614;2019;11;9;2;3;6;4;0;0;1;1;0;0;0;0
201459;11;9;9020601;2019;11;8;2;2;6;4;0;0;1;1;0;0;0;1
201460;11;9;9051901;2019;11;8;2;3;5;2;0;1;1;0;0;0;0;1
201461;11;1;1022104;2019;11;8;2;3;5;2;0;1;0;0;0;0;1;0
201462;11;1;1011301;2019;11;8;2;3;0;1;0;1;0;0;0;0;0;1
201463;11;7;7050501;2019;11;7;2;3;2;6;0;0;1;0;1;0;0;1
201464;11;8;8010301;2019;11;7;2;3;1;5;0;1;1;0;0;0;1;1
201465;11;6;6020409;2019;11;7;2;3;6;4;0;0;1;1;0;0;0;1
201466;11;12;12214125;2019;11;6;2;2;5;2;2;0;1;0;0;0;1;1
201467;11;2;2040703;2019;11;16;1;2;6;4;2;0;1;1;0;0;0;1
201468;11;12;12103219;2019;11;15;1;3;0;3;0;0;1;0;1;0;0;1
201469;11;3;3050925;2019;11;15;1;3;5;3;0;1;1;0;0;0;0;1
201470;11;9;9020802;2019;11;14;1;3;1;7;0;1;0;0;0;0;1;1
201471;11;9;9051801;2019;11;13;1;3;0;7;0;0;0;0;1;0;0;1
201472;11;2;2010101;2019;11;10;1;3;5;3;0;0;1;0;0;0;0;1
201473;11;6;6030504;2019;11;9;1;3;5;3;0;0;1;0;0;0;0;1
201474;11;12;12231101;2019;11;8;1;3;5;3;0;0;1;0;1;0;0;1
201475;11;8;8010118;2019;11;17;1;2;6;4;2;0;1;1;0;0;0;1
201476;11;2;2020203;2019;11;2;1;3;1;5;2;1;1;0;0;0;0;0
201477;11;1;1033102;2019;11;23;1;3;5;3;2;0;1;0;0;0;0;1
201478;11;12;12301203;2019;11;6;1;3;8;1;2;0;1;0;0;0;0;1
201479;11;11;11040925;2019;11;21;1;3;4;1;2;0;1;0;0;0;0;1
201480;11;3;3061228;2019;11;20;1;3;5;2;2;1;1;0;0;0;0;1
201481;11;8;8020726;2019;11;20;1;2;6;3;2;0;1;1;0;0;0;1
201482;11;8;8010117;2019;11;17;1;3;6;4;2;0;1;1;0;0;0;1
201483;11;9;9010301;2019;11;17;1;2;5;2;2;0;1;0;0;0;0;1
201484;11;7;7020203;2019;11;15;1;3;1;7;1;0;1;0;0;0;1;1
201485;11;12;12301206;2019;11;7;1;3;9;1;2;0;1;0;0;0;0;1
201486;11;2;2010102;2019;11;5;7;3;5;3;2;0;1;0;0;0;0;1
201487;11;10;10020412;2019;11;14;7;3;5;2;0;0;1;0;0;0;0;0
201488;11;8;8010117;2019;11;22;7;3;2;6;2;0;1;0;0;0;0;0
201489;11;6;6030608;2019;11;19;7;3;6;2;2;0;1;1;0;0;0;0
201490;11;2;2010103;2019;11;18;7;3;2;6;2;0;1;0;0;0;0;0
201491;11;1;1033203;2019;11;18;7;3;2;6;2;0;1;0;0;0;0;0
201492;11;1;1044103;2019;11;14;7;3;5;2;0;0;1;0;0;0;0;1
201493;11;1;1011301;2019;11;0;7;2;1;5;2;0;1;0;0;0;1;0
201494;11;5;5020419;2019;11;9;7;3;5;2;0;0;1;0;0;0;0;1
201495;11;10;10010308;2019;11;7;7;3;0;1;2;0;0;0;1;0;0;1
201496;11;6;6020409;2019;11;6;7;3;5;3;2;1;1;0;0;0;0;1
201497;11;7;7030303;2019;11;20;7;3;2;6;2;0;1;0;0;0;0;0
201498;11;6;6040809;2019;11;5;7;2;9;1;2;0;1;1;0;0;0;0
201499;11;2;2020203;2019;11;20;7;3;5;2;2;0;1;0;0;0;0;0
201500;11;3;3040614;2019;11;19;7;3;0;3;2;0;1;0;1;0;0;0
201501;11;2;2040703;2019;11;18;7;3;2;6;2;0;1;0;0;0;0;0
201502;11;9;9010202;2019;11;13;7;3;5;2;0;0;1;0;0;0;0;0
201503;11;4;4051655;2019;11;13;7;3;5;7;0;0;1;0;0;0;0;0
201504;11;4;4041238;2019;11;12;7;3;6;7;0;0;1;1;0;0;0;0
201505;11;1;1011303;2019;11;2;7;3;0;2;2;0;1;0;0;0;0;0
201506;11;11;11030619;2019;11;12;7;3;2;6;0;0;1;0;0;0;0;1
201507;11;1;1044103;2019;11;10;7;2;0;5;0;0;1;0;1;0;0;1
201508;11;1;1022104;2019;11;11;6;3;6;4;0;0;1;1;0;0;0;0
201509;11;2;2020206;2019;11;22;6;3;0;3;2;1;1;0;0;0;0;0
201510;11;11;11020515;2019;11;7;6;3;6;4;2;0;1;1;0;0;0;1
201511;11;7;7030301;2019;11;19;6;3;5;2;2;1;1;0;0;0;0;0
201512;11;4;4051448;2019;11;17;6;3;0;5;2;1;1;0;0;0;0;0
201513;11;12;12214424;2019;11;17;6;3;2;6;2;0;1;0;0;0;0;0
201514;11;1;1011201;2019;11;13;1;3;5;3;0;0;1;0;1;0;0;0
201515;11;11;11041027;2019;11;12;1;3;5;3;0;1;1;0;0;0;0;0
201516;11;7;7040401;2019;11;17;6;3;3;6;2;0;1;0;0;1;0;0
201517;11;4;4020313;2019;11;12;1;3;3;6;0;0;1;0;0;0;1;0
201518;11;4;4020310;2019;11;16;6;3;2;6;0;0;1;0;0;0;1;0
201519;11;7;7020203;2019;11;11;1;3;0;5;0;1;1;0;0;0;0;0
201520;11;3;3030406;2019;11;10;1;3;5;3;0;0;1;0;0;0;0;0
201521;11;1;1033202;2019;11;16;6;3;0;1;0;1;0;0;0;0;0;1
201522;11;4;4010101;2019;11;1;1;3;1;1;2;0;1;0;0;0;0;0
201523;11;4;4041241;2019;11;16;1;3;6;2;2;0;1;1;0;0;0;0
201524;11;9;9020802;2019;11;2;1;3;0;1;2;1;0;0;0;0;0;1
201525;11;2;2040701;2019;11;14;6;3;5;3;0;1;1;0;0;0;0;0
201526;11;3;3050919;2019;11;14;6;3;5;3;0;1;1;0;0;0;0;0
201527;11;7;7050501;2019;11;19;1;2;6;4;2;0;1;1;0;0;0;0
201528;11;1;1022204;2019;11;17;1;3;0;1;2;0;0;0;0;0;1;0
201529;11;10;10030724;2019;11;15;6;2;5;3;0;1;1;0;0;0;0;0
201530;11;11;11030720;2019;11;17;7;3;2;6;2;0;1;0;0;0;0;0
201531;11;1;1011301;2019;11;17;7;2;0;1;2;1;0;0;0;0;0;0
201532;11;7;7060604;2019;11;15;6;3;5;3;1;0;1;0;0;0;0;0
201533;11;4;4030724;2019;11;14;6;3;5;3;0;0;1;0;0;0;0;0
201534;11;1;1044103;2019;11;15;7;3;6;4;0;0;1;1;0;0;0;0
201535;11;11;11030619;2019;11;13;7;3;2;6;0;0;1;0;0;0;0;0
201536;11;3;3061227;2019;11;14;6;3;2;6;0;0;1;0;0;0;0;0
201537;11;2;2040703;2019;11;14;6;3;2;2;0;0;0;0;1;0;1;0
201538;11;3;3050925;2019;11;12;7;3;0;5;0;0;1;0;0;0;0;0
201539;11;7;7060604;2019;11;12;7;3;3;6;0;1;1;0;0;0;0;0
201540;11;11;11030721;2019;11;22;7;3;0;2;2;1;1;0;0;0;0;0
201541;11;7;7040401;2019;11;12;6;3;6;7;0;0;1;1;0;0;0;0
201542;11;10;10010311;2019;11;20;7;2;6;4;2;0;1;1;0;0;0;0
201543;11;4;4030620;2019;11;14;6;3;0;7;0;1;1;0;0;0;0;0
201544;11;1;1033101;2019;11;19;7;3;0;5;2;0;1;0;0;0;0;0
201545;11;6;6020409;2019;11;20;7;2;4;6;2;0;1;0;0;0;0;0
201546;11;1;1022102;2019;11;13;6;2;0;6;0;0;1;0;1;0;0;0