OBJECTID;LAND;BEZ;LOR_ab_2021;UJAHR;UMONAT;USTUNDE;UWOCHENTAG;UKATEGORIE;UART;UTYP1;ULICHTVERH;IstRad;IstPKW;IstFuss;IstKrad;IstGkfz;IstSonstige;USTRZUSTAND
201547;11;10;10020413;2019;11;19;7;3;0;1;2;0;0;0;1;0;0;0
201548;11;12;12301203;2019;11;10;7;3;2;6;0;0;1;0;0;0;0;0
201549;11;4;4030415;2019;11;10;7;3;5;2;0;0;1;0;0;0;0;0
201550;11;11;11020411;2019;11;13;6;3;6;7;0;0;1;1;0;0;0;0
201551;11;1;1011303;2019;11;13;6;2;0;2;0;1;1;0;0;0;0;0
201552;11;8;8010211;2019;11;7;7;3;0;1;2;1;0;0;0;0;0;0
201553;11;11;11020412;2019;11;2;7;3;9;1;2;0;1;0;0;0;0;1
201554;11;1;1033101;2019;11;12;6;3;0;2;0;1;1;0;0;0;0;0
201555;11;4;4041241;2019;11;12;6;3;1;5;0;1;1;0;0;0;0;0
201556;11;12;12302110;2019;11;9;6;3;5;3;0;1;1;0;0;0;0;1
201557;11;8;8020622;2019;11;17;6;3;6;2;2;0;1;1;0;0;0;0
201558;11;1;1033203;2019;11;12;6;3;3;6;0;0;1;0;1;0;0;0
201559;11;12;12214527;2019;11;21;6;3;5;3;2;0;1;0;0;0;0;0
201560;11;1;1033102;2019;11;20;6;3;6;7;2;0;1;1;0;0;0;0
201561;11;1;1011305;2019;11;10;6;3;5;5;0;1;0;0;0;0;1;0
201562;11;5;5010339;2019;11;10;6;3;5;7;0;0;1;0;1;0;0;0
201563;11;8;8020619;2019;11;19;6;3;5;2;2;0;1;0;0;0;0;0
201564;11;2;2020205;2019;11;23;6;3;0;7;2;1;0;0;0;0;0;0
201565;11;6;6040809;2019;11;19;6;2;1;7;2;0;1;0;0;0;0;1
201566;11;3;3071536;2019;11;9;6;3;1;5;0;1;1;0;0;0;0;0
201567;11;4;4041137;2019;11;19;6;3;3;5;2;0;1;0;1;0;0;1
201568;11;5;5020417;2019;11;10;6;2;0;7;0;0;1;0;0;0;1;0
201569;11;1;1011202;2019;11;18;6;3;5;2;2;1;1;0;0;0;0;0
201570;11;2;2040701;2019;11;18;6;3;1;5;2;1;1;0;0;0;1;1
201571;11;9;9010301;2019;11;8;6;3;2;6;0;0;1;0;0;0;0;0
201572;11;1;1022206;2019;11;8;6;3;5;2;0;0;1;0;0;0;0;0
201573;11;3;3050925;2019;11;18;6;3;0;5;2;0;1;0;0;0;0;0
201574;11;11;11030618;2019;11;6;6;3;0;6;1;0;1;0;1;0;0;0
201575;11;3;3061131;2019;11;17;6;3;2;6;2;0;1;0;0;0;0;0
201576;11;3;3061126;2019;11;17;6;3;1;5;2;1;1;0;0;0;0;0
201577;11;3;3050924;2019;11;8;6;3;6;7;0;1;0;1;0;0;0;0
201578;11;5;5010339;2019;11;6;6;2;6;4;2;0;1;1;0;0;0;0
201579;11;8;8041035;2019;11;17;6;3;2;6;2;0;1;0;0;0;0;1
201580;11;5;5020625;2019;11;17;6;2;0;1;2;1;0;0;0;0;0;0
201581;11;1;1022103;2019;11;8;6;3;3;6;0;0;1;0;0;1;0;0
201582;11;5;5020522;2019;11;5;6;2;6;4;2;0;0;1;0;0;1;0
201583;11;9;9010402;2019;11;17;6;3;0;7;2;1;0;0;0;0;0;0
201584;11;9;9020702;2019;11;17;6;3;6;7;2;0;1;1;0;0;0;0
201585;11;10;10020413;2019;11;7;6;2;5;3;1;1;1;0;0;0;0;0
201586;11;10;10030724;2019;11;17;6;3;0;5;2;0;1;0;0;0;0;0
201587;11;7;7060604;2019;11;16;5;3;6;2;1;0;0;1;0;0;1;0
201588;11;6;6020411;2019;11;11;6;3;5;3;0;0;1;0;0;0;0;1
201589;11;9;9030901;2019;11;10;6;3;8;7;0;0;1;0;0;0;0;1
201590;11;4;4030931;2019;11;19;5;3;6;7;2;0;0;1;0;0;1;0
201591;11;12;12103117;2019;11;7;5;3;3;6;2;0;1;0;0;0;0;0
201592;11;2;2030401;2019;11;16;6;3;1;5;1;1;1;0;0;0;0;0
201593;11;10;10040932;2019;11;15;6;3;1;5;1;0;1;0;0;0;0;0
201594;11;12;12231102;2019;11;7;5;3;5;3;0;1;1;0;0;0;0;0
201595;11;6;6020410;2019;11;9;5;3;6;2;0;0;1;1;0;0;0;0
201596;11;4;4030620;2019;11;15;6;3;5;2;0;0;1;0;0;0;1;0
201597;11;7;7040401;2019;11;13;6;3;0;6;0;1;1;0;0;0;0;0
201598;11;4;4030518;2019;11;1;5;3;5;2;2;0;1;0;0;1;0;0
201599;11;9;9020802;2019;11;19;5;3;4;6;2;0;1;0;0;0;0;0
201600;11;11;11010310;2019;11;13;6;3;6;4;0;0;1;1;0;0;0;0
201601;11;2;2050602;2019;11;9;6;3;5;2;0;1;1;0;0;0;0;1
201602;11;11;11020412;2019;11;9;6;3;5;2;0;0;1;0;0;0;0;0
201603;11;10;10020517;2019;11;19;5;2;1;5;2;0;1;0;0;0;1;0
201604;11;11;11010310;2019;11;18;5;2;6;4;2;0;0;1;0;0;1;0
201605;11;3;3061227;2019;11;9;6;3;5;3;0;0;1;0;0;0;0;0
201606;11;10;10040931;2019;11;13;6;3;5;3;0;0;1;0;0;0;0;0
201607;11;1;1044201;2019;11;17;5;3;2;6;2;0;1;0;0;0;0;0
201608;11;10;10020413;2019;11;15;5;3;5;3;0;1;1;0;0;0;0;0
201609;11;1;1033203;2019;11;8;6;3;2;6;0;0;1;0;1;0;0;1
201610;11;2;2050804;2019;11;7;6;3;0;6;1;0;1;0;1;0;0;1
201611;11;7;7040403;2019;11;15;5;3;5;2;0;1;1;0;0;0;0;0
201612;11;3;3061227;2019;11;12;6;3;5;3;0;0;1;0;0;0;0;0
201613;11;8;8041037;2019;11;12;5;2;5;2;0;1;1;0;0;0;0;0
201614;11;1;1044201;2019;11;6;6;3;2;6;2;0;1;0;0;0;0;1
201615;11;10;10020414;2019;11;7;6;2;6;2;2;0;1;1;0;0;0;1
201616;11;7;7070701;2019;11;12;5;2;1;7;0;0;1;0;0;0;0;0
201617;11;4;4030929;2019;11;12;5;3;2;6;0;0;1;0;0;0;0;0
201618;11;1;1022103;2019;11;5;6;3;5;2;2;1;0;0;0;1;0;1
201619;11;8;8010404;2019;11;5;6;3;6;2;2;0;1;1;0;0;0;1
201620;11;10;10010207;2019;11;11;5;3;3;6;0;0;1;0;0;0;1;0
201621;11;1;1011304;2019;11;10;5;3;5;7;0;1;1;0;0;0;0;0
201622;11;9;9041301;2019;11;12;6;2;4;6;0;0;1;0;0;0;0;1
201623;11;9;9041501;2019;11;11;6;3;2;6;0;0;1;0;0;0;0;1
201624;11;6;6030609;2019;11;15;5;3;2;6;0;0;1;0;1;0;0;0
201625;11;5;5020417;2019;11;11;6;3;1;5;0;1;0;0;0;0;1;1
201626;11;1;1022201;2019;11;14;5;3;5;2;0;1;1;0;0;0;0;0
201627;11;11;11030721;2019;11;13;5;3;5;2;0;1;1;0;0;0;0;0
201628;11;1;1011305;2019;11;11;6;3;3;5;0;1;1;0;0;0;0;0
201629;11;11;11010308;2019;11;13;5;3;6;4;0;0;1;1;0;0;0;0
201630;11;7;7030303;2019;11;19;6;3;0;7;2;0;0;0;0;0;1;1
201631;11;1;1033203;2019;11;22;5;3;5;2;2;0;1;0;1;0;0;0
201632;11;11;11030720;2019;11;19;5;3;3;6;2;1;0;0;0;0;1;0
201633;11;8;8010404;2019;11;14;5;3;5;2;0;1;1;0;0;0;0;0
201634;11;5;5030833;2019;11;17;5;3;2;6;2;0;1;0;0;0;0;1
201635;11;12;12224230;2019;11;10;5;3;5;3;0;0;1;0;0;0;0;0
201636;11;12;12304314;2019;11;17;5;2;6;2;2;0;1;1;0;0;0;1
201637;11;4;4010102;2019;11;17;5;2;5;2;2;0;1;0;1;0;0;1
201638;11;10;10010308;2019;11;17;5;3;2;6;2;0;1;0;0;0;0;1
201639;11;10;10010310;2019;11;17;5;3;6;2;2;0;1;1;0;0;0;1
201640;11;7;7020201;2019;11;16;5;3;2;6;2;0;1;0;0;0;0;1
201641;11;11;11041027;2019;11;19;5;3;6;3;2;0;1;1;0;0;0;0
201642;11;8;8010301;2019;11;9;5;3;5;3;0;0;1;0;1;0;0;0
201643;11;3;3030406;2019;11;16;5;3;1;5;2;1;1;0;0;0;1;1
201644;11;1;1011303;2019;11;17;5;3;6;4;2;0;1;1;0;0;0;1
201645;11;4;4030827;2019;11;16;5;3;6;2;2;0;1;1;0;0;0;1
201646;11;9;9031101;2019;11;8;5;3;5;3;0;0;1;0;1;0;0;0
201647;11;7;7010101;2019;11;16;5;2;6;4;2;0;1;1;0;0;0;1
201648;11;7;7050505;2019;11;9;5;2;1;7;0;0;1;0;0;0;1;0
201649;11;1;1033202;2019;11;16;5;3;5;2;2;1;1;0;0;0;0;1
201650;11;1;1011203;2019;11;16;5;3;5;2;1;0;1;0;0;0;1;1
201651;11;2;2010103;2019;11;6;5;3;5;5;2;1;0;0;0;0;1;0
201652;11;12;12103116;2019;11;15;5;3;6;4;1;0;1;1;0;0;0;1
201653;11;12;12301205;2019;11;15;5;3;6;4;0;0;1;1;0;0;0;1
201654;11;3;3061434;2019;11;15;5;3;5;2;1;1;0;0;0;0;1;0
201655;11;9;9010402;2019;11;9;5;3;6;2;0;0;1;1;0;0;0;0
201656;11;6;6040810;2019;11;15;5;3;6;4;1;0;0;1;0;0;1;1
201657;11;9;9051702;2019;11;14;5;3;0;1;0;1;0;0;0;0;0;1
201658;11;12;12231101;2019;11;9;5;3;5;3;0;1;1;0;0;0;0;0
201659;11;6;6010206;2019;11;14;5;2;0;7;0;0;1;0;0;0;0;1
201660;11;1;1011302;2019;11;1;5;3;0;1;2;0;0;0;0;0;1;0
201661;11;1;1022201;2019;11;12;5;3;6;4;0;0;1;1;0;0;0;1
201662;11;6;6030609;2019;11;12;5;2;6;2;0;0;1;1;0;0;0;0
201663;11;1;2030302;2019;11;0;5;3;0;1;2;1;0;0;0;0;0;1
201664;11;2;2010102;2019;11;20;4;3;6;4;2;0;1;1;0;0;0;0
201665;11;1;1011303;2019;11;12;5;2;3;6;0;1;0;0;0;0;1;0
201666;11;3;3020210;2019;11;12;5;3;5;3;0;0;1;0;0;0;1;0
201667;11;9;9051901;2019;11;17;4;3;0;5;2;0;1;1;0;0;1;1
201668;11;8;8010115;2019;11;7;4;3;5;3;1;1;0;0;0;0;1;0
201669;11;4;4030827;2019;11;10;5;3;6;4;0;0;1;1;0;0;0;0
201670;11;12;12302212;2019;11;11;5;3;1;5;0;0;1;0;0;0;0;1
201671;11;4;4030623;2019;11;9;5;3;5;2;0;1;1;0;0;0;0;0
201672;11;2;2030302;2019;11;20;4;3;6;4;2;0;1;1;0;0;0;0
201673;11;2;2030301;2019;11;9;5;3;5;3;0;1;1;0;0;0;0;0
201674;11;9;9020701;2019;11;19;4;3;5;3;2;1;1;0;0;0;0;0
201675;11;6;6010207;2019;11;8;5;3;2;2;0;1;1;0;0;0;0;0
201676;11;2;2010102;2019;11;22;5;3;5;3;2;1;1;0;0;0;0;1
201677;11;4;4051656;2019;11;18;4;3;5;2;2;1;1;0;0;0;0;0
201678;11;10;10040931;2019;11;20;5;3;5;2;2;0;1;0;0;0;0;1
201679;11;2;2050804;2019;11;18;5;3;2;6;2;0;1;0;0;0;0;1
201680;11;1;1033201;2019;11;20;5;3;6;2;2;0;1;1;0;0;0;1
201681;11;2;2010103;2019;11;18;4;3;5;2;2;1;1;0;0;0;0;0
201682;11;12;12103115;2019;11;18;4;2;6;4;2;0;1;1;0;0;0;0
201683;11;1;1044203;2019;11;19;5;2;1;1;2;0;1;0;0;1;0;1
201684;11;12;12231102;2019;11;19;5;2;1;5;2;1;1;0;0;0;0;1
201685;11;2;2030401;2019;11;14;4;3;5;3;0;0;1;0;0;0;0;0
201686;11;4;4020310;2019;12;22;4;3;4;1;2;0;1;0;0;1;0;0
201687;11;2;2030301;2019;12;22;4;3;5;2;2;0;1;0;1;0;0;0
201688;11;8;8041035;2019;12;21;4;3;1;1;2;0;1;0;0;0;0;0
201689;11;2;2050801;2019;12;12;4;2;1;1;0;1;1;0;0;0;0;1
201690;11;1;1022104;2019;12;11;4;3;2;6;0;0;1;0;0;0;0;0
201691;11;8;8010405;2019;12;9;4;3;1;5;0;1;1;0;0;0;1;0
201692;11;4;4051448;2019;12;9;4;3;2;2;0;1;1;0;0;0;0;1
201693;11;11;10010203;2019;12;9;4;3;5;2;0;1;1;0;0;0;0;0
201694;11;4;4041240;2019;12;9;4;3;5;3;0;1;1;0;0;0;0;1
201695;11;2;2040703;2019;12;9;4;2;6;4;0;0;1;1;0;0;0;0
201696;11;1;1011203;2019;12;9;4;3;1;5;0;1;1;0;0;0;1;0
201697;11;9;9020502;2019;12;8;4;3;5;3;0;0;1;0;0;0;0;1
201698;11;5;5010311;2019;12;8;4;3;3;6;0;0;1;0;1;0;0;1
201699;11;3;3040614;2019;12;5;4;3;0;3;2;0;0;0;1;0;0;1
201700;11;6;6040805;2019;12;16;4;3;0;2;2;0;1;1;0;0;0;0
201701;11;1;1044102;2019;12;16;4;3;1;5;2;1;1;0;0;0;1;1
201702;11;6;6030609;2019;12;14;4;3;5;2;0;0;1;0;0;0;0;0
201703;11;9;9010302;2019;12;14;4;3;5;3;0;1;1;0;0;0;0;0
201704;11;10;10010309;2019;12;15;3;3;4;6;1;1;1;0;0;0;0;1
201705;11;5;5010314;2019;12;11;3;2;6;4;0;0;1;1;0;0;0;1
201706;11;6;6030503;2019;12;9;3;3;0;2;0;1;1;0;0;0;0;1
201707;11;11;11020411;2019;12;9;3;2;6;4;0;0;1;1;0;0;0;1
201708;11;2;2040503;2019;12;10;3;3;2;6;0;0;1;0;0;0;1;1
201709;11;4;4020311;2019;12;9;3;3;5;3;0;0;1;0;0;0;0;1
201710;11;7;7040403;2019;12;9;3;2;5;3;0;0;1;0;0;0;0;2
201711;11;8;8010303;2019;12;8;3;3;3;6;0;1;1;0;0;0;0;0
201712;11;8;8020621;2019;12;8;3;3;2;6;0;0;1;0;0;0;0;0
201713;11;11;11030824;2019;12;7;3;3;0;1;0;1;0;0;0;0;0;2
201714;11;6;6030503;2019;12;8;3;3;6;2;0;0;1;1;0;0;0;0
201715;11;2;2020203;2019;12;7;3;3;0;2;0;1;0;0;0;0;1;2
201716;11;9;9020701;2019;12;7;3;3;5;2;1;0;1;0;1;0;0;1
201717;11;5;5030730;2019;12;5;3;3;1;5;2;0;1;0;0;0;0;2
201718;11;12;12304314;2019;12;5;3;3;5;2;2;0;1;0;0;0;0;2
201719;11;1;1011401;2019;12;21;3;3;6;2;2;0;1;1;0;0;0;1
201720;11;12;12304313;2019;12;20;3;3;5;2;2;0;1;0;0;0;0;0
201721;11;3;3050925;2019;12;20;3;3;0;1;2;0;0;0;1;0;0;2
201722;11;9;9010402;2019;12;20;3;3;5;2;2;1;1;0;0;0;0;1
201723;11;9;9041501;2019;12;17;3;3;1;1;2;0;1;0;1;0;0;1
201724;11;3;3061429;2019;12;17;3;3;5;2;2;1;1;0;0;0;0;1
201725;11;3;3051017;2019;12;17;3;3;2;6;2;0;1;0;0;0;0;1
201726;11;10;10040931;2019;12;18;3;3;2;2;2;0;1;0;0;0;0;1
201727;11;1;1011302;2019;12;18;3;3;1;5;2;1;1;0;0;0;0;1
201728;11;1;1011304;2019;12;16;3;3;2;2;2;0;1;0;0;0;0;1
201729;11;11;11051331;2019;12;7;3;3;0;6;1;1;1;0;0;0;0;2
201730;11;7;7040404;2019;12;17;3;3;6;2;2;0;1;1;0;0;0;1
201731;11;12;12103117;2019;12;17;3;3;1;5;2;0;1;0;1;0;0;1
201732;11;3;3050925;2019;12;16;3;2;6;4;2;0;1;1;0;0;0;1
201733;11;3;3061228;2019;12;17;3;3;2;6;2;0;1;0;0;0;0;1
201734;11;3;3061227;2019;12;16;3;3;5;3;2;0;1;0;0;0;0;1
201735;11;1;1022101;2019;12;16;3;3;5;2;2;0;1;0;0;0;0;1
201736;11;3;3061126;2019;12;15;3;3;5;3;0;1;1;0;0;0;0;1
201737;11;7;7060603;2019;12;15;3;2;1;5;0;0;1;0;0;0;0;1
201738;11;1;1011203;2019;12;15;3;3;5;3;0;1;1;0;0;0;0;1
201739;11;4;4051445;2019;12;15;3;3;2;6;0;0;1;0;0;0;0;0
201740;11;4;4031032;2019;12;14;3;3;5;2;0;1;1;0;0;0;0;0
201741;11;11;11020515;2019;12;7;3;3;6;2;2;0;1;1;0;0;0;1
201742;11;2;2020204;2019;12;13;3;3;1;5;0;1;1;0;0;0;0;1
201743;11;9;9051901;2019;12;12;3;3;6;6;0;0;1;1;0;0;0;1
201744;11;9;9051901;2019;12;11;3;2;5;2;0;1;1;0;0;0;0;0
201745;11;2;2020203;2019;12;20;2;2;5;2;2;0;1;0;0;0;0;1
201746;11;1;1022206;2019;12;21;2;2;3;6;2;1;0;0;0;0;0;1
201747;11;12;12231101;2019;12;16;2;3;1;5;2;1;0;0;0;0;1;0
201748;11;4;4031032;2019;12;17;2;3;6;2;2;0;1;1;0;0;0;1
201749;11;4;4010101;2019;12;17;2;3;2;6;2;0;1;0;0;0;0;1
201750;11;7;7040402;2019;12;17;2;3;6;2;2;0;1;1;0;0;0;1
201751;11;2;2040502;2019;12;17;2;3;5;3;2;0;1;0;0;0;1;1
201752;11;7;7060604;2019;12;17;2;2;6;4;2;0;1;1;0;0;0;1
201753;11;1;1011301;2019;12;16;2;3;2;6;2;1;1;0;0;0;0;1
201754;11;8;8010509;2019;12;16;2;3;1;5;2;1;1;0;0;0;0;1
201755;11;12;12214423;2019;12;16;2;3;5;3;2;0;1;0;0;0;0;1
201756;11;2;2040502;2019;12;16;2;3;5;2;2;0;1;0;0;0;1;1
201757;11;6;6020409;2019;12;16;2;3;5;2;2;1;1;0;0;0;0;1
201758;11;4;4030519;2019;12;16;2;3;2;6;2;0;1;0;0;0;0;1
201759;11;2;2050802;2019;12;15;2;3;0;7;1;1;0;0;0;0;0;1
201760;11;2;2010102;2019;12;16;2;2;6;4;2;0;1;1;0;0;0;1
201761;11;2;2050602;2019;12;22;2;3;8;1;2;0;1;0;0;0;0;0
201762;11;8;8010301;2019;12;14;2;3;5;3;0;1;1;0;0;0;0;1
201763;11;6;6020303;2019;12;14;2;3;2;6;0;0;1;0;0;1;0;0
201764;11;2;2010104;2019;12;21;2;2;3;6;2;1;1;0;0;0;0;1
201765;11;3;3061430;2019;12;19;2;3;5;7;2;0;1;0;0;0;1;1
201766;11;7;7040405;2019;12;13;2;3;2;6;0;0;1;0;0;1;0;0
201767;11;6;6040810;2019;12;19;2;3;6;2;2;0;1;1;0;0;0;1
201768;11;1;1033102;2019;12;13;2;3;2;6;0;0;1;0;0;1;0;1
201769;11;12;12301203;2019;12;12;2;3;0;5;0;0;1;0;0;0;1;1
201770;11;3;3061228;2019;12;18;2;2;6;2;2;0;1;1;0;0;0;1
201771;11;3;3040512;2019;12;16;2;3;6;4;2;0;1;1;0;0;0;1
201772;11;9;9010202;2019;12;11;2;3;5;2;0;0;1;0;0;0;0;0
201773;11;7;7060604;2019;12;17;2;3;1;5;2;0;1;0;0;0;0;1
201774;11;6;6020411;2019;12;11;2;3;0;3;0;0;0;0;0;0;1;0
201775;11;4;4030621;2019;12;9;2;3;5;2;0;0;1;0;1;0;0;1
201776;11;4;4031032;2019;12;5;2;3;5;7;2;0;1;0;0;1;0;0
201777;11;3;3010101;2019;12;5;2;3;5;3;2;1;1;0;0;0;0;0
201778;11;8;8010508;2019;12;4;2;3;4;6;2;0;1;0;0;0;0;1
201779;11;2;2050802;2019;12;2;2;3;6;4;2;0;1;1;0;0;0;0
201780;11;3;3040614;2019;12;17;2;3;5;7;2;1;1;0;0;0;0;1
201781;11;11;11051332;2019;12;7;2;3;5;2;0;1;1;0;0;0;0;0
201782;11;7;7040403;2019;12;22;1;3;5;3;2;0;1;0;0;0;0;0
201783;11;1;1044101;2019;12;21;1;3;1;6;2;0;1;0;0;0;1;0
201784;11;3;3061126;2019;12;19;1;2;6;4;2;0;0;1;0;0;1;0
201785;11;5;5020626;2019;12;18;1;3;5;2;2;0;1;0;1;0;0;0
201786;11;11;11030721;2019;12;14;1;3;0;4;0;1;0;1;0;0;0;0
201787;11;8;8010213;2019;12;13;1;3;5;3;0;0;1;0;0;0;0;0
201788;11;3;3051017;2019;12;10;1;3;2;6;0;0;1;0;0;0;0;0
201789;11;8;8040933;2019;12;4;1;2;5;3;2;0;1;0;0;0;0;0
201790;11;2;2040502;2019;12;1;1;2;6;7;2;0;1;1;0;0;0;0
201791;11;1;1011303;2019;12;1;1;3;5;3;2;0;1;0;0;0;1;0
201792;11;2;2020204;2019;11;15;7;3;0;6;0;0;1;0;1;0;0;0
201793;11;1;1022206;2019;11;12;7;3;5;3;0;1;1;0;0;0;0;0
201794;11;12;12304314;2019;11;0;7;3;2;6;2;0;1;0;0;0;0;0
201795;11;5;5010314;2019;11;9;7;3;6;2;0;0;1;1;0;0;0;0
201796;11;1;1011303;2019;11;3;7;3;2;6;2;0;1;0;0;0;0;0
201797;11;1;1011301;2019;11;23;7;3;1;5;2;1;0;0;0;0;1;0
201798;11;2;2050602;2019;11;19;7;3;5;3;2;0;1;0;1;0;0;0
201799;11;3;3020307;2019;11;18;7;3;5;2;2;1;1;0;0;0;0;0
201800;11;8;8010211;2019;11;18;7;3;5;2;2;0;1;0;0;0;0;0
201801;11;5;5030731;2019;11;16;7;3;5;2;1;0;1;0;0;0;0;0
201802;11;12;12214527;2019;11;16;7;3;2;6;1;0;1;0;0;0;0;0
201803;11;3;3061228;2019;11;18;7;3;2;6;2;0;1;0;0;0;0;0
201804;11;5;5010314;2019;11;14;7;2;6;4;0;0;1;1;0;0;0;0
201805;11;11;11030617;2019;11;12;7;2;5;2;0;0;1;0;0;0;1;0
201806;11;7;7050501;2019;11;14;7;3;2;6;0;0;1;0;0;0;0;0
201807;11;2;2030302;2019;11;7;7;3;0;7;0;1;0;0;0;0;0;0
201808;11;2;2050803;2019;11;4;7;3;0;1;2;0;0;0;0;0;1;0
201809;11;2;2050803;2019;11;19;7;3;6;2;2;0;1;1;0;0;0;1
201810;11;2;2010104;2019;11;17;6;3;5;2;2;0;1;0;0;0;0;0
201811;11;8;8030829;2019;11;19;6;3;5;7;2;0;1;0;0;0;0;1
201812;11;5;5010314;2019;11;18;6;3;5;2;2;1;1;0;0;0;0;0
201813;11;5;5010314;2019;11;18;6;3;6;4;2;0;1;1;0;0;0;0
201814;11;8;8010118;2019;11;18;6;3;0;6;2;0;0;0;1;0;1;0
201815;11;2;2010104;2019;11;17;6;3;3;2;1;1;1;0;0;0;0;0
201816;11;2;2020206;2019;11;16;6;3;5;2;2;1;1;0;0;0;0;0
201817;11;1;1033102;2019;11;15;6;3;1;5;0;0;1;0;0;1;0;0
201818;11;8;8010302;2019;11;14;6;3;5;3;0;0;1;0;0;0;0;1
201819;11;9;9031202;2019;11;12;6;3;0;6;0;0;1;0;1;0;0;1
201820;11;6;6030503;2019;11;12;6;3;5;7;0;0;1;0;0;0;1;0
201821;11;1;1033202;2019;11;12;6;3;5;2;0;0;1;0;0;0;0;0
201822;11;6;6010210;2019;11;11;6;3;6;4;0;0;1;1;0;0;0;0
201823;11;12;12304314;2019;11;11;6;3;5;2;0;0;1;0;0;0;0;0
201824;11;7;7060601;2019;11;11;6;2;1;5;0;0;1;0;0;0;0;0
201825;11;2;2010102;2019;11;9;6;3;6;4;0;0;0;1;0;0;1;0
201826;11;5;5030731;2019;11;9;6;3;2;6;0;0;1;0;0;1;0;0
201827;11;7;7030302;2019;11;9;6;3;5;3;0;1;1;0;0;0;0;0
201828;11;2;2010102;2019;11;16;6;2;0;7;2;1;0;0;0;0;0;0
201829;11;1;1033101;2019;11;9;6;3;2;6;0;0;1;0;0;0;0;0
201830;11;7;7010102;2019;11;9;6;3;6;4;0;1;0;1;0;0;0;1
201831;11;2;2040502;2019;11;8;6;3;5;2;0;1;0;0;0;0;1;0
201832;11;2;2020205;2019;11;8;6;3;6;4;0;1;0;1;0;0;0;1
201833;11;10;10010102;2019;11;7;6;3;6;4;2;0;1;1;0;0;0;1
201834;11;5;5030730;2019;11;19;5;3;2;6;2;0;1;0;0;0;0;1
201835;11;9;9052001;2019;11;19;5;2;1;5;2;0;1;0;0;0;1;1
201836;11;4;4030929;2019;11;19;5;3;2;6;2;0;1;0;0;0;0;1
201837;11;4;4030620;2019;11;18;5;3;3;6;2;0;1;0;1;0;0;1
201838;11;8;8010301;2019;11;18;5;3;2;3;2;0;1;0;0;0;0;1
201839;11;1;1044202;2019;11;18;5;2;6;2;2;0;1;1;0;0;0;1
201840;11;3;3061126;2019;11;19;5;2;6;2;2;0;0;1;0;0;1;0
201841;11;7;7050502;2019;11;18;5;3;5;2;2;0;1;0;0;0;0;1
201842;11;11;11040925;2019;11;17;5;3;0;6;2;0;1;0;1;0;0;1
201843;11;1;1044202;2019;11;17;5;3;2;6;2;0;1;0;0;0;0;1
201844;11;11;11020513;2019;11;17;5;3;5;2;2;0;1;0;0;0;0;1
201845;11;6;6030608;2019;11;17;5;3;6;2;2;0;1;1;0;0;0;1
201846;11;11;11030720;2019;11;17;5;2;6;4;2;1;0;1;0;0;0;1
201847;11;12;12231101;2019;11;17;5;3;1;5;2;0;1;0;0;0;0;0
201848;11;1;1011401;2019;11;17;5;3;5;3;2;1;1;0;0;0;0;1
201849;11;5;5010314;2019;11;17;5;3;6;4;2;0;1;1;0;0;0;1
201850;11;10;10040933;2019;11;16;5;3;5;3;2;1;1;0;0;0;0;1
201851;11;10;10020622;2019;11;16;5;3;6;7;2;0;0;1;0;0;1;0
201852;11;9;9041501;2019;11;16;5;3;6;4;2;0;1;1;0;0;0;1
201853;11;1;1011303;2019;11;15;5;3;5;2;0;1;1;0;0;0;0;0
201854;11;10;10010204;2019;11;14;5;3;6;4;0;0;1;1;0;0;0;0
201855;11;4;4051549;2019;11;21;5;3;5;2;2;1;1;0;0;0;0;1
201856;11;9;9020701;2019;11;12;5;3;1;5;0;0;1;0;0;0;0;0
201857;11;12;12103218;2019;11;13;5;3;2;6;0;0;1;0;0;0;0;1
201858;11;3;3071537;2019;11;13;5;3;7;7;0;1;0;0;0;0;0;0
201859;11;11;11040926;2019;11;12;5;3;5;2;0;0;1;0;0;0;0;0
201860;11;5;5010207;2019;11;12;5;3;2;3;0;0;1;0;1;0;0;0
201861;11;4;4051445;2019;11;20;5;3;5;7;2;0;1;0;1;0;0;1
201862;11;9;9020501;2019;11;12;5;3;5;7;0;0;1;0;0;1;0;0
201863;11;9;9010202;2019;11;20;5;3;5;3;2;1;1;0;0;0;0;1
201864;11;2;2030302;2019;11;11;5;3;5;7;0;1;1;0;0;0;0;0
201865;11;12;12214424;2019;11;10;5;3;5;2;0;1;1;0;0;0;0;0
201866;11;11;11010310;2019;11;10;5;3;6;2;0;0;0;1;0;1;0;0
201867;11;3;3020307;2019;11;10;5;3;1;5;0;1;0;0;0;0;1;0
201868;11;10;10020415;2019;11;8;5;3;5;3;0;1;1;0;0;0;0;0
201869;11;5;5040934;2019;11;8;5;3;2;6;0;0;1;0;0;0;0;0
201870;11;2;2030302;2019;11;7;5;3;6;4;0;1;1;1;0;0;0;1