OBJECTID;LAND;BEZ;LOR_ab_2021;UJAHR;UMONAT;USTUNDE;UWOCHENTAG;UKATEGORIE;UART;UTYP1;ULICHTVERH;IstRad;IstPKW;IstFuss;IstKrad;IstGkfz;IstSonstige;USTRZUSTAND
201871;11;5;5030731;2019;11;5;5;3;5;2;2;1;1;0;0;0;0;1
201872;11;7;7010102;2019;11;18;4;3;2;7;2;1;1;0;0;0;0;1
201873;11;7;7040405;2019;11;17;4;3;6;6;2;1;0;1;0;0;0;0
201874;11;3;3061228;2019;11;19;4;3;5;3;2;0;1;0;0;0;0;1
201875;11;8;8010214;2019;11;20;4;3;1;5;2;1;1;0;0;0;0;0
201876;11;8;8020727;2019;11;16;4;3;6;2;1;0;1;1;0;0;0;1
201877;11;1;1033101;2019;11;19;4;2;1;5;2;0;1;0;0;0;1;1
201878;11;8;8010404;2019;11;19;4;3;6;4;2;0;1;1;0;0;0;1
201879;11;9;9010302;2019;11;19;4;3;2;6;2;0;1;0;0;0;0;1
201880;11;6;6020302;2019;11;18;4;3;6;2;2;0;1;1;0;0;0;1
201881;11;3;3061228;2019;12;8;6;3;5;3;0;1;1;0;0;0;0;1
201882;11;4;4010102;2019;11;18;4;3;5;2;2;0;1;0;0;0;0;1
201883;11;8;8020620;2019;11;18;4;3;8;1;2;0;1;0;0;0;0;1
201884;11;6;6030501;2019;12;8;6;3;5;7;0;0;0;0;1;0;1;0
201885;11;3;3061228;2019;11;17;4;3;2;6;2;0;1;0;0;0;0;1
201886;11;7;7070702;2019;12;5;6;3;5;3;2;0;1;0;0;0;0;0
201887;11;4;4051445;2019;11;17;4;3;5;2;2;1;1;0;0;0;0;1
201888;11;12;12301203;2019;11;17;4;3;6;4;2;0;1;1;0;0;0;1
201889;11;4;4031032;2019;12;6;6;3;2;6;0;0;1;0;0;0;0;1
201890;11;7;7050503;2019;11;17;4;3;5;7;2;0;1;0;1;0;0;1
201891;11;7;7030303;2019;11;17;4;3;5;3;2;0;1;0;0;0;0;1
201892;11;6;6010207;2019;11;17;4;3;5;3;2;1;1;0;0;0;0;1
201893;11;12;12214527;2019;12;6;6;3;5;2;2;0;1;0;0;0;1;2
201894;11;3;3040614;2019;12;6;6;2;5;3;2;1;1;0;0;0;0;0
201895;11;2;2030302;2019;11;17;4;3;5;2;2;1;1;0;0;0;0;1
201896;11;1;1011102;2019;11;17;4;3;5;2;2;0;1;0;1;0;0;1
201897;11;7;7020203;2019;12;7;6;3;5;3;1;1;1;0;0;0;0;0
201898;11;1;1044202;2019;11;17;4;3;6;2;2;0;1;1;0;0;0;1
201899;11;1;1022106;2019;11;20;4;3;5;2;2;1;1;0;0;0;0;0
201900;11;5;5010101;2019;12;7;6;3;5;3;1;1;1;0;0;0;0;1
201901;11;8;8010404;2019;12;0;6;2;6;2;2;0;1;1;0;0;0;0
201902;11;1;1011401;2019;11;22;4;3;0;7;2;0;0;0;0;0;1;1
201903;11;3;3010104;2019;11;13;4;3;3;6;0;1;1;0;0;0;0;0
201904;11;11;11020515;2019;12;13;6;2;6;4;0;0;1;1;0;0;0;1
201905;11;6;6040810;2019;12;13;6;3;2;6;0;0;1;0;0;0;0;1
201906;11;10;10030727;2019;11;13;4;3;2;6;0;0;1;0;0;0;1;0
201907;11;2;2040702;2019;11;12;4;3;0;1;0;0;0;0;0;0;1;0
201908;11;9;9010301;2019;11;12;4;3;2;6;0;0;1;0;0;0;0;1
201909;11;11;11030619;2019;12;12;6;3;5;7;0;0;1;0;0;0;1;1
201910;11;7;7040401;2019;11;12;4;3;3;6;0;1;0;0;0;1;0;0
201911;11;4;4030519;2019;12;12;6;3;0;1;0;0;0;0;1;0;0;1
201912;11;8;2020206;2019;11;11;4;3;2;6;0;0;1;0;0;0;1;0
201913;11;3;3051022;2019;11;11;4;3;5;3;0;0;1;0;0;0;0;0
201914;11;2;2010101;2019;12;12;6;3;0;1;0;0;0;0;1;0;0;1
201915;11;6;6010205;2019;11;10;4;3;2;7;0;0;1;0;0;0;0;0
201916;11;10;10020414;2019;11;16;4;3;6;4;2;0;0;1;0;0;1;1
201917;11;1;1011301;2019;11;9;4;2;5;3;0;1;1;0;0;0;0;0
201918;11;1;1044103;2019;12;11;6;3;6;2;0;0;0;1;0;0;1;0
201919;11;12;12214421;2019;12;11;6;3;0;3;0;0;1;0;1;0;0;1
201920;11;12;12302211;2019;11;7;4;3;5;3;0;0;1;0;0;0;0;0
201921;11;1;1011306;2019;11;16;4;3;6;2;2;0;1;1;0;0;0;1
201922;11;11;11041022;2019;12;10;6;3;3;6;0;0;1;0;0;0;0;1
201923;11;6;6020303;2019;12;18;6;1;6;2;2;0;1;1;0;0;0;1
201924;11;5;5010314;2019;11;7;4;2;5;2;0;0;0;0;0;0;1;0
201925;11;11;11040926;2019;11;16;4;3;6;2;1;0;1;1;0;0;0;1
201926;11;6;6040806;2019;12;17;6;1;6;2;2;0;1;1;0;0;0;1
201927;11;2;2010103;2019;11;16;4;3;5;3;2;1;1;0;0;0;0;1
201928;11;10;10010309;2019;11;5;4;3;5;3;2;0;1;0;1;0;0;0
201929;11;1;1022203;2019;12;17;5;3;1;5;2;1;1;0;0;0;0;1
201930;11;10;10020517;2019;12;13;5;3;0;4;0;0;0;1;0;0;1;0
201931;11;4;4030827;2019;11;15;4;3;2;6;0;0;1;0;0;0;0;1
201932;11;3;3030715;2019;11;15;4;3;6;4;1;0;1;1;0;0;0;1
201933;11;2;2050803;2019;11;15;4;3;6;4;0;0;1;1;0;0;0;1
201934;11;3;3030406;2019;12;12;5;3;5;3;0;0;1;0;0;0;0;0
201935;11;1;1022206;2019;11;15;4;3;2;1;0;1;0;0;0;0;1;1
201936;11;10;10010102;2019;12;12;5;3;0;3;0;0;0;0;0;0;1;0
201937;11;11;11030721;2019;11;7;4;3;0;1;1;1;0;0;0;0;0;0
201938;11;8;8010116;2019;11;17;4;3;4;5;2;0;1;0;1;0;0;0
201939;11;12;12214126;2019;12;9;5;3;6;4;0;0;1;1;0;0;0;0
201940;11;4;4030930;2019;12;9;5;2;2;6;0;0;1;0;1;0;0;1
201941;11;3;3020209;2019;11;7;3;3;6;4;1;0;1;1;0;0;0;0
201942;11;3;3050923;2019;12;9;5;3;2;6;0;1;1;0;0;0;0;0
201943;11;8;8010211;2019;11;19;3;2;0;1;2;1;0;0;0;0;0;0
201944;11;10;10010310;2019;11;18;3;2;6;4;2;0;0;1;0;0;1;0
201945;11;8;8010404;2019;12;23;5;2;6;4;2;0;1;1;0;0;0;0
201946;11;8;8010301;2019;12;8;5;3;2;6;0;0;1;0;0;0;0;0
201947;11;12;12214125;2019;11;17;3;3;5;3;2;0;1;0;1;0;0;0
201948;11;8;8010214;2019;11;16;3;3;5;3;2;0;1;0;0;0;0;0
201949;11;6;6030608;2019;12;7;5;3;1;5;0;1;1;0;0;0;0;0
201950;11;4;4051653;2019;12;21;5;3;5;2;2;1;1;0;0;0;0;0
201951;11;4;4020208;2019;11;16;3;3;2;6;2;0;1;0;0;0;0;0
201952;11;1;1033203;2019;11;16;3;3;2;6;1;0;1;0;0;0;0;0
201953;11;11;11041128;2019;12;7;5;3;5;3;2;1;1;0;0;0;0;1
201954;11;6;6010101;2019;11;16;3;2;6;4;2;0;1;1;0;0;0;0
201955;11;11;11020515;2019;12;7;5;3;5;3;2;1;1;0;0;0;0;1
201956;11;12;12103117;2019;11;16;3;3;2;6;2;0;1;0;0;0;0;0
201957;11;9;9051701;2019;11;16;3;3;0;5;1;0;1;0;0;0;0;0
201958;11;4;4030931;2019;12;21;5;3;1;5;2;0;1;0;0;0;0;0
201959;11;4;4030725;2019;12;0;5;2;0;7;2;0;0;0;0;0;1;0
201960;11;8;8010301;2019;11;15;3;3;3;6;1;1;0;0;0;0;1;0
201961;11;6;6010101;2019;11;20;3;3;5;3;2;1;1;0;0;0;0;1
201962;11;7;7040402;2019;12;10;5;2;5;3;0;1;0;0;0;1;0;0
201963;11;6;6030501;2019;12;19;5;3;1;1;2;0;1;0;1;0;0;1
201964;11;2;2010103;2019;11;19;3;3;5;2;2;1;1;0;0;0;0;0
201965;11;4;4030519;2019;11;19;3;3;5;3;1;0;1;0;0;0;0;0
201966;11;12;12301204;2019;12;17;5;3;6;4;2;0;1;1;0;0;0;0
201967;11;2;2020204;2019;12;18;5;3;0;1;2;0;0;0;1;0;0;0
201968;11;12;12214125;2019;11;19;3;3;2;6;2;0;1;0;1;0;0;0
201969;11;7;7030301;2019;11;19;3;3;1;5;2;1;1;0;0;0;0;0
201970;11;5;5020625;2019;11;19;3;3;5;2;2;0;1;0;0;0;0;0
201971;11;2;2030302;2019;12;17;5;3;6;4;2;0;1;1;0;0;0;0
201972;11;3;3061227;2019;12;17;5;3;3;6;2;0;1;0;0;0;1;0
201973;11;6;6020409;2019;11;18;3;3;2;6;2;0;1;0;0;0;0;0
201974;11;12;12304314;2019;11;15;3;3;5;3;1;0;1;0;0;0;0;0
201975;11;4;4030417;2019;12;18;5;3;1;5;2;1;0;0;0;0;1;0
201976;11;2;2050801;2019;12;17;5;3;6;6;1;0;1;1;0;0;0;0
201977;11;2;2010104;2019;11;14;3;3;5;2;0;0;1;0;0;1;0;0
201978;11;1;1022201;2019;11;15;3;3;0;1;0;0;0;0;1;0;0;0
201979;11;6;6040702;2019;12;18;5;3;5;3;2;1;1;0;0;0;0;0
201980;11;4;4020310;2019;11;14;3;3;1;5;0;0;1;0;0;0;0;0
201981;11;4;4030930;2019;12;16;5;3;0;3;2;1;0;0;1;0;0;1
201982;11;7;7040403;2019;11;14;3;3;5;3;0;1;1;0;0;0;0;0
201983;11;2;2010103;2019;11;13;3;3;5;2;0;1;0;0;0;0;1;0
201984;11;7;7020203;2019;12;16;5;3;5;2;2;0;1;0;1;0;0;1
201985;11;3;3071639;2019;12;16;5;3;1;5;2;1;1;0;0;0;0;0
201986;11;9;9020701;2019;11;13;3;3;5;2;0;0;1;0;0;0;0;0
201987;11;11;11040926;2019;11;10;3;3;5;3;0;0;1;0;0;0;0;0
201988;11;11;11010207;2019;12;16;5;3;6;4;2;0;1;1;0;0;0;1
201989;11;3;3010102;2019;12;14;5;3;5;3;0;1;1;0;0;0;0;0
201990;11;7;7070703;2019;11;10;3;3;0;7;0;0;1;0;0;0;1;0
201991;11;1;1022106;2019;11;12;3;3;0;7;0;0;0;0;1;0;1;0
201992;11;1;1011201;2019;12;15;5;3;2;2;0;1;1;0;0;0;0;0
201993;11;4;4030724;2019;11;9;3;3;3;6;0;0;1;0;1;0;0;0
201994;11;5;5030730;2019;12;14;5;3;2;6;0;0;1;0;0;0;0;0
201995;11;9;9020501;2019;12;14;5;2;6;4;0;0;1;1;0;0;0;0
201996;11;1;1033101;2019;11;9;3;3;5;2;0;0;1;0;0;0;1;0
201997;11;12;12304313;2019;12;14;5;3;0;6;0;0;1;0;1;0;0;0
201998;11;2;2020205;2019;11;7;3;3;0;3;0;1;0;0;1;0;0;0
201999;11;6;6030608;2019;12;14;5;2;5;3;0;1;1;0;0;0;0;0
202000;11;12;12301203;2019;12;13;5;3;2;7;0;0;1;0;0;0;0;0
202001;11;5;5030832;2019;11;7;3;3;2;6;1;0;1;0;0;0;0;0
202002;11;4;4031032;2019;11;7;3;3;5;3;0;1;1;0;0;0;0;0
202003;11;8;8020620;2019;12;13;5;3;5;7;0;1;1;0;0;0;0;0
202004;11;6;6040810;2019;11;7;3;3;1;5;1;0;0;0;0;0;1;0
202005;11;8;8020728;2019;11;12;3;3;6;4;0;0;1;1;0;0;1;0
202006;11;8;8010404;2019;11;10;3;3;3;6;0;1;1;0;0;0;0;0
202007;11;1;1011103;2019;11;11;3;3;1;5;0;1;1;0;0;0;0;0
202008;11;11;11010310;2019;11;10;3;3;6;4;0;0;0;1;0;0;1;0
202009;11;2;2010101;2019;12;13;5;3;1;5;0;0;1;0;0;0;0;0
202010;11;5;5020628;2019;12;18;4;3;5;2;1;0;1;0;0;0;1;0
202011;11;3;3020307;2019;11;10;3;3;5;2;0;0;1;0;0;0;1;0
202012;11;11;11051332;2019;11;13;2;3;5;2;0;1;0;0;0;0;1;0
202013;11;1;1044101;2019;11;8;2;3;5;3;0;0;1;0;0;0;0;0
202014;11;4;4041137;2019;12;7;4;3;6;2;1;0;1;1;0;0;0;0
202015;11;1;1011202;2019;11;8;2;3;6;4;0;1;0;1;0;0;0;0
202016;11;1;1044202;2019;12;14;4;3;6;4;0;0;1;1;0;0;0;0
202017;11;11;11020411;2019;11;15;2;2;6;7;0;0;1;1;0;0;0;0
202018;11;8;8010404;2019;11;21;2;3;6;4;2;0;1;1;0;0;0;0
202019;11;6;6020408;2019;12;19;4;2;5;2;2;0;1;0;1;0;0;0
202020;11;10;10010310;2019;11;20;2;2;5;2;2;1;1;0;0;0;0;0
202021;11;2;2030402;2019;11;19;2;3;0;1;2;1;1;0;0;0;0;0
202022;11;5;5040936;2019;11;17;2;3;5;3;2;1;1;0;0;0;0;0
202023;11;7;7050501;2019;12;18;4;3;5;2;2;0;1;0;1;0;0;0
202024;11;8;8010510;2019;11;16;2;3;2;6;2;0;1;0;0;0;0;0
202025;11;8;8020619;2019;11;16;2;3;5;3;2;0;1;0;1;0;0;0
202026;11;12;12214528;2019;12;18;4;3;9;1;2;0;1;0;0;0;0;0
202027;11;4;4030725;2019;11;16;2;3;2;3;2;1;1;0;0;0;0;0
202028;11;7;7040403;2019;12;18;4;2;6;4;2;0;0;1;1;0;0;1
202029;11;2;2020204;2019;11;15;2;3;1;1;0;0;1;0;0;0;0;0
202030;11;8;8010211;2019;11;18;2;3;0;1;2;1;0;0;0;0;0;0
202031;11;4;4030930;2019;12;17;4;3;1;5;2;1;1;0;0;0;1;0
202032;11;8;8010303;2019;12;17;4;3;6;4;2;1;0;1;0;0;0;0
202033;11;2;2020203;2019;11;11;2;3;5;3;0;1;1;0;0;0;0;0
202034;11;7;7030301;2019;11;14;2;3;0;4;0;1;0;1;0;0;0;0
202035;11;4;4030725;2019;12;17;4;3;0;7;2;0;0;0;1;0;0;0
202036;11;2;2040502;2019;12;16;4;3;5;3;2;1;1;0;0;0;0;0
202037;11;9;9030901;2019;11;15;2;3;7;7;0;0;1;0;0;0;1;0
202038;11;12;12214125;2019;11;15;2;3;4;6;0;0;1;0;0;0;0;0
202039;11;9;9051901;2019;11;15;2;3;2;6;0;0;1;0;0;0;0;0
202040;11;1;1011105;2019;12;18;4;3;5;2;2;1;1;0;0;0;0;0
202041;11;10;10010207;2019;11;15;2;3;2;6;0;0;1;0;0;0;0;0
202042;11;1;1011303;2019;12;15;4;3;5;3;1;0;1;0;0;0;0;0
202043;11;3;3030406;2019;11;13;2;3;6;2;0;0;1;1;0;0;0;0
202044;11;2;2020205;2019;11;11;2;3;5;3;0;1;1;0;0;0;0;0
202045;11;9;9020802;2019;12;23;4;3;6;2;2;0;1;1;0;0;0;0
202046;11;11;11010310;2019;11;9;2;3;0;6;0;0;1;0;1;0;0;0
202047;11;1;1044202;2019;11;8;2;3;6;4;0;1;0;1;0;0;0;0
202048;11;4;4010103;2019;11;8;2;3;9;1;0;0;0;0;0;0;1;0
202049;11;2;2030302;2019;12;23;4;3;2;6;2;0;1;0;0;0;0;1
202050;11;2;2050602;2019;12;22;4;3;2;6;2;0;1;0;0;0;0;0
202051;11;12;12214126;2019;11;6;2;2;5;3;2;1;1;0;0;0;0;0
202052;11;8;8010301;2019;11;0;2;3;1;5;2;1;1;0;0;0;0;0
202053;11;3;3061227;2019;12;14;7;3;2;1;0;1;1;0;0;0;0;1
202054;11;4;4051448;2019;12;14;7;3;0;1;0;1;0;0;0;0;0;1
202055;11;8;8010301;2019;12;13;7;3;4;2;0;1;1;0;0;0;0;1
202056;11;10;10020413;2019;12;13;7;3;5;2;0;0;1;0;0;0;0;1
202057;11;5;5020417;2019;12;13;7;3;0;1;0;1;0;0;0;0;0;1
202058;11;6;6020408;2019;12;12;7;3;5;3;0;0;1;0;0;0;0;1
202059;11;6;6020408;2019;12;12;7;3;5;7;0;0;1;0;0;0;0;1
202060;11;6;6010209;2019;12;11;7;3;5;2;0;1;1;0;0;0;0;1
202061;11;1;1033202;2019;12;11;7;3;2;6;0;0;1;0;1;0;0;1
202062;11;3;3061131;2019;12;10;7;3;5;3;0;1;1;0;0;0;0;1
202063;11;2;2050803;2019;12;5;7;3;6;2;2;0;1;1;0;0;0;1
202064;11;2;2050801;2019;12;3;7;3;0;1;2;0;0;0;0;0;1;1
202065;11;8;8010301;2019;12;23;7;3;5;2;2;0;1;0;0;0;0;1
202066;11;2;2030301;2019;12;23;7;3;2;6;2;0;1;0;0;0;0;1
202067;11;11;11030720;2019;12;21;7;2;6;4;2;0;1;1;0;0;0;1
202068;11;7;7070701;2019;12;20;7;2;5;2;2;0;1;0;0;0;0;1
202069;11;4;4051550;2019;12;19;7;3;6;6;2;1;0;1;0;0;0;1
202070;11;8;8040933;2019;12;16;7;3;2;6;2;0;1;0;0;0;0;1
202071;11;11;11020513;2019;12;17;7;3;0;7;2;0;1;0;0;0;1;0
202072;11;10;10020414;2019;12;17;7;3;6;2;2;0;1;1;0;0;0;1
202073;11;1;1033101;2019;12;15;7;3;0;1;1;0;0;0;1;0;0;1
202074;11;2;2010101;2019;12;15;7;3;5;3;0;0;1;0;0;0;0;1
202075;11;5;5010312;2019;12;22;6;3;6;2;2;0;1;1;0;0;0;0
202076;11;9;9041501;2019;12;21;6;3;1;5;2;1;0;0;0;0;1;1
202077;11;9;9041301;2019;12;13;6;3;6;4;0;0;1;1;0;0;0;0
202078;11;1;1011402;2019;12;13;6;3;5;3;0;0;1;0;0;0;0;0
202079;11;9;9051901;2019;12;13;6;3;0;6;0;0;1;0;0;0;1;0
202080;11;12;12214424;2019;12;12;6;3;6;4;0;0;1;1;0;0;0;0
202081;11;7;7030303;2019;12;11;6;3;5;3;0;0;1;0;0;0;1;0
202082;11;6;6030609;2019;12;7;6;3;6;2;1;0;1;1;0;0;0;1
202083;11;7;7010102;2019;12;10;6;3;5;3;0;1;1;0;0;0;0;0
202084;11;4;4030930;2019;12;10;6;3;5;2;0;0;1;0;1;0;0;0
202085;11;7;7070703;2019;12;10;6;3;0;1;0;1;0;0;0;0;0;2
202086;11;10;10010310;2019;12;10;6;3;0;1;0;0;0;0;1;0;0;2
202087;11;4;4051446;2019;12;9;6;2;6;2;0;0;1;1;0;0;0;0
202088;11;9;9020701;2019;12;9;6;3;4;1;0;0;1;0;0;0;0;2
202089;11;6;6020410;2019;12;8;6;3;5;3;0;0;0;0;1;1;0;1
202090;11;4;4051653;2019;12;8;6;3;5;2;0;1;1;0;0;0;0;0
202091;11;1;1022207;2019;12;8;6;2;0;1;1;0;0;0;1;0;0;2
202092;11;12;12302211;2019;12;8;6;3;3;6;0;1;1;0;0;0;0;0
202093;11;4;4041239;2019;12;7;6;3;5;2;1;1;0;0;0;0;1;0
202094;11;7;7040406;2019;12;7;6;3;5;2;0;1;1;0;0;0;0;1
202095;11;11;11051330;2019;12;7;6;3;5;7;2;1;1;0;0;0;0;1
202096;11;4;4030931;2019;12;14;6;2;6;4;0;0;1;1;0;0;0;0
202097;11;1;1011202;2019;12;19;6;3;5;3;2;0;1;0;0;0;0;0
202098;11;3;3061131;2019;12;19;6;2;0;1;2;1;0;0;0;0;0;0
202099;11;5;5010207;2019;12;19;6;3;2;6;2;0;1;0;0;0;0;0
202100;11;9;9010101;2019;12;18;6;3;1;5;2;1;1;0;0;0;0;0
202101;11;1;1044101;2019;12;18;6;2;5;3;2;1;1;0;0;0;0;0
202102;11;7;7050505;2019;12;17;6;3;2;6;2;0;1;0;0;0;0;0
202103;11;11;11010310;2019;12;17;6;3;2;6;2;0;1;0;0;0;0;1
202104;11;5;5010314;2019;12;16;6;3;0;6;2;0;1;0;0;0;1;0
202105;11;6;6010205;2019;12;16;6;3;2;2;1;0;1;0;0;0;0;0
202106;11;1;1022204;2019;12;16;6;3;0;1;0;1;0;0;0;0;0;0
202107;11;3;3040512;2019;12;16;6;3;8;1;2;0;1;0;0;0;0;0
202108;11;5;5010314;2019;12;15;6;3;5;3;0;0;1;0;0;0;1;0
202109;11;1;1011202;2019;12;15;6;3;2;2;2;0;0;0;0;0;1;1
202110;11;2;2040503;2019;12;15;6;3;2;7;0;1;1;0;0;0;0;0
202111;11;3;3020209;2019;12;14;6;3;6;4;0;0;1;1;0;0;0;0
202112;11;3;3040614;2019;12;6;5;3;6;7;2;1;0;1;0;0;0;0
202113;11;4;4031032;2019;12;13;5;2;6;4;0;0;1;1;0;0;0;0
202114;11;2;2030402;2019;12;11;5;3;5;2;0;1;1;0;0;0;0;0
202115;11;1;1011301;2019;12;16;5;3;3;6;2;1;0;0;0;0;1;0
202116;11;8;8010303;2019;12;16;5;3;5;3;2;1;1;0;0;0;0;0
202117;11;12;12302108;2019;12;16;5;3;6;4;1;0;1;1;0;0;0;1
202118;11;6;6040809;2019;12;15;5;3;3;6;2;0;1;0;0;0;0;1
202119;11;7;7050506;2019;12;15;5;3;5;3;1;0;1;0;0;0;0;1
202120;11;9;9010401;2019;12;15;5;3;5;3;2;0;1;0;0;0;0;1
202121;11;1;1011201;2019;12;14;5;3;1;5;0;0;1;0;0;0;0;0
202122;11;8;8010404;2019;12;20;5;3;6;7;2;0;0;1;0;0;1;1
202123;11;1;1033201;2019;12;13;5;3;0;5;0;0;1;0;1;0;0;1
202124;11;6;6030607;2019;12;13;5;3;2;2;0;0;1;0;0;0;0;1
202125;11;1;1044201;2019;12;12;5;3;5;3;0;1;1;0;0;0;0;1
202126;11;10;10040931;2019;12;12;5;3;5;3;0;1;1;0;0;0;0;1
202127;11;11;11040925;2019;12;12;5;3;0;1;0;0;0;0;1;0;0;1
202128;11;9;9010401;2019;12;12;5;2;5;2;1;1;0;0;0;1;0;0
202129;11;9;9010401;2019;12;11;5;3;8;1;0;0;1;0;0;0;0;1
202130;11;1;1011302;2019;12;11;5;3;5;3;0;0;1;0;1;0;0;1
202131;11;2;2010102;2019;12;10;5;3;0;5;0;0;1;0;0;0;0;0
202132;11;8;8020727;2019;12;10;5;2;2;6;0;0;1;0;0;1;0;0
202133;11;9;9051901;2019;12;9;5;3;3;6;0;0;1;0;0;0;1;1
202134;11;2;2020203;2019;12;21;5;2;5;3;2;1;0;0;0;0;0;1
202135;11;1;1011401;2019;12;20;5;3;1;5;0;1;1;0;0;0;0;0
202136;11;8;8020619;2019;12;19;5;2;6;1;2;0;1;1;0;0;0;0
202137;11;5;5030730;2019;12;19;5;3;2;6;2;0;1;0;0;0;0;0
202138;11;6;6030503;2019;12;18;5;3;5;3;2;1;1;0;0;0;0;1
202139;11;2;2030301;2019;12;18;5;3;2;2;2;1;1;0;0;0;0;0
202140;11;3;3030715;2019;12;17;5;2;5;3;2;0;1;0;0;0;0;1
202141;11;3;3051017;2019;12;17;5;2;6;4;2;0;1;1;0;0;0;1
202142;11;4;4010102;2019;12;16;5;3;5;2;2;0;1;0;0;0;0;0
202143;11;1;1011203;2019;12;8;5;3;5;3;0;0;1;0;0;0;1;1
202144;11;9;9010202;2019;12;7;5;3;3;5;0;0;0;0;1;0;1;1
202145;11;3;3040818;2019;12;7;5;3;5;2;0;0;1;0;0;0;0;1
202146;11;3;3061430;2019;12;7;5;3;2;6;1;0;1;0;0;0;0;1
202147;11;6;6030504;2019;12;7;5;2;6;4;0;0;1;1;0;0;0;1
202148;11;1;1033201;2019;12;7;5;3;5;2;2;0;1;0;0;0;0;1
202149;11;9;9051901;2019;12;6;5;3;4;6;2;1;0;0;0;0;0;1
202150;11;8;8041037;2019;12;6;5;3;6;2;1;0;0;1;0;0;1;1
202151;11;12;12231101;2019;12;6;5;3;2;6;2;0;1;0;0;0;0;1
202152;11;5;5020419;2019;12;5;5;3;6;2;2;0;0;1;0;0;1;1
202153;11;9;9010301;2019;12;7;4;3;4;5;0;1;1;0;0;0;0;0
202154;11;3;3061332;2019;12;16;4;3;0;6;1;1;1;0;0;0;0;0
202155;11;8;8010303;2019;12;20;4;3;0;2;2;1;0;0;0;0;1;0
202156;11;12;12301204;2019;12;20;4;3;1;1;2;0;1;0;0;0;0;2
202157;11;3;3051017;2019;12;17;4;3;4;6;1;0;1;0;1;0;0;0
202158;11;1;1022104;2019;12;17;4;3;5;2;2;1;1;0;0;0;0;0
202159;11;6;6020410;2019;12;16;4;3;5;3;0;0;1;0;0;0;0;0
202160;11;9;9020702;2019;12;16;4;3;6;4;2;0;1;1;0;0;0;0
202161;11;11;11010205;2019;12;16;4;3;5;2;2;0;1;0;0;0;0;0
202162;11;1;1033203;2019;12;15;4;3;5;3;0;0;1;0;0;0;0;1
202163;11;10;10010310;2019;12;15;4;3;2;2;1;0;1;0;0;0;0;0
202164;11;4;4030930;2019;12;15;4;3;0;6;0;0;1;0;0;0;1;0
202165;11;5;5030730;2019;12;15;4;2;9;1;0;0;1;0;0;0;0;0
202166;11;5;5020523;2019;12;14;4;2;5;2;0;0;1;0;0;0;0;0
202167;11;7;7040404;2019;12;13;4;3;6;4;0;0;1;1;0;0;0;0
202168;11;4;4030417;2019;12;13;4;3;0;4;0;1;0;1;0;0;0;0
202169;11;1;1011305;2019;12;12;4;3;5;2;0;1;1;0;0;0;0;0
202170;11;8;8020622;2019;12;12;4;3;0;2;0;0;1;0;0;0;1;0
202171;11;3;3030715;2019;12;7;4;3;0;6;1;0;1;0;0;0;1;0
202172;11;9;9020701;2019;12;7;4;3;2;2;1;0;1;0;0;0;0;0
202173;11;4;4051655;2019;12;6;4;3;6;2;2;0;1;1;0;0;0;0
202174;11;12;12302107;2019;12;22;4;2;6;4;2;0;0;1;1;0;0;0
202175;11;1;1044201;2019;12;19;4;3;2;6;2;0;1;0;0;0;0;0
202176;11;1;1011204;2019;12;17;4;3;6;2;2;1;0;1;0;0;0;0
202177;11;4;4030415;2019;12;15;4;1;5;3;0;1;1;0;0;0;0;0
202178;11;9;9031001;2019;12;17;3;3;6;6;2;0;1;1;0;0;0;0
202179;11;12;12214125;2019;12;7;3;3;2;6;0;0;1;0;0;0;0;0
202180;11;1;1011203;2019;12;14;3;3;3;2;0;1;0;0;0;0;1;0
202181;11;12;12214125;2019;12;11;3;2;6;7;0;0;1;1;0;1;1;0
202182;11;7;7060601;2019;12;16;3;3;6;7;2;0;0;1;0;0;1;0
202183;11;4;4041134;2019;12;15;3;3;2;6;1;0;1;0;0;0;1;0
202184;11;12;12231101;2019;12;15;3;3;2;2;1;0;1;0;0;0;0;0
202185;11;1;1022201;2019;12;23;3;3;5;2;2;0;1;0;1;0;0;0
202186;11;7;7070705;2019;12;14;3;3;5;3;0;1;1;0;0;0;0;0
202187;11;4;4041137;2019;12;13;3;3;5;3;0;0;1;0;0;0;0;0
202188;11;7;7040403;2019;12;13;3;3;6;2;0;0;1;1;0;0;0;0
202189;11;11;11030720;2019;12;13;3;3;2;6;0;0;1;0;0;0;0;0
202190;11;11;11020412;2019;12;12;3;3;1;5;0;1;1;0;0;0;0;1
202191;11;9;9020701;2019;12;12;3;3;5;2;0;1;1;0;0;0;0;1
202192;11;1;1022104;2019;12;12;3;3;5;2;0;1;1;0;0;0;0;2
202193;11;5;5020626;2019;12;11;3;3;1;5;0;0;1;0;1;0;0;0
202194;11;2;2020205;2019;12;10;3;3;1;5;0;0;1;0;0;0;0;1
202195;11;2;2030402;2019;12;10;3;3;6;7;0;0;1;1;0;0;0;0