OBJECTID;LAND;BEZ;LOR_ab_2021;UJAHR;UMONAT;USTUNDE;UWOCHENTAG;UKATEGORIE;UART;UTYP1;ULICHTVERH;IstRad;IstPKW;IstFuss;IstKrad;IstGkfz;IstSonstige;USTRZUSTAND
202196;11;4;4051446;2019;12;9;3;2;5;2;0;1;1;0;0;0;0;0
202197;11;5;5010314;2019;12;10;3;3;2;6;0;0;1;0;0;0;0;1
202198;11;3;3040513;2019;12;9;3;3;1;5;0;0;1;0;0;0;1;0
202199;11;10;10040932;2019;12;8;3;3;7;7;0;1;0;0;0;0;0;0
202200;11;2;2020203;2019;12;22;3;3;5;3;2;1;1;0;0;0;0;1
202201;11;1;1022101;2019;12;20;3;3;5;2;2;0;1;0;0;0;0;0
202202;11;9;9020702;2019;12;20;3;3;5;2;2;0;1;0;0;0;0;1
202203;11;2;2020204;2019;12;19;3;3;6;4;2;0;1;1;0;0;0;0
202204;11;5;5010312;2019;12;19;3;3;1;5;2;0;1;0;0;0;0;0
202205;11;7;7040401;2019;12;19;3;3;1;5;2;0;1;0;0;0;0;0
202206;11;1;1011105;2019;12;19;3;3;5;3;2;0;1;0;1;0;0;0
202207;11;3;3040818;2019;12;18;3;3;2;6;2;0;1;0;0;0;0;0
202208;11;4;4030931;2019;12;17;3;3;1;5;2;1;1;0;0;0;0;1
202209;11;6;6030502;2019;12;17;3;3;6;2;2;0;1;1;0;0;0;0
202210;11;1;1022104;2019;12;17;3;3;1;5;2;1;1;0;0;0;1;0
202211;11;8;8030829;2019;12;16;3;2;5;3;2;0;1;0;0;0;0;0
202212;11;6;6020301;2019;12;16;3;3;5;3;1;1;1;0;0;0;0;0
202213;11;4;4020208;2019;12;7;3;2;0;1;2;1;0;0;0;0;0;2
202214;11;7;7030301;2019;12;6;3;3;5;2;2;0;1;0;0;0;0;1
202215;11;11;11020412;2019;12;4;3;3;0;2;2;1;0;0;0;0;1;1
202216;11;2;2040503;2019;12;16;3;3;6;4;2;0;1;1;0;0;0;0
202217;11;11;11030618;2019;12;0;3;2;9;1;2;0;1;0;0;0;0;1
202218;11;1;1022104;2019;12;8;3;3;0;2;0;0;0;1;0;0;1;0
202219;11;6;6040810;2019;12;8;3;3;0;1;0;1;0;0;0;0;0;2
202220;11;4;4041137;2019;12;7;3;3;5;2;0;0;1;0;0;0;0;1
202221;11;3;3030406;2019;12;7;3;3;6;7;0;1;0;1;0;0;0;0
202222;11;4;4030415;2019;12;7;3;3;5;2;1;0;1;0;0;0;0;0
202223;11;12;12214125;2019;12;7;3;2;5;3;2;0;1;0;0;1;0;1
202224;11;12;12301203;2019;12;20;2;3;2;6;2;0;1;0;0;0;0;1
202225;11;9;9041402;2019;12;17;2;3;6;6;0;1;0;1;0;0;0;0
202226;11;1;1011201;2019;12;9;2;3;5;3;0;1;1;0;0;0;0;1
202227;11;8;8020622;2019;12;12;2;3;5;3;0;1;1;0;0;0;0;0
202228;11;5;5040936;2019;12;15;2;3;2;6;1;0;1;0;0;0;0;1
202229;11;12;12214527;2019;12;21;2;3;6;4;2;0;1;1;0;0;0;1
202230;11;6;6010204;2019;12;20;2;3;0;7;2;1;1;0;0;0;0;1
202231;11;11;11030720;2019;12;19;2;3;3;6;2;0;1;0;0;0;0;1
202232;11;2;2020203;2019;12;19;2;3;6;2;2;0;1;1;0;0;0;1
202233;11;7;7040403;2019;12;19;2;3;6;2;2;0;1;1;0;0;0;1
202234;11;5;5030730;2019;12;20;2;3;2;6;0;0;1;0;0;0;0;1
202235;11;9;9020502;2019;12;19;2;3;5;2;2;0;1;0;1;0;0;1
202236;11;2;2050602;2019;12;5;2;3;0;6;2;0;1;0;1;0;0;1
202237;11;3;3071537;2019;12;18;4;3;5;3;2;1;1;0;0;0;0;0
202238;11;7;7060601;2019;12;18;2;3;6;2;2;0;1;1;0;0;0;1
202239;11;12;12214421;2019;12;18;2;2;6;2;2;0;0;1;0;0;1;1
202240;11;6;6010205;2019;12;17;4;3;5;2;2;0;1;0;0;0;0;0
202241;11;8;8010301;2019;12;17;4;3;5;2;2;1;1;0;0;0;0;0
202242;11;12;12302108;2019;12;18;2;2;6;2;2;0;1;1;0;0;0;1
202243;11;8;8010301;2019;12;18;2;3;6;4;2;0;1;1;0;0;0;1
202244;11;3;3071536;2019;12;17;4;2;9;1;2;0;1;0;0;0;0;0
202245;11;7;7030303;2019;12;17;4;3;5;2;2;1;1;0;0;0;0;0
202246;11;6;6020409;2019;12;17;2;3;5;2;2;0;1;0;0;0;0;1
202247;11;4;4030931;2019;12;13;4;3;2;6;0;1;1;0;0;0;1;0
202248;11;8;8030830;2019;12;17;2;3;5;2;2;0;1;0;0;0;1;1
202249;11;4;4020311;2019;12;11;4;3;2;6;0;0;1;0;0;0;0;0
202250;11;9;9030902;2019;12;10;4;3;5;3;0;0;1;0;0;0;0;0
202251;11;7;7060603;2019;12;17;2;2;2;2;2;0;1;0;0;1;0;1
202252;11;7;7010102;2019;12;17;2;3;5;3;2;0;1;0;0;0;1;1
202253;11;9;9051901;2019;12;10;4;3;6;7;0;0;1;1;0;0;0;1
202254;11;5;5020419;2019;12;9;4;3;0;1;0;0;0;0;1;0;0;0
202255;11;6;6020409;2019;12;17;2;3;2;6;2;0;1;0;0;0;0;1
202256;11;1;1011101;2019;12;23;3;3;2;6;2;0;1;0;0;0;0;0
202257;11;8;8010301;2019;12;23;3;2;6;4;2;0;1;1;0;0;0;0
202258;11;3;3051022;2019;12;16;2;2;5;2;2;0;1;0;1;0;0;1
202259;11;3;3020307;2019;12;16;2;3;5;3;2;0;1;0;0;0;1;1
202260;11;9;9010401;2019;12;20;3;3;5;2;2;1;1;0;0;0;0;0
202261;11;6;6040808;2019;12;19;3;3;2;2;2;0;1;0;0;0;0;0
202262;11;5;5020523;2019;12;19;3;3;5;2;2;1;1;0;0;0;0;0
202263;11;10;10020622;2019;12;17;3;3;2;6;2;1;1;0;0;0;0;0
202264;11;4;4041137;2019;12;16;3;3;2;6;2;0;1;0;0;0;0;0
202265;11;4;4030622;2019;12;15;2;3;1;5;1;1;1;0;0;0;0;1
202266;11;8;8041036;2019;12;16;2;3;6;2;2;0;1;1;0;0;0;1
202267;11;1;1011305;2019;12;16;3;3;5;3;2;1;1;0;0;0;0;0
202268;11;10;10020622;2019;12;16;2;3;2;6;2;0;1;0;0;0;0;1
202269;11;6;6020306;2019;12;16;3;3;5;3;2;0;1;0;0;0;0;1
202270;11;4;4030725;2019;12;15;2;3;5;3;1;1;1;0;0;0;0;1
202271;11;4;4051447;2019;12;15;2;3;5;3;0;0;1;0;0;0;0;0
202272;11;5;5010208;2019;12;16;3;2;6;4;2;0;1;1;0;0;0;0
202273;11;2;2050801;2019;12;13;2;3;5;2;0;0;1;0;1;0;0;0
202274;11;1;1011302;2019;12;13;2;3;1;5;0;1;0;0;0;1;0;0
202275;11;1;1022103;2019;12;12;2;3;2;6;0;0;1;0;0;0;1;0
202276;11;10;10010308;2019;12;10;3;2;0;7;1;1;0;0;0;0;0;0
202277;11;12;12103218;2019;12;5;3;3;6;2;2;0;1;1;0;0;0;0
202278;11;8;8030831;2019;12;11;2;3;0;3;0;0;1;0;1;0;0;1
202279;11;4;4051551;2019;12;11;2;3;2;6;0;0;1;0;1;0;0;0
202280;11;7;7020201;2019;12;15;3;3;5;2;0;1;1;0;0;0;0;0
202281;11;10;10040932;2019;12;11;2;2;5;3;0;0;1;0;0;0;0;0
202282;11;3;3040508;2019;12;9;2;2;4;6;0;0;1;0;0;0;0;0
202283;11;7;7070704;2019;12;15;3;3;5;2;0;1;1;0;0;0;0;0
202284;11;7;7070705;2019;12;13;3;3;5;3;0;1;1;0;0;0;0;1
202285;11;2;2010102;2019;12;9;2;3;5;2;0;1;1;0;0;0;0;0
202286;11;9;9041302;2019;12;9;2;3;1;5;0;0;1;0;0;0;0;0
202287;11;6;6040703;2019;12;13;3;3;0;1;0;1;0;0;0;0;0;1
202288;11;10;10020413;2019;12;13;3;3;5;3;0;1;1;0;0;0;0;0
202289;11;3;3030715;2019;12;7;2;2;5;3;1;1;0;0;0;0;1;1
202290;11;4;4041344;2019;12;7;2;3;5;3;2;1;1;0;0;0;0;0
202291;11;8;8010302;2019;12;6;2;3;5;3;1;1;0;0;0;0;1;0
202292;11;4;4051550;2019;12;13;3;3;5;3;0;1;0;0;0;0;0;0
202293;11;8;8010405;2019;12;6;2;3;5;3;2;1;1;0;0;0;0;0
202294;11;4;4031032;2019;12;12;3;3;5;2;0;0;1;0;0;0;0;0
202295;11;9;9051901;2019;12;6;2;3;5;2;2;1;0;0;0;0;1;1
202296;11;11;11020412;2019;12;6;2;3;5;3;2;0;1;0;0;0;0;0
202297;11;2;2010101;2019;12;12;3;3;0;2;0;1;1;0;0;0;0;0
202298;11;3;3030711;2019;12;15;2;3;5;3;1;0;1;0;0;0;1;1
202299;11;1;1044203;2019;12;20;1;3;2;6;2;0;1;0;0;0;1;1
202300;11;1;1044201;2019;12;18;1;3;3;6;2;0;1;0;0;0;0;1
202301;11;5;5030832;2019;12;11;3;2;6;7;0;0;1;1;0;0;0;0
202302;11;11;11040926;2019;12;11;3;3;5;3;0;1;1;0;0;0;0;0
202303;11;7;7010102;2019;12;18;1;3;2;6;2;0;1;0;0;0;0;1
202304;11;8;8010211;2019;12;18;1;3;5;7;2;0;1;0;0;0;1;0
202305;11;4;4020312;2019;12;9;3;3;5;3;0;0;1;0;0;0;0;1
202306;11;8;8020727;2019;12;9;3;3;5;2;0;0;1;0;0;0;0;1
202307;11;3;3040614;2019;12;17;1;3;6;4;2;0;1;1;0;0;0;1
202308;11;1;1011104;2019;12;16;1;3;5;3;2;0;1;0;0;0;0;1
202309;11;9;9030901;2019;12;9;3;3;5;3;0;1;1;0;0;0;0;1
202310;11;5;5010314;2019;12;16;1;3;3;6;2;0;1;0;0;0;0;1
202311;11;6;6040804;2019;12;16;1;3;1;5;2;0;1;0;0;0;0;1
202312;11;4;4030929;2019;12;8;3;3;0;2;0;0;1;0;1;0;0;1
202313;11;8;8010404;2019;12;7;3;3;6;2;2;0;1;1;0;0;0;1
202314;11;3;3030406;2019;12;15;1;3;5;3;1;0;1;0;0;0;0;1
202315;11;6;6040703;2019;12;15;1;3;3;6;0;0;1;0;0;0;0;1
202316;11;4;4030415;2019;12;13;1;3;5;5;0;0;1;0;0;0;0;1
202317;11;8;8020727;2019;12;8;3;3;6;4;0;0;1;1;0;0;0;1
202318;11;7;7040406;2019;12;14;1;3;3;6;0;0;1;0;0;0;0;1
202319;11;12;12302109;2019;12;7;3;3;2;2;0;0;1;0;1;0;0;1
202320;11;5;5020626;2019;12;3;1;2;9;1;2;0;1;0;0;0;0;1
202321;11;8;8010118;2019;12;3;1;3;9;1;2;0;1;0;0;0;0;0
202322;11;10;10040933;2019;12;7;3;3;5;2;0;0;1;0;0;0;1;1
202323;11;9;9010402;2019;12;7;3;3;6;4;2;0;1;1;0;0;0;1
202324;11;3;3071638;2019;12;7;1;3;0;7;0;0;0;0;1;0;1;1
202325;11;10;10040828;2019;12;6;3;3;4;6;2;1;1;0;0;0;0;1
202326;11;12;12231101;2019;12;0;1;2;6;4;2;0;1;1;0;0;0;1
202327;11;7;7060604;2019;12;17;7;2;5;2;2;0;1;0;0;0;0;0
202328;11;7;7040401;2019;12;9;3;2;6;3;0;0;0;1;0;0;1;0
202329;11;11;11030619;2019;12;16;3;1;6;4;2;0;1;1;0;0;0;0
202330;11;5;5030730;2019;12;17;7;2;1;5;2;0;1;0;0;0;0;1
202331;11;7;7070703;2019;12;17;7;3;6;4;2;0;1;1;0;0;0;1
202332;11;12;12224230;2019;12;11;3;1;9;1;0;0;1;0;0;0;0;0
202333;11;3;3040614;2019;12;17;2;3;4;5;0;0;1;0;0;0;1;0
202334;11;10;10010203;2019;12;17;7;3;6;4;2;0;0;1;0;0;1;1
202335;11;12;12231101;2019;12;17;7;2;5;2;2;0;1;0;1;0;0;1
202336;11;3;3030711;2019;12;6;2;3;2;6;2;0;1;0;0;0;0;0
202337;11;5;5030730;2019;12;16;7;3;2;6;2;0;1;0;0;0;0;0
202338;11;1;1022102;2019;12;23;2;3;2;6;2;0;1;0;0;0;0;1
202339;11;7;7070701;2019;12;15;7;3;5;3;0;0;1;0;0;0;0;0
202340;11;10;10030727;2019;12;21;7;3;2;6;2;0;1;0;0;0;0;1
202341;11;4;4020311;2019;12;21;2;2;0;1;2;1;0;0;0;0;0;1
202342;11;1;1044202;2019;12;21;2;3;5;3;2;0;1;0;0;0;0;1
202343;11;4;4051655;2019;12;20;7;2;6;4;2;0;1;1;0;0;0;1
202344;11;3;3020210;2019;12;12;7;3;0;5;0;0;1;0;0;0;1;1
202345;11;12;12304313;2019;12;21;2;3;6;2;2;0;1;1;0;0;0;1
202346;11;2;2020205;2019;12;20;2;3;0;1;2;1;0;0;0;0;0;1
202347;11;4;4030931;2019;12;11;7;3;6;4;0;0;1;1;0;0;0;1
202348;11;12;12214527;2019;12;11;7;3;5;2;0;0;1;0;0;0;0;0
202349;11;4;4030931;2019;12;19;2;3;5;7;2;1;1;0;0;0;0;1
202350;11;1;1033201;2019;12;19;2;3;6;2;2;0;1;1;0;0;0;1
202351;11;4;4030931;2019;12;11;7;3;2;6;0;0;1;0;0;0;0;1
202352;11;8;8010404;2019;12;6;7;3;6;2;2;0;1;1;0;0;0;1
202353;11;5;5020524;2019;12;4;7;3;5;3;2;0;1;0;0;0;0;1
202354;11;4;4030623;2019;12;16;2;3;3;6;2;1;1;0;0;0;0;0
202355;11;6;6030610;2019;12;7;2;3;5;2;1;0;1;0;0;0;1;0
202356;11;4;4041343;2019;12;9;7;3;5;2;0;1;1;0;0;0;0;1
202357;11;1;1011201;2019;12;1;7;3;8;1;2;0;1;0;0;0;0;1
202358;11;1;1044201;2019;12;9;2;3;0;3;0;0;1;0;1;0;0;0
202359;11;2;2010102;2019;12;6;2;3;5;3;2;0;1;0;0;0;1;0
202360;11;11;11041023;2019;12;19;7;2;6;4;2;0;1;1;0;0;0;1
202361;11;8;8010118;2019;12;19;7;3;5;3;2;0;1;0;0;0;1;1
202362;11;9;9020701;2019;12;5;2;3;5;3;2;1;1;0;0;0;0;1
202363;11;1;1044201;2019;12;19;7;3;5;2;2;0;1;0;0;0;0;1
202364;11;1;1044101;2019;12;18;2;3;3;6;2;1;1;0;0;0;0;1
202365;11;2;2010102;2019;12;18;7;3;2;6;2;0;1;0;1;0;0;1
202366;11;8;8010404;2019;12;18;7;3;1;5;2;1;1;0;0;0;0;1
202367;11;6;6020305;2019;12;18;2;3;2;6;2;0;1;0;1;0;0;0
202368;11;12;12214424;2019;12;17;2;3;5;3;2;1;1;0;0;0;0;1
202369;11;11;11040926;2019;12;18;7;3;2;6;2;0;1;0;0;0;0;1
202370;11;8;8010211;2019;12;18;7;3;2;6;2;0;1;0;0;0;0;0
202371;11;1;1044102;2019;12;17;2;3;5;7;2;0;1;0;1;0;0;1
202372;11;11;11010310;2019;12;17;2;3;2;6;2;0;1;0;0;0;0;1
202373;11;5;5010339;2019;12;18;7;3;5;2;2;1;1;0;0;0;0;1
202374;11;2;2020203;2019;12;20;6;3;6;4;2;0;0;1;0;0;1;0
202375;11;10;10010311;2019;12;16;2;3;2;6;2;0;1;0;0;0;0;2
202376;11;9;9030901;2019;12;20;6;3;6;4;2;0;0;1;0;0;1;1
202377;11;8;8041037;2019;12;14;2;2;0;3;0;0;0;0;1;0;1;1
202378;11;2;2020204;2019;12;13;2;3;2;6;0;0;1;0;0;0;0;0
202379;11;12;12224230;2019;12;20;6;2;4;6;2;1;0;0;0;0;0;0
202380;11;3;3071639;2019;12;12;2;3;9;1;0;0;1;0;0;0;1;1
202381;11;7;7010102;2019;12;16;6;3;6;4;2;1;0;1;0;0;0;1
202382;11;4;4051549;2019;12;9;2;3;2;6;0;0;1;0;0;0;0;0
202383;11;10;10010308;2019;12;18;1;3;5;3;2;0;1;0;0;0;1;1
202384;11;6;6030609;2019;12;17;6;3;6;2;2;0;1;1;0;0;0;1
202385;11;12;12302212;2019;12;17;6;3;6;4;2;0;1;1;0;0;0;1
202386;11;4;4051446;2019;12;2;1;3;5;3;2;0;1;0;0;0;0;1
202387;11;9;9052001;2019;12;17;6;3;6;4;2;0;1;1;0;0;0;1
202388;11;1;1011402;2019;12;17;6;3;0;2;2;0;1;1;0;0;0;1
202389;11;12;12103219;2019;12;17;6;3;6;2;2;0;1;1;0;0;0;1
202390;11;3;3050924;2019;12;17;6;3;6;4;2;0;1;1;0;0;0;1
202391;11;4;4051551;2019;12;15;6;3;5;2;1;1;1;0;0;0;0;1
202392;11;8;8041040;2019;12;17;1;2;1;5;2;0;1;0;0;1;0;1
202393;11;4;4041344;2019;12;19;1;3;5;3;2;1;1;0;0;0;0;1
202394;11;10;10010310;2019;12;16;6;3;5;3;2;1;1;0;0;0;0;1
202395;11;8;8020727;2019;12;16;6;3;2;6;2;0;1;0;0;0;0;1
202396;11;6;6030609;2019;12;16;6;3;8;1;2;0;1;0;0;0;0;1
202397;11;12;12214125;2019;12;19;1;3;2;6;2;0;1;0;0;0;0;0
202398;11;1;1044201;2019;12;16;6;3;2;6;2;0;1;0;0;0;1;1
202399;11;6;6040807;2019;12;17;1;3;5;3;2;0;1;0;0;0;0;1
202400;11;6;6030503;2019;12;12;6;2;2;7;0;0;1;0;0;0;0;1
202401;11;9;9051901;2019;12;22;6;3;6;2;2;0;1;1;0;0;0;1
202402;11;6;6040804;2019;12;17;1;3;6;7;2;1;0;1;0;0;0;1
202403;11;2;2010103;2019;12;21;6;3;6;2;2;0;1;1;0;0;0;1
202404;11;4;4030519;2019;12;20;6;3;5;7;2;0;1;0;0;0;1;1
202405;11;10;10010310;2019;12;19;6;3;2;6;2;0;1;0;0;0;0;1
202406;11;4;4010101;2019;12;16;1;3;5;3;2;0;1;0;0;0;0;0
202407;11;9;9020701;2019;12;19;6;3;5;3;2;0;1;0;0;0;0;1
202408;11;6;6010207;2019;12;19;6;3;5;3;2;0;1;0;0;0;0;1
202409;11;8;8010301;2019;12;14;1;3;5;3;0;1;1;0;0;0;0;1
202410;11;8;8010214;2019;12;19;6;3;2;6;2;0;1;0;0;0;0;1
202411;11;8;8041038;2019;12;14;1;2;5;2;0;0;1;0;0;0;0;1
202412;11;7;7020203;2019;12;19;6;3;0;4;2;1;0;1;0;0;0;1
202413;11;4;4020310;2019;12;18;6;3;2;6;2;0;1;0;0;0;0;1
202414;11;4;5030833;2019;12;13;1;3;2;6;0;0;1;0;0;0;0;1
202415;11;12;12214125;2019;12;11;1;3;5;2;0;0;1;0;0;0;0;1
202416;11;12;12304314;2019;12;18;6;3;6;4;2;0;1;1;0;0;0;1
202417;11;4;4031032;2019;12;18;6;3;0;7;2;0;1;0;0;0;0;1
202418;11;9;9010401;2019;12;6;1;3;8;1;2;0;1;0;0;0;0;2
202419;11;4;4030623;2019;12;5;1;3;9;1;2;0;1;0;0;0;0;1
202420;11;4;4041241;2019;12;18;6;2;6;4;2;1;0;1;0;0;0;1
202421;11;5;5030833;2019;12;16;6;2;6;2;2;0;1;1;0;0;0;1
202422;11;4;4030929;2019;12;16;6;2;0;7;2;1;0;0;0;0;0;1
202423;11;9;9041301;2019;12;5;1;3;9;1;2;0;1;0;0;0;0;1
202424;11;2;2050801;2019;12;14;6;3;5;3;0;0;1;0;0;0;0;1
202425;11;1;1011304;2019;12;1;1;2;5;3;2;1;1;0;0;0;0;1
202426;11;9;9030902;2019;12;14;6;3;5;2;0;1;1;0;0;0;0;1
202427;11;4;4041134;2019;12;10;6;3;5;3;0;1;1;0;0;0;0;1
202428;11;3;3030715;2019;12;12;1;3;2;6;0;0;1;0;0;0;0;0
202429;11;11;11040926;2019;12;9;6;3;5;3;0;0;1;0;0;0;0;1
202430;11;4;4041136;2019;12;9;6;3;6;4;0;0;1;1;0;0;0;1
202431;11;8;8010213;2019;12;8;6;3;5;7;0;1;1;0;0;0;0;0
202432;11;11;11030720;2019;12;0;1;1;6;4;2;0;1;1;0;0;0;1
202433;11;8;8010302;2019;12;14;7;2;5;7;0;0;1;0;1;0;0;1
202434;11;2;2020206;2019;12;8;6;3;0;1;0;1;0;0;0;0;0;0
202435;11;8;8041036;2019;12;14;2;3;5;3;0;0;1;0;0;0;0;0
202436;11;8;8010211;2019;12;13;2;3;1;5;0;1;1;0;0;0;0;0
202437;11;12;12103117;2019;12;11;2;3;5;3;0;0;1;0;0;0;0;0
202438;11;8;8010303;2019;12;10;2;3;5;2;0;0;1;0;1;0;0;0
202439;11;4;4010102;2019;12;8;2;3;6;4;0;0;0;1;1;0;0;0
202440;11;6;6020410;2019;12;21;2;2;5;3;2;0;1;0;0;1;0;0
202441;11;9;9020501;2019;12;6;2;2;0;1;2;1;0;0;0;0;0;0
202442;11;8;8030831;2019;12;16;1;3;6;7;2;0;1;1;0;0;0;0
202443;11;11;11040925;2019;12;15;1;3;5;3;0;0;1;0;0;0;0;0
202444;11;4;4041238;2019;12;14;1;3;2;6;0;0;1;0;0;0;0;0
202445;11;6;6020303;2019;12;4;1;3;5;3;2;0;1;0;0;0;0;0
202446;11;4;4030827;2019;12;2;1;3;1;5;2;0;1;0;0;0;0;0
202447;11;11;11010205;2019;12;21;7;2;6;4;2;0;1;1;0;0;0;0
202448;11;1;1011302;2019;12;21;7;3;1;5;2;0;1;0;0;0;1;0
202449;11;8;8010510;2019;12;20;7;3;2;2;2;0;1;0;0;0;0;1
202450;11;1;1044201;2019;12;17;7;3;6;7;2;0;1;1;0;0;0;0
202451;11;1;1022205;2019;12;16;7;3;0;1;2;1;0;0;0;0;0;0
202452;11;7;7040405;2019;12;17;7;3;6;4;2;0;1;1;0;0;0;0
202453;11;2;2040502;2019;12;15;7;3;6;3;0;1;0;1;0;0;0;0
202454;11;6;6010205;2019;12;14;7;3;6;4;0;0;1;1;0;0;0;0
202455;11;8;8020623;2019;12;13;7;3;5;3;0;0;1;0;0;0;1;0
202456;11;1;1011303;2019;12;12;7;3;5;3;0;0;0;0;0;0;1;0
202457;11;4;4030417;2019;12;12;7;3;5;7;0;0;1;0;1;0;0;0
202458;11;8;8010301;2019;12;12;7;3;6;4;0;0;1;1;0;0;0;0
202459;11;2;2030302;2019;12;7;7;3;5;3;2;1;1;0;0;0;0;0
202460;11;8;8010301;2019;12;23;7;2;0;1;2;1;0;0;0;0;0;0
202461;11;1;1011305;2019;12;0;7;2;5;3;2;0;1;0;0;0;1;0
202462;11;4;4030620;2019;12;0;6;2;8;1;2;0;1;0;0;0;0;1
202463;11;1;1022103;2019;12;16;6;3;5;3;2;1;1;0;0;0;0;0
202464;11;2;2020206;2019;12;13;6;3;0;7;0;0;1;0;0;0;0;0
202465;11;9;9052001;2019;12;10;6;3;3;6;0;1;1;0;0;0;0;1
202466;11;7;7030303;2019;12;10;6;3;0;3;0;0;0;0;1;0;1;1
202467;11;2;2020204;2019;12;9;6;3;8;1;0;0;1;0;0;0;0;1
202468;11;4;4041134;2019;12;7;6;3;5;3;1;1;0;0;0;0;1;0
202469;11;1;1011103;2019;12;21;6;3;2;6;2;0;1;0;0;0;0;1
202470;11;5;5010311;2019;12;20;6;3;6;2;2;0;1;1;0;0;0;1
202471;11;4;4041344;2019;12;19;6;3;1;5;2;1;1;0;0;0;0;0
202472;11;8;8020622;2019;12;17;6;3;2;6;2;0;1;0;0;0;0;1
202473;11;7;7020204;2019;12;17;6;3;5;3;2;1;1;0;0;0;0;1
202474;11;11;11030720;2019;12;16;6;3;5;3;2;0;1;0;0;0;0;1
202475;11;9;9051702;2019;12;19;6;2;6;4;2;0;1;1;0;0;0;1
202476;11;3;3040513;2019;12;14;6;2;0;1;0;1;0;0;0;0;0;1
202477;11;6;6040807;2019;12;9;6;2;5;3;0;1;1;0;0;0;0;1
202478;11;12;12103116;2019;12;17;5;3;2;2;2;1;1;0;0;0;0;1
202479;11;8;8010404;2019;12;20;5;3;5;3;2;0;1;0;0;0;0;1
202480;11;10;10020622;2019;12;17;5;3;5;2;2;0;1;0;0;0;0;1
202481;11;11;11020514;2019;12;17;5;3;5;3;2;0;1;0;0;0;0;1
202482;11;11;11051229;2019;12;17;5;3;2;6;2;0;1;0;1;0;0;1
202483;11;8;8010303;2019;12;16;5;3;5;3;2;0;1;0;0;0;0;1
202484;11;1;1033201;2019;12;11;5;3;0;1;0;0;1;0;1;0;0;1
202485;11;9;9051702;2019;12;9;5;3;0;1;0;1;0;0;0;0;0;1
202486;11;5;5020625;2019;12;2;5;3;8;1;2;0;1;0;0;0;0;1
202487;11;4;4030518;2019;12;0;5;3;0;1;2;0;0;0;0;0;1;1
202488;11;11;11030720;2019;12;15;5;2;5;1;0;0;1;0;0;0;0;1
202489;11;9;9010301;2019;12;14;5;2;5;2;0;0;1;0;0;0;0;1
202490;11;1;1033203;2019;12;6;5;2;3;6;2;1;1;0;0;0;0;1
202491;11;4;4051655;2019;12;12;4;3;5;2;0;0;1;0;0;0;0;1
202492;11;1;1033201;2019;12;23;4;3;5;7;2;0;1;0;1;0;0;1
202493;11;4;4030929;2019;12;19;4;3;2;7;2;0;1;0;0;0;0;1
202494;11;7;7030303;2019;12;16;4;3;1;1;2;0;1;0;0;0;1;1
202495;11;8;8020728;2019;12;13;4;3;5;3;0;0;1;0;0;0;1;1
202496;11;4;4020208;2019;12;23;3;3;6;2;2;0;1;1;0;0;0;1
202497;11;9;9010301;2019;12;21;3;3;5;2;2;0;1;0;0;0;0;1
202498;11;5;5010101;2019;12;20;3;3;6;2;2;0;1;1;0;0;0;1
202499;11;10;10040931;2019;12;19;3;3;5;3;2;0;1;0;0;0;0;1
202500;11;11;11010308;2019;12;18;3;3;1;5;2;0;1;0;0;0;0;1
202501;11;6;6020304;2019;12;18;3;3;8;1;2;0;1;0;0;0;0;1
202502;11;1;1022201;2019;12;14;3;3;0;1;0;0;1;0;1;0;0;0
202503;11;5;5010339;2019;12;13;3;3;0;6;0;0;1;0;0;0;1;1
202504;11;8;8010404;2019;12;13;3;3;6;4;0;0;1;1;0;0;0;0
202505;11;3;3040818;2019;12;11;3;3;5;2;0;1;1;0;0;0;0;0
202506;11;2;2040502;2019;12;10;3;3;5;3;0;1;0;0;0;0;0;0
202507;11;10;10010204;2019;12;9;3;3;2;2;0;0;1;0;0;0;0;0
202508;11;3;3050923;2019;12;20;2;3;6;4;2;0;1;1;0;0;0;0
202509;11;2;2010104;2019;12;17;2;3;2;2;1;0;1;0;1;0;0;0
202510;11;10;10010206;2019;12;7;2;3;6;7;2;1;0;1;0;0;0;0
202511;11;10;10030724;2019;12;13;2;3;2;6;0;0;1;0;0;0;1;1
202512;11;4;4020311;2019;12;12;2;3;6;7;0;0;1;1;0;0;0;1
202513;11;9;9052001;2019;12;12;2;3;1;5;0;0;1;0;0;0;0;0
202514;11;2;2030302;2019;12;19;2;3;1;5;2;1;1;0;0;0;0;0
202515;11;4;4030931;2019;12;20;2;3;6;4;2;0;1;1;0;0;0;0
202516;11;2;2050803;2019;12;18;2;3;5;7;2;0;1;0;0;0;0;0
202517;11;11;11020514;2019;12;12;2;2;6;4;0;0;1;1;0;0;0;1
202518;11;9;9010302;2019;12;17;2;3;2;6;2;0;1;0;0;0;0;0
202519;11;6;6020306;2019;12;16;2;2;9;1;2;0;1;0;0;0;0;0