OBJECTID;LAND;BEZ;LOR_ab_2021;UJAHR;UMONAT;USTUNDE;UWOCHENTAG;UKATEGORIE;UART;UTYP1;ULICHTVERH;IstRad;IstPKW;IstFuss;IstKrad;IstGkfz;IstSonstige;USTRZUSTAND
202520;11;12;12214527;2019;12;16;2;3;2;6;1;0;1;0;0;0;0;0
202521;11;6;6020301;2019;12;16;2;3;5;3;2;0;1;0;0;0;0;1
202522;11;8;8030831;2019;12;16;2;3;0;5;1;1;1;0;0;0;0;1
202523;11;12;12214125;2019;12;15;2;2;5;2;0;1;1;0;0;0;0;0
202524;11;4;4041136;2019;12;11;2;2;9;7;0;0;1;0;0;0;0;1
202525;11;8;8020620;2019;12;11;2;3;5;3;0;1;1;0;0;0;0;1
202526;11;6;6010210;2019;12;9;2;3;6;4;0;1;0;1;0;0;0;1
202527;11;4;4030931;2019;12;9;2;2;6;2;0;0;1;1;0;0;0;1
202528;11;2;2030402;2019;12;8;2;3;1;5;0;1;0;0;0;0;1;1
202529;11;1;1044101;2019;12;7;2;3;5;3;1;0;1;0;0;0;0;1
202530;11;8;8010404;2019;12;7;2;3;6;2;2;0;1;1;0;0;0;1
202531;11;5;5020625;2019;12;18;2;3;5;3;2;0;1;0;0;0;1;0
202532;11;2;2020205;2019;12;14;1;3;0;1;0;1;0;0;0;0;0;1
202533;11;3;3071639;2019;12;14;1;3;0;5;0;0;1;0;0;0;0;0
202534;11;12;12103218;2019;12;12;1;2;5;2;0;1;1;0;0;0;0;0
202535;11;8;8020619;2019;12;12;1;3;5;2;0;0;1;0;0;0;0;1
202536;11;12;12214422;2019;12;9;1;3;2;2;0;0;1;0;1;0;0;1
202537;11;4;4030931;2019;12;8;1;3;5;3;0;0;1;0;0;0;0;1
202538;11;2;2020206;2019;12;7;1;3;5;3;2;0;1;0;0;0;0;1
202539;11;11;11041128;2019;12;18;1;3;1;5;2;0;1;0;0;0;0;1
202540;11;12;12214424;2019;12;21;1;3;2;6;2;0;1;0;0;0;0;0
202541;11;4;4030930;2019;12;18;1;3;5;3;2;0;1;0;1;0;0;0
202542;11;1;1011402;2019;12;16;1;3;3;6;2;1;0;0;0;0;0;1
202543;11;8;8030831;2019;12;14;1;3;1;5;0;0;1;0;0;0;0;0
202544;11;6;6040703;2019;12;13;1;3;5;3;0;0;1;0;0;0;0;0
202545;11;7;7040403;2019;12;21;7;3;2;2;2;0;1;0;0;0;0;0
202546;11;2;2030401;2019;12;20;7;2;0;3;2;0;1;0;0;0;0;1
202547;11;5;5020419;2019;12;19;7;3;2;6;2;0;1;0;0;0;1;1
202548;11;12;12103117;2019;12;17;7;2;0;4;2;0;0;1;0;0;1;0
202549;11;8;8010404;2019;12;16;7;3;0;1;2;0;0;0;1;0;0;1
202550;11;6;6040807;2019;12;14;7;3;2;2;0;0;1;0;0;0;0;1
202551;11;5;5020625;2019;12;13;7;3;2;7;0;0;1;0;0;0;0;0
202552;11;9;9051702;2019;12;13;7;3;6;4;0;0;1;1;0;0;0;0
202553;11;8;8041036;2019;12;13;7;2;5;2;0;0;1;0;0;0;0;0
202554;11;6;6030607;2019;12;12;7;3;1;1;0;0;1;0;0;0;1;1
202555;11;7;7060601;2019;12;12;7;3;0;3;0;1;1;0;0;0;0;1
202556;11;7;7060604;2019;12;11;7;2;8;1;0;0;1;0;0;0;0;1
202557;11;12;12214422;2019;12;11;7;3;5;7;0;0;1;0;0;0;0;1
202558;11;12;12304314;2019;12;10;7;3;2;6;0;0;1;0;0;0;0;1
202559;11;1;1011301;2019;12;10;7;3;2;6;0;0;1;0;0;0;0;0
202560;11;2;2050801;2019;12;9;7;3;2;6;0;0;1;0;0;0;1;1
202561;11;8;8010301;2019;12;8;7;3;0;3;0;0;1;0;0;0;1;1
202562;11;2;2010104;2019;12;3;7;3;5;2;2;0;1;0;0;0;0;1
202563;11;10;10010204;2019;12;16;6;3;2;6;1;0;1;0;0;0;0;1
202564;11;1;1033102;2019;12;15;6;3;0;3;0;1;1;0;0;0;0;1
202565;11;6;6010103;2019;12;17;6;3;0;7;2;0;1;1;0;0;0;1
202566;11;4;4030415;2019;12;16;6;3;5;3;2;0;1;0;0;0;0;0
202567;11;8;8010301;2019;12;16;6;3;1;5;2;1;1;0;0;0;0;1
202568;11;7;7040403;2019;12;20;6;3;5;2;2;0;1;0;0;0;0;1
202569;11;3;3030406;2019;12;19;6;2;5;2;2;0;1;0;1;0;0;1
202570;11;4;4030929;2019;12;19;6;3;2;6;2;0;1;0;0;0;0;0
202571;11;11;11040926;2019;12;19;6;3;6;2;2;0;1;1;0;0;0;0
202572;11;12;12231102;2019;12;18;6;3;5;3;2;0;1;0;0;0;0;1
202573;11;1;1011102;2019;12;18;6;3;5;3;2;0;1;0;0;0;0;0
202574;11;7;7040401;2019;12;17;6;2;6;4;2;0;1;1;0;0;0;1
202575;11;10;10030725;2019;12;10;6;2;6;4;0;0;1;1;0;0;0;1
202576;11;1;1022206;2019;12;16;6;3;6;2;2;0;1;1;0;0;0;1
202577;11;5;5010206;2019;12;17;6;3;6;4;2;0;1;1;0;0;0;0
202578;11;12;12214125;2019;12;10;6;3;0;5;0;1;1;0;0;0;0;1
202579;11;4;4030929;2019;12;9;6;3;5;3;0;1;1;0;0;0;0;1
202580;11;4;4030519;2019;12;9;6;3;5;3;0;0;1;0;0;0;0;0
202581;11;10;10020412;2019;12;8;6;2;6;4;0;0;1;1;0;0;0;1
202582;11;1;1011204;2019;12;7;6;3;2;2;1;1;1;0;0;0;0;0
202583;11;11;11041023;2019;12;7;6;3;6;4;2;0;1;1;0;0;0;1
202586;11;2;2010102;2019;12;6;6;3;1;5;2;1;1;0;0;0;0;1
202587;11;11;11030721;2019;12;6;6;3;6;2;2;0;1;1;0;0;0;0
202590;11;12;12103218;2019;12;16;6;3;5;2;1;1;1;0;0;0;0;0
202591;11;2;2030302;2019;12;15;6;3;0;3;1;1;1;0;0;0;0;1
202593;11;6;6040804;2019;12;15;6;3;6;4;1;0;1;1;0;0;0;1
202595;11;8;8041036;2019;12;14;6;2;6;4;0;0;1;1;0;0;0;1
202596;11;7;7050501;2019;12;14;6;3;5;3;0;1;0;0;0;1;0;0
202599;11;4;4030931;2019;12;14;6;3;0;6;0;0;1;0;0;0;1;0
202600;11;2;2050802;2019;12;23;6;3;5;3;2;0;1;0;0;0;0;1
202602;11;10;10010311;2019;12;22;6;2;0;1;2;1;0;0;0;0;0;1
202603;11;3;3061227;2019;12;22;6;3;0;5;2;0;1;1;0;0;0;0
202606;11;4;4030417;2019;12;21;6;3;5;3;2;0;1;0;0;0;1;0
202607;11;10;10030727;2019;12;14;6;3;5;2;0;1;0;0;0;0;1;0
202608;11;7;7010101;2019;12;14;6;3;3;6;0;1;0;0;0;0;0;0
202609;11;10;10020414;2019;12;17;6;2;5;2;2;1;1;0;0;0;0;1
202610;11;10;10010310;2019;12;16;6;3;5;2;2;1;1;0;0;0;0;0
202613;11;6;6040804;2019;12;14;6;3;3;6;0;0;1;0;0;0;0;0
202615;11;6;6020301;2019;12;16;6;2;6;2;2;0;1;1;0;0;0;0
202618;11;8;8010211;2019;12;13;6;3;5;7;0;0;1;0;0;0;0;0
202622;11;6;6030609;2019;12;7;6;3;5;2;0;1;1;0;0;0;0;0
202623;11;1;1033201;2019;12;21;6;3;5;2;2;1;1;0;0;0;0;1
202626;11;5;5030833;2019;12;20;6;3;6;2;2;0;1;1;0;0;0;1
202629;11;1;1022201;2019;12;13;6;3;5;3;0;1;1;0;0;0;0;1
202630;11;3;3020307;2019;12;20;6;3;6;2;2;0;1;1;0;0;0;0
202633;11;5;5010311;2019;12;13;6;3;5;7;0;0;1;0;1;0;0;1
202634;11;6;6010102;2019;12;13;6;3;3;6;0;1;1;0;0;0;0;0
202638;11;5;5010102;2019;12;12;6;3;6;4;0;0;1;1;0;0;0;0
202640;11;7;7040401;2019;12;12;6;3;6;7;0;0;1;1;0;0;0;0
202643;11;1;1011101;2019;12;12;6;3;0;7;0;1;1;0;0;0;0;1
202647;11;11;11041128;2019;12;10;6;3;6;4;0;0;1;1;0;0;0;0
202648;11;1;1044203;2019;12;12;5;3;0;2;0;1;1;0;0;0;0;0
202651;11;7;7070701;2019;12;18;5;3;6;2;2;0;1;1;0;0;0;0
202652;11;8;8010301;2019;12;17;5;3;0;7;2;0;0;1;0;0;1;0
202655;11;7;7050503;2019;12;17;5;2;6;4;2;0;1;1;0;0;0;0
202658;11;7;7070703;2019;12;17;5;2;6;4;2;0;1;1;0;0;0;1
202659;11;4;4051655;2019;12;17;5;3;5;2;2;1;1;0;0;0;0;0
202663;11;3;3020307;2019;12;17;5;2;6;2;2;0;1;1;0;0;0;1
202665;11;5;5010314;2019;12;16;5;3;3;6;2;0;1;0;0;0;0;0
202668;11;10;10040931;2019;12;16;5;3;0;3;2;0;1;0;1;0;0;1
202669;11;4;4030417;2019;12;22;5;3;5;2;2;0;1;0;0;0;0;0
202671;11;6;6030502;2019;12;21;5;3;5;3;2;0;1;0;1;0;0;1
202674;11;7;7010102;2019;12;22;5;3;5;3;2;1;1;0;0;0;0;0
202675;11;2;2020203;2019;12;20;5;3;5;3;2;0;1;0;0;0;1;0
202678;11;2;2030301;2019;12;18;5;3;5;3;2;1;0;0;0;0;0;1
202679;11;7;7020202;2019;12;18;5;3;2;6;2;0;1;0;0;0;1;1
202682;11;6;6030504;2019;12;17;5;3;0;2;2;1;1;0;0;0;0;1
202684;11;4;4030931;2019;12;15;5;3;6;4;0;0;1;1;0;0;0;0
202687;11;8;8041037;2019;12;13;5;3;5;3;0;0;1;0;0;0;0;0
202688;11;11;11040926;2019;12;12;5;3;5;3;0;1;0;0;0;0;0;0
202691;11;4;4030417;2019;12;12;5;3;5;2;0;1;1;0;0;0;0;0
202692;11;11;11020411;2019;12;9;5;3;2;7;0;0;1;0;0;0;1;0
202695;11;7;7050502;2019;12;8;5;3;2;6;0;0;1;0;0;0;1;1
202696;11;1;1011305;2019;12;8;5;3;5;7;0;1;1;0;0;0;0;0
202700;11;12;12304314;2019;12;8;5;3;0;2;0;0;1;0;0;0;1;0
202701;11;6;6030503;2019;12;8;5;3;2;6;0;0;1;0;0;0;0;0
202704;11;12;12214125;2019;12;16;5;3;5;3;2;1;1;0;0;0;0;0
202705;11;11;11020412;2019;12;6;5;3;5;3;2;0;1;0;0;0;0;0
202708;11;2;2010103;2019;12;14;5;3;2;6;0;0;1;0;0;0;0;0
202710;11;8;8010510;2019;12;14;5;3;1;5;0;1;1;0;0;0;0;0
202713;11;9;9010402;2019;12;15;5;3;2;6;0;0;1;0;0;0;0;0
202714;11;1;1011303;2019;12;15;5;3;6;2;0;0;1;1;0;0;0;0
202717;11;11;11020515;2019;12;15;5;3;5;3;0;1;1;0;0;0;0;1
202718;11;7;7070701;2019;12;13;5;3;2;2;0;0;1;0;0;0;1;0
202721;11;5;5010314;2019;12;12;4;3;2;6;0;0;1;0;0;0;0;0
202723;11;10;10020415;2019;12;18;4;3;1;6;2;1;1;0;0;0;0;0
202724;11;10;10010310;2019;12;4;4;3;0;6;2;0;1;0;1;0;0;1
202726;11;7;7010102;2019;12;18;4;3;1;7;2;0;1;0;0;0;0;0
202728;11;4;4010102;2019;12;6;4;3;5;7;2;0;1;0;0;1;0;0
202729;11;12;12214422;2019;12;9;4;3;5;3;0;0;1;0;0;0;0;0
202732;11;6;6030608;2019;12;8;4;2;5;2;0;1;1;0;0;0;0;0
202738;11;3;3050923;2019;12;8;4;3;5;3;0;1;1;0;0;0;0;0
202739;11;8;8041037;2019;12;7;4;3;6;4;2;0;1;1;0;0;0;0
202743;11;3;3010101;2019;12;23;4;3;8;1;2;0;1;0;0;0;0;0
202744;11;2;2050802;2019;12;21;3;3;6;4;2;0;1;1;0;0;0;0
202745;11;12;12302212;2019;12;21;4;3;1;5;2;1;1;0;0;0;0;0
202746;11;4;4030725;2019;12;15;3;3;5;5;0;0;1;0;0;0;0;0
202747;11;12;12301204;2019;12;15;3;3;1;7;1;0;1;0;0;0;0;0
202748;11;9;9010101;2019;12;17;4;3;5;3;2;1;1;0;0;0;0;0
202749;11;1;1044101;2019;12;13;3;3;5;3;0;1;1;0;0;0;0;0
202750;11;6;6010207;2019;12;12;3;3;0;6;0;0;1;0;0;0;1;0
202751;11;4;4030931;2019;12;12;3;3;1;5;0;1;1;0;0;0;0;0
202752;11;8;8020620;2019;12;21;4;3;3;6;2;1;1;0;0;0;0;0
202753;11;1;1011306;2019;12;2;3;3;2;7;2;1;1;0;0;0;0;1
202754;11;8;8010406;2019;12;18;3;2;5;2;2;0;1;0;0;0;0;0
202755;11;1;1033101;2019;12;21;4;3;5;2;2;0;1;0;0;0;0;0
202756;11;3;3050923;2019;12;15;3;2;5;2;0;0;1;0;0;0;0;0
202757;11;7;7010102;2019;12;14;4;3;3;6;0;0;1;0;0;0;0;0
202758;11;11;11010103;2019;12;11;3;2;6;4;0;0;1;1;0;0;0;0
202759;11;2;2020203;2019;12;19;2;3;6;7;2;1;0;1;0;0;0;0
202760;11;4;4030725;2019;12;8;4;3;2;6;0;1;1;0;0;0;0;0
202761;11;10;10040828;2019;12;16;4;3;5;3;2;0;1;0;0;0;0;0
202762;11;6;6020411;2019;12;22;2;3;0;3;2;0;0;0;0;0;1;0
202763;11;4;4030931;2019;12;19;2;3;2;2;2;0;1;0;0;0;0;0
202764;11;6;6020304;2019;12;18;4;3;0;7;2;0;1;0;0;0;0;0
202765;11;11;11030721;2019;12;15;4;3;2;6;1;0;1;0;0;0;0;0
202766;11;1;1044203;2019;12;18;2;3;5;2;2;0;1;0;0;0;0;0
202767;11;1;1011304;2019;12;18;2;3;6;7;2;1;1;1;0;0;0;0
202768;11;1;1022206;2019;12;17;2;3;5;3;2;0;1;0;1;0;0;0
202769;11;1;1044202;2019;12;15;4;3;5;2;0;0;1;0;0;0;0;0
202770;11;3;3061430;2019;12;17;2;3;2;6;2;0;1;0;0;0;0;0
202771;11;7;7040405;2019;12;18;4;3;0;7;2;1;0;0;0;0;0;1
202772;11;11;11030720;2019;12;16;2;3;5;3;2;1;1;0;0;0;0;0
202773;11;10;10030727;2019;12;16;2;3;2;6;1;0;1;0;1;0;0;0
202774;11;2;2020204;2019;12;18;4;3;1;5;2;1;1;0;0;0;0;1
202775;11;1;1011303;2019;12;15;2;3;3;6;0;0;1;1;0;0;0;0
202776;11;1;1011201;2019;12;14;2;3;1;5;0;1;1;0;0;0;0;0
202777;11;1;1011304;2019;12;14;2;3;2;2;0;0;1;0;0;0;1;0
202778;11;11;11030721;2019;12;18;4;2;5;2;2;0;1;0;1;0;0;0
202779;11;1;1011202;2019;12;14;4;3;2;2;0;1;1;0;0;0;0;0
112695;11;2;2500729;2018;1;15;4;3;6;4;0;0;1;1;0;0;0;1
112705;11;12;12500824;2018;1;11;2;3;2;6;0;0;1;0;0;0;0;0
112726;11;2;2400520;2018;1;9;3;3;6;4;0;0;1;1;0;0;0;0
112737;11;7;7200308;2018;1;17;2;3;6;7;2;0;1;1;0;0;0;0
112747;11;3;3200206;2018;1;15;4;3;6;7;1;1;0;1;0;0;0;1
112770;11;10;10100208;2018;1;5;2;2;2;6;2;0;1;0;0;0;0;0
112792;11;4;4200207;2018;1;17;2;3;2;6;2;0;1;0;0;0;1;1
112805;11;3;3100101;2018;1;16;5;3;2;6;2;0;1;0;0;0;0;1
112820;11;1;1100310;2018;1;14;2;3;6;4;0;0;1;1;0;0;0;0
112837;11;12;12100205;2018;1;21;7;3;0;1;2;0;0;0;1;0;0;1
112848;11;1;1100310;2018;1;17;3;3;2;6;2;0;1;0;0;0;0;1
112862;11;7;7400823;2018;1;16;4;3;2;6;2;0;1;0;0;0;0;1
112892;11;3;3701660;2018;1;11;5;3;5;2;0;1;1;0;0;0;0;1
112902;11;2;2500729;2018;1;8;2;3;5;2;0;1;1;0;0;0;0;0
112921;11;1;1100207;2018;1;19;4;3;5;7;2;1;1;0;0;0;0;1
112937;11;3;3601449;2018;1;6;5;3;5;2;2;0;1;0;0;0;0;0
112947;11;9;9200613;2018;1;18;4;2;5;3;2;1;1;0;0;0;0;1
112957;11;5;5200528;2018;1;15;1;3;5;3;0;0;1;0;0;0;0;0
112980;11;7;7400823;2018;1;13;3;3;3;6;0;0;1;0;0;1;0;0
112992;11;2;2400625;2018;1;11;7;3;6;4;0;1;0;1;0;0;0;0
113009;11;1;1100102;2018;1;8;3;3;5;3;0;1;1;0;0;0;0;1
113020;11;12;12500824;2018;1;7;6;3;0;7;1;0;0;0;1;0;0;1
113046;11;7;7501133;2018;1;15;2;3;0;3;0;0;1;0;0;0;1;0
113058;11;3;3601142;2018;1;10;5;3;6;2;0;0;0;1;0;0;1;1
113087;11;3;3500934;2018;1;9;4;3;1;5;0;0;1;0;0;1;0;1
113110;11;7;7400825;2018;1;0;1;2;2;6;2;0;1;0;0;0;0;0
113121;11;3;3601142;2018;1;14;4;3;0;6;0;0;0;0;1;0;1;1
113151;11;1;1100310;2018;1;17;4;2;2;6;2;0;1;0;0;0;0;1
113164;11;1;1300836;2018;1;22;6;3;2;6;2;0;1;0;0;0;0;0
113175;11;1;1100310;2018;1;9;3;3;2;6;0;0;1;0;0;0;1;0
113194;11;1;1100310;2018;1;17;5;3;3;6;2;0;1;0;0;0;0;1
113205;11;12;12400723;2018;1;7;3;3;6;2;1;0;1;1;0;0;0;2
113215;11;4;4100101;2018;1;13;1;3;2;6;0;0;1;0;0;0;0;0
113235;11;1;1100310;2018;1;12;2;3;5;3;0;1;0;0;0;0;1;0
113255;11;4;4300414;2018;1;19;4;3;2;6;2;0;1;0;0;0;0;0
113267;11;3;3601451;2018;1;8;2;3;6;4;0;1;0;1;0;0;0;0
113277;11;2;2500727;2018;1;8;5;3;5;3;0;1;1;0;0;0;0;1
113302;11;4;4100101;2018;1;6;2;3;2;6;1;0;1;0;0;0;0;0
113314;11;2;2400521;2018;1;8;5;2;5;3;0;1;1;0;0;0;0;1
113324;11;7;7200411;2018;1;6;3;1;5;2;2;1;0;0;0;1;0;1
113335;11;3;3400830;2018;1;15;5;3;6;3;0;0;1;1;0;0;0;0
113351;11;7;7400927;2018;1;19;2;3;3;6;2;0;1;0;0;0;0;0
113369;11;3;3200309;2018;1;22;7;3;2;6;2;0;1;0;0;0;0;0
113380;11;3;3400826;2018;1;19;3;3;2;6;2;0;1;0;0;0;0;0
113425;11;3;3701660;2018;1;11;6;3;1;5;0;1;1;0;0;0;0;0
113437;11;4;4400726;2018;1;10;2;3;3;6;0;0;1;0;0;0;0;0
113456;11;12;12400721;2018;1;12;4;3;2;6;0;0;1;0;0;0;1;1
113468;11;7;7501133;2018;1;9;3;3;6;4;0;0;1;1;0;0;0;1
113473;11;7;7300619;2018;1;16;5;2;5;3;0;1;1;0;0;0;0;1
113484;11;7;7501133;2018;1;10;4;2;5;3;0;1;1;0;0;0;0;1
113494;11;3;3601451;2018;1;17;1;3;3;6;2;0;0;0;1;0;1;0
113516;11;1;1100310;2018;1;6;3;3;5;3;2;1;1;0;0;0;0;0
113529;11;4;4400725;2018;1;16;2;3;2;6;2;0;1;0;0;0;1;0
113539;11;4;4400726;2018;1;19;4;3;3;6;2;0;1;0;0;0;0;1
113559;11;4;4100101;2018;1;22;6;3;2;6;2;0;1;0;0;1;0;0
113585;11;6;6100101;2018;1;17;2;3;2;6;2;0;1;0;0;0;0;0
113598;11;4;4400725;2018;1;17;5;3;2;6;2;0;1;0;0;0;0;0
113631;11;2;2500727;2018;1;10;7;2;5;3;0;1;1;0;0;0;0;0
113652;11;7;7501133;2018;1;20;2;3;0;1;2;0;0;0;1;0;0;2
113664;11;1;1100205;2018;1;16;4;3;2;6;2;0;0;0;1;0;1;1
113695;11;4;4200308;2018;1;10;5;3;3;6;0;0;1;0;0;1;0;1
113705;11;7;7501030;2018;1;15;2;3;2;6;1;0;1;0;0;0;0;0
113716;11;3;3601451;2018;1;8;3;2;6;4;0;0;1;1;0;0;0;0
113735;11;4;4200311;2018;1;11;5;3;2;6;0;0;1;0;0;0;0;0
113746;11;7;7200308;2018;1;6;3;3;6;2;2;0;1;1;0;0;0;1
113756;11;10;10100103;2018;1;3;1;2;1;5;2;0;1;0;0;1;0;0
113779;11;7;7501133;2018;1;20;3;2;6;2;2;0;1;1;0;0;0;1
113798;11;7;7400822;2018;1;19;4;3;2;6;2;0;1;0;0;0;0;1
113809;11;6;6300629;2018;1;18;3;2;6;4;2;0;1;1;0;0;0;1
113820;11;10;10400837;2018;1;15;5;3;5;2;0;1;1;0;0;0;0;0
113844;11;9;9200613;2018;1;8;2;3;5;2;0;1;1;0;0;0;0;0
113855;11;12;12400723;2018;1;6;5;3;5;2;0;1;1;0;0;0;0;1
113873;11;7;7400720;2018;1;22;6;3;2;6;2;0;1;0;0;0;0;0
113883;11;2;2500729;2018;1;20;4;3;6;2;2;0;1;1;0;0;0;1
113906;11;1;1100310;2018;1;23;7;3;6;7;2;0;1;1;0;0;0;0
113917;11;10;10300733;2018;1;9;4;3;3;6;0;0;1;0;0;1;0;1
113960;11;7;7400824;2018;1;13;6;3;5;2;0;0;1;0;0;0;0;0
113971;11;1;1100102;2018;1;8;3;2;6;4;0;0;1;1;0;0;0;0
113989;11;9;9100101;2018;1;17;4;3;0;4;2;0;0;1;0;0;1;0
114000;11;2;2500729;2018;1;9;3;2;6;4;0;0;1;1;0;0;0;1
114011;11;12;12100205;2018;1;6;6;3;5;3;2;0;1;0;0;0;0;1
114017;11;6;6400737;2018;3;13;7;3;5;2;0;0;1;0;0;0;0;0
114018;11;1;1100310;2018;11;18;2;3;3;6;2;1;1;0;0;0;0;0
114019;11;7;7200308;2018;8;19;5;3;5;2;0;1;1;0;0;0;0;0
114021;11;1;1100206;2018;10;22;6;3;1;5;2;1;1;0;0;0;0;0
114022;11;2;2400521;2018;8;16;3;3;2;6;0;0;1;0;0;0;0;0
114023;11;2;2500728;2018;4;19;2;2;3;6;0;1;0;0;0;0;0;0
114024;11;3;3100101;2018;4;16;4;3;2;6;0;0;1;0;0;0;0;0
114025;11;10;10300733;2018;5;14;4;2;5;3;0;1;1;0;0;0;0;0
114026;11;7;7501133;2018;11;8;6;3;5;3;0;0;1;0;0;0;1;0
114027;11;6;6400735;2018;12;9;3;3;0;3;0;0;1;0;1;0;0;1
114028;11;7;7501133;2018;9;14;5;3;2;6;0;0;1;0;1;0;0;0
114029;11;4;4400726;2018;8;7;6;3;2;6;0;0;1;0;0;0;1;0
114030;11;7;7501133;2018;6;11;6;3;2;6;0;0;1;0;0;0;0;0
114031;11;2;2500830;2018;7;22;4;3;0;1;2;0;0;0;1;0;0;0
114032;11;1;1400940;2018;5;7;4;3;5;3;0;0;1;0;0;0;0;0
114033;11;3;3100101;2018;3;18;6;3;0;3;0;0;1;0;0;0;0;0
114034;11;2;2500835;2018;11;14;3;3;6;7;0;0;0;1;0;0;1;0
114035;11;3;3200309;2018;6;11;1;3;9;1;0;0;1;0;0;0;0;1
114036;11;4;4400830;2018;12;23;5;2;8;1;2;0;1;0;0;0;0;1
114037;11;12;12601031;2018;10;16;7;3;6;7;0;0;1;1;0;0;0;0
114038;11;3;3601449;2018;8;17;5;3;2;6;0;0;1;0;0;0;0;0
114039;11;7;7100206;2018;4;21;4;3;2;6;2;1;1;0;0;0;0;0
114040;11;7;7601236;2018;3;17;1;3;5;2;0;1;1;0;0;0;0;0
114041;11;2;2500729;2018;5;14;5;3;2;6;0;0;1;0;1;0;0;0
114042;11;12;12100101;2018;10;6;5;3;2;6;2;0;1;0;0;0;0;1
114043;11;2;2500727;2018;3;20;6;3;5;2;2;0;1;0;1;0;0;0
114044;11;7;7400927;2018;11;6;3;3;3;6;1;0;0;0;0;1;1;0
114045;11;1;1400940;2018;9;9;1;3;5;3;0;0;1;0;0;0;0;0
114046;11;7;7501030;2018;8;17;6;3;5;3;0;1;1;0;0;0;0;0
114047;11;12;12100101;2018;6;12;2;3;2;6;0;0;1;0;0;0;0;0
114048;11;10;10400837;2018;7;13;2;2;2;6;0;0;1;0;0;0;0;0
114049;11;6;6300527;2018;6;10;3;3;5;2;0;0;1;0;0;0;0;0
114050;11;10;10400837;2018;8;10;5;3;0;1;0;0;0;0;1;0;0;0
114051;11;2;2400522;2018;5;18;5;3;6;4;0;1;0;1;0;0;0;0
114052;11;8;8200624;2018;4;6;5;3;2;6;0;0;1;0;0;0;0;0
114053;11;12;12100101;2018;12;8;3;3;5;2;0;0;1;0;0;0;0;1
114054;11;9;9100305;2018;9;12;7;3;3;6;0;0;1;0;0;0;0;0
114055;11;1;1100310;2018;9;4;1;2;9;1;1;0;1;0;0;0;0;0
114056;11;1;1100104;2018;7;9;6;3;0;1;0;0;0;0;1;0;0;0
114057;11;2;2500727;2018;7;15;7;3;9;1;0;1;0;0;0;0;0;0
114058;11;3;3601142;2018;3;8;4;3;2;6;0;0;1;0;0;0;0;1
114059;11;2;2400625;2018;5;18;6;3;0;6;0;1;0;1;0;0;0;0
114060;11;7;7601236;2018;10;13;5;3;5;3;0;1;1;0;0;0;0;0
114061;11;2;2500727;2018;3;20;6;3;5;2;2;0;1;0;0;0;0;0
114062;11;7;7400927;2018;11;12;6;2;3;6;0;0;1;0;0;1;0;1
114063;11;7;7501030;2018;9;13;2;3;5;2;0;0;1;0;1;0;0;0
114064;11;6;6400735;2018;8;18;7;3;2;6;0;0;1;0;1;0;0;0
114065;11;3;3400723;2018;6;22;3;3;9;1;2;0;1;0;0;0;0;0
114066;11;1;1100310;2018;10;16;3;3;6;2;0;0;1;1;0;0;0;0
114067;11;8;8100521;2018;6;13;5;3;2;6;0;0;1;0;0;0;0;0
114068;11;9;9100101;2018;8;15;6;3;5;2;0;0;1;0;0;0;0;0
114069;11;7;7400927;2018;4;10;7;3;0;7;0;0;1;0;0;0;0;0
114070;11;11;11300724;2018;4;19;7;3;2;6;0;0;1;0;0;0;0;0
114071;11;3;3100101;2018;6;12;6;3;2;6;0;0;1;0;0;0;0;0
114072;11;3;3701657;2018;12;18;6;3;5;7;2;1;1;0;0;0;0;1
114073;11;1;1100311;2018;9;17;2;3;5;3;1;1;0;0;0;0;0;1
114074;11;1;1100102;2018;9;18;3;3;3;6;0;0;1;0;1;0;0;0
114075;11;4;4200310;2018;6;15;3;3;1;5;0;1;1;0;0;0;0;0
114076;11;4;4200311;2018;7;23;7;2;3;7;2;0;1;0;1;0;0;0
114077;11;7;7400927;2018;5;12;1;3;2;6;0;0;1;0;0;0;0;0
114078;11;2;2200208;2018;3;8;6;3;6;6;0;1;0;1;0;0;0;0
114079;11;2;2400625;2018;11;19;7;3;6;7;2;1;0;1;0;0;0;0
114081;11;4;4400727;2018;10;13;4;3;2;6;0;0;1;0;0;0;0;0
114082;11;7;7400824;2018;8;16;2;3;6;2;0;0;1;1;0;0;0;0
114083;11;4;4200311;2018;4;17;1;3;2;6;0;0;1;0;0;0;0;0
114084;11;7;7400927;2018;4;1;2;3;9;1;2;0;1;0;0;0;0;1
114085;11;11;11300724;2018;5;10;2;2;2;6;0;0;1;0;0;0;0;0
114086;11;7;7501133;2018;10;21;4;3;5;2;2;0;1;0;0;0;0;0
114087;11;12;12100101;2018;3;17;6;3;5;3;1;1;1;0;0;0;0;0
114088;11;3;3601142;2018;12;5;1;3;6;4;2;1;0;1;0;0;0;1
114089;11;7;7400822;2018;9;18;4;2;2;1;0;0;1;0;0;0;0;0
114090;11;3;2400520;2018;8;20;5;3;3;6;1;1;1;0;0;0;0;1
114091;11;5;5200633;2018;6;12;5;2;6;4;0;0;1;1;0;0;0;0