OBJECTID;LAND;BEZ;LOR_ab_2021;UJAHR;UMONAT;USTUNDE;UWOCHENTAG;UKATEGORIE;UART;UTYP1;ULICHTVERH;IstRad;IstPKW;IstFuss;IstKrad;IstGkfz;IstSonstige;USTRZUSTAND
114092;11;1;1300836;2018;7;16;3;3;0;7;0;1;0;0;0;0;1;0
114093;11;7;7400824;2018;3;16;6;3;2;6;0;0;1;0;0;0;0;0
114094;11;4;4200308;2018;11;17;7;3;2;6;2;0;1;0;0;0;0;0
114095;11;3;3400826;2018;6;16;5;2;0;2;0;1;1;0;0;0;0;0
114096;11;10;10100208;2018;5;12;3;2;2;6;0;0;1;0;1;0;0;0
114097;11;12;12100103;2018;12;20;1;3;2;6;2;0;1;0;0;0;0;1
114098;11;4;4300621;2018;10;14;5;2;3;6;0;0;1;0;1;0;0;0
114099;11;3;3400620;2018;3;19;6;2;0;1;2;1;0;0;0;0;0;0
114100;11;2;2100101;2018;7;15;2;3;5;3;0;0;1;0;0;0;0;0
114101;11;4;4400830;2018;4;10;3;3;3;6;0;0;1;0;0;0;1;0
114102;11;4;4200310;2018;7;15;7;3;2;2;0;0;1;0;0;0;0;0
114103;11;6;6400735;2018;3;13;4;3;3;3;0;0;1;0;0;0;1;0
114104;11;3;3501037;2018;5;17;3;3;0;1;0;0;0;0;1;0;0;0
114105;11;5;5400942;2018;10;13;2;3;4;6;0;1;0;0;0;0;0;0
114106;11;4;4300414;2018;3;8;5;3;2;6;0;0;1;0;0;0;0;0
114107;11;2;2500728;2018;11;17;7;3;2;6;2;0;1;0;0;0;0;0
114108;11;1;1100104;2018;9;17;6;3;6;6;0;1;0;1;0;0;0;0
114109;11;3;3701660;2018;8;18;4;3;2;2;0;1;0;0;1;0;0;0
114110;11;7;7200411;2018;6;14;7;2;2;6;0;1;1;0;0;0;1;0
114111;11;8;8100521;2018;6;14;2;3;3;6;0;0;1;0;1;0;0;0
114112;11;1;1100102;2018;8;9;3;3;2;6;0;0;1;0;1;0;0;0
114113;11;11;11300722;2018;5;11;5;3;2;6;0;0;1;0;0;0;1;0
114114;11;3;3601141;2018;4;20;3;3;6;4;2;1;0;1;0;0;0;0
114115;11;3;3601142;2018;12;9;6;3;3;6;0;1;0;0;0;0;0;0
114116;11;2;2400625;2018;9;18;5;3;6;4;1;1;0;1;0;0;0;0
114117;11;4;4200311;2018;9;14;6;2;2;6;0;0;1;0;0;0;0;0
114118;11;10;10400940;2018;7;16;5;3;0;2;0;1;1;0;0;0;0;0
114119;11;2;2500727;2018;7;9;5;3;5;2;0;1;1;0;0;0;0;1
114120;11;7;7501133;2018;5;10;5;3;6;2;0;0;1;1;0;0;0;0
114121;11;7;7400928;2018;3;7;5;3;0;1;0;0;1;0;0;0;0;0
114122;11;3;3601451;2018;11;6;4;3;5;3;2;1;1;0;0;0;0;1
114123;11;10;10300733;2018;8;13;6;3;5;2;0;1;1;0;0;0;0;0
114124;11;7;7501135;2018;7;17;3;3;2;6;0;0;1;0;0;0;0;0
114125;11;3;3500936;2018;4;15;4;3;3;6;0;0;1;0;1;0;0;0
114126;11;7;7200410;2018;7;14;2;3;3;6;0;1;1;0;0;0;0;0
114127;11;3;3601451;2018;3;12;6;3;2;6;0;0;1;0;0;0;0;1
114128;11;4;4200311;2018;5;11;4;2;0;7;0;0;1;0;0;0;0;0
114129;11;11;11300722;2018;10;18;3;3;5;3;2;1;1;0;0;0;0;1
114130;11;7;7501029;2018;3;15;5;3;2;2;0;0;1;0;0;1;0;0
114131;11;9;9100407;2018;11;16;2;3;2;6;2;0;1;0;0;0;0;0
114132;11;1;1401049;2018;9;3;7;2;9;1;2;0;1;0;0;0;1;0
114133;11;2;2400521;2018;8;18;6;3;8;1;0;0;1;0;0;0;0;0
114134;11;2;2400521;2018;6;18;7;3;2;6;0;0;1;0;0;0;0;0
114135;11;12;12100204;2018;6;19;7;3;0;1;0;0;0;0;1;0;0;0
114136;11;11;11300722;2018;6;17;2;3;5;2;0;1;1;0;0;0;0;0
114137;11;2;2500835;2018;8;7;4;2;6;4;0;0;1;1;0;0;0;0
114138;11;1;1100205;2018;5;8;5;3;2;4;0;1;0;1;0;0;0;0
114139;11;4;4200311;2018;4;9;4;3;3;2;0;0;1;0;1;0;0;0
114140;11;4;4400725;2018;12;14;7;3;2;6;0;0;1;0;0;0;0;0
114141;11;2;2500728;2018;9;9;6;3;5;2;0;1;1;0;0;0;0;0
114142;11;1;1100207;2018;9;20;7;3;1;5;2;1;1;0;0;0;1;0
114143;11;3;3400620;2018;7;21;5;3;5;3;2;1;1;0;0;0;0;0
114144;11;2;2500728;2018;3;10;3;3;6;4;0;1;0;1;0;0;0;0
114145;11;3;3200206;2018;7;10;6;3;2;6;0;0;1;0;1;0;0;0
114146;11;1;1300836;2018;3;13;3;3;3;6;0;0;1;0;0;0;0;0
114147;11;3;3701657;2018;5;14;6;3;5;2;0;1;1;0;0;0;0;0
114148;11;7;7100205;2018;2;16;4;3;6;4;0;0;1;1;0;0;0;0
114149;11;1;1100207;2018;11;19;5;3;2;6;2;0;1;0;0;0;0;0
114150;11;4;4100101;2018;9;5;2;3;2;6;0;0;1;0;0;0;0;0
114151;11;9;8100521;2018;8;8;7;3;3;6;0;0;1;0;0;1;0;0
114152;11;4;4300622;2018;3;9;2;3;0;1;0;1;0;0;0;0;0;2
114153;11;4;4100102;2018;10;10;3;3;2;6;0;0;1;0;0;0;0;0
114154;11;2;2500727;2018;8;14;5;3;2;6;0;0;1;0;0;0;0;0
114155;11;4;4300621;2018;4;14;6;3;5;2;0;0;1;0;0;0;0;0
114156;11;7;7501135;2018;4;18;6;2;5;2;0;0;1;0;1;0;0;0
114157;11;2;2200208;2018;6;17;6;3;5;2;0;1;1;0;0;0;0;0
114158;11;4;4400727;2018;12;22;6;2;0;1;2;0;0;0;1;0;0;1
114159;11;1;1100310;2018;9;17;1;3;2;6;0;0;1;0;1;0;0;1
114160;11;2;2200207;2018;9;18;3;3;2;6;0;0;1;0;1;0;0;0
114161;11;3;3701660;2018;6;17;2;3;5;3;0;1;0;0;0;0;0;0
114162;11;2;2500727;2018;7;10;6;3;5;2;0;1;1;0;0;0;0;0
114163;11;4;4200206;2018;5;19;7;3;2;6;0;0;1;0;0;0;0;0
114164;11;3;3601449;2018;2;17;4;3;6;4;1;0;1;1;0;0;0;0
114165;11;10;10100206;2018;11;18;6;2;6;2;2;0;1;1;0;0;0;0
114167;11;9;9200613;2018;10;16;3;3;0;2;0;0;1;0;0;0;1;0
114168;11;2;2400521;2018;8;15;2;2;4;7;0;1;0;0;0;0;0;0
114169;11;7;7501133;2018;4;9;1;3;3;6;0;0;1;0;0;0;0;0
114170;11;3;3601449;2018;4;18;1;3;6;7;0;1;0;1;0;0;0;1
114171;11;12;4100101;2018;5;7;2;3;3;6;0;0;1;0;0;1;0;0
114172;11;12;12100204;2018;10;17;3;3;6;4;1;0;1;1;0;0;0;0
114173;11;4;4200206;2018;2;14;4;3;2;6;0;0;1;0;0;0;0;0
114174;11;2;2500727;2018;11;23;6;3;2;6;2;0;1;0;0;0;0;1
114175;11;1;1401049;2018;9;8;3;3;2;6;0;1;1;0;0;0;0;0
114176;11;6;6300526;2018;8;12;4;2;5;2;0;1;1;0;0;0;0;0
114177;11;1;1100310;2018;6;20;4;3;0;3;0;1;0;0;1;0;0;0
114178;11;12;12100204;2018;7;17;3;2;6;4;0;0;1;1;0;0;0;0
114179;11;2;2500835;2018;6;9;5;2;6;4;0;0;1;1;0;0;0;0
114180;11;9;9200613;2018;5;13;2;3;5;3;0;0;1;0;1;0;0;0
114181;11;4;4300621;2018;4;10;1;2;5;2;0;0;1;0;0;0;0;0
114182;11;4;4300621;2018;12;22;7;2;6;2;2;0;1;1;0;0;0;1
114183;11;4;4300622;2018;10;13;3;3;6;7;0;1;0;1;0;0;0;0
114184;11;7;7300619;2018;2;10;4;3;5;3;0;0;1;0;0;1;0;0
114185;11;2;2200208;2018;7;11;2;3;5;2;0;1;0;0;0;0;1;0
114186;11;6;6300524;2018;4;15;3;3;1;1;0;0;1;0;0;0;0;0
114187;11;11;11300722;2018;7;8;5;3;2;2;0;1;1;0;0;0;0;0
114188;11;10;10300733;2018;3;7;3;3;4;6;0;1;0;0;0;0;0;1
114189;11;3;3601142;2018;5;8;3;2;5;2;0;1;1;0;0;0;0;0
114190;11;4;4300415;2018;10;15;2;3;2;6;0;0;1;0;0;0;1;1
114191;11;4;4300414;2018;2;9;4;3;5;2;0;1;1;0;0;0;0;0
114192;11;1;1100311;2018;11;8;6;3;0;2;0;1;1;0;0;0;0;0
114193;11;1;1300836;2018;9;22;5;3;3;6;2;0;1;0;0;0;0;0
114194;11;4;4200308;2018;8;15;4;3;2;6;0;0;0;0;1;0;1;0
114195;11;3;3100101;2018;6;16;6;2;0;3;0;0;1;0;1;0;0;0
114196;11;9;9100101;2018;6;4;7;3;5;3;1;1;1;0;0;0;0;0
114197;11;3;3701657;2018;8;19;2;3;2;6;1;0;1;0;0;0;0;0
114198;11;3;3601348;2018;5;14;4;3;6;4;0;0;1;1;0;0;0;0
114199;11;3;3601139;2018;4;16;3;3;5;2;0;1;1;0;0;0;0;0
114200;11;3;3100101;2018;12;18;3;3;2;6;1;0;1;0;0;1;0;1
114201;11;10;10400837;2018;9;16;4;3;2;6;0;0;1;0;0;0;0;0
114202;11;3;3601139;2018;9;20;5;3;3;6;2;1;0;0;0;0;0;0
114203;11;2;2400625;2018;7;20;4;3;4;6;1;1;0;0;0;0;0;0
114204;11;2;2500727;2018;7;13;4;3;0;1;0;1;0;0;0;0;0;0
114205;11;7;7400720;2018;5;17;4;3;5;2;0;1;0;0;0;0;1;0
114206;11;1;1100207;2018;2;8;4;3;2;6;0;0;1;0;0;0;0;0
114207;11;4;4501148;2018;11;4;3;3;9;1;2;0;1;0;0;0;0;1
114208;11;2;2100101;2018;8;17;6;2;6;2;0;0;1;1;0;0;0;0
114210;11;3;3601452;2018;10;15;7;3;2;6;0;0;1;0;0;0;0;0
114211;11;3;3200206;2018;8;16;4;3;2;6;0;1;1;0;0;0;1;0
114212;11;4;7200308;2018;4;15;5;3;2;6;0;0;1;0;0;0;0;1
114213;11;1;1100310;2018;4;15;5;3;5;3;0;1;1;0;0;0;0;1
114214;11;3;3601245;2018;5;17;4;3;5;3;0;1;1;0;0;0;0;0
114215;11;4;4300414;2018;12;12;4;3;5;2;0;1;1;0;0;0;0;0
114216;11;12;12100205;2018;9;15;6;3;3;6;0;0;1;0;1;0;0;0
114217;11;1;1401044;2018;9;14;1;2;5;7;0;0;1;0;0;0;0;0
114218;11;12;12400618;2018;6;11;7;3;3;6;0;0;1;0;1;0;0;0
114219;11;4;4300622;2018;7;11;5;3;2;6;0;0;1;0;0;0;0;0
114220;11;4;4400726;2018;5;11;5;3;2;6;0;0;1;0;0;0;0;0
114221;11;6;6100209;2018;2;7;4;3;2;6;0;0;1;0;0;0;0;0
114222;11;2;2100101;2018;11;15;4;3;2;6;0;0;1;0;1;0;0;0
114223;11;1;1100310;2018;12;19;2;3;3;6;2;0;1;0;0;0;0;1
114224;11;3;3601449;2018;10;10;2;3;5;2;0;0;1;0;0;0;0;0
114225;11;10;10400837;2018;8;16;7;3;5;7;0;1;1;0;0;0;0;0
114226;11;3;3601139;2018;4;21;6;3;5;2;2;1;0;0;0;0;1;0
114227;11;2;2200208;2018;3;20;4;3;1;5;2;1;1;0;0;0;0;1
114228;11;4;4200308;2018;5;16;6;3;2;6;0;0;1;0;0;0;0;0
114230;11;12;12200414;2018;10;15;2;3;2;6;0;0;1;0;0;1;0;0
114231;11;4;4300414;2018;8;12;5;3;0;7;0;1;0;0;0;0;0;0
114232;11;1;1100104;2018;4;22;5;3;1;5;2;0;1;0;0;0;0;0
114233;11;10;10100210;2018;4;12;6;3;2;6;0;0;1;0;0;0;0;0
114234;11;12;12400723;2018;5;14;5;3;2;6;0;0;1;0;0;0;0;0
114235;11;1;1300836;2018;12;17;5;3;2;6;2;0;1;0;0;0;0;1
114236;11;1;1100310;2018;9;21;6;3;0;1;2;0;0;0;1;0;0;1
114237;11;9;9100101;2018;9;16;2;3;0;2;0;1;1;0;0;0;0;0
114238;11;7;7501133;2018;6;16;1;2;0;1;0;1;0;0;0;0;0;0
114239;11;12;12400723;2018;7;20;6;2;0;1;0;1;0;0;0;0;0;0
114240;11;2;2200208;2018;5;19;5;3;5;2;0;1;1;0;0;0;0;0
114241;11;1;1401044;2018;2;18;3;3;2;6;2;0;1;0;0;0;0;0
114242;11;7;7501133;2018;11;18;5;3;5;2;2;0;1;0;0;0;1;0
114244;11;6;6100102;2018;10;11;3;3;2;6;0;0;1;0;0;0;1;0
114245;11;4;4300414;2018;8;9;1;2;5;3;0;0;1;0;0;0;0;0
114246;11;4;4300414;2018;4;11;7;3;3;6;0;0;1;0;0;0;0;0
114247;11;6;6100101;2018;3;12;6;3;2;5;0;0;1;0;0;0;0;0
114248;11;10;10300733;2018;5;9;7;3;0;1;0;0;0;0;1;0;0;0
114249;11;7;7400927;2018;10;5;3;3;9;1;1;0;1;0;0;0;0;1
114250;11;4;4300414;2018;2;13;3;2;6;4;0;0;1;1;0;0;0;0
114251;11;3;3400723;2018;11;15;6;3;5;3;1;1;0;0;0;0;1;1
114252;11;9;9100101;2018;9;13;3;3;2;6;0;0;1;0;0;0;0;0
114253;11;12;12100103;2018;8;16;3;3;0;6;0;0;0;0;0;0;1;0
114254;11;4;4300415;2018;6;11;4;3;2;6;0;0;0;0;1;0;1;0
114255;11;3;3701657;2018;7;16;3;3;0;1;0;1;0;0;0;0;0;0
114256;11;11;11300722;2018;6;17;4;3;6;4;0;1;0;1;0;0;0;0
114257;11;6;6400735;2018;5;11;2;2;3;2;0;1;1;0;0;0;0;0
114258;11;3;3400620;2018;4;5;7;3;8;1;1;0;1;0;0;0;0;1
114259;11;10;10400941;2018;12;17;6;3;6;2;2;0;1;1;0;0;0;1
114260;11;5;5200634;2018;10;16;3;2;2;6;0;0;1;0;0;0;0;1
114261;11;4;4200206;2018;2;7;3;3;5;2;0;1;1;0;0;0;0;0
114262;11;10;10400941;2018;7;14;1;3;5;2;0;1;1;0;0;0;0;0
114263;11;2;2400521;2018;4;18;2;3;3;6;0;1;0;0;0;0;0;0
114264;11;12;12400723;2018;7;14;4;3;6;4;0;0;0;1;0;0;1;0
114265;11;12;12500825;2018;3;7;2;3;2;6;0;0;1;0;0;0;0;0
114266;11;9;9200613;2018;5;0;2;2;5;3;2;1;1;0;0;0;0;0
114267;11;7;7400927;2018;10;10;1;3;9;7;0;0;1;0;0;0;0;0
114268;11;4;4400830;2018;2;18;2;3;2;6;2;0;1;0;0;0;0;0
114269;11;2;2500729;2018;11;17;3;3;6;4;2;0;1;1;0;0;0;0
114270;11;10;10100206;2018;9;16;5;2;5;3;0;1;1;0;0;0;0;0
114271;11;3;3601449;2018;8;10;3;3;6;4;0;1;0;1;0;0;0;0
114272;11;1;1100102;2018;6;23;6;3;0;1;2;1;0;0;0;0;0;0
114273;11;12;12100101;2018;6;17;6;3;5;2;0;1;1;0;0;0;0;0
114274;11;2;2500833;2018;8;1;1;3;0;1;2;1;0;0;0;0;0;0
114275;11;2;2500728;2018;5;8;4;3;3;6;0;1;0;0;0;0;0;0
114276;11;7;7100205;2018;4;19;2;3;6;7;0;0;1;1;0;0;0;0
114277;11;12;12500930;2018;12;14;3;3;5;2;0;0;1;0;0;0;0;1
114278;11;3;3200204;2018;9;19;3;3;1;5;2;0;1;0;0;0;1;0
114279;11;3;3400620;2018;9;5;5;3;5;2;2;1;1;0;0;0;0;0
114280;11;1;1100310;2018;7;9;3;3;5;2;0;0;1;0;0;0;0;0
114281;11;6;6300527;2018;7;7;3;2;5;3;0;0;1;0;0;0;0;0
114282;11;3;3100101;2018;5;11;3;3;3;6;0;0;1;0;0;1;0;0
114283;11;4;4400726;2018;2;16;2;3;2;6;0;0;1;0;0;0;0;0
114284;11;7;7100205;2018;11;22;2;3;3;6;2;0;1;0;1;0;0;0
114285;11;3;3200206;2018;8;19;5;3;0;1;1;1;0;0;0;0;1;0
114287;11;2;2200209;2018;10;11;6;3;3;6;0;0;1;0;1;0;0;0
114288;11;1;1100102;2018;8;20;3;2;6;7;1;1;0;1;0;0;0;0
114289;11;2;2400521;2018;4;8;3;3;3;6;0;1;1;0;0;0;0;0
114290;11;12;12400723;2018;4;6;5;3;5;3;0;1;1;0;0;0;0;0
114291;11;3;3601141;2018;5;14;4;3;0;7;0;0;0;0;1;0;0;1
114292;11;6;6300629;2018;11;16;6;3;2;6;0;0;1;0;0;0;0;0
114293;11;3;3601449;2018;12;7;4;3;5;2;0;1;1;0;0;0;0;0
114294;11;1;1100310;2018;9;9;5;2;6;4;0;1;0;1;0;0;0;0
114295;11;4;4200310;2018;8;17;6;3;4;1;0;0;1;0;0;0;0;0
114296;11;3;3601347;2018;6;15;6;3;0;3;0;1;1;0;0;0;0;0
114297;11;4;4200311;2018;7;17;5;3;3;6;0;0;1;0;1;0;0;0
114298;11;1;1300836;2018;5;21;4;3;0;1;2;0;0;0;1;0;0;1
114299;11;12;12400619;2018;2;6;2;3;8;1;1;0;1;0;0;0;0;1
114300;11;3;3601451;2018;11;13;3;3;2;6;0;1;1;0;0;0;0;0
114301;11;4;4400725;2018;6;15;2;3;2;6;0;0;1;0;0;0;0;0
114302;11;2;2500729;2018;12;13;7;3;2;6;0;0;1;0;0;0;0;1
114303;11;1;1100310;2018;10;22;1;3;2;6;2;0;1;0;0;0;0;0
114304;11;7;7300619;2018;8;14;6;3;0;3;0;0;1;0;0;0;1;0
114305;11;1;1100310;2018;4;17;5;3;5;7;0;0;1;0;0;0;1;0
114306;11;2;2500830;2018;3;16;2;3;2;6;0;0;1;0;0;0;0;0
114307;11;3;3601139;2018;5;21;5;3;5;3;0;1;1;0;0;0;0;0
114308;11;1;1100310;2018;10;16;5;3;0;6;1;1;1;0;0;0;0;0
114309;11;1;1100310;2018;2;8;2;3;6;4;0;0;1;1;0;0;0;0
114310;11;6;6100208;2018;11;15;4;3;2;6;0;0;1;0;1;0;0;0
114311;11;7;7501133;2018;9;15;1;3;6;2;0;0;1;1;0;0;0;0
114312;11;12;12100205;2018;8;22;6;3;5;3;2;0;1;0;0;0;0;0
114313;11;4;4300414;2018;6;17;2;3;2;6;0;0;1;0;0;0;0;0
114314;11;3;3200204;2018;7;17;2;3;5;2;0;0;1;0;1;0;0;0
114315;11;9;9200613;2018;6;13;3;3;3;2;0;1;0;0;0;0;1;0
114316;11;10;10100206;2018;5;14;6;3;5;3;0;1;1;0;0;0;0;0
114317;11;3;3601449;2018;4;9;5;2;3;6;0;1;0;0;0;0;0;0
114318;11;3;3200206;2018;12;19;3;3;6;2;2;0;1;1;0;0;0;1
114319;11;12;12400723;2018;9;18;7;3;5;2;0;1;1;0;0;0;0;0
114320;11;4;4200206;2018;7;8;7;2;5;3;0;0;0;0;1;0;1;0
114321;11;2;3601452;2018;4;13;1;3;6;7;0;0;1;1;0;0;0;0
114322;11;1;1100310;2018;7;18;2;3;3;6;0;1;1;0;0;0;1;0
114323;11;7;7300619;2018;3;10;5;2;5;3;0;0;1;0;0;1;0;0
114324;11;4;4400727;2018;5;10;7;3;2;6;0;0;1;0;1;0;0;0
114325;11;10;10300733;2018;10;12;6;2;5;2;0;1;1;0;0;0;0;0
114326;11;3;3601141;2018;2;13;1;3;2;6;0;0;1;0;0;0;0;0
114327;11;2;2400521;2018;11;19;7;3;6;4;2;0;1;1;0;0;0;0
114328;11;12;12100205;2018;9;7;3;3;0;7;0;0;0;0;1;0;0;1
114329;11;1;1100206;2018;8;21;1;3;3;6;2;0;1;0;1;0;0;0
114330;11;1;1100310;2018;6;9;4;2;0;7;0;1;0;0;0;0;0;0
114331;11;2;2500728;2018;10;22;4;3;2;6;2;0;1;0;1;0;0;0
114332;11;2;2200209;2018;10;5;1;3;1;1;2;0;1;0;0;0;0;0
114333;11;7;7501133;2018;2;19;1;2;2;6;2;0;1;0;1;0;0;0
114334;11;4;4400830;2018;11;16;5;3;2;6;1;0;1;0;0;0;0;0
114335;11;3;3601452;2018;9;13;2;2;5;2;0;1;0;0;1;0;0;0
114336;11;1;1100102;2018;8;20;7;3;1;5;2;0;1;0;0;0;1;0
114337;11;6;6400735;2018;6;10;3;3;1;5;0;1;1;0;0;0;0;0
114338;11;2;2400521;2018;7;9;2;3;1;5;0;1;0;0;0;0;1;0
114339;11;3;3701659;2018;6;19;4;3;5;3;0;1;0;0;1;0;0;0
114340;11;7;7501030;2018;5;14;1;2;0;1;0;0;0;0;1;0;0;0
114341;11;2;2200208;2018;4;22;6;3;3;6;2;0;1;0;0;0;0;1
114342;11;7;7601236;2018;12;12;5;3;6;4;0;0;1;1;0;0;0;0
114343;11;4;4300414;2018;10;10;2;3;6;4;0;1;0;1;0;0;0;0
114344;11;4;4300414;2018;7;19;7;3;5;2;1;1;1;0;0;0;0;0
114345;11;9;9200613;2018;4;8;2;3;5;2;0;1;0;0;0;0;1;1
114346;11;2;2400521;2018;7;15;3;3;2;6;0;0;1;0;0;0;1;0
114347;11;7;7501133;2018;3;20;7;3;1;5;2;0;1;0;0;0;0;0
114348;11;5;5200633;2018;5;12;1;3;2;6;0;0;1;0;0;0;0;0
114349;11;4;7200308;2018;10;18;6;3;2;6;1;0;1;0;0;0;0;0
114350;11;1;1100102;2018;2;15;7;3;8;1;0;0;1;0;0;0;0;0
114351;11;1;1100310;2018;11;16;1;3;3;6;2;1;1;0;0;0;0;1
114352;11;7;7400823;2018;9;8;4;3;2;6;0;0;1;0;0;0;0;0
114353;11;3;3701659;2018;8;16;2;3;2;6;0;1;1;0;0;0;0;0
114354;11;7;7400824;2018;6;19;4;3;0;6;0;0;1;0;1;0;0;0
114355;11;4;4300415;2018;10;15;4;3;2;6;0;0;1;0;1;0;0;0
114356;11;1;1300836;2018;6;15;6;3;2;6;0;0;1;0;0;0;0;0
114357;11;1;1100102;2018;8;15;7;3;0;1;0;1;0;0;0;0;0;0
114358;11;1;1100310;2018;5;19;3;2;5;3;0;1;0;0;0;0;1;0
114359;11;12;12601032;2018;4;13;2;3;6;4;0;0;1;1;0;0;0;0
114360;11;4;4100101;2018;12;18;3;3;2;6;2;0;1;0;0;0;1;1
114361;11;11;11300722;2018;9;8;3;3;6;2;0;0;1;1;0;0;0;0
114362;11;4;4400830;2018;9;17;4;3;2;6;0;0;1;0;0;0;0;0
114363;11;1;1100310;2018;6;16;4;3;2;6;0;1;1;0;0;0;0;0
114364;11;3;3400830;2018;7;15;2;3;2;6;0;0;1;0;0;0;1;0
114365;11;2;2100101;2018;7;16;3;3;5;3;0;1;1;0;0;0;0;0
114366;11;4;4200310;2018;5;14;3;2;2;6;0;0;1;0;0;0;0;0
114367;11;4;4300621;2018;2;14;7;3;6;7;0;0;1;1;0;0;0;0
114368;11;5;5200528;2018;11;10;2;3;0;6;0;0;0;0;0;0;1;1
114369;11;11;11401032;2018;8;15;5;3;2;6;0;0;1;0;0;0;0;0
114370;11;2;3701659;2018;3;12;2;3;5;3;0;1;1;0;0;0;0;0
114372;11;9;9200613;2018;10;6;6;2;5;2;2;0;1;0;0;0;0;0
114373;11;9;9100202;2018;8;13;3;2;5;2;0;1;0;0;0;0;1;0
114374;11;3;3601142;2018;4;15;2;3;0;1;0;1;0;0;0;0;0;0
114375;11;4;4200311;2018;4;13;4;3;5;2;0;0;1;0;0;0;0;0
114376;11;3;3701657;2018;5;16;3;3;5;2;0;1;1;0;0;0;0;0
114377;11;3;3400721;2018;11;9;6;3;1;5;0;0;1;0;1;0;0;0
114378;11;1;1100102;2018;12;10;2;3;2;2;0;1;1;0;0;0;0;1
114379;11;3;3601141;2018;9;17;5;3;5;2;0;1;0;0;0;0;1;0
114380;11;4;4400830;2018;8;13;6;2;3;6;0;0;1;0;0;0;1;0
114381;11;9;9200613;2018;6;6;6;3;3;6;0;1;0;0;0;0;1;0
114382;11;1;1400940;2018;7;14;4;3;5;3;0;0;1;0;1;0;0;0
114383;11;2;2500728;2018;5;8;4;2;5;3;0;1;1;0;0;0;0;0
114384;11;4;4300622;2018;2;12;7;3;2;6;0;0;1;0;0;0;0;0
114385;11;1;1300836;2018;11;22;2;3;5;3;2;0;1;0;0;0;0;0
114386;11;3;3601141;2018;6;14;1;3;2;6;0;0;1;0;0;0;0;0
114387;11;7;7200411;2018;12;20;5;2;6;2;2;0;1;1;0;0;0;0
114388;11;4;4300622;2018;10;13;7;3;3;6;0;0;1;0;1;0;0;0
114389;11;4;4300622;2018;2;11;7;3;5;7;0;0;1;0;0;0;1;0
114390;11;10;10400940;2018;8;16;4;3;5;3;0;1;1;0;0;0;0;0
114391;11;2;2500833;2018;4;22;4;3;6;4;2;1;0;1;0;0;0;0
114392;11;2;2500728;2018;3;15;6;2;6;4;0;0;1;1;0;0;0;0
114393;11;1;1100311;2018;5;20;4;3;5;3;0;1;1;0;0;0;0;0
114394;11;2;2200208;2018;10;9;4;3;2;2;0;1;1;0;0;0;0;0
114395;11;3;3400826;2018;2;12;7;2;5;2;0;1;1;0;0;0;0;0
114396;11;11;11401032;2018;11;5;3;3;2;6;2;0;1;0;0;0;0;0
114397;11;4;4200206;2018;9;17;7;3;1;5;0;1;1;0;0;0;0;0
114398;11;3;3601449;2018;8;14;6;3;3;6;0;0;1;0;0;0;1;0
114399;11;3;3601451;2018;6;23;1;3;6;2;2;0;1;1;0;0;0;0
114400;11;4;4300622;2018;7;13;1;3;2;6;0;1;1;0;0;0;0;0
114401;11;3;3701657;2018;6;20;3;3;6;4;0;1;0;1;0;0;0;0
114402;11;3;3400620;2018;8;20;4;2;0;1;0;0;0;0;1;0;0;0
114403;11;7;7200410;2018;5;15;5;3;3;6;0;1;0;0;0;0;1;0
114404;11;2;2500729;2018;4;10;5;3;0;1;0;0;0;0;1;0;0;0
114405;11;6;6300527;2018;12;16;2;3;6;4;2;0;1;1;0;0;0;0
114406;11;1;1100104;2018;9;11;7;3;5;7;0;1;1;0;0;0;0;0
114407;11;6;6400737;2018;9;11;7;3;2;2;0;0;1;0;0;0;0;0
114408;11;3;3601142;2018;7;18;6;3;0;1;0;1;1;0;0;0;0;0
114409;11;1;1100207;2018;3;21;3;3;3;6;2;1;1;0;0;0;0;1
114410;11;2;2400522;2018;7;22;6;3;1;5;2;1;1;0;0;0;0;0
114411;11;3;3601347;2018;3;9;4;3;0;1;0;0;0;0;1;0;0;1
114412;11;2;2500727;2018;5;15;6;3;3;6;0;0;1;0;1;0;0;0
114413;11;3;3701660;2018;10;17;5;3;1;5;0;1;0;0;0;0;1;0
114414;11;3;3601449;2018;2;5;7;3;5;3;2;0;1;0;0;0;1;2
114415;11;1;1100104;2018;11;23;6;3;2;6;2;0;1;0;0;0;0;0
114416;11;4;4300414;2018;9;9;2;3;0;2;0;1;1;0;0;0;0;0
114417;11;3;3400723;2018;8;14;7;3;2;6;0;1;1;0;0;0;1;0
114418;11;7;7501133;2018;3;15;1;3;6;7;0;0;1;1;0;0;0;0
114419;11;1;1100310;2018;10;16;3;3;5;2;0;0;1;0;1;0;1;0
114420;11;9;9200613;2018;8;21;5;3;8;1;2;0;1;0;0;0;0;0
114421;11;4;4300622;2018;4;17;7;3;3;6;0;0;1;0;1;0;0;0
114422;11;1;1100310;2018;4;7;7;3;5;7;0;0;1;0;0;0;0;0
114423;11;4;4400830;2018;6;15;6;3;3;6;0;0;1;0;0;0;0;0
114424;11;1;1100104;2018;12;17;6;3;2;6;2;0;1;0;0;0;0;1
114425;11;2;2500729;2018;9;7;2;2;5;3;0;1;0;0;1;0;0;0
114426;11;1;1100205;2018;9;8;3;3;2;6;0;1;1;0;0;0;0;0