OBJECTID;LAND;BEZ;LOR_ab_2021;UJAHR;UMONAT;USTUNDE;UWOCHENTAG;UKATEGORIE;UART;UTYP1;ULICHTVERH;IstRad;IstPKW;IstFuss;IstKrad;IstGkfz;IstSonstige;USTRZUSTAND
114427;11;11;11100101;2018;6;17;3;3;5;3;0;0;1;0;1;0;0;0
114428;11;4;4100101;2018;7;11;7;3;8;1;0;0;1;0;0;0;0;0
114429;11;3;3701657;2018;5;19;1;3;2;2;0;1;0;0;0;0;0;0
114430;11;7;7300619;2018;2;16;6;3;2;6;0;0;1;0;0;0;0;0
114431;11;12;12200310;2018;11;21;6;3;2;6;2;0;1;0;0;0;0;0
114433;11;3;3701657;2018;10;10;4;3;2;6;0;0;1;0;0;0;0;0
114434;11;2;2500727;2018;8;8;2;3;5;2;0;0;1;0;0;0;0;0
114435;11;7;7400927;2018;4;21;1;3;8;1;2;0;1;0;0;0;0;0
114436;11;12;12100103;2018;4;20;2;3;5;2;2;0;1;0;0;0;0;0
114437;11;4;4300414;2018;5;15;2;3;0;1;0;1;0;0;0;0;0;0
114438;11;2;2500830;2018;10;17;3;3;5;3;1;1;0;0;0;0;0;1
114439;11;7;7300619;2018;2;14;6;3;2;6;0;0;1;0;0;0;0;0
114440;11;3;3701657;2018;12;12;7;3;5;2;0;1;1;0;0;0;0;0
114441;11;4;4200310;2018;9;14;4;3;2;6;0;0;1;0;0;0;0;0
114442;11;3;3500936;2018;8;19;5;3;0;1;2;0;0;0;1;0;0;1
114443;11;1;1100311;2018;6;8;5;3;3;6;0;0;1;0;1;0;0;0
114444;11;3;3601142;2018;6;16;5;3;5;2;0;1;0;0;0;0;1;0
114445;11;2;2400520;2018;8;12;6;3;0;6;0;0;0;0;1;1;0;0
114446;11;1;1100310;2018;3;12;2;3;5;3;0;1;1;0;0;0;0;1
114447;11;6;6300526;2018;4;17;2;3;1;7;0;0;1;0;0;0;0;0
114448;11;2;2200209;2018;4;15;1;3;0;7;0;1;0;0;0;0;0;0
114449;11;1;1100102;2018;6;19;6;3;2;6;1;0;1;0;0;0;0;1
114450;11;7;7400824;2018;12;20;1;3;2;6;2;0;1;0;0;0;0;1
114451;11;1;1400940;2018;9;16;2;3;5;3;0;0;1;0;0;0;0;0
114452;11;4;4100101;2018;9;11;3;2;2;6;0;0;1;0;0;0;0;0
114453;11;1;1100102;2018;6;12;4;3;5;3;0;0;1;0;0;0;0;0
114454;11;3;3701659;2018;7;7;2;3;5;2;0;1;1;0;0;0;0;0
114455;11;2;2500729;2018;5;8;2;2;3;6;0;1;0;0;0;0;0;0
114456;11;4;4200311;2018;2;13;6;3;3;6;0;0;1;0;0;0;0;0
114457;11;8;8200622;2018;11;2;1;3;2;6;2;0;1;0;0;0;0;0
114459;11;4;4400727;2018;10;20;4;2;2;6;2;0;1;0;0;0;0;0
114460;11;12;12400619;2018;8;22;2;3;0;6;2;0;1;0;1;0;0;0
114461;11;1;1100102;2018;4;17;1;3;0;6;0;0;1;0;1;0;0;0
114462;11;7;7400927;2018;4;9;3;2;2;6;0;0;1;0;0;0;0;1
114463;11;9;9100409;2018;5;8;2;3;2;6;0;0;1;0;0;0;0;0
114464;11;4;4300622;2018;10;8;4;3;5;3;0;0;1;0;0;0;0;0
114465;11;5;5200528;2018;2;9;6;3;6;4;0;0;1;1;0;0;0;0
114466;11;7;7601341;2018;12;8;2;3;2;6;0;0;1;0;0;0;0;1
114467;11;3;3601245;2018;9;17;4;3;0;2;0;1;1;0;0;0;0;0
114468;11;3;3501037;2018;8;11;5;3;2;6;0;0;1;0;0;1;1;1
114469;11;4;4501153;2018;6;15;5;3;2;6;0;0;1;0;0;0;0;0
114470;11;1;1100102;2018;7;12;4;3;3;6;0;0;1;0;1;0;0;0
114471;11;10;10400837;2018;2;13;6;3;2;6;0;0;1;0;0;0;0;0
114472;11;2;2500729;2018;11;3;1;1;6;4;2;0;1;1;0;0;0;0
114473;11;7;7601442;2018;6;13;6;3;6;4;0;0;0;1;0;0;1;0
114474;11;7;7400927;2018;5;9;3;3;2;6;0;0;1;0;0;0;0;0
114475;11;3;3601449;2018;12;18;3;2;5;2;2;0;1;0;0;0;0;1
114476;11;2;2400625;2018;10;20;5;3;6;4;2;1;0;1;0;0;0;0
114477;11;6;6300526;2018;2;16;6;3;6;4;0;0;1;1;0;0;0;0
114478;11;3;3601141;2018;7;16;2;3;6;4;0;1;0;1;0;0;0;0
114479;11;1;1100102;2018;4;11;4;3;2;6;0;0;1;0;0;0;0;0
114480;11;1;1100102;2018;7;21;1;2;5;3;2;0;1;0;0;0;0;0
114481;11;2;2200209;2018;3;17;5;3;6;7;2;1;0;1;0;0;0;1
114482;11;2;2500728;2018;5;16;4;3;3;6;0;1;1;0;0;0;0;0
114483;11;7;7501133;2018;10;14;3;3;5;2;0;0;1;0;0;0;1;1
114484;11;12;12400723;2018;2;8;5;3;6;2;0;0;1;1;0;0;0;1
114485;11;4;4200206;2018;11;22;1;3;5;2;2;0;1;0;0;0;1;0
114486;11;2;2500727;2018;9;17;6;3;5;2;0;1;1;0;0;0;0;0
114487;11;1;1300836;2018;8;21;5;3;5;2;2;1;1;0;0;0;0;0
114488;11;2;2500727;2018;6;10;7;3;5;2;0;1;1;0;0;0;0;0
114489;11;7;7200411;2018;6;16;7;3;2;6;0;0;1;0;0;0;0;0
114490;11;3;3601449;2018;6;15;2;3;2;6;0;0;0;0;1;1;0;0
114491;11;2;2400625;2018;8;15;4;3;2;6;0;0;1;0;0;0;1;0
114492;11;7;7501133;2018;5;9;5;2;6;6;0;1;0;1;0;0;0;0
114493;11;11;11300725;2018;4;17;4;3;3;6;0;1;1;0;0;0;0;0
114494;11;10;10300733;2018;12;20;6;3;2;6;2;0;1;0;0;0;0;0
114495;11;12;12100204;2018;9;8;6;3;5;2;0;1;1;0;0;0;0;0
114496;11;4;4200311;2018;9;19;6;3;6;7;1;1;0;1;0;0;0;0
114497;11;12;12400619;2018;7;14;5;3;2;6;0;0;1;0;1;0;0;0
114498;11;4;4200308;2018;3;15;2;3;2;6;0;0;1;0;0;0;0;0
114499;11;1;1100207;2018;7;16;5;3;2;6;0;0;1;0;0;0;0;1
114500;11;4;4200311;2018;3;17;2;3;2;6;0;0;1;0;0;0;0;0
114501;11;4;4100101;2018;5;14;5;3;3;6;0;0;1;0;1;0;0;0
114502;11;12;12400619;2018;2;8;5;3;2;6;0;0;1;0;0;0;0;0
114503;11;8;9100306;2018;11;21;4;2;2;6;2;0;1;0;0;1;0;0
114504;11;3;3601451;2018;9;9;1;3;5;3;0;1;1;0;0;0;0;0
114505;11;1;1100310;2018;8;10;7;3;9;1;0;0;0;0;1;0;0;1
114507;11;3;3100101;2018;10;16;2;3;2;6;0;0;1;0;0;0;0;0
114508;11;2;2400625;2018;8;3;5;3;6;6;2;1;0;1;0;0;0;0
114509;11;1;1100311;2018;4;10;6;3;3;6;0;0;1;0;1;0;0;0
114510;11;7;7400824;2018;4;15;6;2;8;1;0;0;1;0;0;0;0;0
114511;11;1;1100310;2018;5;17;5;3;3;6;0;0;1;0;0;1;0;0
114512;11;2;2200207;2018;12;19;5;3;2;6;2;0;1;0;0;0;0;1
114513;11;9;9100203;2018;9;3;1;3;9;1;2;0;1;0;0;0;0;1
114514;11;3;3400723;2018;9;16;3;3;3;6;0;0;0;0;1;0;1;0
114515;11;10;10300733;2018;6;10;2;2;3;6;0;0;1;0;1;0;0;0
114516;11;1;1100310;2018;7;16;6;3;5;2;0;1;1;0;0;0;0;0
114517;11;1;1100205;2018;5;13;7;3;1;5;0;1;1;0;0;0;1;0
114518;11;3;3501037;2018;2;15;5;3;2;6;0;0;1;0;0;0;0;0
114519;11;2;2500729;2018;11;15;6;3;2;6;0;0;1;0;0;0;0;0
114521;11;7;7200411;2018;10;15;3;3;1;5;0;0;1;0;1;0;0;0
114522;11;4;4400726;2018;8;13;1;3;2;6;0;0;1;0;0;0;0;0
114523;11;4;4300414;2018;4;19;7;3;3;6;0;0;1;0;0;0;0;0
114524;11;3;3200206;2018;3;17;7;3;0;1;0;0;1;0;0;0;0;1
114525;11;9;9100101;2018;5;3;1;2;5;3;2;1;1;0;0;0;0;0
114526;11;1;1300836;2018;10;11;3;3;6;7;0;0;1;1;0;0;0;0
114527;11;4;4300622;2018;2;15;5;3;3;2;0;0;1;0;0;0;0;0
114528;11;10;10400940;2018;11;19;6;3;2;6;2;0;1;0;0;0;0;1
114529;11;2;2200208;2018;9;18;3;3;3;6;1;0;1;0;1;0;0;0
114530;11;12;12100205;2018;8;8;4;3;5;2;0;0;1;0;0;0;0;0
114531;11;11;11300722;2018;6;15;4;2;0;1;0;0;0;0;1;0;0;0
114532;11;6;6400737;2018;7;13;3;3;2;2;0;0;1;0;0;0;0;0
114533;11;1;1100311;2018;6;0;4;3;5;3;2;1;1;0;0;0;0;0
114534;11;12;12200411;2018;5;11;2;2;0;6;0;0;1;0;1;0;0;0
114535;11;4;4200311;2018;4;15;7;3;3;6;0;0;1;0;0;1;0;0
114536;11;3;3601142;2018;12;18;7;3;5;2;2;1;0;0;0;0;1;1
114537;11;7;7400824;2018;10;6;3;3;2;6;2;0;1;0;0;0;0;0
114538;11;6;6400737;2018;2;5;4;3;0;7;2;0;1;0;0;1;0;0
114539;11;4;4300620;2018;7;8;2;3;3;6;0;1;1;0;0;0;0;0
114540;11;4;4400727;2018;4;12;3;3;2;6;0;0;1;0;0;0;0;0
114541;11;1;1401044;2018;7;14;5;2;6;4;0;1;0;1;0;0;0;0
114542;11;9;9100306;2018;3;9;3;3;2;6;0;0;1;0;0;0;1;1
114543;11;4;4100102;2018;5;8;3;3;3;6;0;0;1;0;0;1;0;0
114544;11;7;7400825;2018;10;6;2;3;2;6;2;0;1;0;0;0;0;0
114545;11;4;4200310;2018;2;19;4;2;6;4;2;0;0;1;1;0;0;0
114546;11;1;1100310;2018;11;19;4;3;6;4;2;1;0;1;0;0;0;1
114547;11;3;3601142;2018;9;19;5;3;3;6;2;1;0;0;0;0;0;1
114548;11;3;3601347;2018;8;16;3;3;5;3;0;1;0;0;0;0;0;0
114549;11;12;12500930;2018;6;11;6;3;5;2;0;0;1;0;0;0;0;0
114550;11;3;3701657;2018;6;6;7;3;1;5;0;0;1;0;1;0;1;0
114551;11;12;12200310;2018;8;17;2;3;2;6;0;0;1;0;0;0;0;0
114552;11;7;7601442;2018;5;12;4;3;6;4;0;1;0;1;0;0;0;0
114553;11;9;9200613;2018;4;15;3;2;2;6;0;0;1;0;0;0;0;0
114554;11;2;2100101;2018;7;18;3;3;6;2;0;0;1;1;0;0;0;0
114555;11;3;3601451;2018;2;11;4;3;2;6;0;0;1;0;0;0;0;0
114556;11;7;7200411;2018;11;9;7;3;1;5;0;1;0;0;0;0;1;0
114557;11;3;3500933;2018;6;13;5;3;0;6;0;0;1;0;1;0;0;1
114558;11;11;11401032;2018;5;16;3;3;2;6;0;0;1;0;0;0;0;0
114559;11;12;12100101;2018;12;13;1;3;2;6;0;0;1;0;0;0;0;1
114560;11;2;2500830;2018;10;5;4;3;0;1;2;0;0;0;1;0;0;1
114561;11;7;7501030;2018;2;16;4;3;2;6;0;0;1;0;0;0;0;0
114562;11;3;3701660;2018;7;20;2;3;3;6;0;1;0;0;0;0;0;0
114563;11;1;1100310;2018;4;5;3;3;5;2;0;0;1;0;1;0;0;0
114564;11;10;10300733;2018;7;13;6;3;3;6;0;0;1;0;0;1;0;0
114565;11;1;1100207;2018;3;15;4;3;0;6;0;0;1;0;0;0;1;0
114566;11;1;1100102;2018;5;15;3;3;2;6;0;0;1;0;0;0;0;0
114567;11;1;1100102;2018;10;17;2;3;2;6;1;0;1;0;0;0;1;1
114568;11;9;9100202;2018;2;14;4;2;9;1;0;0;1;0;0;0;0;0
114569;11;2;2400625;2018;11;18;6;2;3;6;2;1;0;0;0;0;0;0
114570;11;12;12500930;2018;9;15;6;3;0;3;0;1;0;0;0;0;0;0
114571;11;11;11401032;2018;8;11;4;2;5;2;0;1;1;0;0;0;0;0
114572;11;1;1100310;2018;6;4;7;3;3;6;0;1;0;0;0;0;0;0
114573;11;2;2500727;2018;6;17;1;3;0;7;0;1;0;0;0;0;1;0
114574;11;7;7601236;2018;8;6;3;3;5;2;0;1;1;0;0;0;0;0
114575;11;4;4300415;2018;5;14;5;3;2;6;0;0;1;0;0;0;0;0
114576;11;10;10400940;2018;4;6;3;2;5;2;1;0;1;0;1;0;0;0
114577;11;4;4400726;2018;12;17;5;3;2;6;1;0;1;0;0;0;1;1
114578;11;1;2400520;2018;9;14;5;3;6;4;0;0;0;1;1;0;0;0
114579;11;6;6400736;2018;9;8;6;3;2;6;0;0;1;0;0;0;0;1
114580;11;3;3601142;2018;7;3;4;3;3;6;2;0;1;0;1;0;0;0
114581;11;1;1100310;2018;7;14;4;3;5;3;0;1;1;0;0;0;0;0
114582;11;2;2500727;2018;5;18;5;3;5;2;0;1;1;0;0;0;0;0
114583;11;3;3701657;2018;2;13;3;3;3;6;0;0;1;0;0;0;1;0
114584;11;9;9100202;2018;11;18;3;3;6;7;2;1;0;1;0;0;0;1
114585;11;2;2500727;2018;8;7;6;3;2;6;0;0;1;0;1;0;0;0
114587;11;3;3601142;2018;10;7;2;3;2;6;0;0;1;0;0;0;0;0
114588;11;1;1100206;2018;8;23;4;3;3;6;2;1;1;0;0;0;0;0
114589;11;6;6300526;2018;4;19;5;3;2;6;0;0;1;0;0;0;0;0
114590;11;4;4400830;2018;4;17;6;3;2;6;0;0;1;0;0;0;0;0
114591;11;7;7501133;2018;5;11;5;2;2;6;0;0;1;0;1;0;0;0
114592;11;6;6300527;2018;12;12;5;3;6;6;0;1;0;1;0;0;0;0
114593;11;1;1100104;2018;9;19;6;2;6;4;2;0;0;1;0;0;1;1
114594;11;3;3300517;2018;9;12;2;3;5;3;0;1;1;0;0;0;0;0
114595;11;3;3400826;2018;6;16;7;2;3;6;0;1;1;0;0;0;0;0
114596;11;11;11401032;2018;7;10;5;3;5;2;0;1;0;0;0;0;1;0
114597;11;7;7100206;2018;5;20;5;2;6;4;1;0;1;1;0;0;0;0
114598;11;2;2500729;2018;2;15;3;3;6;4;0;0;1;1;0;0;0;0
114599;11;1;1300836;2018;11;16;4;3;5;2;1;0;1;0;0;0;0;0
114601;11;4;4200308;2018;10;18;3;3;2;6;0;0;0;0;1;0;1;0
114602;11;3;3701657;2018;8;3;1;3;0;3;2;1;1;0;0;0;0;0
114603;11;3;3300517;2018;4;4;7;2;9;1;2;0;1;0;0;0;0;0
114604;11;7;7300619;2018;3;12;5;3;2;6;0;0;1;0;0;1;0;1
114605;11;2;2200208;2018;5;22;6;3;0;3;2;0;0;0;1;1;0;0
114606;11;2;2500729;2018;10;18;2;3;2;6;1;1;1;0;0;0;0;1
114607;11;12;12100205;2018;2;19;3;3;1;5;2;0;1;0;0;0;0;0
114608;11;7;7400927;2018;11;23;5;3;2;7;2;0;1;0;0;0;0;0
114609;11;2;2500833;2018;9;15;3;3;0;1;0;1;0;0;0;0;0;0
114610;11;2;2500727;2018;8;20;3;3;1;5;2;1;1;0;0;0;0;0
114611;11;4;4300621;2018;6;12;3;2;5;2;0;1;1;0;0;0;0;0
114612;11;7;7501030;2018;7;9;3;3;2;6;0;0;1;0;0;0;0;0
114613;11;9;9100409;2018;6;16;4;3;2;6;0;0;1;0;0;0;0;0
114614;11;2;2200207;2018;5;13;1;3;1;1;0;0;1;0;0;0;0;0
114615;11;3;3601142;2018;4;22;6;3;6;4;2;1;0;1;0;0;0;1
114616;11;2;2500728;2018;12;13;6;3;5;3;0;1;1;0;0;0;0;1
114617;11;7;7300619;2018;10;6;3;2;3;6;1;0;1;0;0;1;1;0
114618;11;3;3500936;2018;7;11;1;3;1;5;0;1;1;0;0;0;0;0
114619;11;7;7200410;2018;4;15;2;3;1;5;0;1;1;0;0;0;0;1
114620;11;3;3601142;2018;7;16;4;2;1;5;0;1;0;0;0;0;1;0
114621;11;3;3200205;2018;3;16;2;3;5;3;0;1;1;0;0;0;0;0
114622;11;2;2500726;2018;5;19;1;3;2;6;1;0;1;0;0;0;0;0
114623;11;6;6400737;2018;10;18;1;2;0;1;2;0;0;0;1;0;0;0
114624;11;2;2500834;2018;2;14;3;3;1;6;0;0;1;0;0;1;0;0
114625;11;4;4200311;2018;11;9;2;3;5;2;0;0;1;0;0;0;0;0
114626;11;2;2200207;2018;9;19;4;3;3;6;0;0;1;0;1;0;0;0
114627;11;7;7601236;2018;8;7;3;3;2;6;0;0;0;0;1;1;0;0
114628;11;12;12601032;2018;3;20;2;3;6;2;2;0;1;1;0;0;0;1
114629;11;9;9100305;2018;6;7;5;3;2;6;0;0;1;0;1;0;0;0
114630;11;2;2500728;2018;3;17;3;3;6;4;0;0;1;1;0;0;0;1
114631;11;11;11300724;2018;6;16;6;3;2;6;0;0;1;0;0;0;0;0
114632;11;12;12100205;2018;8;11;1;2;1;7;0;0;1;0;0;0;1;0
114633;11;7;7501133;2018;5;9;4;3;2;6;0;0;1;0;0;0;0;0
114634;11;4;4501148;2018;4;16;2;2;2;1;0;0;1;0;0;0;1;0
114635;11;6;6300629;2018;12;7;3;3;0;1;1;1;0;0;0;0;0;1
114636;11;11;11100101;2018;9;11;3;3;5;2;0;1;0;0;0;0;1;0
114637;11;7;7501135;2018;9;22;4;3;5;2;2;0;1;0;0;0;0;0
114638;11;9;9100203;2018;6;12;5;3;5;3;0;0;1;0;0;0;0;0
114639;11;3;3601449;2018;7;10;3;2;0;3;0;1;1;0;0;0;0;0
114640;11;7;7501135;2018;7;19;3;2;1;1;0;0;1;0;1;0;0;0
114641;11;5;5200528;2018;5;6;3;3;3;2;0;0;1;0;1;0;0;0
114642;11;4;4100101;2018;2;1;2;2;8;1;2;0;0;0;0;1;0;0
114643;11;12;12200414;2018;11;13;2;3;2;6;0;0;1;0;0;1;0;1
114644;11;3;3100101;2018;8;12;5;3;9;1;0;0;1;0;0;0;0;0
114646;11;2;2500727;2018;10;22;6;3;5;3;2;1;1;0;0;0;0;0
114647;11;3;3601452;2018;8;16;3;3;3;6;0;1;1;0;0;0;0;0
114648;11;2;2400521;2018;4;12;3;2;5;3;0;1;0;0;0;0;0;0
114649;11;10;10400940;2018;4;10;5;3;5;3;0;0;1;0;0;0;0;0
114650;11;11;11401032;2018;5;8;4;3;5;5;0;1;1;0;0;0;0;0
114651;11;7;7501135;2018;11;14;6;3;6;4;0;0;1;1;0;0;0;0
114652;11;7;7501030;2018;12;16;3;3;1;5;2;1;1;0;0;0;1;1
114653;11;4;4400726;2018;9;7;5;2;2;6;0;0;1;0;1;0;0;0
114654;11;9;9200613;2018;8;8;6;3;5;3;0;1;0;0;0;0;1;0
114655;11;9;9100305;2018;6;12;6;3;5;3;0;1;1;0;0;0;0;0
114656;11;7;7501029;2018;7;22;4;3;8;1;2;1;0;0;0;0;0;0
114657;11;12;12100204;2018;5;18;4;3;5;2;0;1;1;0;0;0;0;0
114658;11;7;7200308;2018;12;17;3;3;2;3;2;0;1;0;0;0;1;1
114659;11;4;4300414;2018;9;18;4;2;5;3;1;0;1;0;0;0;0;0
114660;11;1;1100310;2018;9;20;5;3;0;1;1;1;0;0;0;0;0;0
114661;11;4;4100101;2018;7;23;3;3;0;1;2;0;0;0;1;0;0;0
114662;11;4;4400726;2018;7;11;3;3;2;6;0;0;1;0;0;0;1;0
114663;11;4;4200311;2018;5;9;4;3;2;6;0;0;0;0;0;1;1;0
114664;11;7;7501030;2018;2;8;2;3;2;6;0;0;1;0;0;0;0;0
114665;11;4;4200206;2018;11;16;3;3;3;6;1;0;1;0;0;1;0;1
114666;11;1;1100206;2018;8;23;5;2;5;3;2;1;1;0;0;0;0;0
114668;11;4;4200310;2018;10;13;7;3;5;2;0;1;1;0;0;0;0;0
114669;11;1;1100310;2018;8;11;4;3;5;2;0;1;1;0;0;0;0;0
114670;11;2;2100101;2018;4;7;5;2;1;5;0;1;1;0;0;0;1;0
114671;11;1;1100310;2018;4;14;5;3;2;7;0;0;1;0;0;0;1;0
114672;11;4;4200206;2018;5;21;4;3;1;5;1;0;1;0;0;0;0;0
114673;11;1;1100205;2018;12;18;4;3;6;4;2;0;1;1;0;0;0;0
114674;11;1;1200624;2018;9;12;5;2;0;7;0;0;0;0;1;0;0;0
114675;11;4;4200311;2018;9;17;7;3;5;2;0;0;1;0;0;0;0;0
114676;11;4;4501148;2018;6;11;7;3;0;1;0;0;0;0;1;0;0;0
114677;11;2;2400625;2018;7;20;5;3;5;3;0;1;1;0;0;0;0;0
114678;11;7;7300619;2018;5;10;4;3;2;6;0;0;1;0;0;1;1;0
114679;11;2;2100101;2018;2;17;2;3;5;3;0;0;1;0;0;0;1;0
114680;11;10;10100206;2018;11;20;4;3;5;2;2;1;1;0;0;0;0;0
114681;11;7;7400928;2018;6;20;3;2;9;1;0;0;0;0;1;0;0;0
114682;11;11;11401032;2018;12;16;1;3;2;6;1;0;1;0;0;0;0;0
114683;11;7;7300619;2018;10;14;1;2;9;7;0;0;0;0;1;0;0;0
114684;11;3;3601451;2018;8;13;7;3;3;6;0;1;0;0;0;1;0;0
114685;11;4;4200309;2018;4;13;6;3;5;2;0;0;1;0;1;0;0;0
114686;11;7;7501029;2018;3;18;3;3;2;6;0;0;1;0;0;0;0;0
114687;11;1;1100206;2018;5;10;6;2;5;2;0;1;0;0;0;1;0;0
114688;11;3;3601449;2018;10;11;7;2;6;4;0;0;1;1;0;0;0;0
114689;11;7;7501133;2018;2;16;2;3;5;3;0;1;1;0;0;0;0;0
114690;11;2;2500728;2018;11;16;5;3;6;7;1;0;1;1;0;0;0;0
114691;11;10;10400940;2018;9;18;2;3;5;2;0;1;1;0;0;0;0;0
114692;11;11;11300722;2018;8;0;7;3;0;1;2;1;0;0;0;0;0;0
114693;11;2;2200208;2018;6;9;3;3;3;6;0;1;0;0;0;0;0;0
114694;11;1;1100310;2018;7;19;2;3;2;6;0;0;1;0;1;0;0;0
114695;11;4;4300414;2018;6;16;3;3;2;2;0;0;1;0;0;0;0;0
114696;11;1;1100206;2018;5;14;7;3;0;1;0;0;0;0;1;0;0;0
114697;11;4;4300622;2018;4;20;6;3;2;6;2;0;1;0;1;0;0;1
114698;11;12;12100204;2018;12;14;4;3;2;2;0;0;1;0;0;0;0;1
114699;11;3;3200204;2018;9;16;1;2;2;6;0;0;0;0;1;0;0;0
114700;11;7;7400927;2018;7;13;7;3;2;6;0;0;1;0;0;0;0;0
114701;11;7;7601442;2018;4;0;2;3;1;5;2;0;1;0;0;0;1;0
114702;11;12;12100204;2018;7;18;2;3;5;2;0;1;1;0;0;0;0;0
114703;11;2;2500726;2018;3;20;6;3;3;6;2;0;1;0;0;0;0;0
114704;11;3;3300517;2018;5;14;1;2;5;2;0;1;1;0;0;0;0;0
114705;11;4;4300621;2018;10;15;6;3;5;2;0;0;1;0;1;0;0;0
114706;11;7;4501153;2018;2;15;2;3;0;6;0;0;1;0;0;0;0;0
114707;11;7;7300619;2018;11;19;7;3;2;6;2;0;1;0;0;0;1;1
114708;11;5;5200633;2018;9;7;3;3;6;3;0;0;1;1;0;0;0;0
114709;11;3;3601142;2018;8;8;2;3;3;6;0;1;0;0;0;0;0;0
114710;11;1;1100104;2018;3;7;2;3;2;6;0;0;1;0;0;0;0;0
114711;11;7;7501133;2018;6;15;4;3;0;6;0;0;1;0;0;0;1;0
114712;11;7;7501133;2018;10;12;4;3;2;6;0;0;1;0;0;0;0;0
114713;11;5;5200633;2018;6;11;6;2;5;2;0;0;1;0;0;0;0;0
114714;11;3;3701660;2018;8;15;6;3;6;4;0;1;0;1;0;0;0;0
114715;11;7;7200411;2018;5;16;3;3;0;7;0;0;1;1;0;0;0;0
114716;11;8;8100521;2018;4;5;2;3;2;6;1;0;1;0;0;0;0;0
114717;11;6;6300526;2018;12;11;2;3;5;2;0;1;1;0;0;0;0;0
114718;11;4;4300415;2018;9;10;3;3;2;6;0;0;1;0;0;0;0;0
114719;11;10;10400941;2018;9;8;4;3;5;3;0;0;1;0;0;0;0;0
114720;11;2;2200208;2018;6;15;4;3;0;6;0;1;0;0;0;0;0;0
114721;11;4;4400725;2018;7;17;2;3;3;6;0;0;1;0;0;1;0;0
114722;11;12;12100103;2018;5;14;2;3;5;2;0;1;1;0;0;0;0;0
114723;11;3;3200206;2018;2;13;2;2;0;4;0;0;0;1;0;0;1;0
114724;11;3;3601451;2018;11;19;1;2;0;1;2;0;0;0;1;0;0;1
114725;11;12;12100101;2018;8;13;5;2;5;2;0;1;1;0;0;0;0;0
114726;11;4;4400725;2018;3;13;1;3;2;6;0;0;1;0;0;0;0;0
114728;11;1;1100205;2018;10;15;6;3;3;6;0;0;1;0;1;0;0;0
114729;11;3;3701660;2018;8;8;3;2;5;3;0;1;0;0;1;0;0;0
114730;11;7;7400927;2018;4;9;2;3;2;6;0;0;1;0;1;0;0;0
114731;11;4;4300414;2018;4;20;3;2;6;4;2;0;1;1;0;0;0;0
114732;11;4;4200311;2018;5;15;3;3;2;6;0;0;1;0;0;0;1;0
114733;11;4;4200311;2018;10;11;4;3;2;6;0;0;1;0;0;1;1;0
114734;11;7;7501133;2018;12;19;2;3;5;7;2;0;1;0;0;0;1;0
114735;11;7;7501029;2018;9;13;4;3;3;6;0;0;1;0;1;0;0;0
114736;11;11;11300722;2018;8;5;5;3;0;7;1;1;0;0;0;0;0;0
114737;11;4;4300414;2018;6;18;5;3;2;7;0;0;1;0;0;0;0;0
114738;11;2;2500835;2018;7;15;4;3;5;3;0;0;1;0;1;0;0;0
114739;11;4;4200206;2018;2;1;1;3;1;5;2;0;1;0;0;1;0;0
114740;11;3;3701660;2018;11;17;2;3;2;6;2;0;1;0;0;0;0;0
114741;11;7;7200410;2018;6;14;7;3;6;4;0;1;1;1;0;0;0;0
114742;11;1;1100102;2018;5;13;3;3;0;2;0;1;1;0;0;0;0;0
114743;11;12;12100205;2018;12;16;5;2;2;6;2;0;1;0;0;0;0;1
114744;11;2;2200209;2018;10;21;6;2;6;4;2;0;1;1;0;0;0;0
114745;11;1;1100310;2018;2;19;1;3;5;3;2;1;1;0;0;0;0;0
114746;11;4;4300415;2018;8;18;4;3;2;6;0;0;1;0;0;0;0;0
114747;11;1;1100310;2018;4;15;4;3;5;2;0;1;1;0;0;0;0;0
114748;11;7;7400824;2018;3;9;6;3;2;6;0;0;1;0;0;0;0;0
114749;11;4;4200311;2018;5;14;4;3;3;6;0;0;1;0;0;1;0;0
114750;11;8;8200622;2018;10;11;4;3;3;6;0;0;1;0;0;1;0;0
114751;11;1;1100310;2018;2;12;6;3;2;6;0;1;1;0;0;0;0;0
114752;11;4;4200308;2018;11;17;2;3;2;6;2;0;1;0;0;0;0;1
114753;11;12;12100204;2018;9;11;7;3;1;6;0;1;0;0;1;0;0;0
114754;11;3;3601141;2018;8;7;6;3;2;2;0;1;1;0;0;0;0;0
114755;11;1;1100102;2018;6;13;7;3;3;6;0;0;0;0;1;1;0;0
114756;11;3;3200205;2018;3;11;1;3;5;2;0;1;1;0;0;0;0;0
114757;11;3;3701660;2018;6;5;7;3;5;3;0;1;1;0;0;0;0;0
114758;11;3;3500936;2018;6;18;2;2;5;3;0;1;0;0;1;0;0;0
114759;11;4;4200310;2018;8;10;4;2;3;6;0;0;1;0;1;0;0;0
114760;11;7;7501030;2018;5;6;5;2;5;7;0;0;1;0;1;0;0;0
114761;11;11;11100101;2018;4;14;4;3;0;2;0;0;0;1;0;0;1;0
114762;11;3;3601449;2018;12;19;7;3;0;2;2;1;1;0;0;0;0;0
114763;11;4;4300414;2018;9;17;6;3;5;3;0;1;1;0;0;0;0;0
114764;11;6;6400735;2018;9;18;7;3;5;2;0;0;1;0;0;0;0;0
114765;11;10;10300733;2018;2;15;6;3;5;2;0;1;1;0;0;0;0;0