OBJECTID;LAND;BEZ;LOR_ab_2021;UJAHR;UMONAT;USTUNDE;UWOCHENTAG;UKATEGORIE;UART;UTYP1;ULICHTVERH;IstRad;IstPKW;IstFuss;IstKrad;IstGkfz;IstSonstige;USTRZUSTAND
114766;11;12;12100101;2018;11;15;3;3;2;6;0;0;1;0;1;0;0;0
114767;11;1;1300836;2018;6;8;2;2;0;7;0;1;0;0;0;0;0;0
114768;11;4;4400726;2018;12;5;6;3;0;1;2;0;0;0;1;0;0;1
114769;11;2;2400522;2018;10;21;7;3;2;6;2;0;1;0;0;0;1;0
114770;11;1;1100102;2018;8;9;5;3;2;2;0;1;1;0;0;0;0;0
114771;11;4;4300622;2018;4;10;5;3;2;6;0;0;0;0;1;0;1;0
114772;11;4;4200311;2018;3;17;2;3;8;1;0;0;0;0;1;0;0;0
114773;11;2;2400521;2018;5;20;5;3;5;2;0;0;1;0;1;0;0;0
114774;11;4;4300414;2018;10;13;5;3;2;6;0;0;1;0;0;0;1;1
114775;11;4;4300621;2018;2;17;6;3;5;2;0;1;1;0;0;0;0;0
114776;11;3;3400828;2018;11;16;3;2;5;3;1;1;1;0;0;0;0;0
114777;11;9;9100101;2018;9;11;1;2;5;3;0;1;1;0;0;0;0;0
114778;11;4;4300414;2018;8;20;6;3;1;1;2;0;1;0;1;0;0;0
114779;11;10;10100206;2018;6;15;2;3;5;3;0;0;1;0;1;0;0;0
114780;11;10;10400837;2018;7;14;2;3;2;6;0;0;1;0;0;0;0;0
114781;11;6;6300527;2018;6;11;3;3;5;3;0;0;1;0;0;0;1;0
114782;11;1;1100310;2018;8;12;5;3;5;2;0;1;0;0;1;0;0;0
114783;11;6;6300527;2018;5;10;6;3;5;3;0;1;1;0;0;0;0;0
114784;11;3;3200205;2018;4;8;5;3;5;3;0;0;1;0;0;0;0;0
114785;11;1;1100104;2018;12;18;3;3;2;6;2;0;1;0;0;0;0;0
114786;11;7;7400824;2018;9;17;7;3;0;2;0;0;0;0;1;0;0;0
114787;11;9;9200613;2018;7;13;6;3;6;4;0;0;0;1;0;0;1;0
114788;11;9;9200613;2018;7;2;7;3;6;4;2;0;1;1;0;0;0;0
114789;11;4;4200311;2018;3;10;4;2;0;7;0;1;0;1;0;0;0;0
114790;11;3;3601451;2018;5;20;6;3;2;6;2;0;1;0;1;0;0;0
114791;11;7;7400823;2018;10;6;6;3;2;6;2;0;1;0;0;0;0;0
114792;11;5;5200528;2018;2;19;6;3;5;2;2;0;1;0;0;0;0;0
114793;11;11;11300722;2018;11;14;7;3;5;3;0;1;1;0;0;0;0;0
114794;11;7;7400824;2018;9;14;2;2;6;4;0;1;0;1;0;0;0;0
114795;11;2;2500726;2018;8;13;1;3;2;6;0;0;1;0;0;0;0;0
114796;11;7;7501133;2018;3;9;1;3;1;1;0;0;1;0;0;0;0;1
114797;11;4;4400727;2018;6;15;4;3;0;6;0;0;1;0;0;0;0;0
114798;11;3;3601142;2018;10;18;3;3;5;2;2;1;1;0;0;0;0;0
114799;11;1;1100310;2018;6;9;5;3;1;5;0;1;0;0;0;1;0;0
114800;11;2;2400625;2018;8;22;6;3;6;4;2;1;0;1;0;0;0;0
114801;11;1;1100310;2018;4;11;1;3;6;7;0;0;1;1;0;0;0;0
114802;11;7;7400824;2018;4;13;7;3;5;3;0;1;1;0;0;0;0;0
114803;11;11;11300722;2018;6;14;6;3;5;3;0;1;1;0;0;0;0;0
114804;11;1;1100104;2018;12;15;6;3;5;2;1;1;1;0;0;0;0;1
114805;11;1;1100102;2018;9;19;2;3;3;6;1;0;1;0;1;0;0;1
114806;11;2;2500727;2018;9;15;3;3;0;1;0;1;0;0;0;0;0;0
114807;11;4;4400833;2018;6;0;4;3;8;1;2;0;1;0;0;0;0;0
114808;11;4;4300414;2018;7;23;7;2;2;6;2;0;0;0;1;0;0;0
114809;11;1;1401044;2018;5;15;2;3;2;6;0;0;1;0;0;0;0;0
114810;11;3;3500936;2018;2;20;6;2;3;6;2;0;1;0;1;0;0;1
114811;11;3;3601449;2018;11;19;7;3;5;2;2;0;1;0;0;0;0;0
114813;11;2;2200208;2018;10;13;4;3;2;6;0;0;1;0;0;0;1;0
114814;11;10;10100312;2018;8;16;2;3;5;2;0;0;1;0;1;0;0;0
114815;11;3;3501037;2018;4;18;1;3;4;6;0;0;1;0;1;0;0;0
114816;11;10;10100102;2018;4;11;3;3;0;4;0;0;0;1;0;0;1;0
114817;11;1;1100205;2018;5;11;2;3;5;2;0;1;1;0;0;0;0;0
114818;11;2;2500727;2018;10;8;4;3;2;6;0;0;1;0;1;0;0;0
114819;11;7;7200308;2018;2;9;6;3;5;2;0;0;1;0;0;0;0;0
114820;11;2;2500727;2018;12;19;1;2;5;2;2;0;1;0;0;0;0;1
114821;11;12;12100103;2018;9;16;4;3;6;4;0;1;0;1;0;0;0;0
114822;11;3;3200205;2018;8;12;5;3;0;1;0;0;0;0;1;0;0;1
114823;11;4;4200310;2018;6;14;5;3;3;6;0;1;1;0;0;0;0;0
114824;11;6;6300524;2018;7;15;3;3;5;3;0;1;1;0;0;0;0;0
114825;11;7;7601442;2018;2;9;6;3;2;6;0;0;1;0;0;0;1;1
114826;11;6;6400838;2018;11;9;7;3;5;7;0;1;0;0;0;0;0;0
114827;11;7;7501030;2018;6;20;5;2;1;6;0;0;1;0;0;0;1;0
114828;11;3;3400620;2018;5;9;3;3;5;7;0;0;1;0;0;0;1;0
114829;11;7;7501133;2018;12;0;3;3;2;6;2;0;1;0;0;0;0;0
114830;11;2;2500833;2018;10;18;5;3;3;6;1;1;0;0;0;0;0;0
114831;11;5;5200633;2018;2;8;6;3;2;6;0;0;1;0;0;1;0;0
114832;11;1;1401044;2018;7;15;2;3;5;7;0;0;1;0;0;0;0;0
114833;11;3;3601347;2018;4;9;4;3;5;2;0;1;1;0;0;0;0;0
114834;11;4;4200310;2018;7;8;7;3;6;4;0;0;1;1;0;0;0;0
114835;11;2;2400521;2018;3;8;5;3;5;3;0;1;1;0;0;0;0;1
114836;11;3;3400620;2018;5;10;4;3;2;6;0;0;1;0;0;0;0;0
114837;11;4;4400725;2018;10;8;3;3;2;6;0;0;1;0;0;0;0;1
114838;11;1;1100102;2018;2;11;5;3;2;6;0;1;1;0;0;0;0;0
114839;11;4;4200206;2018;11;16;7;3;2;6;2;0;1;0;0;0;0;0
114840;11;3;3601451;2018;9;17;6;3;0;6;0;0;0;0;1;0;0;0
114841;11;9;9100101;2018;8;11;4;3;2;6;0;0;1;0;0;0;0;0
114842;11;10;10400940;2018;6;18;6;3;5;2;0;1;1;0;0;0;0;1
114843;11;4;4200308;2018;3;9;1;3;9;1;0;0;1;0;0;0;0;2
114844;11;7;7100205;2018;6;14;7;3;0;6;0;0;1;0;0;0;1;0
114845;11;8;8200624;2018;6;13;2;3;3;6;0;0;1;0;1;0;0;0
114846;11;2;2500729;2018;8;14;3;2;6;4;0;0;1;1;0;0;0;0
114847;11;1;1100310;2018;5;11;5;3;0;6;0;1;1;0;0;0;0;0
114848;11;3;3601452;2018;4;19;3;3;3;6;1;1;1;0;0;0;0;0
114849;11;4;4300414;2018;12;9;6;2;5;2;0;1;0;0;0;1;0;0
114850;11;3;3601449;2018;9;9;5;3;2;2;0;0;1;0;0;0;0;0
114851;11;4;4300622;2018;9;16;6;3;2;6;0;0;1;0;1;0;0;0
114852;11;8;8100521;2018;7;12;5;3;2;6;0;0;1;0;0;0;0;0
114853;11;4;4100101;2018;7;10;5;3;2;6;0;0;1;0;0;0;0;1
114854;11;7;7501133;2018;3;15;2;3;5;3;0;0;1;0;0;1;0;1
114855;11;1;1100102;2018;5;22;5;2;6;7;2;1;0;1;0;0;0;0
114856;11;10;10100313;2018;2;0;5;2;8;1;2;0;1;0;0;0;0;1
114857;11;9;9100306;2018;11;6;4;3;2;6;0;0;1;0;0;1;0;1
114858;11;3;3601142;2018;8;14;6;3;6;4;0;0;1;1;0;0;0;0
114859;11;2;2100101;2018;3;9;7;3;5;3;0;0;1;0;0;1;0;1
114861;11;4;4200311;2018;10;19;2;3;8;1;2;0;0;0;1;0;0;0
114862;11;7;7501133;2018;8;7;5;3;5;2;0;0;1;0;0;0;1;0
114863;11;1;1300836;2018;4;16;6;3;5;3;0;0;1;0;0;0;1;0
114864;11;1;1100310;2018;4;14;6;3;2;2;0;0;1;0;0;0;0;0
114865;11;7;7200410;2018;5;12;5;3;1;5;0;1;1;0;0;0;1;0
114866;11;3;3200204;2018;12;16;5;2;5;2;2;0;1;0;0;0;0;1
114867;11;3;3601142;2018;9;7;7;3;0;1;1;0;0;0;1;0;0;1
114868;11;1;1100310;2018;9;18;2;3;0;6;1;1;1;0;0;0;0;0
114869;11;3;3200204;2018;6;15;1;3;3;6;0;1;0;0;0;0;0;0
114870;11;6;6400737;2018;7;14;6;3;5;3;0;0;1;0;0;0;0;0
114871;11;11;11300725;2018;5;18;6;3;3;6;0;1;0;0;0;0;1;0
114872;11;8;8100521;2018;2;6;5;2;3;6;0;0;0;0;0;1;1;0
114873;11;6;6400737;2018;11;17;6;3;5;2;2;0;1;0;0;0;0;0
114874;11;4;4300621;2018;7;18;6;2;3;6;0;0;1;0;1;0;0;0
114875;11;4;4300414;2018;7;17;6;3;5;2;0;1;1;0;0;0;0;0
114876;11;7;7501133;2018;3;15;3;3;5;3;0;0;1;0;0;0;0;0
114877;11;2;2500728;2018;5;8;6;2;2;1;0;1;1;0;0;0;0;0
114878;11;4;4100101;2018;10;18;4;3;0;1;2;0;0;0;1;0;0;0
114879;11;12;12200412;2018;2;16;5;3;2;6;0;0;1;0;0;0;0;0
114880;11;3;3701660;2018;11;17;5;3;6;4;2;1;0;1;0;0;0;0
114881;11;6;6300629;2018;9;8;2;3;3;6;0;0;1;0;0;1;0;0
114882;11;7;7501030;2018;8;13;7;3;0;5;0;0;1;0;1;0;0;0
114883;11;12;12400723;2018;10;14;3;3;2;6;0;0;1;0;0;0;0;0
114884;11;3;3601142;2018;8;15;5;3;2;6;0;0;1;0;0;0;0;0
114885;11;1;1300836;2018;4;14;7;2;5;2;0;0;1;0;0;0;0;0
114886;11;7;7501133;2018;4;17;6;3;6;7;0;1;0;1;0;0;0;0
114887;11;4;4400725;2018;6;15;6;3;2;6;0;0;1;0;0;0;0;0
114888;11;10;10300734;2018;12;16;6;3;2;6;2;0;1;0;0;0;1;1
114889;11;6;6400736;2018;9;18;1;3;2;6;1;0;1;0;0;0;0;1
114890;11;3;3500936;2018;9;17;3;3;2;6;0;0;1;0;0;0;1;0
114891;11;4;4300621;2018;6;17;2;3;2;6;0;0;1;0;0;0;0;0
114892;11;2;2500729;2018;7;0;6;3;5;2;2;1;1;0;0;0;0;0
114893;11;4;4100101;2018;5;14;7;3;2;6;0;0;1;0;1;0;0;0
114894;11;2;2500726;2018;2;12;5;3;6;4;0;0;1;1;0;0;0;0
114895;11;7;7200308;2018;11;18;6;3;2;6;2;0;1;0;0;0;0;0
114897;11;4;4200311;2018;10;7;4;3;2;6;0;0;1;0;0;0;1;0
114898;11;9;9100101;2018;8;17;2;2;0;4;0;0;0;1;0;0;1;0
114899;11;7;7200308;2018;4;16;1;3;0;6;0;0;1;0;0;0;1;0
114900;11;2;2500727;2018;4;13;1;3;5;3;0;1;1;0;0;0;0;1
114901;11;11;11300722;2018;5;7;2;3;5;2;0;1;0;0;0;1;0;0
114902;11;2;2500834;2018;10;17;3;3;5;2;1;1;1;0;0;0;0;1
114903;11;7;7400720;2018;2;17;5;2;5;2;2;1;1;0;0;0;0;0
114904;11;1;1100102;2018;12;19;7;2;1;7;2;0;1;0;0;0;0;1
114905;11;4;4300622;2018;9;8;3;3;5;3;0;0;1;0;1;0;0;0
114906;11;5;5200528;2018;8;13;4;3;2;6;0;0;1;0;0;0;1;0
114907;11;9;9100101;2018;6;14;4;3;2;6;0;0;1;0;0;0;1;0
114908;11;2;2500727;2018;7;14;3;3;6;4;0;1;0;1;0;0;0;0
114909;11;7;7400720;2018;2;23;5;3;2;6;2;0;1;0;0;0;0;1
114910;11;1;1100206;2018;6;9;5;3;6;4;0;1;0;1;0;0;0;0
114911;11;2;2400522;2018;5;14;2;3;2;6;0;0;1;0;0;0;0;0
114912;11;3;3200206;2018;4;12;1;3;5;3;0;1;1;0;0;0;0;0
114913;11;4;4300414;2018;12;20;7;3;6;2;2;0;0;1;0;0;1;1
114914;11;4;4400727;2018;10;22;3;2;9;1;2;0;1;0;0;0;0;1
114915;11;1;1100310;2018;2;18;4;3;2;6;2;0;1;0;0;0;0;0
114916;11;6;6400735;2018;7;18;2;3;8;1;0;0;1;0;0;0;0;0
114917;11;4;4300621;2018;4;16;3;3;5;2;0;1;1;0;0;0;0;0
114918;11;1;1100104;2018;7;13;5;3;2;6;0;0;1;0;0;0;0;0
114919;11;9;9100407;2018;3;17;3;3;3;6;0;0;1;0;0;1;0;1
114920;11;7;7400824;2018;5;11;3;3;2;6;0;0;1;0;0;0;0;0
114921;11;7;7501030;2018;10;9;2;2;4;1;0;0;1;0;0;0;0;0
114922;11;2;2500833;2018;2;11;4;3;3;6;0;1;1;0;0;0;0;0
114923;11;4;4501153;2018;11;16;6;3;2;6;1;0;1;0;0;0;0;0
114924;11;12;12601031;2018;9;13;6;3;5;2;0;0;0;0;1;0;1;0
114925;11;12;12400723;2018;8;16;4;3;0;7;0;1;1;0;0;0;0;0
114926;11;7;7501133;2018;3;14;6;3;2;6;0;0;1;0;1;0;0;0
114927;11;1;1100311;2018;6;18;6;2;0;6;0;1;0;0;0;0;0;0
114928;11;4;4100102;2018;6;6;1;2;8;7;0;0;1;0;0;0;0;0
114929;11;12;12100101;2018;8;22;2;3;1;5;2;0;1;0;1;0;0;0
114930;11;9;9100101;2018;5;10;4;3;5;3;0;1;0;0;0;0;0;0
114931;11;11;11300724;2018;4;10;3;3;2;6;0;0;1;0;0;0;0;0
114932;11;1;1100206;2018;12;8;4;2;0;6;0;0;1;0;1;0;0;1
114933;11;7;7300619;2018;9;15;4;3;2;6;0;0;1;0;1;0;0;0
114934;11;1;1100310;2018;9;22;5;3;0;1;2;0;1;0;1;0;0;0
114935;11;9;9200613;2018;7;22;4;3;2;6;2;0;1;0;0;0;0;0
114936;11;6;6400737;2018;7;14;4;3;2;6;0;0;1;0;0;0;0;0
114937;11;3;3100103;2018;5;8;4;3;2;6;0;0;0;0;0;1;0;0
114938;11;7;7200308;2018;2;20;4;3;0;1;2;0;0;0;1;0;0;1
114939;11;9;9100101;2018;11;6;3;3;6;7;2;0;0;1;0;0;1;1
114940;11;12;12200412;2018;8;15;6;2;2;6;0;0;1;0;0;0;1;0
114942;11;6;6400735;2018;10;14;1;3;1;5;0;1;1;0;0;0;1;0
114943;11;2;2500727;2018;8;19;4;3;2;3;0;0;1;0;0;0;1;0
114944;11;1;1100310;2018;4;14;5;3;3;6;0;0;1;0;1;0;0;1
114945;11;4;4200311;2018;4;16;5;3;2;6;0;0;1;0;0;0;0;0
114946;11;1;1100104;2018;5;18;4;3;2;6;0;0;1;0;0;0;0;0
114947;11;11;11401033;2018;12;13;4;3;5;3;0;1;1;0;0;0;0;0
114948;11;2;2500834;2018;9;1;6;3;8;1;2;1;0;0;0;0;0;0
114949;11;5;5400942;2018;9;7;2;3;2;6;0;0;1;0;0;0;0;0
114950;11;3;3400620;2018;6;12;7;2;2;6;0;0;1;0;0;0;0;0
114951;11;11;11100101;2018;7;7;5;3;5;2;0;1;1;0;0;0;0;0
114952;11;7;7400824;2018;5;13;5;3;2;6;0;0;1;0;0;0;0;0
114953;11;10;10300733;2018;2;18;4;3;2;6;0;0;1;0;0;0;0;0
114954;11;12;12200412;2018;11;15;4;3;2;6;0;0;1;0;0;0;0;0
114955;11;7;7501133;2018;12;19;2;3;6;4;2;1;0;1;0;0;0;1
114956;11;3;3701657;2018;10;20;2;2;5;2;2;0;0;0;1;0;0;0
114957;11;3;3200309;2018;8;2;7;2;9;1;2;0;1;0;0;0;0;0
114958;11;3;3400620;2018;4;7;6;3;2;6;0;0;1;0;0;0;0;0
114959;11;7;7200410;2018;3;18;4;3;2;6;1;0;1;0;0;0;0;1
114960;11;11;11400931;2018;5;14;6;2;9;1;0;0;0;0;1;0;0;0
114961;11;1;1300836;2018;10;20;1;3;1;1;2;0;1;0;0;0;0;1
114962;11;12;12400618;2018;2;7;4;3;5;3;0;0;1;0;0;0;0;0
114963;11;1;1100310;2018;11;18;5;3;6;2;2;0;0;1;0;0;1;0
114964;11;6;6300527;2018;9;13;2;2;5;2;0;0;1;0;1;0;0;0
114965;11;4;4200207;2018;8;11;1;3;3;6;0;0;1;0;0;0;0;0
114966;11;2;2500729;2018;6;17;3;2;3;6;0;0;1;0;1;0;0;0
114967;11;7;7601544;2018;7;8;3;2;5;3;0;0;1;0;1;0;0;0
114968;11;7;7100206;2018;6;13;4;3;5;7;0;0;1;0;1;0;0;0
114969;11;2;2500727;2018;5;15;1;3;0;2;0;1;1;0;0;0;0;0
114970;11;6;6300629;2018;4;18;6;3;2;6;1;0;1;0;0;0;0;1
114971;11;4;4100101;2018;12;22;5;2;3;6;2;0;1;0;0;0;1;1
114972;11;3;3100101;2018;10;14;2;2;2;6;0;0;1;0;0;0;0;0
114973;11;1;1100104;2018;7;19;7;3;2;6;0;0;1;0;0;0;0;0
114974;11;4;4400727;2018;4;11;2;3;2;6;0;0;1;0;0;0;1;1
114975;11;3;3400828;2018;7;15;4;3;0;1;0;1;0;0;0;0;0;0
114976;11;6;6400735;2018;3;17;1;3;2;6;0;1;1;0;0;0;0;0
114977;11;1;1300836;2018;5;15;1;3;6;4;0;1;0;1;0;0;0;0
114979;11;7;7400825;2018;10;12;3;3;2;6;0;0;1;0;1;0;0;0
114980;11;11;11300722;2018;8;10;1;3;6;2;0;0;1;1;0;0;0;0
114981;11;12;12601032;2018;4;13;7;3;6;7;0;0;1;1;0;0;0;0
114982;11;12;12100103;2018;3;19;6;3;3;6;0;0;1;0;1;0;0;0
114983;11;4;4400725;2018;5;14;1;3;2;6;0;0;1;0;0;0;0;0
114984;11;12;12400618;2018;10;6;3;3;9;1;2;0;1;0;0;0;0;1
114985;11;3;3601451;2018;2;13;4;3;2;6;0;0;1;0;0;0;1;0
114986;11;1;1401049;2018;11;17;6;2;6;4;2;1;0;1;0;0;0;1
114987;11;12;12601032;2018;9;14;3;3;2;6;0;0;1;0;0;0;0;0
114988;11;4;4300414;2018;8;10;3;3;2;6;0;0;1;0;0;0;0;0
114989;11;4;4200308;2018;6;12;4;3;2;6;0;0;1;0;0;0;0;0
114990;11;8;8200622;2018;7;19;3;3;3;6;0;0;1;0;0;0;1;0
114991;11;7;7501133;2018;6;17;4;2;2;6;0;0;1;0;1;0;0;0
114992;11;3;3200204;2018;5;8;2;3;5;2;0;1;1;0;0;0;0;0
114993;11;3;3601449;2018;4;16;7;3;2;6;0;0;1;0;0;0;0;0
114994;11;7;7300619;2018;12;17;6;3;3;6;2;0;1;0;0;0;0;1
114995;11;3;3400620;2018;10;18;3;3;2;6;1;0;1;0;0;0;0;1
114996;11;7;7400823;2018;2;14;3;3;2;6;0;0;1;0;0;0;1;0
114997;11;10;10300733;2018;7;20;1;2;3;6;1;1;1;0;0;0;0;0
114998;11;4;4400830;2018;4;18;2;3;2;6;0;0;1;0;0;0;0;1
114999;11;2;2200207;2018;7;14;4;3;3;6;0;0;1;0;1;0;0;0
115000;11;1;1100205;2018;3;21;2;3;5;2;2;0;1;0;1;0;0;0
115001;11;4;4400726;2018;5;11;2;3;2;6;0;0;1;0;0;0;1;0
115002;11;12;12200310;2018;10;5;2;3;2;6;2;0;1;0;0;0;0;0
115003;11;12;12400618;2018;2;19;3;2;5;3;2;0;1;0;0;0;0;0
115004;11;9;9100306;2018;11;14;4;3;2;6;0;0;1;0;0;1;0;0
115005;11;1;1100104;2018;9;17;5;3;3;6;0;1;1;0;0;0;0;0
115006;11;7;7501135;2018;8;14;3;3;0;6;0;0;1;0;1;0;0;0
115007;11;1;1300836;2018;3;7;6;3;2;6;0;0;1;0;0;0;0;0
115008;11;7;7400928;2018;6;5;6;3;3;6;0;0;1;0;0;1;0;0
115009;11;7;7100206;2018;6;16;7;3;2;6;0;0;1;0;0;0;1;0
115010;11;3;3400723;2018;8;2;1;3;1;5;2;1;1;0;0;0;0;0
115011;11;2;2500728;2018;5;8;4;3;5;2;0;1;1;0;0;0;0;0
115012;11;7;7400825;2018;4;12;3;3;3;6;0;0;1;0;0;0;0;0
115013;11;3;3200206;2018;12;16;3;3;5;7;2;0;1;0;0;0;1;1
115014;11;6;6300629;2018;9;13;3;2;6;7;0;1;0;1;0;0;0;0
115015;11;4;4501146;2018;9;9;5;3;2;6;0;0;1;0;0;0;0;0
115016;11;10;10100312;2018;7;8;3;3;5;3;0;0;1;0;0;0;0;0
115017;11;7;7501133;2018;7;12;3;2;1;6;0;0;1;0;1;0;0;0
115018;11;2;2100101;2018;5;13;4;2;3;6;0;1;1;0;0;0;0;0
115019;11;2;2200208;2018;2;8;3;3;0;2;0;1;1;0;0;0;0;2
115020;11;11;11300722;2018;11;12;2;2;5;3;0;1;0;0;0;0;0;0
115021;11;7;7100205;2018;8;20;5;3;2;2;0;0;1;0;1;0;0;0
115023;11;4;4200311;2018;10;8;7;2;2;6;0;0;0;0;1;0;1;0
115024;11;8;8200622;2018;8;7;4;3;3;6;0;0;0;0;1;0;1;0
115025;11;12;12100204;2018;4;11;4;3;6;7;0;0;1;1;0;0;0;0
115026;11;7;7300619;2018;4;11;5;2;2;6;0;0;1;0;1;0;0;0
115027;11;11;11300722;2018;5;9;4;3;6;7;0;1;0;1;0;0;0;0
115028;11;12;12500930;2018;11;16;6;3;5;3;0;0;0;0;1;0;1;0
115029;11;3;3701660;2018;12;17;4;3;5;3;2;1;1;0;0;0;0;1
115030;11;2;2400522;2018;9;11;5;3;5;2;0;1;0;0;0;0;0;0
115031;11;4;4300621;2018;8;15;6;3;5;2;0;1;1;0;0;0;0;0
115032;11;1;1100205;2018;6;18;6;3;3;6;0;1;1;0;0;0;0;0
115033;11;3;3400723;2018;7;18;5;3;3;6;0;1;1;0;0;0;0;0
115034;11;4;4300414;2018;5;10;4;3;6;4;0;0;1;1;0;0;0;0
115035;11;1;1401044;2018;2;7;3;3;2;2;0;1;1;0;0;0;0;0
115036;11;3;3601449;2018;11;12;3;3;2;6;0;0;1;0;0;1;0;0
115037;11;3;3500936;2018;6;16;2;3;3;6;0;0;1;0;1;0;0;0
115038;11;3;3200206;2018;12;16;7;3;6;3;2;0;1;1;0;0;0;0
115039;11;4;4400727;2018;10;14;1;3;2;6;0;0;0;0;0;0;1;0
115040;11;8;8100521;2018;8;20;6;3;0;7;1;0;1;0;0;0;0;0
115041;11;4;4501153;2018;4;18;5;3;2;6;0;0;1;0;0;0;0;0
115042;11;4;4100101;2018;3;21;2;3;9;1;2;0;1;0;0;0;0;0
115043;11;7;7200308;2018;5;16;5;3;2;6;0;0;1;0;1;0;0;0
115044;11;7;7501133;2018;10;15;6;2;6;7;0;0;1;1;0;0;0;0
115045;11;3;3200204;2018;2;6;3;3;0;1;0;0;1;0;0;0;0;1
115046;11;7;7300619;2018;11;15;5;3;9;7;0;0;0;0;0;0;1;0
115047;11;1;1100310;2018;9;13;2;1;5;2;0;1;0;0;0;1;0;0
115048;11;1;1100310;2018;8;14;7;3;0;7;0;0;0;0;1;0;0;1
115049;11;7;7501133;2018;6;17;2;3;2;6;0;0;1;0;1;0;0;0
115050;11;3;3701657;2018;7;18;2;3;5;2;0;0;1;0;0;0;0;0
115051;11;1;1401044;2018;6;15;3;3;5;5;0;1;0;0;0;0;1;0
115052;11;4;4400726;2018;5;9;7;2;8;1;0;0;0;0;1;0;0;0
115053;11;7;7601236;2018;4;16;5;3;0;6;0;0;1;0;0;0;1;0
115054;11;7;7300619;2018;12;17;4;3;3;6;1;0;1;0;0;0;0;0
115055;11;3;3501037;2018;9;13;7;3;8;1;0;0;0;0;1;0;0;0
115056;11;8;8100521;2018;7;12;7;2;2;6;0;0;1;0;0;0;0;0
115057;11;7;7601442;2018;4;13;1;2;2;6;0;0;1;0;0;0;1;0
115058;11;10;10400940;2018;7;12;2;3;2;6;0;0;1;0;0;0;0;0
115059;11;7;6100209;2018;3;10;5;3;3;3;0;0;1;0;0;0;1;0
115060;11;10;10400941;2018;5;13;7;2;5;3;0;1;1;0;0;0;0;0
115061;11;11;11300722;2018;10;12;6;3;2;6;0;0;1;0;0;0;0;0
115062;11;3;3701657;2018;2;22;2;3;0;7;2;1;0;0;0;0;0;0
115063;11;7;7400824;2018;11;9;7;3;5;2;0;0;1;0;0;0;0;0
115064;11;2;2400522;2018;9;15;3;3;3;6;0;1;1;0;0;0;0;0
115065;11;4;4400726;2018;8;10;1;3;2;6;0;0;1;0;0;0;0;0
115066;11;2;2400521;2018;3;10;6;3;3;6;0;0;1;0;0;0;0;0
115067;11;3;3601141;2018;6;12;4;3;0;7;0;1;0;0;0;0;0;0
115068;11;2;2500728;2018;10;11;4;3;2;2;0;0;1;0;1;0;0;0
115069;11;3;3400620;2018;6;19;5;3;0;1;0;1;0;0;0;0;0;0
115070;11;2;2500729;2018;8;14;6;3;6;4;0;0;1;1;0;0;0;0
115071;11;12;12400723;2018;4;11;2;3;5;3;0;1;1;0;0;0;0;0
115072;11;1;1100310;2018;4;15;1;3;5;2;0;1;1;0;0;0;0;0
115073;11;10;10300733;2018;12;18;1;3;2;6;2;0;1;0;0;0;0;1
115074;11;12;12200414;2018;9;14;2;2;0;6;0;0;1;0;1;0;0;1
115075;11;1;1100310;2018;9;14;3;3;6;4;0;0;0;1;0;0;1;0
115076;11;9;9100305;2018;6;18;4;2;4;6;0;1;0;0;0;0;0;0
115077;11;9;9100101;2018;7;13;2;3;2;6;0;0;1;0;0;1;0;0
115078;11;2;2400521;2018;5;8;2;3;2;6;0;0;1;0;1;0;0;0
115079;11;7;7300619;2018;2;7;2;2;3;6;0;0;1;0;0;0;1;1
115080;11;12;12100205;2018;11;11;1;3;5;3;0;0;1;0;0;0;0;1
115082;11;3;3200310;2018;10;17;5;3;2;6;0;0;1;0;0;0;0;0
115083;11;3;3701657;2018;10;13;7;3;2;6;0;0;1;0;0;0;0;0
115084;11;7;7100205;2018;2;20;2;3;1;5;2;0;1;0;0;0;1;1
115085;11;1;1100102;2018;11;12;1;3;2;6;0;0;1;0;0;0;0;0
115086;11;7;7501030;2018;9;15;4;3;5;2;0;0;1;0;0;0;0;0
115087;11;7;7501133;2018;8;18;2;3;3;6;0;1;0;0;0;0;0;0
115088;11;1;1100206;2018;3;10;6;3;0;1;0;0;0;0;0;0;1;1
115089;11;2;2500729;2018;6;17;5;2;0;4;0;0;0;1;1;0;0;0
115090;11;4;4400727;2018;6;15;6;3;2;6;0;0;1;0;0;0;0;0
115091;11;4;4300620;2018;8;14;7;3;0;1;0;0;0;0;1;0;0;0
115092;11;4;4501148;2018;5;15;4;2;0;1;0;0;0;0;1;0;0;0
115093;11;4;4400725;2018;4;13;2;3;3;6;0;0;1;0;0;0;0;0
115094;11;4;4300414;2018;12;17;3;3;2;6;2;0;1;0;0;0;1;1
115095;11;1;1300836;2018;9;9;3;3;5;2;0;1;1;0;0;0;0;0
115096;11;10;10400837;2018;9;17;4;2;2;6;0;0;1;0;1;1;0;0
115097;11;7;7501135;2018;6;16;4;3;5;2;0;0;1;0;0;0;0;0
115098;11;3;3200206;2018;7;16;2;3;3;6;0;1;1;0;0;0;0;0
115099;11;1;1100206;2018;7;16;3;3;3;6;0;1;1;0;0;0;0;0
115100;11;7;7400824;2018;5;15;3;3;3;6;0;1;1;0;0;0;0;0
115101;11;12;12400723;2018;2;19;1;2;1;5;2;0;1;0;0;0;0;1