OBJECTID;LAND;BEZ;LOR_ab_2021;UJAHR;UMONAT;USTUNDE;UWOCHENTAG;UKATEGORIE;UART;UTYP1;ULICHTVERH;IstRad;IstPKW;IstFuss;IstKrad;IstGkfz;IstSonstige;USTRZUSTAND
115102;11;12;12500930;2018;11;12;2;3;2;2;0;0;1;0;0;1;0;1
115103;11;12;12100101;2018;8;16;5;3;2;6;0;0;1;0;0;0;0;0
115105;11;12;12500928;2018;10;16;6;3;2;6;0;0;1;0;0;0;0;0
115106;11;7;7200410;2018;8;14;3;3;0;2;0;0;1;0;0;0;1;0
115107;11;2;2200208;2018;4;14;2;3;0;2;0;1;1;0;0;0;0;0
115108;11;2;2500728;2018;4;15;4;3;5;3;0;0;1;0;1;0;0;0
115109;11;7;7200411;2018;5;18;3;3;5;5;0;1;1;0;0;0;0;0
115110;11;4;4300414;2018;11;13;6;3;4;6;0;1;0;0;0;0;0;0
115111;11;7;7200410;2018;12;19;2;2;0;7;2;1;1;0;0;0;0;0
115112;11;3;3200309;2018;9;13;5;2;2;7;0;0;1;0;1;0;0;0
115113;11;1;1100102;2018;8;8;6;3;8;1;0;1;0;0;0;0;0;0
115114;11;3;3400721;2018;6;10;6;3;5;3;0;1;1;0;0;0;0;0
115115;11;10;10400941;2018;7;18;4;3;2;6;0;0;1;0;0;0;1;0
115116;11;2;2200208;2018;5;7;4;2;6;4;0;0;1;1;0;0;0;0
115117;11;9;9100101;2018;2;13;1;2;8;1;0;0;1;0;0;0;0;1
115118;11;8;8100521;2018;11;13;3;3;3;6;0;0;1;0;0;0;0;0
115119;11;10;10100312;2018;6;14;1;2;1;7;0;0;0;0;0;1;1;0
115120;11;5;5200528;2018;12;15;5;3;2;2;2;0;1;0;0;0;0;0
115121;11;7;7200411;2018;10;13;7;3;5;3;0;1;1;0;0;0;0;0
115122;11;3;3601347;2018;8;17;5;3;0;1;0;0;1;0;1;0;0;0
115123;11;3;3701657;2018;4;7;4;3;2;6;0;0;0;0;1;0;1;0
115124;11;2;2500728;2018;3;12;7;3;2;6;0;0;1;0;0;0;0;0
115125;11;1;1100104;2018;5;17;5;3;3;6;0;1;1;0;0;1;0;0
115126;11;3;3601451;2018;10;6;5;3;5;3;2;1;0;0;1;0;0;1
115127;11;4;4400726;2018;2;5;1;3;9;1;0;0;1;0;0;0;0;0
115128;11;11;11300722;2018;11;10;3;3;5;2;0;1;0;0;0;0;1;0
115129;11;7;7501133;2018;9;11;7;3;2;6;0;0;1;0;0;0;1;0
115130;11;2;2500729;2018;8;14;6;2;6;4;0;0;1;1;0;0;0;0
115131;11;12;12500824;2018;6;7;2;3;3;6;0;0;1;0;0;1;0;0
115132;11;11;11300722;2018;3;10;6;3;2;2;0;0;1;0;0;0;0;0
115133;11;4;4200206;2018;7;7;2;3;6;4;0;0;1;1;0;0;0;0
115134;11;9;9100306;2018;6;9;3;3;2;6;0;0;1;0;0;0;0;0
115135;11;4;4300621;2018;8;10;4;3;6;4;0;1;0;1;0;0;0;0
115136;11;7;7501133;2018;5;17;5;3;2;6;0;0;1;0;0;0;1;0
115137;11;7;7501135;2018;4;6;5;3;5;2;0;1;0;0;0;0;1;0
115138;11;3;3200206;2018;12;5;3;3;8;1;2;0;1;0;0;0;0;1
115139;11;4;4200311;2018;9;12;7;3;2;6;0;0;1;0;0;0;0;0
115140;11;6;6300629;2018;9;15;1;3;2;1;0;0;1;0;0;0;0;0
115141;11;4;4200206;2018;7;20;6;3;3;6;0;0;1;0;0;0;0;0
115142;11;12;12100101;2018;7;13;6;3;2;6;0;0;1;0;0;1;0;0
115143;11;3;3500936;2018;3;17;4;3;2;6;2;1;1;0;0;0;0;0
115144;11;10;10400837;2018;5;15;6;3;2;2;0;0;1;0;0;0;0;0
115145;11;7;7501133;2018;10;12;5;3;3;6;0;0;1;0;0;1;0;0
115146;11;2;2400522;2018;2;10;7;3;6;7;0;0;1;1;0;0;0;0
115147;11;7;7400824;2018;11;11;6;3;2;6;0;0;1;0;0;0;0;0
115148;11;1;1100205;2018;9;12;2;3;5;3;0;0;1;0;0;1;0;0
115149;11;1;1200624;2018;8;14;7;3;2;1;0;0;1;0;0;0;0;0
115150;11;9;9100202;2018;3;17;6;2;9;7;0;0;1;0;0;0;1;0
115151;11;4;4400725;2018;10;6;3;3;2;6;1;0;1;0;0;0;1;0
115152;11;12;12100205;2018;6;12;5;3;5;2;0;0;1;0;0;1;0;0
115153;11;2;2500727;2018;8;15;6;3;5;2;0;1;1;0;0;0;0;0
115154;11;3;3200204;2018;3;20;2;3;5;2;2;1;1;0;0;0;0;1
115155;11;4;4100101;2018;4;19;7;3;2;6;0;0;1;0;1;0;0;0
115156;11;7;7400720;2018;4;12;7;3;2;6;0;0;1;0;0;0;0;0
115157;11;3;3500936;2018;6;12;6;3;0;1;0;0;0;0;1;0;0;1
115158;11;3;3601347;2018;12;17;6;3;6;2;2;0;1;1;0;0;0;1
115159;11;7;7501133;2018;9;12;2;2;5;3;0;1;0;0;0;1;0;0
115160;11;3;3601451;2018;9;18;3;3;3;6;0;0;0;0;1;0;0;0
115161;11;2;2400625;2018;6;16;3;3;0;4;0;1;0;1;0;0;0;0
115162;11;2;2500830;2018;7;17;7;3;3;6;0;0;1;0;0;0;0;0
115163;11;7;7100206;2018;5;13;1;3;2;6;0;0;1;0;0;0;0;0
115164;11;4;4300414;2018;2;18;6;2;6;4;2;1;0;1;0;0;0;0
115165;11;11;11401034;2018;11;6;7;1;6;4;2;0;1;1;0;0;0;0
115167;11;6;6400735;2018;10;11;4;3;5;7;0;1;1;0;0;0;0;0
115168;11;7;7601238;2018;8;15;2;3;5;2;0;1;1;0;0;0;0;0
115169;11;6;6400736;2018;4;12;1;3;2;2;0;0;1;0;0;0;0;0
115170;11;5;5200634;2018;4;11;2;3;0;7;0;1;0;0;0;0;0;0
115171;11;9;9100101;2018;5;16;2;3;2;6;0;0;1;0;0;0;0;0
115172;11;4;4200206;2018;10;18;3;3;6;4;1;0;1;1;0;0;0;1
115173;11;7;7400823;2018;2;11;6;3;3;6;0;0;1;0;0;0;1;0
115174;11;4;4400726;2018;12;17;1;3;2;6;2;0;1;0;0;0;0;1
115175;11;10;10100208;2018;9;9;4;3;2;6;0;0;1;0;0;0;0;0
115176;11;3;3400620;2018;8;16;5;3;5;2;0;1;1;0;0;0;0;1
115177;11;2;2500726;2018;6;19;5;3;0;7;0;1;0;0;0;0;0;0
115178;11;1;1200624;2018;7;14;3;3;3;6;0;0;0;0;1;1;0;0
115179;11;7;7400824;2018;2;9;5;3;5;3;0;1;1;0;0;0;0;0
115180;11;7;7400824;2018;11;11;7;3;0;6;0;0;1;0;0;0;1;0
115181;11;2;2500726;2018;6;16;5;3;1;7;0;0;1;0;0;0;0;0
115182;11;5;5200633;2018;5;14;3;3;3;6;0;0;1;0;1;0;0;0
115183;11;4;4400726;2018;12;17;1;3;8;1;2;0;1;0;0;0;0;1
115184;11;7;8200624;2018;10;9;5;3;2;6;0;0;1;0;0;0;0;0
115185;11;4;4300621;2018;2;15;5;3;5;2;0;1;1;0;0;0;0;0
115186;11;6;6300629;2018;7;14;2;2;5;2;0;1;1;0;0;0;0;0
115187;11;9;9100101;2018;4;10;3;3;5;2;0;0;1;0;0;0;0;0
115188;11;10;10300734;2018;7;10;7;2;5;3;0;1;1;0;0;0;0;0
115189;11;4;4200310;2018;3;19;4;3;5;3;2;1;1;0;0;0;0;0
115190;11;6;6400737;2018;5;16;3;3;0;6;0;0;1;0;0;0;1;0
115191;11;1;1100310;2018;10;15;2;3;3;6;0;0;1;0;1;0;0;1
115192;11;4;4200311;2018;2;13;4;3;6;4;0;0;1;1;0;0;0;0
115193;11;7;7400824;2018;11;10;7;3;5;2;0;0;1;0;0;0;1;0
115194;11;1;1100207;2018;9;16;6;3;5;7;0;1;1;0;0;0;0;0
115195;11;4;4200310;2018;8;12;4;2;2;6;0;0;1;0;0;0;0;0
115196;11;4;4200308;2018;3;7;6;3;3;6;0;0;1;0;0;1;0;1
115197;11;6;6300527;2018;8;22;2;2;5;3;2;0;1;0;0;0;0;0
115198;11;2;2500834;2018;4;11;2;3;0;7;0;1;0;0;0;0;0;0
115199;11;6;6300527;2018;4;15;3;2;5;2;0;0;1;0;1;0;0;0
115200;11;4;4300620;2018;5;7;3;3;5;3;0;1;0;0;0;0;0;0
115201;11;4;4100101;2018;10;14;4;3;2;6;0;0;1;0;1;0;0;0
115202;11;1;1100205;2018;2;21;4;2;5;7;2;0;0;0;1;0;1;0
115203;11;11;11401034;2018;12;18;2;3;2;6;2;0;1;0;0;0;1;0
115204;11;1;1100310;2018;9;18;4;3;5;2;0;1;1;0;0;0;0;0
115205;11;10;10100313;2018;8;13;5;3;5;7;0;0;1;0;1;0;0;1
115206;11;2;2200209;2018;6;19;5;2;5;7;0;0;1;0;1;0;0;0
115207;11;2;2400521;2018;7;7;4;3;3;6;0;1;0;0;0;0;0;0
115208;11;1;1100102;2018;2;18;4;2;5;3;2;0;1;0;1;0;0;0
115209;11;7;7400927;2018;11;2;2;3;2;1;2;0;1;0;0;0;1;0
115210;11;4;4200206;2018;6;18;6;3;2;6;0;0;1;0;0;0;1;0
115211;11;2;2500728;2018;5;20;3;2;5;2;0;0;1;0;1;0;0;0
115212;11;4;4200311;2018;12;15;5;3;2;6;0;0;1;0;0;0;0;1
115213;11;11;11300722;2018;10;16;5;3;5;3;0;1;0;0;0;0;0;0
115214;11;12;12200414;2018;2;17;4;3;3;6;2;0;1;0;0;1;0;0
115215;11;8;8200622;2018;7;12;3;3;2;6;0;0;1;0;0;0;0;0
115216;11;4;4400726;2018;4;14;4;2;2;6;0;0;1;0;0;0;1;0
115217;11;1;1100310;2018;7;17;2;2;5;2;0;0;1;0;0;1;0;0
115218;11;12;12601032;2018;3;14;5;3;2;6;0;0;1;0;0;0;0;1
115219;11;2;2500834;2018;5;15;4;3;3;6;0;1;1;0;0;0;0;0
115220;11;1;1100102;2018;10;7;3;3;2;6;0;0;1;0;1;0;0;1
115221;11;9;9100407;2018;2;1;4;2;3;6;2;0;1;0;0;0;0;0
115222;11;4;4400725;2018;11;16;2;3;2;6;1;0;1;0;0;0;0;0
115223;11;12;12100204;2018;9;12;6;3;5;2;0;0;1;0;0;0;0;0
115224;11;6;6100102;2018;8;18;5;2;2;6;0;0;1;0;1;0;0;0
115225;11;3;3400620;2018;6;10;7;3;5;2;0;1;1;0;0;0;0;0
115226;11;4;4501151;2018;3;14;6;3;2;6;0;0;1;0;0;0;1;0
115227;11;7;7200410;2018;6;18;7;2;1;5;0;0;0;0;0;1;1;0
115228;11;1;1100310;2018;6;16;2;3;3;6;0;0;1;0;0;0;0;0
115229;11;7;7501029;2018;8;15;4;3;2;6;0;0;1;0;0;0;0;0
115230;11;4;4501148;2018;5;9;5;3;2;6;0;0;1;0;0;0;0;0
115231;11;10;10300733;2018;4;5;4;3;2;6;1;0;1;0;0;0;0;0
115232;11;1;1100311;2018;12;21;6;3;6;4;2;1;0;1;0;0;0;0
115233;11;2;2400521;2018;9;8;6;3;3;6;0;0;1;0;0;0;0;0
115234;11;7;7601236;2018;9;20;6;3;5;3;2;0;1;0;0;0;0;0
115235;11;3;3601451;2018;7;18;5;3;0;2;0;0;1;0;0;0;1;0
115236;11;3;3601449;2018;7;8;6;2;5;2;0;1;1;0;0;0;0;0
115237;11;6;6400737;2018;3;6;3;2;6;4;0;1;0;1;0;0;0;0
115238;11;9;9100101;2018;5;14;5;3;2;6;0;0;1;0;1;0;0;0
115239;11;7;7400824;2018;2;7;4;3;2;2;0;0;1;0;0;0;1;0
115240;11;1;1100207;2018;11;19;5;3;2;6;2;0;1;0;0;0;0;0
115241;11;4;4200311;2018;9;11;1;2;5;2;0;0;1;0;0;0;0;0
115242;11;12;12100103;2018;8;8;7;3;5;2;0;0;1;0;0;0;1;0
115243;11;3;3200206;2018;3;17;5;3;0;6;0;0;0;0;0;0;1;0
115245;11;4;4300621;2018;10;11;3;3;2;6;0;0;1;0;0;0;1;0
115246;11;1;1400940;2018;8;13;5;3;5;3;0;0;1;0;1;0;0;0
115247;11;9;9100202;2018;4;11;6;3;0;7;0;1;1;0;0;0;0;0
115248;11;6;6300527;2018;4;16;6;2;2;2;0;1;1;0;0;0;0;0
115249;11;4;4100101;2018;5;19;5;3;2;6;0;0;1;0;0;0;0;0
115250;11;8;8200622;2018;12;8;6;3;2;1;0;0;1;0;0;0;0;1
115251;11;6;6300527;2018;9;15;1;3;5;2;0;0;1;0;0;0;0;1
115252;11;3;3601141;2018;9;7;3;3;5;2;0;1;1;0;0;0;0;0
115253;11;7;7501133;2018;6;0;2;3;1;1;2;0;1;0;0;0;0;0
115254;11;7;7601544;2018;7;5;6;2;5;2;0;0;1;0;1;0;0;0
115255;11;1;1400940;2018;5;17;7;3;5;3;0;0;1;0;0;0;0;0
115256;11;7;7200411;2018;2;14;4;3;1;5;0;1;1;0;0;0;0;0
115257;11;7;7601236;2018;11;9;6;3;6;4;0;0;1;1;0;0;0;0
115259;11;4;7300619;2018;10;16;3;3;2;6;0;0;1;0;0;0;0;0
115260;11;7;7200308;2018;3;14;2;3;6;4;0;1;0;1;0;0;0;1
115261;11;10;10100312;2018;8;19;1;2;0;1;0;1;0;0;0;0;0;0
115262;11;4;4200206;2018;4;10;7;2;3;6;0;1;0;0;0;0;0;0
115263;11;3;3701657;2018;4;9;1;3;5;3;0;0;1;0;0;0;0;1
115264;11;1;1100310;2018;5;8;1;2;5;2;0;0;1;0;0;0;1;0
115265;11;7;7400927;2018;10;13;3;3;5;3;0;0;1;0;1;0;0;0
115266;11;7;7400720;2018;2;13;4;3;2;6;0;0;1;0;0;1;0;0
115267;11;10;10400940;2018;11;21;6;3;2;6;2;0;1;0;0;0;0;1
115268;11;3;3601139;2018;9;17;3;3;5;2;0;1;1;0;0;0;0;0
115269;11;3;3601142;2018;8;10;4;3;1;5;0;1;1;0;0;0;1;0
115270;11;12;12601032;2018;6;15;4;2;5;3;0;1;1;0;0;0;0;0
115271;11;7;7300619;2018;7;17;3;2;3;6;0;0;1;0;1;0;0;0
115272;11;11;11300722;2018;6;7;5;3;2;6;0;0;1;0;0;0;0;0
115273;11;9;9100202;2018;5;21;2;2;6;4;2;0;0;1;1;0;0;0
115274;11;7;7100206;2018;4;1;1;3;1;6;2;0;1;0;0;0;0;0
115275;11;7;7200308;2018;12;18;7;2;5;7;2;0;1;0;0;0;1;1
115276;11;7;7400825;2018;10;20;3;3;2;6;2;0;1;0;0;0;1;1
115277;11;2;2500727;2018;2;12;4;3;5;2;0;0;1;0;0;0;0;0
115278;11;7;7200308;2018;7;10;2;3;5;2;0;1;0;0;0;0;1;0
115279;11;4;4300621;2018;4;14;3;3;2;6;0;0;1;0;0;0;0;0
115280;11;12;12100205;2018;7;6;5;3;5;2;0;1;1;0;0;0;0;0
115281;11;7;7501133;2018;3;8;3;3;5;2;0;0;1;0;0;0;1;1
115282;11;7;7501030;2018;5;5;3;3;5;2;0;0;1;0;0;0;0;0
115283;11;7;7400928;2018;10;14;2;3;2;6;0;0;1;0;0;0;1;0
115284;11;4;4400726;2018;2;11;4;3;2;6;0;0;0;0;0;1;0;0
115285;11;7;7400825;2018;11;11;5;3;1;5;0;1;0;0;0;0;1;0
115286;11;7;7300619;2018;9;19;5;3;0;1;2;0;0;0;1;0;0;1
115287;11;4;4100101;2018;8;17;3;3;2;6;0;0;1;0;0;0;0;0
115288;11;1;1100104;2018;3;9;5;3;6;2;0;0;1;1;0;0;0;0
115289;11;4;4200311;2018;6;16;6;3;2;6;0;0;1;0;0;0;0;0
115290;11;2;2500727;2018;6;2;7;2;2;6;2;0;1;0;0;0;0;0
115291;11;3;3601142;2018;8;15;2;3;1;6;0;0;1;0;0;0;1;0
115292;11;12;12601031;2018;5;12;4;3;5;3;0;1;1;0;0;0;0;0
115293;11;3;3500936;2018;4;16;3;3;0;4;0;0;0;1;0;0;1;0
115294;11;6;6400735;2018;12;20;3;3;0;1;2;1;0;0;0;0;0;1
115295;11;12;12200414;2018;9;15;4;2;0;1;0;0;0;0;1;0;0;0
115296;11;10;10300733;2018;9;15;5;3;3;6;0;0;1;0;0;1;0;0
115297;11;12;12500928;2018;7;17;3;3;5;2;0;1;1;0;0;0;0;0
115298;11;2;2400521;2018;7;23;4;3;6;7;2;1;0;1;0;0;0;1
115299;11;1;1300836;2018;5;13;4;3;2;6;0;0;1;0;0;0;0;0
115300;11;12;12601032;2018;2;18;3;3;2;6;2;0;1;0;0;0;0;0
115301;11;2;2500726;2018;11;7;3;3;2;6;0;0;1;0;0;0;0;1
115302;11;10;10300733;2018;8;18;5;3;5;2;0;1;1;0;0;0;0;0
115303;11;3;3601449;2018;3;12;5;2;6;4;0;0;1;1;0;0;0;1
115305;11;2;2500727;2018;10;15;7;3;3;6;0;1;1;0;0;0;0;0
115306;11;8;8100521;2018;8;15;4;3;2;6;0;0;1;0;0;0;0;0
115307;11;12;12400723;2018;4;10;5;3;2;6;0;0;1;0;1;0;0;0
115308;11;12;12200310;2018;4;15;5;3;3;6;0;0;1;0;0;1;0;0
115309;11;7;7400927;2018;5;7;4;3;3;6;0;0;1;0;0;1;0;0
115310;11;7;7501030;2018;6;11;7;3;6;7;0;0;0;1;0;0;1;0
115311;11;3;3400725;2018;6;11;2;3;2;6;0;0;1;0;0;0;1;0
115312;11;4;4300414;2018;8;7;3;3;6;4;0;0;1;1;0;0;0;0
115313;11;1;1100206;2018;5;14;5;3;6;4;0;0;0;1;0;0;1;0
115314;11;7;7400824;2018;4;17;3;3;2;6;0;0;1;0;0;0;0;0
115315;11;11;11400931;2018;12;6;6;3;1;5;2;0;1;0;0;1;0;0
115316;11;2;2500728;2018;9;10;5;3;0;6;0;1;0;1;0;0;0;0
115317;11;11;11300725;2018;9;11;6;3;2;2;0;0;1;0;0;0;1;1
115318;11;1;1100310;2018;7;8;4;3;0;7;0;1;1;0;0;0;0;0
115319;11;3;3500934;2018;7;15;4;2;5;2;0;0;1;0;1;0;0;0
115320;11;11;11300722;2018;5;9;5;3;2;2;0;0;1;0;0;0;0;0
115321;11;4;4400727;2018;2;16;3;3;2;6;2;0;1;0;0;0;0;0
115322;11;2;3701659;2018;11;11;4;2;8;1;0;0;1;0;0;0;0;0
115323;11;1;1100310;2018;8;8;6;3;5;2;0;1;1;0;0;0;0;0
115324;11;10;10400837;2018;3;9;5;2;5;3;0;0;1;0;0;0;0;1
115326;11;3;3601142;2018;10;0;2;2;0;1;2;1;0;0;0;0;0;1
115327;11;2;2200209;2018;8;9;5;3;2;6;0;0;1;0;0;0;1;0
115328;11;1;1100102;2018;4;19;5;3;1;5;1;1;0;0;0;0;1;1
115329;11;4;4300621;2018;4;1;6;3;2;6;2;0;1;0;0;0;0;0
115330;11;1;1100102;2018;5;11;5;3;5;3;0;0;1;0;0;0;1;0
115331;11;7;7501135;2018;12;16;5;3;6;2;1;0;1;1;0;0;0;1
115332;11;2;2200208;2018;9;20;6;3;0;6;2;0;1;0;0;0;0;1
115333;11;6;6400736;2018;9;13;2;3;2;6;0;0;1;0;1;0;0;0
115334;11;2;2500727;2018;6;16;7;3;6;7;0;1;0;1;0;0;0;0
115335;11;7;7300619;2018;7;11;5;3;2;6;0;0;1;0;0;0;0;0
115336;11;1;1100310;2018;5;17;5;3;3;6;0;0;1;0;0;0;0;0
115337;11;1;1100104;2018;2;18;3;3;2;6;2;0;1;0;0;0;0;0
115338;11;5;5400942;2018;11;17;5;3;2;6;2;0;1;0;0;0;0;0
115340;11;3;3701657;2018;10;8;3;3;5;2;0;0;1;0;0;0;0;0
115341;11;2;2400522;2018;8;8;1;2;2;6;0;0;1;0;0;0;0;0
115342;11;4;4200206;2018;4;10;7;2;3;6;0;1;0;0;0;0;0;0
115343;11;12;12100204;2018;3;18;5;3;1;5;0;1;0;0;0;0;1;0
115344;11;3;3601348;2018;5;11;7;2;6;4;0;1;0;1;0;0;0;0
115345;11;3;3701660;2018;10;18;2;3;5;3;1;1;0;0;0;1;0;1
115346;11;4;4300622;2018;2;19;3;3;3;2;2;0;1;0;1;0;0;0
115347;11;6;6400735;2018;11;16;6;1;6;4;2;0;1;1;0;0;0;1
115348;11;2;2500830;2018;9;12;3;3;0;6;0;1;0;0;0;0;1;0
115349;11;10;10300733;2018;8;13;3;3;3;6;0;0;1;0;0;1;0;0
115350;11;8;8200624;2018;6;10;4;3;2;6;0;0;1;0;0;0;0;0
115351;11;7;7300619;2018;7;16;3;2;8;1;0;0;1;0;1;0;0;0
115352;11;7;7400928;2018;6;16;4;3;8;1;0;0;0;0;1;0;0;0
115353;11;1;1400940;2018;5;23;1;3;5;3;2;0;1;0;0;0;0;0
115354;11;12;4100101;2018;4;14;6;2;2;6;0;0;1;0;1;0;0;0
115355;11;7;7501135;2018;12;11;6;3;2;6;0;0;1;0;0;0;0;1
115356;11;12;12100103;2018;10;15;3;3;2;6;0;0;1;0;1;0;0;1
115357;11;7;7300619;2018;2;14;3;3;2;6;0;0;1;0;0;0;0;0
115358;11;4;4200308;2018;7;11;1;3;2;6;0;0;1;0;0;0;0;0
115359;11;4;4400727;2018;4;17;2;3;3;6;0;0;1;0;0;1;0;1
115360;11;2;2400522;2018;7;17;4;3;2;6;0;1;0;0;0;0;0;0
115361;11;1;1100310;2018;3;14;2;3;2;6;0;0;1;0;0;0;1;0
115362;11;1;1300836;2018;5;12;2;3;5;2;0;0;1;0;0;0;0;0
115363;11;4;4200206;2018;10;14;1;3;2;2;0;0;1;0;0;0;0;0
115364;11;3;3701657;2018;2;7;3;3;5;2;0;0;1;0;0;0;0;0
115365;11;1;1401049;2018;11;17;3;3;1;5;1;1;1;0;0;0;0;0
115366;11;4;4400830;2018;9;15;5;3;2;6;0;0;1;0;0;1;0;0
115367;11;2;2500727;2018;8;8;3;3;0;6;0;0;1;0;1;0;0;0
115368;11;4;4200311;2018;3;16;5;2;0;7;0;0;1;0;0;0;0;0
115369;11;12;12100101;2018;6;22;5;3;5;3;2;0;0;0;1;0;1;0
115370;11;7;7200308;2018;6;18;6;3;1;5;0;0;1;0;1;0;0;0
115371;11;4;4200311;2018;8;16;1;2;3;6;0;1;1;0;0;0;0;0
115372;11;3;3200206;2018;5;17;4;3;0;6;0;0;1;0;0;0;1;0
115373;11;7;7501133;2018;4;17;2;3;5;3;0;0;1;0;1;0;0;0
115374;11;12;12601032;2018;12;12;3;3;6;2;0;0;0;1;0;0;1;1
115375;11;1;1100310;2018;9;14;3;3;2;6;0;0;1;0;0;0;0;0
115376;11;10;10300733;2018;9;10;5;3;2;6;0;0;1;0;0;0;0;0
115377;11;10;10300733;2018;7;8;3;3;2;6;0;0;1;0;1;0;0;0
115378;11;10;10400941;2018;7;22;3;3;5;3;2;1;1;0;0;0;0;1
115379;11;4;4300414;2018;5;18;3;3;5;2;0;1;1;0;0;0;0;1
115380;11;7;7501135;2018;2;6;3;3;5;2;0;0;1;0;0;0;0;1
115381;11;7;7200410;2018;11;19;2;3;0;1;2;0;0;0;1;0;0;0
115382;11;6;6300629;2018;8;16;5;3;2;2;0;0;1;0;0;0;0;0
115384;11;1;1100310;2018;10;8;6;3;6;4;0;1;0;1;0;0;0;0
115385;11;12;12100103;2018;8;17;3;3;3;6;0;0;1;0;0;0;0;0
115386;11;3;3601141;2018;4;15;3;3;5;2;0;1;1;0;0;0;0;1
115387;11;10;10300734;2018;4;9;5;3;1;5;0;0;0;0;1;0;1;0
115388;11;3;3400723;2018;5;13;4;3;5;2;0;1;1;0;0;0;0;0
115389;11;7;7601236;2018;11;14;6;3;3;6;0;1;0;0;0;0;0;0
115390;11;10;10400837;2018;12;17;3;3;2;2;2;1;1;0;0;0;0;0
115391;11;7;7501133;2018;9;8;5;3;5;2;0;0;1;0;1;0;0;0
115392;11;1;1300836;2018;8;19;6;3;0;7;1;0;1;0;0;0;0;0
115393;11;4;4200310;2018;6;14;6;3;2;6;0;0;1;0;0;0;0;0
115394;11;12;12100204;2018;7;22;4;3;6;4;2;1;0;1;0;0;0;0
115395;11;2;2500728;2018;5;19;4;3;3;6;0;0;1;0;1;0;0;0
115396;11;6;6400737;2018;2;1;3;3;3;6;2;0;1;0;0;1;0;0
115397;11;4;4300414;2018;11;15;3;3;5;3;0;0;1;0;0;0;0;0
115398;11;9;9100306;2018;6;10;2;3;2;6;0;0;1;0;0;0;0;0
115399;11;7;7501133;2018;12;10;6;3;5;2;0;0;1;0;0;0;0;1
115400;11;1;1100310;2018;10;22;7;3;3;6;2;0;1;0;0;0;0;0
115401;11;10;10400940;2018;8;13;6;3;0;6;0;0;1;0;1;0;0;0
115402;11;1;1300836;2018;4;17;5;3;2;6;0;0;1;0;0;0;0;0
115403;11;2;2400521;2018;3;19;2;3;6;4;2;0;0;1;1;0;0;0
115404;11;4;4300414;2018;5;20;5;3;5;2;0;1;1;0;0;0;0;0
115405;11;4;4400725;2018;10;15;5;3;2;6;0;0;1;0;0;0;0;1
115406;11;4;4300414;2018;2;15;2;3;2;6;0;0;1;0;0;0;0;0
115407;11;7;7601544;2018;11;16;4;3;5;3;2;1;1;0;0;0;0;0
115408;11;2;2200209;2018;9;14;1;3;6;4;0;0;1;1;0;0;0;0
115409;11;4;4300414;2018;8;21;6;3;5;3;2;1;1;0;0;0;0;0
115410;11;3;3100101;2018;6;15;2;3;9;1;0;0;0;0;0;0;1;0
115411;11;3;3100101;2018;7;16;2;3;0;1;0;0;0;0;1;0;0;0
115412;11;9;9100101;2018;12;18;4;3;5;2;2;1;1;0;0;0;0;0
115413;11;3;3701657;2018;9;13;6;3;6;4;0;0;1;1;0;0;0;0
115414;11;4;4300414;2018;9;9;7;3;6;2;0;0;1;1;0;0;0;0
115415;11;4;4400727;2018;6;0;7;2;3;6;2;0;1;0;0;0;0;0
115416;11;7;7200410;2018;7;23;5;3;3;6;2;0;1;0;1;0;0;0
115417;11;3;3601348;2018;5;1;5;3;5;3;2;1;1;0;0;0;0;0
115418;11;10;10100206;2018;2;4;2;2;5;3;2;0;1;0;0;0;0;2
115419;11;1;1100310;2018;11;12;4;3;2;6;0;0;1;0;0;0;0;0
115420;11;12;12100205;2018;12;17;1;2;8;1;2;0;1;0;0;1;0;0
115421;11;7;7501030;2018;10;20;1;3;6;7;2;1;0;1;0;0;0;0
115422;11;10;10100208;2018;8;14;7;3;5;3;0;1;1;0;0;0;0;0
115423;11;3;3400723;2018;4;17;6;2;5;2;0;1;1;0;0;0;0;0
115424;11;4;4400726;2018;3;18;4;2;5;3;2;0;1;0;0;0;0;1
115425;11;4;7200308;2018;5;16;6;3;2;6;0;0;1;0;0;0;0;0
115426;11;8;8200624;2018;10;12;7;3;3;6;0;0;1;0;0;1;0;0
115427;11;7;7100205;2018;2;19;1;3;2;6;2;0;1;0;0;0;0;1
115428;11;4;4400727;2018;11;9;5;3;8;1;0;0;1;0;0;0;0;0
115429;11;7;7501135;2018;9;11;2;2;5;2;0;1;0;0;0;1;0;0
115430;11;1;1100102;2018;8;4;7;2;1;5;2;1;1;0;0;0;0;0
115431;11;4;4200310;2018;6;9;3;3;0;4;0;0;0;1;0;0;1;0
115432;11;12;12601032;2018;7;20;2;3;3;6;0;0;1;0;1;0;0;0
115433;11;2;2500726;2018;6;10;4;2;2;7;0;0;1;0;0;0;0;0
115434;11;4;4300622;2018;5;19;7;3;2;2;0;0;1;0;0;0;0;0
115435;11;9;9200613;2018;4;21;6;2;6;4;2;0;1;1;0;0;0;1
115436;11;11;11401032;2018;12;19;5;3;0;1;2;0;0;0;1;0;0;1
115437;11;3;3400723;2018;10;10;2;3;2;6;0;0;1;0;0;0;0;0
115438;11;4;4200310;2018;7;14;7;3;2;6;0;0;1;0;0;0;0;0