OBJECTID;LAND;BEZ;LOR_ab_2021;UJAHR;UMONAT;USTUNDE;UWOCHENTAG;UKATEGORIE;UART;UTYP1;ULICHTVERH;IstRad;IstPKW;IstFuss;IstKrad;IstGkfz;IstSonstige;USTRZUSTAND
115439;11;12;12100101;2018;4;7;2;3;5;2;0;0;1;0;0;0;0;0
115440;11;3;3601451;2018;7;9;3;3;0;2;0;1;1;0;0;0;0;0
115441;11;1;1100206;2018;3;9;7;3;3;6;0;1;0;0;0;0;1;0
115442;11;1;1100102;2018;5;6;1;3;2;6;0;0;1;0;1;0;0;0
115443;11;1;1100310;2018;10;17;6;2;0;3;1;0;1;0;0;0;1;0
115444;11;2;2200209;2018;2;11;7;3;3;6;0;0;0;0;0;0;1;0
115445;11;3;3200206;2018;11;17;1;3;4;1;1;0;1;0;0;0;0;1
115446;11;7;7400824;2018;9;22;3;3;2;6;2;0;1;0;0;0;0;0
115447;11;2;2200208;2018;8;14;2;3;5;2;0;1;1;0;0;0;0;0
115448;11;3;3601348;2018;3;12;4;3;6;2;0;0;1;1;0;0;0;1
115449;11;2;2500729;2018;6;16;4;3;5;7;0;0;1;0;1;0;0;0
115450;11;12;12100205;2018;10;13;4;2;3;2;0;0;1;0;0;0;0;0
115451;11;3;3701660;2018;6;14;6;3;0;1;0;1;0;0;0;0;0;0
115452;11;4;4400727;2018;8;9;7;3;0;7;0;0;1;0;0;1;0;0
115453;11;12;12100205;2018;5;19;3;3;6;7;1;0;1;1;0;0;0;0
115454;11;12;12400723;2018;4;7;2;3;0;7;0;1;0;0;0;0;1;0
115455;11;9;9100101;2018;12;18;2;3;5;3;2;0;1;0;0;0;0;1
115456;11;3;3100101;2018;9;8;3;3;2;6;0;0;1;0;0;0;0;0
115457;11;2;2500727;2018;9;11;4;3;3;6;0;1;0;0;0;0;0;0
115458;11;9;9100203;2018;6;15;4;3;5;3;0;1;1;0;0;0;0;0
115459;11;2;2500729;2018;7;14;2;3;0;2;0;1;1;0;0;0;0;0
115460;11;6;6400736;2018;7;0;2;3;2;6;2;0;1;0;0;0;0;0
115461;11;4;4200310;2018;5;14;3;3;2;6;0;1;1;0;0;0;0;0
115462;11;6;6400735;2018;2;13;7;3;5;3;0;0;1;0;0;0;0;1
115463;11;3;3601449;2018;11;10;2;3;5;2;0;1;1;0;0;0;0;0
115464;11;9;9200613;2018;8;14;5;3;5;3;0;1;1;0;0;0;0;0
115465;11;4;4200206;2018;3;5;1;3;9;1;2;0;0;0;0;0;1;0
115467;11;7;7400721;2018;10;1;6;3;1;5;2;0;1;0;0;0;0;0
115468;11;1;1100206;2018;8;8;3;2;0;1;0;1;0;0;0;0;0;0
115469;11;12;12100103;2018;4;11;2;3;2;6;0;0;1;0;0;1;0;0
115470;11;4;4400727;2018;4;22;4;3;5;3;2;0;1;0;0;1;0;1
115471;11;1;1100104;2018;5;16;3;3;3;6;0;1;1;0;0;0;0;0
115472;11;3;3601449;2018;11;1;5;3;0;1;2;0;0;0;1;0;0;0
115473;11;6;6400737;2018;12;15;2;2;5;2;1;0;1;0;0;0;1;1
115474;11;3;3100101;2018;9;23;4;2;6;7;2;0;1;1;0;0;0;0
115475;11;11;11300722;2018;8;16;6;3;3;6;0;0;0;0;1;0;1;0
115476;11;1;1100310;2018;6;14;6;3;1;5;0;1;1;0;0;0;1;0
115477;11;12;12100204;2018;7;16;4;3;3;6;0;1;1;0;0;0;0;0
115478;11;12;12500928;2018;2;13;7;3;2;6;0;0;1;0;0;0;0;1
115479;11;1;1100311;2018;11;15;2;3;5;2;0;1;1;0;0;0;0;0
115480;11;7;7501133;2018;6;19;7;3;0;1;0;1;0;0;0;0;0;0
115481;11;2;2500727;2018;5;16;4;3;5;3;0;1;1;0;0;0;0;0
115482;11;9;9100101;2018;12;17;5;2;6;4;2;0;1;1;0;0;0;1
115483;11;7;7400824;2018;10;20;6;2;3;6;2;0;1;0;0;0;0;0
115484;11;2;2500729;2018;2;20;7;3;6;4;2;0;0;1;1;0;0;0
115485;11;6;6400735;2018;8;14;4;3;4;6;0;0;1;0;0;0;0;0
115486;11;6;6100209;2018;4;21;4;3;9;1;2;0;0;0;1;0;0;0
115487;11;4;4300414;2018;3;13;6;3;2;6;0;0;1;0;0;1;0;0
115488;11;4;4300622;2018;5;19;4;3;3;2;0;0;1;0;0;0;0;0
115489;11;1;1300836;2018;10;12;4;3;0;4;0;0;1;1;0;0;0;0
115490;11;3;3400826;2018;2;21;6;3;5;3;2;1;1;0;0;0;0;1
115491;11;4;4200207;2018;11;18;2;3;2;6;2;0;1;0;0;0;0;1
115492;11;2;2500727;2018;9;15;7;3;5;2;0;1;1;0;0;0;0;0
115493;11;9;9200613;2018;8;12;6;3;2;3;0;1;1;0;0;0;0;1
115494;11;1;1100102;2018;6;16;1;3;0;6;0;0;1;0;0;0;1;0
115495;11;7;7400720;2018;3;22;4;3;3;6;2;0;1;0;0;1;0;0
115496;11;3;3400724;2018;7;14;1;2;3;6;0;0;1;0;1;0;0;0
115497;11;9;9200613;2018;6;19;3;3;6;4;0;0;0;1;1;0;0;0
115498;11;2;2400521;2018;8;18;4;3;5;3;0;1;1;0;0;0;0;0
115499;11;9;9100407;2018;5;0;5;3;9;1;2;0;1;0;0;0;0;0
115500;11;12;12500926;2018;4;11;5;1;6;4;0;0;1;1;0;0;0;0
115501;11;3;3100101;2018;12;15;2;3;2;6;1;0;1;0;0;0;0;0
115502;11;1;1300836;2018;9;15;7;3;2;6;0;0;1;0;0;0;0;0
115503;11;3;3400721;2018;9;21;7;3;2;6;2;0;1;0;1;0;0;0
115504;11;3;3500936;2018;7;18;6;2;6;4;0;0;0;1;0;0;1;0
115505;11;3;3200206;2018;7;20;6;3;0;6;0;1;1;0;0;0;0;1
115506;11;2;2200208;2018;3;10;4;3;5;3;0;0;1;0;0;0;0;1
115507;11;3;3400620;2018;5;9;6;3;2;6;0;0;1;0;0;1;0;0
115508;11;4;4400725;2018;10;1;5;3;3;6;2;0;1;0;0;0;0;0
115509;11;4;4300621;2018;2;11;6;3;5;3;0;1;1;0;0;0;0;0
115510;11;7;7200410;2018;11;9;6;2;0;7;0;1;0;0;0;0;0;1
115511;11;4;4300414;2018;9;8;2;3;5;2;0;1;1;0;0;0;0;0
115512;11;4;4400725;2018;8;13;7;3;2;6;0;0;1;0;0;0;0;0
115513;11;3;3601449;2018;3;8;4;2;0;1;0;0;0;0;0;0;1;1
115514;11;3;3300517;2018;10;7;3;3;8;1;0;0;1;0;0;0;0;0
115515;11;1;1100310;2018;8;15;5;3;0;6;0;0;1;0;0;0;0;0
115516;11;9;9200613;2018;4;17;7;3;2;6;0;0;1;0;0;0;0;0
115517;11;3;3701657;2018;4;1;7;3;5;2;2;0;1;0;0;0;1;0
115518;11;2;2200208;2018;6;7;6;2;6;4;0;0;0;1;1;0;0;0
115519;11;7;7501029;2018;12;17;6;3;3;2;1;0;1;0;0;0;1;1
115520;11;7;7200308;2018;9;22;1;3;6;4;2;0;1;1;0;0;0;0
115521;11;12;12100205;2018;9;7;3;3;5;2;0;1;1;0;1;0;0;0
115522;11;2;2500728;2018;6;8;3;3;2;6;0;0;1;0;0;0;0;0
115523;11;12;12200515;2018;6;13;3;3;2;6;0;0;1;0;1;0;0;0
115524;11;9;9100203;2018;8;13;5;3;5;3;0;0;1;0;1;0;0;0
115525;11;4;4300414;2018;5;13;6;3;3;6;0;0;1;0;1;0;0;0
115526;11;7;7400927;2018;4;8;5;3;2;6;0;0;1;0;0;0;0;0
115527;11;7;7200308;2018;12;19;3;3;6;2;2;0;1;1;0;0;0;0
115528;11;4;4400726;2018;9;22;7;2;8;1;2;0;0;0;1;0;0;0
115529;11;2;2500727;2018;7;20;7;3;0;1;2;0;0;0;1;0;0;1
115530;11;7;7400720;2018;4;12;1;3;5;2;0;1;1;0;0;0;0;0
115531;11;4;4200206;2018;7;23;7;2;0;1;2;1;0;0;0;0;0;0
115532;11;4;4100101;2018;3;14;5;2;9;1;0;0;0;0;1;0;0;0
115533;11;7;7501133;2018;5;12;7;3;5;2;0;0;1;0;1;0;0;0
115534;11;3;3601142;2018;10;11;6;3;4;6;0;1;0;0;0;0;0;0
115535;11;2;2500830;2018;2;0;6;3;6;4;2;0;0;1;0;0;1;0
115536;11;1;1100102;2018;11;18;7;3;1;5;2;0;1;0;0;0;1;0
115537;11;5;5400943;2018;9;15;2;3;5;3;0;1;1;0;0;0;0;0
115538;11;4;4100101;2018;8;2;1;3;2;6;2;0;1;0;0;0;0;0
115539;11;7;7200308;2018;6;9;4;3;6;2;0;0;1;1;0;0;0;0
115540;11;1;1200624;2018;10;10;4;3;2;1;0;0;1;0;0;0;0;0
115541;11;9;9200613;2018;6;8;5;3;3;6;0;0;1;0;0;0;0;0
115542;11;4;4200206;2018;8;15;6;2;5;7;0;0;1;0;0;0;0;0
115543;11;2;2400521;2018;4;12;1;3;1;5;0;1;1;0;0;0;1;0
115544;11;9;9100101;2018;4;13;7;3;2;3;0;1;1;0;0;0;0;0
115545;11;7;7501030;2018;6;21;6;2;6;4;2;0;1;1;0;0;0;1
115546;11;1;1100310;2018;12;18;1;3;5;2;2;0;1;0;0;0;0;1
115547;11;1;1100310;2018;9;14;2;3;5;2;0;0;1;0;1;0;0;1
115548;11;1;1100102;2018;9;11;3;3;5;3;0;1;1;0;0;0;0;0
115549;11;4;4200308;2018;6;10;4;3;5;3;0;0;1;0;0;1;0;0
115550;11;5;5200528;2018;7;18;1;3;2;6;0;0;1;0;0;0;0;0
115551;11;7;7601442;2018;5;17;2;2;6;4;0;0;1;1;0;0;0;0
115552;11;7;7300619;2018;2;5;6;3;3;3;2;0;1;0;0;0;1;1
115553;11;2;2200208;2018;11;14;1;3;2;6;0;0;1;0;0;0;1;0
115555;11;10;10300733;2018;10;20;4;3;2;6;2;0;1;0;0;0;0;0
115556;11;3;3701660;2018;8;18;2;3;3;6;0;1;0;0;0;0;0;0
115557;11;3;3601347;2018;4;20;1;3;2;6;2;0;1;0;0;0;0;0
115558;11;3;3701657;2018;4;9;3;3;5;3;0;0;1;0;0;0;0;1
115559;11;7;7200411;2018;5;21;2;3;3;6;1;1;1;0;0;0;0;0
115560;11;4;4200311;2018;10;8;4;3;2;6;0;0;1;0;0;0;0;0
115561;11;1;1100311;2018;2;9;6;3;0;7;0;1;0;0;0;0;0;0
115562;11;12;12100101;2018;12;1;2;3;5;7;2;0;1;0;0;0;0;1
115563;11;12;12400723;2018;9;11;4;3;6;7;0;0;0;1;0;0;1;0
115564;11;4;4100101;2018;8;11;5;3;2;6;0;0;1;0;0;0;0;1
115565;11;7;7400824;2018;6;18;5;3;2;6;0;0;1;0;0;0;1;0
115566;11;4;4200311;2018;7;16;3;3;2;6;0;0;1;0;0;1;0;0
115567;11;1;1300836;2018;2;12;5;3;2;6;0;0;1;0;0;0;0;0
115568;11;1;1100205;2018;11;17;7;3;6;4;2;1;0;1;0;0;0;0
115569;11;12;12500928;2018;6;15;6;3;5;2;0;1;1;0;0;0;0;0
115570;11;1;1300836;2018;5;8;3;3;2;2;0;0;1;0;1;0;0;0
115571;11;12;12500927;2018;12;9;3;3;2;6;0;0;1;0;0;0;0;0
115572;11;4;4300622;2018;10;12;5;3;2;6;0;0;1;0;0;0;0;0
115573;11;1;1100310;2018;2;11;5;3;6;4;0;0;1;1;0;0;0;0
115574;11;7;7300619;2018;7;16;2;3;3;6;0;0;1;0;0;0;0;0
115575;11;4;4200311;2018;4;18;4;3;2;6;1;0;1;0;0;0;0;0
115576;11;1;1401044;2018;7;13;1;3;2;6;0;0;1;0;0;0;0;0
115577;11;4;4100101;2018;3;5;5;3;2;7;1;0;1;0;0;0;0;0
115578;11;3;3500936;2018;5;13;4;2;6;4;0;0;1;1;0;0;0;0
115579;11;4;4300414;2018;10;12;3;3;2;6;0;0;1;0;1;0;0;1
115580;11;6;6400735;2018;2;11;5;3;6;4;0;0;1;1;0;0;0;0
115581;11;7;7200308;2018;11;13;1;2;2;7;0;0;1;0;0;0;0;0
115582;11;1;1100310;2018;9;8;6;3;5;2;0;1;1;0;0;0;0;0
115583;11;11;11300724;2018;8;11;5;3;5;2;0;1;0;0;0;0;1;0
115584;11;11;11100101;2018;6;11;6;3;6;7;0;0;0;1;0;0;1;0
115585;11;5;5200528;2018;6;15;7;3;5;2;0;1;1;0;0;0;0;0
115586;11;9;9200613;2018;6;8;2;3;5;2;0;1;1;0;0;0;0;0
115587;11;1;1100207;2018;8;16;3;3;2;6;0;0;1;0;1;0;0;0
115588;11;4;4400727;2018;5;10;5;3;2;6;0;0;1;0;0;0;0;0
115589;11;12;12601031;2018;4;17;4;2;5;2;0;0;0;0;1;0;1;0
115590;11;3;3601451;2018;12;15;6;2;3;6;1;1;0;0;0;0;1;0
115591;11;3;3601451;2018;9;10;6;3;5;2;0;1;1;0;0;0;0;0
115592;11;3;3701657;2018;9;9;6;2;3;6;0;1;1;0;0;0;0;0
115593;11;1;1100310;2018;7;6;5;3;5;3;0;1;1;0;0;0;0;0
115594;11;4;4200207;2018;7;16;5;3;2;6;0;0;1;0;0;0;0;0
115595;11;6;6300526;2018;3;21;2;3;6;4;2;0;1;1;0;0;0;0
115596;11;1;1100311;2018;5;17;5;3;5;2;0;1;1;0;0;0;0;0
115597;11;7;7501133;2018;2;7;5;3;0;6;0;0;1;0;0;0;1;1
115598;11;2;2500728;2018;11;16;4;3;2;6;1;0;1;0;0;0;0;0
115599;11;4;4200310;2018;9;0;1;2;5;7;2;0;1;0;0;0;0;0
115600;11;6;6100209;2018;8;8;7;2;2;1;0;0;0;0;1;0;1;0
115602;11;3;3400721;2018;10;16;2;3;2;6;0;1;1;0;0;0;0;0
115603;11;12;12400723;2018;8;9;5;2;2;6;0;0;0;0;0;0;1;0
115604;11;2;2500727;2018;4;9;6;3;5;2;0;1;1;0;0;0;0;0
115605;11;9;9100101;2018;4;13;6;3;5;2;0;0;1;0;0;0;0;0
115606;11;7;7400824;2018;5;16;5;3;0;3;0;1;1;0;0;0;0;0
115607;11;10;10100206;2018;12;17;5;3;6;2;2;0;0;1;0;0;1;1
115608;11;3;3601451;2018;9;9;1;2;0;2;0;1;1;0;0;0;0;0
115609;11;4;4300414;2018;9;9;2;3;3;6;0;0;1;0;0;0;0;0
115610;11;6;6100101;2018;6;17;1;3;2;6;0;0;1;0;0;0;0;1
115611;11;10;10300733;2018;7;14;6;3;2;6;0;0;1;0;0;0;0;0
115612;11;1;1100102;2018;5;16;6;3;1;1;0;1;1;0;0;0;0;0
115613;11;12;12500824;2018;2;6;5;3;5;3;2;0;1;0;0;1;0;0
115614;11;3;3601451;2018;11;7;6;3;5;3;0;1;1;0;0;0;0;1
115616;11;7;7601236;2018;10;21;3;3;4;6;2;0;1;0;0;0;0;0
115617;11;4;4200310;2018;8;13;1;2;0;3;0;0;1;0;1;0;1;0
115618;11;3;3601451;2018;4;15;7;3;5;3;0;1;1;0;1;0;0;0
115619;11;4;4300414;2018;3;14;7;3;2;6;0;0;1;0;0;0;0;1
115620;11;12;12100205;2018;5;15;1;2;5;3;0;0;1;0;1;0;0;1
115621;11;1;1401044;2018;10;18;3;2;5;2;2;0;1;0;1;0;0;1
115622;11;9;9200613;2018;1;21;4;3;5;3;2;0;1;0;0;0;0;1
115623;11;7;7200411;2018;11;17;6;3;2;6;2;0;1;0;0;0;0;1
115624;11;12;12500930;2018;9;15;3;2;5;3;0;1;0;0;1;0;0;0
115625;11;7;7601544;2018;8;13;3;3;2;6;0;0;1;0;0;0;0;0
115626;11;3;3100101;2018;6;14;4;2;2;6;0;0;1;0;0;1;0;0
115627;11;12;12400723;2018;7;14;3;3;1;5;0;0;1;0;0;0;1;0
115628;11;1;1100310;2018;6;17;4;3;2;6;0;1;0;0;1;0;0;0
115629;11;9;9200613;2018;5;18;2;3;6;4;0;0;1;1;0;0;0;0
115630;11;4;4300621;2018;4;21;7;3;5;2;2;0;1;0;0;0;0;0
115631;11;2;2500726;2018;7;7;7;3;6;4;0;1;0;1;0;0;0;0
115632;11;1;1100310;2018;5;8;7;3;2;6;0;1;1;0;0;0;0;0
115633;11;3;3701660;2018;1;14;4;3;1;5;0;1;1;0;0;0;0;0
115634;11;4;4400727;2018;11;19;6;3;2;6;2;0;1;0;0;0;0;0
115636;11;10;10300733;2018;10;3;4;3;8;1;2;0;0;0;1;0;0;0
115637;11;7;7300619;2018;8;15;2;3;2;2;0;0;1;0;0;0;0;0
115638;11;4;4200311;2018;4;18;1;3;2;6;0;0;1;0;0;0;0;0
115639;11;7;7601442;2018;4;17;1;2;0;6;0;0;1;0;1;0;0;1
115640;11;4;4300622;2018;5;7;2;3;5;2;0;1;0;0;0;0;1;0
115641;11;3;3601449;2018;10;17;3;3;5;2;1;0;1;0;0;0;1;1
115642;11;12;12100204;2018;1;12;4;3;6;4;0;1;0;1;0;0;0;1
115643;11;4;4300621;2018;12;18;7;2;6;2;2;0;1;1;0;0;0;0
115644;11;1;1100102;2018;9;11;3;3;5;3;0;1;0;0;0;0;0;0
115645;11;1;1100310;2018;8;14;4;2;0;2;0;1;1;0;0;0;0;0
115646;11;3;3601142;2018;6;15;4;3;3;6;0;1;0;0;0;0;0;0
115647;11;3;3601449;2018;7;19;3;3;5;2;0;1;1;0;0;0;0;0
115648;11;2;2500728;2018;1;16;4;3;6;4;0;1;0;1;0;0;0;0
115649;11;2;2500728;2018;11;14;6;3;5;2;0;1;1;0;0;0;0;0
115650;11;2;2200208;2018;6;10;5;3;1;7;0;0;1;0;1;0;0;0
115651;11;3;3400723;2018;5;16;3;3;6;4;0;0;0;1;0;0;1;0
115652;11;4;4200206;2018;12;10;1;3;2;6;0;0;1;0;0;0;0;1
115653;11;3;3701657;2018;10;21;3;3;0;1;2;0;0;0;1;0;0;1
115654;11;9;9100101;2018;1;15;4;3;2;6;0;0;1;0;1;0;0;1
115655;11;4;4300621;2018;7;19;2;3;3;6;0;1;0;0;0;0;0;0
115656;11;12;4100101;2018;4;17;3;3;2;6;0;0;1;0;0;0;0;0
115657;11;1;1100310;2018;7;15;5;3;5;2;0;1;0;0;0;0;1;0
115658;11;7;7400824;2018;3;13;4;2;3;6;0;0;1;0;0;1;0;0
115659;11;4;4300621;2018;5;13;3;2;6;4;0;0;1;1;0;0;0;0
115660;11;7;7501133;2018;10;10;2;3;5;3;0;0;1;0;0;0;0;0
115661;11;12;12200515;2018;1;17;2;2;2;6;1;0;1;0;0;0;1;0
115662;11;1;1100102;2018;11;16;6;3;5;2;1;1;1;0;0;0;0;1
115663;11;11;11401034;2018;9;14;6;3;3;6;0;0;1;0;0;1;0;0
115664;11;7;7200308;2018;8;16;4;3;0;1;0;0;1;0;0;0;0;0
115665;11;4;4501151;2018;6;15;6;3;2;6;0;0;1;0;0;0;0;0
115666;11;10;10400940;2018;6;13;1;2;3;6;0;0;1;0;1;0;0;0
115667;11;3;3601451;2018;8;7;3;2;5;2;0;1;0;0;0;0;1;0
115668;11;3;3601449;2018;5;9;5;3;6;7;0;1;0;1;0;0;0;0
115669;11;7;7601236;2018;4;10;3;3;5;2;0;1;0;0;0;1;0;0
115670;11;7;7200411;2018;12;13;4;3;6;7;0;0;1;1;0;0;0;0
115671;11;12;12100204;2018;9;14;5;2;5;7;0;0;1;0;1;0;0;0
115672;11;11;11300722;2018;9;8;6;3;0;1;0;1;0;0;0;0;0;0
115673;11;2;2400522;2018;7;15;4;3;1;5;0;0;0;0;1;0;1;0
115674;11;2;2100101;2018;7;14;4;2;5;2;0;1;1;0;0;0;0;0
115675;11;4;4200308;2018;5;16;5;2;3;6;0;0;1;0;0;1;0;0
115676;11;1;1100102;2018;1;23;2;2;5;3;2;1;1;0;0;0;0;1
115677;11;11;11401034;2018;11;6;3;3;2;6;1;0;1;0;0;0;0;1
115678;11;5;5200528;2018;8;16;6;3;5;3;0;0;1;0;1;0;0;0
115680;11;4;4200310;2018;10;12;1;3;2;6;0;0;1;0;0;0;0;0
115681;11;1;1401044;2018;8;23;4;2;5;3;2;1;1;0;0;0;0;0
115682;11;12;12200414;2018;4;16;5;3;2;6;0;0;1;0;0;0;0;1
115683;11;7;7200410;2018;4;14;5;3;0;6;0;0;1;0;1;0;0;0
115684;11;11;11401032;2018;5;12;4;3;0;6;0;1;1;0;0;0;0;0
115685;11;4;4400726;2018;12;23;5;3;8;1;2;0;1;0;0;0;0;1
115686;11;11;11300722;2018;9;7;6;2;6;4;2;0;0;1;0;0;1;0
115687;11;7;7200410;2018;9;7;2;2;1;5;0;1;1;0;0;0;0;0
115688;11;12;12100204;2018;6;15;7;3;2;2;0;1;0;0;0;0;1;0
115689;11;7;7501133;2018;7;9;5;3;1;5;0;0;0;0;1;0;1;0
115690;11;12;12100103;2018;5;14;5;2;5;7;0;1;0;0;0;0;1;0
115691;11;1;1100310;2018;1;17;2;3;2;6;0;1;0;0;0;0;1;1
115692;11;7;7601442;2018;11;16;4;3;6;7;0;0;1;1;0;0;0;0
115694;11;7;7200410;2018;10;19;2;3;1;5;1;1;1;0;0;0;1;0
115695;11;11;11401034;2018;8;0;1;2;6;4;2;0;1;1;0;0;0;0
115696;11;3;3701660;2018;4;15;6;3;6;7;0;0;1;1;0;0;0;0
115697;11;4;4200308;2018;3;7;5;2;0;1;0;0;0;0;1;0;0;1
115698;11;12;12100205;2018;5;16;6;3;2;6;0;0;1;0;0;0;0;0
115699;11;7;7300619;2018;10;14;2;3;5;3;0;0;1;0;0;0;1;0
115700;11;1;1100310;2018;1;13;2;1;3;6;0;0;1;0;0;0;1;0
115701;11;4;4400726;2018;11;19;5;3;2;6;2;0;1;0;0;0;0;0
115702;11;7;7501135;2018;9;21;2;2;1;1;2;0;1;0;0;0;0;0
115703;11;2;2400521;2018;8;14;2;3;5;3;0;1;1;0;0;0;0;0
115704;11;3;3500936;2018;6;17;3;2;0;1;0;0;0;0;1;0;0;0
115705;11;9;9100202;2018;7;8;3;3;5;7;0;1;1;0;0;0;0;0
115706;11;2;2200209;2018;6;15;4;3;3;6;0;0;0;0;1;0;1;0
115707;11;12;12200310;2018;5;17;1;3;2;6;0;0;1;0;0;0;0;0
115708;11;1;1300836;2018;4;21;6;3;2;6;2;0;1;0;0;0;0;1
115709;11;6;6300527;2018;12;7;6;3;6;2;1;0;1;1;0;0;0;1
115710;11;3;3701660;2018;10;19;2;3;1;5;2;1;0;0;0;0;1;0
115711;11;2;2500729;2018;7;20;7;3;0;6;1;0;1;0;1;0;0;1
115712;11;4;4200311;2018;4;12;2;3;2;6;0;0;1;0;0;0;1;1
115713;11;4;4300620;2018;7;9;4;3;1;1;0;0;1;0;1;0;0;0
115714;11;3;3400620;2018;3;14;1;3;5;3;0;0;1;0;0;0;0;0
115715;11;7;7501135;2018;5;17;1;3;5;3;0;1;1;0;0;0;0;0
115716;11;6;6300526;2018;10;18;7;3;2;6;2;0;1;0;0;0;0;1
115717;11;6;6300527;2018;1;18;1;3;5;2;2;0;1;0;0;0;0;1
115718;11;3;3200205;2018;11;7;2;3;6;2;0;0;1;1;0;0;0;1
115719;11;2;2500729;2018;9;9;4;3;3;6;0;1;0;0;0;0;0;0
115720;11;2;2500729;2018;8;15;2;3;0;4;0;0;0;1;1;0;0;0
115721;11;6;6400737;2018;6;18;5;3;2;6;0;0;1;0;1;0;0;0
115722;11;2;2500728;2018;3;18;3;3;5;2;2;1;1;0;0;0;0;1
115723;11;10;10300733;2018;6;15;6;3;6;3;0;0;1;1;0;0;0;0
115724;11;3;3100101;2018;8;3;1;1;8;1;2;0;1;0;0;0;1;0
115725;11;7;7601442;2018;5;7;4;3;1;1;0;0;1;0;1;0;1;0
115726;11;1;1100102;2018;4;12;2;3;2;6;0;0;1;0;1;0;0;0
115727;11;5;5200634;2018;12;17;3;3;2;6;2;0;1;0;0;0;0;1
115728;11;12;12100103;2018;9;10;3;3;2;6;0;0;1;0;0;0;0;0
115729;11;7;7400824;2018;9;17;4;3;2;6;0;0;1;0;0;0;0;0
115730;11;4;4400727;2018;6;7;5;3;2;6;0;0;1;0;1;0;0;0
115731;11;2;2500727;2018;7;21;2;3;5;2;1;1;1;0;0;0;0;0
115732;11;10;10400940;2018;7;17;3;3;5;2;0;1;1;0;0;0;0;0
115733;11;3;3200205;2018;5;6;3;3;5;3;0;0;1;0;1;0;0;0
115734;11;7;7300619;2018;12;17;7;3;3;6;2;0;1;0;0;0;0;1
115735;11;4;4400726;2018;10;18;3;3;2;6;1;0;1;0;0;0;0;1
115736;11;7;7300619;2018;1;0;7;2;6;4;2;0;1;1;0;0;0;0
115737;11;7;7400928;2018;7;2;2;1;8;1;2;0;0;0;1;0;0;0
115738;11;4;4300414;2018;4;7;2;2;0;1;0;1;0;0;0;0;0;0
115739;11;6;6300524;2018;7;10;5;3;9;1;0;0;1;0;0;0;0;0
115740;11;4;4200311;2018;3;9;3;3;2;6;0;0;1;0;0;0;0;1
115741;11;4;4200206;2018;5;20;2;3;2;6;0;0;0;0;0;0;1;0
115742;11;7;7400822;2018;10;14;2;3;3;6;0;0;1;0;0;1;0;1
115743;11;1;1100310;2018;1;6;6;3;2;6;2;0;1;0;0;0;0;1
115744;11;7;7400823;2018;11;16;4;3;2;6;2;0;1;0;0;0;0;0
115745;11;4;4501153;2018;9;18;5;3;2;6;1;0;1;0;0;0;1;1
115746;11;3;3701660;2018;8;15;3;3;2;2;0;1;0;0;0;0;1;0
115747;11;3;3601141;2018;6;8;6;3;6;4;0;1;0;1;0;0;0;0
115748;11;12;12100204;2018;6;18;7;3;5;3;0;0;1;0;1;0;0;0
115749;11;9;9200613;2018;8;10;2;2;6;3;0;0;1;1;0;0;0;0
115750;11;3;3601142;2018;5;9;4;3;0;4;0;0;0;1;1;0;0;0
115751;11;1;1100104;2018;4;15;3;3;2;6;0;0;1;0;0;0;0;0
115752;11;7;7200410;2018;12;20;3;3;3;6;2;1;1;0;0;0;0;1
115753;11;12;12100204;2018;9;14;4;3;0;5;0;1;0;0;0;0;1;0
115754;11;9;9200613;2018;9;14;5;2;3;6;0;0;1;0;0;0;0;0
115755;11;4;4200310;2018;7;16;3;3;0;4;0;1;0;1;0;0;0;0
115756;11;3;3601142;2018;7;17;3;3;0;4;0;1;0;1;0;0;0;0
115757;11;7;7501029;2018;5;8;4;3;2;2;0;0;1;0;0;0;0;0
115758;11;3;3601142;2018;1;5;6;2;6;4;2;0;1;1;0;0;0;1
115759;11;7;7501133;2018;11;6;3;3;3;6;2;1;1;0;0;0;0;1
115760;11;4;4200311;2018;8;9;5;3;0;2;0;1;1;0;0;0;0;0
115762;11;12;12100101;2018;10;12;7;3;5;3;0;0;1;0;0;0;0;0
115763;11;3;3601142;2018;8;1;4;3;0;4;2;0;0;1;1;0;0;0
115764;11;12;12200412;2018;4;15;4;3;2;6;0;0;1;0;0;0;0;1
115765;11;7;7300619;2018;4;12;5;3;2;6;0;0;1;0;0;0;0;0
115766;11;3;3701657;2018;5;21;4;3;5;2;1;1;1;0;0;0;0;0
115767;11;1;1300836;2018;12;17;4;3;3;6;2;0;1;0;0;0;0;0
115768;11;12;12601032;2018;9;12;5;3;0;2;0;1;0;0;0;0;1;0
115769;11;10;10100313;2018;8;16;6;3;3;6;0;0;1;0;1;0;0;0
115770;11;7;7300619;2018;6;16;6;3;0;7;0;0;0;0;1;0;1;1
115771;11;6;6400735;2018;7;18;5;3;6;4;0;1;0;1;0;0;0;0
115772;11;1;1100206;2018;5;14;4;3;6;7;0;1;0;1;0;0;0;0
115773;11;2;2500729;2018;1;11;6;3;6;7;0;1;0;1;0;0;0;1
115774;11;6;6400735;2018;11;16;3;3;0;5;0;1;1;0;0;0;1;0
115775;11;6;6400735;2018;6;7;3;2;6;4;0;0;1;1;0;0;0;0