OBJECTID;LAND;BEZ;LOR_ab_2021;UJAHR;UMONAT;USTUNDE;UWOCHENTAG;UKATEGORIE;UART;UTYP1;ULICHTVERH;IstRad;IstPKW;IstFuss;IstKrad;IstGkfz;IstSonstige;USTRZUSTAND
115776;11;1;1100102;2018;12;17;7;3;2;6;2;0;1;0;0;0;0;1
115777;11;4;4200311;2018;10;14;1;3;2;6;0;0;1;0;0;0;0;0
115778;11;12;12200414;2018;8;14;6;2;8;1;0;0;1;0;0;0;0;0
115779;11;4;4300415;2018;4;13;5;2;2;6;0;0;1;0;0;0;0;0
115780;11;1;1400940;2018;3;11;3;3;2;6;0;0;1;0;1;0;0;0
115781;11;12;12400721;2018;5;8;6;2;5;3;0;1;1;0;0;0;0;0
115782;11;7;7300619;2018;10;15;6;3;2;6;0;0;1;0;0;0;1;0
115783;11;3;3601452;2018;1;17;5;3;2;6;2;0;1;0;0;0;0;0
115784;11;1;1100102;2018;11;14;5;3;6;7;0;1;0;1;0;0;0;0
115785;11;8;8200622;2018;9;7;2;3;2;6;0;0;1;0;1;0;0;0
115786;11;3;3500936;2018;8;21;7;3;3;6;2;0;1;0;0;1;0;0
115787;11;3;3400723;2018;6;7;3;3;2;6;0;0;1;0;0;1;0;0
115788;11;11;11401032;2018;7;19;2;3;1;5;0;1;1;0;0;0;0;0
115789;11;4;4300414;2018;6;17;3;3;2;6;0;0;1;0;0;0;0;0
115790;11;7;7601547;2018;5;12;7;3;1;5;0;0;1;0;1;0;0;0
115791;11;3;3400725;2018;4;16;5;2;3;6;0;0;1;0;0;0;0;0
115792;11;11;11401034;2018;12;16;4;3;2;6;1;0;1;0;0;0;0;1
115793;11;7;7400721;2018;9;13;1;3;6;2;0;0;1;1;0;0;0;0
115794;11;1;1400940;2018;7;16;7;2;5;3;0;0;1;0;1;0;0;0
115795;11;4;4300414;2018;4;16;1;3;1;5;0;1;0;0;0;0;1;0
115796;11;6;6400735;2018;7;20;2;3;0;3;1;0;1;0;1;0;0;0
115797;11;4;4400830;2018;3;15;6;3;2;6;0;0;1;0;0;0;0;1
115798;11;1;1100102;2018;5;13;7;3;0;6;0;1;0;0;0;0;0;0
115799;11;3;3500936;2018;10;14;6;3;0;1;0;0;0;0;1;0;0;0
115800;11;4;4200207;2018;1;17;5;3;8;1;2;0;1;0;0;0;0;0
115801;11;7;7400721;2018;11;11;7;3;2;6;0;0;1;0;0;0;0;0
115802;11;7;7601442;2018;9;6;3;2;1;5;1;0;1;0;0;0;0;0
115803;11;7;7400720;2018;8;14;1;3;2;6;0;0;1;0;0;0;0;0
115804;11;5;5200528;2018;6;13;4;3;2;6;0;0;1;0;1;0;0;0
115805;11;3;3400830;2018;10;11;4;3;2;7;0;0;0;0;1;0;1;0
115806;11;3;3701657;2018;6;6;6;3;0;7;0;1;0;0;0;0;0;0
115807;11;1;1300836;2018;8;15;6;3;5;2;0;1;1;0;0;0;0;0
115808;11;7;7501133;2018;5;20;3;3;5;3;0;0;1;0;0;0;0;0
115809;11;7;7501029;2018;4;16;1;3;2;6;0;0;1;0;0;0;0;0
115810;11;3;3100103;2018;12;6;2;3;2;6;1;0;1;0;0;0;0;0
115811;11;3;3400721;2018;9;14;3;3;2;6;0;0;1;0;0;0;0;0
115812;11;6;6400735;2018;9;13;3;3;0;2;0;1;1;0;0;0;0;0
115813;11;7;7200308;2018;6;16;4;3;6;4;0;0;1;1;0;0;0;0
115814;11;4;4400727;2018;7;9;2;3;2;6;0;0;1;0;0;0;0;0
115815;11;2;2500728;2018;5;21;2;3;1;1;1;0;1;0;0;0;0;0
115816;11;12;12100205;2018;1;9;5;3;3;6;0;0;1;0;0;0;0;1
115817;11;12;12400618;2018;11;16;1;3;0;1;1;0;0;0;1;0;0;1
115818;11;3;3601245;2018;8;13;5;3;6;4;0;0;1;1;0;0;0;0
115819;11;1;1100310;2018;3;11;7;3;5;2;0;0;1;0;0;0;0;0
115821;11;3;3701657;2018;10;8;5;2;2;6;0;0;1;0;0;0;0;0
115822;11;10;10300734;2018;8;6;3;2;5;3;0;1;1;0;0;0;0;0
115823;11;10;10300733;2018;4;7;2;3;5;2;0;0;1;0;0;1;0;0
115824;11;3;3400826;2018;4;16;3;3;1;5;0;1;0;0;0;0;1;0
115825;11;7;7400822;2018;5;15;3;3;2;6;0;0;1;0;0;0;1;0
115826;11;3;3100101;2018;10;17;4;3;2;6;2;0;1;0;0;0;0;0
115827;11;3;3300517;2018;12;18;2;3;6;2;2;0;0;1;0;1;0;0
115828;11;7;7200410;2018;9;20;4;3;3;6;2;1;1;0;0;0;0;0
115829;11;1;1100207;2018;8;11;5;3;6;7;0;0;1;1;0;0;0;0
115830;11;1;1100310;2018;6;17;5;3;5;2;0;1;0;0;1;0;0;0
115831;11;6;6400736;2018;7;8;4;3;2;6;0;0;1;0;0;0;0;0
115832;11;3;3500934;2018;1;16;5;3;2;6;2;0;1;0;0;0;0;1
115833;11;4;4300414;2018;11;7;2;3;5;2;0;1;1;0;0;0;0;0
115834;11;7;7400824;2018;6;11;6;3;2;6;0;0;0;0;1;1;0;1
115835;11;3;3701657;2018;5;18;3;3;5;2;0;1;1;0;0;0;0;0
115836;11;12;12200310;2018;12;12;5;3;2;6;0;0;1;0;0;0;1;0
115837;11;7;7501133;2018;10;10;6;3;1;5;0;0;1;0;1;0;0;0
196811;11;3;3300517;2018;1;18;5;2;5;2;2;1;1;0;0;0;0;1
196812;11;6;6300525;2018;1;11;4;2;5;2;0;1;1;0;0;0;0;0
196813;11;7;7200308;2018;1;18;5;3;2;2;2;1;1;0;0;0;0;1
196814;11;9;9200717;2018;1;18;2;3;5;3;2;0;1;0;0;0;1;0
196815;11;12;12100205;2018;1;18;5;3;5;2;2;1;1;0;0;0;0;1
196816;11;9;9501941;2018;1;17;1;3;5;3;2;0;1;0;0;0;0;0
196817;11;3;3100103;2018;1;17;5;2;6;2;2;0;1;1;0;0;0;1
196818;11;5;5100211;2018;1;7;6;2;6;2;1;0;1;1;0;0;0;0
196819;11;1;1200522;2018;1;17;5;3;5;3;2;0;1;0;0;0;0;1
196820;11;4;4100101;2018;1;23;3;2;6;4;2;0;1;1;0;0;0;0
196821;11;11;11300619;2018;1;17;5;2;6;4;2;0;1;1;0;0;0;1
196822;11;2;2500835;2018;1;16;5;3;5;2;2;0;1;0;0;0;0;1
196823;11;12;12200308;2018;1;5;2;3;1;5;2;0;1;0;0;0;1;0
196824;11;8;8100206;2018;1;15;5;3;2;6;1;0;1;0;0;0;0;1
196825;11;12;12200412;2018;1;16;5;3;2;6;0;0;1;0;0;0;1;1
196826;11;8;8100104;2018;1;3;7;3;6;2;2;0;0;1;0;0;1;1
196827;11;6;6200312;2018;1;15;5;3;5;2;0;0;1;0;0;0;0;1
196828;11;2;2200212;2018;1;20;4;3;2;6;2;1;1;0;0;0;0;1
196829;11;8;8100521;2018;1;15;5;3;3;6;1;0;1;0;0;1;0;1
196830;11;3;3300517;2018;1;16;7;2;5;2;2;0;1;0;0;0;0;0
196831;11;8;8200727;2018;1;14;5;3;6;4;0;0;1;1;0;0;0;1
196832;11;1;1100103;2018;1;21;5;3;2;2;2;0;1;0;0;0;1;1
196833;11;9;9502043;2018;1;14;5;2;5;3;0;1;1;0;0;0;0;1
196834;11;1;1401045;2018;1;16;3;3;2;6;2;0;1;0;0;0;0;0
196835;11;4;4200310;2018;1;14;5;2;0;7;0;0;1;0;0;0;0;0
196836;11;2;2500727;2018;1;8;2;3;1;5;0;0;1;0;0;0;1;0
196837;11;6;6300526;2018;1;14;5;3;0;7;0;0;1;0;1;0;0;1
196838;11;5;5200526;2018;1;13;5;2;6;4;0;0;1;1;0;0;0;0
196839;11;7;7400927;2018;1;20;7;3;1;5;2;0;1;0;0;0;0;1
196840;11;11;11401032;2018;1;13;5;3;5;3;0;0;1;0;0;0;0;1
196841;11;1;1100308;2018;1;17;4;3;0;1;2;0;0;0;1;0;0;1
196842;11;11;11200513;2018;1;19;5;2;5;3;2;1;1;0;0;0;0;1
196843;11;8;8100521;2018;1;13;5;3;5;3;0;0;1;0;0;0;0;1
196844;11;1;1100309;2018;1;12;2;3;2;6;0;0;1;0;0;1;0;0
196845;11;12;12200309;2018;1;11;5;3;0;5;0;0;1;0;1;0;0;1
196846;11;2;2400623;2018;1;7;3;3;5;3;1;1;1;0;0;0;0;0
196847;11;12;12500927;2018;1;10;5;3;6;4;0;0;1;1;0;0;0;1
196848;11;2;2400623;2018;1;13;2;3;5;3;0;1;1;0;0;0;0;0
196849;11;9;9100101;2018;1;5;5;3;5;2;2;1;1;0;0;0;0;1
196850;11;11;11100204;2018;1;5;5;3;5;3;2;1;1;0;0;0;0;1
196851;11;4;4300623;2018;1;2;6;3;8;1;2;0;1;0;0;0;0;1
196852;11;4;4300416;2018;1;10;5;3;5;3;0;0;1;0;0;0;0;1
196853;11;4;4400729;2018;1;12;4;3;5;3;0;0;1;0;0;0;0;0
196854;11;1;1100101;2018;1;6;5;3;6;2;2;0;1;1;0;0;0;1
196855;11;9;9200715;2018;1;6;2;3;5;3;2;1;1;0;0;0;0;0
196856;11;1;1100311;2018;1;6;5;3;5;3;2;1;1;0;0;0;0;1
196857;11;6;6400840;2018;1;13;1;3;5;2;0;1;1;0;0;0;0;0
196858;11;2;2100104;2018;1;8;5;3;5;3;0;1;1;0;0;0;0;1
196859;11;3;3601245;2018;1;7;5;3;6;2;2;0;1;1;0;0;0;1
196860;11;1;1300733;2018;1;10;2;3;2;2;0;1;1;0;0;0;0;0
196861;11;12;12200414;2018;1;7;5;3;6;2;2;0;1;1;0;0;0;1
196862;11;1;1200628;2018;1;15;6;3;5;2;1;0;1;0;0;0;0;0
196863;11;12;12500929;2018;1;7;5;3;6;7;1;0;0;1;0;0;1;1
196864;11;6;6400838;2018;1;10;4;3;3;6;0;0;1;0;0;1;0;0
196865;11;10;10400938;2018;1;18;2;3;5;3;2;0;1;0;0;0;0;0
196866;11;8;8100206;2018;1;19;7;3;6;7;2;0;1;1;0;0;0;0
196867;11;2;2500831;2018;1;1;6;2;0;1;2;1;0;0;0;0;0;1
196868;11;2;2500834;2018;1;18;3;3;2;2;2;1;1;0;0;0;0;0
196869;11;9;9100305;2018;1;7;5;2;6;2;1;0;1;1;0;0;0;1
196870;11;7;7601442;2018;1;10;6;3;6;6;0;0;1;1;0;0;0;0
196871;11;7;7601236;2018;1;18;4;3;6;7;2;0;1;1;0;0;0;1
196872;11;3;3500933;2018;1;15;3;3;0;3;0;0;0;0;0;0;1;0
196873;11;12;12601235;2018;1;7;4;3;6;2;0;0;0;1;0;0;1;1
196874;11;7;7400928;2018;1;13;4;3;5;2;0;1;0;0;0;1;0;1
196875;11;2;2100102;2018;1;8;2;2;6;2;0;0;1;1;0;0;0;0
196876;11;1;1100312;2018;1;20;4;2;6;4;2;0;1;1;0;0;0;1
196877;11;3;3500936;2018;1;7;4;3;6;4;2;0;0;1;0;0;1;1
196878;11;1;1200623;2018;1;14;7;3;5;7;0;0;1;0;0;0;0;0
196879;11;4;4300412;2018;1;13;4;3;5;2;0;1;1;0;0;0;0;1
196880;11;1;1401047;2018;1;21;5;3;6;2;2;0;1;1;0;0;0;1
196881;11;11;11200513;2018;1;16;4;3;5;3;2;0;1;0;0;0;0;1
196882;11;1;1100207;2018;1;12;3;3;2;7;0;1;1;0;0;0;0;0
196883;11;7;7300618;2018;1;16;4;3;5;2;2;1;1;0;0;0;0;1
196884;11;10;10200629;2018;1;13;2;3;0;6;0;0;0;0;0;0;1;0
196885;11;1;1300834;2018;1;15;4;3;5;3;0;1;1;0;0;0;0;0
196886;11;5;5100105;2018;1;15;4;3;2;6;0;0;1;0;0;0;0;1
196887;11;7;7100102;2018;1;22;7;3;5;3;2;0;1;0;0;0;0;0
196888;11;3;3601452;2018;1;17;4;3;5;3;1;0;1;0;0;0;0;1
196889;11;6;6100209;2018;1;6;2;3;0;7;2;0;1;0;0;0;0;0
196890;11;4;4300412;2018;1;17;4;2;0;4;1;0;1;1;0;0;1;1
196891;11;5;5300840;2018;1;18;4;3;5;3;2;0;1;0;0;0;0;1
196892;11;8;8100417;2018;1;1;7;3;6;2;2;0;1;1;0;0;0;0
196893;11;4;4200311;2018;1;19;4;3;6;2;2;0;1;1;0;0;0;1
196894;11;6;6200421;2018;1;18;4;3;2;6;2;0;1;0;0;0;0;1
196895;11;6;6300633;2018;1;19;4;3;6;2;2;0;1;1;0;0;0;1
196896;11;4;4500938;2018;1;11;3;3;2;7;0;0;1;0;0;0;0;0
196897;11;1;1300733;2018;1;20;4;3;6;2;2;0;1;1;0;0;0;1
196898;11;2;2100104;2018;1;11;2;2;6;4;0;1;0;1;0;0;0;0
196899;11;1;1100101;2018;1;13;4;3;6;4;0;0;1;1;0;0;0;1
196900;11;10;10200420;2018;1;16;6;3;5;3;2;1;1;0;0;0;0;0
196901;11;4;4200311;2018;1;11;4;3;1;5;0;1;1;0;0;0;0;1
196902;11;1;1100311;2018;1;11;4;3;3;1;0;0;1;0;0;0;0;1
196903;11;3;3100103;2018;1;11;4;3;5;3;0;0;1;0;0;0;1;1
196904;11;7;7200307;2018;1;13;4;2;1;5;0;0;1;0;0;0;0;1
196905;11;2;2400623;2018;1;20;5;3;0;7;2;1;0;0;0;0;1;1
196906;11;5;5200524;2018;1;10;4;3;5;3;0;0;1;0;0;0;0;1
196907;11;3;3400725;2018;1;7;2;3;5;3;0;1;0;0;0;0;0;0
196908;11;4;4501042;2018;1;11;4;2;6;4;0;0;1;1;0;0;0;1
196909;11;7;7200409;2018;1;18;1;3;1;5;2;1;1;0;0;0;0;0
196910;11;5;5100315;2018;1;10;4;3;5;3;0;1;0;0;0;1;0;1
196911;11;6;6100206;2018;1;14;6;3;5;2;0;1;1;0;0;0;0;0
196912;11;8;8200725;2018;1;9;4;3;5;3;0;1;1;0;0;0;0;1
196913;11;3;3601449;2018;1;8;4;3;2;7;1;0;1;0;0;0;0;0
196914;11;10;10200629;2018;1;7;4;2;6;4;2;0;1;1;0;0;0;1
196915;11;10;10200422;2018;1;17;2;3;6;4;2;0;1;1;0;0;0;0
196916;11;7;7601544;2018;1;7;4;2;6;2;2;0;1;1;0;0;0;1
196917;11;1;1100311;2018;1;7;4;3;3;6;1;0;1;0;0;1;0;1
196918;11;1;1300733;2018;1;17;7;3;6;2;2;0;1;1;0;0;0;0
196919;11;1;1300730;2018;1;7;4;2;6;2;2;0;1;1;0;0;0;1
196920;11;7;7200308;2018;1;18;2;3;5;3;2;1;0;0;0;0;0;0
196921;11;11;11300721;2018;1;7;4;3;6;4;2;0;1;1;0;0;0;1
196922;11;10;10100315;2018;1;16;1;3;2;2;1;0;1;0;0;0;0;0
196923;11;5;5100209;2018;1;7;4;2;6;4;2;0;1;1;0;0;0;1
196924;11;1;1400938;2018;1;7;6;3;6;2;0;0;1;1;0;0;0;0
196925;11;7;7400927;2018;1;6;4;3;5;2;2;1;1;0;0;0;0;1
196926;11;12;12200515;2018;1;13;3;3;1;7;0;0;1;0;0;0;1;0
196927;11;2;2400623;2018;1;6;4;3;2;3;1;1;1;0;0;0;0;1
196928;11;1;1400937;2018;1;6;4;3;5;3;2;1;1;0;0;0;0;1
196929;11;9;9200715;2018;1;7;2;3;2;6;1;0;1;0;0;0;0;2
196930;11;1;1100416;2018;1;5;4;2;5;3;2;1;1;0;0;0;0;1
196931;11;1;1100205;2018;1;9;4;3;6;4;0;1;0;1;0;0;0;0
196932;11;1;1100206;2018;1;13;7;3;5;3;0;0;1;0;0;0;0;0
196933;11;3;3200308;2018;1;8;4;3;5;3;0;1;1;0;0;0;0;1
196934;11;9;9200512;2018;1;20;4;3;6;4;2;0;1;1;0;0;0;1
196935;11;3;3400721;2018;1;8;3;3;6;4;1;1;0;1;0;0;0;0
196936;11;8;8100310;2018;1;8;4;3;5;3;1;1;1;0;0;0;0;1
196937;11;2;2500833;2018;1;23;5;3;5;2;2;1;1;0;0;0;0;1
196938;11;2;2100102;2018;1;8;4;3;5;7;0;0;1;0;0;0;1;1
196939;11;10;10100210;2018;1;16;3;2;6;4;2;0;1;1;0;0;0;0
196940;11;4;4501151;2018;1;7;4;2;6;2;1;0;1;1;0;0;0;1
196941;11;4;4200308;2018;1;15;4;3;2;6;0;0;1;0;0;1;0;1
196942;11;1;1100310;2018;1;16;2;3;2;6;1;0;1;0;0;0;1;0
196943;11;10;10100311;2018;1;7;4;3;6;2;1;0;1;1;0;0;0;1
196944;11;7;7200409;2018;1;7;4;2;5;7;1;0;1;0;0;0;0;1
196945;11;2;2200209;2018;1;20;7;3;5;2;2;0;1;0;0;0;0;0
196946;11;4;4500936;2018;1;8;4;2;6;4;1;0;1;1;0;0;0;1
196947;11;6;6200311;2018;1;17;4;3;5;3;2;0;1;0;0;0;0;0
196948;11;4;4400832;2018;1;17;4;3;6;2;0;0;1;1;0;0;0;0
196949;11;1;1100205;2018;1;9;2;3;3;6;0;0;1;0;1;0;0;0
196950;11;11;11200514;2018;1;20;3;3;5;3;2;1;1;0;0;0;0;1
196951;11;2;2100103;2018;1;11;2;3;3;6;0;0;1;0;0;0;1;0
196952;11;1;1300836;2018;1;11;3;3;2;6;0;0;1;0;0;0;0;1
196953;11;5;5100210;2018;1;13;2;2;6;2;0;0;1;1;0;0;0;0
196954;11;3;3601449;2018;1;18;3;3;8;1;2;0;1;0;0;0;0;1
196955;11;6;6100101;2018;1;15;3;3;1;5;0;0;1;0;0;0;0;1
196956;11;11;11400927;2018;1;14;6;2;6;2;0;0;1;1;0;0;0;0
196957;11;4;4300623;2018;1;13;3;3;0;5;0;0;0;0;1;0;1;1
196958;11;4;4400729;2018;1;12;4;3;5;3;0;1;1;0;0;0;0;0
196959;11;5;5100316;2018;1;8;5;3;6;4;1;0;1;1;0;0;0;1
196960;11;9;9200715;2018;1;12;3;3;5;2;0;0;1;0;0;0;0;1
196961;11;6;6300629;2018;1;6;2;3;6;4;2;0;1;1;0;0;0;0
196962;11;9;9401534;2018;1;8;3;3;0;7;1;1;0;0;0;0;0;1
196963;11;8;8100207;2018;1;16;1;3;5;3;1;0;1;0;0;0;1;0
196964;11;2;2400521;2018;1;6;3;3;5;3;2;0;1;0;0;0;0;1
196965;11;12;12200412;2018;1;14;6;3;2;6;0;0;1;0;0;0;0;1
196966;11;6;6200313;2018;1;5;3;3;6;2;2;0;1;1;0;0;0;1
196967;11;9;9501838;2018;1;5;4;2;8;1;2;0;1;0;0;0;0;2
196968;11;5;5100315;2018;1;13;3;2;5;2;0;0;1;0;0;0;0;1
196969;11;12;12601236;2018;1;16;6;2;0;2;2;0;1;0;0;0;1;0
196970;11;8;8100415;2018;1;14;3;3;3;6;0;1;0;0;0;0;1;1
196971;11;5;5100315;2018;1;10;4;3;2;6;0;0;1;0;0;0;0;0
196972;11;6;6400736;2018;1;21;3;3;5;3;2;0;1;0;0;0;0;1
196973;11;12;12100204;2018;1;6;2;2;6;4;2;0;1;1;0;0;0;0
196974;11;10;10100101;2018;1;17;3;2;6;4;2;0;1;1;0;0;0;1
196975;11;2;2100101;2018;1;19;7;3;5;3;2;1;1;0;0;0;0;0
196976;11;9;9100304;2018;1;18;3;3;5;3;2;1;1;0;0;0;0;1
196977;11;8;8100416;2018;1;22;6;3;1;5;2;0;1;0;0;0;0;1
196978;11;3;3300413;2018;1;17;3;3;3;6;2;0;1;0;0;0;1;1
196979;11;2;2200210;2018;1;19;3;3;2;6;2;0;1;0;0;0;0;0
196980;11;7;7400927;2018;1;17;3;3;6;4;2;0;1;1;0;0;0;1
196981;11;8;8401139;2018;1;17;3;3;5;3;2;0;1;0;0;0;0;1
196982;11;1;1400938;2018;1;16;2;3;5;3;1;1;1;0;0;0;0;0
196983;11;6;6100102;2018;1;17;3;3;1;5;2;1;1;0;0;0;0;1
196984;11;4;4501042;2018;1;17;3;3;5;2;1;0;1;0;0;0;1;1
196985;11;9;9200715;2018;1;17;3;3;5;2;2;0;1;0;0;0;0;1
196986;11;4;4200309;2018;1;6;3;3;5;3;2;0;1;0;0;0;0;1
196987;11;6;6200315;2018;1;16;2;3;1;5;1;0;1;0;0;0;0;0
196988;11;5;5200527;2018;1;5;2;3;1;7;2;0;0;0;0;0;1;0
196989;11;3;3500934;2018;1;0;2;3;6;4;2;0;1;1;0;0;0;1
196990;11;8;8200831;2018;1;16;7;2;6;4;2;0;1;1;0;0;0;0
196991;11;10;10100311;2018;1;0;2;2;6;7;2;0;0;1;0;0;1;1
196992;11;1;1100416;2018;1;20;5;3;5;3;2;1;1;0;0;0;0;1
196993;11;8;8100314;2018;1;22;2;3;5;2;2;0;1;0;0;0;0;0
196994;11;9;9300920;2018;1;15;3;3;5;2;1;1;1;0;0;0;0;0
196995;11;6;6300633;2018;1;13;2;3;6;4;0;1;0;1;0;0;0;0
196996;11;10;10300734;2018;1;13;2;2;5;7;0;1;1;0;0;0;0;0
196997;11;1;1100309;2018;1;7;2;3;5;3;1;0;1;0;0;0;0;0
196998;11;7;7300619;2018;1;6;2;3;5;3;2;0;1;0;0;0;0;1
196999;11;8;8100104;2018;1;22;7;3;3;6;2;0;1;0;0;0;0;0
197000;11;8;8100312;2018;1;6;2;2;6;4;2;0;1;1;0;0;0;0
197001;11;1;1100310;2018;1;2;4;3;5;3;2;0;1;0;0;0;0;1
197002;11;5;5300737;2018;1;22;5;3;3;6;2;0;1;0;0;0;0;1
197003;11;1;1100416;2018;1;2;7;2;5;3;2;1;1;0;0;0;0;0
197004;11;6;6300634;2018;1;4;2;3;6;2;2;0;1;1;0;0;0;1
197005;11;1;1100309;2018;1;17;4;3;2;6;2;0;1;0;1;0;0;1
197006;11;1;1100101;2018;1;1;2;3;6;4;2;0;0;1;0;0;1;0
197007;11;5;5100208;2018;1;7;3;3;8;1;1;0;1;0;0;0;0;0
197008;11;7;7501029;2018;1;1;2;3;5;3;2;0;1;0;0;0;0;0
197009;11;2;2200210;2018;1;13;2;3;5;3;0;1;1;0;0;0;0;2
197010;11;1;1200627;2018;1;0;2;3;6;4;2;0;1;1;0;0;0;0
197011;11;5;5100211;2018;1;0;2;2;6;7;2;0;0;1;0;0;1;0
197012;11;9;9200511;2018;1;23;6;3;5;3;2;0;1;0;0;0;0;0
197013;11;1;1100101;2018;1;14;2;3;5;2;0;0;1;0;0;0;0;0
197014;11;9;9401329;2018;1;12;4;3;2;6;0;0;1;0;0;0;0;1
197015;11;9;9200715;2018;1;14;2;3;5;3;0;0;1;0;0;0;0;0
197016;11;3;3601452;2018;1;20;2;3;5;3;2;0;1;0;0;0;0;0
197019;11;1;1300835;2018;1;11;2;3;5;2;0;1;0;0;0;0;1;0
197021;11;1;1200517;2018;1;10;2;3;2;6;0;0;1;0;0;0;0;2
197023;11;8;8100312;2018;1;15;6;3;5;2;0;1;0;0;0;0;1;0
197025;11;2;2400623;2018;1;8;4;3;5;3;1;1;1;0;0;0;0;0
197027;11;1;1100207;2018;1;17;2;2;4;2;2;1;0;0;0;0;0;0
197030;11;2;2400623;2018;1;17;7;2;6;4;2;0;1;1;0;0;0;0
197032;11;1;1100102;2018;1;16;5;3;6;2;2;0;1;1;0;0;0;1
197033;11;2;2200209;2018;1;10;1;3;5;3;0;0;1;0;0;0;0;0
197035;11;5;5300737;2018;1;9;6;3;2;6;0;0;1;0;0;0;1;0
197037;11;1;1300733;2018;1;8;3;3;6;2;1;0;1;1;0;0;0;1
197040;11;4;4200309;2018;1;10;2;2;5;2;0;1;1;0;0;0;0;0
197043;11;2;2200213;2018;1;13;7;3;1;5;0;0;1;0;0;0;0;1
197046;11;7;7300618;2018;1;9;3;3;2;7;0;0;1;0;0;0;1;0
197048;11;12;12500926;2018;1;13;2;3;1;7;0;0;1;0;0;0;0;0
197050;11;10;10200417;2018;1;17;3;3;5;2;2;0;1;0;0;0;0;0
197053;11;12;12601134;2018;1;16;2;3;4;7;1;0;1;0;0;0;0;1
197056;11;1;1100205;2018;1;1;7;3;5;3;2;0;1;0;0;0;0;0
197058;11;8;8100310;2018;1;20;4;3;5;3;2;0;1;0;0;0;0;1
197060;11;5;5300735;2018;1;21;2;3;2;6;2;0;1;0;0;0;0;0
197062;11;2;2100105;2018;1;11;2;3;5;2;0;1;1;0;0;0;0;0
197064;11;6;6300633;2018;1;16;6;2;0;2;2;0;1;0;1;0;0;0
197067;11;1;1400942;2018;1;22;7;3;5;3;2;0;1;0;0;0;0;0
197069;11;4;4501148;2018;1;14;4;3;2;6;0;0;1;0;0;0;0;0
197070;11;10;10100312;2018;1;18;5;3;0;2;2;0;1;0;0;0;1;1
197072;11;5;5100101;2018;1;7;2;3;6;2;1;0;1;1;0;0;0;0
197074;11;8;8401139;2018;1;17;1;3;1;5;2;1;1;0;0;0;0;0
197076;11;9;9100407;2018;1;14;6;3;6;4;0;0;1;1;0;0;0;0
197077;11;10;10200418;2018;1;6;4;2;6;4;2;0;0;1;0;0;1;2
197078;11;7;7501031;2018;1;16;2;3;5;2;2;0;1;0;0;0;0;0
197079;11;8;8401241;2018;1;16;1;3;5;3;1;0;1;0;0;0;0;0
197080;11;5;5200528;2018;1;21;2;2;4;1;2;0;1;0;0;0;0;0
197081;11;3;3400724;2018;1;14;1;3;5;3;0;0;1;0;0;0;0;0
197082;11;9;9200715;2018;1;19;2;2;9;1;2;0;1;0;0;0;0;0
197083;11;3;3601451;2018;1;18;1;2;5;2;2;0;1;0;0;0;0;1
197084;11;1;1200628;2018;1;18;2;3;2;6;2;1;1;0;0;0;0;0
197085;11;8;8401242;2018;1;21;1;3;1;5;2;0;1;0;0;0;0;0
197086;11;11;11200513;2018;1;17;2;3;5;2;2;1;0;0;0;0;1;0
197087;11;10;10100205;2018;1;15;1;2;8;1;0;0;1;0;0;0;0;1
197088;11;6;6400844;2018;1;16;2;3;5;2;2;0;1;0;0;0;0;0
197089;11;3;3601450;2018;1;18;1;2;0;1;2;1;0;0;0;0;0;1
197090;11;1;1401048;2018;1;23;7;3;2;6;2;0;1;0;0;0;0;1
197091;11;1;1401049;2018;1;16;2;2;6;4;2;0;0;1;1;0;0;0
197092;11;8;8100310;2018;1;18;7;3;5;3;2;1;1;0;0;0;0;1
197093;11;2;2500834;2018;1;18;7;3;5;2;2;1;1;0;0;0;0;1
197094;11;4;4501151;2018;1;15;2;3;5;2;0;0;1;0;1;0;0;0
197095;11;12;12500825;2018;1;17;3;3;6;2;1;0;1;1;0;0;0;1
197096;11;5;5200423;2018;1;17;7;2;3;6;2;0;1;0;0;0;0;0
197097;11;4;4501040;2018;1;14;2;3;5;3;0;1;0;0;0;0;1;0
197098;11;10;10200422;2018;1;15;7;3;6;4;0;0;1;1;0;0;0;0
197099;11;7;7400927;2018;1;14;2;3;2;2;0;0;1;0;0;0;1;0
197100;11;1;1100415;2018;1;9;3;3;6;4;0;0;1;1;0;0;0;1
197101;11;11;11300721;2018;1;14;7;3;5;7;0;0;1;0;0;0;0;0
197102;11;6;6200421;2018;1;18;3;3;6;2;2;0;1;1;0;0;0;1
197103;11;2;2300314;2018;1;12;2;3;1;5;0;1;1;0;0;0;0;0
197104;11;3;3601245;2018;1;13;7;3;6;6;0;1;0;1;0;0;0;0
197105;11;6;6200422;2018;1;11;2;3;5;7;0;1;1;0;0;0;0;0
197106;11;10;10200423;2018;1;2;7;3;6;2;2;0;0;1;0;0;1;1
197107;11;11;11300725;2018;1;6;2;3;6;4;2;0;0;1;0;0;1;0
197108;11;12;12601032;2018;1;8;7;3;2;6;0;0;1;0;0;0;0;1
197109;11;1;1300732;2018;1;10;7;3;5;3;0;0;1;0;0;0;0;1
197110;11;4;4500938;2018;1;9;2;3;5;2;0;0;1;0;0;0;0;0
197111;11;4;4300619;2018;1;17;3;3;6;2;2;0;1;1;0;0;0;1
197112;11;5;5100316;2018;1;11;7;3;5;7;0;0;1;0;1;0;0;1
197113;11;3;3500932;2018;1;9;2;3;5;2;0;1;1;0;0;0;0;0