OBJECTID;LAND;BEZ;LOR_ab_2021;UJAHR;UMONAT;USTUNDE;UWOCHENTAG;UKATEGORIE;UART;UTYP1;ULICHTVERH;IstRad;IstPKW;IstFuss;IstKrad;IstGkfz;IstSonstige;USTRZUSTAND
197114;11;9;9100101;2018;1;11;2;3;6;4;0;0;1;1;0;0;0;0
197115;11;4;4300416;2018;1;11;7;2;5;2;0;1;1;0;0;0;0;0
197116;11;6;6200313;2018;1;9;2;2;6;4;0;0;1;1;0;0;0;0
197117;11;1;1100310;2018;1;12;7;3;2;6;0;0;1;0;0;0;0;1
197118;11;7;7100102;2018;1;7;2;3;5;2;1;0;1;0;0;0;0;0
197119;11;1;1100206;2018;1;12;7;3;0;1;0;1;0;0;0;0;0;0
197120;11;3;3701555;2018;1;7;2;3;6;4;0;1;0;1;0;0;0;0
197121;11;4;4501041;2018;1;13;7;3;2;6;0;0;1;0;0;0;0;1
197122;11;8;8100206;2018;1;21;7;3;2;6;2;0;1;0;0;0;0;0
197123;11;1;1100416;2018;1;7;2;3;6;4;0;1;0;1;0;0;0;0
197124;11;7;7501134;2018;1;18;6;3;0;4;2;0;1;1;0;0;0;1
197125;11;3;3601140;2018;1;7;2;3;5;3;0;1;1;0;0;0;0;0
197126;11;8;8100312;2018;1;17;6;3;1;5;2;0;1;0;0;0;0;1
197127;11;5;5300737;2018;1;9;2;3;5;3;0;1;0;0;0;1;0;0
197128;11;11;11100309;2018;1;14;6;3;6;4;0;0;1;1;0;0;0;1
197129;11;1;1100313;2018;1;9;2;3;1;5;0;1;1;0;0;0;0;0
197130;11;6;6200313;2018;1;14;6;3;0;4;0;0;0;1;0;0;1;1
197131;11;1;1400938;2018;1;13;6;3;6;4;0;0;1;1;0;0;0;0
197132;11;4;4200311;2018;1;1;1;2;5;2;2;0;1;0;0;0;0;0
197133;11;9;9501736;2018;1;13;6;3;0;1;0;1;0;0;0;0;0;1
197134;11;10;10400836;2018;1;17;1;3;6;4;2;0;1;1;0;0;0;0
197135;11;7;7400826;2018;1;11;6;3;2;6;0;0;1;0;0;1;1;0
197136;11;9;9200715;2018;1;7;1;2;6;2;0;0;1;1;0;0;0;0
197137;11;3;3500934;2018;1;12;1;3;5;2;0;0;1;0;0;0;0;0
197138;11;12;12500926;2018;1;14;1;3;5;3;0;0;1;0;0;0;0;0
197139;11;1;1400938;2018;1;15;1;3;2;6;0;0;1;0;0;0;0;0
197140;11;1;1400940;2018;1;19;1;3;6;4;2;0;1;1;0;0;0;0
197141;11;2;2500727;2018;1;11;6;3;1;5;0;1;1;0;0;0;0;0
197142;11;2;7400720;2018;1;21;1;3;6;2;2;0;1;1;0;0;0;0
197143;11;7;7400720;2018;1;10;6;3;5;2;0;1;1;0;0;0;0;0
197144;11;1;1200625;2018;1;14;1;3;1;5;0;0;1;0;0;0;1;0
197145;11;2;2300314;2018;1;10;6;3;5;7;0;1;1;0;0;0;0;0
197146;11;6;6100101;2018;1;9;6;3;5;3;0;0;1;0;0;0;0;0
197147;11;7;7300618;2018;1;15;1;2;1;5;0;0;1;0;0;0;0;0
197148;11;6;6200423;2018;1;8;6;3;0;7;0;1;0;0;0;0;0;0
197149;11;1;1100310;2018;1;8;6;3;5;3;0;1;1;0;0;0;0;0
197150;11;9;9100304;2018;1;11;7;3;2;2;0;0;1;0;0;0;0;0
197151;11;8;8100312;2018;1;8;3;3;5;3;0;0;1;0;0;0;0;2
197152;11;4;4501045;2018;1;8;6;2;5;2;1;1;0;0;0;1;0;1
197153;11;4;4501040;2018;1;18;3;3;6;4;2;1;0;1;0;0;0;1
197154;11;12;12601031;2018;1;16;7;3;8;1;2;0;1;0;0;0;0;0
197155;11;1;1300834;2018;1;6;6;3;2;6;2;0;1;0;0;0;0;1
197156;11;6;6400841;2018;1;23;7;3;5;3;2;0;1;0;0;0;0;0
197157;11;2;2400624;2018;1;3;6;3;1;5;2;0;1;0;1;0;0;1
197158;11;8;8100312;2018;1;20;7;3;2;6;2;0;1;0;0;0;0;0
197159;11;6;6200313;2018;1;14;6;2;2;6;0;0;1;0;0;0;0;1
197160;11;6;6300527;2018;1;13;6;2;5;2;0;0;1;0;0;0;0;1
197161;11;10;10100312;2018;1;19;7;3;5;3;2;0;1;0;0;0;0;0
197162;11;7;7400721;2018;1;11;6;2;6;2;0;0;1;1;0;0;0;0
197163;11;5;5300841;2018;1;17;7;3;2;6;2;0;1;0;0;0;0;0
197164;11;1;1100308;2018;1;18;6;3;0;5;2;1;1;0;0;0;0;1
197165;11;1;1100312;2018;1;19;6;3;6;2;2;0;1;1;0;0;0;1
197166;11;6;6200421;2018;1;17;7;3;5;3;2;1;1;0;0;0;0;0
197167;11;3;3601140;2018;1;17;3;3;5;2;2;1;1;0;0;0;0;1
197168;11;2;2300316;2018;1;19;6;3;6;4;2;0;1;1;0;0;0;1
197169;11;12;12601032;2018;1;16;7;3;6;4;0;0;1;1;0;0;0;0
197170;11;6;6400838;2018;1;9;6;3;6;7;0;0;1;1;0;0;0;1
197171;11;1;1300834;2018;1;15;7;3;5;2;0;0;1;0;0;0;0;0
197172;11;4;4200311;2018;1;21;6;3;2;6;2;0;1;0;0;0;1;0
197173;11;2;2100104;2018;1;15;7;3;5;2;0;1;1;0;0;0;0;0
197174;11;4;4500939;2018;1;18;6;3;6;2;2;0;1;1;0;0;0;1
197175;11;8;8100209;2018;1;13;7;3;6;4;0;0;1;1;0;0;0;0
197176;11;6;6400844;2018;1;17;6;2;1;5;1;0;1;0;0;0;0;1
197177;11;12;12601235;2018;1;13;7;3;5;3;0;0;1;0;0;0;0;0
197178;11;6;6200315;2018;1;18;3;2;6;4;2;0;1;1;0;0;0;1
197179;11;2;2100101;2018;1;17;5;3;1;5;2;1;1;0;0;0;0;1
197180;11;7;7200308;2018;1;13;7;3;5;2;0;0;1;0;0;0;0;0
197181;11;4;4400831;2018;1;13;7;3;5;3;0;1;1;0;0;0;0;0
197182;11;6;6200421;2018;1;11;5;3;5;2;0;1;0;0;0;0;1;1
197183;11;11;11200514;2018;1;10;7;3;2;6;0;0;1;0;0;0;0;0
197184;11;10;10100311;2018;1;10;5;3;6;2;0;0;0;1;0;0;1;1
197185;11;2;2200212;2018;1;9;7;3;0;1;0;1;0;0;0;0;0;0
197186;11;5;5200528;2018;1;7;5;3;5;3;2;0;1;0;0;0;0;1
197187;11;4;4300620;2018;1;8;7;3;3;2;0;0;1;0;0;0;0;0
197188;11;2;2400521;2018;1;21;5;3;2;7;2;0;1;0;0;0;0;1
197189;11;1;1100206;2018;1;5;7;3;0;1;2;0;0;0;1;0;0;0
197190;11;4;4200308;2018;1;21;5;2;0;7;2;0;1;0;0;0;0;0
197191;11;4;4300414;2018;1;1;7;3;0;7;2;0;1;0;0;0;1;0
197192;11;7;7200308;2018;1;21;5;3;5;2;2;0;1;0;0;0;0;1
197193;11;1;1100207;2018;1;18;5;2;5;2;2;0;1;0;0;0;1;1
197194;11;8;8100311;2018;1;1;7;3;3;6;2;0;1;0;0;0;0;0
197195;11;5;5200420;2018;1;10;5;3;6;4;0;0;1;1;0;0;0;0
197196;11;2;2200208;2018;1;22;7;2;5;3;2;0;1;0;0;0;0;0
197197;11;8;8100105;2018;1;17;5;3;2;6;2;0;1;0;0;0;0;1
197198;11;4;4501042;2018;1;20;6;3;6;4;2;0;1;1;0;0;0;0
197199;11;4;4400835;2018;1;17;5;3;6;2;2;0;1;1;0;0;0;1
197200;11;1;1401049;2018;1;13;6;3;5;2;0;0;1;0;0;0;0;0
197201;11;1;1300836;2018;1;17;5;3;5;2;2;0;1;0;0;0;1;1
197202;11;1;1200624;2018;1;12;6;3;5;2;0;1;1;0;0;0;0;1
197203;11;1;1200520;2018;1;16;5;3;5;2;2;0;0;0;1;0;1;1
197204;11;7;7100102;2018;1;16;5;3;5;2;1;0;1;0;0;1;0;1
197205;11;1;1100310;2018;1;11;6;3;3;6;0;1;1;0;0;0;0;1
197206;11;5;5200421;2018;1;15;5;3;5;3;0;0;1;0;0;0;1;1
197207;11;1;1100102;2018;1;15;5;3;5;2;0;0;1;0;0;0;0;1
197208;11;5;5100316;2018;1;17;6;3;2;6;2;0;1;0;0;0;0;0
197209;11;5;5100211;2018;1;16;3;2;5;2;0;0;1;0;0;0;0;1
197210;11;8;8100520;2018;1;14;5;3;5;3;0;0;1;0;0;0;0;1
197211;11;7;7400823;2018;1;23;2;2;5;3;2;0;1;0;0;0;1;0
197212;11;12;12601236;2018;1;13;5;3;5;2;0;0;1;0;0;0;0;1
197213;11;8;8100209;2018;1;9;6;3;5;3;0;0;1;0;0;0;0;1
197214;11;11;11200410;2018;1;11;3;3;5;3;0;0;1;0;0;1;0;1
197215;11;1;1100309;2018;1;12;5;3;4;6;0;0;0;0;0;0;1;1
197216;11;3;3601450;2018;1;7;6;3;5;2;1;1;1;0;0;0;0;1
197217;11;12;12200309;2018;1;12;5;3;6;7;0;0;0;1;0;0;1;1
197218;11;4;4300620;2018;1;7;6;3;5;2;1;1;0;0;0;0;1;1
197219;11;10;10400940;2018;1;12;5;3;5;3;0;0;1;0;0;0;1;1
197220;11;5;5300737;2018;1;10;5;3;5;2;0;0;0;0;0;1;1;2
197221;11;9;9501941;2018;1;6;6;3;2;6;2;0;1;0;0;0;0;1
197222;11;1;1200517;2018;1;10;5;2;5;3;0;0;1;0;0;0;0;1
197223;11;5;5100208;2018;1;17;5;2;6;2;1;0;1;1;0;0;0;1
197224;11;1;1300836;2018;1;5;6;3;5;2;2;1;1;0;0;0;0;0
197225;11;12;12200310;2018;1;18;3;3;3;6;2;1;1;0;0;0;0;1
197226;11;5;5400943;2018;1;17;5;3;6;2;2;0;1;1;0;0;0;1
197227;11;7;7400824;2018;1;16;6;3;2;6;1;0;1;0;0;0;0;0
197228;11;5;5100317;2018;1;9;5;3;2;6;0;0;1;0;0;0;0;1
197229;11;5;5100314;2018;1;16;6;3;2;6;1;0;1;0;0;0;0;0
197230;11;2;2300419;2018;1;9;5;3;4;1;0;0;1;0;0;0;0;0
197231;11;4;4400830;2018;1;15;6;3;5;3;0;0;1;0;1;0;0;0
197232;11;12;12400619;2018;1;9;5;3;2;2;0;0;1;0;0;0;0;1
197233;11;10;10400940;2018;1;14;6;3;5;7;0;1;1;0;0;0;0;1
197234;11;9;9200715;2018;1;7;5;3;5;3;1;1;1;0;0;0;0;0
197235;11;2;2400521;2018;1;7;5;3;5;2;1;1;1;0;0;0;0;1
197236;11;7;7601340;2018;1;15;6;3;5;2;1;0;1;0;0;0;0;0
197237;11;9;9100409;2018;1;6;5;3;6;4;2;0;1;1;0;0;0;0
197238;11;12;12500926;2018;1;19;6;3;2;2;0;0;1;0;0;0;0;0
197239;11;6;6300632;2018;1;17;6;2;1;5;2;0;1;0;1;0;0;0
197240;11;4;4300622;2018;1;5;5;3;5;3;2;1;1;0;0;0;0;1
197241;11;12;12400722;2018;1;19;6;2;6;4;2;0;0;1;1;0;0;0
197242;11;6;6300526;2018;1;17;5;2;6;4;2;0;1;1;0;0;0;1
197243;11;6;6300526;2018;1;16;6;2;5;2;1;1;1;0;0;0;0;0
197244;11;9;9100101;2018;1;17;5;3;5;2;2;1;1;0;0;0;0;1
197245;11;11;11400927;2018;1;22;6;3;0;1;2;1;0;0;0;0;0;0
197246;11;4;4200311;2018;1;18;5;3;6;2;2;0;1;1;0;0;0;1
197247;11;2;2300315;2018;1;13;6;3;6;7;0;1;1;1;1;0;0;0
197248;11;7;7601238;2018;1;18;5;2;6;4;2;0;1;1;0;0;0;1
197249;11;6;6300634;2018;1;8;5;3;2;6;0;0;1;0;0;0;0;0
197250;11;8;8100415;2018;1;18;5;3;6;2;2;0;1;1;0;0;0;1
197251;11;1;1200520;2018;1;7;5;2;6;2;2;0;1;1;0;0;0;1
197252;11;10;10200421;2018;1;18;5;2;6;4;2;0;1;1;0;0;0;1
197253;11;6;6400839;2018;1;14;5;3;1;5;0;0;1;0;0;0;0;1
197254;11;3;3100103;2018;1;18;5;2;6;2;2;0;1;1;0;0;0;1
197255;11;6;6300528;2018;1;17;5;3;5;3;2;1;1;0;0;0;0;1
197256;11;6;6100102;2018;1;19;5;3;6;4;2;0;1;1;0;0;0;1
197257;11;7;7100102;2018;1;17;5;3;5;2;1;1;0;0;0;0;1;2
197258;11;11;11400931;2018;1;19;5;2;6;2;2;0;1;1;0;0;0;1
197259;11;2;2500832;2018;1;17;5;3;6;2;1;0;1;1;0;0;0;1
197260;11;4;4100101;2018;1;19;5;3;3;6;2;0;1;0;0;0;0;1
197261;11;9;9100101;2018;1;19;5;3;6;2;2;0;1;1;0;0;0;1
197262;11;8;8100104;2018;1;21;5;3;6;2;2;0;1;1;0;0;0;1
197263;11;9;9401534;2018;1;19;5;2;6;7;2;0;1;1;0;0;0;1
197264;11;5;5200631;2018;1;11;4;2;6;4;0;0;1;1;0;0;0;1
197265;11;8;8100206;2018;1;11;4;3;2;1;0;0;1;0;0;0;0;1
197266;11;1;1100103;2018;1;15;4;2;6;4;0;0;1;1;0;0;0;1
197267;11;9;9200715;2018;1;19;5;3;5;2;2;0;1;0;0;0;0;1
197268;11;4;4501042;2018;1;14;4;2;2;6;0;0;1;0;0;0;0;1
197269;11;3;3500933;2018;1;17;4;2;6;4;2;0;1;1;0;0;0;1
197270;11;7;7200307;2018;1;19;5;3;5;7;2;0;1;0;0;0;0;1
197271;11;1;1100309;2018;1;9;3;3;0;3;0;0;1;0;1;0;0;1
197272;11;1;1100205;2018;1;17;4;3;2;2;2;0;1;0;0;0;0;1
197273;11;4;4300413;2018;1;18;3;2;6;4;2;1;0;1;0;0;0;1
197274;11;2;2100102;2018;1;18;5;3;5;3;2;0;1;0;0;0;0;1
197275;11;6;6300631;2018;1;16;4;3;2;2;2;0;1;1;0;0;0;1
197276;11;8;8401139;2018;1;17;5;3;6;4;2;0;0;1;1;0;0;1
197277;11;4;4200311;2018;1;13;4;3;3;6;0;0;1;0;0;0;0;1
197278;11;1;1100416;2018;1;18;5;3;1;6;2;1;1;0;0;0;0;1
197279;11;11;11300725;2018;1;18;4;3;5;7;2;0;0;0;0;0;1;1
197280;11;11;11200514;2018;1;18;4;3;1;5;2;1;1;0;0;0;0;1
197281;11;3;3601245;2018;1;18;5;3;5;3;2;1;1;0;0;0;0;1
197282;11;11;11100102;2018;1;18;3;3;2;6;2;0;1;0;0;0;0;1
197283;11;3;3400619;2018;1;10;4;2;6;7;0;1;0;1;0;0;0;1
197284;11;10;10200629;2018;1;19;5;3;5;2;2;0;1;0;0;0;1;1
197285;11;11;11300826;2018;1;17;5;3;6;3;2;0;1;1;0;0;0;1
197286;11;6;6100205;2018;1;16;5;2;6;4;2;0;1;1;0;0;0;1
197287;11;4;4300413;2018;1;17;3;3;5;3;2;0;1;0;0;0;0;1
197288;11;6;6100206;2018;1;9;4;3;1;5;0;1;1;0;0;0;0;2
197289;11;10;10200417;2018;1;16;5;3;6;4;2;0;1;1;0;0;0;1
197290;11;1;1100206;2018;1;8;4;3;5;3;0;0;1;0;1;0;0;1
197291;11;9;9200819;2018;1;15;5;3;5;2;1;1;0;0;0;0;1;1
197292;11;5;5200633;2018;1;8;4;3;6;4;0;0;1;1;0;0;0;1
197293;11;10;10100210;2018;1;15;5;3;6;4;0;0;1;1;0;0;0;1
197294;11;1;1100104;2018;1;7;4;3;1;5;0;1;1;0;0;0;1;1
197295;11;4;4300622;2018;1;7;4;3;5;3;1;1;1;0;0;0;0;2
197296;11;10;10100205;2018;1;15;5;3;5;3;0;1;1;0;0;0;0;1
197297;11;11;11300723;2018;1;6;4;2;1;5;2;1;1;0;0;0;0;1
197298;11;7;7601544;2018;1;15;5;3;5;3;0;1;1;0;0;0;0;1
197299;11;9;9200511;2018;1;6;4;3;5;7;1;0;1;0;0;0;1;2
197300;11;8;8100314;2018;1;14;5;3;5;3;0;1;1;0;0;0;0;1
197301;11;5;5100210;2018;1;19;4;2;5;3;2;0;1;0;0;0;0;1
197302;11;4;4100101;2018;1;18;4;3;5;3;2;0;1;0;0;0;0;1
197303;11;8;8200726;2018;1;14;5;3;2;6;0;0;1;0;0;0;0;1
197304;11;4;4400835;2018;1;18;4;3;5;3;1;0;1;0;1;0;0;1
197305;11;10;10400940;2018;1;13;5;3;2;6;0;0;1;0;0;0;0;1
197306;11;2;2200209;2018;1;18;4;3;0;1;2;1;0;0;0;0;0;1
197307;11;5;5100316;2018;1;18;5;3;8;1;2;0;1;0;0;0;0;1
197308;11;1;1401045;2018;1;18;4;3;2;6;2;0;1;0;0;0;1;1
197309;11;2;2300417;2018;1;7;5;3;6;4;2;0;0;1;0;0;1;1
197310;11;7;7200308;2018;1;18;4;3;1;5;2;0;1;0;0;0;1;1
197311;11;2;2200208;2018;1;7;5;3;6;4;1;1;0;1;0;0;0;1
197312;11;9;9401534;2018;1;16;3;2;6;4;1;1;0;1;0;0;0;0
197313;11;2;2500835;2018;1;19;3;3;6;2;2;0;1;1;0;0;0;1
197314;11;7;7100205;2018;1;13;5;3;5;2;0;0;1;0;0;0;1;1
197315;11;2;2100106;2018;1;22;3;3;5;2;2;0;1;0;0;0;0;1
197316;11;12;12200515;2018;1;13;5;3;2;1;0;0;1;0;0;0;0;1
197317;11;6;6300525;2018;1;12;5;3;2;1;0;0;1;0;1;0;0;1
197318;11;1;1100311;2018;1;22;3;3;3;6;2;0;1;0;0;0;0;1
197319;11;4;4300624;2018;1;11;5;2;6;2;0;0;1;1;0;0;0;1
197320;11;1;1100207;2018;1;22;3;3;5;3;2;0;1;0;0;0;0;1
197321;11;3;3200308;2018;1;11;5;3;2;6;0;0;1;1;0;0;0;1
197322;11;3;3601449;2018;1;20;3;3;2;2;2;0;1;0;0;0;0;1
197323;11;1;1200519;2018;1;19;3;3;6;6;2;1;0;1;0;0;0;1
197324;11;4;4501152;2018;1;10;5;3;5;2;0;1;1;0;0;0;0;1
197325;11;6;6200421;2018;1;19;3;3;5;3;2;0;1;0;0;0;0;1
197326;11;2;2100102;2018;1;19;3;3;1;5;2;1;0;0;0;0;1;1
197327;11;8;8200623;2018;1;10;5;3;5;2;1;1;1;0;0;0;0;1
197328;11;4;4501152;2018;1;8;3;3;5;3;0;1;1;0;0;0;0;1
197329;11;6;6400844;2018;1;18;3;2;6;4;2;0;1;1;0;0;0;2
197330;11;1;1200626;2018;1;20;2;3;5;3;2;1;0;0;0;0;0;0
197331;11;8;8100102;2018;1;20;3;3;1;1;2;0;1;0;0;0;0;1
197332;11;7;7601442;2018;1;10;5;3;2;6;0;0;1;0;0;0;1;1
197333;11;3;3400724;2018;1;3;3;3;9;1;2;0;0;0;0;0;1;1
197334;11;1;1100206;2018;1;9;5;3;5;2;0;1;0;0;0;0;1;1
197335;11;9;9200717;2018;1;5;3;2;5;2;2;0;1;0;0;0;0;2
197336;11;5;5300841;2018;1;8;5;3;0;6;0;0;1;0;0;0;1;1
197337;11;1;1200628;2018;1;5;3;3;6;2;2;0;1;1;0;0;0;2
197338;11;1;1100308;2018;1;5;3;3;5;2;2;0;1;0;0;0;0;2
197339;11;1;1401043;2018;1;8;5;3;5;3;0;1;1;0;0;0;0;1
197340;11;8;8200832;2018;1;6;3;3;2;2;2;0;1;0;0;0;1;1
197341;11;2;2200207;2018;1;7;3;3;6;2;0;0;1;1;0;0;0;1
197342;11;11;11400929;2018;1;8;5;3;1;5;0;1;1;0;0;0;0;1
197343;11;9;9100306;2018;1;17;3;3;2;6;2;0;1;0;0;0;0;1
197344;11;1;1401049;2018;1;16;3;3;5;7;0;0;1;0;1;0;0;1
197345;11;5;5200420;2018;1;7;5;3;6;4;0;0;1;1;0;0;0;1
197346;11;6;6400737;2018;1;7;3;3;5;3;0;0;1;0;0;0;1;1
197347;11;7;7200307;2018;1;7;5;2;2;6;0;0;1;0;0;0;0;1
197348;11;9;9501737;2018;1;15;3;3;5;7;0;1;1;0;0;0;0;1
197349;11;8;8100102;2018;1;7;5;3;4;5;1;1;1;0;0;0;0;1
197350;11;1;1200522;2018;1;14;3;3;6;2;0;0;1;1;0;0;0;1
197351;11;2;2100102;2018;1;7;5;3;5;3;0;1;0;0;0;0;1;1
197352;11;1;1100311;2018;1;14;3;3;5;2;0;1;1;0;0;0;0;0
197353;11;3;3400723;2018;1;9;1;2;5;3;0;0;1;0;0;0;0;0
197354;11;4;4300517;2018;1;14;3;3;2;6;0;0;1;0;0;0;0;1
197355;11;6;6300528;2018;1;7;5;2;6;4;2;0;1;1;0;0;0;1
197356;11;7;7100102;2018;1;9;1;3;5;3;0;0;1;0;0;0;0;1
197357;11;12;12200308;2018;1;13;3;3;5;3;0;0;1;0;0;0;0;1
197358;11;10;10100104;2018;1;6;4;3;5;3;0;1;0;0;0;0;1;0
197359;11;1;1100310;2018;1;17;4;3;2;2;2;0;1;0;0;0;0;0
197360;11;9;9200819;2018;1;12;1;3;2;6;0;0;1;0;0;0;0;1
197361;11;5;5400942;2018;1;13;1;2;1;5;0;0;1;0;0;0;0;1
197362;11;6;6300633;2018;1;13;3;3;5;3;0;0;1;0;1;0;0;1
197363;11;11;11300721;2018;1;18;4;3;0;5;2;1;1;0;0;0;0;1
197364;11;1;1100103;2018;1;16;1;3;0;2;1;0;1;0;0;0;1;0
197365;11;4;4300412;2018;1;13;3;3;2;6;0;0;1;0;0;0;0;1
197366;11;2;2500726;2018;1;20;4;3;7;7;2;1;0;0;0;0;0;0
197367;11;9;9501939;2018;1;12;3;3;2;6;0;0;1;0;0;0;0;1
197368;11;9;9300920;2018;1;17;4;3;5;3;2;0;1;0;0;0;0;0
197369;11;12;12200412;2018;1;18;4;3;5;7;2;0;1;0;0;0;0;1
197370;11;4;4300619;2018;1;10;6;3;2;6;0;0;1;0;0;0;0;1
197371;11;4;4300622;2018;2;16;5;3;5;2;1;1;1;0;0;0;0;0
197372;11;11;11300723;2018;2;11;5;3;1;5;0;1;1;0;0;0;0;0
197373;11;6;6300528;2018;1;8;6;3;6;2;0;0;1;1;0;0;0;0
197374;11;1;1200520;2018;2;15;5;3;6;7;0;1;0;1;0;0;0;0
197375;11;3;3500933;2018;1;10;6;3;5;3;0;0;1;0;0;0;1;1
197376;11;1;1200517;2018;2;10;5;3;2;6;0;0;1;0;0;0;0;0
197377;11;1;1400938;2018;1;8;6;3;2;6;0;0;1;0;0;0;0;1
197378;11;1;1100102;2018;2;9;5;3;3;6;0;1;0;0;0;1;0;0
197379;11;10;10400940;2018;2;10;5;3;2;6;0;0;1;0;0;0;0;1
197380;11;1;1400938;2018;1;8;6;3;8;1;0;0;1;0;0;0;0;1
197381;11;4;4501042;2018;2;9;5;3;2;7;0;0;1;0;0;0;0;0
197382;11;7;7501029;2018;1;7;6;3;3;6;1;1;0;0;0;0;1;1
197383;11;6;6400838;2018;2;14;5;3;5;2;0;0;1;0;1;0;0;0
197384;11;8;8100209;2018;1;7;6;3;6;2;1;0;1;1;0;0;0;1
197385;11;9;9200716;2018;1;7;6;3;6;4;0;0;1;1;0;0;0;1
197386;11;2;2500835;2018;2;8;5;3;6;4;0;0;1;1;0;0;0;1
197387;11;10;10300731;2018;1;7;6;3;6;2;0;0;1;1;0;0;0;1
197388;11;1;1100206;2018;2;7;5;3;5;2;0;1;1;0;0;0;0;0
197389;11;12;12601235;2018;1;7;6;3;6;3;1;0;1;1;0;0;0;1
197390;11;5;5100315;2018;1;7;6;3;6;2;2;0;1;1;0;0;0;1
197391;11;2;2100104;2018;2;14;5;3;6;2;0;0;1;1;0;0;0;0
197392;11;11;11501238;2018;1;7;6;3;5;2;2;1;1;0;0;0;0;1
197393;11;9;9100203;2018;1;6;6;3;5;5;2;0;1;0;1;0;0;1
197394;11;6;6400840;2018;2;14;5;3;1;5;0;0;1;0;0;0;0;0
197395;11;9;9501737;2018;2;14;5;2;8;1;0;0;1;0;0;0;0;0
197396;11;3;3601244;2018;1;6;6;3;5;3;2;1;1;0;0;0;0;1
197397;11;8;8200622;2018;2;13;5;3;2;6;0;0;1;0;0;0;0;0
197398;11;12;12200310;2018;1;19;6;2;5;3;2;0;1;0;0;0;0;1
197399;11;4;4300622;2018;1;18;6;3;6;7;2;0;1;1;0;0;0;1
197400;11;1;1300835;2018;1;18;6;3;5;3;2;0;1;0;0;0;0;1
197401;11;4;4300414;2018;2;7;5;2;6;2;1;0;0;1;0;1;0;0
197402;11;9;9300923;2018;1;18;6;3;6;4;2;0;1;1;0;0;0;1
197403;11;6;6300528;2018;1;17;6;2;6;4;2;0;1;1;0;0;0;1
197404;11;4;4200308;2018;1;16;6;3;5;2;1;0;1;0;0;0;0;1
197405;11;11;11400931;2018;2;6;5;2;5;3;2;1;1;0;0;0;0;0
197406;11;12;12200412;2018;1;16;6;2;5;3;2;1;1;0;0;0;0;1
197407;11;3;3500935;2018;2;9;5;3;6;4;0;0;0;1;0;0;1;1
197408;11;6;6300526;2018;1;15;6;3;6;2;1;0;1;1;0;0;0;1
197409;11;5;5100313;2018;2;6;5;3;2;6;2;0;1;0;0;0;1;0
197410;11;8;8100417;2018;1;15;6;3;5;3;0;0;1;0;0;0;0;1
197411;11;8;8200623;2018;2;5;5;3;6;2;2;0;1;1;0;0;0;0
197412;11;3;3400830;2018;1;14;6;3;5;3;0;0;1;0;0;0;0;1
197413;11;12;12100205;2018;2;19;5;2;6;4;2;0;1;1;0;0;0;0
197414;11;2;2300314;2018;2;20;5;3;3;6;2;1;0;0;0;0;1;0
197415;11;9;9200818;2018;1;13;6;3;2;2;0;0;1;0;0;0;0;1
197416;11;12;12601235;2018;2;21;5;3;5;3;2;0;1;0;0;0;0;0
197417;11;5;5300737;2018;1;12;6;3;2;6;0;0;1;0;0;1;0;1
197418;11;10;10100209;2018;1;21;4;3;5;3;2;0;1;0;0;0;0;1
197419;11;3;3500935;2018;1;12;6;3;0;3;0;0;1;0;0;0;1;0
197420;11;3;3300412;2018;1;21;4;3;6;6;2;1;0;1;0;0;0;1
197421;11;2;2200210;2018;1;6;6;3;5;3;2;1;1;0;0;0;0;1
197422;11;3;3601142;2018;1;18;4;3;0;7;2;1;1;0;0;0;0;1
197423;11;1;1300733;2018;1;11;6;3;1;5;0;1;1;0;0;0;0;1
197424;11;1;1200522;2018;1;17;4;3;2;2;2;0;1;0;0;0;0;1
197425;11;3;3400619;2018;1;23;4;3;8;1;2;0;1;0;0;0;0;1
197426;11;12;12400721;2018;1;11;6;2;5;3;0;0;1;0;0;0;0;1
197427;11;4;4501150;2018;1;22;4;3;2;6;2;0;1;0;0;0;0;1
197428;11;7;7200409;2018;1;10;6;3;1;5;0;1;1;0;0;0;0;1
197429;11;3;3601450;2018;1;22;4;3;5;3;2;1;1;0;0;0;0;1
197430;11;1;1300834;2018;1;20;6;2;6;4;2;0;0;1;0;0;1;1
197431;11;5;5200633;2018;1;22;4;2;6;4;2;0;1;1;0;0;0;1
197432;11;1;1100102;2018;1;21;4;3;6;2;2;0;1;1;0;0;0;1
197433;11;1;1300733;2018;1;22;6;2;5;3;2;0;1;0;0;0;0;1
197434;11;4;4501042;2018;1;21;4;3;6;4;2;0;1;1;0;0;0;1
197435;11;12;12200412;2018;1;20;6;3;5;2;2;0;1;0;0;0;0;1
197436;11;1;1300733;2018;1;20;4;3;6;2;2;0;1;1;0;0;0;1
197437;11;5;5100314;2018;1;20;4;3;6;2;2;0;1;1;0;0;0;1
197438;11;8;8200833;2018;1;17;5;3;5;3;1;0;1;0;0;0;0;1
197439;11;3;3601141;2018;1;6;4;3;0;7;2;0;1;0;0;0;0;0
197440;11;11;11400931;2018;1;17;5;3;6;2;2;0;1;1;0;0;0;1
197441;11;1;1200522;2018;1;18;4;3;6;7;2;0;1;1;0;0;0;1
197442;11;5;5300839;2018;1;23;5;2;0;3;2;0;1;0;0;0;0;1
197443;11;3;3601245;2018;1;23;5;3;5;2;2;0;1;0;0;0;0;1
197444;11;6;6100205;2018;1;13;4;3;0;7;0;0;0;0;1;0;0;0