OBJECTID;LAND;BEZ;LOR_ab_2021;UJAHR;UMONAT;USTUNDE;UWOCHENTAG;UKATEGORIE;UART;UTYP1;ULICHTVERH;IstRad;IstPKW;IstFuss;IstKrad;IstGkfz;IstSonstige;USTRZUSTAND
197445;11;11;11200411;2018;1;17;5;3;2;6;1;0;1;0;0;0;0;1
197446;11;5;5200420;2018;1;14;5;3;0;2;0;1;1;0;0;0;0;1
197447;11;3;3300516;2018;1;18;4;3;2;6;2;0;1;0;0;0;0;1
197448;11;8;8100416;2018;1;11;4;3;5;3;0;0;1;0;0;0;0;1
197449;11;3;3601245;2018;1;15;5;3;6;4;0;0;1;1;0;0;0;1
197450;11;1;1200522;2018;1;11;4;2;3;2;0;0;1;0;0;1;0;1
197451;11;7;7300516;2018;1;14;5;3;6;7;0;0;1;1;0;0;0;1
197452;11;1;1100308;2018;1;11;4;3;0;1;0;0;0;0;1;0;0;1
197453;11;4;4300623;2018;1;10;5;3;2;6;0;0;1;0;1;0;0;1
197454;11;8;8200623;2018;1;16;5;2;6;4;2;0;1;1;0;0;0;1
197455;11;10;10200420;2018;1;18;4;3;6;2;2;0;1;1;0;0;0;1
197456;11;8;8300934;2018;1;13;5;3;2;6;0;0;1;0;0;0;0;1
197457;11;9;9501941;2018;1;17;5;3;6;2;2;0;1;1;0;0;0;1
197458;11;1;1100206;2018;1;8;4;3;5;2;0;1;1;0;0;0;0;0
197459;11;4;4500937;2018;1;10;5;2;6;2;0;0;1;1;0;0;0;1
197460;11;4;4100101;2018;1;8;4;2;6;4;0;0;1;1;0;0;0;1
197461;11;3;3500933;2018;1;7;4;3;5;3;1;1;1;0;0;0;0;0
197462;11;11;11200410;2018;1;9;5;3;6;4;0;0;1;1;0;0;0;1
197463;11;3;3701554;2018;1;7;4;3;6;2;0;0;1;1;0;0;0;0
197464;11;9;9501939;2018;1;9;5;3;2;6;0;0;1;0;0;0;0;1
197465;11;6;6400844;2018;1;7;4;3;5;3;0;1;0;0;0;0;0;0
197466;11;1;1100205;2018;1;9;5;3;5;2;0;1;1;0;0;0;0;1
197467;11;9;9401329;2018;1;14;4;2;6;4;0;0;1;1;0;0;0;1
197468;11;6;6300634;2018;1;9;5;2;5;2;0;0;1;0;0;0;0;0
197469;11;4;4400831;2018;1;15;4;3;1;5;0;1;1;0;0;0;0;0
197470;11;1;1100206;2018;1;6;3;3;6;7;2;1;0;1;0;0;0;0
197471;11;7;7400823;2018;1;8;5;3;5;3;0;0;1;0;0;0;0;0
197472;11;4;4501042;2018;1;17;3;3;0;4;1;0;0;1;0;0;1;0
197473;11;2;2100103;2018;1;8;5;3;5;2;0;1;1;0;0;0;0;0
197474;11;1;1100310;2018;1;8;5;3;0;2;1;0;1;0;0;0;1;0
197475;11;9;9100408;2018;1;11;3;3;6;7;0;0;1;1;0;0;0;0
197476;11;1;1400942;2018;1;11;3;3;0;2;0;0;1;0;0;0;1;0
197477;11;9;9200510;2018;1;7;5;2;6;4;1;0;0;1;0;0;1;1
197478;11;1;1300836;2018;1;9;3;3;1;5;0;0;1;0;1;0;0;0
197479;11;8;8100206;2018;1;21;5;3;2;6;2;1;1;0;0;0;0;1
197480;11;7;7501031;2018;1;9;3;3;5;2;0;1;1;0;0;0;0;0
197481;11;12;12500929;2018;1;20;5;3;8;1;2;0;1;0;0;0;0;1
197482;11;9;9301228;2018;1;8;3;3;2;6;0;0;1;0;0;0;0;0
197483;11;6;6400842;2018;1;20;5;2;5;2;2;0;0;0;1;0;1;1
197484;11;5;5400942;2018;1;6;3;3;2;6;2;0;1;0;0;0;0;1
197485;11;7;7300517;2018;1;20;5;3;6;2;2;0;1;1;0;0;0;1
197486;11;8;8100521;2018;1;17;3;2;3;6;2;1;0;0;0;0;1;0
197487;11;1;1100205;2018;1;20;5;3;5;3;2;0;1;0;0;0;0;1
197488;11;1;1200626;2018;1;19;5;2;5;3;2;1;1;0;0;0;0;1
197489;11;5;5300737;2018;1;17;3;3;2;2;2;0;1;0;0;0;0;0
197490;11;6;6400843;2018;1;19;5;2;6;2;2;0;1;1;0;0;0;1
197491;11;4;4100101;2018;1;16;3;3;2;6;0;0;1;0;0;1;0;0
197492;11;6;6400844;2018;1;19;5;3;5;3;2;1;1;0;0;0;0;1
197493;11;3;3400620;2018;1;14;3;3;5;3;0;1;1;0;0;0;0;0
197494;11;5;5300841;2018;1;12;3;2;6;4;0;0;1;1;0;0;0;0
197495;11;11;11501238;2018;1;19;5;3;6;2;2;0;1;1;0;0;0;1
197496;11;7;7501030;2018;1;12;3;3;2;2;0;0;1;0;0;0;0;0
197497;11;1;1100415;2018;1;18;5;2;0;7;2;0;1;0;0;0;1;1
197498;11;3;3501038;2018;1;12;3;3;6;4;0;0;1;1;0;0;0;0
197499;11;2;2300419;2018;1;17;5;3;1;5;2;1;1;0;0;0;0;1
197500;11;3;3601243;2018;1;18;4;3;2;6;2;0;1;0;0;0;0;0
197501;11;1;1100309;2018;1;9;3;2;3;6;0;1;0;0;0;0;1;0
197502;11;1;1100102;2018;1;17;4;3;3;6;0;0;1;0;1;0;0;0
197503;11;4;4200311;2018;1;21;3;2;5;3;2;0;1;0;0;0;0;0
197504;11;9;9501939;2018;1;19;3;3;5;2;2;1;1;0;0;0;0;0
197505;11;1;1100309;2018;1;20;4;3;5;3;2;1;1;0;0;0;0;1
197506;11;6;6300633;2018;1;10;4;3;6;4;0;1;0;1;0;0;0;0
197507;11;11;11300618;2018;1;18;3;3;5;2;0;1;1;0;0;0;0;0
197508;11;1;1100309;2018;1;7;4;3;6;7;1;1;0;1;0;0;0;1
197509;11;4;4200311;2018;1;18;3;3;2;6;2;0;1;0;1;0;0;0
197510;11;7;7100205;2018;1;17;3;3;6;2;0;0;1;1;0;0;0;0
197511;11;9;9200715;2018;1;7;4;3;5;2;1;0;1;0;0;0;1;1
197512;11;7;7300516;2018;1;17;3;3;6;7;2;0;1;1;0;0;0;0
197513;11;12;12200310;2018;1;15;4;3;6;4;0;0;1;1;0;0;0;0
197514;11;1;1200517;2018;1;19;2;3;5;7;2;0;1;0;0;0;0;1
197515;11;5;5300737;2018;1;16;4;3;6;4;0;0;1;1;0;0;0;0
197516;11;10;10400940;2018;1;16;4;2;5;3;1;1;0;0;0;0;1;1
197517;11;6;6100206;2018;1;18;2;3;1;7;2;0;1;0;0;0;0;1
197518;11;3;3100103;2018;1;16;4;2;6;4;1;0;1;1;0;0;0;0
197519;11;4;4300624;2018;1;9;2;3;3;6;0;1;1;0;0;0;0;0
197520;11;3;3500936;2018;1;16;2;3;0;6;0;1;1;0;0;0;0;1
197521;11;2;2400624;2018;1;17;4;2;6;4;2;0;1;1;0;0;0;1
197522;11;5;5200528;2018;1;21;2;3;1;5;2;0;1;0;0;0;1;1
197523;11;8;8200832;2018;1;13;4;3;0;2;0;0;1;0;1;0;0;1
197524;11;2;2400623;2018;1;20;2;3;5;3;2;0;1;0;0;0;1;1
197525;11;7;7100206;2018;1;19;2;3;6;4;2;0;0;1;0;0;1;1
197526;11;1;7100101;2018;1;18;4;3;5;3;2;1;1;0;0;0;0;0
197527;11;12;12200412;2018;1;19;2;3;5;2;2;0;1;0;0;0;0;1
197528;11;9;9501939;2018;1;12;4;3;5;7;0;0;1;0;0;0;1;0
197529;11;1;1100309;2018;1;18;2;3;0;6;2;0;1;0;1;0;0;1
197530;11;6;6200421;2018;1;11;4;3;0;7;0;0;1;0;1;0;0;1
197531;11;4;4400728;2018;1;11;4;3;5;7;0;1;1;0;0;0;0;1
197532;11;1;1200517;2018;1;18;2;3;6;4;2;0;1;1;0;0;0;1
197533;11;1;1300733;2018;1;17;2;2;1;5;2;1;1;0;0;0;0;1
197534;11;1;1100206;2018;1;9;4;3;5;3;0;0;1;0;0;0;0;1
197535;11;11;11400930;2018;1;22;2;3;5;3;1;0;1;0;0;0;0;1
197536;11;4;4300619;2018;1;18;4;3;2;6;2;0;1;0;0;0;0;0
197537;11;1;1100207;2018;1;10;2;3;3;7;0;1;1;0;0;0;0;1
197538;11;6;6300528;2018;1;8;4;3;2;6;0;0;1;0;0;0;0;1
197539;11;4;4300414;2018;1;17;2;3;0;6;2;1;0;0;1;0;0;1
197540;11;4;4300518;2018;1;18;4;3;5;2;2;1;1;0;0;0;0;0
197541;11;9;9401534;2018;1;7;4;2;6;2;1;0;1;1;0;0;0;1
197542;11;3;3300516;2018;1;17;2;3;6;2;2;0;1;1;0;0;0;1
197543;11;8;8100207;2018;1;7;4;3;1;5;1;1;1;0;0;0;0;1
197544;11;12;12601031;2018;1;17;2;3;6;2;1;0;1;1;0;0;0;1
197545;11;3;3601450;2018;1;16;2;3;2;6;2;0;1;0;0;0;0;0
197546;11;4;4300414;2018;1;7;4;3;6;2;1;0;1;1;0;0;0;1
197547;11;5;5100316;2018;1;17;2;3;5;2;2;1;0;0;0;0;1;1
197548;11;1;1200517;2018;1;7;4;3;0;6;1;0;1;0;1;0;0;1
197549;11;1;1401049;2018;1;17;2;2;2;6;2;0;1;0;0;0;1;0
197550;11;11;11300721;2018;1;5;4;3;0;1;2;0;1;0;1;0;0;1
197551;11;4;4100101;2018;1;16;2;3;0;1;2;1;0;0;0;0;0;1
197552;11;10;10100210;2018;1;15;2;3;5;3;0;1;1;0;0;0;0;0
197553;11;1;1100103;2018;1;13;4;3;5;3;0;1;1;0;0;0;0;1
197554;11;1;1200520;2018;1;14;2;3;5;2;0;0;1;0;0;0;0;0
197555;11;3;3200205;2018;1;6;3;2;0;5;2;0;1;0;0;0;0;0
197556;11;10;10100311;2018;1;14;2;2;3;6;0;0;1;0;0;1;0;0
197557;11;1;1100308;2018;1;14;2;3;5;2;0;1;0;0;0;0;1;0
197558;11;7;7200307;2018;1;23;3;3;5;2;2;1;1;0;0;0;0;1
197559;11;11;11300724;2018;1;14;2;3;3;2;0;0;1;0;0;1;0;0
197560;11;7;7200307;2018;1;7;3;3;6;4;0;0;1;1;0;0;0;0
197561;11;8;8401139;2018;1;9;3;3;2;6;0;0;1;0;0;0;1;1
197562;11;3;3601450;2018;1;9;2;3;5;2;0;0;1;0;0;0;0;1
197563;11;4;4300619;2018;1;12;3;3;5;2;0;1;1;0;0;0;0;0
197564;11;4;4100101;2018;1;10;3;3;5;2;0;0;1;0;0;0;0;0
197565;11;5;5100208;2018;1;7;2;3;2;6;0;0;1;0;0;0;0;1
197566;11;1;1100313;2018;1;9;2;2;6;4;0;0;1;1;0;0;0;1
197567;11;8;8100415;2018;1;9;3;3;5;3;0;0;1;0;0;0;0;0
197568;11;12;12500930;2018;1;9;2;3;5;2;0;0;1;0;0;0;1;1
197569;11;2;2300417;2018;1;7;3;3;1;5;0;1;0;0;0;1;0;1
197570;11;9;9200715;2018;1;7;3;3;5;3;1;0;1;0;0;0;0;1
197571;11;7;7501134;2018;1;10;3;3;1;5;0;0;1;0;0;0;1;0
197572;11;9;9200715;2018;1;8;2;3;3;6;0;0;1;0;0;1;0;0
197573;11;1;1401046;2018;1;6;3;3;6;4;2;0;1;1;0;0;0;0
197574;11;12;12100103;2018;1;6;3;2;6;2;2;0;1;1;0;0;0;1
197575;11;4;4501043;2018;1;8;2;3;5;3;0;1;1;0;0;0;0;1
197576;11;11;11100308;2018;1;10;3;3;2;6;0;0;1;0;0;0;1;1
197577;11;9;9200818;2018;1;5;3;3;3;6;2;0;1;0;0;0;1;1
197578;11;5;5200629;2018;1;7;2;2;3;6;0;0;1;0;1;0;0;1
197579;11;11;11100309;2018;1;17;3;3;5;2;2;1;1;0;0;0;0;1
197580;11;9;9200715;2018;1;7;2;3;2;6;0;0;1;0;0;0;1;0
197581;11;1;1200627;2018;1;7;2;3;5;3;1;1;1;0;0;0;0;1
197582;11;2;2400624;2018;1;18;3;3;1;5;2;1;0;0;0;0;1;1
197583;11;8;8100209;2018;1;7;2;3;2;7;0;0;1;0;0;0;0;0
197584;11;6;6100205;2018;1;18;3;2;6;4;2;0;1;1;0;0;0;0
197585;11;6;6400844;2018;1;7;2;3;5;2;1;1;1;0;0;0;0;1
197586;11;7;7601442;2018;1;17;3;3;6;2;2;0;1;1;0;0;0;0
197587;11;7;7501029;2018;1;7;2;3;5;2;2;1;1;0;0;0;0;0
197588;11;3;3601450;2018;1;16;3;3;5;3;1;1;1;0;0;0;0;1
197589;11;12;12200309;2018;1;7;2;3;6;4;2;0;1;1;0;0;0;1
197590;11;2;2300314;2018;1;6;2;3;6;4;1;0;1;1;0;0;0;0
197591;11;10;10200524;2018;1;16;3;3;6;4;1;0;1;1;0;0;0;1
197592;11;5;5100211;2018;1;6;2;2;6;4;2;0;1;1;0;0;0;1
197593;11;4;4400726;2018;1;12;1;3;0;1;0;0;0;0;1;0;0;1
197594;11;1;1300733;2018;1;16;3;3;0;7;0;0;1;0;0;0;0;1
197595;11;7;7501032;2018;1;10;1;3;6;4;0;0;1;1;0;0;0;0
197596;11;11;11400928;2018;1;15;3;2;5;3;0;1;1;0;0;0;0;1
197597;11;11;11300722;2018;1;17;1;3;2;7;2;1;1;0;0;0;0;0
197598;11;7;7400720;2018;1;15;3;3;1;5;0;1;1;0;0;0;0;1
197599;11;2;2300419;2018;1;15;1;3;6;4;0;0;0;1;0;0;1;0
197600;11;1;1200626;2018;1;15;3;3;6;2;0;0;1;1;0;0;0;1
197601;11;3;3701554;2018;1;14;1;3;5;2;0;1;1;0;0;0;0;1
197602;11;1;1100313;2018;1;8;3;3;5;2;0;1;1;0;0;0;0;0
197603;11;5;5100316;2018;1;13;1;2;6;4;0;0;1;1;0;0;0;1
197604;11;1;1100313;2018;1;12;3;3;0;2;0;1;0;0;0;0;1;0
197605;11;9;9100407;2018;1;22;1;3;8;1;2;0;1;0;0;0;0;1
197606;11;9;9300920;2018;1;20;3;3;1;5;2;0;1;0;0;0;0;1
197607;11;1;1300836;2018;1;8;1;3;2;6;0;0;1;0;0;0;0;1
197608;11;4;4400728;2018;1;9;3;1;1;5;0;1;0;0;0;1;0;1
197609;11;8;8100105;2018;1;19;1;3;3;6;2;0;1;0;0;0;0;1
197610;11;3;3701657;2018;1;11;2;3;0;5;0;0;1;0;0;0;1;0
197611;11;5;5300735;2018;1;19;1;3;6;4;2;0;0;1;0;0;1;1
197612;11;4;4501045;2018;1;18;1;3;6;4;2;1;0;1;0;0;0;1
197613;11;12;12500927;2018;1;19;2;3;5;2;2;0;1;0;0;0;0;1
197614;11;4;4501042;2018;1;18;1;3;3;6;2;1;1;0;0;0;0;0
197615;11;1;1300732;2018;1;19;2;3;0;7;2;0;0;0;1;0;0;1
197616;11;1;1100207;2018;1;15;7;3;6;4;0;0;0;1;0;0;1;0
197617;11;3;3601141;2018;1;18;2;2;2;2;2;1;1;0;0;0;0;1
197618;11;8;8100520;2018;1;16;2;3;3;6;0;0;1;0;0;0;1;0
197619;11;8;8200831;2018;1;14;7;3;2;6;0;0;1;0;0;0;0;0
197620;11;7;7601238;2018;1;13;2;3;1;5;0;1;1;0;0;0;0;0
197621;11;9;9301025;2018;1;14;7;3;5;3;0;0;1;0;0;0;0;0
197622;11;4;4200310;2018;1;13;7;3;5;2;0;1;1;0;0;0;0;0
197623;11;8;8100209;2018;1;13;2;3;5;2;0;0;1;0;0;0;0;0
197624;11;1;1100207;2018;1;11;7;3;5;3;0;0;1;0;0;0;0;0
197625;11;2;2200207;2018;2;9;6;3;2;6;0;0;1;0;0;0;0;0
197626;11;7;7300517;2018;1;11;2;3;0;6;0;0;1;0;1;0;0;1
197627;11;10;10100312;2018;1;7;7;3;5;2;2;1;1;0;0;0;0;1
197628;11;2;2200209;2018;2;6;6;3;9;1;1;0;0;0;1;0;0;0
197629;11;7;7400927;2018;1;10;2;3;5;3;0;0;1;0;0;0;0;1
197630;11;1;1100312;2018;1;2;7;3;6;4;2;0;1;1;0;0;0;0
197631;11;10;10400938;2018;2;6;6;3;0;1;1;1;0;0;0;0;0;2
197632;11;4;4300415;2018;2;13;5;3;0;6;0;1;0;0;0;0;1;0
197633;11;2;2200211;2018;1;10;2;3;6;4;0;1;0;1;0;0;0;0
197634;11;2;2200210;2018;2;9;5;3;5;7;0;1;1;0;0;0;0;0
197635;11;2;2400521;2018;1;15;7;3;2;2;0;0;1;0;0;0;0;0
197636;11;6;6300634;2018;2;10;5;2;6;7;0;1;0;1;0;0;0;0
197637;11;7;7400824;2018;1;10;2;3;5;2;0;0;1;0;0;0;0;0
197638;11;2;2400624;2018;1;9;2;3;2;7;0;1;0;0;0;0;1;0
197639;11;1;1400938;2018;1;9;7;3;5;3;0;0;1;0;0;0;0;0
197640;11;3;3501037;2018;2;10;5;2;5;3;0;1;0;0;0;0;0;0
197641;11;1;1100102;2018;1;8;2;3;2;6;0;0;1;0;0;0;1;1
197642;11;3;3500933;2018;1;16;7;3;8;1;0;0;1;0;0;0;0;0
197643;11;8;8100416;2018;1;23;7;3;5;7;2;1;1;0;0;0;0;0
197644;11;4;4501040;2018;2;19;5;3;2;6;2;0;1;0;0;0;0;0
197645;11;3;3300516;2018;1;8;2;2;9;1;0;0;1;0;0;0;0;1
197646;11;1;1401043;2018;2;19;5;3;6;7;2;0;1;1;0;0;0;0
197647;11;6;6100209;2018;1;7;2;3;0;1;1;0;0;0;1;0;0;1
197648;11;4;4501042;2018;2;19;5;3;2;6;2;1;1;0;0;0;0;0
197649;11;3;3701660;2018;1;7;2;2;0;3;0;1;0;0;0;0;0;0
197650;11;1;1100308;2018;2;12;5;3;6;4;0;0;0;1;0;0;1;0
197651;11;9;9200717;2018;1;22;7;3;5;3;2;0;1;0;0;0;0;0
197652;11;2;2400623;2018;2;19;5;3;5;7;2;1;1;0;0;0;0;0
197653;11;6;6400841;2018;1;7;2;3;5;3;0;0;1;0;0;0;0;0
197654;11;1;1300731;2018;1;20;7;3;6;4;2;0;0;1;0;0;1;1
197655;11;1;1100310;2018;2;18;5;3;5;2;2;1;1;0;0;0;0;0
197656;11;5;5400943;2018;1;7;2;3;5;2;0;1;1;0;0;0;0;0
197657;11;3;3400619;2018;1;7;2;2;6;4;0;0;1;1;0;0;0;0
197658;11;8;8401246;2018;1;19;7;2;6;4;2;0;1;1;0;0;0;1
197659;11;1;1300730;2018;1;17;7;3;5;2;1;0;1;0;0;0;0;0
197660;11;2;2100104;2018;2;17;5;2;6;4;2;0;1;1;0;0;0;0
197661;11;1;2300314;2018;1;18;1;3;6;7;2;0;1;1;0;0;0;0
197662;11;11;11501340;2018;1;11;6;3;4;6;0;1;0;0;0;0;1;0
197663;11;2;2100104;2018;2;17;5;3;2;6;2;0;1;0;0;0;0;0
197664;11;2;2300314;2018;1;3;1;2;6;4;2;0;1;1;0;0;0;1
197665;11;1;1300836;2018;2;11;5;3;6;4;0;0;1;1;0;0;0;0
197666;11;3;3501038;2018;1;4;1;2;5;7;2;0;1;0;0;0;1;1
197667;11;1;1100103;2018;2;20;7;3;6;2;2;0;1;1;0;0;0;0
197668;11;8;8300934;2018;2;17;4;3;2;6;2;0;1;0;0;0;0;0
197669;11;1;1300732;2018;2;19;7;3;4;1;2;0;1;0;1;0;0;0
197670;11;7;7601544;2018;2;18;3;2;6;2;2;0;1;1;0;0;0;0
197671;11;7;7501030;2018;2;20;7;3;2;2;2;0;1;0;0;0;0;0
197672;11;7;7400822;2018;2;18;7;3;2;6;2;0;1;0;0;0;0;0
197673;11;11;11300721;2018;2;16;7;3;6;4;1;0;1;1;0;0;0;0
197674;11;3;3400724;2018;2;7;4;3;5;2;0;1;1;0;0;0;0;1
197675;11;1;1100312;2018;2;15;7;3;2;2;0;0;1;0;1;0;0;0
197676;11;11;11300725;2018;2;9;3;3;5;3;0;0;1;0;0;0;0;1
197677;11;12;12601133;2018;2;14;7;3;6;7;0;0;1;1;0;0;0;1
197678;11;5;5100316;2018;2;12;7;3;2;6;0;0;1;0;0;0;0;0
197679;11;6;6300633;2018;2;1;7;3;4;6;2;1;0;0;0;0;1;2
197680;11;4;4501043;2018;2;12;3;3;5;2;0;1;1;0;0;0;0;1
197681;11;8;8200622;2018;2;19;7;1;6;4;2;0;1;1;0;0;0;0
197682;11;1;1200625;2018;2;11;6;3;5;7;0;1;1;0;0;0;0;0
197683;11;1;1100310;2018;2;10;2;3;6;7;0;1;0;1;0;0;0;0
197684;11;12;12200309;2018;2;19;6;3;3;6;2;0;1;0;0;0;0;0
197685;11;2;2100106;2018;2;6;2;3;5;3;1;1;0;0;0;0;0;1
197686;11;10;10100316;2018;2;17;6;3;2;2;2;0;1;0;0;0;0;0
197687;11;9;9200715;2018;2;14;6;3;5;2;0;0;1;0;0;0;0;0
197688;11;4;4500938;2018;2;10;4;3;2;6;0;0;1;0;0;0;0;0
197689;11;4;4200311;2018;2;14;6;3;2;6;0;0;1;0;0;0;0;0
197690;11;2;2400625;2018;2;6;3;3;0;1;1;0;0;0;1;0;0;2
197691;11;8;8301037;2018;2;13;6;3;2;6;0;0;1;0;0;0;1;0
197692;11;2;2200207;2018;2;13;6;3;5;2;0;0;1;0;0;0;0;0
197693;11;1;1100309;2018;2;13;6;3;6;4;0;0;1;1;0;0;0;0
197694;11;5;5300840;2018;2;21;4;3;1;1;2;0;1;0;0;0;1;2
197695;11;4;4500939;2018;2;12;6;3;2;2;0;0;1;0;0;0;0;0
197696;11;3;3501038;2018;2;11;6;3;1;5;0;0;1;0;0;0;0;0
197697;11;8;8200726;2018;2;1;3;3;0;5;2;0;1;0;0;0;1;1
197698;11;1;1100310;2018;2;15;6;3;5;3;0;1;1;0;0;0;0;0
197699;11;11;11200411;2018;2;7;6;3;5;2;1;1;1;0;0;0;0;0
197700;11;8;8100207;2018;2;13;4;3;6;2;0;0;1;1;0;0;0;0
197701;11;8;8100102;2018;2;7;6;3;5;3;1;0;1;0;0;0;0;0
197702;11;4;4500938;2018;2;14;2;3;1;5;0;1;1;0;0;0;0;0
197703;11;1;1100416;2018;2;22;6;2;0;1;2;1;0;0;0;0;0;0
197704;11;2;2400623;2018;2;21;6;2;0;1;2;1;0;0;0;0;0;2
197705;11;4;4200309;2018;2;19;4;3;6;4;2;0;1;1;0;0;0;0
197706;11;3;3601243;2018;2;19;6;2;6;4;2;0;1;1;0;0;0;0
197707;11;1;1401046;2018;2;14;3;3;5;2;0;0;1;0;0;0;0;0
197708;11;5;5200629;2018;2;4;6;3;1;1;2;0;1;0;0;0;0;0
197709;11;9;9300920;2018;2;5;6;3;2;6;2;0;1;0;0;0;0;0
197710;11;3;3400620;2018;2;16;2;3;2;6;1;0;1;0;0;0;0;1
197711;11;9;9401534;2018;2;6;6;3;2;6;2;1;1;0;0;0;0;0
197712;11;2;2100102;2018;2;12;5;3;6;7;0;0;1;1;0;0;0;0
197713;11;11;11100206;2018;2;17;2;3;5;3;1;0;1;0;1;0;0;0
197714;11;8;8200623;2018;2;17;4;3;1;5;2;0;1;0;0;0;1;0
197715;11;3;3200310;2018;2;9;5;3;5;3;0;1;1;0;0;0;0;0
197716;11;11;11100309;2018;2;19;3;3;6;4;2;0;1;1;0;0;0;0
197717;11;1;1100416;2018;2;8;5;3;5;3;0;1;1;0;0;0;0;0
197718;11;9;9301025;2018;2;8;2;3;6;4;0;0;0;1;0;0;1;0
197719;11;3;3500934;2018;2;7;2;3;5;2;1;1;1;0;0;0;0;1
197720;11;1;1400942;2018;2;8;5;3;5;2;0;0;1;0;0;0;0;0
197721;11;4;4300416;2018;2;9;5;2;5;3;0;0;1;0;0;0;0;0
197722;11;3;3300514;2018;2;8;4;3;2;7;0;0;1;0;0;0;0;1
197723;11;5;5200527;2018;2;12;2;3;5;3;0;1;1;0;0;0;0;0
197724;11;1;1100312;2018;2;9;5;3;0;1;0;1;0;0;0;0;0;2
197725;11;7;7100102;2018;2;14;5;3;3;6;0;0;1;0;0;0;0;0
197726;11;10;10400835;2018;2;15;4;2;6;4;0;0;1;1;0;0;0;0
197727;11;4;4501150;2018;2;14;5;3;0;6;0;0;1;0;0;0;1;0
197728;11;1;1100101;2018;2;10;3;3;1;5;0;0;1;0;0;0;0;1
197729;11;11;11401033;2018;2;15;5;3;1;5;0;0;1;0;0;0;1;0
197730;11;11;11200512;2018;2;15;5;3;5;3;0;1;1;0;0;0;0;0
197731;11;7;7501135;2018;2;8;2;3;5;2;0;1;1;0;0;0;0;1
197732;11;2;2400623;2018;2;18;5;3;2;6;2;0;1;0;0;0;0;0
197733;11;9;9501941;2018;2;18;5;3;0;3;2;0;1;0;0;0;1;0
197734;11;1;1100205;2018;2;18;5;3;0;3;2;0;0;0;1;0;1;0
197735;11;1;1100206;2018;2;10;4;3;5;3;0;0;1;0;0;0;0;1
197736;11;12;12500928;2018;2;19;5;2;1;5;2;0;0;0;1;0;1;0
197737;11;7;7300516;2018;2;6;3;3;1;5;1;1;1;0;0;0;0;1
197738;11;8;8200832;2018;2;20;5;3;6;2;2;0;1;1;0;0;0;0
197739;11;4;4400833;2018;2;20;5;3;1;5;2;0;1;0;0;0;0;0
197740;11;10;10100311;2018;2;7;3;3;2;6;0;0;1;0;0;0;0;2
197741;11;9;9100306;2018;2;23;5;3;5;2;2;1;1;0;0;0;0;0
197742;11;4;4501042;2018;2;21;4;3;6;7;2;0;1;1;0;0;0;0
197743;11;4;4300619;2018;2;19;4;3;2;6;2;1;1;0;0;0;0;0
197744;11;3;3701554;2018;2;23;5;2;4;4;2;1;1;1;0;0;0;1
197745;11;5;5200634;2018;2;18;6;2;6;7;2;0;1;1;0;0;0;1
197746;11;2;2100105;2018;2;18;4;3;5;3;2;1;1;0;0;0;0;0
197747;11;9;9200819;2018;2;10;4;2;0;1;0;0;0;0;1;0;0;0
197748;11;12;12200515;2018;2;8;4;3;1;5;0;0;1;0;0;0;0;0
197749;11;8;8100311;2018;2;16;2;3;5;3;0;0;1;0;0;0;0;0
197750;11;1;1300731;2018;2;17;2;3;2;6;2;0;1;0;0;0;0;1
197751;11;9;9501939;2018;2;15;2;3;6;4;0;0;1;1;0;0;0;0
197752;11;9;9200510;2018;2;17;4;2;5;2;1;1;1;0;0;0;0;0
197753;11;5;5100316;2018;2;16;4;3;2;6;0;0;0;0;0;0;1;0
197754;11;7;7400927;2018;2;18;4;3;0;5;2;0;1;0;1;0;0;1
197755;11;2;2200210;2018;2;16;4;2;6;4;0;0;1;1;0;0;0;0
197756;11;1;1200522;2018;2;16;4;3;5;3;0;0;1;0;0;0;0;0
197757;11;1;1100309;2018;2;16;4;3;3;6;0;1;1;0;0;0;0;0
197758;11;5;5100208;2018;2;15;4;3;5;7;0;0;1;0;0;0;0;0
197759;11;2;2300314;2018;2;14;4;3;5;7;0;0;1;0;0;0;0;0
197760;11;8;8100417;2018;2;5;3;3;6;4;2;0;0;1;0;0;1;0
197761;11;4;4300623;2018;2;13;4;2;2;6;0;0;1;0;0;0;1;0
197762;11;9;9401534;2018;2;16;2;3;2;6;0;0;1;0;0;0;0;0
197763;11;1;1300733;2018;2;17;2;3;2;6;2;0;1;0;0;0;0;1
197764;11;7;7601238;2018;2;12;4;3;2;6;0;0;1;0;0;0;0;0
197765;11;6;6300632;2018;2;11;4;2;1;5;0;0;1;0;0;0;1;0
197766;11;3;3300411;2018;2;5;2;3;5;2;2;0;1;0;0;0;0;1
197767;11;8;8300934;2018;2;16;4;2;5;2;0;0;1;0;0;0;0;0
197768;11;1;1200626;2018;2;9;4;3;0;7;0;0;1;0;1;0;0;1
197769;11;7;7400721;2018;2;12;3;3;5;3;0;0;1;0;0;0;0;0
197770;11;5;5100105;2018;2;18;2;3;5;2;2;1;1;0;0;0;0;0
197771;11;2;2400625;2018;2;9;4;3;2;6;0;0;1;0;0;0;0;0
197772;11;12;12200309;2018;2;8;4;3;5;3;0;1;1;0;0;0;0;0
197773;11;12;12400618;2018;2;15;3;3;5;2;0;1;1;0;0;0;0;0
197774;11;8;8401243;2018;2;13;3;3;5;3;0;1;1;0;0;0;0;0
197775;11;5;5100316;2018;2;18;2;2;6;4;2;0;1;1;0;0;0;1
197776;11;5;5200633;2018;2;12;3;3;0;6;0;0;1;0;0;0;0;0