OBJECTID;LAND;BEZ;LOR_ab_2021;UJAHR;UMONAT;USTUNDE;UWOCHENTAG;UKATEGORIE;UART;UTYP1;ULICHTVERH;IstRad;IstPKW;IstFuss;IstKrad;IstGkfz;IstSonstige;USTRZUSTAND
197777;11;1;1401045;2018;2;13;3;2;0;2;0;0;1;0;0;0;1;0
197778;11;1;1400938;2018;2;6;4;2;5;3;2;1;1;0;0;0;0;0
197779;11;3;3500934;2018;2;20;3;3;5;2;2;1;0;0;0;0;1;0
197780;11;11;11501341;2018;2;9;3;3;2;6;0;0;1;0;0;1;0;0
197781;11;3;3200308;2018;2;18;2;3;5;3;2;1;1;0;0;0;0;0
197782;11;8;8100102;2018;2;12;3;3;2;6;0;0;1;0;0;0;0;0
197783;11;1;1400938;2018;2;18;3;3;5;2;2;0;1;0;1;0;0;0
197784;11;4;4501045;2018;2;18;2;3;5;7;2;0;1;0;0;0;0;1
197785;11;7;7601238;2018;2;19;3;2;6;2;2;0;1;1;0;0;0;0
197786;11;5;5100316;2018;2;17;6;3;5;2;2;1;1;0;0;0;0;0
197787;11;1;1100310;2018;2;23;3;3;5;3;2;1;1;0;0;0;0;0
197788;11;2;2300315;2018;2;16;3;3;1;5;0;1;1;0;0;0;1;0
197789;11;1;1100205;2018;2;15;3;3;5;3;0;1;0;0;0;0;1;0
197790;11;3;3601244;2018;2;14;3;3;5;3;0;1;1;0;0;0;0;0
197791;11;7;7400720;2018;2;9;4;3;6;4;0;0;1;1;0;0;0;0
197792;11;9;9200510;2018;2;13;3;3;6;4;0;0;1;1;0;0;0;0
197793;11;11;11501340;2018;2;7;3;3;5;3;0;0;1;0;0;0;0;2
197794;11;2;2100101;2018;2;19;2;3;1;5;2;1;1;0;0;0;1;0
197795;11;10;10200421;2018;2;6;3;3;5;3;1;1;1;0;0;0;0;0
197796;11;10;10300731;2018;2;13;3;2;1;5;0;1;1;0;0;0;0;0
197797;11;12;12601236;2018;2;12;3;3;2;6;0;0;1;0;0;0;0;0
197798;11;1;1401045;2018;2;8;4;2;6;4;0;1;0;1;0;0;0;0
197799;11;3;3500933;2018;2;6;6;3;6;2;2;0;1;1;0;0;0;0
197800;11;6;6300633;2018;2;10;3;3;2;6;0;0;1;0;0;0;0;0
197801;11;1;1400937;2018;2;7;3;3;6;7;0;1;0;1;0;0;0;0
197802;11;7;7400927;2018;2;10;3;2;5;3;0;0;1;0;0;0;0;0
197803;11;4;4501150;2018;2;16;2;3;6;4;1;0;1;1;0;0;0;1
197804;11;4;4501041;2018;2;12;4;3;2;6;0;0;1;0;0;0;0;0
197805;11;3;3601244;2018;2;9;3;3;5;3;0;1;1;0;0;0;0;0
197806;11;8;8300934;2018;2;15;2;3;2;2;0;1;1;0;0;0;0;0
197807;11;7;7300516;2018;2;19;2;3;6;4;2;0;1;1;0;0;0;0
197808;11;1;1100206;2018;2;18;2;3;2;6;2;0;1;0;0;0;0;1
197809;11;3;3500934;2018;2;16;2;3;0;3;0;0;1;0;0;0;1;0
197810;11;12;12100204;2018;2;19;4;3;5;2;2;0;1;0;0;0;0;0
197811;11;5;5100208;2018;2;21;2;3;6;2;2;0;1;1;0;0;0;0
197812;11;7;7501134;2018;2;18;2;3;6;2;2;0;1;1;0;0;0;0
197813;11;5;5200629;2018;2;14;3;3;6;4;0;0;1;1;0;0;0;0
197814;11;11;11200514;2018;2;18;2;3;5;3;2;0;1;0;0;0;0;0
197815;11;5;5100211;2018;2;20;2;3;5;2;2;0;1;0;0;0;0;1
197816;11;4;4501043;2018;2;17;2;3;5;2;2;0;1;0;0;0;0;0
197817;11;5;5200527;2018;2;17;2;2;6;4;1;0;1;1;0;0;0;0
197818;11;6;6100205;2018;2;20;2;3;6;4;2;0;1;1;0;0;0;0
197819;11;3;3100101;2018;2;16;2;3;5;3;0;1;1;0;0;0;0;0
197820;11;4;4300416;2018;2;16;2;3;5;7;0;1;1;0;0;0;0;0
197821;11;1;1100311;2018;2;17;4;3;5;3;1;0;1;0;0;0;0;1
197822;11;3;3200308;2018;2;15;2;3;6;4;0;0;1;1;0;0;0;0
197823;11;4;4501153;2018;2;16;3;2;5;2;0;1;1;0;0;0;0;2
197824;11;1;1300731;2018;2;19;2;2;0;1;2;0;0;0;1;0;0;2
197825;11;7;7601238;2018;2;15;2;3;5;2;0;1;1;0;0;0;0;0
197826;11;9;9200613;2018;2;22;1;3;1;7;2;0;1;0;0;0;0;1
197827;11;4;4500938;2018;2;12;2;3;5;3;0;0;1;0;0;0;0;0
197828;11;6;6200313;2018;2;14;2;3;6;4;0;1;0;1;0;0;0;0
197829;11;7;7400826;2018;2;11;2;3;0;3;0;1;0;0;0;0;1;0
197830;11;4;4501152;2018;2;7;4;3;5;2;0;0;1;0;0;0;0;1
197831;11;12;12500926;2018;2;15;2;2;5;2;0;1;0;0;0;1;0;0
197832;11;4;4400727;2018;2;8;3;3;6;4;0;0;1;1;0;0;0;1
197833;11;9;9200819;2018;2;21;1;3;9;1;2;0;1;0;0;0;0;1
197834;11;6;6200421;2018;2;15;4;3;3;6;0;0;1;0;0;0;1;0
197835;11;6;6300631;2018;2;15;2;3;2;6;0;0;1;0;0;0;0;0
197836;11;7;7400822;2018;2;11;3;3;5;3;0;1;1;0;0;0;0;0
197837;11;9;9200512;2018;2;21;1;3;5;2;2;0;1;0;0;0;1;0
197838;11;4;4400726;2018;2;14;2;2;5;3;0;0;1;0;0;0;0;0
197839;11;8;8300935;2018;2;14;2;3;0;7;0;0;1;0;0;0;0;0
197840;11;1;1400937;2018;2;20;1;3;5;3;2;0;1;0;0;0;0;1
197841;11;7;7400927;2018;2;13;2;3;5;3;0;0;1;0;0;1;0;0
197842;11;7;7400822;2018;2;12;2;3;2;6;0;0;1;0;0;1;0;0
197843;11;1;1200522;2018;2;11;2;3;6;4;0;0;0;1;0;1;0;0
197844;11;6;6100205;2018;2;10;4;3;5;7;0;0;1;0;0;0;0;0
197845;11;2;2300418;2018;2;15;2;3;5;3;0;1;1;0;0;0;0;0
197846;11;9;9501737;2018;2;10;2;2;6;4;0;0;1;1;0;0;0;0
197847;11;1;1100310;2018;2;6;3;3;5;2;0;0;1;0;0;0;1;2
197848;11;1;1200522;2018;2;17;1;3;5;2;2;0;1;0;1;0;0;1
197849;11;8;8100209;2018;2;10;2;3;5;2;0;0;1;0;0;0;0;0
197850;11;2;2200210;2018;2;10;2;3;5;3;0;1;1;0;0;0;0;1
197851;11;2;2100106;2018;2;14;1;3;0;1;0;1;0;0;0;0;0;1
197852;11;10;10100313;2018;2;8;2;3;2;6;0;0;1;0;0;0;0;0
197853;11;8;8100311;2018;2;21;4;3;5;3;2;0;1;0;0;0;0;1
197854;11;6;6100205;2018;2;6;2;3;5;2;2;0;1;0;0;0;1;1
197855;11;5;5200629;2018;2;6;2;3;5;2;2;1;1;0;0;0;0;1
197856;11;8;8100520;2018;2;6;2;3;6;2;2;0;1;1;0;0;0;1
197857;11;10;10400941;2018;2;12;1;3;5;3;0;0;1;0;0;0;0;0
197858;11;2;2100102;2018;2;6;2;3;2;1;2;0;1;0;0;0;0;2
197859;11;12;12200411;2018;2;12;5;3;5;2;0;1;1;0;0;0;0;0
197860;11;1;1200629;2018;2;7;6;3;5;3;1;1;1;0;0;0;0;1
197861;11;6;6200421;2018;2;3;2;3;5;3;2;0;1;0;0;1;0;1
197862;11;11;11100204;2018;2;14;4;2;6;4;0;0;0;1;0;0;1;0
197863;11;6;6100205;2018;2;18;2;1;6;4;2;0;0;1;0;0;1;0
197864;11;8;8100415;2018;2;18;2;3;3;6;2;1;1;0;0;0;0;1
197865;11;10;10200524;2018;2;11;1;2;6;4;0;0;1;1;0;0;0;1
197866;11;7;7400927;2018;2;22;1;3;5;3;2;0;1;0;0;0;0;1
197867;11;11;11300721;2018;2;18;1;3;0;3;2;0;0;0;1;0;1;1
197868;11;11;11300721;2018;2;17;4;3;1;5;2;0;1;0;0;1;0;0
197869;11;3;3200308;2018;2;17;1;3;6;2;2;0;1;1;0;0;0;1
197870;11;3;3400620;2018;2;14;3;3;6;4;0;0;1;1;0;0;0;0
197871;11;1;2100101;2018;2;16;1;3;2;6;2;0;1;0;0;0;0;1
197872;11;4;4400832;2018;2;16;3;3;6;7;0;1;0;1;0;0;0;0
197873;11;12;12500824;2018;2;16;1;3;2;6;1;0;1;0;0;0;0;1
197874;11;1;1100313;2018;2;16;2;3;3;6;1;0;1;0;1;0;0;0
197875;11;8;8100415;2018;2;3;1;3;2;7;2;0;1;0;0;0;1;1
197876;11;5;5100104;2018;2;14;1;3;0;7;0;0;1;0;0;0;0;0
197877;11;6;6200421;2018;2;14;1;2;0;1;0;0;1;1;0;0;0;0
197878;11;4;4400835;2018;2;17;2;2;5;3;1;0;1;0;0;0;0;1
197879;11;4;4300622;2018;2;17;4;3;5;2;1;0;1;0;0;0;1;0
197880;11;4;4400835;2018;2;13;1;3;6;2;0;0;1;1;0;0;0;0
197881;11;12;12500824;2018;2;15;3;2;2;6;0;0;1;0;0;0;0;0
197882;11;10;10400938;2018;2;22;7;3;9;1;2;0;1;0;0;0;0;1
197883;11;4;4501150;2018;2;9;1;3;5;2;0;1;1;0;0;0;0;0
197884;11;5;5200524;2018;2;20;7;3;5;3;2;0;1;0;0;0;0;0
197885;11;2;2200210;2018;2;1;1;3;5;3;2;0;1;0;0;0;0;0
197886;11;3;3701660;2018;2;19;7;3;6;2;2;0;1;1;0;0;0;1
197887;11;2;2200213;2018;2;18;7;3;6;4;2;1;0;1;0;0;0;0
197888;11;11;11300721;2018;2;11;7;3;5;7;0;0;1;0;0;0;0;0
197889;11;1;1100104;2018;2;14;4;3;6;2;0;0;0;1;0;1;0;0
197890;11;2;2400521;2018;2;11;7;3;5;2;0;0;1;0;0;0;0;0
197891;11;5;5400944;2018;2;8;3;2;6;6;0;0;1;1;0;0;0;0
197892;11;1;1100206;2018;2;12;7;3;5;5;0;1;1;0;0;0;0;1
197893;11;7;7601442;2018;2;13;7;3;2;6;0;0;1;0;0;0;0;0
197894;11;2;2200212;2018;2;16;7;2;2;7;1;0;1;0;0;0;0;0
197895;11;9;9100101;2018;2;9;6;3;5;2;0;1;0;0;0;1;0;0
197896;11;5;5300839;2018;2;17;7;2;1;5;1;0;1;0;1;0;0;0
197897;11;4;4300624;2018;2;10;4;3;2;6;0;0;1;0;0;0;1;1
197898;11;9;9301126;2018;2;18;7;3;2;6;2;0;1;0;0;0;0;1
197899;11;1;1100207;2018;2;18;7;3;5;2;2;1;1;0;0;0;0;0
197900;11;8;8100104;2018;2;8;4;3;2;6;0;0;1;0;0;0;0;1
197901;11;5;5100317;2018;2;18;7;3;2;6;2;0;1;0;0;0;0;0
197902;11;10;10400938;2018;2;7;3;3;5;3;0;0;1;0;0;0;0;1
197903;11;2;2300314;2018;2;16;6;3;1;5;0;1;1;0;0;0;0;0
197904;11;3;3701658;2018;2;20;6;3;0;7;1;1;1;0;0;0;0;1
197905;11;5;5100206;2018;2;15;6;3;5;3;0;0;1;0;0;0;0;0
197906;11;11;11300724;2018;2;22;5;2;5;3;2;1;1;0;0;0;0;1
197907;11;6;6200312;2018;2;18;6;3;5;3;2;0;1;0;0;0;0;1
197908;11;8;8100314;2018;2;13;6;3;5;2;0;0;0;0;1;0;1;0
197909;11;3;3701556;2018;2;14;3;3;6;4;0;0;1;1;0;0;0;1
197910;11;5;5100314;2018;2;11;6;3;6;4;0;0;1;1;0;0;0;0
197911;11;10;10400837;2018;2;16;2;3;5;3;0;0;1;0;0;0;0;0
197912;11;10;10100209;2018;2;12;2;3;2;6;0;0;1;0;0;0;0;0
197913;11;8;8100209;2018;2;11;6;3;6;4;0;0;1;1;0;0;0;0
197914;11;12;12601235;2018;2;19;2;3;2;6;2;0;1;0;0;0;0;1
197915;11;10;10400940;2018;2;10;6;3;5;3;0;0;1;0;0;0;1;0
197916;11;11;11300616;2018;2;20;6;3;6;4;2;0;1;1;0;0;0;0
197917;11;7;7400721;2018;2;0;4;3;0;1;2;1;0;0;0;0;0;0
197918;11;10;10100311;2018;2;9;6;3;5;2;0;1;0;0;0;0;1;0
197919;11;7;7100205;2018;2;19;6;3;5;3;2;1;1;0;0;0;0;1
197920;11;4;4300623;2018;2;15;3;3;6;2;0;0;1;1;0;0;0;1
197921;11;1;1200520;2018;2;19;6;3;5;2;2;1;1;0;0;0;0;1
197922;11;4;4300518;2018;2;8;6;3;2;6;0;0;1;0;0;0;1;1
197923;11;8;8100521;2018;2;16;2;3;2;6;1;0;1;0;0;0;0;0
197924;11;10;10300732;2018;2;16;4;3;5;3;0;1;1;0;0;0;0;0
197925;11;2;2100105;2018;2;9;6;3;5;3;0;1;1;0;0;0;0;0
197926;11;11;11200513;2018;2;15;5;3;0;2;0;1;0;0;0;0;1;0
197927;11;3;3400619;2018;2;10;2;2;1;7;0;0;1;0;0;0;0;1
197928;11;8;8100209;2018;2;16;5;3;5;2;0;1;1;0;0;0;0;0
197929;11;9;9200511;2018;2;6;2;2;5;3;0;0;1;0;0;0;0;2
197930;11;10;10300732;2018;2;17;5;3;5;3;1;1;1;0;0;0;0;0
197931;11;1;1401049;2018;2;16;7;3;5;3;0;0;1;0;0;0;0;0
197932;11;7;7200413;2018;2;19;5;3;2;6;2;0;1;0;0;0;0;0
197933;11;3;3500934;2018;2;14;6;2;6;4;0;0;1;1;0;0;0;0
197934;11;3;3500934;2018;2;16;4;3;1;6;0;0;1;0;0;0;0;0
197935;11;1;1100309;2018;2;14;4;3;5;7;0;0;1;0;0;0;1;0
197936;11;4;4300621;2018;2;8;4;3;2;6;0;1;0;0;0;0;0;0
197937;11;6;6200422;2018;2;8;2;3;5;3;0;1;1;0;0;0;0;2
197938;11;12;12100205;2018;2;15;4;3;5;2;0;0;1;0;0;0;0;0
197939;11;10;10100311;2018;2;12;7;2;5;2;0;0;1;0;0;0;1;0
197940;11;2;2500727;2018;2;14;4;3;5;2;0;1;1;0;0;0;0;0
197941;11;10;10200422;2018;2;16;4;3;6;4;0;0;1;1;0;0;0;0
197942;11;8;8100415;2018;2;22;4;2;6;4;2;0;1;1;0;0;0;0
197943;11;9;9301228;2018;2;17;7;3;8;1;1;0;1;0;0;0;0;0
197944;11;2;2200212;2018;2;19;4;3;2;6;2;0;1;0;0;0;0;0
197945;11;1;1100207;2018;2;23;6;3;2;6;2;0;1;0;0;0;0;0
197946;11;5;5100316;2018;2;19;4;3;2;6;2;0;1;0;0;0;0;0
197947;11;4;4300622;2018;2;13;5;3;5;2;0;1;1;0;0;0;0;0
197948;11;5;5300736;2018;2;7;4;3;2;6;0;0;1;0;0;0;0;0
197949;11;7;7200308;2018;2;13;3;3;6;2;0;0;1;1;0;0;0;0
197950;11;9;9502043;2018;2;8;4;2;5;3;0;0;1;0;1;0;0;0
197951;11;11;11501238;2018;2;9;4;3;2;6;0;0;1;0;1;0;0;0
197952;11;2;2500835;2018;2;13;1;3;5;2;0;1;1;0;0;0;0;0
197953;11;8;8401139;2018;2;6;4;3;5;3;1;1;1;0;0;0;0;0
197954;11;1;1400939;2018;2;14;6;3;6;2;0;0;1;1;0;0;1;0
197955;11;2;2500727;2018;2;11;4;3;1;5;0;1;0;0;0;1;0;0
197956;11;10;10200524;2018;2;12;4;3;6;4;0;0;1;1;0;0;1;0
197957;11;5;5100210;2018;2;17;4;3;6;2;1;0;1;1;0;0;0;0
197958;11;9;9100101;2018;2;7;3;3;1;5;0;1;1;0;0;0;0;0
197959;11;1;1100309;2018;2;9;4;3;5;2;0;1;1;0;0;0;0;0
197960;11;4;4501041;2018;2;15;2;3;6;7;0;0;1;1;0;0;0;0
197961;11;3;3400725;2018;2;17;4;3;0;7;2;1;0;0;0;0;0;0
197962;11;1;1100312;2018;2;15;3;3;5;2;0;1;1;0;0;0;0;0
197963;11;1;1100312;2018;2;16;4;3;6;4;0;1;0;1;0;0;0;0
197964;11;10;10200524;2018;2;16;4;2;6;4;0;0;1;1;0;0;0;0
197965;11;7;7200307;2018;2;14;1;2;0;7;0;0;1;0;0;0;0;0
197966;11;2;2500832;2018;2;14;4;3;2;6;0;1;0;0;0;0;0;0
197967;11;7;7100205;2018;2;13;6;3;6;7;0;0;1;1;0;0;0;0
197968;11;8;8100209;2018;2;14;4;3;2;6;0;1;1;0;0;0;0;0
197969;11;8;8200730;2018;2;12;3;3;0;2;0;0;0;0;0;0;1;0
197970;11;5;5100317;2018;2;14;4;3;6;2;0;0;1;1;0;0;0;0
197971;11;11;11400927;2018;2;14;2;3;2;6;0;0;1;0;0;0;0;0
197972;11;1;1100206;2018;2;14;4;3;2;7;0;0;1;0;0;0;0;0
197973;11;10;10300734;2018;2;15;7;3;2;6;0;0;1;0;0;0;0;0
197974;11;8;8100415;2018;2;13;4;3;2;6;0;0;1;0;0;0;0;0
197975;11;4;4100101;2018;2;15;1;3;5;3;0;0;1;0;0;0;0;0
197976;11;7;7300517;2018;2;11;4;2;5;3;0;1;1;0;0;0;0;0
197977;11;6;6400844;2018;2;10;6;3;2;2;0;0;0;0;0;1;1;0
197978;11;4;4100101;2018;2;5;4;3;2;2;2;0;1;0;0;0;0;0
197979;11;5;5200420;2018;2;15;3;3;2;2;0;0;1;0;0;0;0;0
197980;11;4;4501148;2018;2;12;5;3;2;2;0;0;1;0;0;0;0;0
197981;11;8;8401241;2018;2;17;2;3;5;3;1;1;1;0;0;0;0;0
197982;11;6;6100209;2018;2;20;3;3;5;2;2;0;1;0;0;0;0;0
197983;11;2;2200208;2018;2;10;2;3;0;6;0;0;1;0;1;0;0;0
197984;11;4;4300624;2018;2;14;3;3;0;5;0;0;1;0;0;0;1;0
197985;11;8;8100209;2018;2;16;7;3;5;5;0;0;1;0;0;0;0;0
197986;11;2;2100102;2018;2;22;6;2;2;6;2;0;1;0;0;0;0;0
197987;11;1;1100102;2018;2;11;5;3;5;3;0;0;1;0;0;0;0;0
197988;11;7;7300619;2018;2;13;3;3;5;2;0;1;0;0;0;0;1;0
197989;11;8;8100103;2018;2;18;3;3;2;6;2;0;1;0;0;0;0;0
197990;11;11;11300722;2018;2;14;3;3;5;3;0;0;1;0;0;0;0;0
197991;11;3;3601245;2018;2;17;6;3;5;3;2;0;1;0;0;0;0;0
197992;11;8;8100207;2018;2;15;3;3;2;6;0;0;1;0;0;0;0;0
197993;11;6;6300634;2018;2;1;6;3;2;7;2;0;1;0;0;0;0;0
197994;11;5;5200528;2018;2;16;4;3;0;6;0;0;1;0;0;0;1;0
197995;11;6;6300528;2018;2;21;3;3;6;4;2;0;1;1;0;0;0;0
197996;11;2;2500835;2018;2;18;3;3;0;6;2;0;1;0;0;0;1;0
197997;11;5;5200630;2018;2;9;2;3;1;5;0;1;1;0;0;0;0;0
197998;11;5;5100208;2018;2;18;3;3;1;5;2;0;1;0;0;0;1;0
197999;11;2;2400522;2018;2;13;7;3;2;2;0;0;1;0;0;0;0;0
198000;11;1;1200629;2018;2;17;3;3;5;5;1;0;1;0;1;0;0;0
198001;11;12;12500926;2018;2;14;5;3;5;2;0;1;1;0;0;0;0;0
198002;11;4;4300619;2018;2;17;3;3;6;4;1;0;0;1;1;0;0;0
198003;11;6;6300526;2018;2;16;3;3;5;3;0;0;1;0;0;0;0;0
198004;11;1;1100416;2018;2;18;3;3;5;3;2;1;1;0;0;0;0;0
198005;11;9;9200819;2018;2;13;3;2;6;4;0;0;0;1;0;0;1;0
198006;11;1;1100310;2018;2;11;3;3;2;6;0;0;1;0;0;0;0;0
198007;11;6;6400737;2018;2;12;1;3;5;3;0;0;1;0;0;0;0;0
198008;11;12;12500926;2018;2;10;3;3;2;6;0;0;1;0;0;0;0;0
198009;11;2;2100104;2018;2;0;3;2;5;3;2;1;1;0;0;0;0;0
198010;11;5;5100105;2018;2;7;2;3;5;3;0;0;1;0;0;0;1;1
198011;11;4;4400729;2018;2;2;3;3;2;6;2;0;1;0;0;0;0;0
198012;11;4;4300623;2018;2;9;7;2;0;7;0;1;0;0;0;0;0;0
198013;11;11;11200512;2018;2;6;3;3;2;6;1;0;1;0;0;0;1;0
198014;11;10;10100312;2018;2;7;3;2;6;7;0;0;1;1;0;0;0;0
198015;11;10;10400837;2018;2;8;3;3;5;3;0;1;1;0;0;0;0;0
198016;11;6;6300633;2018;2;14;3;3;5;2;0;1;1;0;0;0;0;0
198017;11;2;2100101;2018;2;9;3;3;5;3;0;1;1;0;0;0;0;0
198018;11;2;2200210;2018;2;10;3;3;5;2;0;1;1;0;0;0;0;0
198019;11;8;8100311;2018;2;19;1;3;6;4;2;0;1;1;0;0;0;0
198020;11;9;9100304;2018;2;9;5;3;2;6;0;0;1;0;0;0;0;0
198021;11;8;8100105;2018;2;19;6;3;2;6;2;0;1;0;0;0;0;0
198022;11;4;4501041;2018;2;12;3;3;5;2;0;0;1;0;0;0;0;0
198023;11;11;11300620;2018;2;11;6;3;2;6;0;0;1;0;0;0;0;0
198024;11;10;10100102;2018;2;19;2;3;0;5;2;0;1;0;0;0;1;0
198025;11;1;1400937;2018;2;15;6;3;5;2;0;0;1;0;0;0;0;0
198026;11;1;1100310;2018;2;2;2;2;9;1;2;0;1;1;0;0;0;0
198027;11;11;11200514;2018;2;20;2;3;6;7;2;0;1;1;0;0;0;0
198028;11;2;2100104;2018;2;20;2;3;5;3;2;1;1;0;0;0;0;0
198029;11;8;8300934;2018;2;9;3;3;6;4;0;0;1;1;0;0;0;0
198030;11;3;3400725;2018;2;17;2;2;2;6;1;1;1;0;0;0;0;0
198031;11;6;6200421;2018;2;14;2;3;4;1;0;0;1;0;0;0;0;0
198032;11;4;4501042;2018;2;18;2;3;3;6;2;1;1;0;0;0;0;0
198033;11;2;2200213;2018;2;2;1;3;5;7;2;0;1;0;0;0;0;1
198034;11;3;3701556;2018;2;16;5;3;0;2;0;1;1;0;0;0;0;0
198035;11;3;3300411;2018;2;17;2;3;2;7;1;0;1;0;0;0;1;0
198036;11;6;6400844;2018;2;3;6;3;5;3;2;0;1;0;0;0;0;0
198037;11;5;5200420;2018;2;21;4;3;0;1;2;0;1;0;0;0;0;0
198038;11;4;4100102;2018;2;16;2;3;2;6;0;0;1;0;0;1;0;0
198039;11;12;12500824;2018;2;14;5;3;2;2;0;0;1;0;0;0;0;0
198040;11;1;1400938;2018;2;16;2;3;2;6;0;0;1;0;0;0;0;0
198041;11;1;1100310;2018;2;8;2;3;1;5;0;1;1;0;0;0;0;0
198042;11;1;1300834;2018;2;23;5;2;5;2;2;0;1;0;0;0;0;0
198043;11;2;2200208;2018;2;14;2;3;5;3;0;1;0;0;0;0;1;0
198044;11;4;4501042;2018;2;21;7;3;0;1;2;0;0;0;1;0;0;0
198045;11;1;1200626;2018;2;9;2;3;3;6;0;0;1;0;0;0;0;0
198046;11;1;1401043;2018;2;14;2;3;5;2;0;1;1;0;0;0;0;0
198047;11;3;3601451;2018;2;6;2;3;5;3;2;0;1;0;0;0;0;1
198048;11;6;6300633;2018;2;14;2;3;6;2;0;0;1;1;0;0;0;0
198049;11;1;1300733;2018;2;16;7;3;6;4;0;0;1;1;0;0;0;0
198050;11;7;7200308;2018;2;20;5;3;5;7;2;0;1;0;0;0;0;0
198051;11;1;1300733;2018;2;14;2;3;1;5;0;0;1;0;0;0;1;0
198052;11;10;10100103;2018;2;13;6;3;6;4;0;0;1;1;0;0;0;0
198053;11;5;5300840;2018;2;16;4;3;5;7;0;0;1;0;0;0;0;0
198054;11;12;12200515;2018;2;14;2;3;5;3;0;0;1;0;0;0;0;0
198055;11;10;10100205;2018;2;14;2;2;5;3;0;1;1;0;0;0;0;0
198056;11;4;4200311;2018;2;8;2;3;2;6;0;0;1;0;0;0;0;2
198057;11;5;5200630;2018;2;7;5;3;6;2;0;0;1;1;0;0;0;0
198058;11;2;2500833;2018;2;10;2;3;5;3;0;0;1;0;0;0;0;0
198059;11;1;1300836;2018;2;13;7;3;1;5;0;1;1;0;0;0;0;0
198060;11;4;4501147;2018;2;9;2;3;5;5;0;1;1;0;0;0;0;0
198061;11;12;12500825;2018;2;9;5;3;6;7;0;0;1;1;0;0;0;0
198062;11;3;3500934;2018;2;7;2;3;6;7;0;0;1;1;0;0;0;0
198063;11;8;8200624;2018;2;6;2;3;6;2;2;0;1;1;0;0;0;0
198064;11;7;7400823;2018;2;16;3;3;6;4;0;0;1;1;0;0;0;0
198065;11;6;6100209;2018;2;20;2;3;1;5;2;1;1;0;0;0;0;0
198066;11;11;11300722;2018;2;14;2;2;5;3;0;1;1;0;0;0;0;0
198067;11;6;6200421;2018;2;16;2;2;5;3;0;1;1;0;0;0;0;0
198068;11;3;3500934;2018;2;15;3;3;5;3;0;0;1;0;0;0;0;0
198069;11;9;9100304;2018;2;18;2;2;5;2;2;0;1;0;1;0;0;0
198070;11;2;2100106;2018;2;10;2;1;6;2;0;0;0;1;0;1;0;0
198071;11;6;6400737;2018;2;1;1;2;1;5;2;1;1;0;0;0;0;1
198072;11;12;12400617;2018;2;8;5;3;5;3;0;1;1;0;0;0;0;0
198073;11;5;5100317;2018;2;2;1;3;6;4;2;0;1;1;0;0;0;0
198074;11;2;2300315;2018;2;0;7;3;0;1;2;1;0;0;0;0;0;0
198075;11;8;8200622;2018;2;20;1;3;1;5;2;0;1;0;0;0;0;0
198076;11;3;3601141;2018;2;18;1;3;2;6;2;0;1;0;0;0;0;0
198077;11;11;11400931;2018;2;16;1;2;6;4;1;0;1;1;0;0;0;0
198078;11;8;8200832;2018;2;5;3;2;5;3;2;0;1;0;1;0;1;0
198079;11;3;3300412;2018;2;15;1;3;6;4;0;0;1;1;0;0;0;0
198080;11;5;5100316;2018;2;15;2;3;2;6;0;0;1;0;0;0;1;0
198081;11;6;6200423;2018;2;9;1;2;5;3;0;1;1;0;0;0;0;0
198082;11;1;1100308;2018;2;16;1;3;2;6;0;0;1;0;0;0;0;0
198083;11;2;2200211;2018;2;8;1;3;6;7;0;0;0;1;0;0;1;0
198084;11;4;4300518;2018;2;13;1;2;5;2;0;0;1;0;0;0;0;0
198085;11;3;3400828;2018;2;8;5;3;5;3;0;0;1;0;0;0;0;0
198086;11;2;2500831;2018;2;6;1;3;5;3;2;0;1;0;0;0;1;0
198087;11;1;1300835;2018;2;6;6;3;0;2;2;0;1;0;1;0;0;0
198088;11;3;3200310;2018;2;2;1;3;0;1;2;1;0;0;0;0;0;0
198089;11;1;1100206;2018;2;5;1;3;5;3;2;0;1;0;0;0;0;0
198090;11;11;11100309;2018;2;10;3;3;6;4;0;0;1;1;0;0;0;0
198091;11;8;8100415;2018;2;20;7;3;6;7;2;0;1;1;0;0;0;0
198092;11;6;6300633;2018;2;12;2;3;5;3;0;0;1;0;0;0;0;0
198093;11;7;7400825;2018;2;0;7;3;2;3;2;0;1;0;0;0;0;0
198094;11;8;8200727;2018;2;13;7;3;2;6;0;0;1;0;0;0;0;0
198095;11;3;3501038;2018;2;5;5;3;5;3;2;1;1;0;0;0;0;0
198096;11;11;11300620;2018;2;12;7;2;5;2;0;0;1;0;0;0;0;0
198097;11;1;1300834;2018;2;10;6;2;5;3;0;0;1;0;0;0;0;0
198098;11;4;4300624;2018;2;18;4;2;0;5;2;1;1;0;0;0;0;0
198099;11;11;11401032;2018;2;12;7;3;5;3;0;0;1;0;0;0;0;0
198100;11;7;7601341;2018;2;6;5;3;0;5;2;0;1;0;0;0;0;0
198101;11;1;1100101;2018;2;12;7;3;6;6;0;1;0;1;0;0;0;0
198102;11;3;3400724;2018;2;11;6;3;6;4;0;0;0;1;0;0;1;0
198103;11;4;4501040;2018;2;6;7;3;5;3;1;0;1;0;0;0;0;0
198104;11;7;7300516;2018;2;16;2;2;5;3;0;1;1;0;0;0;0;0
198105;11;9;9501941;2018;2;9;7;3;0;1;0;0;0;0;1;0;0;1
198106;11;12;12500927;2018;2;11;2;2;2;6;0;0;1;0;0;0;1;0