OBJECTID;LAND;BEZ;LOR_ab_2021;UJAHR;UMONAT;USTUNDE;UWOCHENTAG;UKATEGORIE;UART;UTYP1;ULICHTVERH;IstRad;IstPKW;IstFuss;IstKrad;IstGkfz;IstSonstige;USTRZUSTAND
198438;11;1;1100308;2018;3;9;5;3;5;2;0;1;1;0;0;0;0;0
198439;11;1;1400938;2018;3;14;5;3;2;6;0;0;1;0;0;0;0;1
198440;11;6;6300630;2018;3;13;5;3;2;2;0;0;1;0;0;0;0;1
198441;11;2;2100104;2018;3;9;5;3;5;2;0;1;1;0;0;0;0;0
198442;11;2;2500833;2018;3;15;4;3;0;6;0;0;1;0;0;0;1;1
198443;11;10;10100312;2018;3;12;5;3;5;2;0;1;1;0;0;0;0;1
198444;11;7;7501134;2018;3;9;5;3;5;3;0;0;1;0;0;0;0;0
198445;11;4;4100102;2018;3;18;5;3;6;4;2;0;1;1;0;0;0;0
198446;11;2;2300419;2018;3;9;5;3;2;6;0;0;1;0;0;0;0;0
198447;11;7;7200308;2018;3;18;5;3;5;3;2;0;1;0;0;0;0;0
198448;11;8;8100521;2018;3;8;5;3;5;3;0;0;1;0;0;0;0;0
198449;11;9;9200715;2018;3;8;5;3;2;6;0;0;1;0;0;0;0;0
198450;11;9;9200715;2018;3;6;5;3;5;2;1;1;0;0;0;1;0;1
198451;11;8;8100104;2018;3;22;5;3;2;3;2;0;1;0;0;0;0;0
198452;11;7;7100205;2018;3;10;5;3;5;3;0;0;1;0;0;0;0;1
198453;11;10;10200524;2018;3;8;5;3;0;6;0;1;0;0;0;0;1;0
198454;11;5;5100211;2018;3;14;3;3;0;3;0;0;1;0;1;0;0;0
198455;11;12;12500926;2018;3;10;5;3;6;2;0;0;0;1;0;0;1;0
198456;11;3;3601142;2018;3;20;5;3;6;4;2;0;1;1;0;0;0;0
198457;11;2;2100104;2018;3;17;5;3;0;3;2;0;1;0;1;0;0;0
198458;11;3;3400723;2018;3;10;5;3;1;5;0;1;1;0;0;0;0;1
198459;11;2;2400520;2018;2;8;4;3;6;3;0;0;1;1;0;0;0;0
198460;11;11;11401136;2018;3;7;5;3;2;2;0;0;1;0;0;0;0;0
198461;11;5;5200631;2018;3;8;5;3;5;5;0;0;1;0;0;0;0;1
198462;11;5;5200423;2018;3;7;5;2;6;4;0;0;1;1;0;0;0;0
198463;11;9;9401534;2018;3;10;5;3;2;2;0;0;1;1;0;0;0;1
198464;11;1;1100312;2018;3;17;5;3;1;5;2;1;1;0;0;0;0;0
198465;11;3;3601449;2018;3;10;3;3;6;4;0;1;0;1;0;0;0;0
198466;11;9;9200717;2018;3;15;5;3;5;3;0;0;1;0;0;0;0;0
198467;11;6;6300633;2018;3;7;5;3;5;3;0;1;1;0;0;0;0;1
198468;11;3;3601453;2018;3;17;5;3;5;3;2;1;1;0;0;0;0;0
198469;11;1;1401048;2018;3;16;3;3;6;4;0;0;1;1;0;0;0;0
198470;11;8;8200726;2018;3;15;5;2;6;4;0;0;1;1;0;0;0;0
198471;11;5;5300736;2018;3;14;5;3;2;6;0;0;1;0;0;0;0;0
198472;11;9;9401534;2018;3;15;5;3;6;3;0;0;1;1;0;0;0;0
198473;11;2;2500832;2018;3;9;5;3;0;7;0;1;0;0;0;0;0;1
198474;11;1;1100311;2018;3;8;4;3;5;3;0;1;1;0;0;0;0;0
198475;11;6;6200421;2018;3;14;5;2;3;3;0;1;1;0;0;1;0;0
198476;11;3;3500932;2018;3;19;4;2;5;2;2;0;1;0;0;0;0;1
198477;11;9;9300920;2018;3;14;5;3;5;3;0;1;1;0;0;0;0;0
198478;11;8;8100207;2018;3;18;4;3;2;2;2;0;1;0;0;0;0;1
198479;11;7;7601238;2018;3;5;3;3;5;7;2;0;1;0;1;0;0;0
198480;11;6;6100102;2018;3;17;4;3;5;3;0;0;1;0;0;0;0;0
198481;11;1;1100101;2018;3;12;4;3;2;6;0;0;1;0;0;0;0;1
198482;11;6;6400737;2018;3;14;5;3;5;2;0;1;1;0;0;0;0;0
198483;11;4;4400835;2018;3;10;4;3;2;7;0;0;1;0;0;0;0;1
198484;11;8;8200623;2018;3;10;4;3;5;2;0;0;1;0;0;0;0;1
198485;11;10;10400837;2018;3;13;5;2;5;3;0;0;1;0;0;0;0;0
198486;11;2;2400623;2018;3;9;4;3;5;3;0;1;1;0;0;0;0;1
198487;11;1;1300730;2018;3;8;4;3;5;7;0;0;1;0;0;0;0;1
198488;11;1;1100309;2018;3;13;5;3;5;2;0;1;1;0;0;0;0;0
198489;11;1;1100206;2018;3;8;4;3;5;3;0;0;1;0;0;0;0;1
198490;11;10;10200421;2018;3;13;5;3;5;3;0;0;1;0;0;0;0;0
198491;11;1;1100207;2018;3;13;4;3;1;5;0;0;1;0;0;0;0;1
198492;11;12;12601236;2018;3;20;3;3;6;2;2;0;1;1;0;0;0;1
198493;11;2;2500728;2018;3;7;4;3;6;4;0;0;1;1;0;0;0;1
198494;11;9;9502043;2018;3;5;4;3;0;1;2;0;1;0;0;0;1;2
198495;11;4;4501153;2018;3;13;5;3;5;2;0;1;1;0;0;0;0;0
198496;11;5;5200420;2018;3;8;4;2;5;3;0;1;1;0;0;0;0;2
198497;11;2;2300314;2018;3;2;4;3;6;4;2;0;0;1;0;0;1;1
198498;11;2;2200209;2018;2;13;4;3;5;2;0;1;0;0;0;0;1;0
198499;11;9;9100306;2018;3;13;4;3;2;6;0;0;1;0;0;0;0;1
198500;11;4;4501042;2018;3;23;4;3;6;4;2;0;1;1;0;0;0;0
198501;11;3;3500933;2018;2;14;4;2;6;4;0;0;1;1;0;0;0;0
198502;11;11;11400931;2018;2;13;4;3;6;2;0;0;1;1;0;0;0;0
198503;11;3;3601245;2018;3;21;4;2;1;1;2;0;1;0;0;0;0;1
198504;11;11;11300721;2018;2;13;4;3;2;2;0;0;1;0;0;0;0;0
198505;11;6;6100205;2018;3;15;2;3;2;6;0;0;1;0;0;0;0;0
198506;11;2;2400623;2018;3;18;4;3;2;6;2;0;1;0;0;0;0;1
198507;11;9;9301025;2018;3;18;4;2;5;3;2;1;1;0;0;0;0;1
198508;11;3;3200206;2018;2;12;4;3;5;2;0;1;1;0;0;0;0;0
198509;11;4;4400833;2018;3;18;4;2;5;2;1;0;1;0;0;0;0;1
198510;11;5;5200631;2018;2;12;4;3;6;2;0;0;1;1;0;0;0;0
198511;11;4;4501149;2018;3;17;4;3;7;7;0;1;0;0;0;0;0;1
198512;11;2;2100101;2018;2;11;4;3;2;6;0;0;1;0;0;0;1;0
198513;11;7;7100103;2018;3;17;3;2;5;3;1;1;1;0;0;0;0;1
198514;11;10;10200629;2018;2;11;4;3;5;3;0;0;1;0;0;0;0;0
198515;11;4;4100101;2018;2;11;4;3;2;6;0;0;1;0;0;0;1;0
198516;11;6;6100101;2018;3;15;4;3;2;2;0;0;1;0;0;1;1;1
198517;11;2;2300314;2018;2;20;4;3;6;2;2;0;1;1;0;0;0;0
198518;11;9;9100409;2018;3;10;3;3;5;2;0;0;1;0;0;0;0;1
198519;11;1;1300834;2018;3;13;2;3;5;2;0;0;1;0;0;0;0;1
198520;11;10;10200418;2018;3;19;3;3;5;2;2;0;1;0;0;0;0;0
198521;11;8;8100415;2018;3;14;2;3;5;3;0;0;1;0;0;0;1;0
198522;11;1;1100205;2018;3;19;3;3;5;3;2;1;1;0;0;0;0;0
198523;11;11;11300722;2018;3;16;2;3;6;4;0;0;0;1;0;0;1;0
198524;11;3;3601140;2018;3;16;2;3;5;2;0;1;1;0;0;0;0;0
198525;11;11;11501339;2018;3;19;3;2;6;4;2;0;1;1;0;0;0;1
198526;11;8;8200832;2018;3;13;2;3;6;4;0;0;0;1;0;1;0;0
198527;11;4;4501146;2018;3;7;2;3;6;4;1;1;0;1;0;0;0;0
198528;11;11;11401033;2018;3;13;2;2;6;4;0;0;0;1;1;0;0;1
198529;11;8;8100314;2018;3;18;3;3;0;6;1;0;1;0;1;0;0;0
198530;11;10;10100102;2018;3;16;2;2;5;2;0;0;1;0;1;0;0;0
198531;11;10;10200420;2018;3;18;3;3;5;3;2;0;1;0;0;0;0;1
198532;11;7;7601443;2018;3;4;2;3;6;6;2;0;1;1;0;0;0;0
198533;11;1;1200517;2018;3;18;3;3;2;2;2;0;1;0;0;0;0;0
198534;11;10;10100206;2018;3;16;3;2;6;4;0;0;1;1;0;0;0;0
198535;11;6;6200316;2018;3;15;2;3;2;2;0;1;1;0;0;0;0;0
198536;11;12;12200308;2018;3;16;3;3;2;6;0;1;1;0;0;0;0;1
198537;11;3;3601245;2018;3;14;2;3;3;6;0;0;1;0;0;0;0;0
198538;11;4;4501147;2018;3;15;3;3;0;5;0;1;1;0;0;0;0;0
198539;11;12;12100204;2018;3;14;3;3;5;3;0;0;1;0;0;0;0;0
198540;11;7;7300619;2018;3;15;2;3;5;3;0;0;1;0;0;0;0;0
198541;11;1;1100101;2018;3;5;3;3;5;7;2;0;1;0;1;0;0;0
198542;11;9;9502043;2018;3;7;3;3;5;2;0;1;1;0;0;0;0;0
198543;11;4;4200311;2018;3;14;2;2;5;3;0;0;1;0;0;0;0;1
198544;11;5;5200528;2018;3;7;3;3;5;2;0;0;1;0;0;0;0;1
198545;11;1;4501042;2018;3;13;2;3;0;1;0;1;0;0;0;0;0;1
198546;11;8;8100104;2018;3;8;3;3;5;2;0;1;1;0;0;0;0;1
198547;11;1;1300834;2018;3;18;2;3;3;6;0;0;1;0;0;0;0;0
198548;11;12;12400618;2018;3;9;3;3;4;6;0;0;1;0;0;0;0;2
198549;11;12;12200310;2018;3;11;3;3;6;2;0;0;1;1;0;0;0;1
198550;11;7;7601238;2018;3;18;2;3;2;6;0;0;1;0;0;0;0;0
198551;11;6;6200313;2018;3;11;3;3;2;6;0;0;0;0;0;1;0;1
198552;11;1;1100308;2018;3;18;2;3;5;3;0;1;1;0;0;0;0;0
198553;11;1;1300836;2018;3;13;3;3;2;6;0;0;1;0;0;0;1;1
198554;11;1;1100309;2018;3;17;2;3;5;2;0;1;1;0;0;0;0;0
198555;11;1;1200628;2018;3;5;2;3;6;4;2;0;1;1;0;0;0;0
198556;11;1;1401043;2018;3;16;2;3;4;6;0;0;1;0;0;0;0;0
198557;11;12;12400617;2018;3;17;2;3;5;3;0;0;1;0;0;0;0;0
198558;11;12;12100102;2018;3;16;2;2;4;2;0;0;1;0;0;0;0;0
198559;11;1;1100309;2018;3;15;2;3;3;6;0;1;1;0;0;0;0;0
198560;11;2;2200210;2018;3;16;2;3;2;6;0;0;1;0;1;0;0;0
198561;11;3;3701555;2018;3;18;1;3;5;5;1;0;1;0;1;0;0;0
198562;11;6;6400841;2018;3;15;2;3;5;2;0;1;0;0;0;0;1;0
198563;11;9;9200818;2018;3;17;1;3;2;6;0;0;1;0;0;0;0;0
198564;11;9;9501939;2018;3;15;2;3;2;6;0;0;1;0;0;0;0;0
198565;11;1;1401049;2018;3;17;1;3;2;6;0;0;1;0;0;0;0;0
198566;11;8;8100312;2018;3;15;2;3;5;2;0;0;1;0;0;0;0;0
198567;11;2;2500832;2018;3;14;1;3;6;2;0;0;1;1;0;0;0;0
198568;11;3;3701658;2018;3;15;1;3;1;5;0;1;1;0;0;0;0;0
198569;11;4;4500939;2018;3;9;2;3;5;3;0;1;1;0;0;0;0;0
198570;11;10;10100311;2018;3;12;1;3;5;2;0;0;1;0;0;0;0;0
198571;11;4;4400726;2018;3;12;1;3;5;7;0;0;1;0;0;0;0;0
198572;11;3;3500935;2018;3;16;2;3;6;7;0;0;1;1;0;0;0;0
198573;11;5;5100314;2018;3;11;1;3;2;7;0;0;1;0;0;0;0;0
198574;11;4;4501148;2018;3;12;1;2;5;7;0;0;1;0;1;0;0;0
198575;11;2;2500833;2018;3;8;2;3;2;6;0;0;1;0;0;0;1;0
198576;11;12;12500930;2018;3;17;1;2;5;3;0;0;1;0;0;0;0;0
198577;11;7;7601341;2018;3;8;2;3;2;6;0;0;1;0;0;0;0;0
198578;11;1;1100416;2018;3;15;1;3;0;1;0;1;0;0;0;0;0;0
198579;11;1;1300836;2018;3;15;2;3;6;4;0;0;1;1;0;0;0;0
198580;11;1;1100309;2018;3;23;1;3;6;4;2;0;1;1;0;0;0;0
198581;11;11;11300721;2018;3;20;1;3;2;6;2;0;1;0;1;0;0;0
198582;11;2;2500832;2018;3;7;2;3;5;3;0;1;1;0;0;0;0;0
198583;11;1;1200517;2018;3;20;1;3;8;1;2;0;1;0;0;0;0;0
198584;11;5;5100211;2018;3;14;2;3;5;3;0;0;1;0;0;0;0;0
198585;11;1;1200517;2018;3;14;2;3;2;6;0;0;1;0;0;0;0;0
198586;11;1;1300834;2018;3;19;1;3;6;2;2;0;1;1;0;0;0;0
198587;11;3;3601346;2018;3;13;1;3;5;2;0;1;1;0;0;0;0;0
198588;11;4;4400830;2018;3;14;2;3;5;2;0;1;1;0;0;0;0;0
198589;11;7;7100204;2018;3;14;2;3;1;5;0;0;1;0;1;0;0;0
198590;11;11;11200411;2018;3;10;1;2;8;1;0;0;1;0;0;0;0;0
198591;11;7;7601341;2018;3;14;2;3;2;6;0;0;1;0;0;0;0;0
198592;11;5;5100316;2018;3;10;1;3;1;5;0;0;1;0;0;0;0;0
198593;11;5;5100211;2018;3;16;2;3;6;4;0;1;0;1;0;0;0;0
198594;11;7;7400721;2018;3;8;1;3;6;7;0;0;0;1;0;0;1;0
198595;11;1;1300733;2018;3;13;2;3;5;3;0;0;1;0;0;0;0;0
198596;11;3;3601142;2018;3;11;2;3;2;2;0;0;1;0;0;0;0;0
198597;11;5;5100317;2018;3;8;1;2;5;3;0;0;1;0;0;0;1;0
198598;11;7;7601237;2018;3;15;2;3;5;3;0;0;1;0;0;0;0;0
198599;11;4;4300517;2018;3;16;2;3;6;7;0;0;1;1;0;0;0;0
198600;11;9;9501838;2018;3;7;1;2;9;1;0;0;1;0;0;0;0;0
198601;11;1;1300836;2018;3;17;2;2;5;2;0;1;1;0;0;0;0;0
198602;11;9;9401329;2018;3;17;2;3;2;7;1;0;1;0;0;0;0;0
198603;11;1;1100310;2018;3;3;1;3;5;3;2;0;1;0;0;0;0;0
198604;11;7;7501029;2018;3;9;2;3;2;6;0;0;1;0;0;0;1;0
198605;11;5;5100316;2018;3;20;7;3;2;2;2;0;1;0;0;0;0;0
198606;11;11;11100309;2018;3;18;2;3;6;4;1;0;1;1;0;0;0;0
198607;11;10;10200420;2018;3;20;7;3;2;6;2;0;1;0;0;0;0;0
198608;11;6;6100101;2018;3;20;2;3;5;2;2;1;1;0;0;0;0;0
198609;11;5;5200629;2018;3;13;2;3;0;6;0;0;1;0;0;0;1;0
198610;11;11;11200512;2018;3;20;7;2;0;1;2;1;0;0;0;0;0;0
198611;11;4;4300619;2018;3;20;2;3;5;2;2;0;1;0;0;0;0;0
198612;11;8;8200832;2018;3;18;2;3;2;6;1;0;1;0;0;0;0;0
198613;11;9;9300920;2018;3;19;7;2;9;1;2;0;0;0;1;0;0;0
198614;11;3;3601245;2018;3;18;7;3;5;2;1;0;1;0;1;0;0;0
198615;11;5;5100104;2018;3;5;2;3;5;3;0;0;1;0;0;0;0;0
198616;11;8;8100105;2018;3;17;7;3;3;6;0;0;1;0;0;0;0;0
198617;11;1;1300835;2018;3;5;2;3;0;2;2;0;1;0;0;0;1;0
198618;11;2;2400624;2018;3;16;7;3;5;2;0;1;1;0;0;0;0;0
198619;11;4;4500939;2018;3;12;1;3;5;2;0;0;1;0;0;0;0;0
198620;11;3;3601346;2018;3;16;7;2;5;7;0;0;0;0;1;0;1;0
198621;11;4;4501041;2018;3;17;1;3;0;6;1;0;1;0;1;0;0;0
198622;11;8;8401241;2018;3;15;1;3;5;3;0;0;1;0;0;0;1;0
198623;11;3;3200205;2018;3;14;7;3;2;2;0;0;1;0;1;0;0;0
198624;11;1;1100309;2018;3;20;1;3;1;5;2;1;1;0;0;0;1;0
198625;11;1;1100206;2018;3;13;7;2;6;4;0;1;0;1;0;0;0;0
198626;11;5;5100104;2018;3;16;1;3;2;4;0;0;1;1;0;0;0;0
198627;11;8;8200831;2018;3;12;7;3;6;7;0;0;1;1;0;0;0;0
198628;11;6;6300631;2018;3;11;7;3;6;4;0;0;1;1;0;0;0;0
198629;11;1;1300732;2018;3;8;1;3;6;2;0;0;1;1;0;0;0;0
198630;11;11;11200514;2018;3;10;7;3;1;7;0;0;1;0;0;0;0;0
198631;11;9;9200819;2018;3;10;7;3;2;6;0;0;1;0;0;0;0;0
198632;11;8;8401244;2018;3;9;1;3;2;6;0;0;1;0;0;0;1;0
198633;11;4;4300620;2018;3;5;1;2;8;1;2;0;1;0;1;0;0;0
198634;11;8;8100314;2018;3;9;7;3;5;3;0;0;1;0;0;0;1;0
198635;11;5;5100210;2018;3;12;1;3;2;6;0;0;1;0;0;0;0;0
198636;11;7;7300516;2018;3;0;7;3;5;2;2;0;1;0;0;0;1;0
198637;11;9;9100407;2018;3;3;7;2;8;1;2;0;1;0;0;0;0;0
198638;11;7;7601339;2018;3;6;1;3;1;1;0;0;1;0;0;0;0;0
198639;11;5;5100315;2018;3;18;6;3;5;3;2;0;1;0;0;0;0;0
198640;11;1;1400937;2018;3;13;1;2;9;1;0;0;1;0;0;0;0;0
198641;11;2;2200211;2018;3;17;6;3;3;6;0;1;1;0;0;0;0;0
198642;11;11;11400931;2018;3;9;6;3;6;7;0;0;0;1;0;0;1;0
198643;11;8;8100102;2018;3;21;7;3;6;4;2;0;1;1;0;0;0;0
198644;11;3;3601142;2018;3;5;6;3;5;3;1;0;1;0;0;0;0;1
198645;11;4;4200309;2018;3;23;6;2;1;7;2;0;1;0;0;0;0;0
198646;11;1;1100103;2018;3;2;7;3;7;7;2;0;0;0;1;0;0;0
198647;11;1;1200628;2018;3;3;7;2;8;1;2;0;1;0;0;0;0;0
198648;11;2;2200210;2018;3;9;6;3;5;3;0;1;1;0;0;0;0;0
198649;11;2;2400623;2018;3;9;7;3;0;4;0;0;0;1;0;0;1;0
198650;11;1;1300836;2018;3;16;6;3;5;2;0;0;1;0;0;0;0;0
198651;11;9;9501737;2018;3;11;7;3;2;6;0;0;1;0;0;0;0;0
198652;11;1;1200624;2018;3;14;6;3;2;6;0;0;1;0;0;0;0;1
198653;11;1;1300836;2018;3;12;7;3;2;6;0;0;1;0;0;0;0;0
198654;11;9;9100304;2018;3;0;7;2;1;1;2;0;1;0;0;0;0;1
198655;11;10;10400938;2018;3;14;6;3;2;6;0;0;1;0;0;0;0;0
198656;11;9;9200717;2018;3;0;7;3;5;3;2;0;1;0;0;0;0;2
198657;11;12;12601134;2018;3;15;7;3;5;3;0;1;1;0;0;0;0;0
198658;11;1;1100416;2018;3;13;6;3;1;5;0;0;1;0;0;0;0;1
198659;11;2;2100105;2018;3;15;7;3;5;3;0;0;1;0;0;0;0;0
198660;11;3;3300413;2018;3;17;6;3;5;2;0;0;1;0;0;0;1;0
198661;11;6;6200422;2018;3;15;7;3;1;5;0;0;1;0;0;0;0;0
198662;11;12;12500926;2018;3;16;7;3;0;2;0;0;0;0;0;0;1;0
198663;11;11;11400928;2018;3;17;6;3;5;2;0;1;1;0;0;0;0;0
198664;11;7;7501030;2018;3;17;6;3;2;2;1;0;1;0;0;0;0;2
198665;11;4;4501044;2018;3;17;6;3;2;6;0;0;1;0;0;0;0;0
198666;11;3;3400723;2018;3;13;6;3;6;4;0;0;1;1;0;0;0;0
198667;11;7;7300516;2018;3;17;6;3;2;6;1;0;1;0;0;0;0;0
198668;11;10;10100210;2018;3;14;6;3;5;3;0;1;0;0;0;0;1;0
198669;11;2;2300417;2018;3;21;6;2;6;4;2;0;0;1;0;0;1;2
198670;11;1;1100309;2018;3;19;6;3;3;6;2;1;1;0;0;0;0;0
198671;11;8;8100520;2018;3;19;6;3;2;6;2;0;1;0;0;0;0;2
198672;11;2;2200212;2018;3;21;6;3;2;6;2;0;1;0;0;0;0;0
198673;11;6;6200420;2018;3;18;6;3;1;1;2;0;1;0;1;0;0;2
198674;11;4;4200311;2018;3;5;6;3;5;2;2;0;1;0;0;0;0;1
198675;11;6;6400735;2018;3;13;6;3;8;1;0;0;1;0;0;0;0;1
198676;11;1;1300834;2018;3;7;6;3;2;6;0;0;1;0;0;0;1;1
198677;11;9;9200715;2018;3;8;6;2;2;6;0;1;1;0;0;0;0;1
198678;11;7;7100102;2018;3;10;6;3;6;2;0;0;1;1;0;0;0;0
198679;11;8;8100312;2018;3;8;6;3;2;6;0;0;1;0;0;0;0;1
198680;11;3;3701554;2018;3;8;6;3;6;7;0;1;0;1;0;0;0;1
198681;11;7;7400823;2018;3;15;6;3;2;6;0;0;1;0;0;0;0;1
198682;11;11;11400929;2018;3;15;6;3;3;6;0;1;1;0;0;0;0;1
198683;11;5;5200527;2018;3;10;6;3;5;2;0;0;1;0;0;0;0;1
198684;11;6;6200317;2018;3;16;6;3;1;5;0;0;1;0;0;0;0;1
198685;11;1;1100312;2018;3;11;6;3;5;2;0;1;0;0;1;0;0;1
198686;11;2;2200212;2018;3;16;6;3;6;2;0;0;1;1;0;0;0;1
198687;11;8;8100314;2018;3;13;6;3;6;4;0;1;0;1;0;0;0;1
198688;11;4;4300416;2018;3;13;6;2;3;6;0;1;0;0;0;1;0;0
198689;11;9;9501838;2018;3;17;6;3;2;7;1;0;1;0;0;1;0;1
198690;11;9;9401635;2018;3;13;6;3;4;6;0;1;0;0;1;0;0;0
198691;11;1;1200628;2018;3;20;6;1;9;1;2;0;0;0;1;0;0;0
198692;11;8;8401242;2018;3;18;6;3;2;2;2;0;1;0;0;0;0;1
198693;11;4;4400831;2018;3;15;5;3;2;6;0;0;1;0;0;0;0;1
198694;11;6;6100209;2018;3;12;3;3;1;3;0;1;1;0;0;0;0;0
198695;11;1;1100205;2018;3;8;5;3;6;7;0;0;1;1;0;0;0;0
198696;11;7;7400927;2018;3;20;5;3;6;2;2;0;1;1;0;0;0;0
198697;11;2;2300315;2018;3;19;5;3;0;7;2;0;0;1;0;0;1;0
198698;11;9;9501941;2018;3;18;5;3;2;6;2;0;1;0;0;0;1;1
198699;11;9;9502043;2018;3;18;5;3;5;2;1;0;1;0;0;0;0;0
198700;11;2;2300314;2018;3;18;5;3;0;6;2;0;1;0;1;0;0;1
198701;11;11;11501238;2018;3;13;3;3;2;6;0;0;1;0;0;0;1;0
198702;11;8;8100101;2018;3;14;5;3;6;7;0;0;1;1;0;0;0;0
198703;11;8;8200831;2018;3;18;5;3;5;3;2;0;1;0;0;0;0;1
198704;11;5;5200524;2018;3;18;5;3;5;3;2;0;1;0;0;0;0;0
198705;11;11;11200411;2018;3;12;3;3;5;7;0;0;1;0;0;0;0;0
198706;11;1;1300836;2018;3;19;5;2;5;3;2;0;1;0;0;0;0;0
198707;11;4;4100101;2018;3;17;5;3;5;3;0;1;1;0;0;0;0;1
198708;11;2;2100106;2018;3;17;5;3;6;2;1;0;1;1;0;0;0;1
198709;11;11;11300617;2018;3;18;5;3;5;2;1;0;1;0;0;0;0;0
198710;11;3;3400725;2018;3;20;5;3;2;2;2;0;1;0;0;0;0;0
198711;11;8;8401244;2018;3;16;5;3;2;6;0;0;1;0;0;0;0;1
198712;11;1;1401047;2018;3;12;3;3;6;2;0;0;1;1;0;0;0;0
198713;11;2;2500726;2018;3;8;5;3;5;2;0;1;0;0;0;0;1;0
198714;11;1;1401043;2018;3;15;5;3;1;5;0;0;1;0;0;0;0;1
198715;11;3;3500934;2018;3;12;3;2;5;2;0;1;0;0;0;0;1;0
198716;11;3;3601141;2018;3;10;5;3;2;6;0;0;1;0;0;0;0;0
198717;11;12;12100103;2018;3;15;5;3;5;3;0;1;1;0;0;0;0;1
198718;11;2;2100104;2018;3;10;5;3;5;2;0;1;1;0;0;0;0;0
198719;11;10;10100208;2018;3;14;5;3;1;7;0;0;1;0;0;0;0;1
198720;11;6;6100206;2018;3;11;3;3;5;2;0;0;1;0;0;0;0;0
198721;11;12;12200309;2018;3;7;5;2;6;4;0;0;1;1;0;0;0;0
198722;11;11;11501341;2018;3;7;5;3;2;6;0;0;1;0;0;0;0;0
198723;11;1;1100312;2018;3;14;5;3;5;2;0;1;1;0;0;0;0;1
198724;11;9;9501737;2018;3;10;5;2;6;7;0;0;1;1;0;0;0;0
198725;11;11;11200513;2018;3;11;5;3;5;3;0;1;1;0;0;0;0;0
198726;11;8;8100418;2018;3;12;5;3;5;3;0;0;1;0;0;0;0;1
198727;11;5;5100316;2018;3;18;2;3;0;4;1;0;0;1;1;0;0;0
198728;11;10;10400938;2018;3;11;5;3;5;3;0;0;1;0;0;0;0;0
198729;11;1;1100101;2018;3;19;5;3;6;2;2;0;1;1;0;0;0;1
198730;11;7;7300618;2018;3;12;5;3;1;5;0;1;0;0;0;0;1;1
198731;11;1;1300733;2018;3;20;5;2;5;2;2;1;0;0;0;0;1;1
198732;11;1;1300834;2018;3;23;2;2;6;4;2;0;1;1;0;0;0;0
198733;11;1;1401048;2018;3;12;5;3;1;7;0;0;1;1;0;0;0;0
198734;11;4;4500939;2018;3;13;5;3;2;6;0;0;1;0;0;0;0;0
198735;11;1;1200522;2018;3;14;5;3;6;4;0;0;1;1;0;0;0;0
198736;11;1;1100308;2018;3;12;5;3;2;6;0;0;1;0;0;0;0;1
198737;11;12;12601031;2018;3;13;5;3;3;6;0;0;1;0;0;0;1;0
198738;11;2;2100102;2018;3;12;5;3;6;4;0;0;1;1;0;0;0;1
198739;11;6;6300634;2018;3;14;2;3;5;2;0;1;1;0;0;0;0;0
198740;11;4;4100101;2018;3;15;5;3;2;6;0;0;1;0;0;0;0;0
198741;11;10;10100313;2018;3;16;5;2;5;3;0;0;0;0;1;0;1;0
198742;11;4;4501041;2018;3;12;5;3;1;5;0;1;1;0;0;0;0;1
198743;11;1;1200625;2018;3;16;5;3;0;7;1;0;0;0;1;0;1;0
198744;11;8;8100206;2018;3;18;4;3;3;6;1;1;1;0;0;0;0;0
198745;11;10;10100311;2018;3;11;5;3;6;4;0;0;0;1;0;0;1;1
198746;11;9;9100305;2018;3;7;5;2;5;3;0;1;1;0;0;0;0;1
198747;11;7;7100101;2018;3;11;2;3;6;7;0;0;1;1;0;0;0;0
198748;11;7;7400823;2018;3;14;4;2;5;7;0;1;1;0;0;0;0;0
198749;11;12;12200412;2018;3;7;5;3;5;2;0;0;1;0;0;0;0;1
198750;11;11;11501339;2018;3;10;4;3;5;3;0;1;1;0;0;0;0;0
198751;11;10;10300734;2018;3;8;5;3;6;4;0;0;1;1;0;0;0;1
198752;11;4;4500937;2018;3;7;4;3;5;3;0;1;1;0;0;0;0;1
198753;11;6;6300526;2018;3;8;5;3;2;7;0;0;1;0;0;0;1;1
198754;11;2;2200211;2018;3;8;5;3;5;2;0;1;1;0;0;0;0;1
198755;11;12;12400619;2018;3;6;4;3;2;6;0;0;1;0;0;0;0;1
198756;11;1;1100205;2018;3;10;5;2;6;4;0;0;1;1;0;0;0;1
198757;11;1;1100310;2018;3;8;4;3;2;6;0;0;1;0;0;1;0;1
198758;11;1;1100101;2018;3;10;5;3;5;2;0;1;1;0;0;0;0;1
198759;11;4;4100101;2018;3;11;5;2;5;2;0;0;1;0;0;0;0;1
198760;11;1;1100310;2018;3;11;2;3;5;3;0;1;1;0;0;0;0;0
198761;11;6;6300526;2018;3;18;4;3;5;2;2;0;1;0;0;0;0;0
198762;11;6;6300528;2018;3;11;5;3;5;3;0;0;1;0;0;0;0;1
198763;11;2;2500832;2018;3;14;4;3;2;6;0;0;1;0;0;0;0;0
198764;11;7;7200411;2018;3;19;4;3;1;5;2;1;1;0;0;0;0;0
198765;11;4;4300518;2018;3;8;4;3;4;2;0;1;1;0;0;0;0;0
198766;11;1;1300733;2018;3;20;4;3;6;7;2;0;1;1;0;0;0;0
198767;11;4;4200308;2018;3;17;4;3;5;3;0;0;1;0;0;0;0;0
198768;11;4;4400728;2018;3;12;2;3;5;7;0;0;1;0;0;0;0;0