OBJECTID;LAND;BEZ;LOR_ab_2021;UJAHR;UMONAT;USTUNDE;UWOCHENTAG;UKATEGORIE;UART;UTYP1;ULICHTVERH;IstRad;IstPKW;IstFuss;IstKrad;IstGkfz;IstSonstige;USTRZUSTAND
198769;11;9;9501939;2018;3;15;4;3;6;4;0;0;1;1;0;0;0;0
198770;11;7;7601544;2018;3;17;4;2;5;2;0;1;1;0;0;0;0;0
198771;11;7;7601544;2018;3;17;4;3;5;3;0;0;1;0;0;0;0;0
198772;11;12;12200309;2018;3;13;2;3;6;4;0;0;1;1;0;0;0;0
198773;11;2;2500726;2018;3;17;4;3;6;4;0;0;1;1;0;0;0;0
198774;11;1;1100206;2018;3;17;4;3;5;2;0;1;1;0;0;0;0;0
198775;11;2;2500726;2018;3;16;4;3;5;2;0;0;1;0;1;0;0;0
198776;11;1;1100308;2018;3;16;4;3;5;2;0;1;1;0;0;0;0;0
198777;11;12;12500926;2018;3;15;4;3;6;4;0;0;1;1;0;0;0;0
198778;11;1;1100102;2018;3;15;4;3;0;7;0;1;0;0;0;0;0;0
198779;11;2;2400522;2018;3;15;4;3;2;6;0;1;0;0;0;0;0;0
198780;11;2;2400623;2018;3;15;4;2;6;4;0;0;1;1;0;0;0;1
198781;11;8;8100314;2018;3;14;4;3;1;5;0;1;1;0;0;0;0;1
198782;11;9;9200715;2018;3;15;4;3;1;5;0;0;0;0;1;0;1;0
198783;11;1;1300836;2018;3;13;4;2;6;4;0;0;1;1;0;0;0;1
198784;11;4;4200311;2018;3;18;4;3;2;6;2;0;1;0;0;0;0;0
198785;11;4;4501148;2018;3;13;4;3;5;2;0;0;1;0;0;0;0;0
198786;11;3;3400722;2018;3;19;4;3;1;7;2;1;1;0;0;0;0;0
198787;11;10;10200421;2018;3;12;4;3;0;4;0;0;0;1;0;0;1;1
198788;11;8;8200832;2018;3;11;4;2;6;4;0;0;1;1;0;0;0;1
198789;11;6;6400844;2018;3;15;4;2;6;2;0;0;1;1;0;0;0;0
198790;11;11;11200411;2018;3;12;4;3;5;3;0;1;1;0;0;0;0;1
198791;11;5;5100316;2018;3;10;4;3;2;6;0;0;1;0;0;0;0;0
198792;11;5;5100208;2018;3;14;4;3;5;2;0;1;1;0;0;0;0;0
198793;11;9;9200510;2018;3;17;3;3;5;3;1;0;1;0;0;0;1;1
198794;11;1;1100103;2018;3;18;3;3;2;6;1;0;1;0;0;0;0;0
198795;11;1;1400942;2018;3;14;4;3;3;6;0;0;1;0;0;0;0;0
198796;11;11;11200514;2018;3;12;3;2;3;6;0;0;1;0;0;0;0;0
198797;11;7;7400721;2018;3;14;4;3;5;3;0;1;1;0;0;0;0;0
198798;11;6;6100206;2018;3;18;3;2;6;4;2;1;0;1;0;0;0;2
198799;11;11;11300721;2018;3;13;4;3;5;3;0;1;1;0;0;0;0;0
198800;11;7;7400825;2018;3;13;3;3;3;6;0;1;1;0;0;0;0;0
198801;11;9;9200510;2018;3;10;3;3;0;7;0;1;0;0;0;0;0;0
198802;11;1;1100310;2018;3;13;4;3;2;6;0;0;1;0;0;0;1;0
198803;11;6;6300526;2018;3;14;3;3;6;4;0;0;1;1;0;0;0;1
198804;11;6;6400844;2018;3;15;3;3;5;2;0;0;1;0;0;0;0;0
198805;11;10;10400835;2018;3;12;4;3;2;2;0;0;1;0;0;0;0;0
198806;11;6;6100101;2018;3;8;4;3;1;5;0;1;1;0;0;0;1;0
198807;11;3;3500934;2018;3;13;3;3;6;4;0;0;1;1;0;0;0;1
198808;11;11;11501340;2018;3;6;4;3;5;2;0;1;1;0;0;0;0;0
198809;11;8;8401242;2018;3;7;4;3;5;3;0;0;1;0;0;0;0;1
198810;11;7;7200307;2018;3;16;3;3;1;5;0;1;1;0;0;0;0;0
198811;11;2;2300419;2018;3;7;4;3;5;3;0;1;1;0;0;0;0;0
198812;11;2;2100102;2018;3;7;4;3;1;5;0;0;1;0;0;0;1;0
198813;11;12;12500930;2018;3;16;3;3;5;2;0;1;1;0;0;0;0;0
198814;11;4;4501045;2018;3;10;3;2;5;2;0;1;1;0;0;0;0;0
198815;11;6;6200420;2018;3;7;4;3;0;5;0;0;1;0;0;0;1;0
198816;11;4;4501148;2018;3;16;3;3;5;2;0;0;1;0;0;0;0;0
198817;11;7;7200410;2018;3;7;4;3;5;2;0;1;1;0;0;0;0;0
198818;11;3;3400721;2018;3;8;3;3;5;3;0;0;1;0;0;0;0;0
198819;11;3;3601449;2018;3;8;4;3;5;3;0;1;1;0;0;0;0;0
198820;11;1;1100207;2018;3;9;4;3;5;2;0;0;1;0;1;0;0;0
198821;11;1;1100206;2018;3;9;4;3;0;7;0;0;1;0;0;0;0;0
198822;11;6;6300633;2018;3;8;4;3;2;6;0;0;1;0;0;0;1;1
198823;11;1;1100207;2018;3;8;3;3;5;7;0;1;0;0;0;1;0;1
198824;11;12;12500824;2018;4;14;2;3;5;3;0;0;1;0;0;0;0;0
198825;11;4;4501043;2018;4;16;2;3;9;7;0;0;1;0;0;0;0;0
198826;11;1;1100207;2018;4;9;3;3;2;6;0;0;1;0;1;0;0;1
198827;11;1;1100416;2018;4;9;2;3;1;5;0;1;1;0;0;0;0;0
198828;11;7;7400721;2018;4;9;3;3;6;2;0;0;1;1;0;0;0;1
198829;11;2;2200213;2018;4;15;2;3;5;2;0;1;1;0;0;0;0;0
198830;11;8;8100208;2018;4;8;3;2;2;7;0;0;1;0;0;0;1;1
198831;11;12;12400619;2018;4;8;3;3;5;3;0;0;1;0;0;0;0;1
198832;11;5;5100210;2018;4;9;2;3;1;5;0;0;1;0;1;0;0;0
198833;11;6;6300629;2018;4;7;3;3;2;6;0;0;1;0;0;0;0;1
198834;11;7;7400927;2018;4;7;3;3;5;3;0;0;1;0;0;0;0;1
198835;11;12;12500930;2018;4;15;2;2;4;7;0;0;1;0;0;0;0;0
198836;11;8;8200832;2018;4;6;3;3;5;2;0;1;1;0;0;0;0;1
198837;11;7;7100206;2018;4;12;2;3;5;2;0;1;1;0;0;0;0;0
198838;11;1;1100102;2018;4;6;3;3;5;3;1;0;1;0;0;0;0;1
198839;11;2;2100105;2018;4;9;2;3;2;2;0;0;1;0;0;0;0;0
198840;11;2;2200208;2018;4;0;3;3;5;5;2;0;1;0;0;0;0;0
198841;11;11;11300721;2018;4;10;2;3;6;7;0;0;1;1;0;0;1;0
198842;11;10;10100311;2018;4;10;2;3;5;2;0;0;1;0;1;0;0;0
198843;11;12;12400721;2018;4;9;3;3;5;3;0;1;1;0;0;0;0;0
198844;11;3;3601245;2018;4;7;2;2;5;3;0;1;1;0;0;0;0;0
198845;11;5;5300840;2018;4;7;2;3;2;2;0;0;1;0;0;0;0;0
198846;11;3;3601348;2018;4;8;3;3;1;5;0;0;1;0;1;0;0;0
198847;11;7;7601341;2018;4;5;2;2;5;3;1;1;0;0;0;1;0;0
198848;11;5;5100101;2018;4;14;2;3;1;5;0;0;1;0;1;0;0;0
198849;11;3;3601450;2018;4;7;2;3;1;5;0;1;0;0;0;0;1;0
198850;11;11;11400931;2018;4;11;3;2;0;2;0;0;0;0;1;0;1;1
198851;11;6;6300528;2018;4;8;2;2;9;1;0;0;1;0;0;0;0;0
198852;11;12;12601235;2018;4;20;2;3;5;3;2;0;1;0;0;0;0;0
198853;11;4;4300622;2018;4;12;2;3;0;1;0;0;0;0;1;0;0;0
198854;11;3;3601449;2018;4;19;2;3;0;3;1;1;1;0;0;0;0;0
198855;11;1;1200628;2018;4;15;2;3;0;7;0;1;0;0;0;0;0;0
198856;11;10;10300734;2018;4;18;2;3;2;1;0;0;1;0;0;0;0;0
198857;11;2;2300315;2018;4;16;1;3;3;6;0;1;1;0;0;0;0;0
198858;11;12;12400722;2018;4;15;2;3;5;2;0;1;1;0;0;0;0;0
198859;11;9;9501939;2018;4;17;1;3;2;6;0;0;1;0;0;0;0;0
198860;11;4;4501041;2018;4;7;1;3;8;1;0;0;1;0;0;0;0;0
198861;11;11;11100204;2018;4;13;3;3;0;3;0;0;1;0;0;0;1;0
198862;11;8;8100105;2018;4;15;2;3;2;6;0;0;1;0;0;0;0;0
198863;11;12;12200412;2018;4;13;1;3;1;5;0;0;1;0;0;0;0;0
198864;11;3;3100101;2018;4;14;2;3;5;3;0;1;1;0;0;0;0;0
198865;11;2;2300417;2018;4;12;1;3;5;3;0;1;1;0;0;0;0;0
198866;11;7;7400826;2018;4;15;3;2;5;2;0;0;1;0;1;0;0;0
198867;11;5;5200630;2018;4;12;2;2;2;6;0;0;1;0;1;0;0;0
198868;11;6;6400840;2018;4;3;1;3;1;1;2;1;1;0;0;0;0;0
198869;11;2;2100102;2018;4;22;1;3;5;3;2;0;1;0;0;0;0;0
198870;11;6;6200313;2018;4;17;2;3;2;6;0;0;1;0;0;0;0;0
198871;11;10;10300734;2018;4;12;2;3;2;6;0;0;1;0;0;0;0;0
198872;11;4;4300415;2018;4;21;1;3;1;5;2;0;1;0;0;0;0;0
198873;11;10;10300734;2018;4;11;2;3;2;6;0;0;1;0;0;0;0;0
198874;11;5;5200629;2018;4;15;2;3;8;1;0;0;1;0;0;0;0;0
198875;11;3;3200206;2018;4;18;1;2;6;2;0;0;1;1;0;0;0;0
198876;11;7;7400823;2018;4;17;3;3;9;1;0;0;1;0;0;0;0;0
198877;11;8;8300934;2018;4;21;2;3;5;3;2;0;1;0;0;0;0;0
198878;11;2;2200213;2018;4;15;1;3;5;2;0;1;1;0;0;0;0;0
198879;11;12;12400619;2018;4;21;2;3;0;1;2;0;0;0;1;0;0;0
198880;11;2;2300315;2018;4;14;1;3;6;4;0;0;1;1;0;0;0;0
198881;11;10;10200629;2018;4;22;1;3;5;3;2;0;1;0;0;0;0;1
198882;11;2;2200210;2018;4;20;1;2;5;2;2;1;1;0;0;0;0;1
198883;11;2;2300314;2018;4;14;1;3;5;2;0;0;1;0;0;0;0;0
198884;11;3;3400619;2018;4;19;1;2;1;7;1;0;1;0;0;0;0;1
198885;11;2;2400521;2018;4;16;1;3;5;3;0;0;1;0;0;0;0;1
198886;11;1;1100308;2018;4;13;1;3;5;3;0;1;1;0;0;0;0;0
198887;11;9;9100407;2018;4;22;1;3;8;1;2;0;1;0;0;0;0;1
198888;11;3;3100101;2018;4;14;1;2;5;7;0;0;1;0;0;0;0;1
198889;11;9;9401635;2018;4;13;1;3;5;3;0;0;1;0;1;0;0;0
198890;11;8;8200832;2018;4;7;2;3;6;2;0;0;1;1;0;0;0;0
198891;11;9;9200715;2018;4;16;2;3;5;2;0;0;1;0;1;0;0;0
198892;11;1;1300730;2018;4;14;1;3;0;5;0;0;1;0;0;0;1;1
198893;11;10;10200629;2018;4;12;1;3;5;2;0;1;1;0;0;0;0;0
198894;11;2;2400521;2018;4;13;1;3;2;2;0;0;1;0;0;0;0;1
198895;11;10;10200629;2018;4;10;1;3;5;7;0;0;1;0;0;0;0;0
198896;11;5;5100208;2018;4;10;1;3;5;2;0;0;1;0;0;0;0;1
198897;11;6;6300634;2018;4;14;2;2;5;2;0;0;1;0;1;0;0;0
198898;11;9;9100409;2018;4;6;1;3;9;1;2;0;1;0;0;0;0;1
198899;11;11;11400929;2018;4;9;2;3;2;2;0;0;1;0;0;0;0;0
198900;11;4;4100101;2018;4;16;1;3;0;6;0;0;1;0;0;0;1;0
198901;11;7;8200831;2018;4;1;1;3;3;6;2;0;1;0;0;0;0;1
198902;11;4;4300624;2018;4;7;1;3;2;7;0;0;1;0;0;0;0;0
198903;11;6;6200317;2018;4;22;2;2;5;2;2;0;1;0;1;0;0;0
198904;11;4;4500937;2018;4;14;2;2;5;2;0;0;1;0;1;0;0;0
198905;11;1;1100309;2018;4;17;1;3;0;1;0;1;0;0;0;0;0;0
198906;11;8;8401241;2018;4;1;1;3;6;7;2;0;1;1;0;0;0;1
198907;11;3;3500935;2018;3;18;7;3;0;3;1;1;1;0;0;0;0;0
198908;11;6;6400844;2018;4;14;1;1;0;3;0;1;1;0;0;0;0;0
198909;11;2;2300316;2018;4;18;2;3;5;5;0;0;1;0;1;0;0;0
198910;11;6;6200421;2018;4;19;1;3;2;6;0;0;1;0;1;0;0;0
198911;11;9;9501736;2018;3;12;7;3;5;3;0;1;1;0;0;0;0;0
198912;11;5;5100314;2018;4;12;1;2;5;3;0;1;1;0;0;0;0;0
198913;11;1;1100207;2018;3;12;7;3;2;6;0;0;1;0;0;0;0;1
198914;11;11;11200513;2018;4;19;7;3;5;3;2;1;1;0;0;0;0;0
198915;11;12;12400721;2018;4;7;2;3;5;3;0;1;1;0;0;0;0;0
198916;11;5;5100316;2018;3;20;7;3;6;4;2;0;1;1;0;0;0;1
198917;11;5;5400942;2018;4;14;7;3;2;6;0;0;1;0;0;0;0;0
198918;11;10;10100311;2018;4;18;7;3;0;6;0;0;1;0;1;0;0;0
198919;11;12;12200309;2018;3;19;7;3;1;5;2;0;1;0;0;0;0;1
198920;11;8;8401242;2018;4;13;7;3;5;2;0;1;1;0;0;0;0;0
198921;11;4;4400835;2018;4;13;7;3;6;4;0;1;0;1;0;0;0;0
198922;11;7;7100102;2018;3;19;7;3;2;6;2;0;1;0;0;0;0;1
198923;11;2;2500833;2018;4;13;7;2;6;2;0;0;1;1;0;0;0;0
198924;11;9;9200715;2018;4;12;7;2;3;6;0;0;1;0;1;0;0;0
198925;11;1;1100102;2018;3;18;7;3;0;6;0;0;1;0;1;0;0;1
198926;11;2;2100103;2018;4;12;7;3;3;6;0;1;0;0;0;0;0;0
198927;11;7;7100205;2018;3;17;7;3;6;2;0;0;1;1;0;0;0;1
198928;11;1;1200628;2018;4;9;7;3;5;2;0;1;0;0;0;0;1;0
198929;11;9;9501941;2018;3;16;7;3;2;6;0;0;1;0;0;0;0;1
198930;11;5;5200423;2018;4;8;7;3;5;2;0;0;1;0;0;1;0;0
198931;11;9;9200715;2018;4;8;7;3;5;3;0;0;1;0;0;0;0;0
198932;11;6;6300525;2018;4;15;3;2;5;3;0;0;1;0;1;0;0;0
198933;11;9;9100409;2018;3;15;7;3;5;3;0;0;1;0;0;0;0;1
198934;11;2;2100104;2018;4;16;7;3;5;2;0;1;1;0;0;0;0;0
198935;11;9;9401534;2018;4;17;7;3;1;5;0;1;1;0;0;0;1;0
198936;11;8;8100312;2018;3;15;7;3;1;5;0;0;1;0;0;0;0;1
198937;11;5;5200527;2018;3;15;7;3;5;2;0;0;1;0;0;0;0;1
198938;11;1;1401048;2018;4;21;4;3;3;6;2;0;1;0;0;1;0;0
198939;11;1;1100309;2018;4;13;2;3;5;3;0;1;1;0;0;0;0;0
198940;11;9;9300921;2018;4;17;7;3;2;6;0;0;1;0;1;0;0;0
198941;11;4;4300518;2018;3;15;7;3;5;7;0;0;1;0;1;0;0;1
198942;11;12;12200411;2018;4;17;7;3;2;6;0;0;1;0;0;0;0;0
198943;11;3;3500934;2018;4;16;2;3;4;6;0;1;0;0;0;1;0;0
198944;11;1;1400942;2018;3;14;7;3;6;4;0;0;1;1;0;0;0;1
198945;11;9;9301126;2018;4;16;7;3;0;1;0;0;0;0;1;0;0;0
198946;11;2;2200210;2018;3;14;7;3;2;3;0;0;1;0;0;0;0;1
198947;11;6;6100101;2018;4;16;7;2;1;1;0;0;1;0;0;0;0;0
198948;11;6;6100209;2018;4;16;7;3;1;5;0;1;1;0;0;0;0;0
198949;11;12;12200310;2018;4;12;3;3;6;2;0;0;1;1;0;0;0;0
198950;11;3;3300413;2018;3;13;7;3;2;2;0;0;1;0;0;0;0;1
198951;11;3;3501038;2018;4;16;7;3;2;6;0;0;1;0;0;0;0;0
198952;11;4;4300414;2018;3;12;7;3;2;5;0;0;1;0;0;0;0;1
198953;11;9;9401534;2018;4;16;7;3;5;2;0;1;0;0;0;0;1;0
198954;11;7;7100103;2018;3;11;7;2;6;2;0;0;1;1;0;0;0;1
198955;11;8;8301036;2018;3;10;7;3;5;2;0;1;1;0;0;0;0;1
198956;11;1;1100206;2018;4;23;3;3;9;1;2;0;0;0;1;0;0;0
198957;11;3;3300411;2018;4;16;7;3;5;3;0;0;1;0;1;0;0;0
198958;11;5;5100316;2018;3;7;7;3;5;2;0;0;1;0;0;0;0;0
198959;11;8;8401241;2018;3;3;7;3;0;7;2;0;1;0;0;0;0;1
198960;11;6;6400735;2018;4;15;7;3;5;3;0;0;1;0;1;0;0;0
198961;11;2;2200210;2018;4;9;2;3;2;6;0;0;1;0;0;0;0;0
198962;11;6;6300632;2018;4;17;2;3;5;3;0;1;0;0;1;0;0;0
198963;11;12;12500929;2018;4;14;7;3;5;3;0;1;1;0;0;0;0;0
198964;11;5;5100211;2018;3;21;7;3;8;7;2;0;1;0;0;0;1;1
198965;11;4;4501041;2018;4;19;3;3;6;7;1;0;1;1;0;0;0;0
198966;11;1;1100415;2018;4;21;7;3;0;1;2;1;0;0;0;0;0;0
198967;11;11;11200515;2018;3;13;6;3;2;6;0;0;1;0;0;0;0;0
198968;11;4;4300619;2018;3;13;6;3;2;6;0;0;1;0;0;0;0;0
198969;11;10;10200421;2018;4;16;7;3;2;2;0;0;1;0;0;0;0;0
198970;11;2;2200210;2018;3;22;6;3;5;2;2;0;1;0;0;0;0;0
198971;11;4;4501041;2018;4;14;6;3;2;6;0;0;1;0;0;0;0;0
198972;11;7;7601546;2018;3;19;6;3;1;1;1;0;1;0;1;0;0;0
198973;11;2;2300419;2018;3;18;6;2;0;1;1;1;0;0;0;0;0;0
198974;11;12;12500930;2018;4;19;3;3;5;2;0;0;1;0;0;0;0;0
198975;11;12;12200412;2018;4;17;6;3;5;7;0;0;1;0;0;0;0;0
198976;11;4;4300416;2018;3;16;6;2;5;3;0;1;1;0;0;0;0;0
198977;11;5;5300737;2018;3;15;6;3;5;3;0;0;1;0;1;0;0;0
198978;11;1;1200624;2018;4;15;6;3;0;6;0;0;1;0;1;0;0;0
198979;11;3;3601450;2018;4;20;2;3;5;2;1;1;1;0;0;0;0;0
198980;11;4;4501042;2018;4;9;6;3;3;6;0;0;1;0;0;1;0;0
198981;11;8;8100418;2018;3;15;6;3;1;1;0;0;1;0;1;0;0;0
198982;11;4;4501042;2018;4;19;3;3;3;6;0;1;0;0;0;0;1;0
198983;11;10;10100104;2018;4;9;6;3;5;3;0;0;1;0;0;0;0;0
198984;11;7;7400720;2018;3;14;6;3;5;2;0;1;1;0;0;0;0;0
198985;11;3;3100102;2018;4;18;6;2;5;2;0;1;1;0;0;0;0;0
198986;11;11;11300721;2018;3;13;6;3;2;6;0;0;1;0;0;0;0;0
198987;11;12;12100103;2018;4;18;3;3;5;2;0;0;1;0;0;0;0;0
198988;11;4;4400834;2018;4;11;6;3;0;6;0;0;1;0;0;0;0;0
198989;11;1;1401046;2018;4;23;6;3;5;2;2;0;1;0;0;0;0;0
198990;11;4;4300412;2018;4;15;3;3;3;6;0;0;1;0;1;0;0;0
198991;11;8;8300934;2018;3;11;6;3;2;2;0;0;0;0;1;0;1;0
198992;11;1;1100102;2018;4;19;6;3;2;6;1;0;1;0;0;0;0;0
198993;11;7;7400824;2018;4;18;6;3;2;6;1;0;1;0;0;0;0;0
198994;11;11;11100308;2018;3;10;6;3;5;2;0;1;1;0;0;0;0;0
198995;11;12;12500929;2018;4;18;6;3;6;4;0;0;1;1;0;0;0;0
198996;11;1;1100102;2018;3;22;6;2;0;7;2;0;0;0;0;0;1;0
198997;11;7;7400825;2018;4;18;6;3;6;4;0;1;0;1;0;0;0;0
198998;11;11;11501340;2018;4;19;2;3;6;4;1;0;1;1;0;0;0;0
198999;11;11;11300617;2018;4;17;6;3;8;1;0;0;1;0;0;0;0;0
199000;11;9;9200613;2018;3;12;5;3;2;6;0;0;1;0;0;1;0;1
199001;11;1;1100311;2018;4;18;3;3;5;2;0;1;1;0;0;0;0;0
199002;11;8;8100419;2018;4;17;6;3;5;2;0;1;1;0;0;0;0;0
199003;11;5;5200527;2018;3;9;5;3;2;6;0;0;1;0;0;0;0;0
199004;11;1;1401049;2018;4;17;6;3;5;2;0;1;1;0;0;0;0;0
199005;11;5;5100316;2018;3;20;5;3;5;2;2;0;1;0;1;0;0;0
199006;11;7;7501031;2018;4;16;6;3;2;6;0;0;1;0;0;0;0;0
199007;11;4;4400833;2018;4;17;6;2;5;3;0;0;1;0;0;0;0;0
199008;11;4;4200308;2018;4;14;3;2;5;2;0;0;1;0;1;0;0;0
199009;11;1;1100313;2018;3;20;5;3;3;6;2;1;1;0;0;0;0;0
199010;11;3;3601243;2018;4;17;6;3;1;5;0;1;1;0;0;0;0;0
199011;11;3;3701554;2018;3;19;5;3;5;7;1;0;1;0;1;0;0;0
199012;11;4;4400832;2018;4;16;6;3;0;2;0;1;1;0;0;0;0;0
199013;11;12;12601235;2018;3;18;5;3;0;2;1;1;1;0;0;0;0;0
199014;11;12;12500930;2018;4;16;6;3;5;2;0;1;1;0;0;0;0;0
199015;11;1;1401046;2018;3;18;5;3;5;3;0;1;1;0;0;0;0;0
199016;11;12;12200411;2018;3;17;5;3;2;2;0;0;1;0;0;0;0;0
199017;11;4;4100101;2018;4;17;3;3;5;2;0;0;1;0;0;0;1;0
199018;11;11;11300617;2018;4;15;6;3;2;6;0;0;1;0;0;0;0;0
199019;11;8;8401241;2018;3;16;5;3;5;2;0;0;1;0;0;0;1;0
199020;11;10;10100102;2018;3;16;5;3;5;3;0;0;1;0;0;0;0;0
199021;11;1;1100310;2018;4;15;6;3;0;1;0;0;1;0;1;0;0;0
199022;11;11;11300617;2018;4;15;6;3;3;2;0;0;1;0;0;0;0;0
199023;11;9;9200613;2018;4;11;3;3;5;3;0;1;1;0;0;0;0;0
199024;11;8;8100209;2018;3;15;5;3;2;6;0;0;1;0;0;0;0;0
199025;11;8;8200624;2018;4;15;6;2;6;4;0;0;1;1;0;0;0;0
199026;11;4;4501146;2018;3;15;5;3;5;2;0;1;1;0;0;0;0;0
199027;11;1;1300834;2018;4;15;6;2;6;4;0;0;1;1;0;0;0;0
199028;11;11;11401136;2018;3;14;5;3;5;3;0;0;1;0;0;0;1;0
199029;11;12;12100102;2018;3;14;5;3;6;4;0;0;1;1;0;0;0;0
199030;11;3;3200308;2018;4;16;3;3;0;3;0;0;1;0;1;0;0;0
199031;11;11;11200411;2018;4;13;6;3;0;6;0;1;0;0;0;0;0;0
199032;11;6;6200313;2018;3;13;5;3;0;2;0;0;1;0;0;0;0;0
199033;11;9;9501838;2018;3;13;5;3;5;3;0;0;1;0;0;0;0;0
199034;11;1;1100206;2018;4;12;6;3;5;3;0;0;1;0;0;0;0;0
199035;11;1;1100206;2018;3;12;5;3;3;6;0;1;0;0;0;0;1;0
199036;11;1;1200517;2018;4;14;3;2;0;7;0;0;1;1;0;1;0;0
199037;11;4;4300517;2018;4;12;6;3;5;2;0;1;1;0;0;0;0;0
199038;11;12;12200310;2018;3;12;5;3;2;6;0;0;1;0;0;0;0;0
199039;11;3;3400619;2018;4;11;6;2;5;2;0;1;1;0;0;0;0;0
199040;11;4;4300518;2018;4;22;2;3;3;6;2;0;1;0;0;0;0;0
199041;11;9;9502043;2018;3;11;5;3;6;3;0;0;1;1;0;0;0;1
199042;11;10;10300733;2018;4;11;6;3;0;3;0;0;1;0;1;0;0;0
199043;11;7;7100102;2018;3;11;5;3;5;3;0;1;1;0;0;0;0;1
199044;11;1;1100308;2018;4;13;3;3;2;6;0;0;0;0;1;1;0;0
199045;11;8;8100208;2018;4;9;6;3;6;2;0;0;1;1;0;0;0;0
199046;11;1;1100207;2018;3;10;5;3;2;6;0;0;1;0;0;1;0;1
199047;11;4;4400835;2018;3;10;5;3;1;5;0;1;1;0;0;0;0;1
199048;11;5;5100315;2018;4;12;3;3;6;7;0;0;1;1;0;0;0;0
199049;11;10;10100311;2018;4;14;2;3;5;2;0;0;1;0;0;0;0;0
199050;11;10;10400938;2018;4;8;6;3;5;3;0;1;1;0;0;0;0;0
199051;11;11;11300721;2018;3;9;5;3;6;4;0;0;1;1;0;0;0;1
199052;11;10;10100311;2018;3;9;5;3;2;6;0;0;1;0;0;0;1;1
199053;11;7;7400720;2018;4;9;6;3;5;7;0;0;1;0;0;0;0;0
199054;11;1;1401044;2018;4;20;2;2;6;4;2;1;0;1;0;0;0;0
199055;11;4;4300623;2018;4;10;6;3;0;7;0;0;1;0;0;0;0;0
199056;11;2;2400522;2018;3;8;5;3;3;6;0;1;1;0;0;0;0;0
199057;11;4;4400726;2018;4;12;3;3;2;6;0;0;1;0;0;0;0;0
199058;11;5;5100103;2018;4;17;2;3;2;6;0;1;1;0;0;0;0;0
199059;11;6;6200313;2018;4;9;6;3;8;1;0;0;0;0;1;0;0;0
199060;11;8;8401242;2018;3;8;5;2;5;7;0;0;1;0;0;0;0;1
199061;11;5;5400945;2018;4;17;3;3;8;1;0;0;0;0;1;0;0;0
199062;11;6;6100206;2018;4;20;6;3;2;6;2;0;1;0;0;0;0;0
199063;11;7;7601236;2018;3;8;5;3;0;5;0;0;0;0;0;0;1;1
199064;11;10;10400941;2018;4;12;5;3;5;3;0;1;1;0;0;0;0;0
199065;11;11;11401137;2018;3;1;5;2;5;2;2;0;1;0;0;0;1;1
199066;11;1;1100311;2018;4;12;3;3;5;3;0;0;1;0;1;0;0;0
199067;11;1;1100415;2018;4;17;5;3;5;7;0;0;1;0;1;0;0;0
199068;11;1;1100102;2018;4;16;5;3;2;6;0;0;1;0;0;0;0;1
199069;11;1;1400939;2018;3;12;5;3;5;3;0;1;1;0;0;0;0;0
199070;11;11;11501341;2018;4;16;5;3;0;1;0;1;1;0;0;0;0;0
199071;11;4;4100101;2018;4;18;2;2;0;1;0;0;0;0;0;0;1;0
199072;11;1;1100311;2018;4;12;5;3;5;2;0;1;1;0;0;0;0;0
199073;11;12;12200515;2018;3;9;4;3;0;3;0;1;0;0;0;0;1;0
199074;11;2;2400522;2018;4;12;3;3;5;7;0;0;1;0;0;0;1;0
199075;11;11;11200513;2018;4;15;5;3;0;4;0;0;0;1;0;0;1;0
199076;11;6;6100209;2018;3;16;4;3;2;2;0;0;1;0;0;0;0;0
199077;11;8;8300934;2018;4;14;5;3;0;3;0;0;1;0;0;0;1;0
199078;11;4;4400832;2018;3;11;4;3;6;2;0;0;1;1;0;0;0;1
199079;11;4;4500936;2018;4;11;3;3;0;6;0;0;1;0;0;0;1;0
199080;11;4;4501042;2018;4;14;5;3;6;4;0;0;1;1;0;0;0;0
199081;11;4;4501045;2018;4;7;5;3;5;3;0;1;1;0;0;0;0;1
199082;11;3;3200205;2018;4;10;5;2;5;3;0;0;1;0;0;0;0;0
199083;11;12;12200412;2018;3;13;4;2;2;6;0;0;1;0;0;0;0;1
199084;11;4;4501148;2018;4;13;5;3;2;6;0;0;1;0;0;0;0;0
199085;11;7;7400823;2018;3;14;4;3;2;6;0;0;1;0;0;0;0;1
199086;11;4;4500939;2018;4;11;3;3;5;3;0;1;1;0;0;0;0;1
199087;11;4;4501045;2018;4;12;5;3;2;6;0;0;1;0;0;0;0;0
199088;11;9;9200819;2018;4;11;5;3;2;6;0;0;1;0;0;0;0;0
199089;11;7;7200409;2018;4;15;3;3;1;5;0;0;1;0;1;0;0;0
199090;11;11;11300723;2018;3;15;4;3;5;3;0;0;1;0;0;0;0;1
199091;11;6;6200421;2018;4;10;5;3;5;2;0;0;1;0;0;0;0;0
199092;11;4;4500939;2018;4;9;5;3;2;6;0;0;1;0;0;0;0;0
199093;11;1;1100206;2018;3;15;4;3;5;3;0;0;1;0;0;0;0;1
199094;11;3;3400722;2018;3;15;4;3;5;3;0;1;1;0;0;0;0;1
199095;11;2;2300315;2018;4;11;3;3;5;2;0;0;1;0;0;0;0;0
199096;11;2;2400521;2018;4;8;5;3;5;2;0;0;1;0;0;0;1;0
199097;11;9;9200511;2018;3;15;4;2;5;7;0;0;1;0;0;0;1;1
199098;11;10;10200420;2018;4;7;5;2;5;2;0;1;1;0;0;0;0;0