OBJECTID;LAND;BEZ;LOR_ab_2021;UJAHR;UMONAT;USTUNDE;UWOCHENTAG;UKATEGORIE;UART;UTYP1;ULICHTVERH;IstRad;IstPKW;IstFuss;IstKrad;IstGkfz;IstSonstige;USTRZUSTAND
199099;11;1;1100415;2018;4;13;3;2;0;1;0;1;0;0;0;0;0;0
199100;11;12;12500930;2018;3;14;4;3;3;6;0;0;1;0;0;0;0;1
199101;11;5;5200423;2018;4;5;5;3;5;7;1;0;1;0;1;0;0;0
199102;11;12;12100101;2018;3;13;4;2;5;3;0;0;1;0;1;0;1;1
199103;11;10;10300734;2018;4;13;3;3;2;6;0;0;1;0;0;0;0;0
199104;11;4;4100101;2018;3;10;4;3;5;3;0;0;1;0;0;0;0;1
199105;11;4;4100101;2018;4;22;5;3;9;1;2;0;1;0;0;0;0;1
199106;11;9;9100407;2018;3;9;4;3;2;6;0;0;1;0;0;0;0;1
199107;11;3;3500934;2018;4;5;5;3;8;1;2;0;1;0;0;0;0;1
199108;11;1;1200522;2018;3;9;4;3;5;2;0;1;1;0;0;0;0;1
199109;11;8;8401241;2018;3;8;4;3;2;2;0;1;1;0;0;0;0;1
199110;11;8;8100209;2018;4;11;3;3;2;6;0;0;1;0;0;0;0;0
199111;11;3;3701554;2018;4;0;5;3;0;1;2;1;0;0;0;0;0;1
199112;11;1;1200628;2018;3;8;4;3;5;2;0;1;1;0;0;0;0;1
199113;11;5;5400943;2018;3;20;4;3;5;3;2;0;1;0;0;0;0;0
199114;11;3;3601245;2018;4;13;5;3;5;3;0;0;1;0;0;0;0;0
199115;11;10;10100315;2018;4;16;2;3;2;2;0;0;1;0;0;0;0;0
199116;11;6;6300525;2018;3;20;4;3;5;3;2;1;1;0;0;0;0;1
199117;11;3;3300514;2018;4;16;5;3;0;3;0;1;1;0;0;0;0;0
199118;11;7;7400928;2018;3;20;4;2;5;7;2;0;1;0;0;0;0;1
199119;11;5;5300737;2018;4;10;3;3;2;6;0;0;1;0;0;0;1;0
199120;11;1;2100104;2018;4;18;4;3;6;4;0;0;0;1;0;0;1;0
199121;11;12;12500926;2018;3;17;4;3;0;6;0;0;1;0;1;0;0;1
199122;11;8;8401243;2018;3;17;4;3;5;3;0;0;1;0;0;0;0;1
199123;11;4;4400726;2018;4;9;3;3;5;3;0;1;1;0;0;0;0;1
199124;11;4;4501045;2018;4;18;4;3;5;2;0;1;1;0;0;0;0;0
199125;11;10;10300732;2018;4;17;4;3;2;6;0;0;1;0;0;0;0;0
199126;11;1;1300733;2018;3;16;4;3;5;5;0;1;1;0;0;0;0;1
199127;11;7;7400927;2018;3;16;4;3;5;3;0;0;1;0;0;0;0;1
199128;11;2;2300316;2018;4;20;4;2;5;2;1;0;1;0;1;0;0;0
199129;11;4;4300619;2018;3;16;4;3;5;2;0;1;0;0;0;0;1;1
199130;11;1;1100311;2018;3;8;3;3;0;6;0;1;1;0;0;0;0;0
199131;11;9;9501736;2018;4;17;4;3;0;6;0;0;1;0;1;0;0;0
199132;11;1;1100310;2018;4;19;2;3;3;6;1;1;0;0;0;0;0;0
199133;11;2;2500835;2018;4;17;4;3;5;3;0;1;1;0;0;0;0;0
199134;11;6;6200422;2018;3;23;3;3;5;2;2;0;1;0;0;0;1;0
199135;11;1;1100205;2018;4;15;4;3;1;5;0;1;0;0;0;0;1;0
199136;11;1;1100102;2018;3;21;3;3;5;2;2;0;0;0;1;0;1;0
199137;11;8;8301036;2018;4;16;4;3;5;3;0;0;1;0;0;0;0;0
199138;11;5;5100104;2018;3;21;3;3;3;6;2;1;1;0;0;0;0;0
199139;11;9;9301025;2018;4;15;4;3;2;6;0;0;1;0;0;0;1;0
199140;11;4;4501043;2018;4;15;4;3;1;5;0;0;1;0;0;0;0;0
199141;11;7;7400928;2018;4;7;3;2;5;3;0;0;1;0;0;0;0;0
199142;11;8;8100314;2018;3;20;3;3;2;7;2;1;1;0;0;0;0;0
199143;11;3;3501037;2018;4;15;4;3;2;6;0;0;1;0;0;0;1;0
199144;11;1;1400938;2018;4;14;4;3;2;6;0;0;1;0;0;0;0;0
199145;11;7;7601443;2018;3;19;3;3;5;3;2;0;1;0;0;0;0;0
199146;11;2;2500726;2018;4;14;4;2;5;3;0;1;0;0;0;0;0;0
199147;11;4;4100101;2018;4;23;2;3;5;3;2;0;1;0;0;0;0;0
199148;11;4;4501042;2018;4;14;4;3;1;7;0;0;0;0;1;0;0;0
199149;11;4;4200311;2018;3;19;3;2;5;7;2;0;1;0;1;0;0;0
199150;11;9;9100408;2018;4;14;4;3;2;6;0;0;1;0;1;0;0;0
199151;11;4;4200205;2018;3;19;3;3;1;5;2;1;1;0;0;0;1;0
199152;11;1;1200518;2018;4;14;4;2;1;5;0;1;1;0;0;0;0;0
199153;11;8;8100312;2018;3;19;3;3;1;5;1;1;1;0;0;0;1;0
199154;11;12;12100204;2018;4;14;4;3;5;2;0;0;1;0;0;0;0;0
199155;11;1;1100311;2018;4;13;4;3;9;1;0;0;1;0;0;0;0;0
199156;11;11;11200513;2018;4;15;3;3;2;6;0;0;1;0;0;0;0;0
199157;11;1;1200627;2018;3;18;3;3;6;4;0;1;0;1;0;0;0;0
199158;11;8;8401241;2018;4;11;4;3;1;5;0;0;1;0;0;0;0;0
199159;11;12;12400722;2018;4;10;4;3;1;5;0;0;1;0;0;0;0;0
199160;11;4;4300623;2018;3;18;3;3;5;2;0;0;1;0;1;0;0;0
199161;11;7;7100101;2018;3;9;3;3;2;6;0;0;1;0;1;0;0;0
199162;11;6;6100207;2018;4;13;2;3;6;4;0;0;1;1;0;0;0;0
199163;11;12;12200309;2018;4;8;4;2;1;5;0;0;1;0;0;0;0;0
199164;11;11;11200513;2018;3;9;3;3;5;3;0;0;1;0;0;0;0;0
199165;11;12;12100101;2018;3;4;3;3;8;1;2;0;1;0;0;0;0;0
199166;11;2;2200208;2018;4;9;4;3;5;2;0;1;1;0;0;0;0;0
199167;11;8;8100102;2018;3;1;3;3;1;5;2;1;1;0;0;0;0;0
199168;11;3;3701556;2018;3;15;3;3;2;2;0;0;1;0;0;0;1;0
199169;11;1;1100310;2018;4;8;4;3;2;6;0;0;1;0;1;0;0;0
199170;11;9;9501736;2018;4;8;4;2;6;4;0;0;1;1;0;0;0;0
199171;11;1;1100416;2018;4;12;3;3;0;6;0;0;1;0;1;0;0;0
199172;11;1;1400942;2018;3;15;3;3;5;3;0;0;1;0;0;0;0;0
199173;11;2;2500834;2018;4;20;4;3;0;7;2;1;0;0;0;0;0;0
199174;11;8;8200726;2018;3;15;3;3;6;4;0;0;1;1;0;0;0;0
199175;11;12;12200309;2018;4;21;4;3;5;2;2;0;1;0;0;0;0;1
199176;11;2;2500834;2018;3;14;3;3;5;2;0;1;1;0;0;0;0;0
199177;11;10;10400837;2018;3;13;3;3;5;3;0;1;1;0;0;0;0;0
199178;11;7;7601545;2018;3;12;3;3;0;4;0;0;0;1;0;0;1;0
199179;11;9;9200613;2018;3;13;3;3;5;3;0;0;1;0;0;0;0;0
199180;11;6;6200420;2018;4;17;2;3;5;7;0;0;1;0;1;0;0;0
199181;11;5;5300736;2018;4;11;4;3;5;2;0;1;0;0;0;0;1;0
199182;11;4;4501042;2018;4;14;1;3;1;5;0;1;1;0;0;0;0;0
199183;11;1;1100206;2018;4;14;7;3;0;1;0;1;0;0;0;0;0;1
199184;11;7;7100102;2018;4;21;3;3;1;5;2;1;1;0;0;0;0;0
199185;11;4;4300517;2018;4;22;7;2;0;1;2;1;0;0;0;0;0;0
199186;11;12;12500928;2018;4;16;2;3;2;6;0;1;1;0;0;0;0;0
199187;11;10;10400941;2018;4;17;6;3;1;5;0;1;1;0;0;0;0;0
199188;11;3;3500935;2018;4;1;6;3;0;7;2;0;0;1;0;0;1;1
199189;11;9;9200819;2018;4;20;1;3;2;6;2;0;1;0;0;0;1;0
199190;11;7;7501133;2018;4;15;6;2;5;2;0;0;1;0;0;0;0;0
199191;11;1;1401049;2018;4;14;6;2;5;7;0;0;1;0;0;0;1;0
199192;11;10;10100311;2018;4;7;4;3;5;2;0;1;0;0;1;0;0;0
199193;11;2;2100106;2018;4;14;1;3;0;2;0;0;1;0;1;0;0;0
199194;11;12;12500930;2018;4;17;3;3;5;2;0;0;1;0;0;0;0;0
199195;11;12;12500927;2018;4;14;6;2;1;5;0;0;1;0;0;0;0;0
199196;11;9;9100408;2018;4;16;2;2;5;3;0;0;1;0;0;0;0;1
199197;11;7;7501030;2018;4;14;6;3;6;4;0;0;1;1;0;0;0;0
199198;11;1;1100205;2018;4;14;6;3;6;4;0;0;0;1;0;0;1;0
199199;11;3;3100101;2018;4;18;2;3;2;6;0;0;1;0;0;0;1;1
199200;11;2;2300418;2018;4;14;6;3;0;3;0;0;1;0;0;0;1;0
199201;11;1;1100313;2018;4;14;6;3;5;3;0;0;1;0;0;0;0;0
199202;11;3;3400620;2018;4;15;1;3;5;3;0;1;1;0;0;0;0;0
199203;11;3;3701658;2018;4;13;6;3;2;6;0;0;1;0;0;0;1;0
199204;11;9;9200717;2018;4;7;3;3;4;2;0;1;1;0;0;0;0;0
199205;11;3;3701554;2018;4;13;1;3;0;7;0;1;1;0;0;0;0;1
199206;11;8;8100521;2018;4;16;3;3;5;7;0;1;1;0;0;0;0;0
199207;11;12;12200412;2018;4;13;6;3;5;3;0;1;1;0;0;0;0;0
199208;11;7;7100205;2018;4;14;2;3;6;4;0;1;0;1;0;0;0;0
199209;11;12;12100205;2018;4;13;6;3;2;6;0;0;1;0;0;0;1;1
199210;11;11;11400931;2018;4;12;6;3;2;6;0;0;1;0;0;0;1;1
199211;11;3;3300517;2018;4;0;4;2;5;3;2;0;1;0;0;0;1;0
199212;11;5;5200629;2018;4;13;1;3;2;6;0;0;1;0;0;0;0;0
199213;11;4;4500937;2018;4;11;6;3;2;6;0;0;1;0;0;0;0;1
199214;11;4;4200311;2018;4;8;3;3;5;2;0;0;1;0;0;0;0;0
199215;11;2;2400625;2018;4;11;6;2;6;4;0;0;1;1;0;0;0;1
199216;11;4;4300623;2018;4;16;4;3;6;4;0;0;1;1;0;0;0;0
199217;11;1;1100309;2018;4;13;1;2;5;3;0;1;0;0;0;0;1;0
199218;11;7;7601341;2018;4;11;6;2;5;3;0;0;1;0;0;1;0;1
199219;11;1;1100310;2018;4;10;3;3;1;5;0;1;1;0;0;0;1;0
199220;11;8;8200730;2018;4;14;3;3;5;7;0;0;1;0;1;0;0;0
199221;11;2;2300418;2018;4;10;6;3;5;2;0;1;1;0;0;0;0;1
199222;11;7;7300517;2018;4;9;6;3;5;3;0;1;1;0;0;0;0;1
199223;11;8;8200730;2018;4;14;2;2;0;6;0;0;1;0;1;0;0;0
199224;11;11;11200513;2018;4;9;6;3;5;3;0;0;1;0;0;0;0;1
199225;11;4;4501043;2018;4;9;6;3;0;2;0;1;0;0;0;0;1;1
199226;11;12;12500930;2018;4;13;4;3;5;2;0;0;1;0;1;0;0;0
199227;11;9;9401635;2018;4;11;1;3;5;3;0;1;1;0;0;0;0;0
199228;11;4;4501148;2018;4;8;6;3;2;6;0;0;1;0;0;0;0;1
199229;11;5;5200421;2018;4;16;3;3;1;7;0;0;1;0;0;0;0;0
199230;11;12;12200412;2018;4;8;6;3;4;7;0;0;1;0;0;0;1;0
199231;11;11;11100308;2018;4;20;2;3;9;1;1;0;1;0;0;0;0;1
199232;11;10;10200524;2018;4;7;6;3;5;3;0;1;1;0;0;0;0;1
199233;11;7;7100102;2018;4;7;6;3;5;3;0;1;1;0;0;0;0;0
199234;11;10;10100311;2018;4;13;3;3;5;3;0;1;1;0;0;0;0;0
199235;11;1;1300834;2018;4;20;6;3;5;3;2;0;1;0;0;0;0;1
199236;11;7;7501032;2018;4;18;6;3;6;4;0;0;1;1;0;0;0;0
199237;11;8;8100311;2018;4;10;2;2;5;3;0;1;1;0;0;0;0;1
199238;11;4;4200308;2018;4;17;6;3;6;4;0;0;1;1;0;0;0;0
199239;11;4;4501042;2018;4;17;6;3;5;3;0;0;1;0;0;0;0;0
199240;11;1;1100102;2018;4;9;4;3;2;2;0;0;1;0;0;0;0;0
199241;11;6;6200313;2018;4;9;1;3;6;7;0;0;0;1;0;0;1;0
199242;11;7;7100205;2018;4;16;6;3;5;3;0;1;1;0;0;0;0;0
199243;11;1;1100206;2018;4;19;3;3;1;5;0;1;1;0;0;0;0;0
199244;11;1;1100312;2018;4;15;6;3;6;7;0;0;1;1;0;0;0;0
199245;11;5;5100316;2018;4;21;2;3;1;5;1;0;1;0;0;0;0;0
199246;11;5;5100316;2018;4;22;6;2;5;2;2;1;1;0;0;0;0;1
199247;11;1;1300733;2018;4;16;6;3;2;6;0;1;1;0;0;0;0;0
199248;11;5;5100104;2018;4;16;1;3;0;1;0;0;0;0;1;0;0;0
199249;11;6;6300525;2018;4;15;6;2;4;7;0;0;1;0;0;0;0;0
199250;11;3;3300411;2018;4;9;4;1;6;2;0;0;1;1;0;0;0;0
199251;11;3;3601245;2018;4;4;1;3;5;3;2;0;1;0;0;0;0;0
199252;11;6;6400839;2018;4;12;2;3;0;1;0;0;0;0;1;0;0;1
199253;11;12;12100204;2018;4;17;6;3;5;2;0;0;1;0;0;0;1;0
199254;11;7;7601236;2018;4;17;6;3;5;2;0;0;1;0;0;0;1;0
199255;11;7;7400824;2018;4;8;4;3;1;5;0;1;1;0;0;0;0;0
199256;11;8;8200730;2018;4;4;1;3;1;5;2;0;1;0;0;0;0;0
199257;11;7;7601546;2018;4;18;3;2;2;6;0;0;1;0;1;0;0;0
199258;11;6;6100205;2018;4;19;5;3;5;2;1;0;1;0;1;0;0;0
199259;11;2;2300417;2018;4;16;2;3;6;4;0;0;1;1;0;0;0;0
199260;11;1;1100308;2018;4;9;5;3;6;7;0;1;0;1;0;0;0;0
199261;11;12;12200515;2018;4;16;5;3;3;6;0;1;0;0;0;0;0;0
199262;11;9;9501736;2018;4;21;5;3;5;3;2;0;1;0;0;0;0;0
199263;11;4;4501042;2018;4;9;3;3;2;6;0;1;1;0;0;0;0;0
199264;11;6;6300629;2018;4;15;3;3;2;6;0;1;0;0;0;0;1;0
199265;11;12;12601235;2018;4;20;5;3;6;4;2;0;1;1;0;0;0;0
199266;11;5;5100316;2018;4;13;3;3;6;4;0;1;0;1;0;0;0;0
199267;11;6;6400840;2018;4;18;5;3;5;3;0;0;1;0;0;0;0;0
199268;11;7;7400823;2018;4;16;2;3;6;4;0;0;1;1;0;0;0;1
199269;11;1;1401046;2018;4;18;5;2;5;7;0;0;1;0;1;0;0;0
199270;11;4;4200308;2018;4;18;5;3;5;3;0;0;1;0;0;0;0;0
199271;11;2;2200209;2018;4;16;4;3;6;4;0;1;0;1;0;0;0;0
199272;11;1;1200628;2018;4;17;1;3;0;1;1;0;0;0;1;0;0;0
199273;11;4;4300412;2018;4;18;5;3;3;6;0;0;1;0;0;0;0;0
199274;11;8;8100415;2018;4;9;3;3;0;3;0;1;0;0;1;0;0;0
199275;11;4;4501045;2018;4;14;3;3;2;6;0;0;1;0;1;0;0;0
199276;11;4;4400835;2018;4;18;5;3;0;1;0;1;0;0;0;0;0;0
199277;11;10;10200421;2018;4;17;5;3;5;3;0;0;1;0;0;0;0;0
199278;11;9;9200715;2018;4;13;2;3;2;6;0;0;1;0;0;0;0;0
199279;11;12;12601235;2018;4;17;5;3;5;2;0;0;1;0;0;0;1;0
199280;11;4;4501043;2018;4;11;4;3;2;6;0;1;1;0;0;0;0;0
199281;11;4;4501043;2018;4;19;7;2;3;6;0;1;1;0;0;0;0;0
199282;11;9;9100101;2018;4;15;2;2;5;3;0;1;1;0;0;0;0;0
199283;11;3;3500936;2018;4;17;5;3;6;4;0;0;1;1;0;0;0;0
199284;11;7;7300517;2018;4;17;5;2;6;4;0;1;0;1;0;0;0;0
199285;11;1;1100205;2018;4;14;4;3;6;4;0;0;0;1;1;0;0;0
199286;11;5;5200631;2018;4;19;7;2;6;4;0;0;1;1;0;0;0;0
199287;11;9;9501939;2018;4;17;5;3;4;6;0;1;0;0;0;0;0;0
199288;11;4;4400727;2018;4;7;3;3;0;2;0;0;1;0;1;0;0;0
199289;11;7;7601544;2018;4;16;5;3;1;5;0;1;1;0;0;0;0;0
199290;11;1;1100308;2018;4;11;3;3;1;5;0;1;1;0;0;0;0;0
199291;11;12;12200309;2018;4;16;5;2;2;7;0;0;1;0;1;0;1;0
199292;11;5;5100316;2018;4;12;5;3;5;2;0;1;1;0;0;0;0;0
199293;11;3;3601450;2018;4;7;2;3;5;3;0;1;0;0;0;0;1;1
199294;11;1;1200519;2018;4;12;5;3;5;3;0;0;1;0;1;0;0;0
199295;11;5;5100316;2018;4;12;5;2;2;7;0;1;1;0;0;0;0;0
199296;11;4;4500937;2018;4;8;4;3;2;6;0;1;1;0;0;0;0;0
199297;11;7;7501031;2018;4;19;7;3;5;2;0;0;1;0;0;0;0;0
199298;11;11;11400929;2018;4;18;3;3;5;3;0;1;1;0;0;0;0;0
199299;11;4;4400727;2018;4;11;5;3;6;2;0;0;1;1;0;0;0;0
199300;11;12;12200309;2018;4;18;2;3;0;2;0;0;1;0;1;0;0;0
199301;11;6;6300528;2018;4;11;5;2;5;3;0;0;1;0;0;0;0;0
199302;11;10;10100311;2018;4;10;5;2;5;2;0;0;1;0;0;0;0;0
199303;11;1;1100206;2018;4;21;3;3;5;2;2;0;0;0;1;0;1;0
199304;11;4;4501043;2018;4;10;5;2;5;2;0;1;1;0;0;0;0;0
199305;11;8;8301036;2018;4;10;2;3;1;5;0;1;1;0;0;0;0;1
199306;11;9;9501737;2018;4;10;5;2;5;2;0;0;1;0;1;0;0;0
199307;11;11;11300721;2018;4;14;5;3;3;6;0;0;1;0;1;0;0;0
199308;11;4;4100101;2018;4;21;1;3;2;6;2;0;1;0;0;0;0;0
199309;11;4;4501045;2018;4;9;5;3;3;6;0;1;1;0;0;0;0;0
199310;11;3;3200205;2018;4;15;5;2;2;2;0;0;1;0;1;0;0;0
199311;11;8;8200623;2018;4;7;4;3;1;5;0;1;1;0;0;0;0;0
199312;11;7;7400927;2018;4;16;7;2;0;6;0;0;1;0;1;0;0;1
199313;11;9;9100306;2018;4;17;3;3;5;7;0;0;1;0;1;0;0;0
199314;11;3;3601450;2018;4;8;5;3;2;6;0;0;0;0;1;0;1;0
199315;11;4;4200308;2018;4;16;2;3;5;3;0;1;1;0;0;0;0;0
199316;11;6;6400839;2018;4;8;5;3;1;5;0;1;1;0;0;0;0;0
199317;11;5;5100317;2018;4;13;5;2;0;7;0;0;1;0;0;0;0;0
199318;11;1;1100207;2018;4;15;7;3;5;2;0;1;1;0;0;0;0;0
199319;11;4;4501043;2018;4;7;5;3;6;4;0;0;1;1;0;0;0;0
199320;11;12;12500930;2018;4;8;5;3;5;2;0;1;1;0;0;0;0;0
199321;11;7;7100102;2018;4;18;1;3;2;2;0;0;1;0;0;0;0;0
199322;11;4;4501044;2018;4;7;5;3;1;5;0;1;1;0;0;0;0;0
199323;11;7;7100206;2018;4;11;3;3;1;7;0;0;1;0;0;0;0;0
199324;11;4;4400834;2018;4;15;7;3;5;2;0;1;1;0;0;0;0;1
199325;11;4;4501042;2018;4;16;3;3;5;7;0;0;1;0;1;0;0;0
199326;11;4;4300414;2018;4;7;5;3;2;6;0;0;1;0;0;0;0;0
199327;11;1;1100415;2018;4;21;5;2;4;1;2;1;0;0;0;0;1;0
199328;11;7;7100102;2018;4;16;2;3;2;6;0;0;1;0;1;0;0;1
199329;11;4;4300623;2018;4;12;5;3;8;1;0;0;1;0;0;0;0;0
199330;11;12;12400619;2018;4;15;5;3;5;2;0;1;1;0;0;0;0;0
199331;11;1;1100309;2018;4;9;5;3;0;1;0;1;0;0;0;0;0;0
199332;11;7;7200409;2018;4;15;5;3;2;6;0;1;1;0;0;0;0;0
199333;11;11;11100102;2018;4;16;4;3;5;2;0;1;1;0;0;0;0;0
199334;11;1;1100207;2018;4;15;5;2;5;3;0;0;1;0;1;0;0;0
199335;11;4;4400833;2018;4;13;7;3;5;2;0;0;1;0;0;0;0;1
199336;11;2;2400623;2018;4;18;4;3;3;2;0;1;1;0;0;0;0;0
199337;11;1;1200628;2018;4;20;5;3;6;4;2;0;1;1;0;0;0;0
199338;11;1;1300834;2018;4;9;3;2;6;4;0;0;1;1;0;0;0;0
199339;11;1;1100311;2018;4;16;4;3;5;2;1;1;1;0;0;0;0;0
199340;11;5;5200631;2018;4;20;5;2;1;5;2;1;1;0;0;0;0;0
199341;11;10;10400940;2018;4;13;3;3;5;2;0;0;1;0;0;0;1;0
199342;11;7;7200307;2018;4;18;4;2;6;4;1;0;1;1;0;0;0;0
199343;11;7;7100102;2018;4;10;3;2;5;2;0;0;1;0;1;0;0;0
199344;11;7;7601546;2018;4;15;5;3;6;2;0;0;1;1;0;0;0;0
199345;11;9;9200715;2018;4;14;3;3;5;3;0;1;1;0;0;0;0;0
199346;11;10;10400939;2018;4;16;4;3;6;6;0;1;0;1;0;0;0;0
199347;11;1;1100308;2018;4;7;4;3;0;1;0;0;0;0;1;0;0;1
199348;11;10;10400941;2018;4;15;5;2;5;3;0;0;1;0;0;0;1;0
199349;11;9;9301126;2018;4;15;2;3;6;4;0;0;1;1;0;0;0;0
199350;11;6;6200421;2018;4;14;4;2;0;3;0;1;0;0;0;1;0;0
199351;11;1;1300732;2018;4;15;4;3;1;5;0;1;1;0;0;0;0;0
199352;11;9;9501838;2018;4;14;5;3;5;2;0;1;1;0;0;0;0;0
199353;11;9;9100304;2018;4;6;4;3;5;2;0;0;1;0;1;0;0;0
199354;11;2;2100101;2018;4;13;5;3;3;6;0;1;1;0;0;0;0;0
199355;11;9;9301025;2018;4;11;7;3;5;3;0;0;0;0;1;0;1;0
199356;11;5;5300840;2018;4;15;4;3;2;6;0;0;1;0;1;0;0;0
199357;11;8;8100206;2018;4;19;5;3;1;5;0;1;1;0;0;0;0;0
199358;11;8;8100209;2018;4;14;3;3;5;3;0;1;1;0;0;0;0;0
199359;11;8;8100520;2018;4;15;4;3;6;4;0;0;0;1;0;0;1;0
199360;11;1;1100309;2018;4;19;5;3;5;7;0;0;1;0;1;0;0;0
199361;11;2;2200212;2018;4;8;2;3;5;3;0;1;1;0;0;0;0;0
199362;11;9;9200715;2018;4;16;4;3;3;6;0;0;1;0;1;0;0;0
199363;11;4;4100101;2018;4;16;4;3;0;2;0;0;1;0;0;0;1;0
199364;11;6;6300525;2018;4;19;5;2;5;2;0;1;1;0;0;0;0;0
199365;11;1;1100102;2018;4;6;2;2;5;3;0;1;1;0;0;0;0;0
199366;11;8;8300934;2018;4;14;4;3;5;2;0;0;1;0;0;0;0;0
199367;11;4;4501042;2018;4;14;4;2;3;6;0;0;1;0;1;0;0;0
199368;11;7;7501030;2018;4;18;5;3;6;2;0;0;1;1;0;0;0;0
199369;11;12;12200414;2018;4;8;4;3;3;6;0;0;1;0;1;0;0;0
199370;11;8;8100417;2018;4;13;4;3;5;3;0;0;1;0;0;0;0;0
199371;11;4;4300619;2018;4;18;5;3;6;4;0;0;0;1;0;0;1;0
199372;11;9;9100407;2018;4;12;2;3;6;7;0;0;1;1;0;0;0;1
199373;11;5;5300737;2018;4;13;4;3;5;2;0;0;1;0;0;0;1;0
199374;11;5;5100316;2018;4;13;5;3;6;7;0;1;0;1;0;0;0;0
199375;11;4;4400833;2018;4;10;4;2;5;2;0;0;1;0;0;0;0;0
199376;11;7;7200409;2018;4;9;7;3;1;5;0;1;1;0;0;0;0;1
199377;11;1;1100313;2018;4;13;4;3;5;3;0;1;1;0;0;0;0;0
199378;11;12;12400722;2018;4;12;5;3;8;1;0;0;1;0;0;0;0;0
199379;11;1;1200517;2018;4;18;3;3;5;2;0;1;1;0;0;0;0;0
199380;11;5;5100316;2018;4;12;4;2;3;6;0;0;1;0;1;0;0;0
199381;11;3;3601245;2018;4;17;5;3;6;4;0;0;1;1;0;0;0;0
199382;11;1;1100207;2018;4;23;2;3;1;5;2;1;1;0;0;0;0;0
199383;11;1;1200522;2018;4;11;4;3;2;6;0;0;1;0;0;0;0;0
199384;11;5;5200421;2018;4;10;4;3;1;5;0;0;1;0;0;0;0;0
199385;11;6;6300527;2018;4;12;5;3;5;2;0;1;0;0;1;0;0;0
199386;11;8;8100209;2018;4;19;1;3;6;7;0;0;1;1;0;0;0;0
199387;11;10;10100312;2018;4;9;4;2;6;4;0;0;1;1;0;0;0;0
199388;11;6;6100102;2018;4;9;4;3;0;5;0;1;1;0;0;0;0;0
199389;11;2;2300316;2018;4;17;5;3;3;2;0;0;0;0;1;1;0;0
199390;11;2;2300314;2018;4;21;4;3;1;5;2;1;1;0;0;0;0;0
199391;11;2;2500832;2018;4;21;7;3;5;2;2;1;1;0;0;0;0;0
199392;11;11;11100308;2018;4;12;5;3;1;5;0;0;1;0;0;0;0;0
199393;11;9;9401329;2018;4;17;3;3;5;7;0;0;0;0;1;0;1;0
199394;11;12;12100204;2018;4;9;4;3;5;2;0;1;1;0;0;0;0;0
199395;11;8;8100310;2018;4;22;7;3;5;2;2;1;1;0;0;0;0;0
199396;11;9;9200510;2018;4;12;5;3;0;4;0;1;0;1;0;0;0;0
199397;11;4;4400726;2018;4;18;3;3;5;3;0;1;1;0;0;0;0;0
199398;11;8;8200730;2018;4;8;4;3;0;1;0;0;1;0;1;0;0;0
199399;11;10;10300734;2018;4;16;5;3;5;2;0;0;1;0;1;0;0;0
199400;11;11;11300721;2018;4;17;2;3;5;2;0;1;1;0;0;0;0;1
199401;11;3;3200207;2018;4;8;4;3;0;1;0;0;0;0;1;0;0;1
199402;11;9;9401329;2018;4;12;5;3;1;5;0;0;1;0;0;0;0;0
199403;11;9;9100306;2018;4;8;4;3;2;6;0;0;1;0;0;0;0;0
199404;11;10;10100312;2018;4;16;5;3;5;3;0;0;1;0;0;0;0;0
199405;11;11;11300618;2018;4;11;5;2;1;5;0;0;1;0;0;0;0;0
199406;11;4;4200207;2018;4;14;1;3;0;1;0;1;1;0;0;0;0;0
199407;11;6;6300527;2018;4;7;4;3;6;2;0;0;1;1;0;0;0;0
199408;11;1;1100310;2018;4;16;5;3;1;5;0;1;0;0;0;0;1;0
199409;11;11;11400927;2018;4;17;3;3;5;2;0;1;0;0;0;0;1;0
199410;11;10;10300734;2018;4;11;5;3;5;3;0;1;1;0;0;0;0;0
199411;11;5;5200629;2018;4;15;3;2;6;2;0;0;1;1;0;0;0;0
199412;11;7;7100102;2018;4;23;4;3;5;2;2;0;1;0;0;0;0;0
199413;11;4;4400833;2018;4;16;5;3;1;5;0;0;1;0;1;0;0;0
199414;11;10;10100312;2018;4;16;2;3;2;2;0;0;1;0;0;0;1;0
199415;11;9;9200717;2018;4;7;4;2;5;2;0;0;1;0;1;0;0;1
199416;11;3;3400828;2018;4;11;5;3;5;3;0;1;1;0;0;0;0;0
199417;11;1;1401047;2018;4;7;4;3;5;3;0;0;1;0;0;0;0;0
199418;11;4;4501042;2018;4;11;5;3;3;6;0;0;1;0;1;0;0;0
199419;11;10;10200417;2018;4;15;4;3;6;7;0;1;0;1;0;0;0;0
199420;11;10;10400938;2018;4;16;5;3;0;1;0;0;0;0;1;0;0;0
199421;11;4;4500937;2018;4;11;5;2;3;6;0;0;1;0;0;0;1;0
199422;11;6;6400735;2018;4;16;2;3;8;1;0;0;1;0;0;0;0;1
199423;11;1;1100308;2018;4;21;4;3;5;2;2;1;1;0;0;0;0;0
199424;11;3;3300516;2018;4;11;5;2;1;5;0;0;1;0;1;0;0;0
199425;11;4;4100101;2018;4;4;4;3;5;3;2;0;1;0;0;0;1;0
199426;11;3;3500934;2018;4;11;5;3;5;3;0;1;1;0;0;0;0;0
199427;11;10;10100209;2018;4;16;4;3;5;2;0;1;1;0;0;0;0;0
199428;11;10;10100312;2018;4;10;5;2;6;4;0;0;1;1;0;0;0;0