OBJECTID;LAND;BEZ;LOR_ab_2021;UJAHR;UMONAT;USTUNDE;UWOCHENTAG;UKATEGORIE;UART;UTYP1;ULICHTVERH;IstRad;IstPKW;IstFuss;IstKrad;IstGkfz;IstSonstige;USTRZUSTAND
199429;11;6;6400737;2018;4;16;7;2;0;3;0;1;0;0;0;0;1;0
199430;11;10;10100315;2018;4;20;4;3;5;3;2;0;1;0;0;1;0;0
199431;11;8;8100312;2018;4;9;5;3;0;1;0;1;0;0;0;0;0;0
199432;11;6;6200421;2018;4;9;3;3;5;3;0;0;1;0;0;0;0;0
199433;11;2;2400623;2018;4;9;5;3;5;2;0;1;0;0;0;0;1;0
199434;11;2;2300315;2018;4;14;3;2;5;7;0;0;1;0;1;0;0;0
199435;11;4;4500937;2018;4;18;4;3;3;6;0;1;1;0;0;0;0;0
199436;11;3;3200205;2018;4;18;4;2;6;7;0;0;1;1;0;0;0;0
199437;11;6;6400736;2018;4;9;5;3;2;6;0;1;1;0;0;0;0;0
199438;11;7;7100102;2018;4;13;2;3;0;5;0;1;0;0;0;0;1;0
199439;11;4;4300412;2018;4;18;4;3;2;2;0;0;1;0;0;0;0;0
199440;11;3;3701556;2018;4;8;5;3;5;7;0;0;1;0;1;0;0;0
199441;11;12;12400616;2018;4;11;4;2;1;5;0;0;1;0;1;0;0;0
199442;11;1;1200520;2018;4;9;7;2;2;6;0;0;1;0;0;0;0;1
199443;11;2;2300314;2018;4;18;4;3;5;2;0;1;0;0;0;0;1;0
199444;11;7;7501031;2018;4;8;5;3;5;2;0;0;1;0;0;0;1;0
199445;11;2;2500835;2018;4;23;3;3;2;6;2;1;1;0;0;0;1;0
199446;11;12;12200515;2018;4;18;4;3;5;2;0;0;1;0;0;0;0;0
199447;11;1;1401047;2018;4;22;7;3;2;2;2;1;1;0;0;0;0;0
199448;11;8;8100310;2018;4;17;4;3;5;2;0;1;1;0;0;0;0;0
199449;11;3;3601243;2018;4;8;5;2;5;2;0;0;1;0;1;0;0;0
199450;11;3;3500934;2018;4;8;3;3;2;6;0;0;1;0;0;1;0;0
199451;11;2;2400521;2018;4;17;4;3;5;2;0;1;1;0;0;0;0;0
199452;11;1;1100309;2018;4;8;5;3;6;4;0;0;1;1;0;0;0;0
199453;11;12;12100204;2018;4;12;3;3;2;6;0;0;1;0;0;0;0;0
199454;11;9;9200715;2018;4;17;4;3;5;2;0;1;1;0;0;0;0;0
199455;11;11;11200513;2018;4;16;4;3;2;6;0;0;1;0;1;0;0;0
199456;11;7;7100206;2018;4;8;5;2;0;3;0;1;0;0;0;0;0;0
199457;11;11;11100204;2018;4;9;2;3;5;2;0;1;0;0;0;0;1;1
199458;11;1;1100102;2018;4;7;3;3;0;2;0;1;1;0;0;0;0;0
199459;11;11;11100308;2018;4;19;3;3;5;3;1;0;1;0;0;0;0;0
199460;11;3;3500934;2018;4;7;5;3;5;2;0;1;1;0;0;0;0;0
199461;11;6;6400844;2018;4;8;4;3;5;3;0;1;1;0;0;0;0;0
199462;11;12;12500824;2018;4;8;7;3;0;5;0;0;1;0;1;0;0;0
199463;11;4;4300412;2018;4;18;3;3;3;6;0;0;1;0;0;1;0;0
199464;11;1;1200519;2018;4;7;5;3;2;3;0;0;1;0;0;0;0;0
199465;11;3;3601450;2018;4;19;3;3;1;5;0;1;1;0;0;0;1;0
199466;11;11;11100309;2018;4;18;3;3;0;2;0;1;1;0;0;0;0;0
199467;11;3;3200206;2018;4;7;5;3;2;5;0;1;1;0;0;0;0;0
199468;11;3;3300516;2018;4;21;2;2;9;1;2;0;1;0;0;0;0;0
199469;11;1;1100310;2018;4;18;3;3;1;5;0;1;1;0;0;0;0;0
199470;11;5;5200528;2018;4;18;3;3;5;2;0;0;1;0;1;0;0;0
199471;11;1;1401048;2018;4;7;5;3;2;6;0;0;1;0;0;0;0;0
199472;11;12;12500929;2018;4;18;1;3;5;7;0;0;1;0;0;0;0;0
199473;11;4;4500938;2018;4;22;5;3;5;3;2;0;1;0;0;0;0;0
199474;11;2;2200211;2018;4;8;2;3;0;2;0;1;1;0;0;0;0;1
199475;11;8;8100312;2018;4;19;3;3;5;3;0;0;1;0;1;0;0;0
199476;11;4;4300517;2018;4;15;3;3;2;6;0;0;1;0;0;0;0;0
199477;11;1;1100206;2018;4;16;4;3;2;6;0;1;1;0;0;0;0;0
199478;11;8;8100207;2018;4;17;1;3;2;6;0;1;1;0;0;0;0;0
199479;11;12;12500926;2018;4;20;3;2;5;7;0;0;1;0;1;0;0;0
199480;11;3;3601142;2018;4;19;3;3;5;2;1;1;1;0;0;0;0;0
199481;11;2;2300314;2018;4;20;4;3;1;5;2;1;1;0;0;0;0;0
199482;11;1;1200628;2018;4;7;4;3;0;2;0;1;0;0;1;0;0;0
199483;11;6;6300634;2018;4;13;7;3;2;6;0;0;1;0;0;0;1;1
199484;11;10;;2018;4;16;4;3;3;6;0;0;1;0;0;0;0;0
199485;11;1;1100308;2018;4;18;3;3;1;5;0;1;1;0;0;0;0;0
199486;11;3;3601245;2018;4;19;3;3;5;2;2;1;1;0;0;0;0;0
199487;11;1;1200519;2018;4;1;4;3;6;4;2;0;1;1;1;0;0;0
199488;11;1;1401049;2018;4;17;2;2;6;4;0;1;0;1;0;0;0;1
199489;11;2;2100105;2018;4;19;3;3;5;2;1;1;1;0;0;0;0;0
199490;11;4;4300622;2018;4;21;4;3;0;3;2;1;1;0;0;0;0;0
199491;11;4;4300623;2018;4;19;3;3;6;4;0;0;0;1;0;0;1;0
199492;11;1;1100101;2018;4;16;4;3;2;6;0;0;1;0;0;0;0;0
199493;11;5;5400943;2018;4;18;4;3;5;3;0;1;1;0;0;0;0;0
199494;11;7;7400826;2018;4;13;7;3;2;6;0;0;1;0;0;0;1;1
199495;11;8;8100314;2018;4;19;3;3;2;3;0;1;1;0;0;0;0;0
199496;11;9;9401329;2018;4;14;4;3;2;6;0;1;0;0;0;0;1;0
199497;11;1;1100101;2018;4;11;3;3;5;2;0;1;1;0;0;0;0;0
199498;11;1;1100310;2018;4;21;4;3;2;6;2;0;1;0;0;0;1;0
199499;11;10;10300734;2018;4;17;3;3;0;3;0;0;1;0;1;0;0;0
199500;11;1;1100309;2018;4;19;4;3;5;2;0;1;0;0;0;0;0;0
199501;11;5;5200629;2018;4;20;3;3;2;6;2;0;1;0;0;0;0;0
199502;11;7;7400927;2018;4;20;7;3;5;3;2;0;1;0;0;0;0;0
199503;11;7;7501031;2018;4;18;4;2;1;1;0;0;1;0;0;1;1;0
199504;11;12;12200307;2018;4;16;3;3;2;6;0;0;1;0;0;0;0;0
199505;11;9;9100407;2018;4;17;3;3;5;2;0;1;1;0;0;0;0;0
199506;11;7;7400822;2018;4;18;4;3;2;6;0;0;1;0;0;0;1;0
199507;11;2;2200210;2018;4;16;2;3;5;2;0;1;1;0;0;0;0;1
199508;11;4;4200309;2018;4;17;3;3;6;4;0;1;0;1;0;0;0;0
199509;11;10;10100311;2018;4;17;4;3;2;6;0;0;1;0;0;0;0;0
199510;11;2;2200207;2018;4;17;3;3;5;2;0;0;1;0;0;0;0;0
199511;11;1;1100312;2018;4;17;4;3;2;2;0;1;1;0;0;0;0;0
199512;11;1;1200518;2018;4;6;4;3;3;6;0;0;1;0;1;0;0;0
199513;11;7;7601341;2018;4;17;4;2;2;6;0;0;1;0;1;0;1;0
199514;11;9;9200715;2018;4;19;7;2;9;1;0;0;0;0;1;0;0;0
199515;11;11;11400928;2018;4;16;3;3;2;6;0;0;1;0;0;1;1;0
199516;11;3;3601142;2018;4;17;4;3;5;2;0;1;1;0;0;0;0;0
199517;11;12;12500926;2018;4;9;3;3;6;6;0;0;1;1;0;0;0;0
199518;11;9;9300920;2018;4;17;4;3;1;5;0;1;1;0;0;0;0;0
199519;11;6;6400737;2018;4;14;3;3;5;3;0;1;1;0;0;0;0;0
199520;11;5;5200420;2018;4;7;3;2;6;4;0;0;1;1;0;0;0;0
199521;11;6;6100206;2018;4;7;3;3;2;2;0;0;1;0;1;0;0;0
199522;11;2;2400521;2018;4;17;4;3;0;2;0;0;1;0;1;0;0;0
199523;11;2;2300316;2018;4;13;2;3;6;2;0;0;1;1;0;0;0;0
199524;11;9;9200819;2018;4;8;3;3;2;6;0;0;1;0;0;0;0;0
199525;11;1;1200628;2018;4;15;3;3;5;3;0;0;1;0;0;0;0;0
199526;11;11;11400931;2018;4;8;3;3;0;2;0;1;1;0;0;0;0;0
199527;11;10;10200421;2018;4;17;4;3;2;7;0;0;1;0;1;0;0;0
199528;11;11;11400928;2018;4;14;2;3;5;2;0;1;0;0;1;0;0;0
199529;11;7;7601544;2018;4;16;3;2;5;3;0;1;1;0;0;0;0;0
199530;11;10;10400941;2018;4;16;3;3;5;3;0;1;1;0;0;0;0;0
199531;11;11;11300618;2018;4;17;4;3;6;2;0;0;1;1;0;0;0;0
199532;11;6;6300631;2018;4;14;4;3;0;1;0;0;0;1;1;0;1;0
199533;11;4;4400831;2018;4;16;4;2;5;3;0;1;1;0;0;0;0;0
199534;11;11;11200513;2018;4;15;7;3;0;1;0;0;0;0;1;0;0;1
199535;11;3;3200308;2018;4;16;3;3;5;2;0;0;1;0;0;0;0;0
199536;11;11;11200514;2018;4;16;4;3;2;2;0;1;1;0;0;0;0;0
199537;11;2;2300315;2018;4;7;3;2;5;2;0;1;1;0;0;0;0;0
199538;11;6;6300525;2018;4;16;3;3;2;6;0;0;1;0;0;0;0;0
199539;11;11;11300722;2018;4;16;4;3;2;7;0;1;1;0;0;0;0;0
199540;11;4;4300623;2018;4;19;3;3;0;6;0;0;1;0;0;0;1;0
199541;11;8;8200623;2018;4;11;3;3;5;2;0;1;1;0;0;0;0;0
199542;11;11;11501340;2018;4;11;3;3;5;3;0;1;1;0;0;0;0;0
199543;11;3;3400827;2018;4;7;2;3;5;3;0;0;1;0;0;0;1;1
199544;11;4;4300619;2018;4;16;3;2;5;2;0;0;1;0;1;0;0;0
199545;11;11;11100309;2018;4;15;3;3;5;2;0;1;1;0;0;0;0;0
199546;11;5;5100317;2018;4;8;4;3;0;1;0;0;1;0;1;0;0;0
199547;11;4;4400728;2018;4;18;3;3;5;3;0;1;1;0;0;0;0;0
199548;11;5;5100316;2018;4;17;5;3;5;2;0;0;1;0;0;0;0;1
199549;11;11;11300721;2018;4;14;2;2;6;4;0;0;1;1;0;0;0;0
199550;11;1;1100309;2018;4;14;2;3;1;5;0;0;0;0;1;0;1;0
199551;11;8;8401244;2018;4;17;5;3;5;2;0;0;1;0;0;0;0;0
199552;11;1;1100103;2018;4;12;2;3;2;6;0;1;1;0;0;0;0;0
199553;11;7;7100101;2018;4;16;5;2;5;3;0;1;1;0;0;0;0;0
199554;11;4;4300622;2018;4;12;2;2;1;5;0;1;1;0;0;1;0;0
199555;11;12;12200412;2018;4;16;5;3;1;5;0;0;1;0;0;0;0;1
199556;11;3;3200206;2018;4;10;2;3;5;7;0;0;1;0;0;1;0;0
199557;11;7;7400823;2018;4;10;2;3;2;6;0;0;1;0;0;0;0;0
199558;11;2;2200213;2018;4;10;2;3;1;5;0;1;1;0;0;0;0;0
199559;11;4;4501042;2018;4;10;2;2;5;2;0;0;1;0;0;0;1;0
199560;11;1;1100101;2018;4;16;5;3;6;7;0;0;1;1;0;0;0;1
199561;11;12;12400720;2018;4;9;2;3;5;3;0;0;1;0;0;0;0;1
199562;11;5;5100103;2018;4;16;5;3;3;6;0;0;0;0;1;1;0;1
199563;11;7;7501030;2018;4;15;5;3;6;4;0;0;1;1;0;0;0;1
199564;11;3;3400830;2018;4;15;5;3;1;5;0;0;1;0;0;0;0;0
199565;11;5;5200423;2018;4;8;2;2;5;2;0;0;1;0;1;0;0;1
199566;11;1;1100205;2018;4;15;5;2;1;5;0;1;1;0;0;0;0;1
199567;11;8;8200622;2018;4;15;5;3;5;2;0;1;1;0;0;0;0;1
199568;11;11;11100309;2018;4;15;5;3;5;3;1;1;1;0;0;0;0;1
199569;11;5;5200420;2018;4;8;2;3;1;5;0;0;1;0;0;0;0;1
199570;11;7;7501029;2018;4;15;5;3;0;2;0;0;1;0;1;0;0;1
199571;11;7;7300517;2018;4;8;2;3;5;2;0;1;0;0;0;0;1;0
199572;11;9;9200510;2018;4;7;2;3;2;3;0;1;1;0;0;1;0;0
199573;11;4;4501148;2018;4;14;5;3;5;2;0;0;1;0;0;0;0;0
199574;11;11;11300724;2018;4;5;2;3;2;6;1;0;1;0;0;0;0;0
199575;11;5;5100208;2018;4;13;5;3;5;2;0;0;1;0;0;0;0;0
199576;11;12;12500928;2018;4;18;2;3;0;1;0;1;0;0;0;0;0;0
199577;11;1;1200626;2018;4;12;5;3;0;2;0;1;1;0;0;0;0;1
199578;11;4;4300620;2018;4;12;5;2;0;6;0;0;1;0;1;0;0;1
199579;11;3;3300515;2018;4;15;2;3;0;1;0;0;0;0;1;0;0;0
199580;11;11;11100102;2018;4;11;5;3;5;3;0;0;1;0;1;0;0;1
199581;11;11;11501339;2018;4;12;2;3;0;1;0;1;0;0;0;0;0;0
199582;11;3;3601245;2018;4;11;5;3;5;2;0;1;1;0;0;0;0;1
199583;11;4;4300619;2018;4;8;2;3;8;1;0;0;1;0;0;0;0;0
199584;11;1;1200628;2018;4;11;2;3;2;6;0;0;1;0;0;0;1;0
199585;11;1;1100309;2018;4;10;5;3;0;3;0;1;0;0;0;0;1;1
199586;11;12;12500926;2018;4;20;2;3;5;3;2;0;1;0;0;0;1;0
199587;11;8;8100105;2018;4;9;5;3;5;7;0;0;1;0;0;0;0;1
199588;11;1;1200519;2018;4;17;1;2;0;7;0;0;1;1;0;0;0;0
199589;11;1;1100308;2018;4;9;5;3;1;5;0;1;1;0;0;0;0;1
199590;11;2;2300315;2018;4;15;1;3;1;5;0;1;1;0;0;0;0;0
199591;11;1;1100102;2018;4;9;5;3;0;1;0;0;0;0;1;0;0;1
199592;11;8;8100417;2018;4;18;1;3;6;4;0;0;1;1;0;0;0;0
199593;11;7;7501029;2018;4;8;5;3;2;6;0;0;1;0;0;0;1;1
199594;11;6;6400737;2018;4;20;1;3;0;7;1;1;1;0;0;0;0;0
199595;11;3;3601141;2018;4;22;1;3;5;3;2;1;1;0;0;0;0;0
199596;11;4;4300622;2018;4;8;5;3;6;4;0;0;1;1;0;0;0;0
199597;11;2;2200212;2018;4;17;1;3;1;5;0;1;1;0;0;0;0;0
199598;11;1;1300836;2018;4;8;5;3;3;6;0;1;0;0;0;1;0;0
199599;11;10;10100315;2018;4;17;1;3;2;6;0;0;1;0;0;0;0;0
199600;11;5;5300839;2018;4;8;5;3;5;3;0;1;1;0;0;0;0;1
199601;11;8;8100312;2018;4;17;1;3;3;6;0;0;1;0;1;0;0;0
199602;11;6;6100206;2018;4;8;5;3;5;3;0;0;1;0;0;0;1;0
199603;11;12;12200309;2018;4;16;1;3;1;5;0;1;1;0;0;0;0;0
199604;11;3;3601142;2018;4;7;5;3;5;3;0;0;1;0;0;0;0;1
199605;11;5;5100316;2018;4;16;1;3;5;3;0;1;1;0;0;0;0;0
199606;11;6;6100209;2018;4;14;1;3;5;3;0;1;1;0;0;0;0;0
199607;11;7;7400824;2018;4;7;5;3;5;3;0;1;1;0;0;0;0;0
199608;11;7;7300515;2018;4;13;1;3;5;7;0;1;1;0;0;0;0;0
199609;11;10;10200629;2018;4;7;5;3;2;6;0;0;1;0;0;0;0;0
199610;11;2;2500830;2018;4;11;1;3;5;2;0;1;1;0;0;0;0;0
199611;11;1;1401046;2018;4;6;5;3;1;5;0;1;1;0;0;0;0;1
199612;11;8;8200624;2018;4;10;1;3;5;3;0;1;1;0;0;0;0;0
199613;11;8;8401243;2018;4;0;5;3;0;7;2;0;1;0;0;0;0;0
199614;11;1;1300836;2018;4;10;1;3;1;7;0;0;1;0;1;0;0;0
199615;11;11;11100308;2018;4;9;1;3;5;3;0;1;1;0;0;0;0;0
199616;11;1;1100308;2018;4;12;5;3;0;1;0;0;0;0;1;0;0;1
199617;11;9;9501939;2018;4;0;1;3;2;6;2;0;1;0;1;0;0;0
199618;11;3;3300514;2018;4;10;5;3;0;1;0;1;0;0;0;0;0;1
199619;11;3;3701556;2018;4;12;1;3;5;2;0;1;0;0;1;0;0;0
199620;11;4;4400726;2018;4;12;1;2;1;5;0;1;1;0;0;0;0;0
199621;11;2;2300314;2018;4;3;4;3;2;6;2;0;1;0;0;1;0;1
199622;11;3;3601348;2018;4;14;1;3;2;7;0;0;1;0;0;0;0;0
199623;11;2;2400522;2018;4;23;4;3;6;4;2;0;1;1;0;0;0;0
199624;11;4;4100102;2018;4;14;1;3;2;6;0;0;1;0;0;0;0;0
199625;11;12;12601134;2018;4;13;4;3;5;7;0;1;1;0;0;0;0;0
199626;11;7;7200308;2018;4;7;4;2;0;7;0;1;1;0;0;0;0;1
199627;11;6;6400839;2018;4;20;4;3;5;3;1;1;1;0;0;0;0;0
199628;11;4;4501042;2018;4;17;4;3;1;5;0;0;1;0;0;0;1;0
199629;11;12;12400619;2018;4;9;1;3;8;1;0;1;0;0;0;0;0;0
199630;11;6;6200317;2018;4;15;4;3;2;2;0;0;1;0;0;0;1;0
199631;11;1;1100416;2018;4;1;1;3;0;1;2;1;0;0;0;0;0;0
199632;11;10;10200421;2018;4;16;4;3;2;6;0;0;1;0;0;0;0;0
199633;11;4;4300416;2018;4;17;4;3;2;6;0;0;1;0;0;0;1;0
199634;11;8;8100310;2018;4;12;7;2;3;6;0;1;0;0;0;0;1;0
199635;11;2;2300315;2018;4;17;4;3;6;4;0;0;1;1;0;0;0;0
199636;11;11;11100101;2018;4;9;7;2;9;1;0;0;1;0;0;0;0;0
199637;11;5;5200630;2018;4;17;4;3;2;7;0;0;1;0;0;0;0;0
199638;11;5;5300737;2018;4;18;4;3;5;2;0;0;1;0;0;0;0;0
199639;11;8;8100206;2018;4;19;7;3;1;5;1;1;1;0;0;0;0;0
199640;11;2;2100102;2018;4;18;4;3;5;2;0;1;1;0;0;0;0;0
199641;11;12;12200412;2018;4;19;7;3;2;6;1;0;1;0;0;0;0;0
199642;11;2;2100103;2018;4;18;4;3;5;3;0;0;1;0;1;0;0;0
199643;11;4;4501148;2018;4;18;7;3;5;2;0;0;1;0;0;0;0;0
199644;11;2;2100101;2018;4;16;4;3;5;3;0;1;1;0;0;0;0;0
199645;11;4;4501043;2018;4;17;7;3;0;1;0;0;0;0;1;0;0;0
199646;11;6;6400735;2018;4;15;4;3;0;5;0;1;1;0;0;0;0;0
199647;11;4;4501042;2018;4;17;7;3;2;6;0;1;1;0;0;0;0;0
199648;11;3;3400619;2018;4;15;4;3;2;7;0;0;1;0;0;0;0;0
199649;11;12;12601032;2018;4;17;7;3;5;3;0;0;1;0;0;0;0;0
199650;11;6;6300525;2018;4;17;7;3;5;3;0;1;0;0;1;0;0;0
199651;11;1;1300730;2018;4;17;7;3;6;4;0;0;1;1;0;0;0;0
199652;11;1;1401047;2018;4;15;4;2;5;3;0;1;1;0;0;0;0;0
199653;11;3;3501038;2018;4;13;4;3;5;3;0;0;1;0;0;0;0;0
199654;11;2;2500835;2018;4;17;7;3;5;3;0;0;1;0;0;0;0;0
199655;11;5;5200629;2018;4;14;4;3;2;6;0;0;1;0;0;0;0;0
199656;11;8;8100521;2018;4;17;7;3;2;7;0;0;1;0;1;0;0;0
199657;11;1;1100312;2018;4;14;4;3;0;1;0;0;0;0;1;0;0;1
199658;11;12;12500928;2018;4;17;7;3;2;6;0;0;1;0;0;0;0;0
199659;11;8;8100314;2018;4;13;4;3;6;4;0;0;1;1;0;0;0;0
199660;11;12;12200412;2018;4;16;7;3;6;4;0;1;0;1;0;0;0;0
199661;11;9;9401329;2018;4;12;4;3;5;3;0;0;1;0;0;0;0;0
199662;11;3;3601451;2018;4;17;7;3;5;2;0;1;1;0;0;0;0;0
199663;11;7;7400928;2018;4;11;4;2;2;6;0;0;0;0;0;1;1;1
199664;11;11;3601450;2018;4;16;7;2;2;3;0;0;1;0;0;0;1;0
199665;11;10;10200526;2018;4;14;7;3;6;4;0;0;1;1;0;0;0;0
199666;11;1;1100207;2018;4;22;4;3;5;3;2;0;1;0;0;0;0;0
199667;11;1;1401047;2018;4;22;7;3;1;5;2;0;1;0;0;0;0;0
199668;11;4;4300624;2018;4;10;4;3;3;6;0;1;0;0;0;0;1;0
199669;11;6;6100206;2018;4;20;7;3;6;2;2;0;1;1;0;0;0;0
199670;11;1;1100308;2018;4;20;4;3;5;2;2;1;1;0;0;0;0;0
199671;11;10;10100313;2018;4;15;7;3;2;6;0;0;1;0;0;0;0;0
199672;11;3;3601243;2018;4;10;4;3;0;2;0;1;0;0;0;0;1;0
199673;11;12;12500927;2018;4;15;7;3;5;3;0;1;1;0;0;0;0;0
199674;11;3;3300516;2018;4;10;4;3;5;2;0;0;1;0;0;0;0;0
199675;11;2;2100102;2018;4;14;7;3;3;6;0;1;0;0;0;0;0;0
199676;11;1;1401046;2018;4;10;4;3;2;2;0;0;1;0;0;0;1;0
199677;11;9;9100203;2018;4;18;7;3;5;2;0;1;1;0;0;0;0;0
199678;11;2;2200209;2018;4;14;7;3;2;6;0;0;1;0;0;0;0;0
199679;11;5;5200633;2018;4;20;4;3;5;2;2;0;1;0;0;0;0;0
199680;11;7;7400822;2018;4;13;7;3;5;3;0;1;1;0;0;0;0;0
199681;11;4;4501153;2018;4;19;4;3;0;3;1;0;1;0;1;0;0;0
199682;11;4;4400729;2018;4;13;7;3;0;3;0;1;0;0;0;0;0;0
199683;11;3;3500933;2018;4;10;4;3;5;2;0;0;1;0;0;0;0;0
199684;11;7;7200412;2018;4;17;1;3;0;1;0;1;0;0;0;0;0;0
199685;11;3;3100102;2018;4;7;4;3;0;6;0;1;0;0;0;0;0;1
199686;11;8;8200832;2018;4;19;4;3;2;2;0;0;1;0;1;0;0;0
199687;11;6;6100206;2018;4;13;7;3;0;1;0;1;0;0;0;0;0;0
199688;11;11;11501340;2018;4;16;1;2;0;6;0;1;1;0;0;0;0;0
199689;11;5;5300737;2018;4;18;4;2;5;2;0;0;1;0;0;0;0;0
199690;11;1;1100207;2018;4;9;4;3;0;3;0;1;1;0;0;0;0;1
199691;11;7;7601341;2018;4;15;1;2;8;1;0;0;1;0;0;0;0;0
199692;11;11;11300620;2018;4;20;4;2;5;2;2;0;1;0;0;0;0;0
199693;11;4;4200309;2018;4;13;7;3;5;3;0;1;1;0;0;0;0;0
199694;11;7;7400721;2018;4;15;1;3;2;6;0;0;1;0;0;0;0;0
199695;11;2;2200212;2018;4;19;4;2;6;4;0;0;1;1;0;0;0;0
199696;11;7;7100102;2018;4;12;7;3;0;5;0;0;1;0;0;0;1;0
199697;11;2;2400521;2018;4;12;7;3;5;3;0;0;1;0;0;0;1;0
199698;11;7;7400822;2018;4;9;4;3;2;6;0;0;0;0;0;1;1;1
199699;11;12;12100103;2018;4;12;7;3;2;6;0;0;1;0;0;0;0;0
199700;11;4;4200309;2018;4;13;1;3;2;7;0;1;1;0;0;0;0;0
199701;11;5;5100211;2018;4;8;4;3;5;2;0;0;1;0;0;0;0;1
199702;11;1;1100102;2018;4;12;7;3;0;3;0;1;0;0;0;0;1;0
199703;11;5;5100317;2018;4;13;1;2;0;7;0;1;0;0;0;0;0;0
199704;11;12;12200412;2018;4;8;4;3;5;3;0;0;1;0;1;0;0;1
199705;11;3;3601140;2018;4;13;1;3;2;6;0;0;1;0;1;0;0;0
199706;11;2;2200210;2018;4;7;4;3;5;2;0;1;1;0;0;0;0;1
199707;11;11;11400929;2018;4;11;7;2;6;4;0;0;1;1;0;0;0;0
199708;11;10;10400938;2018;4;7;4;3;2;6;0;0;1;0;0;0;0;1
199709;11;5;5100316;2018;4;11;7;3;5;2;0;0;1;0;1;0;0;0
199710;11;9;9401534;2018;4;12;1;3;2;6;0;0;1;0;0;0;1;0
199711;11;8;8200623;2018;4;7;4;3;5;2;0;1;1;0;0;0;0;1
199712;11;1;1100102;2018;4;10;7;3;1;5;0;1;1;0;0;0;1;0
199713;11;4;4300416;2018;4;12;1;3;2;6;0;0;1;0;0;0;0;0
199714;11;3;3400827;2018;4;7;4;3;5;3;0;0;1;0;0;0;0;0
199715;11;4;4400835;2018;4;22;7;3;2;6;2;1;1;0;0;0;0;0
199716;11;3;3400829;2018;4;11;1;3;5;3;0;1;1;0;0;0;0;0
199717;11;2;2500830;2018;4;10;7;3;0;4;0;0;0;1;1;0;0;0
199718;11;10;10100311;2018;4;5;4;2;2;6;2;0;1;0;0;0;1;1
199719;11;8;8200833;2018;4;10;7;3;5;3;0;0;1;0;0;0;0;0
199720;11;6;6100101;2018;4;11;1;3;5;2;0;1;1;0;0;0;0;0
199721;11;8;8100521;2018;4;19;7;3;1;1;0;0;1;0;0;0;0;0
199722;11;1;1100308;2018;4;5;4;3;0;1;1;1;0;0;0;0;0;1
199723;11;12;12200414;2018;4;7;7;3;5;2;0;0;1;0;1;0;0;0
199724;11;5;5400942;2018;4;23;7;2;4;6;2;0;1;0;0;0;0;0
199725;11;1;1300834;2018;4;20;7;3;5;7;1;0;1;0;1;0;0;0
199726;11;1;1100206;2018;4;9;4;3;8;1;0;1;0;0;0;0;0;0
199727;11;1;1300834;2018;4;19;7;3;5;3;0;1;1;0;0;0;0;0
199728;11;9;9100407;2018;4;15;3;3;0;7;0;0;1;0;0;0;1;0
199729;11;9;9200819;2018;4;22;7;2;8;1;2;0;0;0;1;0;0;0
199730;11;6;6300629;2018;4;19;7;3;5;3;1;0;1;0;0;0;1;0
199731;11;2;2200208;2018;4;21;3;3;5;2;2;1;1;0;0;0;0;0
199732;11;8;8401246;2018;4;6;7;3;0;7;0;0;1;0;1;0;0;0
199733;11;8;8100417;2018;4;18;7;3;6;2;0;0;0;1;0;0;1;0
199734;11;3;3400722;2018;4;7;3;3;5;2;0;1;1;0;0;0;0;0
199735;11;5;5300737;2018;4;0;7;2;1;5;2;0;1;0;0;1;0;0
199736;11;4;4500936;2018;4;17;7;2;2;6;0;0;1;0;0;0;0;0
199737;11;3;3400618;2018;4;16;7;3;5;2;0;1;1;0;0;0;0;0
199738;11;1;1100308;2018;4;16;3;2;0;1;0;1;0;0;0;0;0;0
199739;11;1;1100416;2018;4;9;6;3;1;7;0;1;1;0;0;0;0;0
199740;11;9;9501737;2018;4;15;7;3;3;6;0;1;1;0;0;0;0;0
199741;11;1;1100309;2018;4;14;7;3;6;4;0;0;1;1;0;0;0;0
199742;11;7;7200307;2018;4;17;3;3;5;3;0;0;1;0;0;0;0;0
199743;11;1;1200522;2018;4;16;6;3;6;7;0;0;1;1;0;0;0;0
199744;11;12;12400723;2018;4;13;7;3;5;3;0;0;1;0;0;0;0;0
199745;11;8;8200623;2018;4;17;3;3;2;6;0;0;1;0;0;0;0;0
199746;11;4;4500936;2018;4;19;6;3;0;6;0;0;1;0;1;0;0;0
199747;11;2;2300314;2018;4;13;7;3;5;2;0;1;1;0;0;0;0;0
199748;11;2;2200209;2018;4;17;3;3;5;2;0;1;0;0;0;0;1;0
199749;11;8;8401243;2018;4;12;6;2;1;7;0;0;1;0;1;0;0;0
199750;11;4;4300623;2018;4;20;6;3;5;3;2;0;1;0;0;0;0;0
199751;11;5;5100316;2018;4;13;7;3;6;7;0;0;1;1;0;0;0;0
199752;11;10;10400939;2018;4;16;3;3;2;6;0;1;1;0;0;0;1;0
199753;11;2;2400625;2018;4;12;6;3;0;7;0;1;0;0;0;0;0;0
199754;11;7;7400823;2018;4;12;7;3;5;2;0;0;1;0;0;0;0;0
199755;11;8;8300935;2018;4;16;3;3;1;7;0;0;1;0;0;0;0;0
199756;11;11;11100307;2018;4;18;6;3;1;5;0;1;1;0;0;0;0;0
199757;11;5;5400943;2018;4;9;7;3;5;3;0;1;1;0;0;0;0;0
199758;11;1;1100310;2018;4;15;7;3;2;6;0;0;0;0;1;1;0;0