OBJECTID;LAND;BEZ;LOR_ab_2021;UJAHR;UMONAT;USTUNDE;UWOCHENTAG;UKATEGORIE;UART;UTYP1;ULICHTVERH;IstRad;IstPKW;IstFuss;IstKrad;IstGkfz;IstSonstige;USTRZUSTAND
199759;11;12;12500930;2018;4;16;3;3;5;2;0;0;1;0;0;0;0;0
199760;11;7;7601340;2018;4;11;6;3;0;3;0;0;1;0;0;0;0;0
199761;11;4;4500938;2018;4;16;7;3;1;5;0;0;1;0;1;0;0;0
199762;11;10;10200524;2018;4;14;7;2;6;4;0;0;1;1;0;0;0;0
199763;11;2;2300315;2018;4;16;3;3;5;2;0;1;0;0;0;0;1;0
199764;11;8;8100312;2018;4;4;6;3;1;5;0;1;1;0;0;0;0;0
199765;11;9;9100407;2018;4;12;6;3;1;5;0;1;1;0;0;0;0;0
199766;11;5;5200632;2018;4;16;3;3;5;7;0;0;1;0;0;0;1;0
199767;11;8;8100521;2018;4;8;6;3;5;3;0;0;1;0;0;1;0;0
199768;11;10;10400940;2018;4;15;7;2;6;4;0;0;1;1;0;0;0;0
199769;11;8;8200624;2018;4;8;6;3;6;2;0;0;1;1;0;0;0;0
199770;11;7;7501029;2018;4;16;3;3;5;2;0;0;1;0;1;0;1;0
199771;11;3;3400827;2018;4;9;6;3;5;3;0;0;1;0;0;0;0;0
199772;11;2;2100102;2018;4;16;7;2;5;3;0;1;1;0;0;0;0;0
199773;11;10;10400938;2018;4;16;3;3;5;3;0;1;1;0;0;0;0;0
199774;11;3;3601449;2018;4;9;6;3;5;2;0;1;1;0;0;0;0;0
199775;11;8;8200832;2018;4;12;7;3;6;4;0;0;1;1;1;0;0;0
199776;11;3;3701554;2018;4;15;3;3;6;4;0;0;1;1;0;0;0;0
199777;11;12;12200309;2018;4;13;7;3;2;2;0;0;1;0;0;0;0;0
199778;11;4;4100102;2018;4;15;3;3;0;1;0;0;0;0;1;0;0;1
199779;11;9;9100101;2018;4;15;3;3;5;3;0;0;1;0;0;0;0;0
199780;11;8;8100102;2018;4;10;6;3;0;7;0;0;1;0;0;0;1;0
199781;11;2;2500833;2018;4;12;7;3;5;2;0;0;1;0;0;0;1;0
199782;11;9;9100407;2018;4;15;3;2;2;7;0;0;1;0;1;0;0;0
199783;11;2;2200212;2018;4;10;6;3;5;7;0;0;1;0;1;0;0;0
199784;11;1;1401049;2018;4;15;3;3;5;2;0;1;1;0;0;0;0;0
199785;11;4;4501042;2018;4;9;6;3;1;4;0;1;1;1;0;0;0;0
199786;11;5;5100316;2018;4;11;7;3;2;6;0;0;1;0;0;0;0;0
199787;11;3;3501037;2018;4;14;3;3;2;7;0;0;0;0;1;0;1;1
199788;11;6;6100206;2018;4;9;6;3;0;7;0;0;1;0;1;0;0;1
199789;11;3;3601142;2018;4;12;7;2;0;1;0;1;0;0;0;0;0;0
199790;11;10;10300731;2018;4;14;3;3;1;5;0;0;1;0;0;0;0;0
199791;11;4;4501152;2018;4;9;7;3;0;1;0;0;0;0;1;0;0;0
199792;11;2;2100102;2018;4;14;3;3;4;6;0;0;1;0;0;0;0;0
199793;11;2;2100102;2018;4;9;6;2;5;3;0;1;0;0;0;0;0;0
199794;11;6;6300528;2018;4;13;3;3;6;4;0;0;0;1;0;1;0;0
199795;11;3;3601449;2018;4;13;3;2;5;3;0;0;1;0;1;0;0;0
199796;11;1;1100207;2018;4;8;6;3;5;3;0;0;1;0;1;0;0;0
199797;11;1;1100309;2018;4;12;6;3;5;2;0;1;0;0;0;0;0;0
199798;11;7;7400927;2018;4;13;3;2;1;5;0;1;0;0;0;1;0;0
199799;11;2;2400521;2018;4;9;6;3;5;2;0;1;0;0;0;0;1;0
199800;11;9;9100101;2018;4;12;3;2;5;3;0;1;0;0;0;1;0;0
199801;11;6;6100101;2018;4;8;6;2;1;5;0;1;1;0;0;0;0;0
199802;11;1;1400942;2018;4;11;3;3;2;6;0;0;1;0;0;0;0;0
199803;11;3;3501037;2018;4;7;6;3;2;6;0;0;1;0;0;0;0;0
199804;11;1;1200517;2018;4;18;6;2;5;7;0;0;1;0;1;0;0;0
199805;11;1;1100415;2018;4;10;3;3;1;5;0;1;1;0;0;0;0;0
199806;11;12;12100205;2018;4;7;6;3;5;3;0;0;1;0;1;0;0;0
199807;11;8;8100208;2018;4;10;3;3;5;2;0;1;0;0;0;0;1;0
199808;11;9;9200715;2018;4;6;6;3;5;3;0;1;1;0;0;0;0;0
199809;11;1;1100312;2018;4;23;6;3;5;7;2;1;1;0;0;0;0;0
199810;11;12;12500927;2018;4;14;6;2;5;2;0;1;1;0;0;0;0;0
199811;11;12;12601032;2018;4;9;3;3;6;4;0;0;1;1;0;0;0;0
199812;11;7;7601544;2018;4;10;6;3;2;6;0;0;1;0;0;0;0;0
199813;11;12;12100101;2018;4;13;6;3;2;6;0;0;1;0;1;0;0;0
199814;11;1;1200629;2018;4;8;3;3;5;7;0;0;1;0;1;0;0;0
199815;11;2;2300418;2018;4;0;6;3;8;1;2;1;0;0;0;0;0;0
199816;11;7;7200307;2018;4;23;6;3;5;7;2;0;1;0;1;0;0;0
199817;11;7;7300619;2018;4;13;6;3;1;5;0;1;1;0;0;0;1;0
199818;11;6;6300528;2018;4;8;3;3;1;7;0;1;1;0;0;0;0;0
199819;11;1;1300733;2018;4;21;6;3;0;2;2;1;1;0;0;0;0;0
199820;11;3;3601243;2018;4;12;6;3;3;6;0;1;1;0;0;0;0;0
199821;11;6;6100208;2018;4;18;6;3;5;2;0;1;1;0;0;0;0;0
199822;11;5;5200629;2018;4;12;6;3;5;2;0;1;1;0;0;0;0;0
199823;11;7;7501032;2018;4;8;3;3;2;6;0;0;1;0;0;0;1;0
199824;11;7;7501032;2018;4;17;6;3;0;1;0;0;0;0;1;0;0;0
199825;11;2;2200211;2018;4;11;6;3;6;4;0;0;0;1;0;1;0;0
199826;11;2;2400521;2018;4;6;3;3;9;1;0;0;1;0;0;0;0;0
199827;11;6;6200311;2018;4;16;6;3;0;7;0;0;1;0;0;0;1;0
199828;11;12;12400721;2018;4;10;6;3;5;3;0;0;1;0;0;0;0;0
199829;11;2;2200213;2018;4;9;6;2;6;4;0;0;1;1;0;0;0;0
199830;11;9;9200716;2018;4;6;3;3;5;3;0;0;1;0;0;0;0;0
199831;11;12;12100205;2018;4;16;6;3;5;2;0;1;1;0;0;0;0;0
199832;11;9;9100407;2018;4;8;6;3;6;7;0;0;1;1;0;0;0;0
199833;11;11;11300722;2018;4;8;6;2;5;2;0;1;0;0;0;0;1;0
199834;11;1;1100414;2018;4;6;3;3;6;2;0;0;1;1;0;0;0;0
199835;11;1;1200522;2018;4;16;6;3;5;2;0;0;1;0;1;0;0;0
199836;11;6;6100207;2018;4;16;6;3;2;7;0;0;1;0;0;0;0;0
199837;11;9;9200819;2018;4;7;6;3;2;6;0;0;1;0;0;0;1;0
199838;11;2;2100103;2018;4;13;3;3;6;4;0;1;0;1;0;0;0;0
199839;11;4;4500939;2018;4;16;6;2;0;4;0;0;0;1;1;0;0;0
199840;11;10;10400940;2018;4;5;6;2;5;3;1;1;0;0;0;0;1;0
199841;11;3;3601450;2018;4;16;3;3;0;2;0;1;1;0;0;0;0;0
199842;11;2;2400624;2018;4;16;6;3;4;6;0;1;1;0;0;0;0;0
199843;11;4;4300619;2018;4;11;6;3;3;5;0;0;1;0;0;0;1;0
199844;11;7;7200411;2018;4;21;6;3;3;6;2;1;1;0;0;0;0;0
199845;11;4;4200308;2018;4;20;3;3;2;6;2;0;1;0;0;0;0;0
199846;11;8;8200831;2018;4;15;6;2;0;6;0;0;1;0;0;0;1;0
199847;11;4;4400835;2018;4;20;3;3;6;7;1;0;1;1;0;0;0;0
199848;11;1;1100102;2018;4;15;6;3;0;6;0;0;1;0;1;0;0;0
199849;11;1;1100102;2018;4;21;6;3;5;3;2;0;1;0;0;0;0;0
199850;11;8;8100102;2018;4;19;6;3;6;4;0;1;0;1;0;0;0;0
199851;11;1;1100103;2018;4;20;3;3;2;6;1;0;1;0;0;0;0;0
199852;11;2;2300417;2018;4;14;6;3;5;3;0;0;1;0;0;0;0;0
199853;11;4;4300412;2018;4;19;6;3;5;7;0;1;1;0;0;0;0;0
199854;11;1;1100311;2018;4;19;6;3;0;5;0;0;1;0;1;0;0;0
199855;11;4;4300624;2018;4;18;3;2;6;4;0;0;1;1;0;0;0;0
199856;11;7;7601238;2018;4;15;6;3;2;6;0;0;1;0;0;0;0;0
199857;11;6;6100206;2018;4;15;6;2;5;2;0;1;0;0;0;0;0;0
199858;11;9;9200511;2018;4;19;3;2;0;1;0;1;0;0;0;0;0;0
199859;11;1;1300733;2018;4;14;6;3;3;6;0;0;1;0;1;0;0;0
199860;11;6;6400844;2018;4;17;6;3;4;6;0;1;0;0;0;0;0;0
199861;11;11;11400929;2018;4;17;3;1;6;4;0;0;0;1;0;0;1;0
199862;11;10;10100315;2018;4;14;6;3;3;6;0;1;0;0;0;0;1;0
199863;11;3;3601245;2018;4;17;6;3;0;2;0;0;1;0;1;0;0;0
199864;11;3;3601140;2018;4;19;2;3;5;2;0;1;1;0;0;0;0;0
199865;11;1;1401046;2018;4;16;6;3;5;2;0;1;0;0;0;0;1;0
199866;11;10;10300734;2018;4;8;2;3;2;6;0;0;1;0;0;0;0;0
199867;11;3;3400619;2018;4;21;2;3;5;3;2;1;1;0;0;0;0;0
199868;11;4;4300518;2018;4;14;6;3;5;3;0;1;1;0;0;0;0;0
199869;11;1;1200625;2018;4;16;6;3;0;7;0;1;0;0;0;0;0;0
199870;11;4;4500937;2018;4;19;2;3;2;6;0;0;1;0;0;0;0;0
199871;11;8;8100521;2018;4;14;6;3;5;3;0;0;1;0;0;0;0;0
199872;11;4;4300620;2018;4;19;2;3;6;2;0;0;1;1;0;0;0;0
199873;11;1;1300733;2018;4;15;6;3;5;2;0;1;1;0;0;0;0;0
199874;11;4;4501042;2018;4;18;2;3;2;6;0;0;1;0;0;0;0;0
199875;11;1;1100311;2018;4;13;6;3;5;3;0;0;1;0;0;0;0;0
199876;11;8;8200726;2018;4;13;6;3;5;3;0;1;1;0;0;0;0;0
199877;11;7;7400823;2018;4;18;2;3;5;2;0;1;1;0;0;0;0;0
199878;11;1;1100311;2018;4;12;6;3;0;2;0;1;1;0;1;0;0;0
199879;11;6;6300633;2018;4;16;6;2;5;7;0;0;1;0;1;0;0;0
199880;11;10;10400940;2018;4;18;2;3;5;3;0;1;1;0;0;0;0;0
199881;11;2;2200208;2018;4;12;6;3;3;6;0;1;0;0;0;0;0;0
199882;11;10;10400938;2018;4;16;6;2;5;3;0;1;1;0;0;0;0;0
199883;11;12;12200310;2018;4;18;2;3;5;3;0;0;1;0;0;0;0;0
199884;11;2;2300315;2018;4;22;6;3;5;7;2;0;1;0;0;0;0;0
199885;11;6;6300526;2018;4;18;2;3;5;2;0;1;1;0;0;0;0;0
199886;11;8;8401243;2018;4;12;6;3;0;6;0;1;1;0;0;0;0;0
199887;11;8;8301037;2018;4;17;2;3;0;2;0;0;1;0;1;0;0;0
199888;11;11;11400930;2018;4;11;6;3;5;3;0;0;1;0;0;0;0;0
199889;11;1;1100311;2018;4;15;6;3;3;6;0;0;1;0;0;0;0;0
199890;11;1;1100313;2018;4;16;2;3;5;3;0;1;1;0;0;0;0;0
199891;11;8;8100312;2018;4;12;6;3;3;6;0;0;1;0;0;0;0;0
199892;11;2;2300316;2018;4;16;2;3;2;6;0;0;1;0;0;0;0;0
199893;11;7;7300619;2018;4;11;6;3;2;6;0;0;1;0;0;0;0;0
199894;11;6;6400843;2018;4;15;6;3;2;6;0;0;1;0;1;0;0;0
199895;11;9;9501737;2018;4;15;6;3;1;7;0;0;1;0;0;0;0;0
199896;11;2;2200212;2018;4;15;2;3;6;7;0;1;0;1;0;0;0;0
199897;11;6;6200420;2018;4;21;6;2;0;1;2;1;0;0;0;0;0;0
199898;11;1;1100102;2018;4;16;6;3;6;4;0;0;1;1;0;0;0;1
199899;11;1;1100310;2018;4;20;6;3;0;1;2;1;0;0;0;0;0;0
199900;11;4;4300623;2018;4;8;6;3;2;6;0;0;1;0;0;0;1;0
199901;11;11;11300724;2018;4;15;2;3;6;4;0;0;1;1;0;0;0;0
199902;11;2;2200212;2018;4;18;6;3;0;1;0;0;0;0;1;0;0;0
199903;11;8;8200832;2018;4;9;5;3;0;4;0;0;0;1;0;0;1;1
199904;11;7;7400823;2018;4;12;5;2;2;6;0;0;1;0;0;0;0;1
199905;11;4;4300518;2018;4;15;2;3;5;2;0;1;1;0;0;0;0;0
199906;11;9;9301228;2018;4;14;6;2;9;1;0;0;1;0;0;0;0;0
199907;11;1;1200517;2018;4;15;2;2;5;2;0;1;1;0;0;0;0;0
199908;11;1;1100308;2018;4;17;5;3;3;2;0;1;1;0;0;0;0;0
199909;11;1;1200517;2018;4;18;5;3;5;3;0;0;1;0;1;0;0;1
199910;11;6;6300528;2018;4;15;2;3;5;3;0;0;1;0;0;0;0;0
199911;11;2;2300316;2018;4;16;5;2;5;3;0;1;1;0;0;0;0;0
199912;11;3;3300411;2018;4;5;5;3;5;3;0;0;1;0;0;0;0;0
199913;11;1;1100415;2018;4;15;2;3;6;6;0;1;0;1;0;0;0;0
199914;11;6;6300633;2018;4;8;5;3;0;3;0;1;0;0;0;0;1;0
199915;11;2;2300314;2018;4;21;5;2;2;7;2;1;1;0;0;0;0;0
199916;11;1;1100309;2018;4;20;5;3;1;1;2;0;1;0;0;0;0;0
199917;11;3;3701556;2018;4;8;5;3;6;4;0;1;0;1;0;0;0;0
199918;11;2;2100104;2018;4;18;5;3;5;3;0;0;1;0;1;0;0;1
199919;11;5;5100316;2018;4;18;5;3;5;3;0;0;1;0;0;0;0;1
199920;11;10;10100315;2018;4;22;5;2;5;2;2;0;1;0;0;0;0;0
199921;11;7;7100102;2018;5;16;2;3;5;2;0;0;1;0;1;0;0;0
199922;11;9;9100101;2018;5;16;2;3;6;4;0;0;1;1;0;0;0;0
199923;11;12;12500930;2018;5;9;6;3;5;2;0;0;1;0;0;0;1;0
199924;11;2;2500835;2018;5;14;2;3;6;4;0;0;0;1;1;0;0;0
199925;11;2;2500728;2018;5;9;6;3;5;2;0;1;1;0;0;0;0;0
199926;11;3;3601142;2018;5;14;2;3;1;5;0;0;1;0;1;0;0;0
199927;11;8;8100102;2018;5;21;6;3;6;4;2;0;1;1;0;0;0;0
199928;11;1;1200517;2018;5;8;6;3;5;2;0;0;1;0;1;0;0;0
199929;11;7;7501133;2018;5;14;2;3;0;6;0;1;1;0;0;0;0;0
199930;11;7;7400823;2018;5;23;6;2;1;5;2;1;1;0;0;0;0;0
199931;11;3;3400827;2018;5;8;6;3;5;3;0;0;1;0;0;0;0;0
199932;11;9;9401534;2018;5;14;2;3;1;5;0;1;1;0;0;0;0;0
199933;11;8;8100314;2018;5;13;2;3;0;5;0;1;0;0;0;0;1;0
199934;11;4;4100101;2018;5;13;2;3;5;2;0;0;1;0;0;0;0;0
199935;11;7;7501134;2018;5;7;6;3;5;3;0;0;1;0;0;1;0;0
199936;11;12;12100204;2018;5;14;2;3;6;4;0;0;1;1;1;0;0;0
199937;11;3;3701555;2018;5;7;6;3;5;3;0;1;1;0;0;0;0;0
199938;11;1;1100312;2018;5;7;6;2;5;2;0;1;0;0;0;1;0;0
199939;11;12;12200412;2018;5;14;2;2;5;2;0;0;1;0;1;0;0;0
199940;11;10;10300731;2018;5;7;6;3;1;5;0;1;1;0;0;0;0;0
199941;11;4;4501042;2018;5;16;5;3;5;2;0;0;1;0;1;0;0;0
199942;11;9;9200717;2018;5;15;2;2;6;4;0;0;1;1;0;0;0;0
199943;11;4;4200310;2018;5;16;5;3;5;3;0;0;1;0;1;0;0;0
199944;11;8;8200730;2018;5;15;2;3;5;7;0;0;1;0;0;0;0;0
199945;11;7;7100101;2018;5;16;2;3;0;7;0;0;1;0;0;0;0;0
199946;11;6;6200312;2018;5;13;2;3;2;6;0;0;1;0;0;0;0;0
199947;11;6;6300632;2018;5;15;5;3;6;7;0;0;1;1;0;0;0;0
199948;11;11;11100102;2018;5;16;2;3;2;6;0;0;1;0;1;0;0;0
199949;11;9;9300920;2018;5;7;5;3;5;3;0;1;1;0;0;0;0;0
199950;11;11;11300618;2018;5;18;5;3;5;3;0;0;1;0;0;0;0;0
199951;11;1;1300835;2018;5;7;2;3;0;3;0;0;0;0;1;1;0;0
199952;11;2;2500831;2018;5;23;2;3;5;3;2;0;1;0;1;0;0;0
199953;11;2;2100104;2018;5;19;5;3;5;3;1;1;1;0;0;0;0;0
199954;11;2;2200212;2018;5;19;2;2;5;2;0;1;0;0;0;0;0;0
199955;11;10;10100316;2018;5;19;5;3;2;6;0;0;1;0;0;0;0;0
199956;11;12;12100101;2018;5;20;2;3;5;3;1;1;1;0;0;0;0;0
199957;11;1;1200520;2018;5;10;2;3;3;2;0;0;1;0;0;0;1;0
199958;11;7;7200307;2018;5;19;5;3;2;7;0;1;0;0;0;0;1;0
199959;11;4;4501149;2018;5;20;2;3;5;2;1;1;1;0;0;0;0;0
199960;11;8;8100415;2018;5;20;2;3;6;7;0;0;1;1;0;0;0;0
199961;11;3;3500936;2018;5;7;5;3;0;6;0;1;0;0;0;0;1;0
199962;11;2;2300315;2018;5;20;5;3;5;3;1;1;0;0;0;0;1;0
199963;11;9;9200715;2018;5;17;2;3;6;2;0;0;1;1;0;0;0;0
199964;11;12;12400619;2018;5;16;5;3;4;1;0;0;1;0;0;0;0;0
199965;11;12;12200309;2018;5;16;5;3;0;5;0;1;0;0;0;0;1;0
199966;11;10;10200628;2018;5;18;2;3;1;5;0;0;0;0;0;1;1;0
199967;11;4;4501149;2018;5;18;2;3;5;7;0;1;1;0;0;0;0;0
199968;11;1;1200623;2018;5;18;5;3;3;6;0;1;1;0;0;0;0;0
199969;11;5;5100317;2018;5;0;2;3;8;1;2;0;1;0;0;0;0;0
199970;11;4;4500936;2018;5;17;5;3;5;7;0;0;1;0;0;0;1;0
199971;11;4;4501149;2018;5;18;2;3;5;2;0;1;0;0;1;0;0;0
199972;11;5;5100208;2018;5;16;5;3;2;6;0;0;1;0;0;0;0;0
199973;11;8;8100103;2018;5;19;5;3;2;6;0;0;1;0;0;0;0;0
199974;11;5;5200629;2018;5;18;2;3;0;2;0;0;1;0;0;0;1;0
199975;11;10;10200421;2018;5;18;5;2;5;2;0;0;1;0;1;0;0;0
199976;11;12;12500824;2018;5;18;5;2;5;3;0;0;1;0;0;0;0;0
199977;11;1;1100206;2018;5;18;2;3;1;5;0;0;1;0;1;0;0;0
199978;11;3;3500933;2018;5;17;5;3;2;6;0;0;1;0;0;0;0;0
199979;11;9;9501737;2018;5;16;5;2;5;3;0;1;1;0;0;0;0;0
199980;11;9;9300920;2018;5;7;2;3;5;2;0;1;1;0;0;0;0;0
199981;11;5;5100208;2018;5;7;2;2;5;7;0;0;1;0;1;0;0;0
199982;11;3;3601449;2018;5;15;5;2;5;3;0;1;1;0;0;0;0;0
199983;11;9;9502043;2018;5;8;2;3;5;7;0;0;1;0;0;0;0;0
199984;11;5;5100314;2018;5;22;5;3;8;1;2;0;1;0;0;0;0;0
199985;11;1;1300835;2018;5;7;2;3;0;2;0;1;1;0;0;0;0;0
199986;11;3;3500932;2018;5;4;5;3;6;7;2;1;0;1;0;0;0;0
199987;11;10;10100209;2018;5;7;5;2;5;3;0;0;1;0;0;0;0;0
199988;11;3;3500936;2018;5;7;2;3;0;7;0;0;1;0;1;0;0;1
199989;11;7;7100102;2018;5;7;5;3;5;2;0;1;1;0;0;0;0;0
199990;11;4;4500939;2018;5;8;2;3;2;6;0;1;0;0;0;0;0;0
199991;11;8;8100209;2018;5;9;2;3;5;3;0;0;1;0;0;0;0;0
199992;11;1;1100102;2018;5;7;2;3;5;3;0;1;1;0;0;0;0;0
199993;11;1;1300733;2018;5;9;5;3;2;7;0;0;1;0;1;0;1;0
199994;11;11;11401137;2018;5;9;5;3;5;2;0;1;1;0;0;0;0;0
199995;11;5;5200528;2018;5;8;2;2;2;6;0;0;0;0;1;0;1;0
199996;11;2;2200212;2018;5;9;2;3;2;6;0;0;1;0;0;0;1;0
199997;11;4;4300619;2018;5;9;2;3;2;6;0;0;1;0;0;0;0;0
199998;11;6;6200422;2018;5;10;5;3;5;3;0;1;1;0;0;0;0;0
199999;11;6;6100209;2018;5;9;2;3;5;2;0;1;1;0;0;0;0;0
200000;11;6;6400844;2018;5;11;5;3;6;4;0;1;0;1;0;0;0;0
200001;11;1;1100309;2018;5;12;5;2;0;1;0;1;0;0;0;0;0;0
200002;11;2;2100104;2018;5;12;5;3;4;6;0;0;1;0;0;0;0;0
200003;11;3;3200205;2018;5;10;2;3;5;3;0;0;1;0;0;0;0;0
200004;11;6;6400844;2018;5;10;2;3;5;3;0;1;1;0;0;0;0;0
200005;11;12;12601235;2018;5;15;5;3;6;4;0;0;1;1;0;0;0;0
200006;11;1;1100206;2018;5;10;2;3;5;3;0;1;1;0;0;0;0;0
200007;11;3;3200206;2018;5;15;5;3;5;3;0;0;1;0;0;0;0;0
200008;11;12;12400720;2018;5;10;2;3;0;3;0;0;1;0;0;0;1;0
200009;11;6;;2018;5;15;5;3;2;6;0;1;1;0;0;0;0;0
200010;11;4;4501040;2018;5;13;5;3;1;5;0;1;1;0;0;0;0;0
200011;11;6;6100101;2018;5;11;2;3;3;6;0;1;1;0;0;0;0;0
200012;11;8;8100415;2018;5;0;4;3;3;6;2;1;1;0;0;0;0;0
200013;11;1;1100310;2018;5;11;2;2;6;2;0;0;1;1;0;0;0;0
200014;11;2;2200212;2018;5;13;5;3;1;5;0;1;1;0;0;0;0;0
200015;11;9;9200819;2018;5;17;4;3;0;2;0;1;1;0;0;0;0;0
200016;11;5;5300840;2018;5;12;2;3;0;2;0;0;1;0;1;0;0;0
200017;11;1;1300834;2018;5;17;4;3;3;6;0;1;1;0;0;0;0;0
200018;11;1;1100309;2018;5;12;2;3;5;7;0;0;1;0;0;0;1;0
200019;11;1;1401048;2018;5;21;4;3;5;2;0;1;1;0;0;0;0;0
200020;11;8;8100312;2018;5;22;4;3;1;5;2;1;1;0;0;0;0;0
200021;11;4;4200203;2018;5;11;4;3;5;2;0;0;1;0;0;0;0;0
200022;11;7;7400822;2018;5;12;2;2;5;2;0;1;1;0;0;0;0;0
200023;11;9;9200717;2018;5;13;4;3;3;6;0;1;0;0;0;0;1;0
200024;11;6;6300633;2018;5;7;4;2;5;3;0;1;1;0;0;0;0;0
200025;11;1;1100103;2018;5;12;2;3;0;1;0;1;0;0;0;0;0;0
200026;11;6;6300633;2018;5;12;2;2;0;1;0;0;0;0;1;0;0;0
200027;11;7;7100206;2018;5;20;1;3;0;6;1;0;1;0;0;0;1;0
200028;11;12;12100205;2018;5;8;4;3;2;6;0;0;1;0;0;0;0;0
200029;11;11;11300620;2018;5;13;4;3;0;1;0;1;0;0;0;0;0;0
200030;11;2;2200210;2018;5;11;4;3;5;3;0;0;1;0;1;0;0;0
200031;11;9;9100203;2018;5;13;4;2;6;4;0;0;1;1;0;0;0;0
200032;11;2;2400623;2018;5;16;1;3;1;5;0;1;1;0;0;0;1;0
200033;11;2;2400623;2018;5;12;4;2;1;5;0;1;1;0;0;0;0;0
200034;11;9;9200715;2018;5;17;1;3;5;3;0;0;1;0;0;0;0;0
200035;11;6;6200420;2018;5;11;4;3;5;3;0;0;1;0;0;0;0;0
200036;11;1;1300732;2018;5;12;4;3;5;3;0;0;1;0;0;0;0;0
200037;11;12;12200412;2018;5;18;1;2;9;1;0;0;1;1;0;0;0;0
200038;11;3;3601142;2018;5;13;4;3;6;4;0;1;0;1;0;0;0;0
200039;11;2;2500835;2018;5;9;4;2;5;2;0;1;0;0;0;0;1;0
200040;11;4;4500937;2018;5;14;1;3;2;6;0;0;1;0;0;0;0;0
200041;11;1;1200522;2018;5;13;4;3;5;2;0;1;1;0;0;0;0;0
200042;11;1;1300731;2018;5;12;4;3;2;6;0;0;1;0;0;0;0;0
200043;11;1;1100206;2018;5;10;4;2;5;7;0;0;1;0;1;0;0;0
200044;11;7;7100205;2018;5;13;1;3;5;3;0;1;1;0;0;0;0;0
200045;11;4;4501146;2018;5;13;4;3;2;2;0;0;1;0;0;0;0;0
200046;11;7;7300516;2018;5;10;4;2;6;2;0;0;1;1;0;0;0;0
200047;11;2;2300315;2018;5;17;4;3;1;5;0;1;1;0;0;0;1;0
200048;11;1;1100312;2018;5;13;1;3;3;6;0;0;1;0;1;0;0;0
200049;11;8;8401243;2018;5;12;1;2;5;3;0;1;1;0;0;0;0;0
200050;11;4;4300623;2018;5;16;4;3;2;6;0;0;1;0;0;0;0;0
200051;11;5;5100101;2018;5;11;1;3;2;7;0;0;1;0;0;0;0;0
200052;11;1;1100313;2018;5;9;4;3;5;3;0;1;1;0;0;0;0;0
200053;11;11;11100102;2018;5;16;4;2;6;4;0;0;0;1;1;0;0;0
200054;11;9;9501939;2018;5;18;1;3;2;6;0;0;1;0;1;0;0;0
200055;11;3;3500932;2018;5;9;4;3;0;6;0;1;1;0;0;0;0;0
200056;11;3;3601142;2018;5;9;4;2;5;2;0;0;1;0;1;0;0;0
200057;11;10;10100316;2018;5;16;4;2;6;4;0;0;1;1;0;0;0;0
200058;11;2;2100104;2018;5;18;1;2;5;3;0;1;1;0;0;0;0;0
200059;11;7;7100205;2018;5;22;4;3;5;7;2;1;1;0;0;0;0;0
200060;11;4;4100101;2018;5;16;4;3;0;3;0;0;0;0;1;1;0;0
200061;11;4;4300414;2018;5;19;1;3;0;1;0;1;1;0;0;0;0;0
200062;11;8;8100417;2018;5;21;4;3;5;3;1;0;1;0;0;0;0;0
200063;11;1;1100312;2018;5;8;4;3;5;3;0;1;1;0;0;0;0;0
200064;11;7;7100205;2018;5;16;4;3;6;7;0;0;0;1;1;0;0;0
200065;11;7;7501029;2018;5;10;1;3;5;7;0;0;1;0;0;0;0;0
200066;11;1;1100313;2018;5;7;4;3;0;7;0;1;1;0;0;0;0;0
200067;11;6;6300527;2018;5;5;4;3;5;3;0;0;1;0;0;0;0;0
200068;11;11;11401137;2018;5;16;4;2;5;3;0;0;1;0;1;0;0;0
200069;11;2;2400521;2018;5;10;1;3;0;2;0;0;1;0;1;0;0;0
200070;11;6;6200420;2018;5;9;1;3;5;3;0;0;1;0;0;0;0;0
200071;11;2;2100102;2018;5;16;4;3;5;2;0;1;0;0;0;0;1;0
200072;11;10;10400941;2018;5;17;1;3;5;3;0;0;1;0;0;0;0;0
200073;11;7;7400823;2018;5;20;4;3;2;6;2;0;1;0;0;0;0;0
200074;11;2;2300314;2018;5;16;4;3;0;3;0;0;1;0;0;0;1;0
200075;11;5;5100316;2018;5;7;1;3;0;1;0;0;0;0;1;0;0;0
200076;11;7;7100206;2018;5;15;4;3;1;5;0;1;1;0;0;0;0;0
200077;11;8;8100415;2018;5;19;4;3;0;3;0;0;1;0;0;0;1;0
200078;11;2;2300315;2018;5;15;4;3;6;4;0;0;1;1;0;0;0;0
200079;11;4;4200310;2018;5;15;4;2;3;6;0;1;1;0;0;0;0;0
200080;11;3;3200309;2018;5;16;1;3;0;2;0;1;1;0;0;0;0;0
200081;11;4;4501042;2018;5;17;4;2;6;7;0;0;1;1;0;0;0;0
200082;11;1;1300733;2018;5;15;4;3;5;2;0;1;1;0;0;0;0;0
200083;11;10;10200417;2018;5;15;4;2;6;4;0;0;1;1;0;0;0;0
200084;11;4;4400835;2018;5;17;4;3;5;2;0;1;1;0;0;0;0;0
200085;11;8;8401139;2018;5;15;4;3;5;2;0;0;1;0;0;0;0;0
200086;11;1;1200629;2018;5;6;1;3;5;3;0;1;1;0;0;0;0;0
200087;11;3;3701657;2018;5;8;4;3;5;2;0;1;1;0;0;0;0;0
200088;11;12;12100103;2018;5;7;3;3;3;6;0;0;1;0;1;0;0;0
200089;11;4;4400729;2018;5;15;1;3;5;2;0;1;1;0;0;0;0;0