OBJECTID;LAND;BEZ;LOR_ab_2021;UJAHR;UMONAT;USTUNDE;UWOCHENTAG;UKATEGORIE;UART;UTYP1;ULICHTVERH;IstRad;IstPKW;IstFuss;IstKrad;IstGkfz;IstSonstige;USTRZUSTAND
200090;11;4;4200309;2018;5;2;1;3;1;5;2;0;1;0;0;0;0;0
200091;11;1;1100101;2018;5;17;3;3;5;3;0;1;0;0;0;0;0;0
200092;11;3;3601451;2018;5;15;1;3;5;2;0;1;1;0;0;0;0;0
200093;11;10;10100311;2018;5;16;4;2;2;6;0;0;0;0;1;0;1;0
200094;11;10;10100207;2018;5;12;3;3;6;7;0;1;0;1;0;0;0;0
200095;11;12;12500824;2018;5;14;1;2;5;2;0;1;1;0;0;0;0;0
200096;11;1;1100205;2018;5;8;4;3;0;6;0;0;1;0;0;0;1;0
200097;11;9;9300920;2018;5;17;3;3;3;6;0;1;1;0;0;0;0;0
200098;11;8;8200624;2018;5;16;4;3;5;2;0;1;1;0;0;0;0;0
200099;11;7;7300516;2018;5;15;3;3;6;7;0;0;1;1;0;0;0;0
200100;11;1;1400942;2018;5;23;7;3;5;2;2;1;1;0;0;0;0;0
200101;11;6;6100205;2018;5;19;3;3;6;4;0;1;0;1;0;0;0;0
200102;11;6;6300632;2018;5;12;7;3;0;2;0;1;1;0;0;0;0;0
200103;11;2;2500831;2018;5;15;4;3;0;1;0;1;0;0;0;0;0;0
200104;11;2;2200210;2018;5;22;3;3;5;3;2;1;1;0;0;0;0;0
200105;11;1;1100308;2018;5;18;7;3;3;6;0;1;1;0;0;0;0;0
200106;11;1;1100312;2018;5;1;4;3;0;1;2;0;0;0;1;0;0;1
200107;11;3;2400520;2018;5;20;3;3;1;5;0;0;1;0;1;0;0;0
200108;11;5;5300737;2018;5;18;7;3;2;6;0;0;1;0;0;0;0;0
200109;11;3;3300412;2018;5;16;4;2;3;6;0;1;0;0;0;0;1;0
200110;11;2;2200207;2018;5;17;7;3;5;2;0;1;1;0;0;0;0;0
200111;11;7;7400721;2018;5;19;3;3;5;2;0;1;1;0;0;0;0;0
200112;11;8;8401242;2018;5;16;7;3;5;3;0;1;1;0;0;0;0;0
200113;11;9;9501940;2018;5;16;4;3;5;3;0;1;0;0;0;0;0;0
200114;11;1;1100310;2018;5;16;4;3;2;6;0;0;1;0;0;0;1;0
200115;11;5;5100211;2018;5;18;3;3;5;2;0;1;0;0;0;0;1;0
200116;11;9;9501838;2018;5;15;7;3;5;2;0;1;1;0;0;0;0;0
200117;11;12;12200412;2018;5;16;4;3;2;7;0;0;1;0;0;0;0;0
200118;11;1;1200624;2018;5;14;4;3;5;2;0;1;1;0;0;0;0;0
200119;11;4;4501148;2018;5;18;3;3;5;2;0;1;1;0;0;0;0;0
200120;11;3;3500934;2018;5;14;7;3;5;2;0;1;1;0;0;0;0;0
200121;11;3;3200205;2018;5;18;3;3;5;2;0;1;0;0;0;0;1;0
200122;11;7;7100205;2018;5;12;7;3;5;2;0;1;1;0;0;0;0;0
200123;11;1;1300733;2018;5;14;4;3;3;6;0;1;0;0;0;0;0;0
200124;11;2;2500833;2018;5;18;3;3;5;3;0;1;1;0;0;0;0;0
200125;11;1;1200625;2018;5;13;7;3;2;7;0;0;1;0;0;0;0;0
200126;11;1;1300733;2018;5;14;4;3;5;3;0;0;1;0;0;0;0;0
200127;11;12;12400721;2018;5;17;3;3;1;5;0;0;1;0;1;0;0;0
200128;11;4;4100101;2018;5;18;7;3;3;6;0;0;1;0;0;0;0;0
200129;11;7;7100205;2018;5;14;4;3;5;3;0;0;1;0;1;0;0;0
200130;11;2;2300315;2018;5;2;4;1;0;7;2;0;0;1;0;0;1;0
200131;11;1;1100206;2018;5;17;3;3;5;3;0;1;1;0;0;0;0;0
200132;11;2;2500834;2018;5;16;7;3;6;4;0;0;1;1;0;0;0;0
200133;11;9;9200716;2018;5;10;3;3;6;7;0;0;1;1;0;0;0;0
200134;11;8;8100310;2018;5;23;3;3;4;1;2;1;0;0;0;0;0;0
200135;11;4;4200207;2018;5;20;3;2;0;1;1;1;0;0;0;0;0;0
200136;11;3;3300412;2018;5;15;7;3;5;3;0;0;1;0;0;0;0;0
200137;11;1;1100309;2018;5;20;3;3;2;6;2;1;1;0;0;0;0;0
200138;11;3;3300413;2018;5;12;3;3;5;2;0;0;0;0;1;0;1;0
200139;11;1;1300834;2018;5;18;7;2;3;5;0;0;1;0;0;0;1;0
200140;11;4;4501153;2018;5;18;3;3;5;2;0;1;1;0;0;0;0;0
200141;11;1;1100310;2018;5;10;3;3;5;2;0;1;1;0;0;0;0;0
200142;11;8;8200730;2018;5;16;7;3;0;2;0;0;1;0;0;0;1;0
200143;11;9;9501939;2018;5;20;7;2;0;1;1;1;0;0;0;0;0;0
200144;11;1;1100309;2018;5;17;3;3;6;4;0;0;1;1;0;0;0;0
200145;11;4;4200203;2018;5;10;3;3;2;2;0;0;1;0;0;0;1;0
200146;11;1;1100207;2018;5;14;7;2;3;1;0;0;1;0;1;0;0;0
200147;11;7;7501133;2018;5;17;3;3;1;5;0;0;0;0;1;1;0;0
200148;11;5;5100101;2018;5;10;3;3;1;5;0;1;1;0;0;0;0;0
200149;11;5;5300840;2018;5;14;7;3;9;1;0;0;1;0;0;0;0;0
200150;11;3;3500932;2018;5;16;3;3;6;4;0;0;0;1;1;0;0;0
200151;11;5;5100209;2018;5;16;3;3;5;2;0;1;0;0;0;0;1;0
200152;11;5;5100315;2018;5;10;3;3;1;5;0;1;1;0;0;0;0;0
200153;11;1;3701556;2018;5;15;7;2;5;3;0;1;1;0;0;0;0;0
200154;11;1;1300731;2018;5;16;3;2;6;4;0;0;1;1;0;0;0;0
200155;11;12;12100101;2018;5;15;3;3;5;3;0;1;1;0;0;0;0;0
200156;11;1;1300836;2018;5;7;3;3;2;2;0;0;0;0;1;1;0;0
200157;11;3;3601243;2018;5;17;7;3;5;3;0;0;1;0;0;0;0;0
200158;11;8;8200832;2018;5;11;7;3;7;7;0;1;0;0;0;0;0;0
200159;11;9;9200819;2018;5;7;3;3;5;2;0;1;1;0;0;0;0;0
200160;11;4;4300412;2018;5;23;7;3;6;4;2;0;1;1;0;0;0;0
200161;11;2;2500833;2018;5;15;3;2;6;4;0;1;0;1;0;0;0;0
200162;11;8;8100102;2018;5;21;7;2;3;6;2;1;0;0;0;0;0;0
200163;11;2;2500830;2018;5;7;3;3;5;2;0;1;1;0;0;0;0;0
200164;11;12;12200309;2018;5;12;7;3;5;7;0;0;1;0;1;0;0;0
200165;11;9;9200510;2018;5;14;3;3;6;4;0;0;1;1;0;0;0;0
200166;11;9;9300920;2018;5;7;3;3;5;2;0;0;1;0;1;0;0;0
200167;11;8;8200832;2018;5;8;7;2;5;3;0;0;1;0;0;0;0;0
200168;11;1;1401048;2018;5;13;3;3;2;6;0;0;1;0;0;0;0;0
200169;11;1;1200517;2018;5;7;3;3;6;4;0;0;1;1;0;0;0;0
200170;11;1;1300834;2018;5;13;3;2;3;6;0;0;1;0;0;0;1;0
200171;11;1;1100308;2018;5;6;3;3;5;3;0;1;1;0;0;0;0;0
200172;11;2;2400521;2018;5;10;3;3;5;2;0;1;1;0;0;0;0;0
200173;11;8;8401139;2018;5;9;7;3;5;3;0;1;1;0;0;0;0;0
200174;11;7;7400826;2018;5;11;3;2;2;6;0;0;1;0;0;0;0;0
200175;11;7;7601442;2018;5;4;3;2;5;2;1;1;0;0;0;0;1;0
200176;11;1;1100313;2018;5;10;7;3;2;2;0;0;0;0;1;0;1;0
200177;11;2;2200212;2018;5;9;3;3;0;2;0;1;0;0;0;1;0;0
200178;11;9;9200819;2018;5;10;7;3;2;6;0;0;1;0;1;0;0;0
200179;11;1;1100101;2018;4;23;2;3;8;1;2;0;1;0;0;0;0;0
200180;11;2;2400623;2018;5;9;3;3;5;3;0;0;1;0;0;0;0;0
200181;11;10;10100208;2018;5;11;7;2;5;3;0;1;1;0;0;0;0;0
200182;11;2;2400625;2018;4;20;2;2;5;2;1;1;1;0;0;0;0;0
200183;11;1;1200626;2018;5;9;3;3;5;3;0;1;1;0;0;0;0;0
200184;11;4;4501043;2018;4;10;2;3;1;5;0;1;1;0;0;0;0;0
200185;11;1;1100207;2018;5;9;3;3;5;3;0;0;1;0;0;0;0;0
200186;11;7;7100102;2018;5;11;7;3;2;6;0;0;1;0;0;0;0;0
200187;11;7;7601236;2018;5;8;3;3;6;2;0;0;1;1;0;0;0;0
200188;11;11;11200411;2018;5;8;3;3;1;5;0;0;1;0;0;0;1;0
200189;11;5;5100208;2018;5;12;7;3;1;5;0;1;1;0;0;0;0;0
200190;11;11;11300721;2018;4;10;2;3;5;3;0;1;1;0;0;0;0;0
200191;11;3;3601244;2018;5;8;3;3;5;3;0;1;0;0;0;0;1;0
200192;11;7;7100102;2018;4;10;2;3;1;5;0;1;1;0;0;0;0;0
200193;11;2;2300316;2018;5;8;3;3;2;6;0;1;0;0;0;0;0;0
200194;11;6;6100206;2018;5;12;7;3;3;6;0;0;1;0;1;0;0;0
200195;11;9;9401534;2018;5;8;3;2;6;4;0;0;0;1;0;0;1;0
200196;11;6;6300526;2018;5;12;7;3;5;3;0;0;1;0;0;0;0;0
200197;11;10;10200524;2018;4;8;2;3;6;4;0;0;1;1;0;0;0;0
200198;11;5;5200632;2018;5;8;3;3;2;6;0;0;1;0;0;0;0;0
200199;11;1;1100416;2018;5;4;7;2;0;1;2;1;0;0;0;0;0;0
200200;11;9;9200511;2018;5;11;3;3;6;4;0;0;1;1;0;0;0;0
200201;11;12;12400721;2018;5;16;6;3;6;2;0;0;1;1;0;0;0;0
200202;11;2;2100103;2018;4;22;2;3;3;6;2;0;1;0;1;0;1;0
200203;11;5;5200629;2018;4;0;2;3;6;2;2;0;1;1;0;0;0;0
200204;11;4;4200308;2018;5;9;3;3;5;7;0;0;1;0;0;0;1;0
200205;11;6;6400735;2018;5;20;6;3;1;5;0;1;1;0;0;0;0;0
200206;11;8;8100209;2018;4;14;2;3;5;2;0;0;1;0;0;0;0;0
200207;11;8;8100416;2018;5;11;3;3;1;7;0;0;1;0;0;0;1;0
200208;11;11;11200514;2018;5;21;6;3;0;3;1;1;0;0;0;0;0;0
200209;11;5;5100101;2018;5;19;6;3;5;3;1;1;0;0;0;0;0;0
200210;11;12;12200412;2018;4;19;2;2;5;2;0;1;0;0;0;1;0;0
200211;11;7;7501135;2018;5;12;3;3;1;5;0;1;1;0;0;0;0;0
200212;11;7;7601545;2018;5;7;6;3;5;2;0;1;1;0;0;0;0;0
200213;11;5;5300839;2018;4;19;2;3;1;5;0;0;0;0;1;0;1;0
200214;11;1;1200628;2018;5;15;6;3;5;7;0;1;1;0;0;0;0;0
200215;11;4;4400832;2018;4;20;2;2;6;4;0;0;1;1;0;0;0;0
200216;11;4;4500939;2018;5;12;3;3;5;2;0;0;1;0;1;0;0;0
200217;11;11;11100203;2018;5;17;6;3;5;3;0;1;1;0;0;0;0;0
200218;11;6;6400844;2018;4;18;2;3;5;2;0;1;1;0;0;0;0;0
200219;11;12;12200515;2018;5;12;3;3;5;3;0;0;1;0;0;0;0;0
200220;11;10;10100206;2018;5;17;6;3;5;3;0;0;1;0;0;0;0;0
200221;11;9;9401635;2018;4;17;2;2;5;2;0;1;1;0;0;0;0;0
200222;11;12;12100205;2018;4;17;2;2;5;2;0;1;1;0;0;0;0;0
200223;11;3;3400827;2018;5;12;3;3;5;3;0;1;1;0;0;0;0;0
200224;11;5;5200528;2018;5;16;6;3;2;2;0;0;1;0;0;0;0;0
200225;11;4;4501041;2018;4;17;2;3;3;6;0;0;1;0;0;0;1;0
200226;11;3;3400724;2018;4;17;2;2;0;2;0;1;1;0;0;0;0;0
200227;11;9;9300920;2018;5;13;3;3;5;3;0;1;1;0;0;0;0;0
200228;11;4;4300517;2018;5;16;6;2;6;4;0;0;1;1;0;0;0;0
200229;11;3;3601244;2018;5;16;6;3;6;4;0;0;1;1;0;0;0;0
200230;11;1;1100308;2018;4;17;2;3;3;6;0;1;0;0;0;0;0;0
200231;11;10;10200420;2018;5;13;3;3;5;3;0;1;1;0;0;0;0;0
200232;11;4;4300619;2018;5;14;6;3;5;2;0;0;1;0;1;0;0;0
200233;11;6;6200421;2018;4;16;2;3;2;2;0;1;1;0;0;0;0;0
200234;11;6;6300633;2018;5;14;3;3;2;6;0;0;1;0;0;0;0;0
200235;11;1;1100310;2018;5;14;6;3;5;3;0;0;1;0;0;0;1;0
200236;11;6;6400841;2018;4;16;2;2;2;7;0;0;1;0;0;0;0;0
200237;11;1;1401044;2018;4;16;2;3;2;6;0;0;1;0;0;0;0;0
200238;11;9;9300921;2018;5;14;3;2;2;7;0;0;1;0;0;0;1;0
200239;11;9;9401431;2018;5;14;6;3;5;3;0;0;1;0;1;0;0;0
200240;11;8;8401244;2018;5;14;3;3;5;7;0;0;1;0;0;0;0;0
200241;11;11;11300722;2018;5;14;6;3;5;3;0;1;1;0;0;0;0;0
200242;11;1;1100103;2018;4;16;2;3;5;3;0;1;1;0;0;0;0;0
200243;11;9;9200818;2018;4;15;2;3;2;6;0;0;1;0;0;0;0;0
200244;11;4;4300412;2018;5;15;3;3;5;3;0;0;1;0;0;0;1;0
200245;11;4;4501042;2018;5;14;6;3;3;6;0;1;1;0;0;0;0;0
200246;11;12;12601235;2018;4;15;2;3;2;6;0;0;1;0;0;0;0;0
200247;11;10;10100205;2018;4;15;2;3;5;7;0;0;1;0;0;0;0;0
200248;11;12;12200309;2018;5;15;3;3;6;4;0;0;1;1;0;0;0;0
200249;11;7;7501031;2018;5;14;6;3;0;7;0;0;0;0;0;0;1;0
200250;11;1;1100206;2018;5;11;6;3;5;2;0;1;1;0;0;0;0;0
200251;11;2;2300314;2018;5;15;3;3;2;5;0;1;1;0;0;0;1;0
200252;11;1;1100206;2018;5;17;6;3;3;6;0;1;1;0;0;0;0;0
200253;11;1;1200517;2018;4;15;2;3;2;6;0;0;1;0;0;0;0;0
200254;11;6;6200422;2018;5;16;3;2;0;6;0;0;1;0;0;0;1;0
200255;11;11;11300721;2018;5;15;6;2;5;2;0;1;1;0;0;0;0;0
200256;11;1;1300836;2018;4;14;2;3;5;7;0;1;1;0;0;0;0;0
200257;11;11;11200411;2018;5;16;3;3;5;2;0;1;1;0;0;0;0;0
200258;11;6;6300528;2018;4;14;2;3;6;4;0;0;1;1;0;0;0;0
200259;11;1;1100102;2018;5;17;3;3;0;2;0;1;1;0;0;0;0;0
200260;11;8;8401246;2018;5;16;3;2;5;3;0;1;1;0;0;0;0;0
200261;11;1;1200628;2018;5;19;6;2;6;2;0;0;1;1;0;0;0;0
200262;11;7;7200409;2018;4;14;2;3;1;5;0;1;1;0;0;0;0;0
200263;11;1;1100102;2018;5;17;3;3;0;1;0;0;0;0;0;0;1;0
200264;11;8;8100312;2018;5;13;6;3;3;6;0;0;1;0;1;0;0;0
200265;11;1;1401044;2018;5;22;3;3;5;5;2;0;1;0;0;0;0;0
200266;11;9;9501941;2018;4;14;2;2;5;2;0;0;1;0;1;0;0;0
200267;11;10;10100101;2018;5;16;2;3;5;3;0;0;1;0;0;0;0;0
200268;11;6;6400735;2018;5;13;6;3;5;2;0;1;1;0;0;0;0;0
200269;11;6;6200422;2018;5;13;6;3;5;3;0;0;1;0;1;0;0;0
200270;11;5;5300736;2018;5;7;2;3;5;2;0;1;1;0;0;0;0;0
200271;11;12;12400722;2018;5;12;6;3;5;3;0;1;1;0;0;0;0;0
200272;11;9;9100408;2018;4;13;2;2;5;3;0;0;1;0;0;0;0;0
200273;11;9;9501737;2018;5;10;2;3;0;2;0;1;1;0;0;0;0;0
200274;11;2;2300419;2018;5;12;6;3;5;3;0;1;0;0;0;0;0;0
200275;11;8;8401242;2018;4;14;2;3;0;1;0;1;0;0;0;0;0;0
200276;11;1;1100206;2018;5;20;2;3;5;3;1;0;1;0;0;0;0;0
200277;11;4;4500939;2018;4;13;2;3;0;4;0;0;1;1;0;0;0;0
200278;11;2;2100105;2018;5;17;2;2;5;7;0;1;1;0;0;0;0;0
200279;11;2;2200212;2018;5;11;6;3;5;2;0;1;1;0;0;0;0;0
200280;11;9;9200715;2018;5;16;2;3;2;7;0;0;1;0;1;0;0;0
200281;11;9;9501737;2018;5;11;6;3;5;2;0;0;1;0;0;0;1;0
200282;11;11;11300620;2018;4;13;2;3;6;2;0;0;0;1;0;0;1;0
200283;11;1;1300835;2018;5;8;2;3;5;2;0;1;1;0;0;0;0;0
200284;11;1;1400939;2018;5;11;6;3;5;7;0;0;1;0;0;0;0;0
200285;11;12;12200310;2018;5;0;2;3;5;3;2;0;1;0;0;1;0;0
200286;11;3;3300514;2018;5;11;6;3;5;3;0;0;1;0;0;0;0;0
200287;11;10;10100209;2018;4;13;2;3;6;4;0;0;1;1;0;0;0;0
200288;11;8;8100206;2018;4;12;2;3;1;5;0;1;1;0;0;0;1;0
200289;11;3;3300514;2018;5;17;2;3;4;6;0;1;0;0;0;0;0;0
200290;11;1;1401044;2018;5;14;6;3;5;3;0;1;1;0;0;0;0;0
200291;11;1;1400942;2018;4;12;2;3;5;3;0;1;1;0;0;0;0;0
200292;11;12;12601134;2018;5;20;6;3;1;5;0;0;0;0;1;0;1;0
200293;11;10;10300731;2018;4;12;2;3;3;6;0;1;1;0;0;0;0;0
200294;11;1;1100207;2018;5;17;2;3;5;3;0;1;1;0;0;0;0;0
200295;11;1;1100310;2018;5;20;6;3;5;7;0;0;1;0;1;0;0;0
200296;11;4;4501042;2018;4;12;2;3;0;7;0;1;0;0;0;0;1;0
200297;11;1;1200522;2018;4;12;2;3;0;2;0;1;0;0;0;0;1;0
200298;11;4;4500937;2018;5;17;2;3;5;3;0;1;1;0;0;0;0;0
200299;11;12;12200515;2018;5;10;6;3;5;2;0;1;1;0;0;0;0;0
200300;11;9;9501838;2018;5;17;2;3;5;7;0;0;1;0;1;0;0;0
200301;11;12;12200412;2018;5;20;6;2;6;4;1;0;1;1;0;0;0;0
200302;11;3;3601141;2018;4;12;2;3;5;2;0;1;1;0;0;0;0;0
200303;11;3;3601244;2018;5;16;2;3;3;6;0;1;0;0;0;1;0;0
200304;11;2;2100102;2018;5;20;6;3;6;4;0;1;0;1;0;0;0;0
200305;11;7;7300619;2018;4;10;2;3;2;6;0;0;1;0;1;0;0;0
200306;11;1;1100207;2018;5;16;2;3;5;2;0;1;1;0;0;0;0;0
200307;11;9;9401329;2018;5;10;6;3;1;5;0;1;1;0;0;0;0;0
200308;11;2;2100102;2018;4;19;1;3;2;6;0;0;1;0;0;0;0;0
200309;11;2;2100101;2018;4;18;1;2;0;1;0;0;1;0;1;0;0;0
200310;11;3;3500935;2018;5;9;6;3;4;6;0;1;1;0;0;0;0;0
200311;11;11;11400929;2018;4;18;1;2;6;7;0;0;1;1;0;0;0;0
200312;11;9;9200715;2018;4;18;1;3;2;6;0;0;1;0;0;0;0;0
200313;11;5;5100208;2018;5;7;5;3;5;3;0;1;1;0;0;0;0;0
200314;11;5;5200420;2018;5;10;2;2;5;3;0;0;1;0;1;0;0;0
200315;11;11;11300722;2018;5;7;5;3;5;2;0;1;1;0;0;0;0;0
200316;11;5;5400943;2018;5;10;2;2;5;2;0;0;1;0;1;0;0;0
200317;11;4;4400834;2018;5;7;5;3;5;3;0;1;1;0;0;0;0;0
200318;11;10;10100311;2018;5;7;2;2;5;2;0;0;0;0;0;0;1;0
200319;11;4;4501153;2018;5;11;2;3;1;5;0;0;1;0;1;0;0;0
200320;11;8;8200624;2018;5;6;5;3;2;6;0;0;1;0;1;0;0;0
200321;11;3;3300411;2018;5;11;2;3;4;6;0;0;1;0;0;0;0;0
200322;11;10;;2018;5;7;2;2;2;6;0;0;1;0;0;0;0;0
200323;11;10;10100311;2018;5;6;2;2;3;6;0;0;1;0;0;1;0;0
200324;11;2;2500834;2018;5;6;5;3;5;5;0;0;1;0;0;0;0;0
200325;11;12;12100101;2018;5;19;2;3;5;3;0;0;1;0;0;0;0;0
200326;11;1;1100207;2018;5;4;5;3;1;1;2;1;0;0;0;1;0;0
200327;11;2;2100106;2018;5;19;2;3;5;2;1;1;1;0;0;0;0;0
200328;11;7;7501135;2018;5;12;5;3;5;3;0;0;1;0;1;0;0;0
200329;11;11;11400927;2018;5;20;5;3;0;3;0;0;1;0;1;0;0;0
200330;11;4;4300415;2018;5;19;2;3;9;1;0;0;1;0;1;0;0;0
200331;11;10;10100311;2018;5;13;5;3;2;6;0;0;1;0;0;0;0;0
200332;11;2;2300315;2018;5;18;2;2;5;2;0;0;1;0;0;0;1;0
200333;11;5;5100316;2018;5;13;5;3;5;2;0;0;1;0;0;0;1;0
200334;11;2;2400625;2018;5;11;5;3;5;2;0;0;1;0;0;1;0;0
200335;11;8;8200622;2018;5;18;2;3;5;2;0;0;1;0;1;0;0;0
200336;11;11;11300618;2018;5;11;5;3;2;2;0;0;1;0;0;0;0;0
200337;11;5;5200528;2018;5;7;5;3;5;2;0;1;1;0;0;0;0;0
200338;11;4;4501045;2018;5;18;2;3;5;2;1;1;1;0;0;0;0;0
200339;11;11;11100308;2018;5;5;5;2;5;3;1;1;1;0;0;0;0;0
200340;11;7;7300619;2018;5;18;2;3;5;3;0;0;1;0;1;0;0;0
200341;11;5;5300839;2018;5;7;5;2;6;4;0;0;1;1;0;0;0;0
200342;11;1;1300836;2018;5;18;2;3;3;6;0;0;1;0;1;0;1;0
200343;11;3;3601346;2018;5;19;5;3;5;2;0;1;1;0;0;0;0;0
200344;11;1;1100102;2018;5;18;5;3;5;2;0;1;1;0;0;0;0;0
200345;11;6;6300528;2018;5;17;2;3;5;3;0;1;1;0;0;0;0;0
200346;11;10;10300733;2018;5;18;5;3;2;6;0;0;1;0;0;0;0;0
200347;11;9;9100306;2018;5;18;2;3;5;3;0;1;1;0;0;0;0;0
200348;11;8;8200832;2018;5;17;5;3;2;6;0;0;1;0;0;0;0;0
200349;11;4;4300619;2018;5;16;2;3;6;4;0;0;1;1;0;0;0;0
200350;11;7;7300516;2018;5;17;5;3;0;3;0;1;0;0;0;0;1;0
200351;11;4;4501043;2018;5;17;5;3;5;3;0;1;1;0;0;0;0;0
200352;11;1;1100103;2018;5;17;2;2;5;2;0;1;1;0;0;0;0;0
200353;11;1;1300733;2018;5;17;2;3;2;6;0;0;1;0;0;0;0;0
200354;11;3;3200207;2018;5;16;5;3;5;3;0;1;1;0;0;0;0;0
200355;11;2;2500836;2018;5;17;2;3;2;6;0;0;1;0;0;0;0;0
200356;11;12;12601235;2018;5;18;2;2;6;4;0;0;0;1;0;0;1;0
200357;11;1;1200518;2018;5;16;5;3;5;7;0;0;1;0;1;0;0;0
200358;11;4;4501151;2018;5;16;2;3;5;3;0;0;1;0;0;0;0;0
200359;11;1;1100206;2018;5;16;5;3;6;4;0;1;1;1;0;0;0;0
200360;11;11;11300724;2018;5;16;2;3;1;5;0;0;1;0;0;0;0;0
200361;11;7;7300618;2018;5;16;5;3;1;5;0;1;1;0;0;0;0;0
200362;11;11;11300725;2018;5;16;2;3;6;4;0;1;0;1;0;0;0;0
200363;11;12;12400722;2018;5;15;2;3;6;4;0;0;0;1;1;0;0;0
200364;11;12;12100205;2018;5;16;5;3;2;6;0;0;1;0;0;0;0;0
200365;11;12;12500927;2018;5;15;2;3;5;3;0;1;1;0;0;0;0;0
200366;11;1;1100308;2018;5;15;2;2;6;4;0;0;0;1;0;0;1;0
200367;11;2;2300314;2018;5;15;5;3;3;6;0;1;1;0;0;0;0;0
200368;11;3;3501038;2018;5;15;2;3;5;2;0;0;1;0;0;0;0;0
200369;11;1;1100103;2018;5;15;2;3;5;3;0;0;1;0;0;0;0;0
200370;11;12;12400723;2018;5;16;5;3;1;5;0;0;1;0;0;0;0;0
200371;11;6;6100207;2018;5;15;2;3;5;2;0;0;1;0;0;0;0;0
200372;11;6;6200312;2018;5;15;5;3;0;6;0;0;0;0;0;0;1;0
200373;11;2;2200210;2018;5;15;2;3;5;3;0;0;1;0;0;0;0;0
200374;11;1;1100416;2018;5;21;5;3;0;1;1;1;0;0;0;0;0;0
200375;11;5;5100316;2018;5;14;2;3;2;6;0;0;1;0;0;0;0;0
200376;11;1;1300732;2018;5;15;2;3;5;2;0;1;1;0;0;0;0;0
200377;11;11;11300722;2018;5;16;4;3;5;7;0;1;0;0;0;0;0;0
200378;11;7;7400721;2018;5;15;2;2;3;6;0;1;0;0;1;0;0;0
200379;11;7;7200308;2018;5;10;4;3;5;7;0;1;1;0;0;0;0;0
200380;11;1;1200517;2018;5;23;4;3;6;2;2;0;0;1;0;0;1;0
200381;11;11;11300722;2018;5;14;2;3;2;6;0;0;1;0;0;0;0;0
200382;11;5;5100210;2018;5;14;2;3;2;6;0;0;1;0;1;0;0;0
200383;11;2;2400624;2018;5;23;4;3;5;3;2;1;0;0;0;0;0;0
200384;11;1;1100309;2018;5;21;4;3;2;6;2;1;1;0;0;0;0;0
200385;11;3;3501038;2018;5;13;2;3;0;3;0;0;1;0;0;0;1;0
200386;11;2;2500833;2018;5;20;4;3;2;7;0;1;1;0;0;0;0;0
200387;11;6;6400844;2018;5;13;2;3;1;5;0;1;1;0;0;0;0;0
200388;11;12;12400618;2018;5;22;4;2;5;2;2;1;1;0;0;0;0;0
200389;11;6;6200317;2018;5;13;2;3;5;3;0;0;1;0;0;0;0;0
200390;11;6;6200421;2018;5;13;4;2;6;4;0;0;1;1;0;0;0;0
200391;11;5;5100105;2018;5;15;4;3;6;2;0;0;1;1;0;0;0;0
200392;11;1;1300733;2018;5;13;2;3;2;6;0;1;1;0;0;0;0;0
200393;11;4;4300416;2018;5;17;4;3;0;6;0;0;1;0;1;0;0;0
200394;11;11;11400929;2018;5;18;4;3;5;2;0;1;0;0;0;0;1;0
200395;11;12;12200309;2018;5;16;2;3;0;1;0;0;0;0;1;0;0;0
200396;11;4;4300416;2018;5;18;4;3;0;6;0;1;0;0;0;0;0;0
200397;11;1;1200623;2018;5;18;4;3;5;2;0;1;1;0;0;0;0;0
200398;11;8;8401244;2018;5;20;2;2;5;3;1;0;1;0;1;0;0;0
200399;11;4;4501042;2018;5;19;4;3;5;3;0;1;1;0;0;0;0;0
200400;11;9;9100306;2018;5;13;2;3;0;1;0;1;0;0;0;0;0;0
200401;11;11;11400931;2018;5;15;4;3;5;2;0;1;1;0;0;0;0;0
200402;11;1;1100206;2018;5;12;2;3;1;5;0;0;1;0;0;0;1;0
200403;11;9;9501736;2018;5;19;4;3;2;6;0;0;1;0;0;0;0;0
200404;11;3;3500936;2018;5;20;4;3;5;3;0;1;1;0;0;0;0;0
200405;11;1;1200628;2018;5;23;1;3;0;7;2;0;0;0;1;0;0;0
200406;11;9;9200715;2018;5;15;4;3;5;3;0;1;1;0;0;0;0;0
200407;11;6;6400843;2018;5;13;4;3;6;4;0;1;0;1;0;0;0;0
200408;11;2;2400623;2018;5;16;1;3;5;3;0;1;1;0;0;0;0;0
200409;11;8;8100313;2018;5;18;1;3;5;7;0;0;1;0;1;0;0;0
200410;11;12;12500825;2018;5;13;4;3;5;2;0;0;1;0;0;0;1;0
200411;11;2;2100102;2018;5;15;1;3;5;3;0;0;1;0;0;0;1;0
200412;11;11;11400929;2018;5;12;4;3;5;3;0;1;0;0;0;0;1;0
200413;11;8;8100105;2018;5;15;1;3;1;5;0;0;1;0;1;0;0;0
200414;11;6;6200315;2018;5;12;4;3;0;3;0;0;1;0;1;0;0;0
200415;11;1;1200629;2018;5;15;1;3;5;2;0;0;1;0;0;0;0;0
200416;11;1;1100102;2018;5;10;4;3;0;7;0;0;1;0;1;0;0;0
200417;11;11;11400927;2018;5;9;4;3;5;3;0;1;0;0;0;1;0;0
200418;11;1;1401047;2018;5;18;1;2;5;2;0;0;1;0;1;0;0;0
200419;11;4;4300518;2018;5;8;4;3;5;2;0;1;1;0;0;0;0;0