OBJECTID;LAND;BEZ;LOR_ab_2021;UJAHR;UMONAT;USTUNDE;UWOCHENTAG;UKATEGORIE;UART;UTYP1;ULICHTVERH;IstRad;IstPKW;IstFuss;IstKrad;IstGkfz;IstSonstige;USTRZUSTAND
200420;11;9;9200715;2018;5;19;1;3;2;6;0;0;1;0;0;0;0;0
200421;11;5;5200633;2018;5;8;4;3;5;2;0;0;1;0;0;0;0;0
200422;11;5;5100103;2018;5;14;1;2;1;7;0;0;1;0;0;0;0;0
200423;11;8;8100417;2018;5;20;1;3;5;3;1;0;1;0;0;0;0;0
200424;11;1;1401045;2018;5;14;4;2;0;1;0;0;1;0;1;0;0;0
200425;11;4;4200311;2018;5;12;1;3;2;6;0;0;1;0;0;0;0;0
200426;11;1;1100309;2018;5;12;1;3;1;5;0;1;1;0;0;0;1;0
200427;11;9;9501939;2018;5;17;4;2;5;3;0;1;1;0;0;0;0;0
200428;11;8;8100415;2018;5;18;4;2;6;4;0;1;0;1;0;0;0;0
200429;11;6;6100205;2018;5;13;1;3;0;3;0;0;1;0;1;0;0;0
200430;11;5;5200632;2018;5;15;4;3;1;1;0;0;1;0;0;0;0;0
200431;11;7;7501031;2018;5;12;1;3;3;2;0;0;1;0;1;0;0;0
200432;11;5;5200629;2018;5;12;1;3;5;3;0;0;1;0;0;0;0;0
200433;11;2;2100102;2018;5;17;4;3;1;5;0;1;0;0;0;0;1;0
200434;11;7;7200307;2018;5;9;1;3;6;2;0;0;1;1;0;0;0;0
200435;11;8;8100105;2018;5;14;1;2;6;4;0;0;1;1;0;0;0;0
200436;11;11;11501340;2018;5;13;4;2;0;1;0;1;0;0;0;0;0;0
200437;11;12;12100204;2018;5;11;1;2;5;7;0;0;1;0;1;0;0;0
200438;11;7;7400927;2018;5;23;1;2;5;3;2;0;1;0;0;0;0;0
200439;11;9;9100306;2018;5;16;1;2;0;7;0;1;0;0;0;0;0;0
200440;11;1;1100309;2018;5;15;4;3;0;1;0;1;0;0;0;0;0;0
200441;11;3;3400618;2018;5;11;1;2;3;6;0;1;1;0;0;0;0;0
200442;11;5;5100101;2018;5;1;1;3;0;1;2;1;0;0;0;0;0;0
200443;11;6;6400844;2018;5;14;7;3;1;5;0;0;1;0;0;0;0;0
200444;11;1;1300836;2018;5;19;4;3;3;6;0;0;1;0;0;0;1;0
200445;11;8;8100520;2018;5;1;1;2;5;3;2;0;1;0;0;0;0;0
200446;11;2;2100106;2018;5;17;7;2;1;6;0;1;0;0;0;1;1;0
200447;11;7;7100101;2018;5;8;4;3;5;2;0;1;1;0;0;0;0;0
200448;11;7;7200308;2018;5;17;7;3;5;3;0;1;1;0;0;0;0;0
200449;11;9;9300923;2018;5;11;7;3;5;3;0;1;0;0;0;0;1;0
200450;11;1;1100311;2018;5;7;4;2;6;4;0;0;1;1;0;0;0;0
200451;11;4;4300517;2018;5;23;7;3;0;5;2;0;1;0;0;0;1;0
200452;11;3;3300413;2018;5;7;4;2;5;3;0;0;1;0;1;0;0;0
200453;11;8;8100209;2018;5;19;7;3;5;7;0;0;1;0;0;0;0;0
200454;11;11;11200410;2018;5;5;4;3;5;2;0;1;1;0;0;0;0;0
200455;11;10;10300732;2018;5;5;4;3;1;5;0;0;1;0;0;0;1;0
200456;11;1;1100102;2018;5;18;7;3;6;4;0;0;1;1;0;0;0;0
200457;11;2;2500833;2018;5;19;7;3;5;7;1;1;1;0;0;0;0;0
200458;11;1;1100311;2018;5;0;4;3;2;6;2;0;1;0;0;0;0;0
200459;11;7;7400826;2018;5;8;3;3;3;6;0;0;1;0;0;0;1;0
200460;11;7;7601547;2018;5;19;7;3;5;3;0;1;1;0;0;0;0;0
200461;11;1;1300733;2018;5;22;3;3;2;6;2;0;1;0;0;0;0;1
200462;11;3;3500935;2018;5;15;7;3;5;7;0;0;1;0;1;0;0;0
200463;11;3;3701555;2018;5;16;7;3;1;5;0;1;1;0;0;0;0;0
200464;11;6;6100103;2018;5;9;3;2;3;6;0;1;0;0;0;0;1;0
200465;11;1;1200623;2018;5;15;7;3;5;3;0;1;1;0;0;0;0;0
200466;11;7;7400823;2018;5;14;7;3;5;3;0;0;1;0;0;0;0;0
200467;11;11;11401136;2018;5;15;3;3;5;3;0;0;1;0;0;0;0;0
200468;11;2;2300419;2018;5;13;7;3;3;6;0;0;1;0;1;0;0;0
200469;11;11;11300722;2018;5;13;7;3;2;6;0;0;1;0;1;0;0;0
200470;11;2;2200209;2018;5;15;3;3;0;2;0;0;1;0;1;0;0;0
200471;11;6;6400844;2018;5;18;7;3;5;2;0;0;1;0;0;0;0;0
200472;11;2;2300316;2018;5;13;7;3;2;6;0;0;1;0;1;0;0;0
200473;11;2;2100101;2018;5;18;3;3;5;7;0;1;1;0;0;0;0;1
200474;11;1;1100310;2018;5;11;7;3;3;6;0;1;0;0;0;0;0;0
200475;11;4;4300416;2018;5;11;3;3;5;3;0;1;1;0;0;0;0;0
200476;11;4;4501042;2018;5;12;7;3;5;3;0;1;0;0;0;0;1;0
200477;11;4;4400727;2018;5;10;3;3;5;2;0;1;1;0;0;0;0;0
200478;11;10;10400938;2018;5;20;7;3;5;3;1;0;1;0;0;0;0;0
200479;11;8;8401246;2018;5;10;7;3;2;7;0;1;1;0;0;0;0;0
200480;11;2;2200210;2018;5;10;3;3;5;3;0;1;1;0;0;0;0;0
200481;11;7;7400720;2018;5;20;7;3;1;5;1;1;1;0;0;0;0;0
200482;11;2;2100106;2018;5;6;7;3;5;7;0;0;1;0;0;0;0;0
200483;11;12;12400723;2018;5;10;3;3;0;3;0;1;1;0;0;0;0;0
200484;11;7;7300517;2018;5;20;7;3;0;1;0;0;0;0;1;0;0;0
200485;11;1;1100311;2018;5;15;7;3;5;2;0;1;1;0;0;0;0;0
200486;11;1;1100309;2018;5;18;7;3;3;6;0;0;1;0;0;0;0;0
200487;11;3;3601451;2018;5;7;3;3;6;7;0;1;0;1;0;0;0;0
200488;11;7;7400720;2018;5;15;7;2;5;2;0;0;1;0;0;0;0;0
200489;11;8;8200624;2018;5;15;7;3;5;3;0;0;1;0;0;0;0;0
200490;11;7;7100204;2018;5;14;7;3;1;5;0;0;1;0;0;0;1;0
200491;11;1;1100416;2018;5;20;3;3;2;6;2;0;1;0;0;0;0;1
200492;11;9;9200819;2018;5;14;7;2;6;4;0;0;0;1;0;0;1;0
200493;11;4;4200308;2018;5;11;7;3;0;1;0;1;0;0;0;0;0;0
200494;11;9;9200715;2018;5;15;6;3;3;2;0;0;1;0;0;1;0;0
200495;11;5;5200420;2018;5;19;3;3;5;3;1;0;1;0;0;0;0;1
200496;11;1;1400942;2018;5;13;7;3;1;5;0;1;1;0;0;0;0;0
200497;11;3;3200205;2018;5;19;3;3;5;3;1;0;1;0;0;0;0;1
200498;11;10;10100311;2018;5;8;7;2;5;2;0;1;1;0;0;0;0;0
200499;11;3;3300517;2018;5;15;6;3;5;3;0;1;1;0;0;0;0;0
200500;11;7;7100205;2018;5;18;3;3;2;6;0;0;1;0;0;0;0;1
200501;11;12;12100103;2018;5;8;7;2;5;3;0;1;1;0;0;0;0;0
200502;11;9;9100408;2018;5;15;6;3;2;6;0;0;1;0;0;0;0;0
200503;11;7;7501029;2018;5;9;3;3;5;2;0;1;1;0;0;0;0;0
200504;11;12;12100101;2018;5;9;7;3;5;2;0;1;1;0;0;0;0;0
200505;11;1;1100310;2018;5;0;6;3;1;5;2;1;1;0;0;0;0;0
200506;11;2;2100106;2018;5;17;6;3;6;2;0;0;0;1;0;0;1;0
200507;11;9;9501939;2018;5;9;3;3;2;6;0;0;1;0;1;0;0;0
200508;11;8;8200832;2018;5;10;7;3;1;5;0;0;1;0;0;0;0;0
200509;11;7;7300517;2018;5;16;6;3;6;7;0;1;0;1;0;0;0;0
200510;11;4;4300412;2018;5;15;6;3;0;2;0;1;1;0;0;0;0;0
200511;11;7;7400927;2018;5;9;3;3;5;2;0;1;1;0;0;0;0;0
200512;11;9;9100407;2018;5;12;7;2;5;3;0;0;1;0;1;0;0;0
200513;11;9;9401635;2018;5;15;6;3;4;6;0;1;1;0;0;0;0;0
200514;11;2;2300315;2018;5;8;3;3;5;2;0;1;0;0;1;0;0;0
200515;11;7;7300517;2018;5;12;7;3;5;2;0;0;1;0;0;0;1;0
200516;11;8;8100206;2018;5;18;6;3;5;3;0;0;1;0;0;0;0;0
200517;11;12;12200515;2018;5;8;3;3;5;2;0;1;1;0;0;0;0;0
200518;11;2;2500833;2018;5;4;7;2;5;3;1;1;1;0;0;0;0;0
200519;11;5;5200629;2018;5;1;7;3;5;3;2;0;1;0;0;0;0;0
200520;11;12;12200412;2018;5;14;6;3;2;6;0;0;1;0;0;0;0;0
200521;11;3;3300412;2018;5;7;3;3;5;3;0;0;1;0;1;0;0;0
200522;11;7;7400824;2018;5;0;7;3;9;1;2;0;1;0;0;0;0;0
200523;11;12;12400617;2018;5;12;6;3;5;3;0;1;1;0;0;0;0;0
200524;11;11;11501238;2018;5;6;3;2;5;7;0;0;1;0;0;0;1;0
200525;11;10;10100312;2018;5;14;7;2;6;4;0;0;1;1;0;0;0;0
200526;11;1;1100206;2018;5;11;6;3;1;5;0;1;1;0;0;0;0;0
200527;11;4;4300414;2018;5;9;6;3;0;2;0;1;1;0;0;0;0;0
200528;11;2;2300315;2018;5;13;3;3;5;3;0;1;1;0;0;0;0;0
200529;11;9;9401534;2018;5;12;7;3;0;1;0;1;0;0;0;0;0;0
200530;11;1;1100102;2018;5;9;6;3;5;3;0;1;1;0;0;0;0;0
200531;11;9;9200819;2018;5;6;6;3;5;3;0;1;1;0;0;0;0;0
200532;11;6;6100209;2018;5;18;3;3;5;3;0;0;1;0;0;0;0;1
200533;11;6;6100207;2018;5;7;6;3;2;6;0;0;1;0;1;1;0;0
200534;11;7;7501134;2018;5;19;6;3;1;5;0;0;1;0;0;0;0;0
200535;11;4;4300620;2018;5;9;3;3;2;6;0;1;1;0;0;0;0;0
200536;11;5;5200629;2018;5;22;6;2;4;6;2;0;1;0;0;0;0;0
200537;11;9;9100409;2018;5;2;6;2;5;3;2;0;1;0;1;0;0;0
200538;11;12;12601133;2018;5;17;6;2;6;4;0;0;0;1;0;0;1;0
200539;11;1;1400942;2018;5;10;3;3;5;2;0;0;1;0;0;0;0;0
200540;11;1;1200517;2018;5;17;6;3;0;5;0;0;1;0;0;0;0;0
200541;11;6;6400838;2018;5;12;6;2;6;4;0;0;1;1;0;0;0;0
200542;11;11;11400931;2018;5;7;3;2;6;4;0;0;1;1;0;0;0;0
200543;11;8;8100105;2018;5;20;6;3;6;7;0;1;0;1;0;0;0;0
200544;11;3;3200207;2018;5;16;6;3;5;3;0;0;1;0;0;0;0;0
200545;11;5;5100316;2018;5;8;3;2;3;2;0;0;1;0;1;0;0;0
200546;11;3;3601449;2018;5;17;6;3;1;1;0;0;1;0;1;0;0;0
200547;11;10;10100312;2018;5;8;3;3;6;4;0;0;1;1;0;0;0;0
200548;11;12;12400619;2018;5;1;3;3;9;1;2;0;1;0;0;0;0;0
200549;11;12;12100205;2018;5;19;6;3;5;2;0;1;1;0;0;0;0;0
200550;11;9;9502043;2018;5;12;6;3;2;6;0;0;1;0;0;0;0;0
200551;11;6;6300634;2018;5;18;3;3;0;3;1;0;1;0;0;0;0;1
200552;11;1;1200517;2018;5;18;6;3;2;6;0;0;1;0;0;0;0;0
200553;11;11;11501340;2018;5;14;3;2;6;4;0;0;1;1;0;0;0;0
200554;11;8;8100417;2018;5;18;6;3;6;2;1;0;1;1;0;0;0;0
200555;11;3;3601244;2018;5;19;6;2;5;3;0;0;1;0;1;0;0;0
200556;11;1;1100310;2018;5;18;3;2;0;1;0;1;0;0;0;0;0;1
200557;11;6;6100209;2018;5;6;6;3;0;3;0;1;1;0;0;0;0;0
200558;11;12;12100205;2018;5;17;5;3;1;5;0;0;1;0;0;0;1;0
200559;11;1;1100207;2018;5;18;3;3;5;3;0;1;1;0;0;0;0;1
200560;11;11;11200513;2018;5;23;5;3;5;2;2;0;1;0;1;0;0;1
200561;11;11;11300722;2018;5;18;3;3;0;1;1;0;0;0;1;0;0;1
200562;11;1;1100313;2018;5;18;6;3;1;5;0;1;1;0;0;0;0;0
200563;11;8;8100310;2018;5;17;3;3;5;3;0;0;1;0;0;0;0;1
200564;11;1;1401046;2018;5;16;3;3;3;6;0;1;0;0;0;0;0;1
200565;11;7;7501133;2018;5;17;6;3;2;2;0;0;0;0;1;0;1;0
200566;11;11;11300619;2018;5;22;5;3;5;2;2;0;1;0;1;0;0;1
200567;11;5;5300737;2018;5;16;3;3;5;3;0;1;1;0;0;0;0;0
200568;11;11;11501340;2018;5;21;5;3;6;4;2;0;1;1;0;0;0;1
200569;11;1;1100416;2018;5;16;3;2;5;2;0;1;1;0;0;0;0;0
200570;11;5;5200420;2018;5;17;6;3;5;7;0;0;1;0;1;0;0;0
200571;11;4;4300620;2018;5;16;3;3;2;6;0;0;1;0;0;0;0;0
200572;11;4;4300624;2018;5;16;6;3;2;7;0;0;1;0;1;0;0;0
200573;11;8;8200727;2018;5;17;5;3;2;3;0;1;1;0;0;0;0;0
200574;11;3;3601346;2018;5;16;3;3;1;5;0;1;1;0;0;0;0;1
200575;11;4;4400725;2018;5;16;6;3;5;3;0;1;1;0;0;0;0;0
200576;11;10;10400941;2018;5;16;3;3;5;3;0;1;1;0;0;0;0;0
200577;11;6;6300633;2018;5;16;6;3;5;3;0;0;1;0;0;0;0;0
200578;11;2;2300316;2018;5;17;5;3;2;1;0;0;1;0;1;0;0;0
200579;11;9;9501939;2018;5;20;5;2;5;2;2;1;1;0;0;0;0;1
200580;11;11;11200411;2018;5;15;3;2;5;2;0;1;1;0;0;0;0;0
200581;11;12;12200515;2018;5;16;6;2;2;2;0;0;1;0;0;0;1;0
200582;11;2;2100102;2018;5;21;5;3;6;2;2;0;1;1;0;0;0;1
200583;11;3;3400619;2018;5;14;3;3;6;4;0;0;1;1;0;0;0;0
200584;11;3;3501037;2018;5;15;6;3;5;2;0;1;1;0;0;0;0;0
200585;11;11;11200514;2018;5;15;6;3;5;3;0;1;1;0;0;0;0;0
200586;11;10;10400940;2018;5;19;5;2;0;1;1;0;1;0;1;0;0;1
200587;11;9;9301126;2018;5;14;3;3;6;4;0;0;0;1;1;0;0;0
200588;11;10;10200420;2018;5;10;6;3;5;2;0;0;1;0;0;0;0;0
200589;11;4;4501148;2018;5;18;5;3;8;1;0;0;1;0;0;0;0;0
200590;11;7;7400824;2018;5;10;6;3;5;3;0;0;1;0;1;0;0;0
200591;11;4;4200308;2018;5;17;5;3;2;6;0;0;1;0;0;0;0;0
200592;11;1;1401049;2018;5;7;3;3;5;2;0;1;1;0;0;0;0;0
200593;11;2;2200208;2018;5;10;6;3;5;2;0;1;1;0;0;0;0;0
200594;11;3;3400620;2018;5;16;5;3;5;2;0;1;1;0;0;0;0;0
200595;11;1;1200520;2018;5;20;2;3;1;5;0;1;1;0;0;0;1;0
200596;11;6;6300525;2018;5;10;6;3;1;5;0;0;1;0;0;0;0;0
200597;11;5;5200630;2018;5;13;5;3;5;3;0;1;1;0;0;0;0;0
200598;11;6;6400840;2018;5;13;5;3;7;7;0;0;1;0;0;0;0;0
200599;11;12;12100102;2018;5;13;2;3;3;6;0;1;1;0;0;0;0;0
200600;11;1;1100415;2018;5;9;6;3;0;1;0;0;0;0;1;0;0;0
200601;11;8;8200623;2018;5;13;5;2;5;2;0;0;1;0;1;0;0;0
200602;11;11;11300723;2018;5;11;5;2;6;7;0;0;1;1;0;0;0;0
200603;11;2;2100103;2018;5;15;2;3;5;2;0;1;1;0;0;0;0;0
200604;11;8;8100417;2018;5;9;6;3;5;2;0;1;1;0;0;0;0;0
200605;11;1;1100308;2018;5;8;6;2;6;4;0;1;0;1;0;0;0;0
200606;11;7;7300517;2018;5;0;5;3;6;4;2;0;1;1;0;0;0;0
200607;11;1;1100101;2018;5;16;2;3;2;2;0;0;1;0;0;1;0;0
200608;11;1;1200628;2018;5;7;6;2;3;6;0;1;1;0;0;1;0;0
200609;11;12;12400619;2018;5;16;5;2;0;5;0;1;0;0;0;0;1;0
200610;11;3;3200309;2018;5;15;2;3;5;3;0;1;1;0;0;0;0;0
200611;11;10;10400940;2018;5;7;6;3;2;6;0;0;1;0;0;0;0;0
200612;11;2;2200210;2018;5;12;5;3;5;2;0;0;1;0;0;0;1;0
200613;11;8;8100415;2018;5;15;4;3;1;5;0;1;1;0;0;0;0;0
200614;11;4;4501041;2018;5;17;2;3;0;2;0;1;1;0;0;0;0;0
200615;11;6;6100101;2018;5;7;6;3;6;2;0;0;1;1;0;0;0;0
200616;11;5;5300841;2018;5;18;2;3;0;2;0;1;1;0;0;0;0;0
200617;11;3;3500934;2018;5;5;6;3;5;3;1;0;1;0;0;0;0;0
200618;11;1;1100313;2018;5;14;4;3;1;5;0;1;0;0;0;0;1;0
200619;11;5;5100316;2018;5;16;4;3;5;2;0;0;1;0;0;0;0;0
200620;11;7;7601339;2018;5;6;2;3;5;2;0;0;1;0;0;0;0;0
200621;11;3;3701660;2018;5;14;6;3;5;3;0;0;1;0;0;0;0;0
200622;11;6;6400841;2018;5;16;4;3;6;4;0;1;0;1;0;0;0;0
200623;11;6;6200422;2018;5;21;4;2;5;3;2;0;1;0;0;0;0;1
200624;11;6;6300528;2018;5;9;2;3;0;7;0;0;0;0;1;0;0;0
200625;11;5;5200632;2018;5;12;6;3;0;1;0;0;0;0;0;0;1;0
200626;11;12;12200309;2018;5;13;6;3;0;2;0;0;0;1;0;0;1;0
200627;11;1;1200520;2018;5;22;2;3;2;2;2;0;1;0;0;0;0;0
200628;11;1;1300834;2018;5;13;6;3;6;7;0;0;1;1;0;0;0;0
200629;11;11;11200411;2018;5;14;4;3;5;3;0;0;1;0;1;0;0;0
200630;11;4;4200207;2018;5;7;2;3;5;3;0;1;0;0;0;0;1;0
200631;11;6;6300528;2018;5;13;6;3;2;6;0;0;1;0;0;0;0;0
200632;11;12;12400723;2018;5;13;4;3;2;2;0;0;1;0;0;0;0;0
200633;11;6;6400841;2018;5;15;2;3;5;2;0;1;1;0;0;0;0;0
200634;11;12;12200307;2018;5;12;4;3;6;4;0;0;1;1;0;0;0;0
200635;11;12;12200412;2018;5;11;2;3;2;6;0;0;1;0;0;0;0;0
200636;11;11;11400929;2018;5;11;2;3;5;2;0;0;1;0;1;0;0;0
200637;11;4;4501041;2018;5;16;5;3;2;6;0;1;1;0;0;0;0;0
200638;11;5;5200630;2018;5;11;4;3;1;5;0;1;1;0;0;0;0;0
200639;11;4;4200311;2018;5;10;2;3;5;2;0;1;1;0;0;0;0;0
200640;11;6;6200317;2018;5;21;5;3;6;7;0;0;1;1;0;0;0;0
200641;11;1;1100308;2018;5;10;2;3;6;4;0;0;1;1;0;0;0;0
200642;11;4;4500939;2018;5;9;4;3;5;2;0;1;1;0;0;0;0;0
200643;11;2;2500832;2018;5;9;2;3;7;7;0;1;0;0;0;0;0;0
200644;11;5;5100210;2018;5;15;5;3;2;6;0;0;1;0;0;0;1;0
200645;11;6;6100103;2018;5;15;5;3;6;4;0;1;0;1;0;0;0;0
200646;11;1;1100103;2018;5;12;2;3;5;2;0;1;1;0;0;0;0;0
200647;11;1;1400939;2018;5;14;5;3;5;3;0;1;1;0;0;0;0;0
200648;11;3;3400619;2018;5;9;4;3;2;6;0;1;1;0;0;0;0;0
200649;11;5;5100101;2018;5;8;2;3;2;6;0;0;1;0;0;0;0;0
200650;11;2;2100102;2018;5;14;5;3;5;3;0;1;0;0;1;0;0;0
200651;11;9;9200715;2018;5;9;4;3;5;2;0;0;1;0;0;0;0;0
200652;11;1;1401045;2018;5;13;2;3;0;6;0;0;1;0;1;0;0;0
200653;11;3;3500932;2018;5;14;4;3;5;3;0;1;1;0;0;0;0;0
200654;11;7;7400823;2018;5;8;2;3;5;2;0;1;1;0;0;0;0;0
200655;11;4;4300622;2018;5;23;5;3;2;6;2;0;1;0;0;0;0;0
200656;11;8;8200622;2018;5;8;2;3;5;2;0;0;1;0;0;0;0;0
200657;11;1;1200628;2018;5;23;5;3;5;2;2;0;1;0;0;0;0;0
200658;11;10;10400835;2018;5;6;4;3;2;2;0;0;1;0;0;0;0;0
200659;11;1;1300835;2018;5;8;2;3;5;2;0;1;0;0;0;1;0;0
200660;11;8;8100206;2018;5;14;5;3;1;5;0;1;1;0;0;0;0;0
200661;11;9;9401329;2018;5;8;2;3;5;2;0;1;1;0;0;0;0;0
200662;11;4;4300620;2018;5;13;5;3;5;7;0;0;1;0;1;0;0;0
200663;11;7;7601339;2018;5;22;4;2;5;2;2;0;1;0;1;0;0;0
200664;11;4;4300412;2018;5;22;4;2;6;4;2;0;1;1;0;0;0;0
200665;11;2;2200209;2018;5;8;2;3;5;3;0;1;1;0;0;0;0;0
200666;11;1;1100416;2018;5;22;5;2;0;1;2;1;0;0;0;0;0;0
200667;11;1;1401044;2018;5;20;4;3;0;1;1;1;0;0;0;0;0;1
200668;11;9;9300920;2018;5;12;5;3;6;4;0;0;1;1;0;0;0;0
200669;11;4;4300624;2018;5;20;4;3;5;2;1;0;1;0;0;0;0;1
200670;11;3;3601245;2018;5;8;2;3;5;3;0;1;0;0;0;0;1;0
200671;11;8;8100311;2018;5;11;5;3;2;2;0;0;1;0;1;0;0;0
200672;11;3;3501037;2018;5;18;4;3;2;6;0;1;1;0;0;0;0;0
200673;11;7;7100103;2018;5;19;4;2;6;4;0;1;0;1;0;0;0;0
200674;11;3;3500934;2018;5;8;2;3;5;7;0;1;1;0;0;0;0;0
200675;11;6;6300634;2018;5;22;5;3;2;2;2;1;1;0;0;0;0;0
200676;11;5;5100104;2018;5;7;2;3;5;2;0;1;1;0;0;0;0;0
200677;11;8;8100418;2018;5;11;5;3;6;4;0;0;1;1;0;0;0;0
200678;11;2;2200209;2018;5;19;4;3;5;7;0;0;1;0;0;0;0;0
200679;11;5;5300737;2018;5;6;2;3;3;6;0;0;1;0;0;0;1;0
200680;11;1;1100308;2018;5;11;5;3;5;3;0;1;1;0;0;0;0;0
200681;11;10;10400837;2018;5;17;4;3;5;2;0;1;1;0;0;0;0;0
200682;11;11;11501340;2018;5;6;2;3;2;6;0;0;1;0;0;1;0;0
200683;11;10;10400941;2018;5;11;5;3;5;3;0;1;1;0;0;0;0;0
200684;11;5;5100103;2018;5;8;4;3;6;4;0;0;1;1;0;0;0;0
200685;11;12;12601031;2018;5;7;4;3;6;4;0;0;1;1;0;0;0;0
200686;11;11;11300617;2018;5;14;5;3;2;6;0;0;1;0;0;1;0;0
200687;11;1;1100102;2018;5;7;4;3;5;2;0;1;0;0;0;0;1;0
200688;11;7;7601442;2018;5;15;1;3;5;2;0;1;1;0;0;0;0;0
200689;11;3;3400723;2018;5;9;5;3;2;6;0;1;1;0;0;0;0;0
200690;11;2;2200210;2018;5;13;6;3;5;2;0;0;1;0;0;0;0;0
200691;11;12;12500825;2018;5;17;4;3;6;4;0;0;1;1;0;0;0;0
200692;11;7;7400721;2018;5;18;5;3;5;2;0;0;1;0;1;0;0;0
200693;11;1;1100102;2018;5;11;4;3;6;6;0;1;0;1;0;0;0;0
200694;11;7;7300516;2018;5;18;4;3;5;2;0;0;1;0;1;0;0;0
200695;11;8;8401244;2018;5;16;4;3;0;2;0;0;1;0;0;0;1;0
200696;11;7;7200307;2018;5;10;4;3;5;2;0;1;1;0;0;0;0;0
200697;11;12;12500930;2018;5;13;6;3;5;2;0;1;0;0;0;0;1;0
200698;11;12;12601235;2018;5;9;6;3;2;6;0;0;1;0;0;0;0;0
200699;11;10;10300734;2018;5;16;4;3;5;3;0;1;1;0;0;0;0;0
200700;11;3;3400724;2018;5;17;5;3;4;7;0;1;0;0;0;0;0;0
200701;11;1;1100102;2018;5;21;4;3;1;5;2;1;1;0;0;0;0;0
200702;11;1;1100308;2018;5;20;4;3;2;7;0;1;1;0;0;0;0;0
200703;11;10;10100312;2018;5;16;5;3;5;2;0;1;1;0;0;0;0;0
200704;11;4;4501150;2018;5;19;4;3;2;2;0;0;1;0;0;0;0;0
200705;11;1;1100104;2018;5;15;5;3;5;3;0;1;1;0;0;0;0;0
200706;11;4;4300621;2018;5;14;4;3;0;5;0;0;1;0;0;0;0;0
200707;11;3;3601243;2018;5;6;5;3;5;3;0;1;1;0;0;0;0;0
200708;11;5;5200526;2018;5;16;7;2;3;6;0;0;1;0;0;0;0;0
200709;11;2;2200213;2018;5;19;4;3;2;7;0;1;0;0;0;0;1;0
200710;11;10;10200627;2018;5;21;6;2;8;1;0;0;0;0;1;0;0;0
200711;11;12;12200414;2018;5;8;6;3;2;6;0;0;1;0;0;0;1;0
200712;11;11;11501339;2018;5;19;4;3;5;2;0;1;1;0;0;0;0;0
200713;11;1;1100310;2018;5;15;5;3;5;2;0;1;0;0;0;0;1;0
200714;11;2;2100104;2018;5;18;4;3;5;2;0;1;1;0;0;0;0;0
200715;11;3;3200204;2018;5;17;4;3;5;2;0;1;1;0;0;0;0;0
200716;11;2;2200211;2018;5;17;4;3;1;5;0;1;1;0;0;0;0;0
200717;11;4;4501149;2018;5;18;6;3;5;5;0;1;1;0;0;0;0;0
200718;11;4;4501040;2018;5;22;4;3;0;2;2;0;1;0;0;0;1;0
200719;11;9;9401534;2018;5;22;4;2;6;4;2;0;0;1;0;1;0;0
200720;11;7;7300516;2018;5;17;6;3;5;2;0;1;1;0;0;0;0;0
200721;11;5;5100317;2018;5;10;5;3;6;7;0;1;0;1;0;0;0;0
200722;11;7;7300516;2018;5;18;4;3;0;1;0;1;0;0;0;0;0;0
200723;11;11;11400929;2018;5;15;4;3;0;4;0;0;0;1;0;0;1;0
200724;11;11;3601450;2018;5;15;4;3;5;3;0;1;0;0;0;0;1;0
200725;11;11;11100308;2018;5;15;4;3;5;3;0;1;1;0;0;0;0;0
200726;11;9;9501736;2018;5;16;4;3;0;3;0;1;1;0;0;0;0;0
200727;11;3;3601348;2018;5;15;6;3;5;3;0;0;1;0;0;0;0;0
200728;11;6;6400839;2018;5;16;4;3;1;5;0;1;0;0;0;0;1;0
200729;11;3;2400520;2018;5;19;5;3;2;6;0;0;1;0;1;0;0;0
200730;11;2;2400623;2018;5;16;4;3;5;2;0;1;1;0;0;0;0;0
200731;11;12;12200412;2018;5;15;4;3;6;2;0;0;1;1;0;0;0;0
200732;11;2;2500729;2018;5;20;5;3;1;5;1;1;0;0;0;0;1;0
200733;11;2;2300316;2018;5;15;4;3;5;2;0;1;1;0;0;0;0;0
200734;11;3;3400723;2018;5;15;4;3;5;3;0;0;1;0;0;0;1;0
200735;11;1;1100102;2018;5;15;4;3;3;6;0;0;1;0;1;0;0;0
200736;11;12;12400619;2018;5;16;4;2;5;3;0;0;1;0;1;0;0;0
200737;11;9;9100407;2018;5;14;5;3;2;6;0;0;0;0;1;0;1;0
200738;11;10;10100104;2018;5;16;4;2;5;3;0;1;1;0;0;0;0;0
200739;11;8;8100521;2018;5;12;6;3;5;3;0;0;1;0;1;0;0;0
200740;11;12;12400616;2018;5;15;4;2;5;3;0;1;1;0;0;0;0;0
200741;11;9;9100408;2018;5;20;5;3;5;3;0;1;1;0;0;0;0;0
200742;11;2;2500836;2018;5;15;4;2;5;2;0;1;1;0;0;0;0;0
200743;11;5;5300839;2018;5;14;5;3;5;3;0;0;1;0;0;0;0;0
200744;11;2;2400623;2018;5;15;4;2;5;2;0;0;1;0;0;0;0;0
200745;11;1;1100102;2018;5;5;5;3;5;2;0;1;0;0;1;0;0;0
200746;11;11;11200410;2018;5;17;4;2;6;4;0;0;1;1;0;0;0;0
200747;11;5;5100315;2018;5;23;6;3;1;1;2;0;1;0;0;0;1;0
200748;11;4;4500936;2018;5;18;5;3;6;2;0;0;1;1;0;0;0;0
200749;11;7;7501029;2018;5;7;4;3;5;3;0;0;1;0;0;0;0;0
200750;11;6;6100210;2018;5;7;4;3;5;2;0;1;1;0;0;0;0;0