OBJECTID;LAND;BEZ;LOR_ab_2021;UJAHR;UMONAT;USTUNDE;UWOCHENTAG;UKATEGORIE;UART;UTYP1;ULICHTVERH;IstRad;IstPKW;IstFuss;IstKrad;IstGkfz;IstSonstige;USTRZUSTAND
201082;11;7;7300517;2018;5;8;2;3;5;2;0;1;1;0;0;0;0;0
201083;11;6;6100206;2018;5;8;2;3;2;6;0;0;1;0;1;0;0;0
201084;11;9;9200819;2018;5;7;5;3;0;2;0;1;1;0;0;0;0;0
201085;11;10;10200628;2018;5;20;3;2;5;3;0;1;1;0;0;0;0;0
201086;11;6;6100102;2018;5;7;2;3;0;1;0;0;0;0;1;0;0;1
201087;11;3;3601243;2018;5;7;5;3;2;3;0;1;1;0;0;0;0;0
201088;11;11;11300617;2018;5;14;3;3;5;3;0;1;1;0;0;0;0;0
201089;11;9;9200614;2018;5;7;5;3;5;3;0;0;1;0;1;0;0;0
201090;11;1;1401046;2018;5;7;5;3;6;4;0;0;1;1;0;0;0;0
201091;11;4;4300414;2018;5;8;2;3;5;2;0;1;1;0;0;0;0;0
201092;11;5;5300838;2018;5;15;3;3;0;7;0;1;0;0;0;0;0;0
201093;11;7;7400927;2018;5;7;5;3;5;3;0;1;0;0;0;0;1;0
201094;11;2;2400625;2018;5;6;2;2;5;3;0;1;1;0;0;0;0;0
201095;11;12;12200515;2018;5;14;5;3;5;3;0;0;1;0;0;0;0;0
201096;11;4;4400834;2018;5;5;2;3;5;2;0;1;1;0;0;0;0;0
201097;11;1;1100102;2018;5;8;2;3;3;6;0;1;1;0;0;0;0;0
201098;11;8;8100312;2018;5;2;5;3;5;2;2;1;1;0;0;0;0;0
201099;11;8;8100521;2018;5;16;3;3;0;1;0;0;1;0;0;0;0;0
201100;11;1;1300730;2018;5;12;2;1;5;3;0;0;1;0;1;0;0;0
201101;11;8;8100311;2018;5;1;5;3;5;3;2;1;1;0;0;0;0;0
201102;11;3;3300514;2018;5;13;3;3;5;2;0;0;1;0;1;0;0;0
201103;11;10;10400938;2018;5;14;5;2;5;3;0;0;1;0;1;0;0;0
201104;11;11;11300721;2018;5;15;5;3;2;6;0;0;1;0;0;0;1;0
201105;11;9;9300920;2018;5;7;1;3;1;5;0;1;0;0;0;1;0;0
201106;11;5;5100316;2018;5;11;5;3;5;2;0;0;1;0;1;0;0;0
201107;11;4;4500937;2018;5;9;1;3;1;5;0;1;1;0;0;0;0;0
201108;11;1;1100309;2018;5;11;5;3;5;2;0;1;1;0;0;0;0;0
201109;11;1;1401044;2018;5;17;3;3;2;7;0;0;1;0;1;0;0;0
201110;11;1;1200629;2018;5;13;1;3;5;2;0;1;1;0;0;0;0;0
201111;11;3;3300517;2018;5;10;5;3;5;2;0;1;1;0;0;0;0;0
201112;11;4;4400830;2018;5;18;3;3;5;2;0;1;1;0;0;0;0;0
201113;11;2;2200208;2018;5;10;5;3;0;2;0;1;0;0;0;1;0;0
201114;11;8;8100311;2018;5;9;5;3;5;2;0;1;1;0;0;0;0;0
201115;11;7;7601340;2018;5;12;3;2;5;7;0;0;1;0;1;0;0;0
201116;11;5;5100211;2018;5;8;5;3;5;2;0;0;1;0;0;0;0;0
201117;11;7;7100103;2018;5;8;5;3;5;2;0;1;1;0;0;0;0;0
201118;11;3;3200308;2018;5;15;1;3;1;1;0;0;1;0;1;0;0;1
201119;11;2;2300315;2018;5;8;5;3;5;2;0;1;1;0;0;0;0;0
201120;11;7;7100102;2018;5;15;1;3;5;3;0;0;1;0;0;0;0;0
201121;11;9;9401329;2018;5;8;5;2;5;3;0;1;1;0;0;0;0;0
201122;11;3;3500936;2018;5;17;3;3;0;7;0;1;0;0;0;0;0;0
201123;11;2;2200210;2018;5;11;5;3;0;1;0;1;0;0;0;0;0;0
201124;11;2;2100104;2018;5;15;4;3;5;3;0;1;1;0;0;0;0;0
201125;11;9;9501940;2018;5;2;3;3;0;7;2;0;1;0;0;0;1;0
201126;11;4;4300622;2018;5;11;4;3;5;2;0;1;1;0;0;0;0;0
201127;11;12;12200515;2018;5;16;1;3;5;7;0;0;1;0;0;0;0;1
201128;11;1;1100310;2018;5;10;4;3;2;7;0;1;1;0;0;0;0;0
201129;11;8;8100417;2018;5;18;4;3;6;2;0;0;1;1;0;0;0;0
201130;11;9;9200510;2018;5;7;3;3;2;6;0;0;1;0;0;0;1;0
201131;11;10;10100312;2018;5;8;4;3;5;2;0;0;0;0;0;0;1;0
201132;11;2;2400623;2018;5;19;4;3;5;2;0;1;0;0;1;0;0;0
201133;11;2;2100102;2018;5;16;1;3;6;4;0;1;0;1;0;0;0;0
201134;11;1;1100206;2018;5;19;4;3;5;2;0;1;1;0;0;0;0;0
201135;11;7;7400720;2018;5;14;4;3;2;6;0;0;0;0;1;0;1;1
201136;11;7;7501133;2018;5;0;1;3;5;3;2;0;1;0;0;0;0;0
201137;11;4;4300619;2018;5;17;4;2;5;2;0;1;1;0;0;0;0;0
201138;11;6;6300526;2018;5;9;3;2;6;2;0;0;1;1;0;0;0;0
201139;11;7;7300516;2018;5;17;4;3;0;4;0;1;0;1;0;0;0;0
201140;11;1;1200628;2018;5;17;4;3;5;2;0;1;1;0;0;0;0;0
201141;11;5;5100206;2018;5;7;2;2;3;6;0;0;1;0;1;0;0;0
201142;11;8;8200832;2018;5;17;4;2;6;4;0;0;1;1;0;0;0;0
201143;11;1;1100309;2018;5;18;1;3;1;1;0;1;1;0;0;0;0;0
201144;11;7;7300619;2018;5;19;1;3;5;3;0;0;1;0;1;0;0;0
201145;11;11;11300618;2018;5;17;4;2;5;2;0;1;1;0;0;0;0;0
201146;11;4;4501045;2018;5;20;3;3;5;3;0;1;1;0;0;0;0;0
201147;11;8;8100206;2018;5;19;1;3;6;4;0;0;1;1;0;0;0;0
201148;11;4;4200308;2018;5;16;4;3;5;3;0;0;1;0;0;0;0;0
201149;11;8;8100314;2018;5;18;3;3;6;7;0;1;0;1;0;0;0;0
201150;11;8;8100415;2018;5;20;1;3;5;3;0;1;1;0;0;0;0;0
201151;11;11;11300724;2018;5;16;4;3;5;2;0;1;0;0;0;0;1;0
201152;11;1;1300834;2018;5;10;3;2;5;3;0;1;0;0;0;0;1;0
201153;11;1;1100104;2018;5;16;4;3;5;2;0;0;1;0;0;0;0;0
201154;11;1;1400938;2018;5;14;1;3;1;5;0;1;1;0;0;0;1;0
201155;11;8;8100209;2018;5;16;4;3;5;3;0;0;1;0;0;0;1;0
201156;11;1;1401048;2018;5;18;1;2;5;3;0;1;1;0;0;0;0;0
201157;11;3;3300413;2018;5;10;1;3;8;1;0;0;1;0;0;0;0;0
201158;11;2;2200208;2018;5;16;4;3;3;6;0;1;1;0;0;0;0;0
201159;11;2;2200209;2018;5;18;3;3;5;5;0;1;1;0;0;0;0;0
201160;11;4;4501042;2018;5;15;4;3;6;4;0;0;0;1;0;0;1;0
201161;11;5;5200528;2018;5;6;3;3;3;6;0;0;1;0;1;0;0;0
201162;11;9;9200510;2018;5;15;4;3;5;2;0;0;1;0;0;1;0;0
201163;11;3;3601245;2018;5;11;1;3;0;1;0;1;0;0;0;0;0;0
201164;11;1;1200626;2018;5;8;4;3;5;3;0;1;1;0;0;0;0;0
201165;11;6;6300634;2018;5;12;3;2;5;2;0;1;1;0;0;0;0;0
201166;11;10;10100311;2018;5;8;4;3;2;2;0;1;1;0;0;0;0;0
201167;11;11;11200514;2018;5;8;4;3;1;5;0;1;1;0;0;0;0;0
201168;11;1;1100103;2018;5;15;1;3;2;6;0;0;1;0;0;0;0;0
201169;11;10;10100311;2018;5;15;1;3;5;3;0;0;1;0;0;0;0;1
201170;11;9;9200715;2018;5;8;4;3;5;2;0;0;1;0;0;0;0;0
201171;11;1;1300733;2018;5;15;3;3;2;6;0;0;1;0;0;0;0;0
201172;11;11;11401137;2018;5;8;4;3;5;2;0;1;1;0;0;0;0;0
201173;11;3;3701554;2018;5;8;4;3;5;3;0;1;1;0;0;0;0;0
201174;11;4;4300414;2018;5;9;3;3;0;1;0;1;0;0;0;0;0;0
201175;11;11;11501339;2018;5;7;4;3;6;4;0;0;1;1;0;0;0;0
201176;11;4;4200311;2018;5;6;4;3;2;6;0;0;1;0;0;0;0;0
201177;11;12;12400619;2018;5;16;1;2;9;1;0;1;0;0;0;0;0;0
201178;11;1;1300835;2018;5;6;4;3;5;2;0;1;1;0;0;0;0;0
201179;11;1;1100207;2018;5;19;4;2;5;3;0;1;0;0;0;0;0;0
201180;11;11;11100307;2018;5;13;7;2;2;6;0;1;0;0;0;0;1;0
201181;11;2;2400623;2018;5;5;4;3;5;3;0;0;1;0;0;0;1;0
201182;11;12;12100204;2018;5;0;7;3;1;5;2;0;1;0;0;0;0;0
201183;11;3;3300517;2018;5;4;4;3;7;7;1;0;0;0;1;0;0;0
201184;11;3;3601245;2018;5;18;3;2;3;6;0;1;0;0;0;1;0;0
201185;11;2;2400625;2018;5;0;4;2;0;1;1;1;0;0;0;0;0;0
201186;11;1;1100205;2018;5;19;4;3;5;2;0;1;0;0;0;0;1;0
201187;11;4;4100101;2018;5;7;3;2;5;2;0;0;1;0;0;0;0;0
201188;11;1;1401049;2018;5;23;4;3;2;6;2;0;1;0;0;0;0;0
201189;11;11;11400931;2018;5;22;4;3;5;3;2;1;0;0;1;0;0;0
201190;11;8;8100419;2018;5;21;7;3;5;3;1;0;1;0;0;0;0;0
201191;11;8;8100209;2018;5;20;4;3;1;5;1;1;1;0;0;0;0;0
201192;11;8;8401243;2018;5;19;3;3;5;7;0;0;0;0;1;0;1;0
201193;11;8;8100417;2018;5;20;7;3;2;6;0;0;1;0;0;0;0;0
201194;11;6;6400737;2018;5;20;4;3;6;4;0;0;1;1;0;0;0;0
201195;11;1;1100309;2018;5;15;3;3;6;4;0;0;1;1;0;0;0;0
201196;11;1;1200519;2018;5;20;4;3;2;3;0;0;1;0;1;0;0;0
201197;11;2;2200208;2018;5;20;7;2;5;3;0;1;1;0;0;0;0;0
201198;11;1;1200623;2018;5;0;4;3;0;6;2;1;1;0;0;0;0;0
201199;11;9;9501737;2018;5;8;3;3;1;5;0;1;0;0;0;1;0;0
201200;11;9;9501838;2018;5;14;4;3;4;1;0;0;1;0;1;0;0;0
201201;11;1;1300836;2018;5;13;4;3;5;2;0;0;1;0;1;0;0;0
201202;11;5;5300841;2018;5;11;2;3;2;6;0;0;1;0;0;0;0;0
201203;11;4;4400727;2018;5;13;4;3;1;5;0;1;1;0;0;0;0;0
201204;11;7;7601544;2018;5;19;7;2;1;5;0;1;1;0;0;0;0;0
201205;11;7;7300517;2018;5;19;7;3;5;3;0;1;1;0;0;0;0;0
201206;11;7;7300516;2018;5;12;4;3;0;3;0;1;0;0;0;0;1;0
201207;11;9;9200510;2018;5;21;3;3;6;7;1;0;1;1;0;0;0;0
201208;11;11;11400927;2018;5;18;7;3;3;6;0;1;1;0;0;0;0;0
201209;11;4;4200311;2018;5;11;4;3;5;7;0;0;0;0;0;1;1;0
201210;11;1;1100313;2018;5;14;3;3;5;2;0;0;1;0;0;0;0;0
201211;11;4;4501150;2018;5;11;4;3;5;2;0;1;1;0;0;0;0;0
201212;11;9;9401534;2018;5;6;4;3;0;2;0;1;1;0;0;0;0;0
201213;11;3;3200309;2018;5;10;7;3;5;3;0;0;1;0;1;0;0;0
201214;11;5;5100317;2018;5;17;7;2;1;5;0;0;1;0;1;0;0;0
201215;11;2;2200212;2018;5;8;7;3;0;7;0;0;1;0;1;0;0;0
201216;11;8;8300935;2018;5;9;4;3;6;2;0;0;1;1;0;0;0;0
201217;11;5;5200420;2018;5;12;7;3;2;6;0;0;1;0;0;0;0;0
201218;11;5;5300840;2018;5;17;7;3;1;7;0;0;1;0;0;1;0;0
201219;11;2;2500833;2018;5;8;4;3;3;2;0;1;1;0;0;0;0;0
201220;11;7;7601339;2018;5;19;3;3;5;2;0;0;1;0;0;0;0;0
201221;11;4;4300413;2018;5;5;7;3;5;5;1;1;1;0;0;0;0;0
201222;11;7;7400720;2018;5;14;4;3;1;1;0;1;1;0;0;0;0;1
201223;11;4;4300414;2018;5;12;3;3;2;6;0;0;1;0;1;0;0;0
201224;11;9;9200716;2018;5;14;4;3;5;3;0;1;0;0;0;0;1;1
201225;11;11;11300722;2018;5;11;4;2;5;3;0;1;0;0;0;0;1;0
201226;11;8;8100311;2018;5;0;7;3;3;6;2;0;1;0;0;0;1;0
201227;11;2;2500836;2018;5;2;7;2;1;1;2;1;1;0;0;0;0;0
201228;11;9;9200511;2018;5;11;4;2;0;3;0;0;1;0;1;0;0;0
201229;11;6;6300629;2018;5;19;3;3;5;2;0;0;1;0;1;0;0;0
201230;11;1;1300733;2018;5;9;4;2;2;6;0;0;1;0;1;0;0;0
201231;11;4;4200311;2018;5;14;4;2;3;6;0;0;1;0;0;1;0;0
201232;11;3;3400724;2018;5;8;3;3;2;6;0;0;1;0;0;0;0;0
201233;11;1;1300730;2018;5;14;4;3;5;2;0;0;1;0;0;0;0;1
201234;11;1;1100101;2018;5;18;3;3;5;2;0;1;1;0;0;0;0;0
201235;11;1;1100101;2018;5;12;4;2;5;2;0;0;1;0;0;0;0;0
201236;11;1;1100206;2018;5;11;3;3;5;2;0;1;1;0;0;0;0;0
201237;11;12;12200515;2018;5;12;4;2;6;4;0;0;1;1;0;0;0;0
201238;11;1;1200628;2018;5;14;4;3;5;2;0;0;1;0;0;0;0;0
201239;11;11;11401135;2018;5;10;7;3;5;2;0;0;1;0;1;0;0;0
201240;11;8;8100104;2018;5;15;4;3;2;6;0;0;1;0;0;0;0;1
201241;11;1;1300834;2018;5;17;7;2;5;3;0;1;1;0;0;0;0;0
201242;11;1;1200628;2018;5;9;4;2;0;6;0;0;1;0;0;0;1;0
201243;11;9;9200819;2018;5;19;3;2;5;3;0;1;1;0;0;0;0;0
201244;11;5;5100103;2018;5;9;4;3;2;2;0;0;1;0;0;0;0;0
201245;11;1;1100310;2018;5;8;3;2;5;3;0;1;0;0;1;0;0;0
201246;11;11;11200513;2018;5;12;4;2;0;1;0;1;0;0;0;0;0;0
201247;11;12;12100204;2018;5;12;7;2;5;3;0;0;1;0;0;0;1;0
201248;11;5;5200634;2018;5;2;7;2;4;6;2;0;1;0;0;0;0;0
201249;11;2;2100102;2018;6;18;5;3;5;2;0;1;1;0;0;0;0;0
201250;11;1;1100206;2018;6;20;5;3;0;3;0;1;1;0;0;0;0;0
201251;11;9;9200715;2018;6;11;3;3;5;3;0;0;1;0;0;0;0;0
201252;11;10;10100208;2018;6;20;5;3;5;3;1;1;1;0;0;0;0;0
201253;11;4;4300623;2018;6;11;3;3;3;6;0;1;1;0;0;0;0;0
201254;11;12;12100205;2018;6;11;3;3;1;7;0;0;0;0;0;1;1;0
201255;11;2;2200207;2018;6;21;5;3;5;2;1;0;1;0;0;0;0;0
201256;11;9;9200613;2018;6;10;3;3;5;3;0;1;1;0;0;0;0;0
201257;11;9;9100306;2018;6;18;5;2;5;3;0;0;0;0;1;0;1;0
201258;11;1;1400942;2018;6;10;3;3;2;6;0;0;1;0;0;0;1;0
201259;11;2;2200209;2018;6;15;5;3;5;2;0;1;1;0;0;0;0;0
201260;11;8;8100209;2018;6;21;3;3;5;3;1;0;1;0;0;0;0;0
201261;11;2;2200210;2018;6;8;3;3;5;5;0;0;1;0;1;0;0;0
201262;11;1;1200628;2018;6;16;5;3;3;6;0;1;1;0;0;1;0;0
201263;11;1;1100205;2018;6;8;3;3;3;2;0;1;0;0;1;0;0;0
201264;11;1;1300835;2018;6;21;3;2;2;7;2;0;1;0;1;0;0;0
201265;11;2;2300314;2018;6;16;5;3;2;1;0;1;1;0;1;0;0;0
201266;11;1;1300836;2018;6;8;3;3;3;6;0;1;1;0;0;0;0;0
201267;11;10;10100311;2018;6;16;5;3;5;2;0;1;1;0;0;0;0;0
201268;11;11;11300723;2018;6;8;3;3;4;6;0;1;1;0;0;0;0;0
201269;11;5;5300840;2018;6;8;3;3;5;2;0;1;1;0;0;0;0;0
201270;11;12;12200515;2018;6;15;5;3;0;4;0;0;0;1;0;0;1;0
201271;11;5;5200528;2018;6;7;3;2;5;2;0;1;1;0;0;0;0;0
201272;11;4;4200311;2018;6;15;5;3;5;7;0;0;1;0;1;0;0;0
201273;11;6;6200315;2018;6;7;3;3;2;7;0;1;1;0;0;0;0;0
201274;11;7;7501029;2018;6;15;5;2;1;5;0;1;1;0;0;0;0;0
201275;11;1;1100416;2018;6;7;3;2;5;3;0;1;1;0;0;0;0;0
201276;11;3;3601449;2018;6;7;3;3;5;2;0;0;1;0;0;0;0;0
201277;11;4;4300416;2018;6;23;5;3;5;3;2;0;1;0;1;0;0;0
201278;11;9;9200715;2018;6;17;2;3;1;5;1;1;1;0;0;0;1;0
201279;11;2;2500835;2018;6;9;2;3;2;3;0;1;1;0;0;0;0;0
201280;11;7;7300517;2018;6;15;5;3;0;2;0;0;0;0;1;0;1;0
201281;11;1;1200624;2018;6;18;2;3;3;6;0;0;1;0;1;0;0;0
201282;11;4;4501153;2018;6;15;5;3;5;2;0;1;1;0;0;0;0;0
201283;11;7;7601546;2018;6;15;5;3;5;2;0;1;1;0;0;0;0;0
201284;11;1;1100102;2018;6;14;2;3;6;4;0;0;1;1;0;0;0;0
201285;11;11;11401136;2018;6;14;5;3;1;5;0;1;0;0;0;0;1;0
201286;11;6;6100101;2018;6;13;5;3;2;6;0;0;1;0;0;0;0;0
201287;11;9;9100304;2018;6;7;2;3;6;2;0;0;1;1;0;0;0;0
201288;11;12;12500926;2018;6;18;2;3;6;4;0;0;1;1;0;0;0;0
201289;11;10;10300734;2018;6;13;5;3;5;2;0;0;1;0;1;0;0;0
201290;11;1;1200517;2018;6;18;2;3;5;2;0;0;1;0;0;0;0;0
201291;11;6;6200420;2018;6;11;5;3;2;6;0;0;1;0;0;0;0;0
201292;11;3;3601449;2018;6;11;5;3;2;6;0;0;1;0;0;0;0;0
201293;11;3;3501038;2018;6;18;2;3;1;5;0;1;1;0;0;0;0;0
201294;11;10;10200418;2018;6;11;5;3;5;2;0;0;1;0;0;0;0;0
201295;11;1;1401044;2018;6;11;5;3;5;3;0;0;1;0;0;0;0;0
201296;11;8;8100207;2018;6;18;2;3;2;6;0;0;0;0;1;0;1;0
201297;11;9;9300920;2018;6;20;5;3;0;1;0;0;0;0;1;0;0;0
201298;11;1;1100207;2018;6;18;2;3;1;5;0;1;1;0;0;0;0;0
201299;11;1;1300835;2018;6;20;5;2;0;1;0;0;0;0;1;0;0;0
201300;11;9;9200511;2018;6;19;2;3;6;4;0;0;1;1;0;0;0;0
201301;11;4;4300622;2018;6;20;5;3;0;7;0;1;0;0;0;0;0;0
201302;11;4;4501146;2018;6;19;2;3;6;4;0;0;1;1;0;0;0;0
201303;11;7;7100102;2018;6;11;5;3;0;1;0;1;0;0;0;0;0;0
201304;11;4;4501040;2018;6;20;2;3;5;2;0;1;1;0;0;0;0;0
201305;11;8;8100520;2018;6;10;5;3;6;2;0;0;1;1;0;0;0;0
201306;11;7;7100103;2018;6;9;5;3;6;4;0;0;1;1;0;0;0;0
201307;11;8;8100105;2018;6;20;2;2;0;7;0;1;0;0;0;0;0;0
201308;11;10;10100312;2018;6;9;5;3;6;2;0;0;1;1;0;0;0;0
201309;11;5;5100317;2018;6;9;5;3;2;6;0;0;1;0;0;0;0;0
201310;11;4;4300517;2018;6;20;2;2;8;1;0;0;0;0;0;0;1;0
201311;11;3;3500932;2018;6;9;5;3;0;2;0;1;1;0;0;0;0;0
201312;11;9;9401432;2018;6;7;2;3;5;3;0;1;1;0;0;0;0;0
201313;11;2;2300316;2018;6;23;2;3;1;5;2;1;1;0;0;0;0;0
201314;11;11;11501340;2018;6;9;5;3;5;3;0;0;1;0;1;0;0;0
201315;11;4;4400833;2018;6;18;2;3;5;7;0;1;1;0;0;0;0;0
201316;11;4;4300622;2018;6;8;5;3;2;6;0;0;1;0;0;0;0;0
201317;11;12;12400722;2018;6;7;5;3;5;3;0;0;1;0;0;0;0;0
201318;11;4;4100102;2018;6;17;2;3;5;3;0;0;1;0;0;1;0;0
201319;11;3;3400724;2018;6;7;5;3;6;4;0;0;1;1;0;0;0;0
201320;11;1;1200520;2018;6;17;2;2;5;3;0;1;0;0;0;0;1;0
201321;11;4;4300413;2018;6;7;5;3;5;3;0;1;1;0;0;0;0;0
201322;11;12;12100205;2018;6;17;2;3;5;2;0;1;0;0;0;0;1;0
201323;11;9;9200715;2018;6;17;2;3;5;2;0;0;0;0;1;0;0;0
201324;11;5;5300736;2018;6;7;5;2;5;7;0;0;1;0;0;0;0;0
201325;11;1;1200517;2018;6;17;2;3;1;5;0;0;1;0;1;0;0;0
201326;11;5;5200634;2018;6;16;2;3;2;6;0;0;1;0;0;0;0;0
201327;11;3;3300411;2018;6;6;5;3;5;2;0;1;1;0;0;0;0;0
201328;11;2;2100101;2018;6;16;2;3;5;3;0;0;1;0;0;0;0;0
201329;11;2;2100101;2018;6;19;5;3;0;6;0;1;0;0;0;0;1;0
201330;11;9;9301025;2018;6;17;2;3;5;2;0;1;1;0;0;0;0;0
201331;11;7;7200307;2018;6;2;5;3;3;6;2;0;1;0;0;0;0;0
201332;11;11;11300722;2018;6;16;2;3;5;2;0;0;1;0;0;0;0;0
201333;11;2;2500833;2018;6;16;2;3;1;5;0;1;1;0;0;0;0;0
201334;11;2;2200208;2018;6;0;5;3;5;3;2;0;1;0;0;0;0;0
201335;11;7;7100204;2018;6;16;2;2;5;2;0;1;0;0;0;0;0;0
201336;11;12;12200309;2018;6;16;2;3;2;7;0;0;1;0;1;0;0;0
201337;11;5;5200422;2018;6;18;5;2;6;4;0;0;1;1;0;0;0;0
201338;11;11;11300826;2018;6;16;2;3;5;7;0;0;1;0;1;0;0;0
201339;11;4;4300620;2018;6;15;2;3;2;2;0;1;1;0;0;0;0;0
201340;11;1;1100101;2018;6;6;5;3;5;3;0;1;0;0;0;0;1;0
201341;11;12;12200412;2018;6;15;2;3;5;3;0;0;1;0;0;0;0;0
201342;11;1;1400942;2018;6;11;4;3;5;2;0;1;1;0;0;0;0;0
201343;11;2;2500836;2018;6;19;4;3;5;7;0;1;0;0;0;0;0;0
201344;11;1;1100310;2018;6;15;2;2;2;2;0;1;1;0;0;0;0;0
201345;11;5;5200419;2018;6;15;2;3;5;3;0;0;1;0;0;0;0;0
201346;11;12;12100204;2018;6;9;4;3;5;2;0;1;1;0;0;0;0;0
201347;11;7;7400720;2018;6;15;2;3;1;5;0;1;1;0;0;0;0;0
201348;11;2;2500835;2018;6;9;4;3;5;2;0;1;1;0;0;0;0;0
201349;11;1;1100102;2018;6;8;4;3;0;2;0;1;1;0;0;0;0;0
201350;11;1;1401046;2018;6;15;2;2;5;2;0;0;1;0;1;0;0;0
201351;11;9;9200715;2018;6;5;4;3;5;2;0;1;1;0;0;0;0;0
201352;11;3;3601243;2018;6;8;4;3;1;5;0;1;0;0;0;0;1;0
201353;11;7;7300517;2018;6;15;2;3;1;5;0;0;1;0;0;0;0;0
201354;11;1;1100206;2018;6;8;4;3;1;5;0;1;1;0;0;0;1;0
201355;11;8;8100520;2018;6;8;4;3;5;2;0;1;1;0;0;0;0;0
201356;11;6;6100103;2018;6;14;2;3;5;3;0;1;1;0;0;0;0;0
201357;11;2;2300419;2018;6;8;4;3;5;7;0;1;1;0;0;0;0;0
201358;11;11;11501339;2018;6;14;2;3;5;2;0;0;1;0;0;0;1;0
201359;11;7;7200307;2018;6;8;4;3;5;2;0;1;1;0;0;0;0;0
201360;11;1;1400937;2018;6;13;2;3;0;7;0;1;1;0;0;0;0;0
201361;11;10;10100312;2018;6;9;4;3;2;2;0;1;1;0;0;0;0;0
201362;11;5;5100211;2018;6;19;4;3;5;2;0;1;1;0;0;0;0;0
201363;11;6;6400735;2018;6;13;2;3;5;3;0;1;0;0;0;0;1;0
201364;11;11;11100204;2018;6;19;4;3;5;2;0;0;1;0;1;0;0;0
201365;11;9;9100304;2018;6;12;2;2;5;7;0;0;1;0;1;0;0;0
201366;11;6;6100208;2018;6;19;4;3;0;1;0;0;0;0;1;0;0;0
201367;11;6;6200313;2018;6;11;2;3;0;3;0;1;0;0;1;0;0;0
201368;11;1;1100207;2018;6;11;2;3;5;2;0;1;1;0;0;0;0;0
201369;11;12;12100102;2018;6;19;4;3;5;3;0;1;0;0;0;0;1;0
201370;11;7;7400927;2018;6;19;4;3;1;5;0;1;1;0;0;0;0;0
201371;11;5;5200629;2018;6;11;2;3;5;2;0;1;1;0;0;0;0;0
201372;11;3;3300516;2018;6;20;4;2;2;6;0;0;1;0;0;0;0;0
201373;11;1;1401045;2018;6;10;2;2;5;3;0;1;1;0;0;0;0;0
201374;11;3;3501037;2018;6;20;4;3;5;3;1;1;1;0;0;0;0;0
201375;11;2;2300417;2018;6;10;2;3;0;7;0;0;1;1;0;0;1;0
201376;11;3;3601348;2018;6;21;4;3;5;3;1;1;1;0;0;0;0;0
201377;11;2;2400623;2018;6;22;4;3;0;5;2;1;1;0;0;0;0;0
201378;11;1;1300835;2018;6;8;2;3;6;4;0;0;1;1;0;0;0;0
201379;11;1;1100207;2018;6;17;4;3;0;1;0;1;0;0;0;0;0;0
201380;11;6;6100205;2018;6;7;2;3;1;5;0;1;1;0;0;0;0;0
201381;11;10;10100313;2018;6;7;2;3;0;7;0;0;0;0;1;0;0;1
201382;11;4;4300623;2018;6;17;4;3;5;3;0;1;1;0;0;0;0;0
201383;11;4;4400726;2018;6;12;2;3;5;3;0;0;0;0;1;0;1;0
201384;11;5;5200527;2018;6;18;1;3;5;3;0;0;1;0;1;0;0;0
201385;11;6;6400737;2018;6;16;4;2;5;3;0;1;0;0;0;0;0;0
201386;11;4;4501042;2018;6;14;1;3;6;4;0;0;1;1;0;0;0;0
201387;11;3;3701555;2018;6;21;4;3;0;1;0;0;0;0;1;0;0;0
201388;11;1;1400938;2018;6;16;4;2;6;4;0;0;1;1;0;0;0;0
201389;11;4;4501148;2018;6;9;1;3;6;4;0;0;1;1;0;0;0;0
201390;11;2;2400521;2018;6;22;1;3;0;7;2;0;1;0;0;0;1;0
201391;11;3;3500935;2018;6;16;4;3;5;3;0;1;1;0;0;0;0;0
201392;11;9;9501737;2018;6;17;1;3;0;1;0;1;0;0;0;0;0;0
201393;11;3;3601244;2018;6;16;4;3;5;3;0;1;0;0;0;1;0;0
201394;11;7;7400823;2018;6;15;1;3;0;7;0;0;0;0;1;0;0;0
201395;11;4;4200309;2018;6;16;1;3;2;6;0;1;0;0;0;0;0;0
201396;11;12;12500825;2018;6;15;4;3;0;1;0;0;0;0;1;0;0;0
201397;11;9;9501737;2018;6;15;1;3;0;4;0;1;0;1;0;0;0;0
201398;11;8;8200730;2018;6;14;1;3;0;7;0;0;1;1;0;0;0;0
201399;11;11;11400929;2018;6;19;4;3;5;2;0;0;1;0;1;0;0;0
201400;11;8;8100415;2018;6;13;1;3;2;6;0;0;1;0;0;0;0;0
201401;11;4;4500936;2018;6;16;4;3;2;6;0;0;1;0;0;0;0;0
201402;11;9;9200512;2018;6;15;4;3;5;2;2;0;1;0;1;0;0;0
201403;11;8;8100209;2018;6;13;1;3;5;3;0;0;1;0;0;0;0;0
201404;11;5;5200634;2018;6;15;4;3;5;2;0;0;1;0;1;0;0;0
201405;11;1;1100308;2018;6;11;1;3;2;6;0;0;1;0;0;0;0;1
201406;11;1;1200518;2018;6;14;4;3;5;3;0;0;1;0;0;0;0;0
201407;11;6;6100102;2018;6;9;1;3;1;1;0;1;1;0;0;0;0;0
201408;11;9;9200716;2018;6;9;1;2;5;3;0;0;1;0;0;0;0;0
201409;11;9;9401329;2018;6;15;4;3;0;1;0;0;0;0;1;0;0;0
201410;11;7;7100206;2018;6;5;1;2;8;1;0;0;0;0;1;0;0;0
201411;11;1;1100308;2018;6;18;4;3;5;3;0;0;1;0;1;0;0;0
201412;11;2;2100105;2018;6;15;4;3;5;3;0;1;1;0;0;0;0;0