OBJECTID;LAND;BEZ;LOR_ab_2021;UJAHR;UMONAT;USTUNDE;UWOCHENTAG;UKATEGORIE;UART;UTYP1;ULICHTVERH;IstRad;IstPKW;IstFuss;IstKrad;IstGkfz;IstSonstige;USTRZUSTAND
201413;11;3;3200309;2018;6;2;1;3;6;7;2;0;1;1;0;0;0;0
201414;11;8;8200832;2018;6;15;4;3;6;4;0;0;1;1;0;0;0;0
201415;11;9;9200512;2018;6;15;4;3;0;7;0;0;0;0;1;0;0;0
201416;11;11;11300721;2018;6;17;1;2;5;3;0;0;1;0;0;0;0;0
201417;11;10;10100102;2018;6;15;4;3;2;6;0;0;1;0;0;0;0;0
201418;11;3;3601450;2018;6;18;1;2;6;4;0;0;1;1;0;0;0;0
201419;11;1;1400939;2018;6;14;4;3;5;3;0;0;1;0;0;0;0;0
201420;11;4;4501150;2018;6;22;1;3;0;3;2;1;1;0;0;0;0;0
201421;11;2;2200210;2018;6;14;4;3;2;6;0;0;1;0;0;0;0;0
201422;11;3;3400827;2018;6;14;4;3;5;3;0;1;1;0;0;0;0;0
201423;11;4;4200308;2018;6;11;1;2;5;3;0;1;1;0;0;0;0;0
201424;11;7;7100102;2018;6;14;4;3;3;2;0;1;1;0;0;0;0;0
201425;11;6;6300528;2018;6;17;7;3;5;3;0;0;1;0;0;0;0;0
201426;11;1;1300730;2018;6;12;4;3;5;3;0;0;1;0;1;0;0;0
201427;11;8;8100417;2018;6;6;5;3;0;2;0;1;1;0;0;0;0;0
201428;11;2;2400623;2018;6;11;4;3;6;7;0;0;1;1;0;0;0;0
201429;11;9;9200717;2018;6;17;7;3;2;6;0;0;1;0;1;0;0;0
201430;11;5;5100209;2018;6;11;4;3;2;6;0;0;1;0;0;0;0;0
201431;11;2;2200210;2018;6;11;4;3;2;6;0;0;1;0;0;0;0;0
201432;11;2;2200209;2018;6;15;7;3;1;5;0;1;1;0;0;0;0;0
201433;11;1;1200519;2018;6;11;4;3;5;7;0;0;1;0;1;0;0;0
201434;11;4;4300412;2018;6;15;7;3;0;7;0;1;1;0;0;0;0;0
201435;11;6;6200317;2018;6;7;5;3;5;3;0;0;1;0;1;0;0;0
201436;11;2;2300314;2018;6;14;7;3;1;5;0;1;1;0;0;0;1;0
201437;11;10;10400938;2018;6;10;4;3;5;3;0;0;1;0;0;0;0;0
201438;11;9;9100409;2018;6;14;7;2;4;6;0;0;1;0;0;0;0;0
201439;11;1;1100312;2018;6;10;4;3;6;2;0;0;1;1;0;0;0;0
201440;11;11;10100205;2018;6;15;5;3;5;2;0;1;1;0;0;0;0;0
201441;11;4;4300622;2018;6;8;4;3;5;3;0;1;1;0;0;0;0;0
201442;11;10;10400938;2018;6;11;7;3;2;6;0;0;1;0;0;0;0;1
201443;11;1;1300835;2018;6;9;4;2;2;6;0;0;1;0;1;0;1;0
201444;11;7;7200409;2018;6;11;7;3;6;4;0;1;0;1;0;0;0;0
201445;11;1;1100311;2018;6;11;7;3;1;5;0;0;1;0;1;0;0;0
201446;11;2;2300316;2018;6;7;4;3;2;6;0;1;1;0;0;0;0;0
201447;11;3;3501038;2018;6;8;7;3;5;3;0;0;1;0;0;0;0;0
201448;11;10;10300734;2018;6;16;5;3;5;3;0;0;1;0;1;0;0;0
201449;11;9;9501939;2018;6;15;7;3;6;4;0;0;1;1;0;0;0;1
201450;11;7;7100206;2018;6;7;4;3;0;5;0;1;1;0;0;0;0;0
201451;11;3;3601142;2018;6;22;7;3;2;6;2;0;1;0;0;0;0;0
201452;11;6;6200422;2018;6;16;5;3;2;6;0;0;0;0;1;0;1;0
201453;11;1;1100308;2018;6;21;7;3;6;4;2;0;0;1;1;0;0;0
201454;11;6;6400838;2018;6;7;4;3;2;6;0;0;1;0;0;0;0;0
201455;11;10;10400837;2018;6;19;7;3;5;3;0;0;1;0;1;0;0;0
201456;11;1;1300733;2018;6;7;4;3;5;2;0;1;1;0;0;0;0;0
201457;11;3;3601243;2018;6;17;5;3;5;3;0;1;1;0;0;0;0;0
201458;11;7;7601548;2018;6;19;7;2;6;4;0;0;1;1;0;0;0;0
201459;11;5;5300737;2018;6;6;4;3;3;6;0;0;1;0;1;0;0;0
201460;11;4;4501149;2018;6;19;7;3;5;5;0;1;1;0;0;0;0;0
201461;11;9;9301025;2018;6;10;7;3;2;2;0;1;0;0;0;0;1;0
201462;11;2;2400625;2018;6;6;4;3;5;2;0;1;1;0;0;0;0;0
201463;11;10;10100312;2018;6;9;7;2;5;3;0;1;1;0;0;0;0;0
201464;11;9;9401534;2018;6;17;5;3;1;1;0;1;1;0;0;0;0;0
201465;11;2;2200209;2018;6;8;4;3;5;3;0;1;1;0;0;0;0;0
201466;11;3;3500933;2018;6;8;7;3;5;3;0;0;1;0;0;0;0;0
201467;11;4;4300416;2018;6;21;4;1;5;7;2;0;1;1;0;0;0;0
201468;11;1;1401046;2018;6;17;5;3;2;6;0;0;1;0;0;0;0;0
201469;11;11;11501238;2018;6;7;7;3;5;7;0;0;1;0;0;0;1;0
201470;11;8;8100104;2018;6;18;3;3;5;2;0;1;1;0;0;0;0;0
201471;11;2;2100104;2018;6;12;7;3;0;2;0;1;1;0;0;0;0;0
201472;11;11;11300722;2018;6;7;3;3;5;3;0;1;1;0;0;0;0;0
201473;11;7;7400826;2018;6;17;5;3;5;3;0;0;1;0;0;0;0;0
201474;11;4;4501150;2018;6;16;3;3;5;3;0;1;1;0;0;0;0;0
201475;11;7;7601238;2018;6;10;7;3;5;7;0;0;1;0;0;1;0;0
201476;11;2;2400625;2018;6;6;7;3;6;4;0;0;1;1;0;0;0;0
201477;11;5;5200631;2018;6;17;3;3;6;7;0;0;1;1;0;0;0;0
201478;11;6;6400840;2018;6;8;7;2;5;3;0;0;1;0;0;0;0;1
201479;11;3;3400828;2018;6;21;3;3;0;3;2;1;0;0;0;0;0;0
201480;11;1;1100312;2018;6;18;5;3;5;3;0;1;1;0;0;0;0;0
201481;11;3;3500934;2018;6;18;3;3;0;4;0;0;1;1;0;0;0;0
201482;11;1;1400938;2018;6;1;7;3;8;1;2;0;1;0;0;0;0;0
201483;11;10;10100311;2018;6;8;3;3;6;4;0;0;1;1;0;0;0;0
201484;11;1;1100206;2018;6;14;3;3;6;4;0;0;1;1;0;0;0;0
201485;11;2;2400521;2018;6;23;7;3;5;2;2;0;1;0;1;0;0;0
201486;11;12;12601235;2018;6;13;3;3;2;2;0;0;1;0;0;0;0;0
201487;11;4;4300518;2018;6;13;3;3;5;3;0;1;1;0;0;0;0;0
201488;11;3;3400826;2018;6;19;6;3;5;7;0;1;1;0;0;0;0;0
201489;11;1;1100205;2018;6;12;3;3;3;6;0;1;0;0;0;0;0;0
201490;11;1;1100312;2018;6;18;6;3;1;5;0;1;1;0;0;0;0;0
201491;11;1;1100312;2018;6;14;3;3;2;6;0;0;1;0;0;0;0;0
201492;11;1;1100310;2018;6;18;6;3;1;5;0;1;1;0;0;0;1;0
201493;11;7;7100101;2018;6;12;3;3;3;6;0;0;0;0;1;0;1;0
201494;11;1;1100313;2018;6;18;5;3;2;2;0;1;1;0;0;0;0;0
201495;11;2;2200210;2018;6;14;3;2;5;3;0;1;1;0;0;0;0;0
201496;11;4;4300416;2018;6;15;6;3;5;2;0;1;1;0;0;0;0;0
201497;11;6;6300525;2018;6;14;3;3;5;3;0;1;1;0;0;0;0;0
201498;11;8;8300934;2018;6;12;3;2;0;6;0;0;1;0;1;0;0;0
201499;11;6;6400844;2018;6;2;6;3;7;7;2;0;1;0;0;0;0;0
201500;11;11;11100203;2018;6;13;3;3;2;6;0;0;1;0;0;0;0;0
201501;11;1;1100309;2018;6;18;6;3;5;2;0;0;1;0;1;0;0;1
201502;11;1;1100313;2018;6;18;5;3;6;2;0;0;1;1;0;0;0;0
201503;11;6;6200313;2018;6;5;6;3;0;6;0;1;1;0;0;0;0;0
201504;11;1;1400938;2018;6;15;3;3;0;6;0;0;0;0;1;0;1;0
201505;11;8;8100312;2018;6;23;6;3;5;3;2;0;1;0;0;0;0;1
201506;11;11;11300723;2018;6;15;3;3;2;6;0;1;0;0;0;0;1;0
201507;11;9;9100203;2018;6;18;5;3;5;2;0;1;1;0;0;0;0;0
201508;11;1;1401046;2018;6;22;6;3;6;2;2;0;1;1;0;0;0;1
201509;11;1;1300733;2018;6;23;3;3;5;3;2;1;1;0;0;0;0;0
201510;11;6;6100103;2018;6;21;6;3;2;6;2;0;1;0;0;0;1;1
201511;11;5;5400943;2018;6;20;3;2;5;3;2;1;0;0;0;0;0;0
201512;11;1;1401048;2018;6;20;3;3;0;1;0;0;0;0;1;0;0;0
201513;11;3;3701554;2018;6;13;6;3;3;6;0;1;0;0;1;0;0;0
201514;11;1;1100309;2018;6;19;3;3;5;3;0;1;1;0;0;0;0;0
201515;11;4;4300622;2018;6;20;6;3;3;6;1;0;1;0;0;0;0;1
201516;11;3;3601141;2018;6;20;6;3;2;6;1;0;1;0;0;0;1;1
201517;11;1;1100416;2018;6;18;3;3;1;5;0;1;1;0;0;0;0;0
201518;11;1;1100309;2018;6;19;6;3;5;2;0;1;1;0;0;0;0;1
201519;11;3;3400723;2018;6;19;6;3;0;1;1;1;0;0;0;0;0;1
201520;11;2;2100102;2018;6;18;3;3;5;3;0;1;1;0;0;0;0;0
201521;11;3;3601142;2018;6;19;6;3;6;4;0;1;0;1;0;0;0;1
201522;11;4;4100101;2018;6;18;3;3;5;2;0;0;1;0;0;0;0;0
201523;11;1;1100102;2018;6;17;3;3;5;3;0;1;1;0;0;0;0;0
201524;11;3;3601244;2018;6;18;6;3;5;7;0;0;1;0;1;0;0;0
201525;11;1;1100308;2018;6;18;6;3;1;5;0;1;1;0;0;0;1;0
201526;11;3;3300517;2018;6;18;6;3;0;1;0;1;0;0;0;0;0;0
201527;11;10;10200629;2018;6;17;3;3;5;2;0;0;1;0;0;0;0;0
201528;11;1;1100103;2018;6;16;6;3;2;6;0;0;1;0;0;0;0;0
201529;11;2;2200210;2018;6;17;6;3;0;1;0;1;0;0;0;0;0;0
201530;11;2;2100104;2018;6;17;3;3;0;5;0;1;1;0;0;0;1;0
201531;11;1;1300836;2018;6;19;6;2;1;5;1;0;1;0;0;0;0;1
201532;11;12;12200515;2018;6;19;6;2;3;6;0;0;1;0;1;0;0;0
201533;11;2;2400623;2018;6;17;3;3;2;6;0;1;1;0;0;0;0;0
201534;11;7;7501030;2018;6;18;6;2;0;1;0;1;0;0;0;0;0;0
201535;11;1;1300732;2018;6;17;3;3;5;2;0;0;1;0;0;0;0;0
201536;11;7;7400720;2018;6;17;3;3;5;3;0;0;1;0;0;0;0;0
201537;11;7;7501134;2018;6;17;6;2;1;2;0;0;1;0;1;0;0;0
201538;11;5;5300839;2018;6;16;6;2;6;4;0;0;1;1;0;0;0;0
201539;11;11;11401032;2018;6;17;3;3;6;2;0;0;1;1;0;0;0;0
201540;11;4;4400832;2018;6;21;6;3;0;1;1;0;0;0;1;0;0;1
201541;11;2;2100102;2018;6;16;3;3;5;3;0;1;1;0;0;0;0;0
201542;11;4;4501040;2018;6;16;3;3;5;3;0;0;1;0;1;0;0;0
201543;11;1;1100102;2018;6;15;6;3;0;6;0;0;1;0;1;0;0;0
201544;11;6;6300526;2018;6;16;3;2;6;4;0;0;1;1;0;0;0;0
201545;11;3;3701659;2018;6;10;6;3;5;7;0;1;0;0;0;0;1;0
201546;11;5;5300737;2018;6;16;3;3;0;3;0;0;1;0;1;0;0;0
201547;11;9;9200511;2018;6;14;6;3;3;6;0;0;1;0;1;0;0;0
201548;11;12;12500926;2018;6;16;3;3;5;2;0;1;1;0;0;0;0;0
201549;11;4;4501042;2018;6;16;3;3;5;2;0;0;1;0;1;0;0;0
201550;11;8;8100418;2018;6;14;6;3;5;2;0;1;1;0;0;0;0;0
201551;11;11;11200411;2018;6;14;3;2;5;3;0;0;1;0;1;0;0;0
201552;11;1;1100308;2018;6;13;6;3;1;5;0;1;1;0;0;0;1;0
201553;11;5;5200629;2018;6;12;3;2;6;4;0;0;0;1;0;0;1;0
201554;11;3;3200309;2018;6;13;6;3;5;3;0;0;1;0;0;0;0;0
201555;11;7;7100102;2018;6;12;3;3;2;6;0;0;1;0;0;0;0;0
201556;11;12;12100102;2018;6;13;6;3;6;4;0;0;1;1;0;0;0;0
201557;11;2;2200208;2018;6;12;3;3;3;6;0;1;1;0;0;0;0;0
201558;11;4;4500939;2018;6;12;6;3;5;7;0;0;0;0;1;0;1;0
201559;11;3;3500933;2018;6;13;2;2;3;6;0;0;1;0;0;0;0;0
201560;11;11;11300618;2018;6;13;2;3;1;5;0;1;1;0;0;0;0;0
201561;11;2;2200208;2018;6;2;6;3;2;6;2;0;1;0;0;0;0;0
201562;11;1;1100415;2018;6;11;2;3;6;4;0;1;0;1;0;0;0;0
201563;11;5;5200420;2018;6;10;6;3;0;4;0;0;0;1;0;0;1;0
201564;11;8;8200730;2018;6;17;5;3;6;4;0;0;1;1;0;0;0;0
201565;11;8;8200730;2018;6;11;2;3;6;2;0;0;1;1;0;0;0;0
201566;11;6;6300632;2018;6;12;5;3;4;6;0;0;1;0;1;0;0;0
201567;11;6;6200421;2018;6;10;2;3;5;2;0;0;1;0;0;0;0;0
201568;11;4;4300620;2018;6;16;5;3;3;6;0;0;1;0;1;0;0;0
201569;11;4;4501150;2018;6;10;2;3;2;3;0;1;1;0;0;0;0;0
201570;11;12;12400720;2018;6;16;5;2;5;3;0;1;1;0;0;0;0;0
201571;11;11;11200513;2018;6;17;5;3;0;5;0;1;1;0;0;0;0;0
201572;11;3;3601244;2018;6;7;2;3;5;3;0;1;1;0;0;0;0;0
201573;11;3;3701556;2018;6;8;5;3;6;4;0;0;1;1;0;0;0;0
201574;11;11;11300618;2018;6;8;5;3;2;6;0;0;1;0;0;0;0;0
201575;11;6;6100206;2018;6;7;2;3;6;4;0;1;0;1;0;0;0;0
201576;11;7;7400824;2018;6;22;5;3;8;1;2;0;1;0;0;0;0;0
201577;11;5;5300737;2018;6;8;2;3;2;6;0;0;1;0;1;0;0;0
201578;11;5;5100316;2018;6;22;5;3;0;2;2;0;1;0;1;0;0;0
201579;11;2;2300417;2018;6;21;5;3;1;5;1;0;1;0;0;0;0;0
201580;11;3;3400722;2018;6;8;2;3;4;1;0;1;1;0;0;0;0;1
201581;11;12;12601032;2018;6;21;5;3;5;3;0;1;1;0;0;0;0;0
201582;11;11;11300721;2018;6;9;6;3;2;6;0;0;1;0;0;0;1;0
201583;11;2;2200210;2018;6;8;2;3;2;3;0;0;1;0;1;0;0;0
201584;11;1;1100415;2018;6;13;6;3;0;1;0;1;0;0;0;0;0;0
201585;11;7;7300619;2018;6;20;5;3;5;2;0;1;0;0;1;0;0;0
201586;11;1;1100205;2018;6;9;2;3;5;3;0;1;1;0;0;0;0;0
201587;11;6;4200207;2018;6;20;5;2;2;1;0;0;1;0;1;0;0;0
201588;11;2;2200210;2018;6;19;5;3;0;7;0;1;0;0;0;0;0;0
201589;11;8;8100103;2018;6;10;2;2;5;2;0;1;1;0;0;0;0;0
201590;11;1;1200628;2018;6;19;5;2;5;2;0;1;1;0;0;0;0;0
201591;11;5;5300736;2018;6;19;5;2;6;4;0;0;1;1;0;0;0;0
201592;11;4;4501042;2018;6;10;2;3;0;5;0;0;1;0;1;0;0;0
201593;11;11;11400929;2018;6;19;5;3;5;3;0;0;1;0;0;0;0;0
201594;11;7;7601236;2018;6;9;2;3;3;6;0;0;1;0;0;1;0;0
201595;11;3;3300411;2018;6;9;2;3;0;1;0;1;0;0;0;0;0;0
201596;11;1;1100205;2018;6;19;5;2;6;7;0;0;1;1;0;0;0;0
201597;11;4;4501042;2018;6;13;2;3;0;6;0;0;1;0;0;0;1;0
201598;11;4;4500936;2018;6;14;6;3;0;5;0;1;1;0;0;0;0;0
201599;11;1;1100206;2018;6;14;2;3;5;3;0;0;1;0;0;0;1;0
201600;11;2;2200209;2018;6;18;5;3;5;2;0;0;1;0;1;0;0;0
201601;11;9;9501941;2018;6;16;6;3;5;3;0;0;1;0;0;0;0;0
201602;11;2;2500835;2018;6;18;5;3;5;2;0;1;1;0;0;0;0;0
201603;11;10;10100206;2018;6;18;2;3;5;3;0;1;0;0;0;0;1;0
201604;11;11;11300617;2018;6;18;5;3;5;3;0;1;1;0;0;0;0;0
201605;11;1;1300836;2018;6;13;1;3;1;5;0;1;1;0;0;0;0;0
201606;11;2;2300314;2018;6;17;1;3;6;2;0;1;0;1;0;0;0;1
201607;11;1;1300835;2018;6;18;5;3;5;3;0;1;1;0;0;0;0;0
201608;11;9;9501737;2018;6;18;1;3;0;2;0;1;1;0;0;0;0;1
201609;11;12;12100205;2018;6;23;1;3;5;2;2;1;0;0;0;0;1;0
201610;11;2;2100106;2018;6;17;5;3;3;6;0;1;1;0;0;0;0;0
201611;11;11;11300620;2018;6;20;1;2;5;7;1;0;1;0;0;0;0;0
201612;11;11;11501238;2018;6;18;5;2;5;2;0;0;1;0;1;0;0;0
201613;11;8;8301037;2018;6;20;1;2;5;2;0;0;1;0;0;0;0;1
201614;11;4;4501153;2018;6;17;5;3;5;3;0;1;1;0;0;0;0;0
201615;11;4;4501042;2018;6;19;1;3;2;2;0;0;1;0;0;0;0;0
201616;11;4;4501042;2018;6;17;5;3;5;2;0;1;1;0;0;0;0;0
201617;11;3;3601243;2018;6;19;1;2;5;3;0;0;1;0;0;0;1;1
201618;11;1;1100309;2018;6;16;5;3;0;7;0;1;0;0;0;0;0;0
201619;11;4;4100102;2018;6;18;1;3;0;6;0;0;1;0;1;0;0;1
201620;11;8;8100208;2018;6;18;1;3;2;6;0;0;1;0;0;0;0;1
201621;11;1;1100308;2018;6;15;5;3;0;1;0;1;0;0;0;0;0;0
201622;11;1;1100310;2018;6;16;1;3;1;5;0;1;1;0;0;0;0;1
201623;11;12;12200413;2018;6;19;6;2;8;1;0;1;0;0;0;0;0;0
201624;11;12;12200412;2018;6;14;1;3;5;2;0;1;0;0;0;0;1;1
201625;11;1;1300834;2018;6;15;5;3;5;2;0;1;1;0;0;0;0;0
201626;11;9;9301126;2018;6;14;1;3;5;3;0;0;1;0;0;0;0;0
201627;11;8;8300934;2018;6;15;5;3;2;6;0;0;1;0;0;0;0;0
201628;11;11;11200512;2018;6;15;5;3;0;5;0;1;1;0;0;0;0;0
201629;11;3;3400620;2018;6;14;1;3;0;2;0;0;1;0;1;0;0;0
201630;11;7;7400824;2018;6;14;5;3;0;2;0;1;1;0;0;0;0;0
201631;11;12;1300730;2018;6;8;6;3;2;6;0;0;0;0;1;0;1;0
201632;11;3;3601142;2018;6;13;1;3;5;3;0;1;1;0;0;0;0;0
201633;11;1;1100415;2018;6;8;6;3;1;5;0;1;1;0;0;0;0;0
201634;11;7;7200414;2018;6;13;1;3;0;7;0;0;1;0;1;0;0;0
201635;11;9;9200613;2018;6;7;5;3;5;3;0;1;0;0;0;0;1;0
201636;11;2;2100105;2018;6;10;6;3;2;2;0;1;1;0;0;0;0;0
201637;11;10;10100209;2018;6;11;1;3;4;5;0;0;1;0;0;0;0;0
201638;11;1;1400942;2018;6;7;5;3;3;6;0;1;1;0;0;0;0;0
201639;11;6;6400737;2018;6;11;1;2;5;3;0;1;1;0;0;0;0;0
201640;11;3;3601142;2018;6;7;5;3;5;2;0;1;1;0;0;0;0;0
201641;11;2;2400624;2018;6;8;5;3;1;5;0;1;1;0;0;0;0;0
201642;11;4;4200207;2018;6;10;1;3;6;4;0;1;0;1;0;0;0;0
201643;11;2;2300314;2018;6;9;5;3;6;4;0;1;0;1;0;0;0;0
201644;11;3;3500934;2018;6;9;5;3;2;6;0;0;1;0;1;0;0;0
201645;11;6;6400839;2018;6;9;1;3;0;3;0;1;1;0;0;0;0;0
201646;11;8;8300935;2018;6;9;5;3;3;6;0;0;1;0;1;0;0;0
201647;11;12;12200414;2018;6;21;6;3;5;3;1;1;1;0;0;0;0;0
201648;11;9;9200819;2018;6;9;1;3;5;3;0;0;1;0;0;0;0;0
201649;11;3;3601244;2018;6;10;5;3;2;6;0;0;1;0;0;1;0;0
201650;11;1;1100311;2018;6;2;1;3;5;2;2;0;1;0;0;0;0;0
201651;11;7;7400826;2018;6;11;5;3;5;2;0;1;1;0;0;0;0;0
201652;11;7;7400825;2018;6;11;5;3;1;5;0;1;1;0;0;0;0;0
201653;11;6;6200423;2018;6;16;1;3;0;7;0;0;0;0;1;0;0;0
201654;11;3;3100101;2018;6;13;5;3;6;2;0;0;1;1;0;0;0;0
201655;11;1;1401047;2018;6;13;5;3;6;2;0;0;1;1;0;0;0;0
201656;11;4;4200311;2018;6;12;1;2;0;1;0;1;0;0;0;0;0;0
201657;11;7;7601442;2018;6;13;5;3;5;2;0;0;1;0;1;0;0;0
201658;11;1;1100206;2018;6;13;5;3;5;3;0;1;1;0;0;0;0;0
201659;11;5;5300735;2018;6;6;1;3;9;1;0;0;0;0;1;0;0;0
201660;11;8;8100312;2018;6;13;5;3;2;6;0;0;1;0;0;0;0;0
201661;11;2;2300314;2018;6;18;1;3;0;1;0;1;0;0;0;0;0;0
201662;11;2;2200213;2018;6;17;7;3;5;3;0;1;0;0;1;0;0;0
201663;11;1;1200517;2018;6;14;5;3;2;6;0;0;1;0;0;0;0;0
201664;11;12;12200310;2018;6;17;6;3;0;1;0;0;0;0;1;0;0;0
201665;11;3;3200309;2018;6;9;5;2;5;3;0;1;1;0;0;0;0;0
201666;11;9;9200512;2018;6;17;7;3;2;2;0;0;1;0;0;0;0;0
201667;11;10;10100312;2018;6;10;5;3;5;3;0;0;1;0;0;0;0;0
201668;11;4;4200203;2018;6;9;7;3;5;2;0;1;1;0;0;0;0;0
201669;11;1;1100309;2018;6;19;2;3;5;3;0;1;1;0;0;0;0;0
201670;11;12;12400618;2018;6;12;6;3;0;5;0;1;0;0;0;0;1;0
201671;11;6;6100209;2018;6;3;7;3;6;7;2;1;0;1;0;0;0;0
201672;11;6;6400844;2018;6;10;5;2;5;3;0;0;1;0;0;0;0;0
201673;11;2;2100105;2018;6;14;7;3;6;4;0;0;1;1;0;0;0;0
201674;11;5;5100211;2018;6;23;7;3;5;2;2;0;1;0;0;0;0;0
201675;11;6;6200422;2018;6;13;5;3;5;3;0;0;1;0;0;0;0;0
201676;11;1;2400623;2018;6;20;7;3;5;3;0;1;1;0;0;0;0;0
201677;11;7;7601238;2018;6;20;7;2;2;6;0;0;1;0;1;0;0;0
201678;11;7;7100102;2018;6;14;5;2;0;5;0;0;1;0;1;0;0;0
201679;11;2;2300419;2018;6;19;7;3;6;7;0;0;1;1;0;0;0;0
201680;11;10;10100311;2018;6;14;6;3;5;2;0;1;1;0;0;0;0;0
201681;11;10;10400939;2018;6;11;5;3;0;1;0;1;0;0;0;0;0;0
201682;11;1;1300834;2018;6;20;7;3;0;7;0;0;1;0;1;0;0;0
201683;11;9;9200512;2018;6;13;5;3;0;1;0;1;0;0;0;0;0;0
201684;11;3;3100103;2018;6;19;7;3;2;6;0;0;1;0;0;0;0;0
201685;11;6;6200313;2018;6;19;2;3;3;6;0;0;1;0;0;0;0;0
201686;11;12;12100205;2018;6;18;7;3;2;6;0;0;1;0;0;1;0;0
201687;11;2;2400521;2018;6;11;5;3;6;4;0;0;1;1;0;0;0;0
201688;11;12;12200310;2018;6;18;7;3;0;5;0;0;1;0;0;0;1;0
201689;11;1;1100205;2018;6;8;6;2;0;2;0;1;1;0;0;0;0;0
201690;11;5;5200630;2018;6;12;4;3;2;6;0;0;1;0;0;0;0;0
201691;11;7;7400826;2018;6;17;7;3;0;3;0;0;1;0;1;0;0;0
201692;11;1;1300836;2018;6;9;4;3;3;6;0;1;0;0;0;1;0;0
201693;11;11;11401033;2018;6;19;2;3;5;7;0;0;1;0;0;0;1;0
201694;11;12;12100101;2018;6;16;4;3;6;4;0;0;1;1;0;0;0;0
201695;11;4;4300416;2018;6;17;7;2;5;3;0;0;1;0;1;0;0;0
201696;11;5;5200524;2018;6;17;7;2;0;7;0;0;1;0;0;0;0;0
201697;11;3;3501038;2018;6;9;4;3;5;7;0;0;1;0;0;0;0;0
201698;11;2;2500835;2018;6;17;7;3;5;5;0;0;1;0;0;0;0;0
201699;11;7;7300516;2018;6;14;4;3;0;3;0;0;1;0;0;0;1;0
201700;11;4;4200311;2018;6;16;7;3;2;6;0;0;1;0;0;0;0;0
201701;11;4;4100101;2018;6;19;4;3;5;2;0;1;0;0;1;0;0;0
201702;11;1;1100311;2018;6;15;7;3;5;2;0;0;1;0;0;0;0;0
201703;11;7;7400721;2018;6;18;2;3;5;2;0;1;1;0;0;0;0;0
201704;11;4;4501150;2018;6;14;7;3;1;5;0;1;0;0;0;0;1;0
201705;11;5;5200629;2018;6;16;4;3;3;6;0;0;1;0;1;0;0;0
201706;11;1;1100207;2018;6;14;7;3;5;2;0;0;1;0;1;0;0;0
201707;11;3;3400725;2018;6;16;4;3;2;2;0;0;1;0;1;0;0;0
201708;11;3;3601450;2018;6;16;4;3;2;6;0;0;1;0;0;1;0;0
201709;11;1;1200517;2018;6;14;7;3;6;4;0;0;1;1;0;0;0;0
201710;11;8;8301036;2018;6;16;4;3;6;2;0;0;1;1;0;0;0;0
201711;11;4;4300518;2018;6;18;2;3;5;2;0;1;1;0;0;0;0;0
201712;11;4;4501148;2018;6;14;4;3;5;3;0;1;1;0;0;0;0;0
201713;11;2;2100106;2018;6;14;7;2;5;2;0;0;1;0;0;0;0;0
201714;11;2;2500831;2018;6;14;4;3;5;3;0;1;1;0;0;0;0;0
201715;11;3;3400725;2018;6;13;7;3;5;3;0;1;1;0;0;0;0;0
201716;11;2;2500833;2018;6;18;2;3;0;7;0;0;1;0;0;0;0;0
201717;11;8;8100207;2018;6;12;7;3;0;3;0;1;0;0;0;0;1;0
201718;11;3;3400721;2018;6;13;4;3;0;5;0;1;1;0;0;0;0;0
201719;11;7;7501032;2018;6;18;4;2;0;5;0;0;1;0;0;0;1;0
201720;11;11;11300826;2018;6;12;7;3;2;2;0;0;1;0;1;0;0;0
201721;11;9;9401433;2018;6;20;4;3;5;3;0;0;1;0;0;0;0;0
201722;11;9;9200715;2018;6;9;7;3;5;3;0;0;1;0;0;0;0;0
201723;11;8;8200832;2018;6;18;4;3;5;2;0;0;1;0;0;0;0;0
201724;11;11;11300721;2018;6;13;4;3;0;2;0;0;1;0;0;0;1;0
201725;11;11;11401137;2018;6;10;7;3;5;3;0;1;1;0;0;0;0;0
201726;11;10;10400938;2018;6;13;4;3;5;3;0;0;1;0;0;1;0;0
201727;11;1;1200517;2018;6;12;4;3;5;2;0;0;1;0;1;0;0;0
201728;11;4;4501152;2018;6;10;7;3;0;3;0;0;1;0;1;0;0;0
201729;11;7;7601339;2018;6;12;4;3;6;7;0;0;0;1;0;0;1;0
201730;11;12;12200515;2018;6;11;7;3;2;6;0;0;1;0;1;0;0;0
201731;11;5;5100312;2018;6;12;7;3;6;4;0;0;1;1;0;0;0;0
201732;11;1;1100205;2018;6;12;4;3;2;6;0;0;1;0;0;0;0;0
201733;11;1;1100416;2018;6;13;7;3;5;2;0;1;1;0;0;0;0;0
201734;11;5;5300737;2018;6;15;6;3;5;3;0;0;1;0;1;0;0;0
201735;11;1;1100205;2018;6;12;4;3;0;7;0;0;0;0;1;0;0;0
201736;11;1;1200629;2018;6;9;7;3;5;3;0;0;1;0;0;0;0;0
201737;11;4;4501043;2018;6;10;4;3;5;7;0;0;1;0;0;0;0;0
201738;11;1;1100104;2018;6;16;6;3;2;6;0;0;1;0;0;0;0;0
201739;11;1;1300733;2018;6;10;4;3;1;5;0;1;1;0;0;0;0;0
201740;11;8;8200831;2018;6;11;7;3;2;6;0;0;1;0;0;0;0;0
201741;11;7;7400823;2018;6;10;4;3;2;6;0;0;1;0;1;0;0;0
201742;11;2;2300315;2018;6;3;7;2;0;1;1;1;0;0;0;0;0;0