OBJECTID;LAND;BEZ;LOR_ab_2021;UJAHR;UMONAT;USTUNDE;UWOCHENTAG;UKATEGORIE;UART;UTYP1;ULICHTVERH;IstRad;IstPKW;IstFuss;IstKrad;IstGkfz;IstSonstige;USTRZUSTAND
201743;11;1;1400939;2018;6;15;7;3;5;3;0;0;0;0;1;0;1;0
201744;11;9;9100202;2018;6;9;4;3;9;1;0;1;0;0;0;0;0;0
201745;11;4;4200207;2018;6;17;6;3;5;3;0;1;1;0;0;0;0;0
201746;11;1;1100103;2018;6;14;6;3;5;3;0;1;1;0;0;0;0;0
201747;11;1;1401048;2018;6;8;4;3;2;6;0;0;1;0;0;0;0;0
201748;11;7;7601545;2018;6;18;6;3;0;2;0;1;1;0;0;0;0;0
201749;11;4;4100101;2018;6;7;4;3;3;6;0;0;1;0;0;0;0;0
201750;11;6;6300633;2018;6;8;6;3;0;7;0;1;0;0;0;0;0;0
201751;11;10;10100311;2018;6;6;4;3;3;6;0;0;1;0;0;1;0;0
201752;11;7;7400721;2018;6;12;6;3;5;3;0;1;1;0;0;0;0;0
201753;11;9;9501939;2018;6;20;6;3;6;6;0;0;1;1;0;0;0;0
201754;11;4;4400728;2018;6;4;4;3;1;1;1;0;1;0;0;0;0;0
201755;11;7;7300619;2018;6;18;6;3;5;7;0;1;1;0;0;0;0;0
201756;11;4;4200308;2018;6;1;4;3;1;5;2;0;1;0;0;0;0;0
201757;11;9;9501941;2018;6;17;6;3;3;2;0;0;1;0;1;0;0;0
201758;11;9;9502043;2018;6;18;2;2;6;4;0;0;1;1;0;0;0;0
201759;11;7;7601544;2018;6;17;6;3;6;7;0;0;1;1;0;0;0;0
201760;11;12;12200414;2018;6;14;4;3;1;5;0;0;1;0;0;0;1;0
201761;11;4;4400726;2018;6;17;6;3;3;6;0;1;1;0;0;0;0;0
201762;11;6;6300629;2018;6;16;6;3;0;2;0;1;1;0;0;0;0;0
201763;11;5;5200420;2018;6;7;4;1;5;2;0;1;0;0;0;1;0;0
201764;11;5;5200629;2018;6;19;6;3;2;6;1;0;1;0;0;0;0;0
201765;11;1;1100309;2018;6;13;3;3;2;6;0;0;1;0;0;0;0;0
201766;11;1;1300733;2018;6;18;2;2;1;5;0;1;1;0;0;0;0;0
201767;11;4;4501153;2018;6;15;3;3;1;5;0;1;1;0;0;0;0;0
201768;11;2;2400623;2018;6;20;6;3;1;5;1;1;1;0;0;0;0;0
201769;11;1;1200522;2018;6;15;3;3;5;2;0;1;1;0;0;0;0;0
201770;11;8;8100417;2018;6;16;6;3;5;2;0;1;1;0;0;0;0;0
201771;11;11;11300620;2018;6;18;2;3;5;2;0;0;1;0;0;0;0;0
201772;11;1;1100101;2018;6;10;6;2;3;6;0;0;1;0;0;0;0;0
201773;11;6;6100101;2018;6;16;6;3;6;4;0;1;0;1;0;0;0;0
201774;11;8;8401244;2018;6;15;3;3;0;6;0;0;1;0;1;0;0;0
201775;11;7;7100102;2018;6;20;6;3;1;5;0;1;1;0;0;0;0;0
201776;11;3;3300517;2018;6;21;3;3;0;1;1;0;0;0;1;0;0;0
201777;11;5;5300736;2018;6;20;3;2;1;7;0;0;1;0;0;0;1;0
201778;11;6;6100102;2018;6;20;6;3;6;4;0;0;1;1;0;0;0;0
201779;11;5;5100314;2018;6;14;3;3;2;2;0;0;1;0;0;0;1;0
201780;11;1;1200623;2018;6;17;2;3;3;6;0;1;1;0;0;0;0;0
201781;11;11;11400929;2018;6;14;3;3;5;3;0;0;1;0;0;0;0;0
201782;11;1;1100416;2018;6;21;6;3;5;3;0;1;1;0;0;0;0;0
201783;11;8;8200726;2018;6;14;3;3;6;7;0;0;1;1;0;0;0;0
201784;11;11;11200513;2018;6;16;2;3;5;2;0;1;1;0;0;0;0;0
201785;11;4;4501040;2018;6;14;3;3;2;6;0;0;1;0;0;0;0;0
201786;11;4;4400727;2018;6;15;6;2;5;3;0;1;1;0;0;0;0;0
201787;11;2;2300314;2018;6;13;3;3;0;5;0;1;1;0;0;0;0;0
201788;11;11;11200513;2018;6;15;6;3;3;6;0;0;1;0;1;0;0;0
201789;11;10;10400837;2018;6;16;2;3;5;3;0;0;1;0;1;0;0;0
201790;11;3;3500934;2018;6;12;3;2;6;4;0;0;1;1;0;0;0;0
201791;11;1;1100415;2018;6;15;6;3;0;6;0;1;0;0;0;0;1;0
201792;11;8;8200622;2018;6;14;3;3;3;6;0;0;1;0;1;0;0;0
201793;11;9;9401534;2018;6;13;6;3;5;3;0;1;1;0;0;0;0;0
201794;11;2;2400623;2018;6;15;3;3;5;2;0;0;1;1;1;0;0;0
201795;11;1;1300733;2018;6;14;6;3;1;5;0;1;1;0;0;0;0;0
201796;11;2;2200207;2018;6;16;3;3;3;6;0;0;1;0;1;0;0;0
201797;11;4;4300622;2018;6;16;2;3;8;1;0;1;0;0;0;0;0;0
201798;11;4;4200308;2018;6;13;6;3;3;6;0;0;1;0;0;1;0;0
201799;11;4;4501040;2018;6;16;3;3;5;5;0;1;1;0;0;0;0;0
201800;11;4;4200310;2018;6;12;6;3;2;6;0;0;1;0;1;0;0;0
201801;11;4;4501041;2018;6;16;2;3;5;7;0;0;1;0;0;0;0;0
201802;11;3;3400829;2018;6;17;3;3;2;2;0;0;1;0;0;0;0;0
201803;11;6;6200311;2018;6;13;6;3;0;6;0;0;1;0;1;0;0;0
201804;11;4;4501041;2018;6;16;3;3;0;6;0;0;1;0;0;0;1;0
201805;11;7;7400927;2018;6;15;6;2;3;6;0;1;0;0;1;0;0;0
201806;11;1;1300835;2018;6;16;2;3;5;2;0;1;1;0;0;0;0;0
201807;11;7;7501031;2018;6;14;6;3;6;7;0;0;1;1;0;0;0;0
201808;11;6;6400737;2018;6;17;3;3;5;2;0;1;1;0;0;0;0;0
201809;11;4;4300416;2018;6;16;6;2;0;1;0;0;0;0;1;0;0;0
201810;11;9;9100305;2018;6;17;3;3;5;2;0;1;0;0;0;1;0;0
201811;11;10;10100313;2018;6;21;6;2;5;2;1;0;1;0;0;0;0;0
201812;11;10;10300732;2018;6;17;3;3;5;3;0;1;1;0;0;0;0;0
201813;11;9;9501736;2018;6;18;6;3;2;6;0;0;1;0;0;0;1;0
201814;11;11;11400929;2018;6;14;2;3;2;6;0;0;1;0;0;0;0;0
201815;11;8;8100314;2018;6;17;6;3;0;4;0;0;1;1;1;0;0;0
201816;11;1;1300836;2018;6;18;3;2;5;3;0;1;1;0;0;0;0;0
201817;11;6;6200311;2018;6;15;6;3;0;6;0;0;1;0;1;0;1;0
201818;11;12;12400617;2018;6;16;6;3;5;3;0;0;1;0;0;0;0;0
201819;11;4;4500936;2018;6;12;3;3;5;2;0;1;0;0;0;0;1;0
201820;11;5;5200629;2018;6;16;6;3;0;2;0;0;1;0;0;0;1;0
201821;11;6;6200420;2018;6;15;6;3;0;3;0;1;0;0;0;0;1;0
201822;11;9;9300920;2018;6;11;3;3;1;7;0;1;1;0;0;0;0;0
201823;11;6;6400838;2018;6;14;6;3;5;3;0;0;1;0;0;0;0;0
201824;11;6;6200313;2018;6;14;6;3;1;1;0;0;1;0;1;0;0;0
201825;11;2;2200210;2018;6;11;3;2;3;6;0;1;1;0;0;0;0;0
201826;11;6;6200317;2018;6;17;6;3;5;3;0;0;1;0;0;0;0;0
201827;11;5;5300735;2018;6;11;3;3;3;2;0;0;1;0;0;1;0;0
201828;11;8;8100206;2018;6;16;6;3;6;4;0;0;1;1;0;0;0;0
201829;11;3;3601450;2018;6;14;2;3;5;2;0;1;1;0;0;0;0;0
201830;11;3;3500933;2018;6;19;6;3;5;3;0;0;1;0;0;0;0;0
201831;11;4;4501041;2018;6;11;3;3;5;3;0;0;1;0;0;0;0;0
201832;11;1;1100311;2018;6;15;6;3;0;1;0;0;0;0;1;0;0;0
201833;11;1;1100310;2018;6;7;6;3;3;6;0;1;0;0;0;0;0;0
201834;11;3;3500933;2018;6;13;6;3;0;6;0;0;1;0;1;0;0;0
201835;11;12;12200412;2018;6;10;3;3;6;4;0;0;1;1;0;0;0;0
201836;11;4;4300623;2018;6;13;6;3;5;2;0;1;1;0;0;0;0;0
201837;11;1;1100312;2018;6;10;3;3;3;6;0;0;1;0;1;0;0;0
201838;11;5;5200631;2018;6;13;2;2;6;4;0;0;1;1;0;0;0;0
201839;11;2;2100101;2018;6;10;3;3;5;2;0;0;1;0;0;0;0;0
201840;11;1;1401049;2018;6;12;6;3;5;3;0;1;1;0;0;0;0;0
201841;11;2;2400521;2018;6;9;3;3;2;2;0;0;1;0;0;0;0;0
201842;11;12;12200309;2018;6;12;6;3;5;7;0;1;0;0;0;0;0;0
201843;11;1;1100103;2018;6;13;2;3;3;6;0;0;1;0;0;0;1;0
201844;11;12;12400616;2018;6;7;3;2;1;5;0;1;1;0;0;0;0;0
201845;11;3;3100101;2018;6;12;6;2;0;7;0;0;1;0;0;0;0;0
201846;11;12;12601236;2018;6;8;3;3;1;5;0;1;1;0;0;0;0;0
201847;11;3;3200308;2018;6;12;6;3;2;2;0;0;1;0;0;0;1;0
201848;11;3;3300411;2018;6;12;6;3;1;5;0;0;1;0;1;0;0;0
201849;11;4;4501153;2018;6;13;3;2;0;1;0;0;0;0;1;0;0;0
201850;11;1;1200626;2018;6;12;6;2;5;2;0;1;1;0;0;0;0;0
201851;11;1;1100309;2018;6;12;3;3;0;1;0;0;0;0;1;0;0;0
201852;11;10;10400835;2018;6;8;3;3;0;1;0;0;0;0;1;0;0;0
201853;11;2;2400625;2018;6;11;6;3;2;6;0;0;1;0;0;0;0;0
201854;11;2;2500726;2018;6;18;3;3;2;6;0;0;1;0;0;0;0;0
201855;11;5;5300736;2018;6;8;3;3;2;6;0;0;1;0;0;0;1;0
201856;11;7;7400826;2018;6;11;6;3;5;2;0;1;1;0;0;0;0;0
201857;11;3;3400618;2018;6;7;3;3;0;1;0;0;0;0;1;0;0;0
201858;11;7;7400721;2018;6;10;6;3;5;3;0;1;1;0;0;0;0;0
201859;11;7;7200307;2018;6;9;6;3;1;1;0;0;1;0;0;0;0;0
201860;11;8;8301036;2018;6;7;3;3;5;3;0;1;1;0;0;0;0;0
201861;11;1;1300732;2018;6;7;3;2;6;4;0;0;1;1;0;0;0;0
201862;11;10;10100205;2018;6;6;3;3;0;2;0;1;1;0;0;0;0;0
201863;11;1;1300836;2018;6;9;6;3;5;2;0;1;1;0;0;0;0;0
201864;11;1;1100102;2018;6;6;3;3;5;2;0;1;1;0;0;0;0;0
201865;11;9;9200716;2018;6;6;3;2;8;1;0;1;0;0;0;0;0;0
201866;11;6;6300527;2018;6;9;6;3;5;2;0;1;0;0;0;1;0;0
201867;11;11;11501341;2018;6;18;3;1;5;2;0;1;0;0;0;0;1;0
201868;11;6;6300528;2018;6;16;2;3;5;2;0;1;1;0;0;0;0;0
201869;11;1;1300834;2018;6;8;6;3;2;6;0;0;1;0;0;0;0;0
201870;11;1;1400942;2018;6;15;2;2;3;6;0;0;1;0;1;0;0;0
201871;11;10;10100210;2018;6;7;6;3;5;3;0;0;1;0;0;0;0;0
201872;11;11;11401136;2018;6;7;6;2;0;6;0;1;0;0;0;0;1;0
201873;11;12;12100205;2018;6;13;2;3;2;6;0;0;1;0;0;0;0;0
201874;11;9;9301126;2018;6;15;6;3;3;6;0;0;1;0;1;0;0;0
201875;11;2;2200210;2018;6;18;2;3;5;2;0;1;0;0;0;1;0;0
201876;11;10;10400941;2018;6;6;6;3;5;3;0;0;1;0;1;0;0;0
201877;11;12;12200310;2018;6;8;2;3;5;2;0;1;1;0;0;0;0;0
201878;11;3;3100102;2018;6;6;6;3;5;3;0;0;1;0;0;0;0;0
201879;11;2;2400623;2018;6;12;6;3;2;7;0;1;1;0;0;0;0;0
201880;11;4;4300621;2018;6;7;6;3;5;2;0;1;1;0;0;0;0;0
201881;11;12;12500825;2018;6;20;2;2;0;2;0;0;1;0;1;0;0;0
201882;11;3;3300516;2018;6;7;6;3;5;2;0;1;1;0;0;0;0;0
201883;11;12;12100204;2018;6;22;2;2;1;1;2;0;1;0;0;0;0;0
201884;11;4;4501042;2018;6;6;6;2;5;2;0;1;1;0;0;0;0;0
201885;11;1;1200517;2018;6;22;2;3;0;1;2;0;0;0;1;0;0;0
201886;11;10;10200418;2018;6;0;6;2;9;1;2;0;0;0;1;0;0;0
201887;11;6;6200312;2018;6;18;5;3;5;2;0;0;1;0;0;0;0;0
201888;11;4;4500938;2018;6;21;2;3;6;4;1;0;1;1;0;0;0;0
201889;11;1;1200626;2018;6;23;5;3;2;7;2;1;0;0;0;0;0;0
201890;11;7;7400927;2018;6;14;6;3;5;2;0;0;1;0;1;0;0;0
201891;11;5;5200527;2018;6;20;2;3;0;1;0;0;0;0;1;0;0;0
201892;11;1;1100308;2018;6;18;5;3;5;3;0;1;1;0;0;0;0;0
201893;11;5;5200423;2018;6;20;2;3;1;5;0;1;1;0;0;0;0;0
201894;11;11;11501339;2018;6;8;5;3;3;6;0;1;0;0;0;0;0;0
201895;11;5;5100314;2018;6;20;2;3;6;4;0;0;1;1;0;0;0;0
201896;11;7;7100205;2018;6;11;5;3;0;6;0;0;1;0;0;0;1;0
201897;11;12;12500928;2018;6;6;6;3;5;2;0;0;1;0;0;0;0;0
201898;11;4;4300622;2018;6;16;3;3;5;2;0;0;1;0;1;0;0;0
201899;11;5;5100316;2018;6;16;3;3;6;7;0;1;0;1;0;0;0;0
201900;11;4;4400834;2018;6;12;6;3;5;5;0;1;0;0;0;0;1;1
201901;11;4;4501042;2018;6;16;3;3;3;6;0;1;1;0;0;0;0;0
201902;11;12;12200309;2018;6;11;6;3;2;6;0;0;1;0;0;0;1;1
201903;11;12;12500930;2018;6;10;6;3;5;2;0;0;1;0;0;0;0;1
201904;11;2;2300316;2018;6;16;3;3;5;2;0;0;1;0;1;0;0;0
201905;11;11;11501341;2018;6;10;6;3;5;3;0;0;1;0;0;0;0;0
201906;11;6;6400841;2018;6;16;3;3;5;3;0;1;1;0;0;0;0;0
201907;11;7;7100205;2018;6;13;1;2;5;3;0;0;1;1;0;0;1;1
201908;11;2;2200208;2018;6;10;6;3;5;3;0;0;0;0;1;0;1;0
201909;11;8;8100310;2018;6;16;3;3;4;6;0;1;1;0;0;0;0;0
201910;11;4;4300622;2018;6;8;6;3;5;3;0;0;1;0;1;0;0;0
201911;11;4;4500936;2018;6;8;6;3;3;6;0;0;1;0;0;0;1;0
201912;11;4;4501146;2018;6;16;3;3;5;2;0;1;1;0;0;0;0;0
201913;11;6;6300528;2018;6;8;6;3;5;2;0;1;1;0;0;0;0;0
201914;11;11;11401137;2018;6;8;6;3;6;7;0;0;1;1;0;0;0;0
201915;11;1;1401046;2018;6;16;3;3;0;6;0;0;0;0;1;0;1;0
201916;11;1;1200522;2018;6;8;6;3;5;2;0;1;1;0;0;0;0;0
201917;11;9;9100305;2018;6;16;3;2;5;2;0;0;1;0;0;0;0;0
201918;11;6;6200311;2018;6;5;6;3;0;6;0;0;0;0;1;0;1;0
201919;11;12;12200309;2018;6;22;6;3;5;2;2;0;1;0;0;0;0;0
201920;11;3;3601452;2018;6;17;3;3;3;7;0;1;0;0;0;0;0;0
201921;11;12;12200515;2018;6;21;6;3;5;3;2;0;1;0;1;0;0;0
201922;11;3;3400828;2018;6;19;7;2;5;2;0;0;1;0;1;0;0;0
201923;11;7;7501133;2018;6;16;3;3;2;6;0;0;1;0;0;0;0;0
201924;11;2;2400623;2018;6;12;1;3;5;3;0;1;1;0;0;0;0;1
201925;11;1;1100309;2018;6;17;7;3;5;3;0;1;0;0;0;0;1;0
201926;11;9;9501737;2018;6;21;6;3;5;3;1;0;1;0;0;0;0;0
201927;11;10;10100312;2018;6;17;3;3;5;2;0;1;1;0;0;0;0;0
201928;11;4;4500936;2018;6;21;6;3;5;2;2;0;1;0;0;0;0;0
201929;11;1;1401045;2018;6;9;6;2;3;6;0;0;0;0;1;1;0;0
201930;11;1;1100103;2018;6;14;3;3;5;2;0;0;1;0;0;0;0;0
201931;11;12;12500825;2018;6;9;6;2;6;4;0;0;0;1;0;0;1;1
201932;11;12;12500824;2018;6;9;2;3;2;6;0;0;1;0;1;0;0;0
201933;11;3;3500935;2018;6;21;6;3;1;5;0;1;1;0;0;0;0;0
201934;11;9;9501939;2018;6;14;3;2;6;4;0;0;0;1;1;0;0;0
201935;11;1;1300834;2018;6;19;6;2;3;6;0;0;1;0;1;0;0;0
201936;11;2;2200213;2018;6;13;3;3;2;6;0;1;1;0;0;0;0;0
201937;11;2;2100101;2018;6;12;3;3;6;4;0;0;1;1;0;0;0;0
201938;11;9;9401534;2018;6;18;6;3;5;3;0;1;1;0;0;0;0;0
201939;11;4;4200310;2018;6;12;3;2;6;4;0;0;1;1;0;0;0;0
201940;11;1;1100309;2018;6;12;3;3;5;3;0;1;0;0;0;0;0;0
201941;11;4;4200311;2018;6;18;6;2;3;6;0;0;1;0;1;0;0;0
201942;11;3;3300516;2018;6;18;6;3;2;6;0;0;1;0;1;0;0;0
201943;11;11;11200410;2018;6;12;3;3;5;3;0;0;1;0;1;0;0;0
201944;11;2;2300417;2018;6;18;6;3;5;2;0;1;1;0;0;0;0;0
201945;11;1;1401047;2018;6;12;3;3;5;3;0;0;1;0;0;0;1;0
201946;11;8;8100417;2018;6;10;1;3;2;6;0;0;1;0;0;0;0;1
201947;11;9;9200511;2018;6;11;3;3;5;2;0;0;1;0;0;0;0;0
201948;11;1;1200520;2018;6;16;6;2;6;4;0;1;0;1;0;0;0;0
201949;11;6;6100206;2018;6;11;3;3;0;5;0;0;1;0;1;0;0;0
201950;11;2;2100102;2018;6;11;3;3;5;3;0;1;1;0;0;0;0;0
201951;11;1;1100102;2018;6;16;6;3;3;6;0;0;1;0;1;0;0;0
201952;11;2;2300419;2018;6;11;3;3;1;5;0;1;1;0;0;0;0;0
201953;11;3;3601142;2018;6;1;6;3;9;1;2;1;0;0;0;0;0;0
201954;11;1;1100104;2018;6;10;3;3;1;5;0;0;1;0;0;0;1;0
201955;11;5;5200524;2018;6;7;6;3;0;1;0;1;0;0;0;0;0;0
201956;11;5;5100209;2018;6;9;3;3;2;6;0;0;1;0;0;0;0;0
201957;11;7;7200410;2018;6;15;1;3;5;2;0;0;1;0;0;0;0;1
201958;11;9;9100304;2018;6;13;6;3;6;4;0;0;1;1;0;0;0;0
201959;11;6;6100103;2018;6;10;3;3;5;5;0;1;1;0;0;0;0;0
201960;11;7;7400823;2018;6;16;6;3;3;6;0;0;0;0;1;1;0;1
201961;11;7;7200409;2018;6;9;3;3;1;5;0;1;1;0;0;0;0;0
201962;11;11;11400927;2018;6;18;1;3;1;5;0;0;1;0;0;0;0;1
201963;11;8;8300934;2018;6;8;3;3;5;2;0;0;1;0;0;0;0;0
201964;11;2;11501238;2018;6;16;6;3;0;1;0;0;0;0;1;0;0;0
201965;11;1;1100207;2018;6;8;3;3;0;5;0;1;1;0;0;0;1;0
201966;11;7;7200413;2018;6;17;7;3;4;6;0;0;1;0;0;0;0;1
201967;11;4;4400726;2018;6;8;3;3;5;3;0;1;1;0;0;0;0;0
201968;11;3;3601243;2018;6;15;6;3;2;6;0;0;1;0;0;0;0;0
201969;11;4;4400727;2018;6;8;3;3;2;6;0;0;1;0;0;0;0;0
201970;11;4;4500938;2018;6;14;6;3;6;7;0;0;1;1;0;0;0;0
201971;11;7;7200308;2018;6;14;6;3;1;5;0;1;1;0;0;0;0;0
201972;11;3;3701555;2018;6;8;3;3;5;3;0;1;1;0;0;0;0;0
201973;11;7;7300516;2018;6;13;6;3;1;5;0;1;1;0;0;0;0;1
201974;11;2;2100102;2018;6;18;7;2;6;4;0;0;1;1;0;0;0;0
201975;11;8;8100209;2018;6;8;3;3;5;7;0;1;1;0;0;0;0;0
201976;11;4;4501146;2018;6;11;1;3;6;2;0;0;1;1;0;0;0;1
201977;11;4;4300416;2018;6;17;7;3;5;3;0;0;1;0;0;0;0;0
201978;11;2;2200209;2018;6;7;3;3;2;6;0;1;1;0;0;0;0;0
201979;11;4;4501045;2018;6;13;6;3;5;7;0;1;1;0;0;0;0;0
201980;11;10;10100311;2018;6;19;7;3;5;2;0;0;1;0;1;0;0;1
201981;11;7;7100102;2018;6;7;3;3;1;5;0;1;1;0;0;0;0;0
201982;11;9;9200819;2018;6;13;6;3;5;3;0;0;0;0;0;0;1;0
201983;11;4;4300415;2018;6;7;3;3;2;6;0;0;1;0;1;0;0;0
201984;11;5;5100211;2018;6;13;6;2;5;2;0;0;1;0;1;0;0;1
201985;11;1;1400937;2018;6;13;6;3;5;3;0;0;1;0;0;0;0;0
201986;11;7;7300619;2018;6;7;3;3;5;3;0;1;1;0;0;0;0;0
201987;11;7;7601237;2018;6;15;5;3;5;3;0;1;0;0;0;0;1;0
201988;11;4;4501041;2018;6;14;5;3;5;3;0;1;1;0;0;0;0;1
201989;11;12;12500824;2018;6;6;3;3;0;6;0;0;1;0;1;0;0;1
201990;11;1;1100310;2018;6;15;5;3;0;5;0;1;0;0;0;0;1;0
201991;11;2;2300418;2018;6;18;7;3;4;6;0;0;1;0;0;0;0;0
201992;11;1;1300732;2018;6;22;3;3;6;4;2;1;0;1;0;0;0;0
201993;11;4;4200206;2018;6;23;7;3;5;3;2;0;1;0;0;0;1;1
201994;11;8;8100521;2018;6;23;5;3;6;4;2;0;1;1;0;0;0;0
201995;11;1;1100104;2018;6;21;3;3;5;2;1;1;1;0;0;0;0;0
201996;11;2;2400521;2018;6;21;5;3;0;1;1;1;0;0;0;0;0;0
201997;11;1;1100310;2018;6;20;5;3;5;3;1;1;1;0;0;0;0;0
201998;11;7;7100103;2018;6;19;3;3;3;6;0;1;1;0;0;0;0;0
201999;11;1;1300836;2018;6;20;5;3;6;4;0;0;1;1;0;0;0;0
202000;11;7;7601442;2018;6;8;2;3;5;3;0;0;1;0;0;0;0;1
202001;11;11;11401136;2018;6;19;5;3;6;4;0;1;0;1;0;0;0;0
202002;11;1;1100206;2018;6;19;3;3;5;2;0;1;1;0;0;0;0;0
202003;11;10;10200422;2018;6;18;5;3;5;3;0;1;1;0;0;0;0;0
202004;11;4;4400835;2018;6;13;2;3;6;4;0;0;1;1;0;0;0;0
202005;11;5;5200420;2018;6;18;5;3;3;6;0;1;1;0;0;0;0;0
202006;11;4;4500937;2018;6;18;3;3;1;5;0;1;1;0;0;0;0;0
202007;11;1;1100309;2018;6;17;5;3;5;2;0;1;1;0;0;0;0;0
202008;11;11;11200411;2018;6;17;3;3;5;5;0;0;1;0;1;0;0;0
202009;11;8;8100314;2018;6;17;3;3;1;5;0;1;1;0;0;0;0;0
202010;11;2;2400624;2018;6;17;5;3;5;3;0;1;1;0;0;0;0;0
202011;11;2;2100104;2018;6;16;5;3;2;2;0;0;1;0;0;0;0;0
202012;11;6;6400844;2018;6;12;3;3;8;1;0;0;1;0;0;0;0;0
202013;11;9;9501737;2018;6;19;5;3;5;3;0;0;1;0;0;0;0;0
202014;11;9;9200511;2018;6;15;3;2;0;1;0;1;0;0;0;0;0;0
202015;11;1;1100310;2018;6;22;1;3;5;3;2;1;1;0;0;0;0;1
202016;11;2;2100101;2018;6;22;7;3;2;6;2;0;1;0;0;0;0;1
202017;11;1;1200520;2018;6;22;7;2;5;3;2;0;1;0;0;0;0;1
202018;11;1;1100416;2018;6;13;3;3;0;1;0;1;0;0;0;0;0;0
202019;11;2;2500831;2018;6;16;5;3;5;3;0;0;1;0;1;0;0;0
202020;11;9;9401432;2018;6;16;3;3;0;1;0;1;0;0;0;0;0;0
202021;11;11;11100308;2018;6;17;2;3;6;7;0;0;1;1;0;0;0;0
202022;11;12;12400723;2018;6;16;5;3;5;2;0;1;1;0;0;0;0;1
202023;11;3;3601245;2018;6;8;2;3;5;2;0;1;1;0;0;0;0;0
202024;11;10;10300734;2018;6;13;2;3;6;4;0;0;1;1;0;0;0;0
202025;11;11;11200410;2018;6;15;5;2;5;2;0;1;0;0;0;0;1;1
202026;11;10;10400939;2018;6;6;2;3;2;6;0;1;1;0;0;0;0;0
202027;11;6;6200421;2018;6;15;5;3;5;3;0;0;1;0;1;0;0;1
202028;11;1;1100311;2018;6;23;2;3;5;2;2;0;1;0;0;0;0;0
202029;11;4;4501152;2018;6;15;5;3;2;3;0;0;1;0;1;0;0;1
202030;11;2;2100101;2018;6;22;2;2;5;2;2;0;0;0;1;0;0;0
202031;11;7;7501133;2018;6;19;1;2;0;1;0;0;0;0;1;0;0;1
202032;11;1;3400721;2018;6;16;7;2;0;4;0;0;0;1;0;0;1;0
202033;11;1;1100310;2018;6;20;2;2;6;4;0;0;1;1;0;0;0;0
202034;11;2;2200209;2018;6;15;5;3;5;2;0;1;1;0;0;0;0;1
202035;11;3;3601453;2018;6;18;2;3;0;7;0;1;0;0;0;0;0;0
202036;11;7;7400823;2018;6;17;7;3;2;2;0;0;1;0;0;0;0;0
202037;11;3;3601245;2018;6;15;5;3;5;2;0;1;1;0;0;0;0;1
202038;11;7;7601236;2018;6;18;2;3;6;2;0;0;0;1;0;0;1;0
202039;11;1;1400937;2018;6;15;5;3;2;6;0;0;1;0;0;0;0;1
202040;11;5;5100316;2018;6;16;7;3;5;3;0;0;1;0;0;0;1;1
202041;11;2;2200209;2018;6;15;5;3;6;4;0;0;0;1;0;0;1;1
202042;11;10;10100205;2018;6;18;2;3;5;2;0;0;1;0;0;0;0;0
202043;11;1;1100102;2018;6;16;2;3;5;3;0;1;1;0;0;0;0;0
202044;11;1;1100308;2018;6;15;5;3;5;2;0;1;1;0;0;0;0;1
202045;11;2;2200210;2018;6;16;2;3;3;6;0;0;1;0;0;0;0;0
202046;11;5;5200526;2018;6;15;5;3;2;6;0;0;1;0;0;0;0;1
202047;11;9;9200715;2018;6;16;2;3;5;3;0;1;1;0;0;0;0;0
202048;11;4;4300416;2018;6;14;5;3;0;1;0;0;0;0;1;0;0;1
202049;11;6;6100206;2018;6;16;2;3;1;5;0;1;1;0;0;0;0;0
202050;11;9;9401635;2018;6;14;1;3;2;7;0;0;1;0;0;0;0;1
202051;11;7;7100206;2018;6;15;7;3;2;6;0;0;1;0;0;0;0;0
202052;11;10;10200524;2018;6;16;2;3;2;6;0;0;1;0;0;0;1;0
202053;11;1;1100415;2018;6;14;5;3;0;1;0;1;0;0;0;0;0;1
202054;11;8;8200831;2018;6;15;2;3;5;3;0;1;1;0;0;0;0;0
202055;11;8;8100312;2018;6;14;5;3;0;2;0;1;1;0;0;0;0;1
202056;11;9;9501737;2018;6;14;5;3;1;5;0;1;1;0;0;0;0;0
202057;11;8;8100206;2018;6;15;2;3;5;3;0;0;1;0;0;0;1;0
202058;11;5;5100316;2018;6;13;5;3;2;6;0;0;1;0;0;0;0;1
202059;11;4;4100102;2018;6;15;7;3;8;1;0;0;1;0;0;0;0;1
202060;11;7;7501134;2018;6;13;5;3;0;1;0;1;0;0;0;0;0;1
202061;11;6;6300528;2018;6;15;2;2;5;3;0;1;0;0;0;0;1;0
202062;11;1;1100207;2018;6;13;5;3;0;5;0;0;1;0;1;0;0;1
202063;11;8;8200726;2018;6;15;2;2;2;6;0;0;1;0;0;0;0;0
202064;11;4;4501041;2018;6;14;7;3;2;6;0;0;1;0;0;0;0;0
202065;11;9;9501737;2018;6;7;2;2;6;4;0;0;1;1;0;0;0;0
202066;11;8;8301037;2018;6;13;5;3;5;3;0;1;1;0;0;0;0;0
202067;11;4;4300624;2018;6;12;5;3;0;6;0;0;1;0;1;0;0;1
202068;11;1;1401046;2018;6;15;2;3;5;2;0;1;1;0;0;0;0;0
202069;11;7;7100103;2018;6;3;1;2;9;1;2;0;1;0;0;0;0;1
202070;11;7;7501029;2018;6;10;5;3;5;3;0;0;1;0;0;0;0;0
202071;11;11;11400930;2018;6;7;2;3;5;3;0;1;0;0;0;0;1;0
202072;11;6;6100208;2018;6;10;5;2;5;3;0;1;0;0;0;0;1;0
202073;11;4;4300622;2018;6;10;5;3;2;6;0;0;1;0;1;0;0;0