OBJECTID;LAND;BEZ;LOR_ab_2021;UJAHR;UMONAT;USTUNDE;UWOCHENTAG;UKATEGORIE;UART;UTYP1;ULICHTVERH;IstRad;IstPKW;IstFuss;IstKrad;IstGkfz;IstSonstige;USTRZUSTAND
202735;11;4;4200203;2018;7;22;7;3;5;3;2;1;1;0;0;0;0;0
202736;11;4;4300622;2018;7;15;3;3;2;7;0;0;0;0;0;1;1;0
202737;11;1;1200520;2018;7;14;5;2;5;3;0;1;1;0;0;0;0;0
202738;11;4;4300623;2018;7;11;3;2;5;3;0;1;1;0;0;0;0;0
202739;11;2;2300314;2018;7;20;7;3;5;7;1;1;1;0;0;0;0;0
202740;11;4;4300622;2018;7;13;3;2;5;2;0;0;1;0;0;0;0;0
202741;11;5;5300737;2018;7;7;5;2;4;6;0;0;1;0;0;0;1;0
202742;11;8;8200623;2018;7;9;3;2;6;3;0;0;1;1;0;0;0;0
202743;11;2;2200210;2018;7;19;7;3;1;5;0;1;1;0;0;0;0;0
202744;11;10;10100209;2018;7;14;5;3;2;6;0;0;1;0;0;0;0;0
202745;11;8;8100418;2018;7;18;7;3;5;2;0;0;1;0;1;0;0;0
202746;11;8;8100417;2018;7;9;3;2;4;1;0;0;1;0;0;1;1;0
202747;11;4;4200311;2018;7;9;5;3;0;3;0;0;1;0;0;0;1;0
202748;11;3;3601451;2018;7;12;3;3;5;3;0;1;1;0;0;0;0;0
202749;11;10;10100312;2018;7;18;7;3;5;2;0;1;1;0;0;0;0;0
202750;11;6;6200316;2018;7;16;7;3;5;2;0;0;1;0;0;0;0;0
202751;11;4;4200311;2018;7;8;3;2;3;6;0;0;1;0;1;0;0;0
202752;11;6;6400735;2018;7;0;5;3;8;1;2;0;1;0;0;0;0;0
202753;11;4;4200311;2018;7;14;3;3;0;1;0;1;0;0;0;0;0;0
202754;11;8;8100417;2018;7;14;7;3;3;6;0;1;0;0;0;0;1;0
202755;11;11;11401032;2018;7;3;5;3;0;7;2;1;0;0;0;0;0;0
202756;11;2;2100106;2018;7;22;3;2;2;6;2;0;1;0;0;0;0;0
202757;11;2;2500833;2018;7;10;5;2;0;1;0;1;0;0;0;0;0;0
202758;11;1;1300834;2018;7;14;7;3;6;4;0;0;1;1;0;0;0;0
202759;11;4;4200309;2018;7;12;5;3;0;7;0;1;0;0;0;0;0;0
202760;11;2;2500728;2018;7;13;7;3;5;3;0;0;1;0;0;0;0;0
202761;11;9;9200717;2018;7;21;3;3;1;5;1;1;1;0;0;0;0;0
202762;11;2;2500835;2018;7;19;3;3;0;6;0;0;1;0;1;0;0;0
202763;11;6;6100208;2018;7;18;5;3;1;6;0;1;1;0;0;0;0;0
202764;11;4;4300412;2018;7;18;3;3;3;6;0;0;1;0;0;0;0;0
202765;11;5;5100103;2018;7;13;7;3;2;6;0;0;1;0;0;0;0;0
202766;11;6;6400839;2018;7;19;5;3;1;5;0;1;0;0;0;0;1;0
202767;11;12;12400721;2018;7;13;7;3;5;3;0;0;1;0;0;0;0;0
202768;11;1;1100102;2018;7;17;3;3;3;2;0;0;1;0;1;0;0;0
202769;11;2;2300316;2018;7;22;5;3;5;2;2;1;1;0;0;0;0;0
202770;11;5;5100104;2018;7;17;3;3;5;2;0;0;1;0;1;0;0;0
202771;11;5;5200528;2018;7;12;7;3;2;6;0;0;1;0;0;0;0;0
202772;11;9;9501941;2018;7;10;7;3;5;3;0;0;1;0;0;0;0;0
202773;11;12;12200412;2018;7;22;2;3;0;3;2;1;1;0;0;0;0;0
202774;11;4;4100101;2018;7;21;5;3;2;6;1;0;1;0;0;0;0;0
202775;11;8;8300934;2018;7;20;2;3;5;3;0;0;0;0;1;0;1;0
202776;11;3;3400620;2018;7;20;5;3;2;2;0;0;1;0;0;0;0;0
202777;11;6;6200312;2018;7;9;7;3;4;6;0;1;1;0;0;0;0;0
202778;11;11;11200410;2018;7;15;5;3;6;7;0;1;0;1;0;0;0;0
202779;11;2;2300314;2018;7;20;2;3;3;6;0;1;1;0;0;0;0;0
202780;11;12;12400722;2018;7;18;5;3;2;6;0;0;1;0;0;0;0;0
202781;11;7;7100206;2018;7;18;5;3;5;2;0;1;0;0;0;0;1;0
202782;11;6;6200314;2018;7;10;7;3;2;6;0;0;1;0;0;0;0;0
202783;11;4;4500939;2018;7;19;2;3;5;2;0;1;1;0;0;0;0;0
202784;11;1;1100206;2018;7;18;5;3;2;2;0;0;1;0;0;0;0;0
202785;11;2;2400521;2018;7;18;2;3;6;4;0;1;0;1;0;0;0;0
202786;11;11;11401136;2018;7;9;7;3;5;2;0;1;1;0;0;0;0;0
202787;11;3;3400723;2018;7;18;2;3;5;2;0;1;1;0;0;0;0;0
202788;11;5;5100316;2018;7;18;5;3;5;2;0;0;0;0;1;0;1;0
202789;11;1;1300836;2018;7;19;5;2;0;1;0;1;0;0;0;0;0;0
202790;11;1;1300733;2018;7;17;2;3;2;6;0;0;1;0;1;0;0;0
202791;11;6;6400844;2018;7;9;7;3;5;2;0;1;1;0;0;0;0;0
202792;11;1;1100310;2018;7;23;7;3;6;4;2;1;0;1;0;0;0;0
202793;11;3;3300516;2018;7;18;5;3;8;1;0;0;1;0;0;0;0;0
202794;11;1;1100206;2018;7;17;2;3;2;6;0;0;1;0;0;0;0;0
202795;11;9;9301126;2018;7;22;5;3;0;1;2;0;0;0;1;0;0;0
202796;11;2;2500835;2018;7;23;7;3;5;3;2;0;1;0;0;0;0;0
202797;11;7;7501031;2018;7;17;5;2;5;3;0;0;1;0;0;0;1;0
202798;11;2;2500835;2018;7;19;7;2;5;2;0;0;1;0;1;0;0;0
202799;11;1;1200518;2018;7;17;2;3;5;3;0;0;1;0;1;0;0;0
202800;11;4;4300517;2018;7;18;5;3;5;2;0;0;1;0;0;0;0;0
202801;11;1;1400937;2018;7;12;7;2;6;4;0;0;0;1;1;0;0;0
202802;11;4;4501153;2018;7;17;5;3;5;2;0;1;1;0;0;0;0;0
202803;11;1;1400939;2018;7;3;7;3;9;1;2;0;1;0;0;0;0;0
202804;11;5;5200629;2018;7;17;2;3;6;2;0;0;1;1;0;0;0;0
202805;11;7;7300516;2018;7;17;5;3;0;2;0;1;1;0;0;0;0;0
202806;11;1;1400937;2018;7;14;2;3;3;6;0;1;0;0;0;0;1;0
202807;11;10;10200420;2018;7;1;7;2;9;1;2;0;0;0;1;0;0;0
202808;11;9;9501737;2018;7;20;2;3;5;3;0;0;1;0;0;0;0;0
202809;11;2;2500834;2018;7;17;5;3;6;4;0;0;1;1;0;0;0;0
202810;11;2;2200210;2018;7;20;2;2;5;3;0;1;1;0;0;0;0;0
202811;11;2;2400521;2018;7;8;6;2;5;2;0;1;0;0;0;0;1;0
202812;11;11;11300721;2018;7;17;5;3;5;3;0;1;1;0;0;0;0;0
202813;11;5;5100312;2018;7;8;6;3;1;3;0;0;1;0;0;0;1;0
202814;11;10;10100313;2018;7;17;2;2;5;3;0;0;1;0;1;0;0;0
202815;11;8;8100312;2018;7;17;5;3;5;2;0;1;1;0;0;0;0;0
202816;11;2;2200209;2018;7;6;6;3;5;2;0;1;1;0;0;0;0;0
202817;11;1;1200517;2018;7;15;5;3;2;6;0;0;1;0;0;0;0;0
202818;11;8;8100208;2018;7;16;6;3;2;7;0;1;1;0;0;0;0;0
202819;11;11;11200411;2018;7;17;2;2;1;5;0;1;1;0;0;0;0;0
202820;11;1;1100311;2018;7;15;5;3;5;2;0;1;0;0;0;1;0;0
202821;11;7;7200308;2018;7;17;2;3;5;2;0;1;1;0;0;0;0;0
202822;11;4;4300623;2018;7;22;6;3;6;4;2;1;1;1;0;0;0;0
202823;11;7;7400721;2018;7;17;6;3;1;5;0;0;1;0;0;0;0;0
202824;11;2;2400623;2018;7;8;2;3;3;6;0;1;0;0;0;1;0;0
202825;11;8;8100206;2018;7;15;5;3;0;3;0;0;1;0;1;0;0;0
202826;11;7;7300619;2018;7;8;2;3;5;2;0;0;1;0;0;0;0;0
202827;11;8;8100415;2018;7;16;6;3;5;2;0;1;1;0;0;0;0;0
202828;11;4;4300412;2018;7;9;2;3;0;6;0;0;1;0;1;0;0;0
202829;11;4;4100102;2018;7;16;5;3;5;2;0;1;1;0;0;0;0;0
202830;11;7;7100102;2018;7;9;2;3;2;6;0;0;1;0;0;0;1;0
202831;11;10;10300732;2018;7;17;6;3;5;3;0;1;1;0;0;0;0;0
202832;11;7;7400927;2018;7;14;5;2;6;4;0;0;1;1;0;0;0;0
202833;11;7;7400824;2018;7;16;6;3;5;3;0;1;0;0;0;0;1;0
202834;11;8;8300934;2018;7;15;2;2;6;4;0;0;0;1;0;0;1;0
202835;11;2;2200213;2018;7;14;5;3;0;4;0;1;0;1;0;0;0;0
202836;11;6;6300633;2018;7;11;2;3;1;5;0;1;1;0;0;0;0;0
202837;11;2;2300419;2018;7;2;6;3;6;4;2;0;1;1;0;0;0;1
202838;11;6;6100209;2018;7;15;6;2;5;3;0;1;1;0;0;0;0;0
202839;11;5;5100209;2018;7;11;2;3;5;7;0;0;1;0;0;0;0;0
202840;11;3;3500935;2018;7;13;5;3;1;5;0;1;1;0;0;0;0;0
202841;11;7;7100205;2018;7;12;2;3;5;3;0;0;1;0;0;0;0;0
202842;11;9;9401534;2018;7;17;5;3;6;7;0;1;0;1;0;0;0;0
202843;11;6;6200421;2018;7;12;2;3;1;5;0;1;1;0;0;0;0;0
202844;11;9;9501941;2018;7;15;6;3;5;2;0;1;1;0;0;0;0;0
202845;11;5;5100101;2018;7;15;6;2;5;3;0;0;1;0;1;0;0;0
202846;11;4;4300412;2018;7;13;2;3;5;2;0;1;1;0;0;0;0;0
202847;11;1;1100310;2018;7;23;5;3;0;1;2;0;0;0;1;0;0;0
202848;11;3;3200310;2018;7;16;2;3;2;6;0;0;1;0;0;0;0;0
202849;11;7;7400927;2018;7;13;6;2;2;6;0;0;1;0;0;0;0;0
202850;11;1;1200518;2018;7;15;2;3;5;2;0;0;1;0;1;0;0;0
202851;11;9;9100304;2018;7;11;5;1;0;1;0;0;1;0;1;0;0;0
202852;11;6;6400737;2018;7;15;2;3;5;7;0;1;1;0;0;0;0;0
202853;11;9;9501736;2018;7;12;4;3;2;6;0;0;1;0;0;0;0;0
202854;11;7;7100103;2018;7;14;6;2;6;7;0;0;0;1;0;0;1;0
202855;11;9;9501838;2018;7;10;4;3;4;6;0;1;0;0;0;0;0;0
202856;11;4;4501042;2018;7;13;6;3;5;2;0;0;1;0;0;0;1;0
202857;11;2;2400623;2018;7;14;2;3;5;2;0;0;1;0;0;1;0;0
202858;11;3;3100101;2018;7;22;4;3;5;2;2;1;1;0;0;0;0;0
202859;11;12;12601032;2018;7;15;2;2;6;3;0;0;1;1;0;0;0;0
202860;11;7;7200412;2018;7;13;6;2;6;2;0;0;1;1;0;0;0;0
202861;11;9;9100408;2018;7;12;6;3;5;2;0;1;1;0;0;0;0;0
202862;11;1;1401043;2018;7;15;2;2;1;1;0;0;1;0;0;0;1;0
202863;11;6;6400842;2018;7;21;4;3;5;3;2;1;1;0;0;0;0;0
202864;11;7;7501032;2018;7;16;2;2;2;1;0;0;1;0;0;0;0;0
202865;11;3;3200205;2018;7;21;4;3;5;2;0;1;1;0;0;0;0;0
202866;11;5;5100211;2018;7;12;6;3;0;1;0;1;0;0;0;0;0;0
202867;11;11;11200411;2018;7;19;4;3;5;2;0;0;1;0;1;0;0;0
202868;11;1;1100206;2018;7;7;2;3;3;6;0;1;0;0;0;0;1;0
202869;11;7;7501134;2018;7;18;4;3;2;6;0;0;1;0;0;0;1;0
202870;11;8;8401241;2018;7;12;6;3;2;2;0;0;0;0;1;0;1;0
202871;11;1;1100102;2018;7;12;6;3;5;2;0;0;1;0;1;0;0;0
202872;11;7;7300516;2018;7;18;4;3;5;3;0;0;1;0;0;0;0;0
202873;11;4;4500936;2018;7;6;2;3;5;2;0;0;0;0;1;0;1;0
202874;11;3;3200310;2018;7;18;4;3;5;3;0;1;1;0;0;0;0;0
202875;11;12;12100204;2018;7;11;6;3;1;5;0;1;1;0;0;0;0;0
202876;11;9;9501939;2018;7;18;4;3;6;4;0;0;1;1;0;0;0;0
202877;11;11;11300722;2018;7;11;6;3;2;6;0;0;0;0;1;0;0;1
202878;11;9;9200715;2018;7;8;2;3;2;6;0;1;1;0;0;0;0;0
202879;11;4;4501149;2018;7;17;4;3;5;2;0;1;1;0;0;0;0;0
202880;11;3;3601243;2018;7;8;2;3;0;3;0;1;1;0;0;0;0;0
202881;11;1;1400940;2018;7;16;6;3;5;3;0;0;0;0;1;0;1;0
202882;11;4;4500938;2018;7;10;6;3;6;7;0;0;1;1;0;0;0;1
202883;11;3;3200207;2018;7;17;4;3;5;3;0;1;1;0;0;0;0;0
202884;11;1;1100311;2018;7;8;2;3;2;2;0;0;1;0;0;0;0;0
202885;11;2;2200211;2018;7;20;4;3;1;5;0;0;1;0;0;0;1;0
202886;11;3;3300516;2018;7;9;6;3;5;2;0;1;1;0;0;0;0;0
202887;11;2;2500833;2018;7;20;4;2;6;4;0;1;0;1;0;0;0;0
202888;11;5;5200631;2018;7;9;6;3;0;1;0;0;0;0;1;0;0;0
202889;11;6;6100103;2018;7;8;2;3;1;5;0;0;1;0;1;0;0;0
202890;11;1;1300733;2018;7;20;4;2;5;2;0;0;1;0;1;0;0;0
202891;11;9;9200819;2018;7;7;6;3;2;6;0;0;1;0;0;1;0;1
202892;11;3;3601243;2018;7;6;6;3;5;3;0;1;1;0;0;0;0;0
202893;11;2;2300314;2018;7;0;2;3;0;1;2;0;0;0;1;0;0;0
202894;11;1;1100308;2018;7;8;4;3;0;2;0;1;1;0;0;0;0;0
202895;11;1;1100415;2018;7;16;2;3;5;3;0;0;1;0;0;0;1;0
202896;11;3;3601449;2018;7;2;4;3;1;5;2;0;1;0;0;0;0;0
202897;11;1;1300836;2018;7;17;5;3;5;2;0;0;1;0;0;0;0;1
202898;11;6;6400841;2018;7;19;1;3;1;5;0;0;1;0;0;0;0;0
202899;11;6;6200421;2018;7;17;4;3;2;6;0;0;1;0;0;0;1;0
202900;11;1;1300834;2018;7;14;1;3;5;7;0;0;1;0;1;0;0;0
202901;11;7;7501029;2018;7;17;5;2;5;2;0;0;1;0;1;0;0;0
202902;11;1;1100311;2018;7;19;1;2;5;2;0;0;1;0;0;0;0;0
202903;11;7;7100205;2018;7;17;4;3;0;6;0;0;1;0;1;0;0;0
202904;11;7;7501029;2018;7;17;5;3;6;4;0;0;1;1;0;0;0;1
202905;11;1;1400942;2018;7;17;4;3;5;3;0;0;1;0;0;0;0;0
202906;11;9;9200716;2018;7;17;5;3;6;2;0;0;0;1;0;0;1;1
202907;11;9;9401329;2018;7;19;1;3;3;6;0;1;1;0;0;0;0;1
202908;11;6;6200314;2018;7;16;4;3;5;2;0;1;1;0;0;0;0;0
202909;11;5;5100209;2018;7;17;1;3;5;2;0;0;1;0;0;0;0;0
202910;11;3;3500936;2018;7;19;5;3;5;3;0;1;1;0;0;0;0;1
202911;11;1;1100308;2018;7;12;5;3;0;1;0;0;0;0;1;0;0;1
202912;11;8;8401244;2018;7;19;1;3;6;4;0;0;1;1;0;0;0;0
202913;11;3;3501037;2018;7;15;4;3;5;2;0;1;1;0;0;0;0;0
202914;11;11;11501340;2018;7;17;1;3;1;5;0;1;1;0;0;0;0;0
202915;11;2;2500832;2018;7;19;5;2;0;7;0;0;1;0;0;0;0;1
202916;11;8;8200832;2018;7;13;1;3;3;6;0;1;1;0;0;0;0;0
202917;11;4;4300414;2018;7;16;4;3;5;3;0;0;1;0;0;0;0;0
202918;11;7;7200308;2018;7;7;1;3;2;6;0;0;1;0;0;0;0;0
202919;11;12;12200310;2018;7;21;5;2;0;1;2;0;0;0;1;0;0;1
202920;11;1;1100309;2018;7;21;5;3;5;2;2;1;1;0;0;0;0;1
202921;11;7;7400823;2018;7;12;1;3;5;2;0;0;1;0;0;0;0;0
202922;11;3;3200308;2018;7;15;4;3;0;7;0;1;0;0;0;0;0;0
202923;11;9;9401635;2018;7;9;1;2;5;3;0;1;1;0;0;0;0;0
202924;11;8;8100415;2018;7;23;5;2;6;2;2;0;1;1;0;0;0;1
202925;11;11;11300619;2018;7;15;4;3;5;3;0;1;1;0;0;0;0;0
202926;11;11;11300618;2018;7;23;5;3;5;3;2;1;1;0;0;0;0;1
202927;11;7;7501135;2018;7;9;1;3;5;2;0;0;1;0;0;0;0;0
202928;11;7;7400721;2018;7;15;4;3;0;2;0;0;1;0;1;0;0;1
202929;11;9;9100305;2018;7;8;1;3;5;2;0;0;1;0;1;0;0;0
202930;11;3;3601450;2018;7;15;5;2;5;2;0;1;1;0;0;0;0;1
202931;11;12;12500824;2018;7;15;5;3;2;2;0;1;1;0;0;0;0;1
202932;11;1;1401046;2018;7;4;1;3;8;1;2;0;1;1;0;0;0;0
202933;11;7;7100205;2018;7;22;4;3;0;1;2;1;0;0;0;0;0;0
202934;11;2;2200213;2018;7;1;1;3;1;5;2;1;1;0;0;0;0;0
202935;11;4;4500937;2018;7;14;5;3;0;1;0;0;1;0;1;0;0;1
202936;11;2;2500728;2018;7;18;7;3;5;2;0;1;1;0;0;0;0;0
202937;11;1;1300732;2018;7;13;4;3;5;2;0;1;1;0;0;0;0;0
202938;11;3;11300617;2018;7;23;7;3;6;4;2;0;1;1;0;0;0;0
202939;11;8;8401243;2018;7;12;4;3;0;5;0;0;1;0;0;0;0;0
202940;11;5;5400942;2018;7;14;5;3;2;6;0;0;1;0;0;0;0;1
202941;11;9;9200715;2018;7;13;4;3;5;2;0;0;1;0;0;0;0;0
202942;11;2;2200210;2018;7;13;5;3;0;6;0;0;0;0;1;0;1;1
202943;11;1;1100308;2018;7;23;7;3;2;6;2;0;1;0;1;0;0;0
202944;11;4;4100101;2018;7;12;4;3;0;6;0;0;0;0;1;0;1;0
202945;11;1;1100308;2018;7;21;7;3;0;1;1;1;0;0;0;0;0;0
202946;11;9;9200716;2018;7;12;5;3;5;7;0;0;1;0;0;0;0;1
202947;11;12;12200309;2018;7;12;5;3;5;2;0;0;1;0;0;0;0;1
202948;11;4;4300622;2018;7;12;4;3;5;2;0;1;0;0;0;1;0;0
202949;11;2;2100102;2018;7;12;5;3;5;2;0;0;1;0;0;0;0;1
202950;11;3;3601449;2018;7;19;7;3;0;1;0;0;1;0;1;0;0;0
202951;11;2;2100101;2018;7;11;4;3;5;2;0;1;1;0;0;0;0;0
202952;11;1;1300834;2018;7;20;7;3;5;3;0;1;1;0;0;0;0;0
202953;11;4;4300416;2018;7;11;5;3;0;2;0;0;1;0;0;0;1;1
202954;11;1;1100308;2018;7;11;5;3;2;6;0;0;1;0;0;0;0;1
202955;11;12;12200414;2018;7;18;7;3;5;2;0;1;1;0;0;0;0;0
202956;11;8;8401241;2018;7;10;4;3;1;5;0;0;1;0;1;0;0;0
202957;11;1;1100102;2018;7;18;7;3;5;2;0;0;1;0;0;0;0;0
202958;11;11;11100309;2018;7;10;4;3;5;2;0;1;1;0;0;0;0;0
202959;11;4;4500938;2018;7;11;5;3;5;2;0;1;1;0;0;0;0;1
202960;11;1;1100309;2018;7;10;4;3;1;5;0;1;1;0;0;0;0;0
202961;11;9;9502043;2018;7;18;7;3;5;2;0;1;1;0;0;0;0;0
202962;11;1;1200517;2018;7;10;4;3;5;2;0;1;1;0;0;0;0;0
202963;11;2;2200210;2018;7;10;4;3;5;2;0;1;1;0;0;0;0;0
202964;11;2;2100102;2018;7;9;5;3;1;5;0;1;0;0;0;0;1;1
202965;11;9;9501736;2018;7;18;7;2;3;6;0;1;1;0;0;0;0;0
202966;11;4;4501040;2018;7;9;4;3;0;7;0;1;1;0;0;0;0;0
202967;11;2;2400521;2018;7;17;7;3;5;3;0;1;0;0;1;0;0;0
202968;11;1;1100207;2018;7;8;5;3;5;2;0;1;1;0;0;0;0;1
202969;11;2;2400522;2018;7;8;5;3;2;6;0;0;1;0;0;1;0;1
202970;11;5;5100209;2018;7;17;7;3;5;3;0;1;1;0;0;0;0;0
202971;11;12;12200310;2018;7;8;4;3;5;3;0;1;1;0;0;0;0;0
202972;11;7;7100102;2018;7;8;5;3;5;3;0;0;1;0;0;0;0;1
202973;11;1;1100206;2018;7;8;4;3;1;5;0;1;1;0;0;0;0;0
202974;11;7;7400721;2018;7;8;4;3;5;2;0;1;1;0;0;0;0;0
202975;11;11;11200513;2018;7;16;7;3;5;3;0;0;1;0;0;0;0;0
202976;11;4;4300623;2018;7;7;4;3;2;6;0;0;1;0;0;0;0;0
202977;11;1;1300730;2018;7;8;5;3;3;6;0;0;1;0;0;0;1;1
202978;11;2;2400623;2018;7;7;4;3;5;2;0;1;1;0;0;0;0;0
202979;11;1;1300834;2018;7;14;5;3;0;1;0;0;0;0;1;0;0;1
202980;11;2;2300315;2018;7;15;7;3;5;3;0;0;1;0;0;0;0;0
202981;11;3;3300514;2018;7;7;4;3;5;3;0;1;1;0;0;0;0;0
202982;11;6;6100209;2018;7;14;5;2;0;7;0;0;1;0;0;0;0;0
202983;11;8;8401245;2018;7;13;4;3;0;2;0;0;1;0;0;0;1;0
202984;11;9;9501737;2018;7;6;5;2;4;1;1;0;1;0;0;0;0;1
202985;11;3;3701554;2018;7;15;7;2;0;1;0;1;0;0;0;0;0;0
202986;11;3;3601450;2018;7;12;4;3;2;6;0;0;1;0;0;0;0;0
202987;11;5;5100317;2018;7;14;7;3;1;1;0;1;1;0;0;0;1;0
202988;11;2;2200209;2018;7;6;5;2;5;3;1;1;1;0;0;0;0;1
202989;11;5;5300737;2018;7;14;7;3;1;5;0;0;1;0;0;0;0;0
202990;11;11;11400931;2018;7;12;4;3;6;4;0;1;0;1;0;0;0;0
202991;11;11;11100204;2018;7;0;5;2;2;6;2;0;1;0;1;0;0;1
202992;11;6;6200422;2018;7;9;4;3;2;7;0;0;1;0;0;0;0;0
202993;11;7;7100101;2018;7;23;4;3;2;6;2;0;1;0;0;0;0;1
202994;11;10;10100103;2018;7;14;7;3;5;3;0;0;1;0;0;0;0;0
202995;11;6;6400839;2018;7;7;4;2;5;3;0;0;1;0;0;0;0;0
202996;11;1;1100310;2018;7;13;7;3;1;5;0;1;1;0;0;0;0;0
202997;11;6;6200422;2018;7;23;4;3;5;3;2;1;1;0;0;0;0;1
202998;11;2;2500726;2018;7;9;4;3;5;2;0;1;1;0;0;0;0;0
202999;11;7;7100204;2018;7;13;7;3;4;6;0;1;1;0;0;0;0;0
203000;11;10;10100206;2018;7;5;4;3;5;3;0;0;1;0;0;0;0;0
203001;11;10;10100313;2018;7;18;4;3;2;6;0;0;1;0;0;0;1;0
203002;11;7;7400927;2018;7;12;7;3;1;5;0;1;0;0;0;1;0;0
203003;11;9;9502043;2018;7;6;4;3;5;2;0;1;1;0;0;0;0;0
203004;11;5;5400942;2018;7;16;4;3;5;2;0;1;1;0;0;0;0;1
203005;11;10;10400940;2018;7;16;4;3;5;3;0;1;1;0;0;0;0;0
203006;11;9;9100306;2018;7;13;7;3;2;2;0;0;1;0;1;0;0;0
203007;11;1;1100104;2018;7;10;3;3;2;6;0;0;1;0;0;0;0;0
203008;11;6;6400737;2018;7;12;7;3;2;6;0;0;1;0;0;0;0;0
203009;11;4;4501042;2018;7;15;4;3;5;5;0;0;1;0;1;0;0;0
203010;11;6;6400839;2018;7;12;7;3;5;3;0;1;1;0;0;0;0;0
203011;11;9;9401329;2018;7;13;3;3;5;3;0;1;1;0;0;0;0;0
203012;11;5;5200629;2018;7;12;7;3;5;3;0;0;1;0;0;0;0;0
203013;11;10;10100206;2018;7;16;4;3;5;2;0;0;1;0;0;0;1;1
203014;11;11;11100309;2018;7;16;3;3;6;4;0;1;0;1;0;0;0;0
203015;11;4;4501040;2018;7;15;4;2;2;6;0;1;0;0;0;1;0;0
203016;11;7;7100102;2018;7;11;7;3;0;5;0;1;1;0;0;0;0;0
203017;11;7;7601339;2018;7;17;3;3;5;3;0;1;0;0;0;0;0;0
203018;11;9;9501838;2018;7;10;7;2;5;3;0;1;1;0;0;0;0;0
203019;11;7;7100102;2018;7;13;4;3;5;3;0;0;1;0;1;0;0;0
203020;11;9;9501737;2018;7;13;4;3;0;2;0;1;0;0;0;0;1;0
203021;11;2;2200210;2018;7;18;3;3;0;6;0;0;1;0;1;0;0;0
203022;11;3;3601141;2018;7;15;5;3;2;6;0;0;1;0;0;0;1;0
203023;11;10;10400938;2018;7;14;3;3;0;7;0;0;0;0;1;0;0;1
203024;11;6;6100207;2018;7;14;3;3;0;6;0;1;0;0;0;0;1;0
203025;11;5;5100209;2018;7;14;5;3;6;7;0;1;0;1;0;0;0;0
203026;11;1;1100206;2018;7;13;3;2;5;3;0;1;1;0;0;0;0;0
203027;11;6;6300525;2018;7;14;5;3;5;3;0;1;1;0;0;0;0;0
203028;11;5;5300841;2018;7;13;3;3;2;6;0;0;1;0;0;1;0;0
203029;11;5;5200528;2018;7;13;5;3;2;6;0;0;1;0;0;0;0;0
203030;11;4;4300416;2018;7;12;5;3;6;2;0;0;1;1;0;0;0;0
203031;11;8;8100417;2018;7;13;3;3;5;3;0;0;0;0;1;0;1;0
203032;11;11;11300620;2018;7;13;3;3;2;6;0;0;1;0;0;1;0;0
203033;11;1;1300733;2018;7;12;5;3;5;3;0;1;0;0;1;0;0;0
203034;11;9;9100305;2018;7;12;3;3;0;3;0;1;1;0;0;0;0;0
203035;11;1;1401047;2018;7;12;3;3;2;6;0;0;1;0;0;0;0;0
203036;11;1;1100308;2018;7;10;3;3;0;3;0;0;1;0;1;0;0;0
203037;11;9;9501838;2018;7;12;5;3;0;5;0;0;1;0;1;0;0;1
203038;11;12;12400619;2018;7;9;3;3;5;2;0;0;1;0;1;0;0;0
203039;11;3;3701556;2018;7;23;7;2;6;4;2;0;1;1;0;0;0;0
203040;11;12;12400721;2018;7;9;3;3;1;5;0;1;1;0;0;0;0;0
203041;11;10;10300733;2018;7;11;5;3;2;6;0;0;1;0;0;0;0;0
203042;11;12;12500824;2018;7;8;3;3;5;3;0;0;1;0;0;0;1;0
203043;11;12;12400721;2018;7;9;5;3;5;3;0;0;1;0;0;0;0;0
203044;11;12;12200307;2018;7;22;7;2;6;4;2;0;0;1;0;0;1;0
203045;11;6;6100205;2018;7;8;3;3;0;6;0;0;1;0;1;0;0;0
203046;11;1;1100310;2018;7;22;7;3;5;2;2;0;1;0;0;0;0;0
203047;11;4;4500938;2018;7;9;5;3;5;2;0;1;1;0;0;0;0;0
203048;11;2;2200207;2018;7;8;5;3;2;2;0;0;1;0;0;0;0;0
203049;11;3;3601245;2018;7;7;3;3;5;2;0;1;1;0;0;0;0;0
203050;11;1;1100206;2018;7;21;7;3;0;1;2;1;1;0;0;0;0;1
203051;11;2;2500831;2018;7;6;3;3;5;3;0;0;1;0;1;0;0;0
203052;11;7;7300619;2018;7;9;5;3;5;2;0;1;1;0;0;0;0;0
203053;11;7;7200409;2018;7;10;3;3;5;2;0;0;1;0;0;0;0;0
203054;11;7;7400927;2018;7;8;5;3;5;3;0;0;1;0;0;0;1;0
203055;11;6;6400844;2018;7;20;7;3;5;3;1;0;1;0;0;0;0;1
203056;11;7;7400927;2018;7;11;3;3;5;7;0;0;1;0;0;0;0;0
203057;11;1;1200623;2018;7;8;5;3;5;2;0;0;1;0;1;0;0;0
203058;11;2;2300419;2018;7;8;3;2;1;5;0;1;0;0;0;0;1;0
203059;11;12;12100204;2018;7;7;5;3;5;2;0;1;1;0;0;0;0;0
203060;11;1;1400942;2018;7;20;7;3;6;4;0;0;0;1;0;0;1;1
203061;11;10;10300731;2018;7;7;3;2;6;4;0;0;1;1;0;0;0;0
203062;11;11;11501340;2018;7;18;6;3;2;7;0;0;1;0;1;0;0;0
203063;11;1;1100207;2018;7;7;5;3;0;3;0;0;1;0;1;0;0;0
203064;11;6;6300632;2018;7;17;6;3;2;2;0;1;1;0;0;0;0;0
203065;11;6;6200421;2018;7;11;3;3;0;1;0;0;0;0;1;0;0;0