OBJECTID;LAND;BEZ;LOR_ab_2021;UJAHR;UMONAT;USTUNDE;UWOCHENTAG;UKATEGORIE;UART;UTYP1;ULICHTVERH;IstRad;IstPKW;IstFuss;IstKrad;IstGkfz;IstSonstige;USTRZUSTAND
203066;11;7;7200307;2018;7;14;6;3;3;6;0;0;1;0;1;0;0;0
203067;11;1;1100310;2018;7;6;5;3;5;3;0;1;0;0;0;0;1;0
203068;11;11;11401135;2018;7;13;6;3;2;2;0;1;1;0;0;0;0;0
203069;11;2;2400521;2018;7;2;3;3;0;1;2;1;0;0;0;0;0;0
203070;11;12;12200309;2018;7;6;5;3;1;5;0;1;1;0;0;0;1;0
203071;11;8;8401241;2018;7;18;2;3;0;1;0;1;0;0;0;0;0;0
203072;11;1;1100309;2018;7;0;5;3;1;5;2;1;0;0;1;0;0;0
203073;11;8;8200730;2018;7;13;6;3;1;1;0;0;1;0;0;0;0;0
203074;11;11;11300721;2018;7;10;2;2;5;2;0;0;1;0;0;0;1;0
203075;11;6;6400737;2018;7;12;6;3;5;2;0;1;1;0;0;0;0;0
203076;11;8;8100314;2018;7;18;4;3;2;2;0;1;1;0;0;0;0;0
203077;11;2;2500831;2018;7;12;4;3;6;4;0;0;1;1;0;0;0;0
203078;11;6;6200420;2018;7;10;6;3;5;3;0;0;1;0;1;0;0;0
203079;11;7;7501029;2018;7;10;2;3;1;5;0;0;1;0;0;0;0;0
203080;11;2;2100104;2018;7;10;6;3;1;5;0;1;1;0;0;0;0;0
203081;11;1;1200520;2018;7;11;4;3;5;2;0;1;1;0;0;0;0;0
203082;11;1;1100310;2018;7;8;6;3;5;2;0;1;1;0;0;0;0;0
203083;11;10;10300731;2018;7;10;2;2;5;3;0;0;1;0;1;0;0;0
203084;11;9;9200510;2018;7;8;6;3;0;2;0;1;1;0;0;0;0;0
203085;11;1;1100308;2018;7;11;4;3;6;7;0;0;1;1;0;0;0;0
203086;11;5;5300737;2018;7;9;2;3;3;6;0;0;1;0;0;1;0;0
203087;11;10;10100313;2018;7;15;4;3;2;6;0;0;1;0;0;0;0;0
203088;11;3;3701554;2018;7;14;6;3;5;2;0;1;1;0;0;0;0;0
203089;11;8;8401245;2018;7;9;2;3;0;6;0;0;0;0;0;0;1;0
203090;11;8;8401241;2018;7;7;6;3;6;2;0;0;1;1;0;0;0;0
203091;11;9;9200511;2018;7;15;4;3;2;6;0;1;0;0;0;0;1;0
203092;11;6;6200421;2018;7;14;4;3;2;6;0;0;1;0;1;0;0;0
203093;11;1;1200522;2018;7;9;2;3;0;2;0;0;1;0;1;0;0;0
203094;11;1;1100207;2018;7;14;4;3;6;4;0;1;0;1;0;0;0;0
203095;11;2;2300316;2018;7;7;6;3;1;5;0;1;1;0;0;0;0;0
203096;11;7;7100206;2018;7;8;2;3;4;6;0;1;0;0;0;0;0;0
203097;11;12;12200412;2018;7;17;6;3;5;7;0;0;1;0;1;0;0;0
203098;11;7;7100102;2018;7;13;4;3;3;6;0;0;0;0;1;0;1;0
203099;11;5;5100317;2018;7;13;4;3;2;6;0;0;1;0;0;0;0;0
203100;11;1;1300834;2018;7;17;6;3;0;7;0;1;0;0;0;0;0;0
203101;11;1;1200519;2018;7;7;2;3;5;7;0;1;1;0;0;0;0;0
203102;11;1;1100309;2018;7;18;6;3;5;2;0;0;1;0;1;0;0;0
203103;11;10;10100316;2018;7;13;4;3;5;2;0;1;1;0;0;0;0;0
203104;11;11;11100101;2018;7;14;6;3;2;2;0;0;1;0;0;0;0;0
203105;11;8;8300934;2018;7;5;2;3;5;3;0;0;1;0;1;0;0;0
203106;11;7;7400823;2018;7;12;6;3;0;5;0;1;0;0;0;0;1;0
203107;11;11;11401033;2018;7;17;2;3;6;7;0;0;1;1;0;0;0;0
203108;11;8;8100104;2018;7;13;4;3;6;4;0;0;0;1;1;0;0;0
203109;11;1;1200518;2018;7;20;2;3;2;2;1;0;0;0;1;0;1;0
203110;11;12;12601134;2018;7;13;4;3;2;6;0;0;1;0;0;0;0;0
203111;11;5;5300736;2018;7;11;6;2;0;2;0;1;1;0;0;0;0;0
203112;11;1;1100415;2018;7;20;2;3;3;6;0;1;1;0;0;0;0;0
203113;11;7;7400823;2018;7;10;6;2;5;2;0;0;1;0;1;0;0;0
203114;11;2;2100103;2018;7;12;4;3;2;6;0;1;1;0;0;0;0;0
203115;11;6;6100102;2018;7;12;4;3;6;2;0;0;1;1;0;0;0;0
203116;11;11;11300721;2018;7;9;6;3;2;2;0;0;1;0;0;0;0;0
203117;11;1;1100103;2018;7;17;2;3;5;3;0;0;1;0;1;0;0;0
203118;11;2;2400623;2018;7;11;4;2;5;3;0;1;0;0;0;0;1;0
203119;11;11;11200512;2018;7;9;4;3;5;7;0;0;1;0;0;0;0;0
203120;11;6;6100205;2018;7;7;6;2;5;2;0;1;0;0;0;1;0;0
203121;11;4;4400832;2018;7;17;2;3;5;2;0;1;1;0;0;0;0;0
203122;11;4;4200311;2018;7;1;6;3;9;1;2;0;1;0;0;0;0;0
203123;11;3;3601245;2018;7;17;2;3;5;2;0;0;1;0;0;0;0;0
203124;11;9;9501736;2018;7;9;4;3;2;6;0;0;1;0;0;0;0;0
203125;11;9;9200510;2018;7;16;2;3;2;2;0;0;1;0;0;1;0;0
203126;11;3;3300411;2018;7;21;6;3;5;3;1;1;0;0;0;0;0;1
203127;11;3;3200206;2018;7;15;2;3;5;3;0;1;1;0;0;0;0;0
203128;11;4;4300622;2018;7;14;2;3;5;2;0;1;1;0;0;0;0;0
203129;11;1;1100102;2018;7;8;4;2;5;2;0;0;1;0;1;0;0;0
203130;11;7;7400721;2018;7;19;6;2;6;4;0;1;0;1;0;0;0;0
203131;11;6;6200314;2018;7;14;2;3;1;5;0;1;1;0;0;0;0;0
203132;11;2;2100106;2018;7;20;6;3;5;2;1;0;1;0;0;0;0;0
203133;11;8;8200832;2018;7;7;4;2;2;2;0;0;1;0;1;0;0;0
203134;11;8;8401244;2018;7;7;4;3;7;7;0;0;1;0;0;0;0;0
203135;11;9;9501737;2018;7;13;2;3;5;3;0;0;1;0;1;0;0;0
203136;11;8;8100311;2018;7;20;6;3;1;5;0;1;1;0;0;0;0;0
203137;11;11;11300721;2018;7;13;2;3;2;6;0;0;0;0;0;0;1;0
203138;11;1;1100102;2018;7;9;4;3;0;5;0;1;1;0;0;0;0;0
203139;11;4;4501040;2018;7;13;2;3;1;5;0;1;1;0;0;0;0;0
203140;11;8;8100520;2018;7;22;4;3;5;2;2;0;1;0;0;0;0;0
203141;11;2;2300417;2018;7;19;6;3;2;4;1;1;0;1;0;0;0;0
203142;11;4;4300619;2018;7;12;2;3;6;7;0;0;1;1;0;0;0;0
203143;11;4;4100102;2018;7;19;4;3;5;2;0;0;1;0;0;0;0;0
203144;11;11;11300722;2018;7;15;2;3;2;6;0;0;1;0;0;0;0;0
203145;11;8;8401243;2018;7;18;6;3;2;6;0;0;1;0;0;0;0;0
203146;11;5;5100317;2018;7;11;2;3;2;6;0;0;1;0;0;0;0;0
203147;11;2;2200210;2018;7;18;4;3;5;2;0;1;1;0;0;0;0;0
203148;11;8;8100415;2018;7;14;2;3;5;3;0;0;1;0;0;0;1;0
203149;11;8;8401246;2018;7;9;6;3;5;3;0;1;1;0;0;0;0;0
203150;11;9;9401432;2018;7;18;2;2;5;3;0;1;0;0;1;0;0;0
203151;11;2;2200210;2018;7;17;5;3;5;3;0;1;1;0;0;0;0;0
203152;11;3;3500934;2018;7;17;4;3;0;2;0;1;1;0;0;0;0;0
203153;11;9;9501939;2018;7;17;5;3;5;3;0;1;1;0;0;0;0;0
203154;11;7;7300619;2018;7;17;2;2;5;3;0;0;1;0;1;0;1;0
203155;11;11;11400929;2018;7;14;4;3;5;7;0;0;1;0;0;0;0;0
203156;11;6;6400838;2018;7;16;2;2;0;1;0;1;0;0;0;0;0;0
203157;11;1;1100102;2018;7;15;4;3;1;5;0;1;1;0;0;0;1;0
203158;11;2;2500831;2018;7;22;5;3;5;3;2;0;1;0;1;0;0;0
203159;11;4;4300624;2018;7;16;2;3;1;5;0;1;1;0;0;0;0;0
203160;11;12;12200309;2018;7;19;5;3;5;3;0;1;1;0;0;0;0;0
203161;11;9;9100101;2018;7;22;4;2;1;5;2;1;1;0;0;0;0;0
203162;11;7;7601443;2018;7;22;4;2;1;5;2;1;1;0;0;0;0;0
203163;11;12;12500929;2018;7;19;5;3;4;6;0;0;0;0;0;0;1;0
203164;11;2;2400623;2018;7;10;2;3;1;6;0;1;1;0;0;1;0;0
203165;11;11;11300725;2018;7;18;5;3;4;6;0;0;1;0;0;0;0;0
203166;11;3;3300516;2018;7;19;4;2;1;5;0;1;1;0;0;0;0;0
203167;11;11;11100102;2018;7;17;4;2;5;2;0;1;1;0;0;0;0;0
203168;11;1;1300733;2018;7;18;5;3;1;7;0;1;1;0;0;0;0;0
203169;11;4;4200311;2018;7;20;1;2;1;5;0;1;1;0;0;0;0;0
203170;11;5;5100313;2018;7;18;5;3;5;2;0;0;1;0;1;0;0;0
203171;11;11;11501339;2018;7;21;4;1;5;2;2;1;0;0;0;0;1;0
203172;11;11;11501340;2018;7;18;5;3;1;1;0;0;1;0;1;0;0;0
203173;11;4;4100101;2018;7;14;1;3;0;6;0;0;1;0;1;0;0;0
203174;11;12;12200308;2018;7;21;5;3;2;6;1;0;1;0;0;0;0;0
203175;11;11;11200513;2018;7;10;3;3;2;6;0;0;1;0;0;0;0;0
203176;11;1;1100309;2018;7;13;1;3;0;3;0;1;1;0;0;0;0;0
203177;11;1;1100102;2018;7;20;3;3;6;7;0;0;0;1;1;0;0;0
203178;11;1;1200628;2018;7;20;5;3;0;2;0;0;1;0;0;0;1;0
203179;11;7;7100206;2018;7;13;1;3;5;3;0;1;1;0;0;0;0;0
203180;11;2;2400521;2018;7;21;5;2;5;3;2;1;1;0;0;0;0;0
203181;11;3;3400721;2018;7;21;3;3;3;6;1;0;1;0;0;0;1;0
203182;11;4;4501042;2018;7;20;3;3;5;7;0;0;1;0;1;0;0;0
203183;11;1;1100103;2018;7;19;5;3;0;2;0;1;1;0;1;0;0;0
203184;11;9;9200715;2018;7;13;1;3;6;2;0;0;1;1;0;0;0;0
203185;11;6;6300629;2018;7;18;5;2;5;2;0;1;1;0;0;0;0;0
203186;11;4;4501150;2018;7;17;3;3;5;2;0;1;1;0;0;0;0;0
203187;11;2;2100102;2018;7;13;1;3;5;3;0;0;1;0;0;0;0;0
203188;11;5;5100314;2018;7;16;5;2;5;3;0;1;1;0;0;0;0;0
203189;11;5;5200423;2018;7;13;1;3;5;3;0;1;1;0;0;0;0;0
203190;11;12;12100205;2018;7;12;3;3;0;2;0;1;1;0;0;0;0;0
203191;11;4;4500937;2018;7;13;1;3;4;6;0;1;0;0;0;0;0;0
203192;11;6;6400844;2018;7;6;3;3;5;3;0;1;1;0;0;0;0;0
203193;11;1;1200628;2018;7;17;5;3;0;3;0;0;1;0;1;0;0;0
203194;11;1;1200517;2018;7;17;5;2;2;6;0;0;1;0;1;0;0;0
203195;11;4;4300624;2018;7;12;1;3;2;6;0;0;1;0;1;0;0;0
203196;11;3;3400725;2018;7;17;5;3;5;3;0;1;0;0;0;0;1;0
203197;11;2;2500835;2018;7;7;3;3;0;2;0;0;1;0;0;0;0;0
203198;11;1;1200519;2018;7;11;1;3;1;5;0;0;1;0;0;0;1;0
203199;11;7;7100205;2018;7;0;3;3;0;2;2;0;1;0;0;0;0;0
203200;11;6;6300629;2018;7;17;5;3;5;3;0;0;1;0;0;0;0;0
203201;11;4;4200207;2018;7;10;1;3;2;6;0;0;1;0;1;0;0;0
203202;11;1;1300836;2018;7;17;5;3;2;6;0;0;1;0;0;0;0;0
203203;11;2;2100102;2018;7;11;3;3;2;6;0;1;1;0;0;0;0;0
203204;11;3;3300516;2018;7;12;3;3;0;1;0;1;1;0;0;0;0;0
203205;11;10;10200417;2018;7;17;5;3;2;6;0;0;1;0;0;1;0;0
203206;11;11;11100204;2018;7;10;1;3;8;1;0;0;0;0;1;0;0;0
203207;11;1;1100207;2018;7;16;5;3;2;6;0;1;1;0;0;0;0;0
203208;11;8;8300935;2018;7;9;1;3;1;5;0;1;1;0;0;0;0;0
203209;11;4;4300620;2018;7;20;3;2;5;7;0;0;1;0;1;0;0;0
203210;11;2;2500833;2018;7;1;1;2;1;5;2;1;1;0;0;0;1;0
203211;11;4;4400832;2018;7;15;5;2;5;2;0;1;0;0;0;1;0;0
203212;11;1;1100207;2018;7;16;1;3;5;3;0;1;1;0;0;0;0;0
203213;11;1;1100103;2018;7;18;7;3;5;2;0;0;1;0;1;0;0;0
203214;11;5;5200420;2018;7;20;3;3;5;2;0;1;1;0;0;0;0;0
203215;11;12;12100205;2018;7;15;5;3;2;6;0;0;1;0;0;0;1;0
203216;11;6;6100103;2018;7;18;7;3;3;6;0;1;1;0;0;0;0;0
203217;11;4;4500937;2018;7;15;5;3;6;2;0;0;1;1;0;0;0;0
203218;11;11;11300619;2018;7;19;3;2;6;4;0;0;1;1;0;0;0;0
203219;11;11;11100204;2018;7;15;5;3;5;2;0;1;1;0;0;0;0;0
203220;11;5;5100209;2018;7;17;7;3;5;2;0;0;1;0;1;0;0;0
203221;11;5;5100211;2018;7;16;7;3;2;6;0;1;0;0;0;0;0;0
203222;11;8;8401241;2018;7;15;5;3;8;1;0;0;0;0;1;0;0;0
203223;11;1;1400942;2018;7;17;3;3;2;6;0;0;1;0;0;0;0;0
203224;11;1;1200627;2018;7;18;3;2;6;4;0;0;1;1;0;0;0;0
203225;11;12;12200309;2018;7;16;7;3;2;2;0;0;1;0;1;0;0;0
203226;11;2;2100102;2018;7;15;5;3;5;3;0;1;1;0;0;0;0;0
203227;11;6;6300634;2018;7;13;7;3;0;2;0;0;1;0;1;0;0;0
203228;11;6;6300634;2018;7;18;3;3;0;5;0;1;1;0;0;0;0;0
203229;11;12;12400721;2018;7;12;7;3;5;3;0;1;1;0;0;0;0;0
203230;11;8;8100314;2018;7;18;3;3;5;2;0;0;1;0;0;0;0;0
203231;11;5;5100208;2018;7;17;5;3;2;6;0;0;1;0;0;0;0;0
203232;11;6;6100210;2018;7;12;7;3;1;5;0;1;1;0;0;0;0;0
203233;11;2;2100104;2018;7;9;3;3;5;2;0;1;0;0;0;0;1;0
203234;11;5;5200528;2018;7;10;7;3;0;2;0;1;1;0;0;0;0;0
203235;11;8;8200725;2018;7;7;3;2;1;1;0;0;0;0;1;1;1;0
203236;11;2;2200208;2018;7;15;5;2;5;1;0;1;1;0;0;0;0;0
203237;11;9;9200512;2018;7;10;7;3;5;2;0;0;1;0;1;0;0;0
203238;11;1;1300834;2018;7;10;5;3;5;3;0;1;0;0;0;0;1;0
203239;11;9;9100408;2018;7;6;3;3;9;1;0;0;0;0;1;0;0;0
203240;11;7;7601340;2018;7;10;5;3;1;5;0;0;1;0;0;0;1;0
203241;11;4;4501042;2018;7;14;7;3;5;2;0;1;1;0;0;0;0;0
203242;11;3;3701555;2018;7;8;5;3;5;3;0;1;1;0;0;0;0;0
203243;11;6;6100209;2018;7;11;3;3;5;3;0;0;1;0;0;0;0;0
203244;11;4;4501043;2018;7;13;7;3;1;5;0;1;1;0;0;0;0;0
203245;11;12;12100103;2018;7;17;3;3;3;6;0;0;1;0;0;0;0;0
203246;11;5;5400942;2018;7;8;5;2;2;6;0;0;1;0;0;0;0;0
203247;11;7;7400927;2018;7;12;7;3;0;1;0;0;0;0;1;0;0;0
203248;11;4;4300619;2018;7;16;3;3;5;3;0;1;0;0;1;0;0;0
203249;11;7;7300515;2018;7;13;7;2;9;1;0;0;0;0;1;0;0;0
203250;11;11;11100308;2018;7;16;3;3;6;4;0;1;0;1;0;0;0;0
203251;11;11;11300721;2018;7;14;5;3;5;3;0;0;1;0;0;0;0;0
203252;11;5;5100211;2018;7;0;7;3;0;1;2;0;0;0;1;0;0;0
203253;11;9;9100408;2018;7;7;5;3;5;2;0;1;1;0;0;0;0;0
203254;11;12;12100101;2018;7;16;3;2;5;2;0;0;1;0;0;0;0;0
203255;11;3;3601140;2018;7;15;3;3;0;2;0;1;1;0;0;0;0;0
203256;11;1;1100206;2018;7;13;5;2;2;6;0;0;0;0;1;1;0;0
203257;11;9;9501838;2018;7;19;7;2;2;7;0;0;1;0;0;0;0;0
203258;11;8;8100416;2018;7;13;5;3;5;3;0;0;1;0;0;0;1;0
203259;11;9;9200819;2018;7;15;3;3;5;2;0;1;0;0;0;0;1;0
203260;11;5;5100211;2018;7;13;5;3;0;6;0;0;1;0;1;0;0;0
203261;11;2;2200213;2018;7;19;7;3;1;5;0;0;1;0;1;0;0;0
203262;11;6;6300633;2018;7;6;5;3;1;7;0;0;1;0;0;0;0;0
203263;11;2;2400624;2018;7;15;3;3;1;5;0;1;1;0;0;0;0;0
203264;11;9;9501838;2018;7;19;7;3;1;5;0;1;1;0;0;0;0;0
203265;11;8;8300935;2018;7;14;3;3;0;6;0;0;0;0;1;0;1;0
203266;11;9;9200715;2018;7;13;5;2;5;3;0;0;1;0;0;0;0;0
203267;11;5;5200528;2018;7;18;7;3;5;2;0;0;0;0;1;0;0;0
203268;11;5;5200629;2018;7;13;5;3;6;4;0;1;0;1;0;0;0;0
203269;11;2;2100104;2018;7;14;3;3;0;3;0;0;1;0;1;0;0;0
203270;11;4;4501148;2018;7;14;3;3;5;7;0;0;1;0;1;0;0;0
203271;11;6;6100207;2018;7;13;5;3;6;2;0;0;1;1;0;0;0;0
203272;11;6;6200422;2018;7;14;6;3;5;3;0;1;0;0;0;1;0;0
203273;11;3;3400826;2018;7;12;5;3;5;3;0;0;1;0;0;0;0;0
203274;11;10;10100102;2018;7;8;6;3;5;3;0;1;0;0;0;0;1;0
203275;11;11;11200411;2018;7;12;5;3;5;3;0;0;1;0;0;0;0;0
203276;11;9;9502043;2018;7;13;3;3;5;3;0;1;1;0;0;0;0;0
203277;11;1;1401048;2018;7;13;3;3;4;5;0;0;1;0;1;0;0;0
203278;11;8;8100314;2018;7;12;5;3;1;5;0;0;1;0;1;0;0;0
203279;11;1;1100416;2018;7;8;6;3;1;5;0;1;1;0;0;0;0;0
203280;11;7;7300517;2018;7;11;5;3;1;5;0;0;1;0;0;0;0;0
203281;11;4;4501043;2018;7;14;2;3;5;3;0;0;1;0;0;0;0;0
203282;11;5;5100316;2018;7;10;5;2;5;2;0;0;1;0;0;0;0;0
203283;11;7;7601545;2018;7;7;6;3;6;4;0;1;0;1;0;0;0;0
203284;11;4;4200308;2018;7;10;5;3;2;6;0;0;1;0;0;1;0;0
203285;11;3;3100103;2018;7;7;6;3;5;3;0;0;1;0;0;0;0;0
203286;11;11;11501339;2018;7;13;2;3;2;6;0;0;0;0;1;0;1;0
203287;11;8;8100311;2018;7;5;6;3;1;5;0;1;1;0;0;0;0;0
203288;11;1;1300733;2018;7;12;2;3;6;7;0;0;1;1;0;0;0;0
203289;11;11;11200513;2018;7;8;5;3;5;3;0;1;1;0;0;0;0;0
203290;11;12;12200412;2018;7;1;6;2;1;1;2;0;1;0;1;0;0;0
203291;11;12;12500926;2018;7;10;5;2;5;2;0;0;1;0;1;0;0;0
203292;11;2;2400521;2018;7;9;2;3;2;2;0;1;1;0;0;0;0;0
203293;11;5;5200629;2018;7;17;2;3;0;6;0;0;1;0;0;0;1;0
203294;11;10;10200421;2018;7;18;4;3;2;6;0;0;1;0;0;0;0;0
203295;11;1;1100101;2018;7;22;6;3;0;1;2;0;1;0;1;0;0;0
203296;11;2;2200210;2018;7;0;4;2;6;4;2;0;1;1;0;0;0;0
203297;11;6;6100206;2018;7;18;6;3;3;2;0;0;1;0;0;1;0;0
203298;11;3;3100101;2018;7;15;2;3;5;3;0;1;1;0;0;0;0;0
203299;11;7;7100205;2018;7;17;6;3;5;7;0;1;1;0;0;0;0;0
203300;11;1;1300733;2018;7;8;4;3;5;2;0;1;1;0;0;0;0;0
203301;11;7;7400823;2018;7;17;6;3;5;3;0;0;1;0;1;0;0;0
203302;11;1;1100308;2018;7;18;2;3;1;5;0;1;1;0;0;0;0;0
203303;11;2;2400623;2018;7;19;2;3;5;3;0;1;1;0;0;0;0;0
203304;11;2;2400521;2018;7;16;6;3;5;3;0;0;1;0;1;0;0;0
203305;11;7;7200409;2018;7;9;4;3;0;7;0;0;0;0;1;0;0;1
203306;11;7;7501029;2018;7;16;6;3;2;2;0;0;1;0;0;0;0;0
203307;11;9;9501939;2018;7;17;2;3;6;4;0;1;0;1;0;0;0;0
203308;11;12;12200411;2018;7;15;6;3;5;7;0;0;1;0;0;0;0;0
203309;11;1;1401049;2018;7;21;2;3;6;4;2;0;0;1;0;0;1;0
203310;11;4;4300621;2018;7;8;4;3;5;3;0;1;1;0;0;0;0;0
203311;11;4;4400833;2018;7;15;6;3;5;5;0;0;1;0;1;0;0;0
203312;11;1;1100310;2018;7;9;4;3;2;6;0;1;0;0;0;0;1;0
203313;11;3;3400725;2018;7;19;2;3;5;2;0;0;1;0;1;0;0;0
203314;11;3;3400828;2018;7;20;2;3;5;3;0;0;1;0;0;0;0;0
203315;11;3;3300412;2018;7;21;6;3;4;6;2;1;1;0;0;0;0;0
203316;11;9;9200510;2018;7;10;4;3;5;2;0;0;1;0;1;0;0;0
203317;11;4;4300622;2018;7;19;6;3;2;6;0;0;1;0;0;0;0;0
203318;11;1;1100312;2018;7;19;2;3;1;5;0;1;0;0;0;0;1;0
203319;11;4;4400830;2018;7;19;6;3;5;3;1;1;0;0;0;0;0;0
203320;11;6;6200420;2018;7;16;2;3;5;3;0;0;1;0;0;0;0;0
203321;11;6;6300528;2018;7;12;4;3;2;6;0;0;1;0;0;0;0;0
203322;11;4;4200308;2018;7;18;6;3;8;1;0;0;1;0;0;0;0;0
203323;11;5;5200630;2018;7;15;2;3;2;6;0;0;1;0;0;0;0;0
203324;11;4;4300517;2018;7;14;2;3;3;6;0;1;0;0;0;0;0;0
203325;11;6;6400737;2018;7;12;4;3;5;3;0;0;1;0;0;0;0;0
203326;11;10;10200524;2018;7;19;6;3;6;4;0;0;1;1;0;0;0;0
203327;11;3;3501037;2018;7;19;4;3;5;2;0;1;1;0;0;0;0;0
203328;11;8;8300935;2018;7;15;6;3;5;3;0;0;1;0;0;0;1;0
203329;11;6;6300629;2018;7;13;2;3;5;2;0;1;1;0;0;0;0;0
203330;11;8;8401243;2018;7;7;4;3;0;6;0;1;1;0;0;0;0;0
203331;11;4;4501040;2018;7;15;6;3;6;4;0;0;1;1;0;0;0;0
203332;11;6;6300525;2018;7;18;4;3;3;6;0;0;0;0;1;0;1;0
203333;11;1;1100206;2018;7;12;2;3;1;5;0;1;1;0;0;0;0;0
203334;11;8;8401242;2018;7;16;4;3;0;2;0;1;1;0;0;0;0;0
203335;11;4;4200207;2018;7;8;6;3;5;3;0;1;1;0;0;0;0;0
203336;11;5;5200420;2018;7;21;2;3;0;2;1;0;1;0;0;0;1;0
203337;11;3;3400724;2018;7;16;6;3;1;5;0;0;1;0;0;0;0;0
203338;11;1;1300732;2018;7;22;2;2;6;4;1;0;1;1;0;0;0;0
203339;11;12;12400619;2018;7;16;4;3;4;6;0;0;1;0;0;0;0;0
203340;11;1;1100102;2018;7;11;6;3;2;6;0;0;1;0;0;0;0;0
203341;11;8;8100208;2018;7;16;4;3;2;6;0;0;1;0;0;0;1;0
203342;11;12;12500929;2018;7;20;2;2;0;1;0;0;0;0;1;0;0;0
203343;11;1;1200520;2018;7;18;2;3;1;5;0;1;1;0;0;0;0;0
203344;11;1;1200623;2018;7;16;4;3;5;2;0;1;1;0;0;0;0;0
203345;11;11;11300721;2018;7;11;6;3;2;6;0;0;1;0;0;1;0;0
203346;11;8;8401241;2018;7;16;4;3;5;3;0;0;1;0;0;0;1;0
203347;11;1;1200628;2018;7;13;2;2;6;4;0;0;1;1;0;0;0;0
203348;11;8;8401244;2018;7;15;4;2;5;3;0;0;1;0;0;0;0;0
203349;11;5;5100317;2018;7;12;6;3;2;6;0;0;1;0;0;0;0;0
203350;11;1;1401043;2018;7;15;4;3;5;3;0;0;1;0;0;0;0;0
203351;11;5;5100101;2018;7;13;2;2;0;1;0;0;1;0;1;0;0;0
203352;11;7;7501134;2018;7;13;2;3;0;1;0;0;0;0;1;0;0;0
203353;11;3;3400620;2018;7;15;4;3;6;4;0;0;1;1;0;0;0;0
203354;11;9;9200717;2018;7;13;6;3;5;2;0;0;1;0;1;0;0;0
203355;11;5;5100316;2018;7;15;4;3;0;1;0;0;1;0;1;0;0;0
203356;11;12;12601032;2018;7;12;2;3;1;5;0;0;1;0;0;0;0;0
203357;11;1;1100205;2018;7;7;6;3;5;3;0;1;1;0;0;0;0;0
203358;11;4;4501042;2018;7;0;2;3;5;3;2;0;1;0;0;0;0;0
203359;11;9;9100409;2018;7;15;4;3;2;6;0;1;1;0;0;0;0;0
203360;11;8;8100521;2018;7;5;6;3;5;7;0;1;1;0;0;0;0;0
203361;11;6;6400843;2018;7;14;4;3;5;3;0;0;1;0;0;0;0;0
203362;11;1;1100415;2018;7;2;2;3;0;1;2;1;0;0;0;0;0;0
203363;11;10;10400939;2018;7;6;2;3;8;1;0;0;1;0;0;0;0;0
203364;11;8;8200727;2018;7;14;4;3;5;2;0;1;1;0;0;0;0;0
203365;11;11;11200515;2018;7;13;6;3;5;3;0;0;1;0;1;0;0;0
203366;11;1;1100308;2018;7;13;4;3;2;6;0;0;1;0;0;0;0;0
203367;11;2;2100103;2018;7;7;2;3;3;6;0;0;1;0;0;0;0;0
203368;11;2;2300419;2018;7;13;4;3;5;3;0;1;0;0;0;0;0;0
203369;11;3;3701556;2018;7;8;6;3;2;3;0;1;1;0;0;0;0;0
203370;11;5;5100101;2018;7;11;4;2;2;6;0;0;1;0;1;0;0;0
203371;11;4;4501042;2018;7;13;6;3;2;6;0;0;1;0;0;0;1;0
203372;11;1;1401049;2018;7;8;2;3;0;2;0;1;1;0;0;0;0;0
203373;11;5;5300735;2018;7;9;6;3;5;2;0;0;1;0;1;0;0;0
203374;11;7;7400721;2018;7;8;2;3;5;3;0;0;1;0;0;0;0;0
203375;11;8;8100419;2018;7;23;4;3;4;6;2;1;1;0;0;0;0;0
203376;11;1;1100101;2018;7;10;6;3;5;2;0;1;0;0;0;1;0;0
203377;11;5;5200629;2018;7;23;4;3;5;3;2;0;1;0;1;0;0;0
203378;11;3;3500934;2018;7;8;2;3;5;3;0;0;1;0;0;0;0;0
203379;11;1;1100206;2018;7;8;2;3;2;7;0;1;0;0;0;0;0;0
203380;11;2;2200213;2018;7;10;6;3;5;2;0;0;1;0;0;0;0;0
203381;11;3;3400828;2018;7;9;2;3;1;5;0;1;1;0;0;0;0;0
203382;11;7;7601341;2018;7;21;4;3;5;3;1;0;1;0;0;0;0;0
203383;11;9;9200715;2018;7;13;6;2;5;2;0;0;1;0;0;0;0;0
203384;11;4;4400727;2018;7;20;4;3;3;6;1;0;1;0;1;0;0;0
203385;11;1;1300835;2018;7;9;2;3;5;2;0;1;1;0;0;0;0;0
203386;11;4;4300416;2018;7;9;2;3;3;6;0;1;1;0;0;0;0;0
203387;11;7;7100101;2018;7;20;4;3;5;2;0;1;1;0;0;0;0;0
203388;11;1;1200623;2018;7;9;6;3;2;6;0;1;0;0;0;0;0;0
203389;11;3;3601243;2018;7;19;4;3;1;5;0;1;1;0;0;0;0;0
203390;11;12;12200309;2018;7;7;6;3;2;6;0;0;1;0;0;0;0;0
203391;11;7;7501133;2018;7;9;2;3;5;2;0;0;1;0;0;1;0;0
203392;11;1;1401049;2018;7;6;6;3;5;3;0;1;1;0;0;0;0;0
203393;11;4;4200309;2018;7;18;4;2;5;3;0;0;1;0;0;0;0;0
203394;11;12;12601235;2018;7;7;6;2;5;2;0;1;1;0;0;0;0;0
203395;11;9;9200614;2018;7;8;6;3;5;3;0;1;1;0;0;0;0;0
203396;11;1;1100102;2018;7;9;2;3;5;2;0;1;0;0;1;0;0;0