OBJECTID;LAND;BEZ;LOR_ab_2021;UJAHR;UMONAT;USTUNDE;UWOCHENTAG;UKATEGORIE;UART;UTYP1;ULICHTVERH;IstRad;IstPKW;IstFuss;IstKrad;IstGkfz;IstSonstige;USTRZUSTAND
203397;11;2;2300417;2018;7;18;4;3;5;3;0;1;1;0;0;0;0;0
203398;11;1;1200626;2018;7;9;6;3;0;1;0;1;0;0;0;0;0;0
203399;11;7;7601443;2018;7;18;4;3;5;2;0;1;1;0;0;0;0;0
203400;11;5;5200629;2018;7;10;2;3;3;6;0;0;1;0;0;0;1;0
203401;11;1;1100309;2018;7;10;2;3;2;7;0;0;1;0;0;0;0;0
203402;11;1;1100308;2018;7;12;4;3;0;1;0;0;0;0;1;0;0;0
203403;11;9;9401635;2018;7;14;6;3;4;7;0;0;1;0;0;0;0;0
203404;11;6;6300630;2018;7;10;2;3;5;7;0;0;1;0;1;0;0;0
203405;11;4;4300624;2018;7;0;6;3;0;1;2;1;0;0;0;0;0;0
203406;11;4;4501148;2018;7;16;5;2;1;5;0;1;1;0;0;0;1;0
203407;11;4;4200308;2018;7;22;3;3;5;2;2;1;1;0;0;0;0;0
203408;11;4;4400835;2018;7;23;5;3;1;1;2;1;1;0;0;0;0;0
203409;11;4;4501152;2018;7;10;2;3;2;6;0;0;1;0;0;0;0;0
203410;11;1;1100206;2018;7;21;5;3;0;2;1;1;1;0;0;0;0;0
203411;11;10;10400941;2018;7;10;2;2;5;2;0;0;0;0;1;1;0;0
203412;11;3;3400722;2018;7;19;3;3;1;5;0;0;1;0;1;0;0;0
203413;11;1;1300733;2018;7;15;5;3;1;5;0;1;1;0;0;0;0;0
203414;11;5;5100105;2018;7;11;2;3;2;2;0;0;1;0;0;0;0;0
203415;11;7;7300619;2018;7;7;5;3;1;5;0;1;1;0;0;0;0;0
203416;11;8;8100419;2018;7;11;2;3;5;3;0;0;1;0;0;0;0;0
203417;11;5;5100314;2018;7;18;3;3;6;4;0;0;1;1;0;0;0;0
203418;11;7;7200307;2018;7;21;5;3;9;1;1;0;1;0;0;0;0;0
203419;11;3;3400826;2018;7;18;3;3;9;1;0;0;1;0;0;0;0;0
203420;11;1;1300835;2018;7;8;2;3;0;4;0;0;1;1;0;0;0;0
203421;11;5;5300736;2018;7;18;3;3;5;7;0;0;1;0;0;1;0;0
203422;11;1;1100103;2018;7;22;5;3;2;2;2;1;1;0;0;0;0;0
203423;11;3;3400723;2018;7;12;1;3;5;3;0;1;1;0;0;0;0;0
203424;11;7;7100205;2018;7;20;5;3;5;2;0;1;1;0;0;0;0;0
203425;11;1;1100416;2018;7;16;1;2;0;1;0;1;0;0;0;0;0;0
203426;11;1;1401045;2018;7;18;3;3;2;7;0;0;1;0;0;0;1;0
203427;11;1;1100308;2018;7;20;5;3;1;5;0;1;1;0;0;0;0;0
203428;11;2;2300316;2018;7;17;3;2;5;2;0;1;1;0;0;0;0;0
203429;11;4;4400729;2018;7;13;1;2;4;6;0;0;1;0;0;0;0;0
203430;11;2;2500830;2018;7;15;1;3;6;7;0;0;1;1;0;0;0;0
203431;11;10;10400938;2018;7;16;3;2;2;5;0;0;1;0;1;0;0;0
203432;11;10;10400940;2018;7;19;5;2;5;3;0;1;1;0;0;0;0;0
203433;11;7;7501133;2018;7;17;1;3;0;7;0;0;0;0;1;0;1;1
203434;11;5;5100208;2018;7;16;3;3;2;6;0;0;1;0;0;0;0;0
203435;11;2;2500726;2018;7;18;5;3;5;3;0;1;1;0;0;0;0;0
203436;11;8;8401139;2018;7;14;1;3;5;2;0;0;1;0;0;0;0;0
203437;11;6;6400735;2018;7;15;1;2;1;5;0;1;1;0;0;0;0;0
203438;11;4;4300622;2018;7;16;3;3;5;3;0;0;1;0;0;0;0;0
203439;11;4;4300622;2018;7;18;5;3;2;6;0;0;1;0;1;0;0;0
203440;11;3;3400827;2018;7;16;3;3;1;5;0;1;1;0;0;0;0;0
203441;11;4;4200311;2018;7;15;1;3;0;3;0;0;1;0;1;0;0;0
203442;11;7;7601236;2018;7;15;3;3;5;2;0;1;1;0;0;0;0;0
203443;11;8;8100415;2018;7;19;5;3;2;2;0;0;1;0;1;0;0;0
203444;11;6;6100209;2018;7;15;3;3;5;3;0;1;1;0;0;0;0;0
203445;11;12;12400723;2018;7;14;1;2;5;3;0;0;1;0;1;0;0;0
203446;11;5;5200630;2018;7;17;5;3;5;3;0;0;1;0;0;0;0;0
203447;11;6;6300632;2018;7;10;1;2;5;3;0;1;1;0;0;0;0;0
203448;11;4;4200310;2018;7;15;3;2;5;2;0;1;1;0;0;0;0;0
203449;11;1;1100310;2018;7;17;5;3;2;2;0;0;0;0;1;0;0;0
203450;11;4;4100102;2018;7;14;3;3;3;6;0;0;0;0;1;0;1;0
203451;11;1;1100310;2018;7;9;1;3;0;4;0;0;0;1;0;0;1;0
203452;11;8;8100312;2018;7;12;1;3;2;6;0;1;1;0;0;0;0;0
203453;11;10;10400941;2018;8;8;3;3;5;2;0;0;1;0;1;0;0;0
203454;11;1;1401048;2018;8;8;5;3;0;3;0;0;1;0;1;0;0;0
203455;11;7;7601546;2018;8;8;3;3;5;2;0;1;1;0;0;0;0;0
203456;11;1;1100310;2018;8;16;6;3;0;2;0;1;0;0;0;0;1;0
203457;11;7;7400721;2018;8;8;3;3;5;2;0;1;1;0;0;0;0;0
203458;11;4;4300413;2018;8;17;6;3;5;3;1;1;0;0;0;0;0;0
203459;11;11;11200410;2018;8;6;5;3;6;7;0;0;1;1;0;0;0;0
203460;11;1;1200522;2018;8;14;6;3;5;2;0;1;1;0;0;0;0;0
203461;11;1;1100103;2018;8;18;4;3;5;2;1;0;1;0;0;0;0;0
203462;11;2;2100106;2018;8;8;3;3;5;3;0;1;1;0;0;0;0;0
203463;11;8;8401243;2018;8;15;6;3;5;2;0;0;1;0;0;0;0;0
203464;11;4;4501045;2018;8;8;3;3;5;2;0;1;1;0;0;0;0;0
203465;11;4;4200311;2018;8;14;4;3;2;6;0;0;1;0;0;0;0;0
203466;11;7;7100103;2018;8;14;4;3;1;7;0;0;1;0;0;0;1;0
203467;11;1;1401048;2018;8;14;6;3;5;2;0;1;0;0;0;1;0;0
203468;11;6;6100209;2018;8;7;3;3;3;6;0;1;1;0;0;0;0;0
203469;11;3;3300516;2018;8;14;6;3;5;2;0;1;1;0;0;0;0;0
203470;11;9;9401635;2018;8;12;4;2;6;4;0;0;1;1;0;0;0;0
203471;11;7;7601238;2018;8;14;6;3;1;5;0;0;1;0;0;0;1;0
203472;11;4;4300620;2018;8;7;3;3;2;6;0;0;1;0;0;0;1;0
203473;11;4;4501148;2018;8;11;6;3;2;6;0;0;1;0;0;0;0;0
203474;11;1;1300836;2018;8;8;6;3;5;3;0;1;1;0;0;0;0;0
203475;11;4;4501044;2018;8;11;4;3;5;5;0;1;1;0;0;0;0;0
203476;11;1;1200623;2018;8;7;6;3;5;3;0;1;1;0;0;0;0;0
203477;11;11;11200411;2018;8;6;3;2;5;2;0;0;0;0;1;1;0;0
203478;11;5;5200629;2018;8;11;6;3;0;2;0;0;1;0;0;0;1;0
203479;11;4;4300414;2018;8;9;4;3;5;2;0;0;1;0;0;0;0;0
203480;11;7;7501134;2018;8;13;6;3;0;6;0;0;1;0;0;1;0;0
203481;11;7;7300618;2018;8;9;4;3;5;3;0;0;1;0;0;0;0;0
203482;11;8;8100311;2018;8;1;3;2;6;4;2;0;1;1;0;0;0;0
203483;11;11;11501340;2018;8;14;6;3;0;6;0;1;1;0;0;0;0;0
203484;11;6;6400844;2018;8;15;1;3;5;2;0;1;0;0;0;0;0;0
203485;11;1;1100103;2018;8;17;3;2;0;2;0;0;1;0;1;0;0;0
203486;11;1;1300733;2018;8;9;4;2;5;2;0;1;1;0;0;0;0;0
203487;11;1;1100101;2018;8;14;1;3;3;6;0;0;1;0;1;0;0;0
203488;11;2;2100101;2018;8;8;4;3;2;6;0;1;0;0;0;0;0;0
203489;11;12;12200412;2018;8;7;6;3;1;5;0;1;1;0;0;0;0;0
203490;11;3;3200205;2018;8;11;3;3;0;3;0;1;1;0;0;0;0;0
203491;11;3;3601140;2018;8;7;6;3;5;3;0;1;0;0;0;0;0;0
203492;11;10;10400938;2018;8;7;4;2;5;2;0;0;1;0;1;0;0;0
203493;11;6;6100102;2018;8;6;6;3;5;3;0;0;1;0;0;0;0;0
203494;11;1;1100102;2018;8;7;4;3;5;2;0;1;1;0;0;0;0;0
203495;11;5;5300839;2018;8;17;2;3;5;3;0;1;1;0;0;0;0;0
203496;11;9;9301228;2018;8;7;6;2;5;3;0;1;1;0;0;0;0;0
203497;11;12;12200411;2018;8;7;4;3;2;3;0;1;0;0;0;0;1;0
203498;11;10;10100313;2018;8;21;6;2;3;6;2;1;0;0;0;0;0;0
203499;11;6;6400844;2018;8;10;4;3;2;7;0;0;1;0;0;0;0;0
203500;11;2;2300314;2018;8;17;2;3;5;2;0;0;1;0;0;0;1;0
203501;11;7;7601442;2018;8;21;6;2;6;2;2;0;1;1;0;0;0;0
203502;11;4;4200308;2018;8;17;2;3;5;7;0;0;1;0;1;0;0;0
203503;11;3;3200309;2018;8;7;4;3;3;6;0;1;0;0;0;0;0;0
203504;11;1;1400939;2018;8;14;2;3;1;5;0;1;1;0;0;0;0;0
203505;11;11;11100308;2018;8;20;6;3;5;3;0;0;1;0;0;0;1;0
203506;11;12;12200309;2018;8;15;2;3;5;2;0;1;1;0;0;0;0;0
203507;11;4;4400726;2018;8;10;4;3;0;1;0;0;0;0;1;0;0;0
203508;11;10;10100311;2018;8;14;2;3;3;6;0;0;1;0;0;1;0;0
203509;11;3;3601451;2018;8;19;6;2;5;2;0;0;1;0;0;0;0;0
203510;11;4;4501041;2018;8;0;4;3;0;1;2;0;0;0;1;0;0;0
203511;11;6;6100209;2018;8;19;6;3;3;6;0;0;1;0;1;0;0;0
203512;11;1;1100415;2018;8;22;4;3;0;1;2;1;0;0;0;0;0;0
203513;11;10;10100313;2018;8;19;2;3;1;5;0;1;1;0;0;0;0;0
203514;11;6;6300632;2018;8;19;6;3;6;4;0;1;0;1;0;0;0;0
203515;11;11;11300722;2018;8;7;2;3;3;6;0;1;0;0;0;0;1;0
203516;11;9;9401534;2018;8;22;4;2;0;7;2;0;0;0;1;0;0;0
203517;11;1;1300733;2018;8;19;4;3;5;2;0;0;1;0;1;0;0;0
203518;11;4;4300624;2018;8;11;2;3;1;5;0;1;1;0;0;0;0;0
203519;11;3;3601450;2018;8;18;6;3;1;5;0;1;0;0;0;0;1;0
203520;11;12;12100204;2018;8;12;2;3;5;3;0;1;1;0;0;0;0;0
203521;11;4;4500939;2018;8;18;4;3;5;2;0;0;1;0;0;0;0;0
203522;11;12;12500929;2018;8;10;2;3;6;4;0;0;1;1;0;0;0;0
203523;11;8;8100312;2018;8;16;6;3;6;7;0;1;0;1;0;0;0;0
203524;11;4;4300620;2018;8;9;2;3;5;2;0;0;1;0;1;0;0;0
203525;11;4;4400728;2018;8;18;4;2;5;7;0;0;1;0;1;0;0;0
203526;11;10;10400939;2018;8;17;6;3;2;2;0;0;1;0;0;0;0;0
203527;11;2;2400521;2018;8;18;4;3;5;2;0;1;1;0;0;0;0;0
203528;11;12;12601031;2018;8;9;2;3;2;6;0;0;1;0;1;0;0;0
203529;11;12;12601134;2018;8;16;6;3;5;2;0;1;1;0;0;0;0;0
203530;11;2;2200212;2018;8;19;2;3;5;3;0;1;1;0;0;0;0;0
203531;11;2;2100104;2018;8;18;4;3;5;3;0;1;1;0;0;0;0;0
203532;11;4;4501146;2018;8;17;4;3;5;2;0;0;1;0;0;0;0;0
203533;11;3;3601244;2018;8;16;6;2;6;4;0;0;0;1;0;0;1;0
203534;11;6;6100207;2018;8;16;4;3;5;2;0;1;1;0;0;0;0;0
203535;11;1;1100205;2018;8;8;2;3;5;7;0;1;1;0;0;0;0;0
203536;11;4;4200203;2018;8;16;6;3;5;3;0;1;1;0;0;0;0;0
203537;11;1;1100102;2018;8;8;2;3;4;6;0;1;0;0;0;0;0;0
203538;11;2;2400521;2018;8;15;4;3;5;2;0;0;1;0;0;0;0;0
203539;11;3;3500936;2018;8;15;4;3;5;7;0;1;1;0;0;0;0;0
203540;11;7;7100101;2018;8;8;2;3;2;6;0;0;1;0;0;0;0;0
203541;11;2;2100106;2018;8;16;6;3;5;2;0;0;1;0;0;0;0;0
203542;11;2;2400521;2018;8;8;2;3;5;2;0;1;0;0;0;0;1;0
203543;11;12;12200412;2018;8;12;1;2;5;3;0;1;0;0;0;0;0;0
203544;11;7;7200307;2018;8;15;4;3;2;6;0;0;1;0;0;0;1;0
203545;11;2;2500726;2018;8;8;2;3;5;2;0;1;1;0;0;0;0;0
203546;11;4;4501149;2018;8;18;6;2;0;7;0;1;0;0;0;0;0;0
203547;11;1;1100310;2018;8;16;2;3;1;5;0;1;0;0;0;0;1;0
203548;11;1;1100416;2018;8;7;5;2;0;1;0;1;0;0;0;0;0;0
203549;11;4;4300619;2018;8;14;4;3;2;6;0;0;1;0;0;0;1;0
203550;11;1;1100310;2018;8;22;5;3;0;2;2;0;1;0;0;0;1;0
203551;11;7;7100205;2018;8;14;4;2;0;7;0;0;1;0;1;0;0;0
203552;11;1;1100207;2018;8;15;2;3;5;2;0;1;1;0;0;1;0;0
203553;11;9;9401329;2018;8;21;5;3;6;2;2;0;1;1;0;0;0;0
203554;11;9;9200511;2018;8;15;1;2;9;1;0;0;0;0;1;0;0;0
203555;11;10;10400938;2018;8;7;2;3;2;6;0;0;1;0;0;0;1;0
203556;11;3;3500932;2018;8;14;4;3;5;3;0;1;1;0;0;0;0;0
203557;11;4;4500939;2018;8;11;1;3;5;2;0;1;1;0;0;0;0;0
203558;11;11;11200411;2018;7;21;3;3;6;4;2;0;0;1;1;0;0;0
203559;11;9;9200819;2018;8;20;2;3;6;2;1;0;1;1;0;0;0;0
203560;11;8;8200832;2018;8;20;5;3;2;6;1;0;1;0;1;0;0;0
203561;11;1;1200623;2018;7;21;3;3;1;1;0;1;1;0;0;0;0;0
203562;11;6;6300528;2018;7;8;3;3;5;3;0;1;1;0;0;0;0;0
203563;11;7;7400823;2018;8;12;2;3;5;2;0;0;1;0;0;0;0;0
203564;11;8;8301037;2018;8;20;5;3;6;4;0;0;1;1;0;0;0;0
203565;11;1;1300733;2018;8;11;2;3;5;2;0;0;1;0;0;0;0;0
203566;11;1;1400937;2018;8;18;5;3;3;6;0;1;0;0;0;0;0;0
203567;11;7;7601341;2018;7;18;3;3;5;3;0;1;1;0;0;0;0;0
203568;11;11;11100102;2018;8;18;5;3;2;6;0;0;1;0;0;0;0;0
203569;11;7;7501029;2018;8;6;2;3;0;2;0;0;0;0;0;0;1;0
203570;11;1;1100415;2018;8;18;5;2;5;7;0;0;1;0;1;0;0;0
203571;11;2;2200210;2018;8;15;5;3;5;3;0;1;1;0;0;0;0;0
203572;11;10;11200515;2018;7;13;3;3;2;6;0;0;1;0;0;0;0;0
203573;11;9;9501737;2018;8;16;2;3;2;6;0;0;1;0;0;0;0;0
203574;11;4;4300619;2018;8;15;5;3;2;6;0;0;1;0;0;0;0;0
203575;11;1;1200626;2018;8;15;1;3;0;3;0;1;0;0;0;0;0;0
203576;11;10;10400837;2018;8;16;2;3;5;3;0;0;1;0;0;0;0;0
203577;11;12;12601032;2018;7;10;3;3;6;7;0;0;0;1;0;0;1;0
203578;11;2;2400521;2018;7;19;3;3;0;2;0;1;0;0;1;0;0;0
203579;11;11;11400929;2018;8;14;5;2;5;2;0;0;1;0;0;0;0;0
203580;11;4;4200308;2018;8;6;2;2;5;3;0;0;1;0;1;0;0;0
203581;11;9;9501939;2018;8;14;5;2;0;4;0;0;1;1;0;0;0;0
203582;11;1;1100309;2018;7;10;3;3;0;1;0;1;0;0;0;0;0;0
203583;11;2;2300314;2018;8;12;5;3;1;5;0;1;1;0;0;0;0;0
203584;11;1;1400942;2018;7;10;3;3;2;6;0;0;1;0;0;0;0;0
203585;11;1;1200626;2018;8;17;2;2;2;6;0;0;1;1;0;0;0;0
203586;11;7;7200409;2018;8;13;5;3;5;2;0;1;1;0;0;0;0;0
203587;11;1;1100416;2018;7;17;3;3;5;2;0;1;0;0;0;0;1;0
203588;11;6;6200422;2018;8;13;5;3;0;1;0;1;0;0;0;0;0;0
203589;11;11;11401032;2018;8;15;2;2;5;3;0;1;1;0;0;0;0;0
203590;11;7;7300618;2018;8;13;5;3;0;7;0;0;1;0;0;0;0;0
203591;11;12;12200309;2018;7;9;3;2;3;6;0;1;0;0;0;0;0;0
203592;11;10;10300731;2018;8;2;5;2;5;3;2;0;1;0;0;0;0;0
203593;11;1;1100206;2018;8;10;2;2;5;3;0;0;1;0;1;0;0;0
203594;11;12;12100205;2018;8;12;5;3;5;2;0;0;1;0;0;1;0;0
203595;11;4;4500937;2018;8;9;2;2;6;4;0;0;0;1;1;0;0;0
203596;11;9;9401534;2018;7;20;3;3;0;2;1;0;1;0;1;0;0;0
203597;11;1;1300731;2018;8;18;2;2;5;3;0;0;1;0;1;0;0;0
203598;11;4;4200308;2018;8;11;5;3;0;2;0;1;1;0;0;0;0;0
203599;11;7;7300618;2018;7;20;3;2;5;3;0;1;1;0;0;0;0;0
203600;11;8;8401242;2018;8;11;5;3;5;3;0;1;1;0;0;0;0;0
203601;11;1;1100205;2018;7;9;3;3;2;6;0;0;1;0;1;0;0;0
203602;11;8;8401243;2018;8;21;2;3;1;5;2;1;1;0;0;0;0;0
203603;11;11;11100204;2018;8;11;5;3;0;3;0;0;1;0;1;0;0;0
203604;11;8;8100418;2018;8;3;2;3;2;6;2;0;0;0;0;0;1;0
203605;11;1;1401046;2018;7;20;3;3;5;2;0;0;1;0;0;0;0;0
203606;11;12;12200414;2018;8;10;1;3;5;3;0;0;1;0;0;0;0;0
203607;11;4;4400832;2018;7;9;3;3;2;7;0;1;1;0;0;0;0;0
203608;11;1;1200522;2018;8;21;1;3;5;3;1;1;0;0;0;0;0;0
203609;11;12;12400720;2018;8;10;5;3;5;3;0;0;1;0;0;0;0;0
203610;11;7;7100206;2018;8;21;1;3;5;3;1;1;1;0;0;0;0;0
203611;11;10;10100311;2018;7;18;3;3;2;6;0;0;1;0;0;0;1;0
203612;11;2;2200213;2018;7;8;3;3;5;2;0;1;1;0;0;0;0;0
203613;11;6;6100205;2018;8;19;1;3;1;5;0;1;1;0;0;0;0;0
203614;11;4;4501152;2018;8;10;5;3;2;6;0;0;1;0;0;0;0;0
203615;11;7;7501031;2018;8;18;1;2;1;1;0;0;1;0;1;0;0;0
203616;11;7;7100205;2018;7;7;3;3;0;6;0;0;1;0;0;0;1;0
203617;11;12;12100103;2018;8;18;1;3;2;6;0;0;1;0;0;0;0;0
203618;11;1;1300733;2018;8;9;5;3;3;6;0;1;0;0;0;0;0;0
203619;11;5;5100208;2018;8;16;1;3;3;6;0;0;1;0;1;0;0;0
203620;11;1;1401045;2018;7;18;3;3;2;6;0;0;1;0;0;0;0;0
203621;11;1;1400937;2018;8;7;5;3;2;2;0;0;1;0;1;0;0;0
203622;11;7;7400823;2018;7;18;3;3;5;2;0;1;1;0;0;0;0;0
203623;11;2;2200212;2018;8;16;1;2;5;7;0;0;1;0;1;0;0;0
203624;11;8;8100105;2018;8;6;5;3;5;2;0;0;0;0;1;1;0;0
203625;11;1;1100312;2018;8;14;1;2;3;6;0;1;0;0;0;0;0;0
203626;11;6;6100102;2018;7;17;3;2;3;6;0;1;0;0;0;0;1;0
203627;11;11;11100102;2018;8;10;1;3;4;6;0;1;0;0;0;0;0;0
203628;11;3;3400724;2018;7;17;3;3;5;2;0;1;1;0;0;0;0;0
203629;11;2;2100101;2018;8;15;1;3;5;2;0;0;1;0;1;0;0;0
203630;11;1;1401047;2018;8;5;5;3;1;1;0;0;1;0;0;0;0;0
203631;11;10;10200420;2018;8;14;1;3;5;3;0;1;1;0;0;0;0;0
203632;11;1;1300834;2018;8;11;1;3;5;3;0;0;1;0;0;0;0;0
203633;11;10;10200524;2018;7;6;3;3;6;4;0;0;1;1;0;0;0;0
203634;11;5;5300840;2018;8;7;5;2;5;2;0;0;1;0;0;0;0;0
203635;11;11;11300721;2018;8;13;1;3;0;7;0;0;1;0;1;0;0;1
203636;11;4;4300416;2018;8;6;5;3;5;2;0;1;1;0;0;0;0;0
203637;11;10;10400940;2018;7;16;3;3;0;7;0;0;1;0;0;0;1;0
203638;11;11;11300721;2018;8;8;1;2;2;6;0;0;1;0;0;0;0;0
203639;11;1;1100308;2018;8;8;5;3;2;6;0;1;1;0;0;0;0;0
203640;11;11;11400929;2018;7;16;3;3;5;3;0;0;1;0;0;0;0;0
203641;11;8;8100417;2018;8;12;1;3;5;3;0;1;0;0;0;0;0;0
203642;11;12;12500825;2018;8;0;1;2;0;7;2;0;0;0;0;0;1;0
203643;11;4;4400835;2018;8;9;5;3;5;3;0;0;1;0;0;0;1;0
203644;11;9;9501838;2018;8;22;1;2;3;6;2;1;1;0;0;0;0;0
203645;11;12;12100101;2018;7;16;3;3;2;6;0;0;1;0;0;0;1;0
203646;11;2;2400522;2018;8;10;5;3;4;6;0;0;1;0;0;0;1;0
203647;11;2;2100106;2018;7;16;3;3;1;5;0;1;1;0;0;0;0;0
203648;11;2;2400624;2018;8;4;7;3;0;1;2;0;0;0;1;0;0;0
203649;11;7;7200308;2018;8;8;5;2;0;1;0;0;0;0;1;0;0;0
203650;11;10;10200420;2018;8;22;7;3;5;3;2;0;1;0;1;0;0;0
203651;11;11;11100101;2018;7;15;3;3;5;3;0;0;1;0;1;0;0;0
203652;11;2;2200210;2018;8;8;1;3;3;6;0;0;1;0;0;0;0;0
203653;11;7;7100205;2018;7;14;3;3;6;4;0;0;1;1;0;0;0;0
203654;11;1;1100102;2018;8;17;7;3;2;6;0;0;1;0;0;0;1;0
203655;11;11;11300620;2018;8;6;5;3;0;1;0;1;0;0;0;0;0;0
203656;11;6;6100102;2018;8;16;7;2;0;4;0;0;0;1;1;0;0;0
203657;11;4;4501152;2018;8;16;5;3;5;2;0;1;1;0;0;0;0;0
203658;11;3;3400724;2018;7;14;3;3;2;2;0;0;1;0;0;0;1;0
203659;11;6;6200311;2018;8;23;5;3;0;6;2;1;1;0;0;0;0;1
203660;11;1;1200624;2018;8;15;7;3;5;2;0;1;1;0;0;0;0;0
203661;11;4;4400727;2018;8;13;5;3;5;3;0;1;1;0;0;0;0;0
203662;11;1;1100308;2018;8;19;7;3;5;3;0;0;1;0;0;0;0;0
203663;11;1;1100416;2018;8;15;4;3;2;6;0;0;1;0;0;0;0;0
203664;11;4;4501042;2018;7;13;3;3;2;6;0;1;1;0;0;0;0;0
203665;11;1;1100206;2018;8;13;7;3;5;2;0;1;1;0;0;0;0;0
203666;11;12;12100101;2018;8;20;4;2;5;2;1;0;1;0;0;0;0;0
203667;11;5;5100313;2018;8;12;7;3;5;3;0;1;1;0;0;0;0;0
203668;11;12;12100101;2018;8;13;7;3;5;3;0;1;1;0;0;0;0;0
203669;11;7;7400824;2018;7;6;3;3;6;7;0;1;0;1;0;0;0;0
203670;11;8;8100417;2018;8;12;7;3;5;3;0;0;1;0;0;0;1;0
203671;11;12;12100101;2018;8;20;4;2;6;4;0;0;0;1;0;0;1;0
203672;11;1;1100313;2018;8;18;4;3;5;3;0;1;0;0;0;0;0;0
203673;11;11;11200411;2018;8;12;7;3;0;6;0;0;1;0;1;0;0;0
203674;11;11;11300722;2018;7;12;3;3;2;2;0;1;1;0;0;0;0;0
203675;11;11;11100203;2018;7;11;3;3;5;3;0;1;1;0;0;0;0;0
203676;11;1;1200522;2018;8;18;4;3;2;6;0;0;1;0;0;0;0;0
203677;11;1;1200520;2018;8;11;7;3;5;2;0;0;1;0;0;0;0;0
203678;11;1;1100309;2018;8;6;4;3;2;6;0;1;1;0;0;0;0;0
203679;11;9;9301126;2018;7;10;3;3;0;2;0;1;1;0;0;0;0;0
203680;11;5;5100211;2018;8;18;4;3;5;3;0;0;1;0;0;0;0;0
203681;11;4;4100102;2018;7;20;3;3;0;7;1;1;0;0;0;0;0;0
203682;11;7;2200207;2018;8;10;7;3;5;2;0;1;1;0;0;0;0;0
203683;11;1;1300835;2018;8;17;4;3;5;2;0;1;1;0;0;0;0;0
203684;11;12;12500930;2018;7;14;3;3;0;2;0;0;1;0;0;0;1;0
203685;11;4;4500937;2018;8;17;4;3;5;2;0;1;1;0;0;0;0;0
203686;11;11;11300721;2018;7;13;3;3;2;6;0;0;1;0;0;0;0;0
203687;11;12;12400619;2018;8;10;7;2;5;3;0;0;1;0;0;0;1;0
203688;11;6;6100102;2018;8;17;4;3;5;2;0;1;1;0;0;0;0;0
203689;11;6;6100206;2018;8;10;7;3;5;2;0;0;1;0;0;0;0;0
203690;11;4;4300416;2018;7;7;3;3;5;3;0;0;1;0;0;0;1;0
203691;11;4;4200308;2018;8;9;7;2;3;6;0;0;1;0;1;0;0;0
203692;11;10;10400837;2018;8;17;4;3;0;3;0;0;1;0;0;0;1;0
203693;11;8;8100415;2018;8;22;7;2;0;7;2;1;0;0;0;0;0;0
203694;11;10;10100315;2018;7;14;2;3;2;6;0;0;1;0;0;0;0;0
203695;11;3;3601244;2018;8;10;4;2;6;2;0;0;1;0;0;0;1;0
203696;11;9;9401635;2018;7;18;2;3;4;6;0;1;0;0;0;0;0;0
203697;11;2;2300316;2018;8;5;7;2;5;2;0;1;1;0;0;0;0;0
203698;11;6;6300528;2018;8;16;4;3;5;2;0;0;1;0;1;0;0;0
203699;11;7;7100101;2018;7;18;2;3;6;7;0;0;1;1;0;0;0;0
203700;11;7;7601442;2018;8;16;4;3;2;6;0;0;1;0;1;0;0;0
203701;11;7;7400721;2018;7;8;2;3;3;6;0;1;0;0;0;0;0;0
203702;11;3;3500936;2018;8;19;6;3;6;2;0;0;1;1;0;0;0;0
203703;11;3;3701660;2018;8;15;4;3;1;5;0;0;1;0;1;0;0;0
203704;11;4;4300416;2018;8;19;6;3;2;6;0;0;1;0;0;0;0;0
203705;11;10;10100102;2018;7;16;2;2;5;2;0;0;1;0;1;0;0;0
203706;11;4;4300620;2018;7;16;2;3;5;2;0;1;0;0;1;0;0;0
203707;11;1;1100309;2018;8;17;6;3;3;6;0;1;1;0;0;0;0;0
203708;11;3;3200205;2018;8;15;4;3;5;3;0;0;1;0;0;0;0;0
203709;11;1;1300732;2018;8;16;6;3;5;2;0;1;1;0;0;0;0;0
203710;11;1;1100206;2018;7;16;2;2;0;4;0;0;0;1;1;0;0;0
203711;11;4;4501147;2018;8;16;6;3;5;7;0;0;1;0;1;0;0;0
203712;11;11;11501339;2018;8;15;4;3;5;2;0;0;1;0;0;0;0;0
203713;11;9;9200819;2018;8;17;6;3;5;3;0;1;1;0;0;0;0;0
203714;11;2;2500833;2018;7;16;2;3;4;1;0;1;1;0;0;0;0;0
203715;11;4;4300619;2018;8;12;4;3;5;2;0;1;1;0;0;0;0;0
203716;11;3;3601243;2018;7;15;2;2;5;3;0;0;1;0;0;0;0;0
203717;11;9;9501737;2018;8;15;6;3;5;3;0;0;1;0;0;0;0;0
203718;11;1;3701556;2018;8;11;4;3;5;3;0;1;1;0;0;0;0;0
203719;11;4;4400835;2018;8;16;6;3;5;3;0;0;1;0;1;0;0;0
203720;11;7;7501031;2018;7;15;2;3;5;7;0;0;1;0;1;0;0;0
203721;11;7;7400823;2018;7;15;2;3;2;6;0;0;1;0;0;0;1;0
203722;11;11;11300826;2018;8;19;6;3;4;6;0;0;1;0;0;0;0;0
203723;11;7;7501135;2018;8;11;4;3;5;2;0;0;1;0;1;0;0;0
203724;11;12;12100205;2018;8;19;6;3;0;1;0;0;1;0;1;0;0;0
203725;11;11;11400927;2018;8;10;4;3;5;2;0;1;1;0;0;0;0;0
203726;11;3;3601452;2018;8;20;6;3;5;3;1;1;0;0;1;0;0;0