OBJECTID;LAND;BEZ;LOR_ab_2021;UJAHR;UMONAT;USTUNDE;UWOCHENTAG;UKATEGORIE;UART;UTYP1;ULICHTVERH;IstRad;IstPKW;IstFuss;IstKrad;IstGkfz;IstSonstige;USTRZUSTAND
203727;11;7;7400824;2018;7;15;2;3;2;6;0;0;1;0;0;0;0;0
203728;11;3;3400721;2018;8;18;7;3;2;7;0;0;1;0;0;0;0;0
203729;11;9;9401534;2018;7;17;2;2;4;6;0;1;0;0;0;0;0;0
203730;11;7;7100103;2018;8;17;6;3;1;5;0;0;1;0;1;0;0;0
203731;11;6;6300528;2018;8;9;4;3;5;3;0;0;1;0;0;0;0;0
203732;11;5;5100208;2018;8;21;6;3;5;3;1;0;1;0;1;0;0;0
203733;11;10;10100102;2018;7;15;2;3;5;2;0;0;1;0;0;0;0;0
203734;11;11;11400931;2018;8;13;6;3;5;2;0;1;1;0;0;0;0;0
203735;11;3;3500934;2018;8;13;4;2;5;2;0;0;1;0;0;0;0;0
203736;11;12;12200309;2018;8;17;6;3;2;2;0;0;1;0;0;0;0;0
203737;11;2;2300316;2018;8;13;4;3;0;5;0;0;1;0;0;0;1;0
203738;11;1;1100102;2018;7;15;2;3;2;6;0;0;1;0;0;0;0;0
203739;11;8;8100313;2018;8;11;7;3;1;5;0;1;1;0;0;0;0;0
203740;11;7;7200307;2018;8;13;4;3;6;2;0;0;1;1;0;0;0;0
203741;11;5;5300840;2018;7;14;2;3;5;3;0;0;1;0;0;0;0;0
203742;11;2;2500832;2018;8;20;6;3;0;7;1;0;1;0;1;0;0;1
203743;11;2;2300316;2018;8;13;4;3;5;3;0;0;0;0;1;0;0;0
203744;11;11;11401137;2018;8;20;6;3;3;6;0;0;1;0;0;0;0;0
203745;11;11;11300620;2018;7;14;2;3;2;6;0;0;1;0;0;0;0;0
203746;11;2;2500833;2018;8;16;7;3;1;5;0;1;0;0;0;0;1;0
203747;11;4;4400835;2018;8;15;1;3;2;6;0;0;1;0;1;0;0;0
203748;11;2;2400521;2018;7;14;2;3;6;3;0;0;0;1;0;0;1;0
203749;11;4;4100102;2018;8;17;6;3;0;1;0;0;0;0;1;0;0;0
203750;11;8;8100314;2018;8;14;4;3;3;5;0;1;0;0;0;0;1;0
203751;11;11;11400927;2018;8;15;6;3;6;2;0;0;1;1;0;0;0;0
203752;11;6;6300633;2018;8;9;4;3;3;6;0;1;0;0;0;1;0;0
203753;11;12;12200412;2018;7;13;2;3;5;3;0;0;1;0;1;0;0;0
203754;11;11;11300617;2018;8;8;4;3;6;4;0;1;0;1;0;0;0;0
203755;11;4;4200308;2018;8;13;6;3;2;6;0;0;1;0;0;0;0;0
203756;11;5;5100105;2018;8;14;4;3;5;3;0;1;1;0;0;0;0;0
203757;11;4;4300416;2018;7;13;2;2;5;7;0;0;1;0;1;0;0;0
203758;11;8;8100206;2018;8;22;7;2;5;7;2;0;1;0;1;0;0;0
203759;11;3;3701660;2018;7;13;2;3;5;7;0;0;1;0;1;0;0;0
203760;11;2;2400625;2018;8;7;4;2;5;2;0;0;0;0;1;0;1;0
203761;11;1;1200628;2018;8;15;6;3;0;2;0;0;1;0;0;0;1;0
203762;11;8;8300934;2018;8;6;4;2;3;6;0;0;1;0;1;0;0;0
203763;11;1;1401046;2018;7;15;2;3;2;6;0;0;1;0;0;0;0;0
203764;11;6;6400737;2018;8;17;7;2;5;3;0;0;1;0;1;0;0;0
203765;11;7;7300618;2018;8;8;4;3;6;2;0;0;1;1;0;0;0;0
203766;11;4;4300622;2018;7;23;2;3;3;6;2;0;1;0;0;0;1;0
203767;11;6;6400843;2018;8;13;6;2;5;2;0;1;1;0;0;0;0;0
203768;11;2;2100102;2018;8;4;4;3;6;4;0;0;1;1;1;0;0;0
203769;11;8;8200623;2018;8;12;6;2;5;3;0;0;1;0;1;0;0;0
203770;11;2;2500830;2018;7;20;2;3;5;3;1;1;1;0;0;0;0;0
203771;11;1;1100102;2018;8;16;7;2;0;7;0;1;0;0;0;0;0;0
203772;11;2;2100102;2018;7;20;2;3;1;5;0;0;1;0;1;0;0;0
203773;11;12;12400618;2018;8;10;4;2;5;2;0;1;1;0;0;0;0;0
203774;11;4;4100101;2018;8;12;6;3;2;6;0;0;1;0;0;0;0;0
203775;11;6;6100205;2018;8;12;4;3;0;1;0;0;0;0;1;0;0;0
203776;11;1;1100205;2018;7;19;2;3;5;3;0;1;1;0;0;0;0;0
203777;11;12;12500928;2018;8;8;4;2;0;7;0;0;0;0;0;1;0;0
203778;11;1;1100308;2018;7;19;2;3;4;2;0;1;1;0;0;0;0;0
203779;11;2;2500834;2018;8;12;6;3;5;3;0;1;0;0;0;0;0;0
203780;11;3;3400831;2018;8;1;4;2;0;1;2;1;0;0;0;0;0;0
203781;11;1;1100310;2018;7;18;2;3;2;6;0;0;1;0;1;0;0;0
203782;11;4;4500937;2018;8;14;7;3;2;2;0;0;1;0;0;0;0;0
203783;11;1;1100310;2018;7;14;2;3;5;2;0;1;0;0;0;1;0;0
203784;11;11;11501238;2018;8;11;6;3;5;3;0;1;1;0;0;0;0;0
203785;11;11;11300722;2018;8;15;4;2;0;1;0;1;0;0;0;0;0;0
203786;11;10;10200629;2018;8;10;6;2;5;2;0;0;1;0;1;0;0;0
203787;11;4;4300517;2018;8;12;7;3;0;7;0;1;1;0;0;0;0;0
203788;11;5;5100313;2018;8;11;4;3;2;6;0;1;0;0;0;0;1;0
203789;11;6;6300631;2018;7;12;2;3;5;2;0;1;0;0;0;0;1;0
203790;11;6;6400737;2018;8;10;6;3;5;3;0;1;1;0;0;0;0;0
203791;11;8;8401140;2018;8;10;4;2;0;7;0;1;0;0;0;0;0;0
203792;11;2;2100104;2018;8;9;6;2;6;7;0;0;0;1;0;0;1;0
203793;11;3;3601141;2018;8;10;7;3;5;3;0;1;1;0;0;0;0;0
203794;11;12;12200412;2018;7;12;2;3;4;6;0;1;0;0;0;0;0;0
203795;11;8;8100104;2018;8;7;6;3;2;6;0;1;0;0;0;1;0;0
203796;11;4;4400728;2018;8;9;4;1;3;2;0;1;0;0;0;1;0;0
203797;11;4;4501153;2018;7;11;2;3;5;7;0;1;1;0;0;0;0;0
203798;11;7;7601341;2018;8;13;3;3;2;6;0;0;1;0;0;0;0;0
203799;11;6;6300528;2018;7;11;2;3;2;2;0;0;1;0;0;0;0;0
203800;11;5;5300737;2018;8;13;6;3;0;1;0;0;0;0;1;0;0;0
203801;11;3;3501038;2018;8;21;3;3;0;2;1;1;1;0;0;0;0;0
203802;11;1;1100416;2018;8;8;6;2;3;6;0;1;0;0;0;0;1;0
203803;11;5;5100104;2018;7;10;2;2;6;2;0;0;1;1;0;0;0;0
203804;11;5;5100105;2018;8;8;7;3;5;3;0;0;1;0;0;0;0;0
203805;11;12;12200310;2018;7;11;2;3;2;2;0;0;1;0;0;0;0;0
203806;11;9;9200717;2018;8;20;6;3;6;4;0;0;1;1;0;0;0;0
203807;11;10;10100210;2018;8;15;3;3;5;2;0;1;1;0;0;0;0;0
203808;11;12;12400723;2018;8;6;6;3;1;5;0;0;1;0;0;0;0;0
203809;11;1;1100309;2018;7;10;2;3;5;3;0;0;1;0;1;0;0;0
203810;11;11;11300725;2018;8;5;6;3;0;1;1;1;1;0;0;0;0;0
203811;11;2;2200208;2018;8;19;3;3;5;2;0;1;1;0;0;0;0;0
203812;11;9;9301228;2018;8;23;6;3;3;6;2;0;1;0;0;0;0;0
203813;11;6;6300634;2018;7;9;2;3;0;2;0;0;0;0;0;0;1;0
203814;11;7;7400721;2018;7;9;2;3;5;2;0;1;1;0;0;0;0;0
203815;11;9;9501838;2018;8;13;6;1;5;3;0;0;1;0;0;0;1;0
203816;11;1;1401045;2018;8;19;3;3;2;6;0;0;1;0;0;0;1;0
203817;11;4;4501040;2018;8;20;5;3;3;6;0;1;0;0;0;0;0;0
203818;11;7;7400823;2018;7;13;2;3;2;6;0;0;1;0;0;0;1;0
203819;11;9;9501939;2018;8;19;3;3;5;2;0;1;1;0;0;0;0;0
203820;11;8;8100419;2018;7;23;1;3;5;3;2;1;1;0;0;0;0;0
203821;11;1;1100311;2018;8;6;5;3;6;4;0;1;0;1;0;0;0;0
203822;11;1;1100310;2018;8;18;3;3;2;2;0;0;1;0;1;0;0;0
203823;11;7;7601548;2018;8;16;5;2;2;6;0;1;0;0;0;0;0;0
203824;11;1;1200520;2018;7;22;1;3;2;6;2;0;1;0;0;0;0;0
203825;11;1;1400938;2018;8;9;7;3;2;6;0;0;1;0;0;0;0;0
203826;11;3;3400831;2018;7;21;1;3;5;2;0;0;1;0;0;0;0;0
203827;11;7;7300619;2018;8;19;5;3;0;2;0;1;1;0;0;0;0;0
203828;11;1;1200626;2018;8;17;3;3;6;2;0;0;1;1;0;0;0;0
203829;11;6;6300526;2018;8;13;5;3;1;5;0;1;0;0;0;0;1;0
203830;11;3;3701555;2018;8;10;1;3;5;3;0;1;0;0;1;0;0;0
203831;11;1;1100309;2018;7;20;1;3;5;2;0;1;1;0;0;0;0;0
203832;11;9;9501736;2018;8;13;5;3;5;2;0;0;0;0;1;0;1;0
203833;11;12;12500929;2018;8;18;3;2;5;7;0;0;1;0;1;0;0;0
203834;11;4;4501041;2018;8;13;5;3;1;5;0;0;1;0;0;0;0;0
203835;11;12;12500825;2018;8;18;3;3;0;1;0;0;0;0;1;0;0;0
203836;11;4;4501042;2018;7;20;1;3;6;4;1;1;0;1;0;0;0;0
203837;11;3;3500936;2018;8;10;7;3;5;3;0;0;1;0;0;0;0;0
203838;11;2;2300314;2018;8;17;3;3;5;2;0;1;1;0;0;0;0;0
203839;11;1;1400938;2018;7;20;1;3;2;7;0;0;1;0;1;0;0;0
203840;11;6;6100102;2018;8;12;5;3;2;6;0;1;0;0;0;0;1;0
203841;11;5;5300737;2018;8;17;3;3;5;2;0;0;1;0;1;0;0;0
203842;11;2;2200210;2018;8;11;5;3;2;6;0;0;1;0;1;0;0;0
203843;11;8;8100314;2018;7;19;1;3;2;6;0;0;1;0;0;0;0;0
203844;11;1;1100205;2018;8;6;7;3;8;1;0;0;0;0;1;0;0;0
203845;11;8;8100312;2018;7;19;1;3;6;4;0;1;0;1;0;0;0;0
203846;11;5;5300737;2018;8;17;3;3;3;6;0;0;1;0;1;0;0;0
203847;11;12;12200310;2018;7;19;1;3;2;6;0;0;1;0;0;0;0;0
203848;11;9;9501737;2018;8;11;5;2;2;2;0;0;1;0;0;0;0;0
203849;11;8;8100521;2018;8;17;3;3;5;3;0;0;1;0;0;0;0;0
203850;11;6;6100103;2018;8;10;5;3;2;6;0;0;1;0;0;0;0;0
203851;11;1;1100313;2018;7;17;1;3;5;2;0;1;1;0;0;0;0;0
203852;11;1;1300835;2018;7;16;1;3;2;6;0;1;1;0;0;0;0;0
203853;11;9;9200512;2018;8;10;5;3;2;2;0;0;1;0;0;0;0;0
203854;11;3;3500934;2018;8;17;3;3;5;3;0;0;1;0;0;0;0;0
203855;11;9;9501939;2018;8;9;5;3;2;6;0;0;1;0;0;0;1;0
203856;11;4;4100101;2018;8;16;3;3;2;6;0;0;1;0;0;0;0;0
203857;11;8;8200623;2018;7;15;1;3;5;3;0;0;1;0;0;0;0;0
203858;11;9;9401329;2018;8;16;3;3;1;5;0;1;1;0;0;0;0;0
203859;11;3;3701659;2018;8;8;5;3;1;5;0;1;1;0;0;0;0;0
203860;11;1;1200520;2018;8;16;3;3;2;6;0;0;1;0;0;0;1;0
203861;11;1;1200517;2018;8;16;3;3;5;2;0;0;1;0;1;0;0;0
203862;11;1;1100416;2018;7;14;1;3;6;2;0;0;1;1;0;0;0;0
203863;11;1;1401045;2018;8;7;5;3;5;3;0;1;0;0;0;0;1;0
203864;11;12;12100205;2018;8;16;3;2;0;7;0;0;1;0;0;0;0;0
203865;11;2;2300316;2018;8;6;5;2;5;2;0;0;1;0;1;0;0;0
203866;11;6;6100205;2018;7;13;1;3;1;5;0;0;1;0;0;0;1;0
203867;11;4;4200207;2018;7;11;1;3;4;6;0;1;1;0;0;0;0;0
203868;11;2;2100102;2018;8;22;5;3;4;6;2;0;1;0;1;0;0;0
203869;11;8;8100314;2018;8;15;3;3;5;2;0;1;1;0;0;0;0;0
203870;11;1;1100308;2018;7;11;1;3;1;5;0;1;1;0;0;0;0;0
203871;11;8;8100103;2018;8;15;3;3;3;6;0;1;1;0;0;0;0;0
203872;11;2;2500830;2018;8;15;3;3;1;5;0;1;1;0;0;0;0;0
203873;11;4;4100101;2018;8;21;5;3;3;6;0;0;1;0;0;0;0;0
203874;11;7;7601545;2018;8;15;3;3;5;3;0;0;1;0;0;0;0;0
203875;11;4;4501042;2018;7;4;1;3;5;2;2;0;1;0;0;0;0;1
203876;11;1;1100206;2018;8;14;3;3;5;2;0;0;1;0;1;0;0;0
203877;11;4;4300619;2018;7;9;1;3;0;7;0;0;1;1;0;0;0;0
203878;11;9;9401635;2018;8;20;5;3;5;2;0;1;1;0;0;0;0;0
203879;11;1;1400938;2018;8;13;3;2;2;6;0;0;1;0;0;0;1;0
203880;11;9;9502043;2018;7;18;7;3;5;2;0;0;1;0;1;0;0;0
203881;11;2;2500833;2018;8;13;3;3;0;1;0;1;0;0;0;0;0;0
203882;11;9;9501939;2018;7;16;7;3;6;4;0;0;1;1;0;0;0;0
203883;11;5;5300841;2018;8;16;5;3;4;6;0;1;0;0;0;0;1;0
203884;11;6;6400838;2018;8;13;3;3;6;4;0;0;1;1;0;0;0;0
203885;11;2;2500831;2018;8;18;5;3;1;5;0;1;1;0;1;0;0;0
203886;11;7;7100102;2018;7;15;7;3;6;6;0;1;0;1;0;0;0;0
203887;11;11;11401032;2018;8;16;5;3;2;6;0;0;1;0;0;0;0;0
203888;11;2;2100104;2018;8;13;3;3;0;6;0;0;1;0;0;0;1;0
203889;11;7;7601238;2018;7;15;7;3;0;3;0;1;0;0;1;0;0;0
203890;11;1;1100104;2018;8;13;3;3;5;2;0;1;1;0;0;0;0;0
203891;11;1;1100206;2018;7;15;7;3;6;4;0;0;1;1;0;0;0;0
203892;11;9;9100407;2018;8;16;5;3;1;5;0;1;0;0;0;0;1;0
203893;11;8;8200726;2018;8;12;3;2;5;2;0;0;1;0;0;0;0;0
203894;11;9;9501939;2018;8;15;5;3;5;2;0;0;1;0;1;0;0;0
203895;11;1;1401043;2018;7;17;7;2;5;2;0;0;1;0;1;0;0;0
203896;11;8;8100520;2018;7;13;7;2;5;2;0;0;1;0;1;0;0;0
203897;11;2;2300417;2018;8;15;5;3;5;7;0;1;1;0;0;1;0;0
203898;11;5;5100104;2018;8;11;3;3;2;6;0;0;1;0;0;0;0;0
203899;11;6;6200314;2018;7;10;7;3;6;4;0;1;0;1;0;0;0;0
203900;11;9;9502043;2018;8;14;5;3;2;7;0;1;1;0;0;0;0;0
203901;11;2;2300316;2018;8;11;3;3;5;3;0;0;1;0;1;0;0;0
203902;11;9;9501939;2018;7;10;7;3;5;3;0;1;0;0;0;0;1;0
203903;11;6;6400737;2018;7;9;7;3;5;2;0;0;1;0;1;0;0;0
203904;11;10;10200422;2018;8;14;5;3;6;4;0;0;1;1;0;0;0;0
203905;11;5;5200527;2018;8;10;3;3;1;5;0;0;1;0;0;0;1;0
203906;11;1;1100310;2018;8;14;5;3;0;1;0;1;0;0;0;0;0;0
203907;11;6;6100209;2018;7;7;7;3;6;4;0;1;0;1;0;0;0;0
203908;11;7;7601443;2018;8;14;5;3;5;3;0;1;1;0;0;0;0;0
203909;11;5;5200629;2018;8;9;3;3;2;6;0;0;1;0;0;0;0;0
203910;11;5;5200634;2018;8;13;5;3;2;6;0;0;1;0;0;1;0;0
203911;11;2;2300316;2018;7;17;7;3;6;4;0;1;0;1;0;0;0;0
203912;11;2;2400521;2018;8;9;3;3;5;2;0;1;1;0;0;0;0;0
203913;11;11;11400927;2018;7;1;7;3;5;2;2;1;1;0;0;0;0;0
203914;11;2;2400623;2018;8;13;5;3;6;4;0;0;0;1;1;0;0;0
203915;11;8;8200726;2018;8;8;3;2;0;6;0;0;1;0;0;0;1;0
203916;11;2;2100105;2018;8;13;5;3;0;7;0;1;0;0;0;0;0;0
203917;11;10;10100311;2018;7;1;7;2;0;1;2;0;0;0;1;0;0;0
203918;11;2;2300314;2018;8;9;5;2;6;4;0;0;0;1;1;0;0;0
203919;11;4;4501043;2018;8;0;6;2;5;3;2;0;1;0;0;0;0;0
203920;11;6;6200315;2018;8;15;5;3;5;2;0;1;1;0;0;0;0;0
203921;11;3;3400828;2018;8;15;5;2;5;3;0;1;1;0;0;0;0;0
203922;11;10;10200421;2018;8;17;1;3;3;6;0;0;1;0;0;0;0;0
203923;11;1;1100207;2018;8;8;5;3;2;2;0;1;1;0;0;0;0;0
203924;11;3;3601245;2018;8;14;5;3;5;2;0;1;1;0;0;0;0;0
203925;11;10;10400938;2018;8;15;6;3;2;6;0;0;1;0;0;0;0;0
203926;11;3;3601451;2018;8;8;5;3;1;5;0;1;1;0;0;0;0;0
203927;11;1;1200522;2018;8;19;1;3;5;2;0;1;1;0;0;0;0;0
203928;11;7;7501029;2018;8;8;5;3;6;2;0;0;1;1;0;0;0;0
203929;11;7;7501133;2018;8;15;7;3;1;5;0;1;1;0;0;0;0;0
203930;11;1;1100311;2018;8;8;5;3;5;2;0;1;1;0;0;0;0;0
203931;11;9;9200613;2018;8;7;5;3;5;2;0;1;1;0;0;0;0;0
203932;11;2;2500833;2018;8;21;6;3;4;6;2;0;1;0;1;0;0;0
203933;11;8;8100415;2018;8;19;7;3;2;6;1;1;1;0;0;0;0;0
203934;11;3;3500934;2018;8;7;5;3;5;2;0;1;0;0;0;0;1;0
203935;11;3;3701554;2018;8;19;6;3;6;4;0;0;0;1;0;0;1;0
203936;11;7;7100102;2018;8;6;5;2;5;3;0;1;0;0;0;0;0;0
203937;11;4;4501152;2018;8;12;6;3;5;3;0;0;1;0;1;0;0;0
203938;11;5;5300736;2018;8;6;5;2;1;5;0;0;0;0;1;0;1;0
203939;11;9;9501939;2018;8;0;5;3;2;6;2;0;1;0;0;0;0;0
203940;11;11;11400931;2018;8;11;2;2;5;3;0;0;1;0;0;0;1;0
203941;11;3;3200207;2018;8;15;5;3;2;6;0;0;1;0;0;0;0;0
203942;11;1;1400938;2018;8;15;5;3;3;6;0;0;0;0;1;0;1;0
203943;11;9;9501939;2018;8;14;7;3;0;6;0;0;1;0;0;0;1;0
203944;11;7;7501134;2018;8;15;5;3;2;6;0;0;1;0;0;0;0;0
203945;11;4;4200311;2018;8;6;6;3;5;2;0;1;1;0;0;0;0;0
203946;11;12;12100103;2018;8;15;5;3;5;2;0;1;1;0;0;0;0;0
203947;11;2;2500727;2018;8;8;6;3;5;2;0;0;1;0;1;0;0;0
203948;11;12;12200309;2018;8;14;5;3;5;2;0;1;1;0;0;0;0;0
203949;11;7;7501133;2018;8;13;5;3;5;3;0;0;1;0;0;0;0;0
203950;11;9;9301228;2018;8;11;1;3;4;6;0;1;0;0;0;0;0;0
203951;11;6;6200316;2018;8;13;5;3;0;2;0;0;1;1;0;0;0;0
203952;11;9;9501941;2018;8;13;5;3;2;6;0;0;1;0;0;0;0;0
203953;11;12;12500824;2018;8;21;7;3;9;1;2;0;1;0;0;0;0;0
203954;11;5;5200633;2018;8;12;5;3;5;2;0;0;1;0;0;0;0;0
203955;11;11;11400931;2018;8;14;6;3;5;2;0;1;1;0;0;0;0;0
203956;11;3;3601245;2018;8;12;5;3;2;6;0;1;1;0;0;0;0;0
203957;11;8;8401244;2018;8;12;5;3;2;6;0;0;1;0;0;0;0;0
203958;11;3;3500934;2018;8;21;1;2;9;1;2;0;1;0;1;0;0;0
203959;11;6;6300634;2018;8;12;5;3;5;7;0;0;1;0;0;0;0;0
203960;11;5;5400942;2018;8;19;5;3;5;2;0;0;1;0;0;0;0;0
203961;11;6;6100205;2018;8;19;5;3;5;2;0;0;1;0;0;0;1;0
203962;11;2;2200210;2018;8;17;1;3;5;2;0;1;1;0;0;0;0;0
203963;11;4;4200206;2018;8;17;5;3;5;3;0;0;1;0;0;0;0;0
203964;11;7;7601341;2018;8;16;5;3;5;2;0;0;1;0;0;0;0;0
203965;11;2;2100101;2018;8;2;7;3;5;3;2;1;1;0;0;0;0;0
203966;11;8;8200832;2018;8;19;6;2;5;2;0;0;1;0;1;0;0;0
203967;11;4;4200308;2018;8;12;4;3;2;6;0;0;1;0;0;0;0;0
203968;11;4;4501043;2018;8;16;6;3;2;7;0;1;1;0;0;0;0;0
203969;11;1;1100103;2018;8;12;4;3;2;7;0;0;1;0;1;0;0;0
203970;11;3;3601141;2018;8;11;4;3;0;3;0;1;0;0;0;0;1;0
203971;11;1;1100309;2018;8;20;6;3;6;4;1;1;0;1;0;0;0;0
203972;11;2;2100106;2018;8;20;7;3;2;6;1;0;1;0;1;0;0;0
203973;11;4;4300412;2018;8;11;4;3;6;4;0;0;1;1;0;0;0;0
203974;11;12;12200310;2018;8;18;6;3;5;3;0;0;1;0;0;0;0;0
203975;11;12;12400720;2018;8;11;4;3;6;2;0;0;1;1;0;0;0;0
203976;11;8;8401241;2018;8;13;6;3;5;3;0;0;1;0;0;0;0;0
203977;11;4;4400729;2018;8;10;4;3;0;6;0;0;1;0;1;0;0;0
203978;11;4;4300619;2018;8;21;6;3;2;2;2;0;1;0;0;0;0;0
203979;11;12;12200414;2018;8;10;4;3;2;2;0;0;1;0;0;0;0;0
203980;11;4;4300624;2018;8;14;6;3;6;4;0;0;1;1;0;0;0;0
203981;11;2;2500836;2018;8;9;4;3;5;2;0;1;1;0;0;0;0;0
203982;11;9;9200715;2018;8;18;1;2;2;6;0;0;1;0;1;0;0;0
203983;11;2;2400623;2018;8;8;4;3;5;7;0;0;1;0;0;0;0;0
203984;11;5;5300735;2018;8;19;6;3;5;3;0;1;1;0;0;0;0;0
203985;11;4;4300624;2018;8;18;7;3;5;3;0;0;1;0;0;0;0;0
203986;11;7;7501134;2018;8;20;4;3;5;2;0;0;1;0;1;0;0;0
203987;11;1;1100415;2018;8;19;4;3;2;6;0;1;0;0;0;0;0;0
203988;11;6;6300634;2018;8;10;6;3;0;1;0;0;0;0;1;0;0;0
203989;11;7;7400823;2018;8;18;4;2;5;2;0;0;1;0;1;0;0;0
203990;11;2;2200211;2018;8;17;4;3;0;2;0;1;1;0;0;0;0;0
203991;11;12;12500930;2018;8;16;1;3;2;6;0;0;1;0;0;0;1;0
203992;11;1;1100416;2018;8;11;4;2;0;1;0;1;0;0;0;0;0;0
203993;11;4;4100101;2018;8;12;4;3;5;3;0;0;1;0;0;0;0;0
203994;11;11;11300722;2018;8;17;1;3;2;6;0;0;1;0;0;0;0;0
203995;11;12;12200309;2018;8;14;7;3;0;5;0;0;1;0;0;0;1;0
203996;11;9;9501838;2018;8;17;4;2;0;1;0;1;0;0;0;0;0;0
203997;11;3;3300516;2018;8;7;6;3;5;3;0;1;0;0;0;0;0;0
203998;11;3;3500934;2018;8;17;4;3;1;5;0;1;0;0;0;0;1;0
203999;11;1;1200628;2018;8;12;4;2;0;1;0;1;0;0;0;0;0;0
204000;11;3;3200309;2018;8;14;1;3;2;6;0;0;1;0;0;0;0;0
204001;11;9;9200715;2018;8;17;4;3;5;2;0;1;1;0;0;0;0;0
204002;11;5;5200630;2018;8;15;6;3;6;4;0;0;0;1;0;0;1;0
204003;11;9;9200613;2018;8;17;1;3;1;5;0;1;1;0;0;0;0;0
204004;11;12;12500825;2018;8;16;4;3;5;2;0;1;1;0;0;0;0;0
204005;11;3;3601348;2018;8;11;7;3;1;5;0;1;1;0;0;0;0;0
204006;11;1;1100415;2018;8;16;4;3;0;1;0;1;0;0;0;0;0;0
204007;11;6;6100209;2018;8;12;6;2;5;2;0;1;1;0;0;0;0;0
204008;11;9;9502043;2018;8;16;4;3;2;6;0;0;1;0;0;0;0;0
204009;11;2;2300418;2018;8;13;7;3;0;2;0;1;1;0;0;0;0;0
204010;11;11;11501238;2018;8;16;4;3;3;6;0;1;0;0;0;0;0;0
204011;11;11;11100309;2018;8;16;6;3;5;3;0;0;1;0;0;0;0;0
204012;11;9;9502043;2018;8;16;4;2;0;6;0;0;1;0;0;0;1;0
204013;11;9;9501737;2018;8;15;4;3;5;2;0;1;1;0;0;0;0;0
204014;11;3;3601142;2018;8;19;1;3;5;2;0;1;1;0;0;0;0;0
204015;11;12;12601134;2018;8;15;4;3;2;2;0;0;0;0;1;0;1;0
204016;11;9;9301228;2018;8;8;5;3;5;3;0;1;0;0;0;0;1;0
204017;11;2;2300419;2018;8;15;4;3;2;6;0;1;0;0;1;0;0;0
204018;11;7;7200307;2018;8;13;6;3;5;7;0;0;1;0;1;0;0;0
204019;11;1;1400942;2018;8;18;6;2;5;3;0;1;0;0;0;0;0;0
204020;11;8;8100520;2018;8;15;4;2;6;4;0;0;0;1;1;0;0;0
204021;11;3;3501038;2018;8;15;4;3;5;3;0;1;0;0;0;0;0;0
204022;11;1;1300733;2018;8;20;5;3;2;6;0;0;1;0;0;0;0;0
204023;11;4;4500936;2018;8;15;4;3;5;2;0;1;1;0;0;0;0;0
204024;11;6;6400737;2018;8;14;4;3;2;7;0;0;1;0;0;0;0;0
204025;11;3;3601453;2018;8;14;4;2;0;1;0;1;0;0;0;0;0;0
204026;11;4;4100101;2018;8;21;1;3;2;6;2;0;1;0;0;0;0;0
204027;11;4;4501041;2018;8;14;4;3;1;5;0;1;1;0;0;0;0;0
204028;11;12;12500929;2018;8;20;5;2;4;6;2;0;1;0;1;0;0;0
204029;11;8;8401242;2018;8;14;4;3;5;3;0;0;1;0;1;0;0;0
204030;11;4;4100101;2018;8;14;6;3;5;7;0;0;1;0;1;0;0;0
204031;11;3;3400618;2018;8;13;4;3;5;2;0;0;1;0;0;0;1;0
204032;11;8;8200832;2018;8;21;1;3;1;5;2;0;0;0;1;0;0;0
204033;11;4;4300623;2018;8;23;5;3;2;3;2;0;1;0;0;0;0;0
204034;11;2;2300417;2018;8;12;4;3;6;4;0;1;0;1;0;0;0;0
204035;11;10;10400835;2018;8;15;7;3;5;3;0;1;1;0;0;0;0;0
204036;11;2;2200211;2018;8;21;5;3;9;1;2;0;1;0;0;0;0;0
204037;11;12;12500926;2018;8;15;3;3;5;2;0;0;1;0;0;0;0;0
204038;11;3;3601142;2018;8;9;6;3;2;6;0;0;1;0;1;0;0;0
204039;11;5;5200631;2018;8;20;7;2;5;7;2;1;1;0;0;0;0;0
204040;11;2;2300314;2018;8;11;3;3;6;7;0;1;0;1;0;0;0;0
204041;11;3;3601141;2018;8;22;3;3;5;2;2;1;1;0;0;0;0;0
204042;11;5;5300737;2018;8;12;6;3;3;6;0;0;1;0;1;0;0;0
204043;11;7;7300619;2018;8;20;3;3;6;4;2;0;1;1;0;0;0;0
204044;11;9;9200717;2018;8;18;3;3;0;3;0;0;1;0;1;0;0;1
204045;11;11;11400927;2018;8;10;2;3;5;2;0;1;0;0;0;0;1;0
204046;11;10;10400835;2018;8;18;3;3;0;7;0;1;0;0;0;0;0;0
204047;11;7;7501031;2018;8;16;5;3;5;2;0;1;0;0;0;0;1;0
204048;11;11;11400929;2018;8;17;3;3;5;3;0;0;1;0;0;0;0;0
204049;11;1;1200517;2018;8;14;7;3;0;1;0;0;0;0;1;0;0;0
204050;11;2;2400521;2018;8;17;3;3;5;2;0;1;1;0;0;0;0;0
204051;11;4;4100101;2018;8;7;6;3;5;2;0;0;1;0;0;0;1;0
204052;11;1;1100308;2018;8;17;3;3;5;5;0;1;1;0;0;0;0;0
204053;11;11;11400931;2018;8;15;3;3;5;2;0;1;1;0;0;0;0;0
204054;11;4;4200203;2018;8;16;1;3;6;7;0;0;1;1;0;0;0;0
204055;11;2;2300314;2018;8;15;3;3;5;3;0;0;1;0;0;0;0;0
204056;11;7;7100101;2018;8;15;3;3;5;3;0;1;0;0;1;0;0;0