OBJECTID;LAND;BEZ;LOR_ab_2021;UJAHR;UMONAT;USTUNDE;UWOCHENTAG;UKATEGORIE;UART;UTYP1;ULICHTVERH;IstRad;IstPKW;IstFuss;IstKrad;IstGkfz;IstSonstige;USTRZUSTAND
204057;11;6;6400735;2018;8;11;1;3;2;7;0;1;0;0;0;0;1;0
204058;11;7;7400721;2018;8;15;3;3;6;7;0;0;1;1;0;0;0;0
204059;11;12;12200412;2018;8;10;5;3;2;6;0;0;1;0;0;0;0;0
204060;11;7;7601442;2018;8;15;3;3;5;2;0;1;0;0;0;0;1;0
204061;11;1;1200624;2018;8;21;7;3;2;6;2;0;1;0;0;0;0;0
204062;11;4;4501042;2018;8;13;3;3;6;2;0;0;1;1;0;0;0;0
204063;11;12;12100101;2018;8;16;6;2;6;4;0;0;1;1;0;0;0;0
204064;11;1;1100207;2018;8;12;3;3;6;4;0;1;0;1;0;0;0;0
204065;11;4;4100101;2018;8;20;3;3;5;5;1;0;1;0;0;0;0;0
204066;11;12;12100205;2018;8;11;1;2;2;6;0;0;1;0;1;0;0;0
204067;11;8;8200833;2018;8;21;3;3;2;6;2;0;0;0;1;0;0;0
204068;11;3;3601140;2018;8;16;5;3;5;2;0;1;1;0;0;0;0;0
204069;11;1;1200519;2018;8;16;3;3;0;2;0;0;0;1;1;0;0;0
204070;11;2;2400625;2018;8;7;6;3;5;2;0;1;1;0;0;0;0;0
204071;11;3;3200205;2018;8;15;3;2;5;2;0;1;1;0;0;0;0;0
204072;11;4;4501042;2018;8;11;5;3;0;7;0;0;0;0;1;0;0;0
204073;11;10;10400837;2018;8;16;3;2;5;3;0;0;1;0;1;0;0;0
204074;11;3;3400831;2018;8;9;7;3;5;2;0;0;1;0;0;0;0;0
204075;11;3;3400831;2018;8;14;3;2;5;3;0;0;1;0;1;0;0;0
204076;11;12;12200310;2018;8;19;6;3;1;5;1;1;1;0;0;0;1;0
204077;11;1;1200625;2018;8;14;3;3;1;5;0;1;0;0;0;0;1;0
204078;11;8;8100206;2018;8;17;5;3;1;5;0;1;1;0;0;0;0;0
204079;11;9;9200512;2018;8;14;3;3;5;3;0;0;1;0;0;0;0;0
204080;11;11;11300620;2018;8;18;1;3;5;3;0;0;1;0;0;0;0;0
204081;11;8;8100102;2018;8;10;3;3;0;6;0;0;1;0;1;0;0;0
204082;11;1;7100102;2018;8;18;5;2;0;7;0;0;0;0;1;0;1;1
204083;11;7;7100103;2018;8;22;6;3;5;3;2;0;1;0;0;0;0;0
204084;11;12;12200307;2018;8;10;3;3;1;5;0;1;1;0;0;0;0;0
204085;11;1;1100416;2018;8;15;6;3;6;4;0;1;0;1;0;0;0;0
204086;11;8;8401243;2018;8;9;3;3;5;2;0;0;1;0;0;0;0;0
204087;11;6;6100103;2018;8;8;3;3;5;3;0;1;1;0;0;0;0;0
204088;11;6;6300527;2018;8;18;5;3;2;2;0;0;1;0;0;0;0;0
204089;11;6;6200312;2018;8;8;3;3;2;6;0;1;0;0;0;0;0;0
204090;11;9;9501939;2018;8;7;3;3;3;6;0;1;1;0;0;0;0;0
204091;11;2;2200209;2018;8;17;5;3;5;2;0;1;1;0;0;0;0;0
204092;11;12;12100101;2018;8;7;3;3;5;3;0;1;1;0;0;0;0;0
204093;11;9;9100304;2018;8;16;7;2;5;2;0;0;1;0;0;0;1;0
204094;11;5;5100315;2018;8;10;3;2;5;2;0;0;1;0;1;0;0;0
204095;11;5;5100317;2018;8;18;5;3;5;2;0;1;0;0;0;0;0;0
204096;11;5;5300840;2018;8;5;3;2;5;7;1;1;1;0;0;0;0;0
204097;11;10;10100311;2018;8;10;6;3;5;2;0;1;1;0;0;0;0;0
204098;11;8;8100208;2018;8;22;6;3;2;6;2;0;1;0;0;0;0;0
204099;11;5;5300736;2018;8;8;3;3;2;6;0;0;1;0;0;0;0;0
204100;11;4;4501153;2018;8;11;3;2;5;2;0;1;1;0;0;0;0;0
204101;11;12;12200515;2018;8;10;2;3;5;3;0;1;0;0;1;0;0;0
204102;11;1;1100104;2018;8;18;3;3;5;2;0;1;1;0;0;0;0;0
204103;11;9;9200818;2018;8;18;5;3;6;7;0;0;0;1;0;0;1;0
204104;11;1;1200626;2018;8;8;2;3;6;4;0;1;0;1;0;0;0;0
204105;11;11;11501340;2018;8;10;7;2;5;7;0;1;1;0;0;0;0;0
204106;11;11;11300620;2018;8;18;5;2;2;6;0;0;1;0;0;0;0;0
204107;11;8;8100105;2018;8;13;2;3;2;6;0;0;1;0;0;0;1;0
204108;11;5;5400943;2018;8;15;7;2;5;2;0;1;0;0;0;0;1;0
204109;11;1;1100311;2018;8;19;5;3;5;2;0;1;1;0;0;0;0;0
204110;11;1;1100310;2018;8;11;2;3;5;2;0;1;1;0;0;0;0;0
204111;11;3;3701555;2018;8;8;6;3;5;3;0;1;1;0;0;0;0;0
204112;11;8;8100310;2018;8;22;2;3;5;3;2;1;0;0;0;0;0;0
204113;11;12;12500928;2018;8;21;2;3;2;2;2;0;1;0;0;0;0;0
204114;11;1;1300834;2018;8;12;1;3;5;2;0;1;1;0;0;0;0;0
204115;11;1;1100207;2018;8;21;2;3;5;2;2;0;1;0;1;0;0;0
204116;11;6;6200422;2018;8;17;5;3;5;7;0;0;1;0;0;0;0;0
204117;11;1;1100309;2018;8;19;2;3;5;2;0;1;1;0;0;0;0;0
204118;11;7;7501031;2018;8;11;7;3;5;2;0;0;1;0;1;0;0;0
204119;11;4;4200206;2018;8;8;2;3;0;6;0;0;1;0;1;0;0;0
204120;11;12;12200515;2018;8;12;6;2;5;3;0;0;1;0;1;0;0;0
204121;11;1;1100206;2018;8;17;2;3;5;2;0;1;0;0;0;0;0;0
204122;11;1;1100309;2018;8;17;2;3;2;6;0;0;1;0;1;0;0;1
204123;11;2;2300417;2018;8;5;6;3;5;3;0;0;1;0;0;0;0;0
204124;11;12;12200309;2018;8;17;2;3;0;2;0;1;1;0;0;0;0;0
204125;11;1;1400937;2018;8;16;2;3;3;6;0;0;0;0;1;0;1;0
204126;11;7;7601238;2018;8;17;1;3;5;2;0;0;1;0;0;0;0;0
204127;11;8;8100206;2018;8;16;2;3;2;6;0;1;1;0;0;0;0;0
204128;11;10;10100314;2018;8;16;5;3;0;2;0;0;1;0;0;0;1;0
204129;11;2;2400623;2018;8;15;2;3;4;6;0;1;0;0;0;0;0;0
204130;11;11;11300722;2018;8;15;7;3;3;6;0;0;1;0;1;0;0;0
204131;11;1;1300733;2018;8;17;6;3;2;2;0;0;1;0;0;0;1;0
204132;11;5;5100208;2018;8;15;2;3;6;4;0;0;1;1;0;0;0;0
204133;11;2;2100103;2018;8;15;2;3;0;6;0;0;1;0;1;0;0;0
204134;11;8;8200730;2018;8;10;5;3;5;2;0;1;0;0;0;1;0;0
204135;11;3;3400828;2018;8;15;2;3;5;3;0;1;1;0;0;0;0;0
204136;11;9;9200715;2018;8;17;7;3;5;3;0;0;1;0;0;0;0;0
204137;11;9;9200510;2018;8;14;2;3;2;6;0;0;1;0;1;0;0;0
204138;11;8;8100104;2018;8;10;5;3;3;6;0;0;0;0;1;1;0;0
204139;11;7;7100205;2018;8;14;2;3;5;7;0;1;1;0;0;0;0;0
204140;11;11;11400927;2018;8;13;2;3;5;3;0;0;0;0;1;0;1;0
204141;11;10;10100315;2018;8;5;1;2;8;1;1;0;1;0;0;0;0;0
204142;11;9;9200715;2018;8;16;2;2;5;2;0;1;1;0;0;0;0;0
204143;11;7;7400823;2018;8;16;2;2;5;3;0;0;1;0;0;0;0;0
204144;11;3;3400618;2018;8;14;6;3;5;3;0;1;1;0;0;0;0;0
204145;11;3;3500934;2018;8;12;2;2;6;4;0;1;0;1;0;0;0;0
204146;11;1;1300836;2018;8;20;1;3;5;2;1;1;1;0;0;0;0;0
204147;11;7;7501029;2018;8;13;2;2;1;5;0;0;1;0;0;0;1;0
204148;11;2;2200209;2018;8;15;7;3;5;2;0;1;1;0;0;0;0;0
204149;11;6;6100209;2018;8;13;2;2;0;6;0;0;1;0;1;0;0;0
204150;11;8;8200725;2018;8;16;2;3;6;7;0;1;1;1;1;0;0;0
204151;11;9;9100203;2018;8;9;6;3;2;6;0;0;1;0;0;0;0;0
204152;11;7;7200409;2018;8;21;2;3;0;1;2;0;0;0;1;0;0;0
204153;11;10;10100316;2018;8;12;6;3;2;6;0;0;1;0;0;0;0;0
204154;11;12;12200412;2018;8;17;2;3;2;6;0;0;1;0;0;0;0;0
204155;11;11;11100204;2018;8;16;2;3;0;7;0;0;0;1;0;0;1;0
204156;11;1;1401043;2018;8;10;2;3;2;7;0;0;1;0;0;0;0;0
204157;11;4;4100101;2018;8;12;2;3;2;6;0;0;1;0;0;0;0;0
204158;11;6;6400839;2018;8;12;2;2;1;5;0;0;1;0;1;0;0;0
204159;11;4;4300518;2018;8;14;7;3;6;4;0;0;1;1;0;0;0;0
204160;11;9;9100101;2018;8;11;2;2;6;4;0;0;1;1;0;0;0;0
204161;11;4;4501045;2018;8;7;6;3;2;6;0;0;1;0;1;0;0;0
204162;11;11;11400931;2018;8;11;2;3;0;1;0;0;0;0;1;0;0;0
204163;11;4;4500936;2018;8;10;2;2;5;3;0;0;1;0;0;0;0;0
204164;11;4;4501042;2018;8;16;1;3;2;6;0;0;1;0;1;0;0;0
204165;11;1;1200624;2018;8;10;2;3;5;7;0;0;1;0;1;0;0;0
204166;11;7;7601442;2018;8;16;1;3;5;2;0;1;1;0;0;0;0;0
204167;11;9;9100306;2018;8;9;2;3;1;5;0;1;1;0;0;0;0;0
204168;11;2;8100101;2018;8;10;7;2;5;3;0;1;1;0;0;0;0;0
204169;11;7;7200308;2018;8;10;2;2;5;3;0;1;1;0;0;0;0;0
204170;11;1;1100416;2018;8;10;1;3;1;5;0;1;1;0;0;0;0;0
204171;11;1;1200628;2018;8;10;2;3;1;5;0;1;1;0;0;0;1;0
204172;11;8;8200832;2018;8;9;2;3;1;5;0;1;1;0;0;0;0;0
204173;11;4;4300416;2018;8;13;7;3;5;2;0;0;1;0;0;0;0;0
204174;11;7;7100103;2018;8;8;2;3;0;1;0;0;0;0;1;0;0;0
204175;11;6;6100209;2018;8;15;6;3;2;6;0;0;1;0;0;0;0;0
204176;11;2;2200211;2018;8;1;1;2;0;1;2;1;0;0;0;0;0;0
204177;11;1;1100104;2018;8;5;1;3;5;2;2;0;1;0;0;0;0;0
204178;11;7;7601442;2018;8;13;1;2;5;3;0;0;1;0;1;0;0;0
204179;11;3;3300515;2018;8;16;1;3;5;3;0;0;1;0;0;0;0;0
204180;11;1;1100308;2018;8;13;6;3;1;5;0;1;1;0;0;0;0;0
204181;11;1;1100415;2018;8;15;6;3;1;5;0;0;1;0;1;0;0;0
204182;11;3;3601244;2018;8;19;1;3;5;3;0;1;1;0;0;0;0;0
204183;11;5;5200629;2018;8;19;4;2;5;3;0;1;1;0;0;0;0;0
204184;11;4;4500939;2018;8;18;3;3;5;3;0;1;1;0;0;0;0;0
204185;11;1;1100310;2018;8;17;3;3;0;7;0;0;1;0;0;0;0;0
204186;11;4;4300621;2018;8;17;3;3;5;2;0;1;1;0;0;0;0;0
204187;11;3;3701554;2018;8;7;4;3;5;3;0;1;1;0;0;0;0;0
204188;11;2;2200211;2018;8;23;3;3;0;1;2;0;0;0;1;0;0;0
204189;11;10;10100316;2018;8;12;4;3;3;6;0;0;1;0;0;0;1;0
204190;11;9;9200512;2018;8;17;3;3;2;2;0;0;1;0;0;0;0;0
204191;11;4;4300621;2018;8;19;3;3;5;3;0;0;1;0;0;0;0;0
204192;11;8;8200726;2018;8;16;3;3;0;7;0;0;1;0;0;0;0;0
204193;11;8;8200623;2018;8;9;2;3;5;2;0;1;1;0;0;0;0;0
204194;11;12;12601134;2018;8;11;4;3;6;7;0;0;1;1;0;0;0;0
204195;11;9;9200613;2018;8;16;3;3;5;5;0;1;1;0;0;0;0;0
204196;11;12;12100205;2018;8;11;4;3;0;6;0;0;1;0;0;0;1;0
204197;11;2;2100101;2018;8;15;3;3;5;3;0;1;1;0;0;0;0;0
204198;11;9;9200613;2018;8;15;3;2;5;2;1;1;1;0;0;0;0;0
204199;11;4;4501147;2018;8;9;4;3;2;6;0;0;1;0;0;0;0;0
204200;11;6;6300632;2018;8;15;3;3;5;3;0;1;1;0;0;0;0;0
204201;11;5;5100316;2018;8;15;4;2;5;2;0;1;1;0;0;0;0;0
204202;11;4;4300517;2018;8;10;4;3;1;5;0;1;0;0;0;0;1;0
204203;11;10;10400835;2018;8;14;3;2;5;3;0;0;1;0;0;0;0;0
204204;11;2;2200209;2018;8;16;4;3;1;5;0;1;1;0;0;0;1;0
204205;11;9;9501838;2018;8;14;3;3;5;3;0;1;1;0;0;0;0;0
204206;11;4;4300624;2018;8;19;1;3;0;6;0;0;1;0;0;0;1;0
204207;11;12;12601134;2018;8;14;3;3;2;6;0;0;1;0;0;0;0;0
204208;11;5;5100209;2018;8;20;4;2;6;4;2;0;1;1;0;0;0;0
204209;11;6;6200423;2018;8;13;1;3;2;6;0;0;1;0;0;0;0;0
204210;11;3;3601450;2018;8;13;3;3;2;2;0;0;1;0;0;0;0;0
204211;11;9;9401534;2018;8;15;3;3;5;3;0;0;1;0;0;0;0;0
204212;11;5;5100210;2018;8;19;1;3;0;1;0;0;0;0;1;0;0;0
204213;11;1;1100310;2018;8;16;1;3;0;1;0;0;0;0;1;0;0;0
204214;11;1;1100102;2018;8;13;3;3;5;2;0;1;1;0;0;0;0;0
204215;11;6;6300527;2018;8;8;1;3;5;2;0;0;1;0;1;0;0;0
204216;11;5;5200629;2018;8;8;1;3;5;3;0;1;0;0;0;0;1;0
204217;11;2;2300314;2018;8;16;7;3;2;6;0;0;1;0;0;0;0;1
204218;11;9;9200715;2018;8;13;3;2;5;3;0;0;1;0;1;0;0;0
204219;11;11;11501238;2018;8;20;7;3;2;6;2;0;1;0;0;0;0;0
204220;11;1;1401046;2018;8;20;7;3;3;2;1;0;1;0;0;0;0;0
204221;11;3;3601243;2018;8;17;3;2;5;2;0;0;1;0;1;0;0;0
204222;11;4;4501152;2018;8;9;2;3;1;5;0;0;1;0;1;0;0;0
204223;11;7;7400823;2018;8;18;4;3;5;3;0;1;1;0;0;0;0;0
204224;11;6;6400737;2018;8;11;7;3;4;6;0;0;1;0;0;0;0;0
204225;11;4;4200310;2018;8;13;3;3;2;6;0;0;1;0;0;0;0;0
204226;11;1;1200522;2018;8;21;3;3;5;3;2;1;1;0;0;0;0;0
204227;11;3;3601346;2018;8;13;7;3;6;7;0;1;0;1;0;0;0;0
204228;11;1;1100206;2018;8;13;7;3;2;6;0;0;1;0;0;0;0;0
204229;11;1;1100309;2018;8;12;3;3;1;5;0;1;1;0;0;0;0;0
204230;11;8;8100310;2018;8;12;7;3;1;5;0;1;1;0;0;0;0;0
204231;11;2;2300315;2018;8;8;2;2;1;5;0;0;1;0;1;0;0;0
204232;11;11;11501341;2018;8;13;4;3;5;3;0;1;1;0;0;0;0;0
204233;11;6;6300634;2018;8;11;7;3;2;2;0;0;1;0;0;0;0;0
204234;11;11;11200513;2018;8;12;3;2;1;7;0;1;1;0;0;0;0;0
204235;11;9;9501737;2018;8;17;4;2;6;4;0;0;1;1;0;0;0;0
204236;11;3;3500932;2018;8;10;7;3;6;2;0;0;1;1;0;0;0;0
204237;11;4;4400831;2018;8;14;4;3;1;5;0;0;1;0;1;0;0;0
204238;11;3;3601141;2018;8;8;7;3;2;6;0;0;1;0;0;0;1;0
204239;11;12;12200310;2018;8;12;3;3;5;2;0;1;1;0;0;0;0;0
204240;11;7;7601340;2018;8;17;4;3;0;5;0;0;1;0;0;0;0;0
204241;11;3;3601245;2018;8;6;7;3;5;3;0;1;1;0;0;0;0;0
204242;11;1;1100308;2018;8;18;3;3;1;5;0;0;1;0;1;0;0;0
204243;11;4;4100101;2018;8;12;7;2;5;2;0;0;1;0;0;0;0;0
204244;11;4;4200308;2018;8;11;7;3;2;6;0;0;1;0;0;0;0;0
204245;11;1;1100102;2018;8;8;3;3;5;3;0;1;1;0;0;0;0;0
204246;11;8;8100209;2018;8;18;7;3;2;2;1;0;1;0;0;0;0;1
204247;11;6;6200315;2018;8;10;4;3;5;3;0;1;1;0;0;0;0;0
204248;11;3;3400619;2018;8;10;7;3;2;6;0;0;1;0;0;0;0;0
204249;11;11;11200513;2018;8;11;3;3;5;3;0;1;1;0;0;0;0;0
204250;11;5;5200528;2018;8;9;4;2;5;3;0;0;1;0;1;0;0;0
204251;11;8;8100310;2018;8;17;7;3;5;3;0;1;0;0;0;0;0;0
204252;11;11;11200512;2018;8;11;7;3;2;7;0;1;1;0;0;0;0;0
204253;11;6;6200317;2018;8;11;3;3;5;2;0;0;1;0;1;0;0;0
204254;11;8;8100415;2018;8;17;7;3;2;2;0;0;1;0;0;0;0;0
204255;11;7;7300619;2018;8;16;7;2;5;3;0;1;1;0;0;0;0;1
204256;11;4;4300619;2018;8;16;7;3;6;2;0;0;1;1;0;0;0;0
204257;11;3;3601245;2018;8;10;3;3;5;2;0;0;1;0;0;0;0;0
204258;11;12;12500930;2018;8;9;4;3;2;6;0;0;1;0;0;1;0;0
204259;11;1;1100415;2018;8;15;7;3;5;2;0;1;1;0;0;0;0;1
204260;11;1;1100310;2018;8;10;3;3;0;1;0;0;0;0;1;0;0;0
204261;11;10;10200420;2018;8;16;4;2;5;3;0;1;1;0;0;0;0;0
204262;11;10;10300731;2018;8;15;7;3;5;3;0;1;1;0;0;0;0;0
204263;11;2;2500832;2018;8;15;7;3;5;3;0;0;1;0;1;0;0;0
204264;11;5;5200629;2018;8;9;3;3;5;3;0;0;1;0;1;0;0;0
204265;11;7;7400823;2018;8;15;7;3;2;6;0;0;1;0;0;0;1;1
204266;11;11;11100101;2018;8;14;7;2;8;1;0;0;1;0;0;0;0;0
204267;11;1;1100206;2018;8;8;3;3;3;2;0;1;0;0;0;1;0;0
204268;11;1;1100309;2018;8;19;4;2;5;2;1;1;1;0;0;0;0;0
204269;11;3;3601142;2018;8;14;7;3;1;5;0;1;1;0;0;0;0;0
204270;11;1;1200623;2018;8;8;3;3;2;6;0;0;1;0;0;0;0;0
204271;11;4;4200311;2018;8;14;7;3;5;2;0;0;1;0;0;0;0;0
204272;11;2;2500835;2018;8;8;3;3;5;2;0;1;1;0;0;0;0;0
204273;11;6;6400844;2018;8;8;4;3;5;3;0;1;1;0;0;0;0;0
204274;11;4;4501152;2018;8;13;7;2;0;6;0;1;0;0;0;0;0;0
204275;11;12;12200412;2018;8;8;3;3;6;4;0;1;0;1;0;0;0;0
204276;11;3;3601245;2018;8;15;4;2;5;3;0;1;0;0;0;0;0;0
204277;11;12;12400619;2018;8;13;7;3;5;2;0;1;1;0;0;0;0;0
204278;11;9;9100202;2018;8;13;7;3;2;6;0;0;1;0;0;0;0;0
204279;11;3;3400830;2018;8;8;3;2;5;2;0;1;1;0;0;0;0;0
204280;11;2;2200212;2018;8;12;6;3;4;6;0;1;0;0;0;0;0;0
204281;11;4;4200206;2018;8;15;6;3;5;3;0;0;1;0;0;0;0;0
204282;11;7;7601238;2018;8;8;3;3;1;7;0;1;1;0;0;0;0;0
204283;11;9;9200512;2018;8;0;2;3;1;1;2;0;1;0;0;0;1;0
204284;11;7;7300516;2018;8;18;4;3;2;7;0;1;1;0;0;0;0;0
204285;11;9;9401534;2018;8;22;6;3;2;6;2;0;1;0;0;0;0;0
204286;11;1;1300732;2018;8;20;3;3;0;5;2;0;1;0;1;0;0;0
204287;11;8;8100102;2018;8;23;6;3;2;6;2;0;1;0;0;0;0;0
204288;11;2;2100104;2018;8;21;6;3;2;2;2;1;1;0;0;0;0;0
204289;11;3;3601450;2018;8;17;3;3;2;2;0;1;1;0;0;0;0;0
204290;11;10;10100206;2018;8;20;6;3;5;3;1;1;1;0;0;0;0;0
204291;11;4;4200310;2018;8;20;6;3;3;6;2;0;1;0;0;0;0;0
204292;11;11;11401137;2018;8;7;3;3;5;5;0;1;1;0;0;0;0;0
204293;11;3;3500934;2018;8;18;6;3;6;4;0;0;1;1;0;0;0;0
204294;11;12;12200309;2018;8;18;4;3;5;3;0;1;1;0;0;0;0;0
204295;11;12;12200412;2018;8;18;6;3;5;3;0;1;1;0;0;0;0;0
204296;11;1;1400942;2018;8;7;3;3;5;2;0;0;1;0;0;0;1;0
204297;11;2;2400521;2018;8;17;4;3;5;7;0;1;1;0;0;0;0;0
204298;11;6;6300633;2018;8;18;6;3;5;2;0;0;1;0;0;0;0;0
204299;11;4;4501042;2018;8;10;6;3;3;5;0;1;0;0;0;0;1;0
204300;11;4;4300412;2018;8;17;6;3;5;7;0;0;1;0;0;0;1;0
204301;11;4;4400727;2018;8;6;3;3;2;7;0;1;0;0;0;0;1;0
204302;11;5;5100315;2018;8;9;4;3;5;2;0;1;1;0;0;0;0;0
204303;11;4;4501041;2018;8;17;6;3;2;6;0;0;1;0;0;0;0;0
204304;11;11;11501340;2018;8;6;3;3;5;2;0;0;1;0;0;0;1;0
204305;11;2;2100102;2018;8;5;3;3;5;3;1;1;1;0;0;0;0;0
204306;11;11;11401137;2018;8;16;6;2;5;3;0;1;0;0;0;0;0;0
204307;11;6;6400842;2018;8;11;4;3;0;7;0;0;0;0;0;0;1;0
204308;11;4;4501148;2018;8;16;6;3;5;2;0;1;1;0;0;0;0;0
204309;11;5;5200528;2018;8;11;2;2;0;2;0;0;1;0;0;0;0;0
204310;11;5;5300839;2018;8;17;4;2;6;4;0;0;1;1;0;0;0;0
204311;11;5;5400943;2018;8;15;6;3;5;3;0;1;1;0;0;0;0;0
204312;11;7;7400824;2018;8;13;6;3;5;3;0;1;0;0;1;0;0;1
204313;11;1;1300730;2018;8;1;2;3;6;2;2;0;1;1;0;0;0;0
204314;11;9;9100304;2018;8;13;6;3;5;2;0;0;1;0;0;0;0;0
204315;11;2;2400623;2018;8;12;6;3;3;6;0;0;1;0;1;0;0;0
204316;11;2;2100104;2018;8;15;2;3;0;3;0;1;0;0;0;0;1;1
204317;11;1;1100101;2018;8;23;4;3;5;3;2;1;1;0;0;0;0;0
204318;11;9;9200715;2018;8;12;6;3;5;3;0;0;1;0;1;0;0;1
204319;11;4;4100101;2018;8;23;2;3;5;2;2;0;1;0;0;0;0;0
204320;11;3;3400620;2018;8;15;4;3;0;3;0;1;1;0;0;0;0;0
204321;11;1;1300835;2018;8;12;6;3;5;2;0;1;1;0;0;0;0;0
204322;11;12;12200414;2018;8;10;6;3;2;6;0;0;1;0;0;0;0;0
204323;11;7;7100102;2018;8;23;2;3;6;2;2;0;1;1;0;0;0;0
204324;11;8;8100105;2018;8;16;4;3;6;4;0;0;1;1;0;0;0;0
204325;11;4;4300619;2018;8;9;6;3;2;6;0;1;1;0;0;0;0;0
204326;11;11;11100204;2018;8;9;6;3;5;2;0;1;1;0;0;0;0;0
204327;11;8;8200623;2018;8;23;2;3;1;5;2;0;1;0;0;0;1;0
204328;11;2;2400521;2018;8;8;6;3;6;4;0;1;0;1;0;0;0;0
204329;11;10;10200627;2018;8;7;6;2;5;2;0;1;1;0;0;0;0;0
204330;11;9;9200717;2018;8;22;2;3;2;2;2;0;1;0;1;0;0;0
204331;11;3;3601245;2018;8;1;4;3;0;1;2;0;0;0;1;0;0;0
204332;11;3;3701554;2018;8;7;6;3;5;2;0;1;1;0;0;0;0;0
204333;11;4;4200311;2018;8;21;2;3;0;7;2;0;0;0;1;0;1;1
204334;11;10;10200421;2018;8;14;4;3;5;2;0;1;1;0;0;0;0;0
204335;11;8;8100209;2018;8;7;6;3;2;6;0;0;1;0;0;0;0;0
204336;11;3;3200205;2018;8;7;6;3;5;7;0;1;1;0;0;0;0;0
204337;11;9;9200511;2018;8;19;2;3;1;5;0;1;1;0;0;0;0;0
204338;11;10;10400938;2018;8;7;6;3;5;3;0;0;1;0;0;0;0;0
204339;11;3;3200207;2018;8;6;6;3;5;2;0;1;1;0;0;0;0;0
204340;11;8;8200730;2018;8;9;2;3;2;6;0;0;1;0;0;0;0;0
204341;11;9;9501941;2018;8;6;6;3;5;2;0;1;1;0;0;0;0;0
204342;11;3;3400620;2018;8;6;6;3;5;3;0;1;1;0;0;0;0;0
204343;11;8;8100312;2018;8;19;2;3;5;2;0;0;1;0;1;0;0;0
204344;11;11;11400929;2018;8;19;4;3;4;6;0;1;1;0;0;0;0;0
204345;11;6;6300528;2018;8;6;6;3;5;2;0;0;1;0;0;0;0;0
204346;11;11;11400927;2018;8;19;2;3;0;1;2;1;0;0;0;0;0;0
204347;11;3;3400722;2018;8;15;3;3;6;7;0;1;0;1;0;0;0;0
204348;11;3;3701554;2018;8;6;6;3;5;3;1;1;1;0;0;0;0;0
204349;11;2;2300316;2018;8;17;6;3;0;1;0;0;0;0;1;0;0;0
204350;11;1;1100416;2018;8;18;2;2;0;7;0;0;0;0;1;0;0;0
204351;11;6;6100102;2018;8;15;6;2;0;1;0;1;0;0;0;0;0;0
204352;11;4;4500936;2018;8;13;4;3;5;3;0;1;1;0;0;0;0;0
204353;11;3;3701554;2018;8;16;6;3;0;1;0;1;0;0;0;0;0;0
204354;11;7;7200409;2018;8;18;2;3;1;5;0;1;1;0;0;0;0;0
204355;11;10;10300731;2018;8;17;4;3;2;6;0;0;1;0;0;0;0;0
204356;11;5;5300841;2018;8;7;5;3;3;6;0;0;1;0;0;0;0;0
204357;11;1;1100308;2018;8;17;5;3;0;6;0;1;1;0;0;0;0;0
204358;11;2;2300417;2018;8;1;4;3;6;7;2;0;1;1;0;0;0;0
204359;11;2;2200208;2018;8;9;5;3;0;2;0;1;1;0;0;0;0;0
204360;11;10;10100210;2018;8;19;3;3;0;4;0;0;1;1;0;0;0;0
204361;11;10;10200420;2018;8;9;5;3;0;6;0;0;0;0;0;0;1;0
204362;11;1;1100206;2018;8;18;5;3;5;3;1;1;0;0;1;0;0;0
204363;11;6;6300631;2018;8;16;2;3;1;5;0;0;1;0;0;0;0;0
204364;11;3;3400724;2018;8;16;5;3;6;4;0;0;1;1;0;0;0;0
204365;11;1;1100206;2018;8;10;4;3;2;2;0;1;0;0;0;0;1;0
204366;11;5;5200634;2018;8;16;5;3;5;2;0;1;0;0;0;0;0;0
204367;11;4;4100101;2018;8;16;2;3;3;6;0;0;1;0;1;0;0;0
204368;11;5;5100206;2018;8;10;4;3;0;1;0;1;0;0;0;0;0;0
204369;11;3;3400826;2018;8;19;5;2;1;5;0;1;1;0;0;0;0;0
204370;11;7;7400927;2018;8;19;5;3;5;3;0;0;1;0;0;0;0;0
204371;11;4;4300412;2018;8;16;2;3;1;5;0;0;1;0;1;0;0;0
204372;11;12;12100205;2018;8;19;5;3;5;2;0;1;1;0;0;0;0;0
204373;11;8;8100105;2018;8;18;5;2;6;4;0;0;1;1;0;0;0;0
204374;11;6;6300629;2018;8;16;2;3;5;7;0;0;1;0;0;0;0;0
204375;11;12;12400722;2018;8;8;4;3;2;6;0;1;1;0;0;0;0;0
204376;11;12;12100101;2018;8;18;5;3;2;6;1;0;1;0;0;0;0;0
204377;11;3;3601450;2018;8;15;2;3;4;5;0;1;0;0;0;0;1;0
204378;11;6;6200423;2018;8;9;4;3;5;3;0;1;1;0;0;0;0;0
204379;11;6;6200313;2018;8;18;5;2;0;4;0;0;1;1;0;0;0;0
204380;11;2;2100104;2018;8;15;2;3;5;3;0;1;1;0;0;0;0;0
204381;11;3;3601449;2018;8;16;4;3;5;3;0;0;1;0;0;0;0;0
204382;11;9;9200715;2018;8;17;5;3;5;2;0;0;1;0;0;0;0;0
204383;11;3;3601348;2018;8;17;5;3;5;3;0;1;1;0;0;0;0;0
204384;11;10;10400940;2018;8;15;2;3;2;6;0;0;1;0;0;0;0;0
204385;11;1;1200517;2018;8;17;5;2;5;2;0;0;1;0;1;0;0;0
204386;11;1;1300836;2018;8;20;5;3;5;2;1;0;1;0;1;0;0;0
204387;11;1;1100102;2018;8;15;2;3;0;1;0;1;0;0;0;0;0;1