OBJECTID;LAND;BEZ;LOR_ab_2021;UJAHR;UMONAT;USTUNDE;UWOCHENTAG;UKATEGORIE;UART;UTYP1;ULICHTVERH;IstRad;IstPKW;IstFuss;IstKrad;IstGkfz;IstSonstige;USTRZUSTAND
204388;11;4;4100102;2018;8;19;4;3;0;6;0;0;1;0;0;0;0;0
204389;11;12;12100101;2018;8;21;5;3;5;2;2;0;1;0;1;0;0;0
204390;11;3;3601449;2018;8;15;2;3;2;6;0;1;1;0;0;0;0;0
204391;11;8;8401139;2018;8;15;3;2;5;3;0;1;1;0;0;0;0;0
204392;11;1;1100308;2018;8;16;5;2;2;2;0;0;1;0;0;0;0;0
204393;11;1;1100309;2018;8;16;5;3;6;4;0;1;0;1;0;0;0;0
204394;11;11;11300721;2018;8;6;2;3;2;6;0;0;1;0;0;0;1;0
204395;11;4;4300623;2018;8;15;4;3;6;7;0;1;0;0;0;0;1;0
204396;11;9;9501941;2018;8;13;5;2;5;3;0;0;0;0;0;1;1;0
204397;11;2;2500830;2018;8;16;5;3;5;2;0;0;1;0;1;0;0;0
204398;11;11;11300721;2018;8;7;2;3;0;7;0;1;1;0;0;0;0;0
204399;11;9;9100203;2018;8;15;5;3;2;7;0;0;1;0;0;0;0;0
204400;11;7;7601339;2018;8;14;5;3;5;2;0;0;1;0;0;0;0;0
204401;11;4;4100101;2018;8;15;2;3;5;2;0;0;1;0;0;0;0;1
204402;11;4;4200309;2018;8;9;2;2;5;3;0;0;1;0;0;0;0;0
204403;11;9;9200512;2018;8;18;4;3;2;6;0;0;1;0;0;0;0;0
204404;11;5;5100316;2018;8;21;5;3;1;5;2;1;1;0;0;0;0;0
204405;11;11;11100101;2018;8;6;3;3;5;3;0;1;1;0;0;0;0;0
204406;11;7;7501029;2018;8;14;5;3;5;2;0;0;1;0;1;0;0;0
204407;11;1;1100310;2018;8;14;5;3;6;4;0;0;0;1;1;0;0;0
204408;11;8;8200623;2018;8;15;2;3;5;7;0;0;1;0;1;0;0;0
204409;11;6;6200312;2018;8;14;5;3;4;6;0;0;1;1;0;0;1;0
204410;11;1;1400942;2018;8;13;4;3;2;6;0;0;1;0;0;0;1;0
204411;11;8;8100209;2018;8;13;5;3;6;4;0;0;1;1;0;0;0;0
204412;11;9;9401534;2018;8;13;5;3;2;6;0;0;1;0;1;0;0;0
204413;11;7;7100102;2018;8;15;2;3;5;2;0;1;1;0;0;0;0;0
204414;11;2;2100106;2018;8;12;5;3;5;2;0;0;1;0;1;0;0;0
204415;11;12;12100205;2018;8;16;4;3;2;6;0;0;1;0;0;0;0;0
204416;11;4;4501044;2018;8;11;5;3;1;5;0;1;1;0;0;0;0;0
204417;11;4;4501044;2018;8;15;2;3;5;3;0;0;1;0;0;0;0;0
204418;11;3;3300412;2018;8;17;4;2;5;3;0;0;1;0;0;0;1;0
204419;11;10;10400940;2018;8;8;5;3;0;3;0;0;0;0;0;0;1;0
204420;11;12;12500930;2018;8;9;5;3;0;7;0;0;1;0;1;0;0;0
204421;11;3;3601451;2018;8;9;5;3;0;4;0;1;0;1;0;0;0;0
204422;11;8;8100521;2018;8;15;2;3;5;3;0;0;1;0;1;0;0;0
204423;11;1;1300835;2018;8;8;5;3;4;6;0;0;1;0;1;0;0;0
204424;11;9;9200510;2018;8;10;4;3;5;2;0;1;1;0;0;0;0;0
204425;11;1;1100415;2018;8;19;5;3;0;7;0;1;0;0;0;0;0;0
204426;11;3;3501038;2018;8;14;2;3;5;2;0;0;1;0;1;0;0;0
204427;11;12;12500926;2018;8;6;4;3;0;1;0;0;0;0;1;0;0;0
204428;11;8;8100521;2018;8;12;5;2;0;7;0;0;1;0;0;0;0;0
204429;11;12;12500824;2018;8;14;2;3;2;6;0;0;1;0;1;0;0;0
204430;11;9;9200715;2018;8;11;4;3;3;6;0;0;1;0;0;0;0;0
204431;11;3;3300412;2018;8;19;5;2;0;1;0;1;0;0;0;0;0;0
204432;11;2;2100105;2018;8;8;5;3;0;7;0;1;0;0;0;0;1;1
204433;11;1;1401047;2018;8;14;2;2;0;7;0;1;0;0;0;0;0;0
204434;11;1;1100103;2018;8;21;5;3;0;1;2;1;0;0;0;0;0;1
204435;11;4;4501042;2018;8;8;5;3;2;4;0;0;1;1;0;0;0;0
204436;11;12;12200412;2018;8;14;2;3;8;1;0;0;0;0;0;0;1;0
204437;11;3;3501038;2018;8;9;4;3;2;6;0;0;1;0;0;0;0;0
204438;11;5;5200629;2018;8;8;5;3;5;3;0;0;1;0;0;0;0;0
204439;11;4;4400833;2018;8;14;2;2;5;2;0;0;1;0;1;0;0;1
204440;11;1;1200517;2018;8;8;4;3;3;6;0;0;0;0;1;0;1;0
204441;11;2;2100105;2018;8;8;5;3;0;7;0;1;0;0;0;0;1;1
204442;11;5;5300737;2018;8;8;5;3;5;2;0;0;1;0;0;0;0;0
204443;11;7;7100102;2018;8;14;2;3;5;3;0;1;1;0;0;0;0;0
204444;11;4;4300620;2018;8;8;5;3;5;2;0;1;1;0;0;0;0;0
204445;11;4;4400830;2018;8;7;5;3;0;3;0;1;1;0;0;0;0;0
204446;11;4;4200308;2018;8;13;2;3;2;6;0;0;1;0;0;0;0;0
204447;11;10;10100312;2018;8;7;5;3;5;3;0;1;1;0;0;0;0;0
204448;11;4;4501045;2018;8;12;2;3;2;6;0;0;1;0;1;0;0;0
204449;11;9;9100409;2018;8;7;5;3;5;2;0;0;1;0;1;0;0;0
204450;11;1;1100308;2018;8;6;5;3;0;7;0;1;0;0;0;0;0;0
204451;11;2;2400521;2018;8;12;2;3;5;2;0;1;1;0;0;0;0;0
204452;11;4;4100101;2018;8;22;4;3;5;3;2;0;1;0;0;0;0;0
204453;11;2;2500830;2018;8;5;5;2;3;2;0;1;0;0;0;1;0;0
204454;11;12;12200310;2018;8;12;2;3;5;3;0;0;1;0;0;0;0;0
204455;11;4;4400728;2018;8;14;4;3;5;2;0;0;1;0;0;0;0;0
204456;11;1;1100310;2018;8;5;5;2;6;4;2;0;0;1;1;0;0;0
204457;11;5;5300735;2018;8;10;5;3;5;2;0;1;1;0;0;0;0;0
204458;11;8;8200624;2018;8;7;2;3;5;2;0;1;1;0;0;0;0;0
204459;11;12;12400618;2018;8;5;4;3;5;7;1;1;1;0;0;0;0;0
204460;11;7;7200412;2018;8;7;2;3;5;7;0;1;1;0;0;0;0;0
204461;11;10;10300733;2018;8;11;2;2;6;2;0;0;0;1;0;0;1;0
204462;11;12;12100204;2018;8;7;4;3;5;2;0;0;1;0;0;0;0;0
204463;11;3;3200309;2018;9;16;2;2;5;3;0;0;1;0;1;0;0;0
204464;11;5;5300840;2018;8;6;5;3;3;6;1;0;1;0;0;0;0;0
204465;11;1;1100415;2018;9;23;2;3;0;1;2;1;0;0;0;0;0;0
204466;11;4;4500937;2018;9;17;2;3;5;2;0;0;1;0;1;0;0;0
204467;11;7;7200307;2018;8;7;5;2;5;5;0;1;1;0;0;0;0;1
204468;11;6;6200311;2018;8;15;5;3;5;3;0;0;1;0;0;0;1;1
204469;11;4;4100101;2018;9;13;2;3;5;3;0;0;1;0;0;0;0;0
204470;11;3;3300517;2018;8;9;5;2;4;1;0;0;1;0;0;0;0;1
204471;11;7;7501134;2018;9;16;2;3;1;5;0;0;1;0;0;0;0;0
204472;11;6;6300528;2018;8;13;5;3;2;6;0;0;1;0;0;1;0;1
204473;11;8;8100520;2018;9;14;2;3;8;1;0;0;0;0;1;0;0;0
204474;11;6;6400737;2018;9;15;2;3;8;1;0;0;1;0;0;0;0;0
204475;11;11;11501238;2018;8;11;5;3;5;2;0;0;1;0;0;0;0;1
204476;11;6;6400735;2018;8;12;5;3;5;2;0;0;1;0;0;0;0;1
204477;11;5;5100315;2018;8;11;5;2;2;6;0;0;1;0;0;0;0;1
204478;11;7;7400824;2018;9;13;2;3;5;3;0;1;0;0;0;0;0;0
204479;11;6;6100210;2018;9;13;2;3;5;3;0;1;1;0;0;0;0;0
204480;11;4;4100101;2018;8;10;5;3;5;3;0;0;1;0;0;0;0;0
204481;11;3;3300411;2018;8;8;5;2;5;5;0;0;1;0;0;0;0;0
204482;11;5;5200528;2018;9;13;2;2;1;5;0;1;1;0;0;0;0;0
204483;11;12;12601236;2018;8;9;5;3;9;1;0;0;1;0;0;0;0;1
204484;11;8;8100520;2018;8;10;1;3;0;4;0;1;0;1;0;0;0;0
204485;11;4;4300619;2018;9;13;2;3;2;6;0;0;1;0;1;0;0;0
204486;11;4;4501042;2018;8;23;5;3;5;2;2;0;1;0;1;0;0;1
204487;11;6;6300634;2018;9;12;2;3;6;4;0;0;1;1;0;0;0;0
204488;11;2;2300314;2018;9;12;2;3;0;2;0;1;1;0;0;0;0;0
204489;11;2;2500833;2018;8;21;5;3;1;1;2;1;1;0;0;0;0;1
204490;11;9;9501838;2018;8;21;5;3;5;3;2;0;1;0;0;0;0;1
204491;11;4;4300620;2018;9;11;2;3;2;7;0;0;1;0;1;0;0;0
204492;11;2;2200210;2018;8;20;5;3;0;3;2;0;1;0;0;0;1;1
204493;11;3;3400619;2018;8;19;5;3;2;6;1;1;1;0;0;0;0;0
204494;11;5;5200420;2018;9;10;2;3;5;3;0;0;1;0;0;0;0;0
204495;11;2;2400625;2018;9;10;2;3;5;2;0;1;0;0;0;1;0;0
204496;11;4;4300620;2018;8;19;5;3;5;2;2;1;1;0;0;0;0;1
204497;11;8;8401244;2018;9;10;2;2;5;2;0;1;1;0;0;0;0;0
204498;11;1;1200522;2018;9;9;2;3;5;3;0;1;1;0;0;0;0;0
204499;11;11;11501341;2018;9;5;2;3;3;6;2;1;1;0;0;0;0;0
204500;11;1;1100311;2018;8;18;5;3;2;6;0;0;1;0;1;0;0;1
204501;11;2;2100102;2018;9;8;2;3;1;5;0;1;1;0;0;0;0;0
204502;11;8;8200727;2018;9;9;2;3;5;7;0;0;1;0;0;0;0;0
204503;11;5;5100104;2018;8;18;5;3;6;4;0;0;1;1;0;0;0;1
204504;11;10;10100316;2018;8;18;5;3;2;1;0;0;1;0;0;0;0;1
204505;11;2;2100101;2018;9;8;2;2;3;6;0;1;0;0;0;0;0;0
204506;11;2;2300315;2018;8;18;5;3;2;6;1;0;1;0;1;0;0;1
204507;11;4;4501041;2018;9;8;2;3;0;3;0;1;0;0;1;0;0;0
204508;11;5;5300737;2018;9;8;2;2;5;2;0;0;1;0;1;0;0;0
204509;11;1;3701556;2018;8;17;5;3;0;3;0;1;1;0;0;0;0;1
204510;11;6;6300633;2018;9;8;2;3;5;2;0;1;0;0;0;1;0;0
204511;11;3;3601142;2018;9;7;2;2;3;6;0;1;0;0;0;0;0;0
204512;11;3;3100103;2018;8;17;5;2;0;3;0;0;1;0;1;0;0;1
204513;11;1;1100207;2018;8;16;5;3;5;3;0;0;1;0;0;0;0;0
204514;11;9;9200510;2018;9;7;2;3;3;2;0;1;1;0;0;0;0;0
204515;11;1;1200628;2018;8;20;5;2;0;1;2;1;0;0;0;0;0;0
204516;11;2;2100104;2018;8;18;5;3;0;1;0;0;0;0;1;0;0;1
204517;11;5;5200528;2018;8;17;5;3;0;1;0;0;0;0;1;0;0;1
204518;11;10;10100311;2018;9;8;2;3;0;4;0;0;0;1;1;0;0;0
204519;11;12;12500930;2018;8;11;5;3;5;2;0;0;1;0;0;0;1;1
204520;11;1;1100416;2018;8;6;5;3;5;7;0;1;0;0;0;0;1;0
204521;11;5;5100316;2018;9;7;2;3;5;7;0;0;1;0;1;0;0;0
204522;11;1;1300834;2018;8;12;1;3;2;6;0;1;0;0;0;0;0;0
204523;11;2;2100106;2018;9;7;2;3;5;2;0;0;1;0;0;0;0;0
204524;11;6;6100209;2018;8;13;4;3;0;3;0;0;1;0;0;0;1;0
204525;11;8;8200622;2018;9;7;2;3;5;3;0;1;1;0;0;0;0;0
204526;11;12;12100103;2018;9;7;2;3;2;6;0;1;1;0;0;0;0;0
204527;11;1;1401048;2018;8;18;4;2;3;6;0;0;1;0;1;0;0;0
204528;11;10;10200421;2018;8;19;4;3;5;2;1;0;1;0;1;0;0;0
204529;11;5;5200528;2018;9;7;2;3;5;2;0;1;1;0;0;0;0;0
204530;11;2;2300417;2018;8;22;4;3;5;3;2;1;1;0;0;0;0;0
204531;11;5;5100209;2018;8;13;1;3;5;3;0;1;1;0;0;0;0;0
204532;11;3;3601450;2018;9;7;2;3;0;1;0;1;0;0;0;0;0;0
204533;11;6;6100209;2018;8;20;4;3;0;7;1;0;1;0;1;0;0;0
204534;11;3;3601450;2018;9;6;2;3;5;2;0;1;1;0;0;0;0;0
204535;11;2;2300316;2018;9;5;2;2;6;2;2;0;1;1;0;0;0;1
204536;11;9;9100203;2018;8;20;4;3;5;2;2;0;1;0;0;0;0;0
204537;11;4;4300622;2018;9;6;2;3;4;1;0;0;1;0;0;0;0;1
204538;11;12;12601031;2018;8;19;4;3;0;3;1;0;1;0;1;0;0;0
204539;11;12;12400617;2018;9;5;2;3;5;3;0;0;1;0;1;0;0;0
204540;11;1;1100308;2018;9;15;2;3;3;6;0;1;0;0;0;0;1;0
204541;11;3;3501037;2018;8;17;4;3;5;2;0;0;1;0;0;0;0;0
204542;11;1;1401048;2018;9;17;2;3;5;3;0;1;1;0;0;0;0;0
204543;11;3;3601450;2018;8;19;4;2;6;2;0;0;0;1;0;1;0;0
204544;11;1;1200628;2018;8;18;4;3;6;4;0;0;1;1;0;0;0;0
204545;11;8;8100103;2018;9;20;2;2;6;4;2;0;0;1;1;0;0;0
204546;11;9;9100409;2018;8;16;4;3;0;1;0;1;0;0;0;0;0;0
204547;11;1;1300732;2018;9;18;1;3;2;6;0;0;1;0;0;0;0;0
204548;11;3;3300411;2018;8;16;4;3;2;2;0;0;1;0;0;0;0;0
204549;11;2;2100106;2018;9;19;1;3;5;3;0;1;0;0;0;0;0;0
204550;11;3;3601245;2018;9;20;1;3;5;2;2;1;0;0;0;0;1;0
204551;11;7;7100102;2018;8;15;4;3;1;5;0;1;1;0;0;0;0;0
204552;11;6;6200311;2018;8;15;4;3;5;3;0;0;1;0;0;0;1;0
204553;11;1;1100308;2018;9;20;1;3;6;4;2;1;0;1;0;0;0;0
204554;11;11;11501339;2018;8;15;4;3;5;3;0;0;1;0;0;0;0;0
204555;11;6;6200422;2018;8;14;4;3;5;3;0;0;1;0;0;0;0;0
204556;11;4;4300619;2018;8;14;4;3;5;2;0;1;1;0;0;0;0;0
204557;11;4;4300623;2018;9;18;1;3;5;7;0;0;0;0;1;0;1;0
204558;11;1;1100311;2018;9;5;1;3;5;2;2;0;1;0;0;0;0;0
204559;11;8;8200832;2018;8;14;4;3;1;6;0;0;1;0;1;0;0;0
204560;11;9;9300923;2018;9;10;1;3;5;3;0;0;1;0;1;0;0;0
204561;11;5;5300736;2018;9;14;1;3;2;6;0;0;1;0;0;0;0;0
204562;11;9;9501941;2018;8;14;4;3;5;2;0;1;1;0;0;0;0;0
204563;11;2;2200210;2018;8;14;4;3;6;4;0;0;1;1;0;0;0;0
204564;11;8;8401243;2018;9;14;1;3;5;3;0;1;0;0;0;0;0;0
204565;11;4;4500937;2018;8;14;4;3;0;2;0;0;1;0;0;0;1;0
204566;11;2;2100105;2018;8;13;4;3;5;3;0;0;1;0;0;0;0;0
204567;11;9;9100306;2018;9;15;1;3;5;3;0;0;0;0;1;0;1;0
204568;11;1;1300733;2018;9;14;1;3;6;7;0;1;0;1;0;0;0;0
204569;11;9;9100306;2018;8;12;4;3;5;3;0;1;1;0;0;0;0;0
204570;11;4;4300624;2018;9;13;1;2;5;7;0;0;1;0;0;0;0;1
204571;11;3;3601450;2018;8;12;4;3;5;3;0;1;1;0;0;0;0;0
204572;11;1;1401044;2018;9;3;1;3;0;7;2;1;0;0;0;0;0;0
204573;11;3;3400721;2018;9;4;1;2;0;1;2;1;0;0;0;0;0;0
204574;11;1;1401045;2018;8;12;4;3;0;6;0;1;1;0;0;0;0;0
204575;11;2;2500726;2018;9;12;7;3;5;3;0;1;1;0;0;0;0;0
204576;11;3;3400721;2018;9;11;7;3;2;7;0;0;1;0;1;0;0;0
204577;11;12;12200414;2018;8;11;4;3;2;6;0;0;1;0;0;0;0;0
204578;11;6;6200422;2018;8;10;4;3;1;5;0;1;1;0;0;0;1;0
204579;11;1;1401043;2018;9;23;7;3;4;6;2;1;1;0;0;0;0;0
204580;11;6;6300524;2018;8;10;4;2;1;5;0;1;0;0;0;1;0;0
204581;11;7;7601442;2018;8;9;4;2;6;4;0;0;1;1;0;0;0;0
204582;11;3;3601140;2018;9;13;7;3;2;6;0;1;0;0;0;0;0;0
204583;11;5;5100316;2018;8;17;1;3;5;2;0;0;1;0;0;0;1;0
204584;11;2;2200213;2018;9;15;7;3;6;4;0;1;0;1;0;0;0;0
204585;11;1;1200629;2018;8;9;4;3;5;3;0;1;1;0;0;0;0;0
204586;11;1;1200521;2018;9;18;7;3;4;5;0;0;1;0;1;0;0;0
204587;11;4;4300517;2018;8;9;4;3;6;4;0;1;0;1;0;0;0;0
204588;11;3;3701659;2018;8;8;4;3;0;1;0;0;0;0;1;0;0;0
204589;11;2;2400520;2018;9;19;7;3;0;6;1;1;1;0;0;0;0;0
204590;11;11;11100308;2018;8;8;4;3;0;3;0;0;1;0;0;0;1;0
204591;11;1;1200522;2018;8;8;4;3;5;2;0;0;1;0;1;0;0;0
204592;11;1;1200520;2018;9;17;7;2;3;6;0;0;1;0;1;0;0;0
204593;11;11;11400931;2018;8;7;4;2;6;4;0;0;1;1;0;0;0;0
204594;11;2;2100105;2018;9;18;7;2;1;5;0;1;1;0;0;0;0;0
204595;11;3;3300514;2018;8;7;4;3;5;2;0;1;1;0;0;0;0;0
204596;11;8;8100311;2018;9;12;7;3;3;3;0;0;1;0;0;0;0;0
204597;11;7;7200409;2018;9;15;7;3;1;5;0;1;1;0;0;0;0;0
204598;11;1;1100207;2018;8;6;4;3;5;2;0;0;1;0;1;0;0;0
204599;11;4;4300619;2018;8;6;4;3;5;2;0;1;1;0;0;0;0;0
204600;11;9;9501940;2018;8;2;4;2;9;7;2;0;1;0;0;0;0;0
204601;11;11;11501339;2018;9;16;7;3;6;4;0;1;1;1;0;0;0;0
204602;11;4;4300517;2018;9;14;7;3;5;2;0;0;1;0;0;0;0;0
204603;11;2;2100104;2018;8;8;4;3;1;5;0;1;1;0;0;0;0;0
204604;11;9;9200512;2018;9;18;7;3;3;6;0;0;1;0;0;0;1;0
204605;11;4;4501043;2018;9;10;7;3;5;3;0;0;1;0;1;0;0;0
204606;11;10;10300734;2018;8;15;3;3;0;3;0;1;0;0;0;0;1;0
204607;11;8;8401243;2018;9;13;7;2;0;1;0;1;0;0;0;0;0;0
204608;11;1;1100312;2018;8;15;3;3;0;6;0;1;0;0;0;0;0;0
204609;11;2;2100104;2018;9;14;7;2;0;1;0;0;0;0;1;0;0;0
204610;11;4;4300620;2018;9;9;7;3;7;7;0;0;0;0;0;0;1;0
204611;11;4;4501146;2018;8;17;3;3;1;7;0;1;1;0;0;0;0;0
204612;11;4;4100102;2018;8;16;3;3;0;4;0;0;0;1;1;0;0;0
204613;11;12;12200413;2018;9;20;7;3;1;5;2;1;1;0;1;0;0;0
204614;11;1;1100102;2018;8;15;3;3;2;6;0;1;0;0;0;0;0;0
204615;11;4;7300515;2018;8;15;3;3;6;7;0;0;1;1;0;0;0;0
204616;11;6;6400843;2018;9;8;7;3;1;5;0;1;1;0;0;0;0;0
204617;11;3;3400721;2018;9;6;7;3;1;6;0;0;1;0;0;0;0;0
204618;11;12;12200310;2018;8;14;3;3;5;2;0;0;1;0;0;0;0;0
204619;11;9;9200717;2018;9;20;7;3;5;3;2;0;1;0;0;0;0;0
204620;11;7;7100102;2018;9;20;7;3;5;2;2;1;1;0;0;0;0;0
204621;11;8;8200727;2018;8;14;3;3;2;6;0;0;1;0;1;0;0;0
204622;11;2;2100104;2018;8;13;3;3;5;7;0;0;1;0;1;0;0;0
204623;11;2;2400623;2018;9;4;7;3;5;3;2;1;1;0;0;0;0;0
204624;11;1;1100415;2018;9;2;7;2;0;1;2;1;0;0;0;0;0;0
204625;11;4;4501147;2018;8;11;3;3;3;6;0;1;0;0;0;0;1;0
204626;11;6;6400844;2018;8;9;3;3;1;5;0;1;1;0;0;0;0;0
204627;11;8;8100415;2018;9;18;7;2;5;2;0;0;1;0;1;0;0;0
204628;11;7;7100206;2018;8;9;3;3;5;3;0;1;1;0;0;0;0;0
204629;11;1;1200517;2018;8;9;3;3;5;3;0;1;1;0;0;0;0;0
204630;11;10;10100206;2018;9;21;7;2;0;1;2;0;0;0;1;0;0;0
204631;11;12;12200310;2018;8;8;6;3;6;7;0;1;0;1;0;0;0;0
204632;11;2;2500833;2018;8;7;3;3;0;2;0;1;1;0;0;0;0;0
204633;11;9;9200715;2018;8;16;6;3;5;2;0;0;1;0;0;0;0;0
204634;11;5;5100210;2018;8;19;6;3;2;7;0;0;1;0;0;0;0;0
204635;11;9;9200717;2018;8;7;3;3;6;2;0;0;1;1;0;0;0;0
204636;11;3;3100101;2018;8;7;3;3;2;6;0;0;1;0;0;0;0;0
204637;11;7;7100101;2018;8;12;6;3;6;2;0;0;1;1;0;0;0;0
204638;11;8;8100417;2018;8;15;3;2;6;4;0;0;1;1;0;0;0;0
204639;11;5;5100316;2018;8;15;3;2;0;7;0;1;0;0;0;0;0;0
204640;11;1;1400942;2018;8;17;6;3;5;2;0;1;1;0;0;0;0;0
204641;11;6;6100101;2018;8;15;3;3;0;1;0;0;0;0;1;0;0;0
204642;11;7;7200409;2018;8;14;3;3;3;3;0;1;1;0;0;0;0;0
204643;11;5;5200528;2018;8;17;6;3;5;3;0;1;1;0;0;0;0;0
204644;11;8;8200832;2018;8;17;6;3;5;2;0;0;1;0;1;0;0;0
204645;11;10;10100314;2018;8;12;3;3;0;7;0;1;0;0;0;0;0;0
204646;11;1;1300733;2018;8;17;6;3;6;4;0;0;1;1;0;0;0;0
204647;11;2;2400521;2018;8;15;6;3;6;4;0;0;1;1;0;0;0;0
204648;11;6;6300632;2018;8;11;3;3;0;7;0;0;0;0;1;0;1;0
204649;11;1;1100309;2018;8;21;3;3;6;4;2;1;0;1;0;0;0;0
204650;11;4;4501043;2018;8;15;6;3;5;3;0;1;1;0;0;0;0;0
204651;11;2;2200209;2018;8;18;3;3;1;5;0;1;1;0;0;0;0;0
204652;11;3;3500934;2018;8;14;6;3;6;2;0;0;1;1;0;0;0;0
204653;11;7;7300516;2018;8;18;3;3;0;3;0;1;1;0;0;0;0;0
204654;11;7;7601236;2018;8;15;6;3;5;3;0;0;1;0;0;0;0;0
204655;11;2;2400623;2018;8;14;6;3;6;3;0;0;1;1;0;0;0;0
204656;11;2;2500833;2018;8;17;3;2;3;6;0;0;0;0;1;0;1;0
204657;11;12;12601236;2018;8;17;3;2;5;2;0;1;1;0;0;0;0;0
204658;11;12;12200307;2018;8;14;6;3;5;2;0;1;1;0;0;0;0;0
204659;11;11;11501339;2018;8;22;3;2;2;6;2;1;0;0;0;0;1;0
204660;11;4;4100101;2018;8;13;6;3;5;3;0;0;1;0;0;0;0;0
204661;11;8;8100419;2018;8;16;3;3;5;3;0;0;1;0;0;0;1;0
204662;11;8;8200832;2018;8;7;3;1;5;2;0;0;0;0;1;1;0;0
204663;11;1;1100309;2018;8;13;6;3;5;7;0;1;1;0;0;0;0;0
204664;11;9;9200717;2018;8;10;2;3;1;5;0;1;1;0;0;0;0;0
204665;11;9;9200717;2018;8;15;6;3;2;6;0;0;1;0;0;0;0;0
204666;11;1;1200628;2018;8;15;2;3;0;2;0;0;1;0;1;0;0;0
204667;11;8;8300934;2018;8;17;6;3;2;6;0;0;1;0;0;0;0;0
204668;11;9;9401534;2018;8;16;6;3;2;6;0;0;1;0;0;0;0;0
204669;11;11;11501341;2018;8;16;2;3;2;6;0;0;1;0;0;0;0;0
204670;11;1;1100207;2018;8;22;2;3;6;4;2;1;0;1;0;0;0;0
204671;11;5;5100316;2018;8;13;6;2;2;2;0;1;1;0;0;0;0;0
204672;11;1;1100310;2018;8;20;2;3;2;6;1;0;1;0;1;0;0;0
204673;11;8;8100105;2018;8;18;2;3;6;4;0;0;1;1;0;0;0;0
204674;11;3;3100103;2018;8;14;6;3;5;3;0;0;1;0;0;0;1;0
204675;11;1;1100308;2018;8;19;6;3;9;1;1;0;1;0;0;0;0;0
204676;11;1;1100308;2018;8;18;2;3;3;6;0;1;0;0;1;0;0;0
204677;11;3;3601348;2018;8;13;6;3;5;3;0;1;0;0;0;0;0;0
204678;11;1;1100309;2018;9;17;2;3;2;7;0;1;0;0;0;0;1;0
204679;11;4;4200311;2018;8;22;6;2;3;6;2;0;1;0;1;0;0;0
204680;11;2;2200213;2018;8;18;2;3;2;6;0;0;1;0;1;0;0;0
204681;11;11;11300725;2018;8;21;6;3;0;6;2;1;0;0;0;0;1;0
204682;11;1;1401049;2018;8;21;6;3;1;7;2;0;1;0;0;0;0;0
204683;11;8;8200623;2018;8;18;2;3;5;3;0;1;1;0;0;0;0;0
204684;11;9;9200510;2018;8;17;2;3;2;2;0;0;1;0;0;0;0;0
204685;11;1;1100416;2018;8;21;6;3;2;2;2;1;1;0;0;0;0;0
204686;11;4;4501153;2018;8;17;2;3;5;2;0;1;0;0;0;0;0;0
204687;11;7;7100206;2018;9;16;2;3;6;4;0;1;0;1;0;0;0;0
204688;11;8;8100419;2018;8;17;2;3;5;2;0;0;1;0;1;0;0;0
204689;11;5;5100315;2018;8;20;6;3;0;6;2;0;0;0;1;0;0;0
204690;11;8;8401244;2018;8;19;6;3;5;3;0;1;0;0;0;0;1;0
204691;11;8;8200727;2018;8;17;2;3;5;2;0;1;1;0;0;0;0;0
204692;11;2;2100106;2018;8;18;6;2;5;3;0;1;0;0;1;0;0;0
204693;11;10;10400939;2018;8;18;6;3;5;3;0;1;1;0;0;0;0;0
204694;11;2;2300315;2018;8;15;2;3;2;6;0;1;1;0;0;0;0;0
204695;11;2;2500831;2018;8;18;2;3;0;1;0;0;0;0;1;0;0;0
204696;11;8;8100312;2018;8;17;6;3;2;6;0;0;1;0;0;0;1;0
204697;11;3;3601450;2018;8;10;6;3;5;2;0;1;0;0;0;0;1;0
204698;11;12;12601133;2018;8;18;2;3;5;3;1;0;1;0;0;0;0;0
204699;11;11;11501238;2018;8;19;2;2;8;1;1;0;0;0;1;0;0;0
204700;11;7;7601545;2018;8;10;6;3;1;5;0;1;1;0;0;0;0;0
204701;11;1;1100311;2018;8;15;2;3;0;6;0;0;1;0;0;0;0;0
204702;11;8;8200832;2018;9;17;2;3;2;2;0;1;1;0;0;0;0;0
204703;11;2;2100101;2018;8;17;2;3;5;3;0;1;1;0;0;0;0;0
204704;11;4;4500938;2018;8;10;6;3;0;6;0;0;1;0;0;0;1;0
204705;11;1;1300730;2018;8;14;1;3;2;6;0;1;1;0;0;0;0;0
204706;11;9;9100305;2018;8;9;6;3;2;6;0;0;1;0;0;0;0;0
204707;11;3;3400725;2018;8;17;2;2;5;7;0;0;1;0;1;0;0;0
204708;11;7;7200308;2018;8;9;6;3;2;6;0;0;1;0;0;0;0;0
204709;11;1;1401046;2018;8;7;2;3;5;3;0;0;1;0;0;0;0;0
204710;11;12;12200411;2018;9;15;2;3;5;2;0;0;1;0;1;0;0;0
204711;11;11;11300722;2018;8;7;2;3;6;4;0;0;1;1;0;0;0;0
204712;11;2;2300419;2018;8;9;6;2;6;4;0;1;0;1;0;0;0;0
204713;11;8;8100314;2018;8;8;2;3;5;2;0;1;1;0;0;0;0;0
204714;11;5;5200527;2018;9;13;2;2;5;3;0;1;1;0;0;0;0;0
204715;11;1;1400942;2018;8;9;6;3;3;6;0;1;1;0;0;0;0;0
204716;11;1;1100102;2018;8;2;2;2;6;4;2;0;1;1;0;0;0;0
204717;11;5;5200629;2018;8;8;2;3;5;3;0;0;1;0;0;0;0;0
204718;11;2;2400521;2018;8;8;6;3;3;6;0;0;1;0;0;0;0;0