OBJECTID;LAND;BEZ;LOR_ab_2021;UJAHR;UMONAT;USTUNDE;UWOCHENTAG;UKATEGORIE;UART;UTYP1;ULICHTVERH;IstRad;IstPKW;IstFuss;IstKrad;IstGkfz;IstSonstige;USTRZUSTAND
204719;11;2;2100101;2018;8;8;2;3;0;1;0;0;0;0;1;0;0;0
204720;11;12;12500824;2018;8;8;6;2;5;2;0;0;1;0;1;0;0;0
204721;11;3;3601142;2018;8;9;2;3;2;2;0;1;1;0;0;0;0;0
204722;11;4;4300624;2018;8;7;6;3;5;7;0;0;1;0;1;0;0;0
204723;11;11;11400929;2018;8;7;6;3;5;3;0;1;0;0;0;0;0;0
204724;11;1;1100415;2018;8;11;2;3;3;6;0;0;1;0;1;0;0;0
204725;11;2;2100106;2018;8;11;2;3;0;6;0;1;0;0;0;0;0;0
204726;11;8;8100311;2018;8;12;2;3;5;2;0;1;1;0;0;0;0;0
204727;11;9;9200819;2018;8;7;6;3;5;3;0;0;1;0;1;0;0;0
204728;11;6;6400844;2018;8;13;2;3;6;4;0;0;1;1;0;0;0;0
204729;11;10;10100205;2018;8;6;6;3;0;6;1;0;0;0;1;0;1;0
204730;11;4;4300416;2018;8;9;2;3;5;2;0;0;1;0;1;0;0;0
204731;11;11;11200512;2018;8;5;6;3;5;2;1;1;1;0;0;0;0;0
204732;11;3;3601348;2018;8;8;6;2;5;3;0;1;0;0;0;0;1;0
204733;11;4;4200310;2018;8;18;2;3;5;2;0;0;1;0;0;0;0;0
204734;11;7;7601545;2018;8;11;6;2;5;2;0;1;1;0;0;0;0;0
204735;11;6;6200422;2018;8;11;6;3;0;1;0;0;0;0;1;0;0;0
204736;11;9;9501939;2018;8;14;2;3;2;6;0;1;1;0;0;0;0;0
204737;11;4;4300518;2018;8;8;2;3;5;2;0;1;1;0;0;0;0;0
204738;11;4;4400728;2018;8;13;5;3;6;7;0;0;1;1;0;0;0;0
204739;11;9;9200613;2018;8;15;2;3;5;3;0;0;1;0;1;0;0;0
204740;11;9;9100409;2018;8;15;2;3;2;2;0;1;1;0;0;0;0;0
204741;11;5;5100206;2018;8;9;5;3;5;5;0;0;1;0;1;0;0;1
204742;11;4;4200308;2018;8;9;5;3;2;6;0;0;1;0;0;0;0;1
204743;11;11;11100204;2018;8;15;2;3;6;2;0;0;1;1;0;0;0;0
204744;11;12;12100101;2018;8;10;5;3;3;6;0;0;1;0;0;0;0;1
204745;11;1;1100206;2018;8;10;5;3;5;2;0;1;1;0;0;0;0;1
204746;11;1;1100309;2018;8;15;2;3;5;3;0;0;1;0;0;0;0;0
204747;11;9;9100408;2018;8;15;2;3;5;3;0;0;1;0;1;0;0;0
204748;11;9;9200512;2018;8;11;5;3;5;3;0;1;1;0;0;0;0;1
204749;11;12;12500930;2018;8;16;2;3;2;6;0;0;1;0;0;0;0;0
204750;11;1;1100205;2018;8;14;2;3;5;7;0;0;1;0;0;0;0;0
204751;11;1;1100313;2018;8;11;5;3;5;2;0;1;0;0;0;1;0;1
204752;11;12;12400616;2018;8;10;2;2;4;6;0;0;1;0;0;0;0;0
204753;11;4;4400727;2018;8;11;5;3;5;2;0;0;1;0;0;0;1;1
204754;11;3;3400723;2018;8;11;2;3;0;1;0;0;0;0;1;0;0;1
204755;11;4;4400832;2018;8;5;2;3;0;1;1;0;0;0;1;0;0;0
204756;11;4;4501042;2018;8;9;5;3;3;6;0;1;0;0;0;0;1;0
204757;11;7;7300619;2018;8;12;5;3;5;7;0;1;1;0;0;0;0;1
204758;11;9;9401432;2018;8;17;2;3;0;1;0;0;0;0;1;0;1;0
204759;11;7;7601546;2018;8;14;5;3;5;3;0;0;1;0;0;0;0;0
204760;11;7;7601544;2018;8;9;5;3;5;3;0;1;1;0;0;0;0;0
204761;11;4;4300412;2018;8;14;1;3;2;6;0;0;1;0;0;0;0;0
204762;11;1;1300836;2018;8;18;1;3;5;2;0;1;1;0;0;0;0;0
204763;11;12;12500926;2018;8;9;5;3;2;6;0;0;1;0;0;0;0;1
204764;11;2;2300417;2018;8;10;1;3;6;4;0;0;1;1;0;0;0;0
204765;11;2;2300316;2018;8;9;5;3;5;2;0;1;1;0;0;0;0;1
204766;11;7;7300516;2018;8;12;1;3;6;7;0;0;0;1;1;0;0;0
204767;11;12;12200308;2018;9;17;5;2;5;2;0;1;1;0;0;0;0;0
204768;11;8;8401241;2018;9;6;3;2;2;6;2;0;1;0;1;0;0;0
204769;11;2;2300314;2018;9;17;5;3;1;5;0;1;1;0;0;0;0;0
204770;11;8;8200726;2018;9;17;5;3;5;2;0;1;1;0;0;0;0;0
204771;11;5;5300736;2018;9;5;3;3;3;6;1;0;1;0;1;0;0;0
204772;11;6;6100207;2018;9;13;3;3;5;3;0;1;1;0;0;0;0;0
204773;11;11;11501340;2018;9;16;5;2;2;6;0;0;1;0;0;0;0;0
204774;11;3;3400725;2018;9;5;3;3;5;7;2;0;1;0;1;0;0;1
204775;11;3;3200310;2018;9;15;5;3;2;6;0;0;1;0;0;0;0;0
204776;11;1;1200517;2018;9;12;3;3;6;2;0;0;1;1;0;0;0;0
204777;11;2;2100102;2018;9;15;5;3;3;6;0;1;0;0;0;0;1;0
204778;11;12;12400616;2018;9;18;5;3;5;3;0;0;1;0;0;0;0;0
204779;11;4;4500936;2018;9;11;3;3;2;6;0;0;0;0;1;0;1;0
204780;11;3;3400829;2018;9;11;3;2;5;3;0;1;0;0;0;0;1;0
204781;11;10;10200422;2018;9;11;3;3;5;2;0;1;1;0;0;0;0;0
204782;11;1;1100310;2018;9;14;5;3;2;6;0;0;1;0;1;0;1;0
204783;11;7;7100102;2018;9;14;5;3;0;4;0;0;0;1;0;0;1;0
204784;11;12;12100101;2018;9;9;3;3;5;3;0;0;1;0;0;0;0;0
204785;11;3;3100101;2018;9;9;3;3;5;3;0;1;1;0;0;0;0;0
204786;11;11;11300721;2018;9;15;3;3;2;6;0;0;1;0;0;0;0;0
204787;11;3;3500934;2018;9;14;5;3;5;3;0;0;1;0;1;0;0;0
204788;11;2;2100102;2018;9;9;3;3;1;5;0;0;1;0;0;0;0;0
204789;11;9;9200510;2018;9;8;3;2;5;2;0;1;1;0;0;0;0;0
204790;11;1;1100205;2018;9;13;5;3;3;6;0;1;1;0;0;0;0;0
204791;11;4;4500937;2018;9;9;3;3;2;6;0;0;1;0;0;0;0;0
204792;11;9;9300922;2018;9;13;5;3;5;3;0;0;1;0;0;0;0;0
204793;11;4;4300416;2018;9;10;5;3;6;4;0;0;1;1;0;0;0;0
204794;11;3;3400721;2018;9;9;3;3;6;4;0;0;1;1;0;0;0;0
204795;11;2;2400521;2018;9;13;3;3;2;6;0;0;1;0;0;0;0;0
204796;11;11;11400927;2018;9;10;5;3;5;3;0;1;1;0;0;0;0;0
204797;11;3;3701660;2018;9;13;3;3;5;3;0;0;1;0;1;0;0;0
204798;11;6;6200311;2018;9;17;2;3;5;7;0;0;1;0;0;0;0;0
204799;11;2;2300314;2018;9;9;5;3;0;2;0;1;1;0;0;0;0;0
204800;11;1;1100310;2018;9;9;5;3;2;7;0;1;1;0;0;0;0;0
204801;11;4;4500938;2018;9;13;2;3;0;1;0;1;1;0;0;0;0;0
204802;11;3;3100103;2018;9;9;5;3;5;3;0;0;1;0;0;0;0;0
204803;11;2;2200210;2018;9;8;5;3;5;2;0;1;1;0;0;0;0;0
204804;11;7;7100204;2018;9;8;5;3;3;2;0;1;0;0;1;0;0;0
204805;11;6;6400841;2018;9;18;2;3;2;6;0;0;1;0;0;0;0;0
204806;11;4;4501149;2018;9;7;5;3;5;2;0;1;1;0;0;0;0;0
204807;11;4;4501146;2018;9;7;5;3;5;3;0;1;0;0;0;0;0;0
204808;11;2;2300316;2018;9;18;2;3;5;2;0;1;1;0;0;0;0;0
204809;11;4;4300620;2018;9;17;2;3;5;2;0;1;1;0;0;0;0;0
204810;11;5;5100103;2018;9;6;5;3;5;2;0;0;1;0;1;0;0;0
204811;11;5;5400942;2018;9;17;2;3;2;6;0;0;1;0;0;0;1;0
204812;11;4;4500936;2018;9;13;5;3;5;3;0;0;1;0;0;0;1;0
204813;11;7;7501031;2018;9;11;5;3;3;6;0;1;0;0;0;0;0;0
204814;11;4;4200203;2018;9;17;2;3;3;2;0;0;1;0;1;0;0;0
204815;11;10;10100205;2018;9;13;5;3;5;3;0;1;1;0;0;0;0;0
204816;11;1;7100101;2018;9;9;5;3;5;2;0;1;1;1;0;0;0;0
204817;11;4;4501148;2018;9;16;2;2;5;2;0;0;1;0;1;0;0;0
204818;11;1;1100308;2018;9;16;2;2;6;4;0;0;1;1;0;0;0;0
204819;11;8;8100104;2018;9;13;5;3;2;2;0;1;1;0;0;0;0;0
204820;11;3;3400619;2018;9;15;2;3;5;3;0;1;1;0;0;0;0;0
204821;11;1;1300834;2018;9;15;2;3;2;6;0;0;1;0;1;0;0;0
204822;11;6;6200423;2018;9;14;2;3;2;6;0;0;1;0;0;0;1;0
204823;11;4;4500938;2018;9;9;5;2;5;2;0;0;1;0;1;0;0;0
204824;11;10;10100315;2018;9;14;2;3;5;2;0;1;1;0;0;0;0;0
204825;11;6;6300527;2018;9;13;2;2;5;2;0;1;1;0;0;0;0;0
204826;11;2;2100102;2018;9;8;5;3;5;3;0;0;1;0;1;0;0;0
204827;11;11;11501340;2018;9;8;3;3;2;6;0;0;0;0;0;1;0;0
204828;11;8;8100521;2018;9;8;5;3;9;1;0;0;1;0;0;0;0;0
204829;11;8;8100209;2018;9;12;2;3;3;6;0;1;0;0;0;1;0;0
204830;11;8;8200726;2018;9;7;5;2;5;3;0;1;0;0;0;0;0;0
204831;11;10;10200421;2018;9;13;5;3;5;3;0;1;1;0;0;0;0;0
204832;11;5;5300736;2018;9;12;2;3;2;2;0;0;1;0;0;0;1;0
204833;11;4;4501150;2018;9;12;2;3;3;6;0;0;0;0;1;0;1;0
204834;11;2;2300316;2018;9;14;3;3;3;6;0;0;1;0;0;1;0;0
204835;11;7;7400823;2018;9;12;5;3;5;2;0;0;1;0;0;0;0;0
204836;11;8;8100102;2018;9;11;2;3;6;4;0;0;0;1;0;0;1;0
204837;11;12;12200309;2018;9;8;3;3;5;2;0;1;0;0;0;1;0;0
204838;11;12;12400618;2018;9;12;5;2;0;7;0;1;1;0;0;0;0;0
204839;11;2;2100106;2018;9;14;2;3;2;6;0;0;1;0;0;0;0;0
204840;11;5;5300839;2018;9;12;5;2;5;3;0;0;1;0;0;0;0;0
204841;11;8;8200622;2018;9;12;5;3;3;6;0;0;1;0;1;0;0;0
204842;11;7;7200308;2018;9;16;2;3;0;7;0;1;0;0;0;0;0;0
204843;11;12;12500825;2018;9;15;3;3;5;2;0;1;1;0;0;0;0;0
204844;11;5;5100211;2018;9;11;5;3;5;2;0;0;1;0;0;0;0;0
204845;11;1;1400937;2018;9;20;2;2;6;4;2;0;1;1;0;0;0;0
204846;11;9;8401243;2018;9;11;5;3;3;6;0;1;0;0;0;0;0;0
204847;11;7;7400825;2018;9;11;5;3;1;3;0;0;1;0;0;0;1;0
204848;11;9;9200510;2018;9;10;2;3;2;6;0;0;1;0;0;0;0;0
204849;11;4;4300623;2018;9;11;5;3;2;2;0;0;1;0;0;0;0;0
204850;11;4;4501043;2018;9;10;2;3;5;3;0;1;1;0;0;0;0;0
204851;11;12;12500825;2018;9;10;2;3;2;6;0;0;1;0;0;0;0;0
204852;11;3;3500934;2018;9;14;3;2;0;1;0;1;0;0;0;0;0;0
204853;11;5;5300735;2018;9;10;5;3;2;6;0;1;0;0;0;0;1;0
204854;11;5;5200631;2018;9;9;2;3;5;3;0;1;1;0;0;0;0;0
204855;11;6;6400843;2018;9;7;5;3;6;7;0;1;0;1;0;0;0;0
204856;11;2;2100102;2018;9;9;2;3;2;6;0;0;1;0;0;0;0;0
204857;11;2;7400720;2018;9;15;5;2;3;6;0;0;0;0;0;0;1;0
204858;11;10;10100311;2018;9;7;4;3;2;7;0;0;1;0;0;0;0;0
204859;11;7;7400720;2018;9;9;2;3;3;6;0;1;1;0;0;0;0;0
204860;11;4;4100101;2018;9;16;2;3;5;2;0;1;1;0;0;0;0;0
204861;11;4;4400726;2018;9;11;4;3;2;6;0;0;1;0;0;0;0;0
204862;11;10;10100104;2018;9;9;2;2;6;4;0;0;1;1;0;0;0;0
204863;11;10;10100209;2018;9;22;2;3;6;2;2;0;1;1;0;0;0;0
204864;11;1;1100415;2018;9;21;2;3;5;7;2;0;1;0;1;0;0;0
204865;11;1;1300732;2018;9;18;4;3;0;2;0;1;1;0;0;0;0;0
204866;11;1;1300834;2018;9;20;4;3;3;6;2;0;1;0;1;0;0;0
204867;11;1;1100308;2018;9;21;2;3;5;2;2;1;1;0;0;0;0;0
204868;11;6;6300527;2018;9;18;4;3;2;6;0;0;1;0;1;0;0;0
204869;11;9;9200715;2018;9;20;4;3;5;2;1;1;1;0;0;0;0;0
204870;11;12;12601032;2018;9;20;2;3;5;7;2;0;1;0;0;0;1;0
204871;11;11;11200410;2018;9;19;2;3;2;6;2;0;1;0;0;0;0;0
204872;11;4;4500936;2018;9;19;4;3;1;5;0;0;1;0;1;0;0;0
204873;11;10;10300731;2018;9;19;2;3;2;3;1;1;1;0;0;0;0;0
204874;11;1;1100415;2018;9;9;6;3;5;3;0;1;0;0;0;0;0;0
204875;11;6;6400737;2018;9;16;3;3;5;2;0;1;1;0;0;0;0;0
204876;11;4;4300517;2018;9;19;2;3;0;3;0;0;1;0;1;0;0;0
204877;11;5;5100104;2018;9;18;4;2;0;7;0;1;0;0;0;0;0;0
204878;11;7;7501030;2018;9;18;4;3;3;5;0;0;1;0;0;0;0;0
204879;11;7;7601545;2018;9;19;2;3;0;4;0;0;0;1;0;0;1;0
204880;11;12;12200309;2018;9;17;4;3;5;2;0;1;1;0;0;0;0;0
204881;11;4;4500937;2018;9;9;2;3;3;6;0;0;0;0;0;0;1;0
204882;11;1;1100207;2018;9;17;4;3;0;3;0;0;1;0;1;0;0;0
204883;11;6;6200313;2018;9;17;4;3;2;6;0;0;1;0;1;0;0;0
204884;11;1;1100102;2018;9;8;2;3;5;3;0;1;1;0;0;0;0;0
204885;11;8;8100417;2018;9;13;4;3;2;6;0;0;1;0;0;0;1;0
204886;11;11;11300721;2018;9;16;4;3;2;6;0;0;1;0;0;0;0;0
204887;11;4;4300619;2018;9;8;2;3;5;2;0;0;1;0;0;0;0;0
204888;11;9;9200512;2018;9;21;2;2;8;1;2;0;1;0;0;0;1;0
204889;11;6;6400844;2018;9;16;4;2;3;6;0;1;1;0;0;0;0;0
204890;11;1;1100206;2018;9;21;2;2;0;1;2;1;0;0;0;0;0;0
204891;11;3;3400619;2018;9;8;6;3;2;7;0;0;0;0;1;0;1;1
204892;11;2;2500833;2018;9;20;2;2;0;1;1;1;0;0;0;0;0;0
204893;11;7;7601237;2018;9;16;4;3;5;3;0;1;1;0;0;0;0;0
204894;11;7;7400822;2018;9;13;3;3;0;1;0;0;0;0;1;0;0;0
204895;11;9;9100306;2018;9;16;4;3;2;6;0;0;1;0;1;0;0;0
204896;11;9;9300920;2018;9;8;2;3;2;2;0;1;1;0;0;0;0;0
204897;11;7;7400824;2018;9;16;4;3;5;3;0;0;1;0;1;0;0;0
204898;11;6;6300526;2018;9;7;2;3;5;2;0;1;1;0;0;0;0;0
204899;11;11;11300722;2018;9;14;6;3;5;2;0;1;1;0;0;0;0;0
204900;11;1;1100101;2018;9;7;2;3;0;4;0;1;0;1;0;0;0;0
204901;11;3;3400618;2018;9;13;4;3;5;3;0;0;1;0;0;0;1;0
204902;11;9;9501939;2018;9;5;2;3;5;2;1;0;0;0;1;0;1;0
204903;11;12;12100205;2018;9;9;2;3;2;6;0;0;1;0;0;0;0;0
204904;11;6;6300528;2018;9;13;4;3;5;3;0;1;1;0;0;0;0;0
204905;11;5;5200629;2018;9;16;2;2;6;7;0;0;1;1;0;0;0;0
204906;11;1;1100313;2018;9;8;6;3;3;6;0;0;1;0;1;0;0;1
204907;11;7;7100102;2018;9;10;4;2;5;2;0;1;1;0;0;0;0;0
204908;11;3;3200207;2018;9;14;1;3;5;3;0;1;1;0;0;0;0;0
204909;11;1;1100205;2018;9;10;4;3;5;2;0;1;1;0;0;0;0;0
204910;11;4;4200311;2018;9;15;4;2;6;4;0;0;0;1;1;0;0;0
204911;11;8;8200730;2018;9;15;1;3;3;6;0;0;1;0;0;0;0;0
204912;11;5;5200423;2018;9;14;1;3;5;2;0;0;1;0;0;0;0;0
204913;11;4;4300619;2018;9;13;6;3;2;6;0;0;1;0;1;0;0;0
204914;11;11;11300619;2018;9;14;1;3;1;7;0;0;1;0;0;0;0;0
204915;11;8;8300934;2018;9;14;4;3;2;6;0;0;1;0;0;0;0;0
204916;11;1;1100308;2018;9;12;6;3;1;5;0;1;1;0;0;0;0;0
204917;11;1;1401044;2018;9;10;4;3;1;5;0;0;1;0;0;0;0;0
204918;11;6;6300527;2018;9;14;1;3;5;5;0;0;1;0;0;0;0;0
204919;11;3;3400620;2018;9;15;4;3;0;3;0;1;1;0;0;0;0;0
204920;11;8;8100417;2018;9;15;4;3;5;2;0;1;1;0;0;0;0;0
204921;11;4;4200207;2018;9;13;1;2;5;2;0;1;1;0;0;0;0;0
204922;11;3;3500936;2018;9;14;4;3;6;4;0;0;1;1;0;0;0;0
204923;11;2;2500830;2018;9;13;1;3;5;3;0;0;1;0;0;0;0;0
204924;11;1;1300732;2018;9;14;4;3;6;4;0;0;1;1;0;0;0;0
204925;11;1;1200517;2018;9;14;4;3;5;3;0;1;1;0;0;0;0;0
204926;11;5;5200631;2018;9;11;1;3;5;2;0;1;1;0;0;0;0;0
204927;11;7;7400823;2018;9;10;1;3;5;2;0;0;1;0;0;0;1;0
204928;11;8;8100206;2018;9;14;4;3;5;3;0;0;1;0;1;0;0;0
204929;11;6;6400737;2018;9;10;1;3;5;3;0;1;0;0;0;0;0;0
204930;11;1;1100205;2018;9;8;6;3;1;5;0;1;1;0;0;0;0;1
204931;11;9;9200819;2018;9;21;1;2;4;2;2;0;1;0;0;0;1;0
204932;11;4;4501043;2018;9;10;4;3;1;5;0;1;0;0;0;0;1;0
204933;11;3;3601139;2018;9;9;4;3;1;5;0;1;1;0;0;0;0;0
204934;11;1;1200628;2018;9;7;1;2;8;1;0;0;1;0;0;0;0;0
204935;11;11;11300721;2018;9;9;4;3;5;3;0;1;0;0;0;0;0;0
204936;11;2;2100104;2018;9;8;4;3;1;5;0;1;1;0;0;0;0;0
204937;11;1;1400942;2018;9;21;1;3;0;7;2;0;1;0;1;0;0;0
204938;11;9;9200512;2018;9;6;1;2;1;1;0;0;1;0;0;0;0;0
204939;11;12;12400619;2018;9;8;4;3;0;1;0;1;0;0;0;0;0;0
204940;11;7;7501031;2018;9;7;4;3;5;2;0;1;1;0;0;0;0;0
204941;11;6;6300525;2018;9;18;1;3;5;2;0;0;1;0;1;0;0;0
204942;11;4;4501042;2018;9;17;1;3;1;5;0;1;1;0;0;0;1;0
204943;11;4;4200206;2018;9;5;4;3;0;2;2;1;0;0;0;0;1;0
204944;11;2;2400623;2018;9;1;1;3;0;1;2;1;0;0;0;0;0;0
204945;11;2;2200210;2018;9;8;6;3;5;3;0;0;1;0;1;0;0;1
204946;11;1;1100415;2018;9;11;1;2;0;1;0;1;0;0;0;0;0;0
204947;11;7;7400928;2018;9;0;4;2;5;3;2;0;1;0;1;0;0;0
204948;11;2;2300315;2018;9;21;4;3;2;2;2;0;1;0;0;0;0;0
204949;11;1;1100310;2018;9;16;1;3;2;6;0;0;1;0;1;0;0;0
204950;11;8;8200832;2018;9;10;4;1;6;2;0;0;0;1;0;1;0;0
204951;11;4;4501152;2018;9;17;3;3;6;4;0;1;0;1;0;0;0;0
204952;11;7;7400825;2018;9;15;1;3;3;6;0;0;1;0;1;0;0;0
204953;11;3;3601245;2018;9;20;1;2;5;2;2;0;1;0;1;0;0;0
204954;11;3;3400619;2018;9;16;3;3;5;3;0;0;1;0;1;0;0;0
204955;11;11;11501340;2018;9;17;1;2;0;1;0;1;0;0;0;0;0;0
204956;11;8;8200725;2018;9;8;6;2;5;2;0;0;1;0;1;0;0;1
204957;11;1;1100310;2018;9;20;7;3;6;4;1;1;0;1;0;0;0;0
204958;11;8;8300935;2018;9;15;3;3;5;2;0;1;1;0;0;0;0;0
204959;11;5;5300736;2018;9;13;7;3;1;1;0;0;1;0;0;0;0;0
204960;11;10;10200524;2018;9;7;6;3;5;3;0;0;1;0;0;0;0;1
204961;11;3;3200308;2018;9;12;7;3;6;7;0;0;1;1;0;0;0;0
204962;11;10;10400837;2018;9;15;3;3;5;3;0;1;1;0;0;0;0;0
204963;11;12;12200515;2018;9;15;3;3;5;2;0;1;1;0;0;0;0;0
204964;11;8;8100419;2018;9;13;7;3;5;3;0;0;1;0;0;0;0;0
204965;11;1;1300836;2018;9;15;3;3;6;4;0;1;0;1;0;0;0;0
204966;11;1;1100308;2018;9;14;3;3;1;1;0;0;1;0;1;0;0;0
204967;11;2;2300316;2018;9;12;7;3;1;5;0;1;1;0;0;0;1;0
204968;11;4;4400835;2018;9;7;6;2;0;5;0;1;1;0;0;0;0;1
204969;11;1;1400940;2018;9;11;7;3;5;2;0;1;1;0;0;0;0;0
204970;11;4;4200311;2018;9;14;3;2;3;6;0;0;1;0;1;0;0;0
204971;11;11;11100309;2018;9;11;7;3;5;2;0;1;1;0;0;0;0;0
204972;11;7;7300619;2018;9;6;6;3;5;3;1;1;1;0;0;0;0;1
204973;11;6;6300632;2018;9;15;3;2;5;3;0;1;0;0;0;0;0;0
204974;11;4;4200310;2018;9;13;3;3;5;2;0;1;1;0;0;0;0;0
204975;11;4;4200310;2018;9;11;7;3;2;6;0;0;1;0;0;0;0;0
204976;11;4;4400727;2018;9;13;3;3;1;5;0;1;1;0;0;0;0;0
204977;11;7;7601547;2018;9;13;3;3;2;2;0;1;1;0;0;0;0;0
204978;11;1;1401049;2018;9;11;7;3;5;2;0;0;1;0;0;0;0;0
204979;11;4;4300416;2018;9;11;7;2;2;3;0;1;1;0;0;0;0;0
204980;11;2;2400522;2018;9;16;5;3;5;7;0;0;1;0;0;0;0;0
204981;11;10;10100209;2018;9;13;3;3;2;6;0;0;1;0;0;0;0;0
204982;11;7;7100206;2018;9;10;7;3;2;7;0;1;1;0;0;0;0;0
204983;11;1;1401049;2018;9;12;3;3;5;2;0;1;1;0;0;0;0;0
204984;11;4;4501153;2018;9;6;7;3;2;4;1;0;1;1;1;0;0;0
204985;11;9;9200818;2018;9;13;5;3;2;2;0;0;1;0;0;0;0;0
204986;11;9;9401635;2018;9;10;7;3;9;1;0;0;1;0;0;0;0;0
204987;11;6;6300634;2018;9;12;3;3;2;6;0;0;1;0;0;0;0;0
204988;11;9;9502043;2018;9;18;7;2;4;6;0;0;1;0;0;0;0;0
204989;11;12;12400722;2018;9;14;5;3;9;1;0;0;1;0;0;0;0;0
204990;11;1;1100102;2018;9;12;3;3;5;2;0;1;1;0;0;0;0;0
204991;11;1;1300732;2018;9;18;7;3;6;4;0;0;0;1;0;0;1;0
204992;11;7;7400927;2018;9;14;3;3;5;2;0;0;1;0;0;1;0;0
204993;11;4;4500936;2018;9;16;3;3;3;6;0;0;1;0;1;0;0;0
204994;11;5;5200528;2018;9;10;3;3;2;6;0;0;1;0;0;0;0;0
204995;11;6;6100207;2018;9;18;7;3;5;2;0;0;1;0;0;0;0;0
204996;11;1;1100103;2018;9;18;7;3;5;2;0;0;1;0;0;0;0;0
204997;11;4;4300619;2018;9;9;3;3;6;4;0;0;0;1;1;0;0;0
204998;11;1;1100416;2018;9;17;7;3;5;7;0;0;1;0;1;0;0;0
204999;11;4;4501045;2018;9;16;7;3;5;2;0;1;1;0;0;0;0;0
205000;11;7;7100101;2018;9;9;3;3;0;1;0;0;1;0;1;0;0;0
205001;11;3;3601243;2018;9;22;3;2;5;3;2;1;1;0;0;0;0;0
205002;11;2;2100106;2018;9;16;7;3;2;6;0;1;1;0;0;0;0;0
205003;11;8;8200831;2018;9;21;3;3;5;3;2;1;0;0;0;0;1;0
205004;11;8;8100209;2018;9;16;5;3;6;4;0;1;0;1;0;0;0;0
205005;11;12;12100101;2018;9;20;3;3;5;3;1;0;1;0;1;0;0;0
205006;11;2;2300419;2018;9;15;7;3;5;3;0;1;1;0;0;0;0;0
205007;11;8;8100207;2018;9;19;3;3;6;7;0;0;1;1;0;0;0;0
205008;11;5;5200632;2018;9;9;3;3;2;6;0;0;1;0;0;0;0;0
205009;11;4;4200207;2018;9;15;7;2;0;1;0;1;0;0;0;0;0;0
205010;11;1;1100416;2018;9;15;7;3;5;3;0;1;0;0;1;0;0;0
205011;11;1;1100308;2018;9;19;3;3;5;2;0;1;1;0;0;0;0;0
205012;11;8;8100417;2018;9;13;7;3;6;4;0;0;0;1;0;0;1;0
205013;11;7;7300517;2018;9;20;5;3;6;7;2;1;0;1;0;0;0;0
205014;11;4;4300623;2018;9;15;7;3;1;5;0;1;1;0;0;0;0;0
205015;11;2;2200212;2018;9;0;3;3;5;2;2;1;1;0;0;0;0;0
205016;11;11;11200410;2018;9;9;3;3;5;3;0;1;1;0;0;0;0;0
205017;11;6;6200311;2018;9;21;7;2;0;6;2;1;1;0;0;0;0;0
205018;11;11;11300620;2018;9;9;3;2;0;3;0;0;1;0;1;0;0;0
205019;11;10;10200421;2018;9;18;3;2;6;4;0;0;1;1;0;0;0;0
205020;11;10;10100104;2018;9;22;7;3;5;2;2;0;1;0;0;0;1;0
205021;11;1;1100311;2018;9;21;7;2;2;6;2;1;1;0;0;0;0;0
205022;11;1;1300733;2018;9;9;3;2;5;3;0;1;0;0;0;1;0;0
205023;11;12;12500825;2018;9;9;3;2;5;2;0;1;0;0;0;0;1;0
205024;11;6;6200421;2018;9;19;7;3;5;7;2;0;1;0;1;0;0;0
205025;11;7;7200307;2018;9;19;7;3;2;6;0;0;1;0;1;0;0;0
205026;11;3;3500934;2018;9;8;3;3;0;1;0;0;0;0;1;0;0;0
205027;11;5;5100103;2018;9;13;7;3;5;3;0;1;1;0;0;0;0;0
205028;11;11;11401136;2018;9;19;5;3;5;2;1;1;1;0;0;0;0;0
205029;11;4;4501148;2018;9;13;7;3;0;2;0;1;1;0;0;0;0;0
205030;11;7;2200207;2018;9;8;3;3;2;6;0;0;1;0;1;0;0;0
205031;11;7;7400927;2018;9;6;3;3;5;7;0;0;1;0;0;0;1;0
205032;11;11;11300618;2018;9;8;3;3;2;6;0;0;1;0;0;0;0;0
205033;11;2;2100102;2018;9;1;7;3;5;7;2;0;1;0;0;0;1;0
205034;11;2;2500728;2018;9;18;3;3;2;6;1;0;1;0;1;0;0;0
205035;11;3;3701554;2018;9;20;7;1;0;7;1;1;0;0;0;1;0;0
205036;11;6;6400844;2018;9;19;5;2;5;2;0;1;1;0;0;0;0;0
205037;11;12;12200309;2018;9;23;6;3;2;6;2;0;1;0;0;0;0;1
205038;11;9;9200818;2018;9;18;3;3;2;6;1;0;1;0;1;0;0;0
205039;11;5;5100316;2018;9;20;6;3;6;7;1;0;0;1;0;1;0;0
205040;11;3;3100103;2018;9;18;5;3;5;3;0;1;1;0;0;0;0;0
205041;11;7;7200307;2018;9;18;3;3;5;2;1;1;1;0;0;0;0;0
205042;11;2;2200212;2018;9;20;6;3;1;5;2;1;1;0;0;0;0;0
205043;11;1;1100311;2018;9;22;6;3;5;2;2;0;1;0;0;0;0;0
205044;11;6;6300525;2018;9;8;3;3;0;1;0;1;0;0;0;0;0;0
205045;11;10;10100205;2018;9;7;6;3;0;3;0;0;0;0;1;1;0;1
205046;11;4;4500936;2018;9;18;3;3;5;2;0;0;1;0;0;0;0;0
205047;11;6;6100101;2018;9;19;6;2;6;7;2;0;1;1;0;0;0;0
205048;11;9;9200715;2018;9;18;3;3;2;6;0;0;1;0;0;0;0;0
205049;11;5;5400945;2018;9;7;3;3;4;2;0;1;1;0;0;0;0;0