OBJECTID;LAND;BEZ;LOR_ab_2021;UJAHR;UMONAT;USTUNDE;UWOCHENTAG;UKATEGORIE;UART;UTYP1;ULICHTVERH;IstRad;IstPKW;IstFuss;IstKrad;IstGkfz;IstSonstige;USTRZUSTAND
205050;11;8;8100209;2018;9;19;6;3;3;6;1;1;0;0;1;0;0;0
205051;11;5;5200630;2018;9;19;6;3;5;2;0;1;1;0;0;0;0;0
205052;11;2;2400521;2018;9;18;6;3;5;3;0;1;1;0;0;0;0;0
205053;11;5;5200527;2018;9;17;3;3;5;3;0;1;1;0;0;0;0;0
205054;11;1;1300733;2018;9;18;6;3;2;4;0;0;1;1;1;0;0;0
205055;11;9;9301025;2018;9;7;3;3;2;6;0;0;1;0;0;0;1;0
205056;11;3;3200205;2018;9;18;6;2;5;3;0;0;1;0;1;0;0;0
205057;11;1;1100103;2018;9;17;3;3;3;6;0;0;1;0;1;0;0;0
205058;11;12;12200310;2018;9;17;3;3;2;6;0;0;1;0;0;0;0;0
205059;11;7;7100101;2018;9;18;6;3;5;2;0;0;1;0;1;0;0;0
205060;11;8;8401243;2018;9;16;3;3;6;4;0;0;1;1;0;0;0;0
205061;11;9;9200512;2018;9;16;3;3;2;6;0;0;1;0;0;0;0;0
205062;11;1;1401048;2018;9;17;6;3;1;5;0;1;1;0;0;0;1;0
205063;11;9;9200819;2018;9;15;6;3;1;5;0;1;0;0;0;0;0;0
205064;11;1;1200522;2018;9;16;3;3;2;2;0;1;1;0;0;0;0;0
205065;11;4;4200310;2018;9;15;6;3;0;1;0;0;0;0;1;0;0;0
205066;11;4;4200311;2018;9;14;6;3;3;6;0;0;1;0;0;0;0;0
205067;11;6;6300632;2018;9;0;3;3;5;3;2;0;1;0;0;0;0;0
205068;11;8;8200726;2018;9;18;3;3;0;1;0;0;0;0;1;0;0;0
205069;11;7;7300517;2018;9;14;6;3;2;6;0;0;1;0;0;0;0;0
205070;11;4;4300624;2018;9;0;3;3;5;7;2;0;1;0;0;0;0;0
205071;11;4;4501042;2018;9;23;3;3;5;3;2;0;1;0;0;0;0;0
205072;11;1;1200628;2018;9;14;6;3;5;3;0;0;1;0;0;0;0;0
205073;11;11;11100102;2018;9;13;6;3;6;7;0;0;0;1;0;0;1;0
205074;11;2;2200213;2018;9;22;3;3;6;7;2;0;1;1;0;0;0;0
205075;11;1;1100311;2018;9;1;6;3;5;3;2;1;1;0;0;0;0;0
205076;11;12;12400722;2018;9;15;3;2;1;7;0;0;1;0;1;0;0;0
205077;11;4;4501150;2018;9;9;6;3;5;2;0;1;0;0;0;0;1;1
205078;11;8;8300934;2018;9;13;3;3;5;2;0;1;1;0;0;0;0;0
205079;11;12;12100205;2018;9;9;6;3;0;1;0;0;0;1;1;0;0;1
205080;11;12;12400722;2018;9;6;3;3;5;3;0;1;1;0;0;0;0;0
205081;11;6;6300528;2018;9;7;6;3;2;1;0;0;1;0;0;0;1;1
205082;11;1;1200519;2018;9;9;6;2;5;2;0;1;0;0;1;0;0;0
205083;11;11;11401135;2018;9;19;2;3;5;3;1;1;1;0;0;0;0;0
205084;11;4;4501043;2018;9;17;2;3;5;2;0;0;1;0;0;0;0;0
205085;11;12;12200411;2018;9;9;6;3;2;6;0;0;1;0;0;1;0;1
205086;11;8;8200831;2018;9;16;2;3;5;2;0;0;1;0;0;0;1;0
205087;11;7;7400825;2018;9;17;2;3;0;2;0;0;1;1;0;0;0;0
205088;11;4;4300622;2018;9;9;6;3;2;6;0;0;1;0;0;0;0;1
205089;11;4;4200310;2018;9;9;6;3;2;7;0;0;1;0;1;0;0;1
205090;11;3;3300516;2018;9;17;2;3;2;6;0;0;1;0;0;0;0;0
205091;11;11;11300619;2018;9;9;6;3;2;6;0;1;1;0;0;0;0;1
205092;11;8;8100209;2018;9;17;2;3;5;2;0;1;1;0;0;0;0;0
205093;11;4;4501153;2018;9;20;4;3;5;7;2;1;1;0;0;0;0;0
205094;11;6;6100205;2018;9;0;7;3;2;2;2;0;1;0;0;0;0;0
205095;11;11;11300722;2018;9;13;4;2;0;1;0;0;0;0;1;0;0;0
205096;11;5;5200632;2018;9;10;6;2;9;1;0;0;0;0;0;0;1;0
205097;11;12;12100205;2018;9;19;4;3;5;2;2;1;1;0;0;0;0;0
205098;11;7;7400721;2018;9;23;7;3;5;3;2;0;1;0;0;0;0;1
205099;11;1;1100102;2018;9;20;7;3;6;4;2;0;0;1;1;0;0;0
205100;11;3;3400721;2018;9;19;4;3;0;3;1;1;1;0;0;0;0;0
205101;11;1;1401044;2018;9;19;7;2;5;2;1;0;1;0;0;0;1;0
205102;11;3;3601243;2018;9;17;4;3;1;5;0;1;1;0;0;0;0;0
205103;11;2;2400625;2018;9;19;7;3;2;6;0;1;1;0;0;0;0;0
205104;11;2;2400623;2018;9;17;4;3;3;2;0;1;1;0;0;0;0;0
205105;11;1;1200517;2018;9;13;4;3;2;6;0;0;1;0;1;0;0;0
205106;11;4;4400727;2018;9;17;7;3;5;2;0;1;1;0;0;0;0;0
205107;11;1;1100206;2018;9;20;5;2;0;1;2;1;0;0;0;0;0;0
205108;11;7;7400720;2018;9;15;7;3;2;2;0;0;1;0;0;0;1;0
205109;11;3;3400829;2018;9;13;7;3;5;3;0;1;1;0;0;0;0;0
205110;11;3;3500934;2018;9;11;4;3;5;2;0;1;1;0;0;0;0;0
205111;11;3;11200512;2018;9;18;5;3;2;7;1;0;1;0;0;0;0;0
205112;11;7;7400823;2018;9;11;4;3;5;2;0;1;0;0;0;0;1;0
205113;11;1;1401045;2018;9;11;7;3;6;4;0;0;1;1;0;0;0;0
205114;11;12;12100205;2018;9;23;7;2;8;1;2;0;0;0;1;0;0;0
205115;11;2;2400625;2018;9;16;5;3;5;3;0;1;1;0;0;0;0;0
205116;11;6;6300525;2018;9;11;4;3;1;5;0;1;0;0;0;0;1;0
205117;11;1;1100416;2018;9;19;6;3;6;4;1;1;0;1;0;0;0;0
205118;11;4;4501153;2018;9;15;5;3;6;4;0;1;0;1;0;0;0;0
205119;11;2;2400522;2018;9;10;4;3;5;3;0;1;1;0;0;0;0;0
205120;11;12;12200412;2018;9;23;6;3;5;2;2;0;1;0;1;0;0;0
205121;11;3;3601449;2018;9;9;4;3;5;3;0;0;1;0;0;0;0;0
205122;11;1;1100310;2018;9;10;4;3;1;5;0;1;0;0;0;0;1;0
205123;11;8;8100102;2018;9;18;6;3;1;5;0;1;1;0;0;0;0;0
205124;11;8;8100206;2018;9;19;6;3;5;2;0;1;1;0;0;0;0;0
205125;11;4;4501041;2018;9;10;5;3;6;7;0;0;1;1;0;0;0;0
205126;11;4;4501043;2018;9;8;4;3;5;3;0;0;1;0;0;0;0;0
205127;11;2;2400521;2018;9;19;6;3;4;6;1;1;0;0;0;0;0;0
205128;11;4;4300622;2018;9;8;6;3;1;5;0;1;1;0;0;0;0;0
205129;11;3;3500934;2018;9;9;4;3;1;5;0;1;1;0;0;0;0;0
205130;11;2;2300314;2018;9;9;4;3;2;2;0;1;1;0;0;0;0;0
205131;11;10;10100316;2018;9;23;6;2;5;3;2;1;1;0;0;0;0;0
205132;11;10;10200423;2018;9;16;4;3;6;4;0;0;1;1;0;0;0;0
205133;11;2;2500831;2018;9;16;4;3;2;6;0;1;1;0;0;0;0;0
205134;11;10;10200421;2018;9;16;4;2;6;4;0;0;1;1;0;0;0;0
205135;11;2;2100104;2018;9;22;6;3;2;2;2;0;1;0;0;0;0;0
205136;11;10;10300734;2018;9;16;4;2;5;2;0;1;1;0;0;0;0;0
205137;11;2;2100104;2018;9;15;4;3;5;2;0;1;1;0;0;0;0;0
205138;11;12;12100206;2018;9;10;6;3;5;7;0;1;1;0;0;0;0;0
205139;11;9;9200510;2018;9;9;6;3;2;2;0;0;1;0;0;0;0;0
205140;11;2;2200210;2018;9;8;5;3;0;1;0;1;0;0;0;0;0;0
205141;11;3;3200309;2018;9;15;4;3;1;5;0;1;1;0;0;0;0;0
205142;11;7;7300618;2018;9;9;6;3;0;6;0;0;1;0;0;1;0;0
205143;11;2;2200210;2018;9;15;4;3;5;3;0;1;1;0;0;0;0;0
205144;11;2;2100106;2018;9;15;4;3;3;6;0;1;0;0;0;0;0;0
205145;11;5;5300841;2018;9;9;6;2;1;5;0;1;1;0;0;0;0;0
205146;11;6;6200312;2018;9;14;4;3;5;3;0;1;1;0;0;0;0;0
205147;11;1;1200629;2018;9;9;6;3;0;6;0;1;1;0;0;0;0;0
205148;11;9;9100409;2018;9;15;4;3;2;6;0;0;1;0;0;0;0;0
205149;11;8;8100418;2018;9;18;6;2;6;4;1;1;0;1;0;0;0;0
205150;11;6;6200421;2018;9;8;6;3;6;7;0;1;0;1;0;0;0;0
205151;11;4;4300518;2018;9;16;4;3;2;6;0;0;1;0;0;0;0;0
205152;11;6;6400844;2018;9;0;6;3;0;5;2;1;1;0;0;0;0;0
205153;11;4;4300623;2018;9;18;6;3;2;6;0;0;1;0;1;0;0;0
205154;11;1;1100309;2018;9;10;6;3;0;1;0;1;0;0;0;0;0;0
205155;11;8;8100206;2018;9;6;5;2;5;7;0;0;1;0;1;0;0;0
205156;11;4;4300619;2018;9;15;4;3;0;1;0;1;0;0;0;0;0;0
205157;11;4;4500937;2018;9;8;6;3;5;5;0;0;1;0;1;0;0;0
205158;11;8;8100311;2018;9;18;6;2;3;6;0;1;0;0;0;0;1;0
205159;11;4;4500937;2018;9;13;4;2;0;4;0;0;0;1;0;1;1;0
205160;11;1;1100309;2018;9;15;5;2;3;6;0;1;1;0;0;0;0;0
205161;11;8;8300934;2018;9;17;4;3;6;4;0;0;1;1;0;0;0;0
205162;11;2;2200213;2018;9;8;6;3;6;4;0;1;0;1;0;0;0;1
205163;11;7;7200308;2018;9;17;4;3;5;2;0;1;0;0;1;0;0;0
205164;11;6;6100205;2018;9;19;5;3;1;5;2;1;1;0;0;0;0;0
205165;11;11;11501340;2018;9;16;4;3;5;3;0;0;1;0;0;0;0;0
205166;11;10;10100312;2018;9;17;6;3;2;6;0;1;1;0;0;0;0;0
205167;11;8;8100105;2018;9;7;6;3;6;4;0;0;1;1;0;0;0;0
205168;11;7;7300516;2018;9;16;5;3;2;7;0;0;1;0;0;0;0;0
205169;11;1;1100205;2018;9;12;4;3;5;7;0;0;1;0;0;0;0;0
205170;11;10;10400836;2018;9;7;6;3;5;3;0;1;1;0;0;0;0;1
205171;11;7;7100205;2018;9;15;5;3;5;3;0;1;1;0;0;0;0;0
205172;11;11;11401136;2018;9;12;4;3;2;2;0;0;1;0;0;0;0;0
205173;11;11;11300721;2018;9;7;6;2;5;3;0;0;1;0;1;0;0;0
205174;11;11;11100101;2018;9;17;4;3;2;6;0;0;1;0;0;0;0;0
205175;11;2;2200210;2018;9;11;4;3;5;3;0;1;0;0;0;0;0;0
205176;11;2;2100102;2018;9;7;6;3;0;1;0;0;0;0;1;0;0;0
205177;11;11;11100102;2018;9;17;5;2;5;2;0;1;1;0;0;0;0;0
205178;11;1;1100416;2018;9;17;4;2;0;1;0;1;0;0;0;0;0;0
205179;11;2;2300418;2018;9;16;6;3;3;6;0;1;1;0;0;0;0;0
205180;11;2;2500833;2018;9;9;4;3;3;6;0;1;0;0;0;0;1;0
205181;11;1;1300834;2018;9;8;4;3;6;2;0;0;0;1;0;0;1;0
205182;11;12;12500824;2018;9;16;6;3;5;3;0;0;1;0;0;0;0;0
205183;11;4;4500937;2018;9;18;5;3;0;7;0;0;1;0;0;0;1;0
205184;11;4;4501041;2018;9;9;4;3;5;2;0;1;1;0;0;0;0;0
205185;11;1;1100309;2018;9;16;6;3;6;6;0;1;0;1;0;0;0;0
205186;11;12;12200412;2018;9;15;6;2;5;2;0;0;1;0;1;0;0;0
205187;11;1;1100310;2018;9;16;5;3;6;4;0;1;0;1;0;0;0;0
205188;11;4;4200311;2018;9;9;4;3;0;3;0;0;1;0;1;0;0;0
205189;11;4;4300622;2018;9;20;6;3;1;5;2;1;0;0;0;0;1;0
205190;11;8;8100419;2018;9;7;4;3;5;3;0;0;1;0;1;0;0;0
205191;11;1;1200629;2018;9;15;6;3;5;2;0;0;1;0;1;0;0;0
205192;11;11;11200513;2018;9;6;4;3;5;3;0;1;1;0;0;0;0;0
205193;11;1;1100311;2018;9;16;4;3;6;7;0;1;0;1;0;0;0;0
205194;11;12;12200308;2018;9;15;6;2;1;5;0;1;1;0;0;0;0;0
205195;11;1;1200626;2018;9;15;6;3;1;5;0;1;1;0;0;0;0;0
205196;11;7;7400823;2018;9;10;5;3;6;7;0;1;0;1;0;0;0;0
205197;11;1;1300835;2018;9;5;4;3;2;6;1;0;1;0;0;0;0;0
205198;11;3;3100101;2018;9;14;6;3;6;2;0;0;0;1;0;0;1;0
205199;11;5;5100209;2018;9;12;5;2;5;2;0;0;1;0;0;0;0;0
205200;11;8;8100312;2018;9;13;6;3;5;7;0;1;1;0;0;0;0;0
205201;11;5;5300838;2018;9;13;6;3;2;6;0;0;1;0;1;0;0;0
205202;11;9;9100407;2018;9;15;4;1;8;1;0;0;0;0;1;0;0;0
205203;11;8;8100417;2018;9;14;3;3;5;2;0;0;1;0;0;0;0;0
205204;11;4;4501153;2018;9;11;6;3;5;2;0;1;1;0;0;0;0;0
205205;11;4;4300622;2018;9;12;3;3;6;4;0;0;1;1;0;0;0;0
205206;11;2;2300315;2018;9;11;3;3;5;2;0;1;1;0;0;0;0;0
205207;11;7;7400824;2018;9;9;6;2;6;4;0;0;1;1;0;0;0;0
205208;11;3;3601450;2018;9;20;5;3;3;6;2;1;0;0;0;0;0;0
205209;11;2;2100106;2018;9;7;5;3;5;3;0;1;1;0;0;0;0;0
205210;11;4;4300622;2018;9;11;3;3;5;2;0;0;0;0;1;0;0;0
205211;11;3;3601348;2018;9;17;5;3;5;3;0;1;1;0;0;0;0;0
205212;11;4;4300622;2018;9;14;5;3;5;3;0;0;1;0;0;0;0;0
205213;11;9;9100304;2018;9;16;5;3;2;6;0;0;1;0;0;0;1;0
205214;11;10;10200421;2018;9;22;5;3;6;4;2;0;1;1;0;0;0;1
205215;11;4;4300517;2018;9;11;3;3;2;6;0;0;1;0;0;0;0;0
205216;11;5;5200631;2018;9;10;3;3;1;5;0;1;1;0;0;0;0;0
205217;11;4;4100101;2018;9;22;5;3;6;2;2;0;1;1;0;0;0;1
205218;11;6;6100205;2018;9;10;3;3;5;2;0;0;1;0;1;0;0;0
205219;11;9;9100101;2018;9;22;5;3;5;2;2;1;1;0;0;0;0;0
205220;11;2;2500830;2018;9;9;3;3;5;3;0;1;1;0;0;0;0;0
205221;11;1;1100310;2018;9;9;3;3;5;2;0;1;1;0;0;0;0;0
205222;11;5;5100316;2018;9;19;5;3;0;7;0;0;0;0;1;0;0;0
205223;11;1;1401046;2018;9;9;3;3;5;2;0;1;0;0;1;0;0;0
205224;11;7;7100102;2018;9;9;3;3;0;6;0;0;0;0;1;0;1;0
205225;11;1;1300733;2018;9;19;5;3;5;2;2;0;1;0;0;0;0;1
205226;11;2;2200210;2018;9;19;5;3;2;6;2;0;1;0;1;0;0;1
205227;11;10;10100209;2018;9;6;5;3;1;5;1;1;1;0;0;0;0;0
205228;11;2;2200212;2018;9;6;3;3;6;4;1;1;0;1;0;0;0;0
205229;11;4;4500938;2018;9;11;5;3;1;5;0;1;1;0;0;0;0;1
205230;11;3;3400721;2018;9;14;5;3;1;5;0;0;1;0;1;0;0;0
205231;11;2;2100106;2018;9;19;5;3;5;3;1;0;1;0;0;0;0;0
205232;11;7;7501134;2018;9;8;3;2;0;7;0;0;1;1;0;0;0;0
205233;11;6;6200420;2018;9;15;5;3;2;6;0;0;1;0;0;0;0;0
205234;11;8;8401244;2018;9;6;3;3;5;2;0;1;1;0;0;0;0;0
205235;11;4;4300623;2018;9;15;5;3;2;6;0;0;1;0;0;0;0;0
205236;11;8;8200831;2018;9;0;5;3;1;5;1;0;1;0;0;0;1;0
205237;11;12;12100204;2018;9;8;3;3;1;5;0;0;1;0;0;0;0;0
205238;11;8;8100104;2018;9;13;5;3;3;2;0;1;1;0;0;0;0;0
205239;11;5;5200632;2018;9;14;5;3;2;6;0;0;1;0;0;0;0;0
205240;11;1;1100416;2018;9;11;5;3;5;7;0;0;1;0;0;0;0;1
205241;11;1;1300733;2018;9;6;6;3;0;2;1;1;0;0;0;0;1;0
205242;11;10;10200629;2018;9;8;3;3;3;6;0;1;1;0;0;0;0;0
205243;11;8;8200624;2018;9;18;5;3;4;6;0;0;1;0;0;0;0;0
205244;11;1;1300733;2018;9;11;5;3;5;2;0;1;0;0;0;1;0;1
205245;11;9;9200819;2018;9;11;3;3;0;1;0;0;0;0;1;0;0;0
205246;11;10;10100316;2018;9;18;5;3;9;1;1;0;1;0;0;0;0;1
205247;11;7;7100101;2018;9;4;5;3;5;3;2;0;1;0;1;0;0;0
205248;11;7;7200307;2018;9;15;3;3;1;5;0;1;1;0;0;0;0;0
205249;11;7;7200409;2018;9;10;5;3;0;7;0;0;1;0;1;0;0;1
205250;11;8;8401244;2018;9;17;3;2;5;2;0;0;1;0;0;0;0;0
205251;11;2;2400521;2018;9;17;3;3;3;2;0;0;0;0;1;0;1;0
205252;11;1;1400942;2018;9;10;5;3;5;3;0;0;1;0;0;0;0;1
205253;11;2;2400623;2018;9;17;5;3;2;6;0;0;1;0;0;0;0;0
205254;11;4;4501147;2018;9;9;5;2;5;3;0;1;1;0;0;0;0;1
205255;11;4;4200207;2018;9;13;5;3;3;6;0;1;1;0;0;0;0;0
205256;11;2;2100102;2018;9;9;5;3;5;3;0;1;0;0;0;0;0;1
205257;11;4;4100101;2018;9;17;3;3;5;2;0;1;1;0;0;0;0;0
205258;11;1;1200623;2018;9;0;5;3;5;3;2;0;1;0;0;0;0;0
205259;11;3;3500936;2018;9;17;3;3;1;5;0;0;1;0;0;0;0;0
205260;11;1;1100206;2018;9;9;5;3;2;2;0;0;1;0;0;0;0;1
205261;11;5;5300736;2018;9;21;3;2;5;3;2;0;1;0;0;0;0;0
205262;11;6;6400737;2018;9;21;3;3;8;7;2;0;1;0;0;0;0;0
205263;11;1;1100310;2018;9;9;5;3;5;3;0;1;0;0;0;0;0;1
205264;11;12;12601031;2018;9;19;3;3;2;2;1;0;1;0;0;0;0;0
205265;11;1;1100308;2018;9;8;5;3;3;6;0;1;1;0;0;0;0;1
205266;11;1;1200517;2018;9;18;3;3;5;7;0;0;1;0;1;0;0;0
205267;11;3;3500936;2018;9;18;3;3;5;3;0;1;0;0;0;0;1;0
205268;11;12;12601032;2018;9;8;5;3;5;3;0;0;1;0;0;0;0;1
205269;11;12;12500926;2018;9;7;5;3;5;7;0;0;1;0;1;0;0;1
205270;11;9;9301126;2018;9;12;5;3;5;3;0;0;1;0;0;0;0;0
205271;11;1;1100205;2018;9;18;3;3;6;4;0;1;0;1;0;0;0;0
205272;11;11;11300725;2018;9;6;5;3;6;4;1;0;1;1;0;0;0;0
205273;11;8;8100209;2018;9;17;5;3;5;2;0;1;0;0;0;0;1;0
205274;11;5;5100211;2018;9;18;5;3;5;3;1;0;1;0;0;0;0;1
205275;11;1;1200522;2018;9;18;3;3;5;2;0;0;0;0;1;0;1;0
205276;11;2;2500729;2018;9;17;3;3;6;4;0;0;1;1;0;0;0;0
205277;11;1;1100313;2018;9;18;5;3;5;3;0;0;1;0;1;0;0;1
205278;11;10;10100314;2018;9;16;3;3;1;5;0;1;1;0;0;0;0;0
205279;11;3;3601245;2018;9;15;3;2;5;2;0;0;1;0;1;0;0;0
205280;11;3;3100103;2018;9;8;5;2;0;1;0;0;0;0;1;0;0;1
205281;11;5;5200633;2018;9;8;5;3;2;6;0;0;1;0;0;1;0;1
205282;11;1;1100416;2018;9;7;5;3;5;3;0;1;1;0;0;0;0;0
205283;11;4;4300414;2018;9;15;3;3;5;3;0;0;1;0;0;0;0;0
205284;11;2;2400520;2018;9;14;3;3;5;7;0;0;1;0;1;0;0;0
205285;11;1;1300836;2018;9;18;5;3;2;1;0;0;1;0;1;0;0;1
205286;11;12;12100205;2018;9;11;5;3;0;1;0;0;0;0;1;0;0;1
205287;11;3;3300517;2018;9;9;5;3;1;5;0;0;1;0;1;0;0;0
205288;11;1;1300730;2018;9;14;3;3;5;2;0;0;1;0;0;0;0;0
205289;11;10;10200629;2018;9;10;5;3;0;1;0;0;0;0;1;0;0;1
205290;11;5;5300737;2018;9;16;5;3;2;6;0;0;1;0;0;0;1;0
205291;11;7;7400824;2018;9;16;5;3;5;3;0;1;1;0;0;0;0;0
205292;11;2;2300314;2018;9;13;3;3;5;3;0;0;1;0;0;0;0;0
205293;11;7;7601442;2018;9;12;3;3;5;3;0;0;1;0;0;0;0;0
205294;11;4;4300412;2018;9;16;5;3;5;2;0;1;1;0;0;0;0;0
205295;11;10;10100312;2018;9;14;3;2;0;1;0;0;0;0;1;0;0;0
205296;11;1;1100310;2018;9;9;6;3;5;2;0;1;1;0;0;0;0;0
205297;11;4;4501153;2018;9;17;2;3;0;2;0;1;1;0;0;0;0;0
205298;11;2;2100102;2018;9;15;5;3;3;6;0;0;1;0;1;0;0;0
205299;11;6;6100206;2018;9;15;5;3;5;3;0;0;1;0;0;0;0;0
205300;11;9;9100304;2018;9;22;2;3;0;3;2;1;1;0;0;0;0;0
205301;11;4;4300623;2018;9;15;5;3;5;2;0;1;1;0;0;0;0;0
205302;11;7;7300517;2018;9;17;5;3;2;4;0;1;0;1;0;0;0;0
205303;11;1;1100309;2018;9;8;5;3;2;6;0;0;1;0;0;0;0;0
205304;11;1;1200625;2018;9;22;2;3;1;5;2;0;1;0;1;0;0;0
205305;11;8;8200833;2018;9;9;5;3;3;6;0;0;0;0;1;1;0;1
205306;11;3;3400618;2018;9;7;5;3;0;2;1;1;1;0;0;0;0;0
205307;11;1;1100103;2018;9;10;5;3;2;6;0;0;1;0;0;1;0;1
205308;11;1;1100206;2018;9;15;2;3;2;6;0;1;1;0;0;0;0;0
205309;11;3;3500934;2018;9;14;2;3;5;3;0;0;1;0;1;0;0;0
205310;11;5;5200420;2018;9;18;4;3;5;3;0;1;1;0;0;0;0;0
205311;11;1;1300834;2018;9;14;2;3;5;2;0;1;1;0;0;0;0;0
205312;11;12;12500930;2018;9;21;5;3;5;2;2;0;1;0;0;0;0;0
205313;11;8;8401243;2018;9;13;2;3;5;2;0;1;1;0;0;0;0;0
205314;11;1;1200626;2018;9;16;4;3;2;7;0;0;1;0;0;0;0;0
205315;11;3;3500934;2018;9;7;4;3;1;5;0;1;1;0;0;0;0;0
205316;11;10;10100311;2018;9;8;4;3;5;3;0;1;1;0;0;0;0;0
205317;11;8;8200832;2018;9;13;2;3;5;3;0;1;1;0;0;0;0;0
205318;11;2;2200209;2018;9;19;4;3;5;5;1;0;1;0;1;0;0;0
205319;11;2;2500726;2018;9;19;4;3;6;4;1;1;0;1;0;0;0;0
205320;11;10;10400940;2018;9;16;5;3;5;3;0;1;1;0;0;0;0;0
205321;11;1;1100102;2018;9;13;2;3;2;6;0;0;0;0;1;0;1;0
205322;11;7;7601339;2018;9;18;4;3;5;2;0;1;1;0;0;0;0;0
205323;11;4;4300412;2018;9;19;2;3;5;3;2;1;1;0;0;0;0;0
205324;11;3;3100103;2018;9;13;2;3;2;7;0;0;1;0;1;0;0;0
205325;11;10;10200524;2018;9;18;4;3;1;7;0;1;1;0;0;0;0;0
205326;11;6;6400737;2018;9;12;5;3;5;2;0;1;1;0;0;0;0;0
205327;11;3;3200309;2018;9;7;4;3;2;6;0;0;1;0;0;0;0;0
205328;11;2;2200209;2018;9;23;4;2;0;5;2;0;0;0;1;0;1;0
205329;11;8;8100103;2018;9;11;2;2;5;2;0;0;1;0;1;0;0;0
205330;11;3;3701555;2018;9;7;4;3;0;7;0;0;1;0;0;0;0;0
205331;11;6;6300526;2018;9;18;5;3;2;6;0;1;1;0;0;0;0;0
205332;11;4;4300415;2018;9;11;2;3;1;5;0;0;1;0;0;0;1;0
205333;11;12;12100101;2018;9;7;4;2;1;5;0;1;0;0;0;0;1;0
205334;11;4;4501044;2018;9;10;4;3;2;7;0;1;1;0;0;0;0;0
205335;11;11;11100307;2018;9;7;4;3;1;5;0;1;1;0;0;0;0;0
205336;11;2;2500835;2018;9;19;2;3;6;4;1;0;0;1;1;0;0;0
205337;11;3;3400725;2018;9;7;4;3;5;3;0;1;0;0;0;0;0;0
205338;11;3;3400620;2018;9;16;4;3;5;3;0;1;1;0;0;0;0;0
205339;11;9;9100407;2018;9;9;2;3;6;2;0;0;1;1;0;0;0;0
205340;11;4;4501044;2018;9;14;4;2;5;2;0;1;0;0;1;0;0;0
205341;11;4;4100101;2018;9;9;2;3;5;3;0;1;0;0;0;0;1;0
205342;11;1;1200522;2018;9;5;5;3;5;3;2;1;1;0;0;0;0;0
205343;11;2;2500831;2018;9;18;2;2;1;5;1;1;1;0;0;0;0;0
205344;11;2;2400623;2018;9;7;4;2;6;4;0;1;0;1;0;0;0;0
205345;11;1;1200520;2018;9;13;4;3;7;7;0;1;0;0;0;0;0;0
205346;11;4;4300518;2018;9;10;5;3;0;1;0;0;0;0;1;0;0;0
205347;11;9;9100203;2018;9;9;2;3;6;2;0;0;0;1;0;0;1;0
205348;11;1;1100101;2018;9;13;4;2;1;5;0;1;1;0;0;0;0;0
205349;11;8;8100206;2018;9;11;4;3;3;6;0;1;1;0;0;0;0;0
205350;11;1;1100309;2018;9;9;2;3;1;5;0;1;1;0;0;0;1;0
205351;11;1;1400938;2018;9;7;2;2;5;3;0;1;0;0;1;0;0;0
205352;11;1;7100101;2018;9;11;4;3;5;2;0;1;1;0;0;0;0;0
205353;11;9;9200715;2018;9;7;2;2;5;3;0;1;1;0;0;0;0;0
205354;11;1;1100309;2018;9;14;4;2;0;1;0;1;0;0;0;0;0;0
205355;11;9;9100101;2018;9;7;2;3;5;3;0;0;1;0;1;0;0;0
205356;11;6;6200312;2018;9;11;4;3;5;3;0;1;1;0;0;0;0;0
205357;11;4;4501043;2018;9;18;2;3;5;3;1;1;1;0;0;0;0;0
205358;11;5;5200629;2018;9;12;2;3;3;6;0;0;1;0;1;0;0;0
205359;11;4;4501041;2018;9;9;4;3;5;3;0;1;1;0;0;0;0;0
205360;11;4;4300517;2018;9;18;4;3;5;7;0;1;1;0;0;0;0;0
205361;11;4;4500938;2018;9;8;5;3;2;6;0;0;1;0;0;0;0;0
205362;11;1;1100101;2018;9;18;2;2;5;3;0;0;0;0;1;0;1;0
205363;11;3;3601141;2018;9;18;4;3;2;6;0;0;1;0;1;0;0;0
205364;11;12;12100204;2018;9;13;4;2;5;2;0;0;1;0;1;0;0;0
205365;11;1;1100309;2018;9;9;4;3;0;1;0;1;0;0;0;0;0;0
205366;11;2;2500726;2018;9;18;2;3;2;6;0;0;1;0;1;0;0;0
205367;11;6;6300634;2018;9;17;2;3;5;2;0;0;1;0;1;0;0;0
205368;11;1;1400937;2018;9;18;4;3;5;2;0;1;1;0;0;0;0;0
205369;11;7;7200409;2018;9;17;2;3;1;1;0;0;1;0;1;0;0;0
205370;11;1;1200520;2018;9;14;6;3;6;4;0;0;1;1;0;0;0;0
205371;11;10;10100316;2018;9;16;2;3;5;2;0;0;0;0;1;0;1;0
205372;11;12;12100204;2018;9;8;4;2;6;2;0;0;1;1;0;0;0;0
205373;11;3;3500932;2018;9;17;4;3;2;3;0;0;1;0;0;0;0;0
205374;11;8;8100206;2018;9;16;2;3;6;7;0;0;1;1;0;0;0;0
205375;11;3;3701660;2018;9;17;2;3;3;6;0;1;1;0;0;0;0;0
205376;11;1;1100309;2018;9;8;4;3;6;4;0;1;0;1;0;0;0;0
205377;11;8;8100207;2018;9;17;4;3;3;6;0;1;1;0;0;0;0;0
205378;11;9;9200510;2018;9;6;5;3;3;6;0;0;1;0;1;0;0;0
205379;11;10;10100313;2018;9;16;2;3;6;7;0;1;0;1;0;0;0;0
205380;11;1;1200520;2018;9;16;4;3;0;2;0;1;1;0;0;0;0;0