OBJECTID;LAND;BEZ;LOR_ab_2021;UJAHR;UMONAT;USTUNDE;UWOCHENTAG;UKATEGORIE;UART;UTYP1;ULICHTVERH;IstRad;IstPKW;IstFuss;IstKrad;IstGkfz;IstSonstige;USTRZUSTAND
205381;11;12;12601236;2018;9;13;4;3;5;7;0;0;1;0;0;0;1;0
205382;11;10;10400835;2018;9;16;4;3;5;3;0;1;1;0;0;0;0;0
205383;11;6;6200317;2018;9;15;2;3;5;7;0;1;1;0;0;0;0;0
205384;11;6;6400844;2018;9;14;5;3;5;3;0;1;1;0;0;0;0;0
205385;11;7;7601341;2018;9;15;2;3;1;5;0;0;1;0;0;0;0;0
205386;11;2;2300315;2018;9;8;4;3;5;3;0;1;0;0;0;0;0;0
205387;11;3;3300514;2018;9;19;5;3;5;3;2;0;1;0;0;0;0;0
205388;11;9;9200819;2018;9;15;2;3;2;2;0;0;1;0;0;0;0;0
205389;11;6;6400844;2018;9;23;4;3;2;6;2;0;1;0;0;0;1;0
205390;11;8;8100208;2018;9;13;4;3;5;3;0;1;1;0;0;0;0;0
205391;11;3;3601449;2018;9;16;4;3;2;6;0;0;1;0;1;0;0;0
205392;11;1;1100313;2018;9;23;2;3;3;6;2;1;0;0;1;0;0;0
205393;11;7;7400823;2018;9;15;4;3;5;2;0;1;1;0;0;0;0;0
205394;11;1;1400942;2018;9;21;4;3;5;2;2;0;1;0;0;0;0;0
205395;11;1;1100206;2018;9;11;2;3;0;2;0;1;1;0;0;0;0;0
205396;11;11;11400931;2018;9;8;4;3;5;2;0;1;0;0;0;0;1;0
205397;11;4;4200207;2018;9;17;4;3;3;6;0;1;1;0;0;0;0;0
205398;11;5;5100208;2018;9;23;1;3;5;3;2;0;1;0;0;0;1;0
205399;11;8;8300935;2018;9;21;4;3;5;2;2;0;1;0;0;0;0;0
205400;11;8;8100312;2018;9;21;1;3;5;3;2;1;1;0;0;0;0;0
205401;11;8;8200726;2018;9;8;4;3;5;2;0;1;0;0;0;0;1;0
205402;11;6;6300528;2018;9;17;1;2;3;6;0;1;0;0;0;0;0;0
205403;11;12;12200309;2018;9;16;1;3;5;3;0;0;1;0;0;0;0;0
205404;11;9;9100304;2018;9;20;4;3;5;5;2;0;1;0;0;0;0;0
205405;11;1;1400942;2018;9;22;5;3;1;5;2;1;1;0;0;0;1;0
205406;11;9;9501941;2018;9;8;4;3;2;6;0;0;1;0;0;0;1;0
205407;11;2;2200211;2018;9;8;4;3;5;7;0;1;1;0;0;0;0;0
205408;11;4;4501042;2018;9;15;1;3;2;7;0;0;1;0;1;0;0;0
205409;11;3;3200205;2018;9;15;4;3;2;7;0;0;1;0;1;0;0;0
205410;11;1;1300834;2018;9;15;1;3;3;6;0;1;0;0;1;0;0;0
205411;11;7;7601236;2018;9;16;4;2;5;3;0;0;1;0;1;0;0;0
205412;11;3;3601142;2018;9;13;1;3;5;3;0;0;1;0;0;0;1;0
205413;11;8;8100102;2018;9;13;1;3;5;3;0;1;0;0;1;0;0;0
205414;11;5;5100313;2018;9;15;4;2;6;4;0;0;1;1;0;0;0;0
205415;11;9;9200715;2018;9;13;1;2;5;2;0;0;1;0;0;0;0;0
205416;11;1;1200624;2018;9;12;1;3;3;6;0;0;1;0;0;0;0;0
205417;11;7;7601341;2018;9;7;4;3;5;3;0;1;1;0;0;0;0;0
205418;11;1;1300733;2018;9;15;4;2;5;5;0;0;1;0;1;0;0;0
205419;11;8;8100209;2018;9;11;5;3;2;6;0;0;1;0;0;0;1;0
205420;11;2;2500833;2018;9;12;1;3;5;3;0;0;1;0;0;0;0;0
205421;11;4;4400831;2018;9;15;4;3;0;3;0;1;1;0;0;0;0;0
205422;11;8;8401139;2018;9;13;4;3;5;3;0;1;1;0;0;0;0;0
205423;11;6;6300632;2018;9;11;1;3;2;6;0;0;1;0;0;0;0;0
205424;11;4;4200311;2018;9;10;1;2;0;1;0;0;0;0;1;0;0;0
205425;11;9;9100101;2018;9;8;4;3;0;2;0;1;0;0;1;0;0;0
205426;11;12;12400616;2018;9;9;1;3;5;3;0;0;1;0;0;0;0;0
205427;11;7;7200409;2018;9;8;1;3;6;4;0;0;1;1;0;0;0;0
205428;11;7;7400823;2018;9;17;3;3;2;6;0;1;1;0;0;0;0;0
205429;11;6;6300632;2018;9;7;3;3;1;5;1;1;0;0;0;0;1;0
205430;11;12;12400723;2018;9;7;5;3;5;3;0;1;1;0;0;0;0;0
205431;11;9;9200510;2018;9;12;1;3;2;2;0;0;1;0;0;0;0;0
205432;11;8;8401245;2018;9;13;3;3;1;5;0;0;1;0;0;0;0;0
205433;11;2;2100106;2018;9;16;5;2;5;3;0;0;1;0;1;0;0;0
205434;11;4;4300517;2018;9;21;3;3;0;6;2;0;1;0;1;0;0;0
205435;11;8;8401242;2018;9;10;7;3;2;6;0;0;1;0;0;0;0;0
205436;11;1;1100206;2018;9;19;3;3;0;3;1;0;1;0;1;0;0;0
205437;11;3;3601141;2018;9;10;5;3;5;5;0;1;1;0;0;0;0;0
205438;11;2;2500836;2018;9;6;7;3;5;2;0;1;1;0;0;0;0;0
205439;11;1;1100313;2018;9;22;3;3;0;3;2;0;1;0;1;0;0;0
205440;11;1;1401048;2018;9;18;3;3;0;1;0;1;0;0;0;0;0;0
205441;11;1;1401048;2018;9;5;7;3;0;4;2;0;1;1;0;0;0;0
205442;11;1;1100308;2018;9;9;7;3;0;2;0;0;1;0;1;0;0;0
205443;11;2;2300417;2018;9;18;3;3;6;4;0;0;1;1;0;0;0;0
205444;11;10;10200423;2018;9;11;7;3;2;2;0;1;1;0;0;0;1;0
205445;11;1;1100101;2018;9;9;6;3;0;7;0;0;1;0;1;0;0;0
205446;11;5;5100104;2018;9;11;7;3;5;3;0;0;1;0;0;0;0;0
205447;11;4;4501044;2018;9;18;3;2;5;3;0;0;1;0;1;0;0;0
205448;11;4;4501044;2018;9;18;3;3;0;5;0;1;1;0;0;0;0;0
205449;11;3;3500933;2018;9;10;7;3;2;6;0;0;1;0;0;0;0;0
205450;11;2;2200208;2018;9;17;3;3;3;6;0;0;1;0;1;0;0;0
205451;11;6;6200422;2018;9;9;4;3;5;3;0;0;1;0;0;0;0;0
205452;11;1;1300733;2018;9;14;3;2;5;2;0;1;1;0;0;0;0;0
205453;11;4;4400832;2018;9;14;3;3;1;5;0;1;1;0;0;0;0;0
205454;11;12;12100101;2018;9;8;3;3;5;2;0;1;1;0;0;0;0;0
205455;11;6;6100208;2018;9;14;3;3;5;3;0;1;1;0;0;0;0;0
205456;11;12;12400618;2018;9;18;5;3;4;6;0;1;0;0;0;0;0;0
205457;11;1;1100206;2018;9;9;3;3;4;2;0;1;1;0;0;0;0;0
205458;11;7;7300517;2018;9;18;4;3;9;1;0;0;0;0;1;0;0;0
205459;11;1;1300733;2018;9;11;3;3;1;5;0;0;0;0;1;0;1;0
205460;11;3;3500934;2018;9;7;2;3;5;3;0;0;1;0;1;0;0;0
205461;11;3;3601346;2018;9;16;3;3;1;5;0;1;0;0;0;0;1;0
205462;11;1;1300835;2018;9;17;2;3;5;3;0;0;1;0;0;0;0;1
205463;11;2;2100102;2018;9;9;3;3;6;2;0;0;1;1;0;0;0;0
205464;11;7;7400823;2018;9;17;5;3;3;6;0;0;1;0;1;0;0;0
205465;11;7;7400927;2018;9;17;2;3;2;6;0;0;1;0;0;0;0;1
205466;11;4;4300415;2018;9;9;3;3;2;6;0;0;1;0;1;0;0;0
205467;11;2;2200213;2018;9;14;2;3;2;7;0;0;1;0;0;0;1;0
205468;11;12;12500825;2018;9;16;5;3;2;7;0;0;1;0;0;0;1;0
205469;11;1;1100308;2018;9;16;2;3;2;2;0;1;1;0;0;0;0;1
205470;11;2;2400521;2018;9;16;4;3;3;2;0;0;1;0;0;0;0;0
205471;11;9;9100304;2018;9;16;2;3;2;6;0;0;1;0;0;0;0;1
205472;11;4;4300623;2018;9;16;2;2;0;1;0;0;0;0;1;0;0;1
205473;11;11;11300722;2018;9;13;3;3;5;2;0;1;1;0;0;0;0;0
205474;11;4;4300413;2018;9;16;2;3;2;7;0;0;1;0;0;0;0;1
205475;11;1;1400937;2018;9;15;6;3;5;2;0;0;1;0;0;0;0;0
205476;11;11;11501340;2018;9;16;6;3;5;3;0;1;0;0;0;0;1;0
205477;11;3;3601245;2018;9;17;3;3;5;3;0;0;1;0;1;0;0;0
205478;11;8;8200730;2018;9;16;2;2;6;4;0;0;1;1;0;0;0;1
205479;11;5;5100315;2018;9;15;5;3;5;2;0;1;1;0;0;0;0;0
205480;11;1;1100310;2018;9;15;2;3;0;5;0;1;1;0;0;0;0;0
205481;11;7;7100103;2018;9;18;4;3;6;4;1;1;0;1;0;0;0;0
205482;11;5;5200528;2018;9;15;2;2;6;4;0;1;0;1;0;0;0;0
205483;11;3;3400725;2018;9;15;2;3;2;7;0;0;1;0;0;0;0;1
205484;11;1;1100206;2018;9;9;3;3;1;5;0;0;1;0;1;0;0;0
205485;11;5;5200629;2018;9;15;2;3;5;2;0;1;0;0;0;0;1;1
205486;11;3;3601142;2018;9;16;4;3;5;3;0;1;1;0;0;0;0;0
205487;11;10;10100311;2018;9;15;2;2;3;6;0;1;1;0;0;0;0;1
205488;11;1;1401045;2018;9;14;2;3;2;6;0;0;1;0;0;0;0;1
205489;11;7;7400823;2018;9;11;3;3;5;2;0;0;1;0;0;0;0;0
205490;11;12;12500824;2018;9;14;2;3;2;6;0;0;1;0;0;0;0;1
205491;11;1;1100206;2018;9;15;6;3;5;2;0;1;1;0;0;0;0;0
205492;11;4;4500936;2018;9;18;5;3;5;2;1;1;1;0;0;0;0;0
205493;11;6;6100102;2018;9;10;3;2;5;2;0;1;0;0;0;1;0;0
205494;11;6;6200421;2018;9;14;2;3;2;6;0;0;1;0;0;0;0;1
205495;11;5;5100316;2018;9;10;5;3;2;1;0;0;1;0;1;0;0;0
205496;11;9;9200511;2018;9;14;2;3;2;6;0;0;1;0;1;0;0;1
205497;11;3;3601245;2018;9;11;4;3;5;2;0;0;1;0;0;0;0;0
205498;11;12;12500927;2018;9;14;2;3;2;6;0;0;1;0;0;0;0;1
205499;11;5;5300737;2018;9;14;2;3;2;6;0;0;1;0;0;0;1;0
205500;11;7;7300516;2018;9;11;3;2;1;5;0;1;1;0;0;0;0;0
205501;11;5;5200632;2018;9;23;2;3;2;4;2;0;1;1;0;0;0;1
205502;11;1;1200623;2018;9;20;5;3;5;2;2;1;1;0;0;0;0;0
205503;11;7;7400927;2018;9;22;2;3;5;3;2;0;1;0;0;0;0;0
205504;11;12;12100204;2018;9;13;6;3;2;6;0;0;1;0;0;0;1;0
205505;11;8;8100206;2018;9;8;5;3;3;6;0;1;1;0;0;0;0;0
205506;11;1;1100207;2018;9;10;3;2;5;3;0;1;1;0;0;0;0;0
205507;11;7;7601339;2018;9;21;2;2;5;3;1;1;1;0;0;0;0;0
205508;11;5;5300737;2018;9;15;5;2;5;3;0;0;1;0;1;0;0;0
205509;11;4;4501045;2018;9;19;2;3;2;1;1;0;1;0;1;0;0;1
205510;11;12;12200411;2018;9;9;4;3;0;6;0;1;0;0;0;0;1;0
205511;11;4;4300416;2018;9;17;2;3;5;3;0;1;1;0;0;0;0;1
205512;11;1;1100103;2018;9;18;2;3;5;7;1;0;1;0;1;0;0;1
205513;11;1;1100206;2018;9;17;3;3;5;2;0;1;0;0;0;0;0;0
205514;11;6;6400844;2018;9;17;2;3;1;5;0;0;1;0;0;0;0;0
205515;11;3;3200205;2018;9;18;5;3;5;2;1;1;1;0;0;0;0;0
205516;11;4;4200310;2018;9;16;2;3;0;7;1;0;1;0;1;0;0;1
205517;11;9;9200511;2018;9;17;4;2;5;3;0;0;1;0;0;0;0;0
205518;11;3;3601453;2018;9;17;2;3;0;3;0;0;1;0;0;0;0;0
205519;11;4;4501042;2018;9;17;2;3;3;6;0;1;0;0;0;0;0;1
205520;11;1;1100311;2018;9;15;3;3;2;6;0;0;1;0;0;0;0;0
205521;11;9;9100305;2018;9;21;2;3;2;7;2;0;1;0;1;0;0;1
205522;11;1;1100416;2018;9;10;4;3;0;3;0;1;1;0;0;0;0;0
205523;11;3;3100101;2018;9;21;2;3;0;7;2;0;0;0;1;1;0;1
205524;11;6;6100101;2018;9;13;2;2;2;1;0;0;1;0;1;0;0;0
205525;11;9;9301025;2018;9;7;4;3;0;6;0;0;1;0;1;0;0;1
205526;11;6;6100205;2018;9;13;2;2;5;7;0;0;1;0;1;0;0;0
205527;11;9;9200510;2018;9;8;3;3;3;6;0;0;1;0;0;0;0;0
205528;11;1;1300733;2018;9;12;2;3;6;4;0;0;0;1;0;1;0;0
205529;11;8;8100209;2018;9;17;5;3;5;2;0;0;1;0;1;0;0;0
205530;11;1;1100309;2018;9;12;2;2;5;3;0;0;1;0;1;0;0;0
205531;11;3;3100103;2018;9;15;4;3;3;6;0;1;1;0;0;0;0;0
205532;11;8;8401139;2018;9;12;2;3;6;7;0;0;1;1;0;0;0;0
205533;11;4;4501042;2018;9;12;2;3;0;6;0;0;1;0;0;0;1;0
205534;11;9;9300920;2018;9;13;3;3;2;7;0;0;1;0;0;0;0;0
205535;11;7;7200307;2018;9;12;2;3;2;1;0;0;1;0;0;0;1;0
205536;11;2;2400625;2018;9;15;6;3;5;3;0;1;0;0;1;0;0;0
205537;11;4;4501153;2018;9;11;6;3;5;2;0;1;1;0;0;0;0;0
205538;11;1;1100308;2018;9;8;3;3;3;6;0;1;1;0;0;0;0;0
205539;11;2;2400521;2018;9;11;2;3;5;2;0;1;1;0;0;0;0;0
205540;11;1;1100102;2018;9;13;5;3;5;3;0;0;1;0;0;0;0;0
205541;11;1;1100206;2018;9;8;6;3;5;2;0;1;0;0;0;0;1;0
205542;11;6;6300524;2018;9;8;3;3;5;2;0;0;1;0;0;0;0;0
205543;11;5;5100317;2018;9;15;5;3;6;4;0;1;0;1;0;0;0;0
205544;11;2;2300315;2018;9;8;2;3;5;3;0;0;1;0;0;0;0;0
205545;11;7;7400823;2018;9;23;4;2;3;6;2;1;1;0;0;0;0;0
205546;11;7;7601545;2018;9;11;2;3;0;3;0;0;1;0;1;0;0;0
205547;11;1;1400937;2018;9;11;2;3;0;2;0;1;1;0;0;0;0;1
205548;11;6;6200421;2018;9;10;3;3;5;3;0;1;1;0;0;0;0;0
205549;11;5;5100317;2018;9;9;2;3;2;6;0;0;1;0;0;0;0;0
205550;11;4;1200629;2018;9;8;6;2;5;2;0;1;1;0;0;0;0;0
205551;11;7;7400720;2018;9;9;5;3;1;5;0;1;1;0;0;0;0;0
205552;11;1;1100101;2018;9;8;3;3;5;2;0;1;1;0;0;0;0;0
205553;11;3;3200310;2018;9;8;2;3;5;3;0;1;1;0;0;0;0;0
205554;11;6;6300528;2018;9;13;5;2;6;4;0;0;1;1;0;0;0;0
205555;11;10;10100311;2018;9;8;2;3;2;6;0;0;0;0;1;0;1;0
205556;11;6;6200312;2018;9;10;4;3;2;2;0;0;1;0;0;0;0;0
205557;11;7;7100102;2018;9;8;2;3;5;3;0;0;1;0;0;0;0;0
205558;11;4;4300622;2018;9;8;2;3;0;3;0;1;0;0;0;0;1;1
205559;11;6;6400735;2018;9;7;2;3;2;2;0;0;1;0;0;0;0;1
205560;11;3;3501037;2018;9;13;4;3;5;2;0;1;1;0;0;0;0;0
205561;11;12;12500930;2018;9;6;2;3;2;2;2;0;1;0;0;0;0;1
205562;11;8;8200727;2018;9;5;2;3;8;1;2;0;1;0;0;0;0;1
205563;11;8;8300934;2018;9;16;2;3;2;6;0;0;1;0;0;0;1;0
205564;11;12;12200310;2018;9;22;5;2;5;3;2;0;1;0;0;0;0;0
205565;11;4;4400726;2018;9;17;3;3;5;2;0;1;1;0;0;0;0;0
205566;11;8;8401244;2018;9;5;1;3;5;3;2;0;1;0;0;0;0;0
205567;11;1;1100308;2018;9;12;5;3;0;7;0;1;0;0;0;0;0;0
205568;11;8;8100419;2018;9;23;1;3;5;3;2;0;1;0;0;0;0;1
205569;11;12;12100101;2018;9;8;4;2;5;2;0;0;1;0;1;0;0;0
205570;11;5;5100208;2018;9;19;1;3;6;2;2;0;1;1;0;0;0;1
205571;11;7;7601544;2018;9;8;3;2;6;6;0;0;1;1;0;0;0;0
205572;11;2;2400521;2018;9;19;1;3;5;3;2;0;1;0;0;0;0;1
205573;11;4;4300414;2018;9;17;5;3;5;2;0;1;1;0;0;0;0;0
205574;11;9;9200715;2018;9;7;3;3;2;6;0;0;1;0;0;0;0;0
205575;11;7;7100205;2018;9;19;1;2;6;4;1;0;1;1;0;0;0;1
205576;11;5;5100211;2018;9;19;5;2;1;5;1;0;0;0;1;1;0;0
205577;11;1;1100308;2018;9;18;1;3;5;3;1;0;1;0;0;1;0;1
205578;11;9;9100101;2018;9;17;4;3;5;2;0;1;1;0;0;0;0;0
205579;11;1;1400942;2018;9;17;1;3;5;3;0;0;1;0;0;0;0;1
205580;11;9;9300920;2018;9;17;1;3;2;6;0;0;1;0;0;0;0;1
205581;11;3;3200308;2018;9;11;4;2;2;2;0;0;1;0;0;0;0;1
205582;11;3;3701657;2018;9;16;1;3;5;3;1;1;0;0;0;0;1;1
205583;11;3;3300412;2018;9;7;3;3;5;2;0;0;1;0;1;0;0;0
205584;11;5;5100210;2018;9;16;5;3;6;7;0;0;1;1;0;0;0;0
205585;11;9;9100202;2018;9;15;1;3;2;2;0;0;1;0;0;0;1;1
205586;11;3;3500936;2018;9;15;4;3;0;2;0;1;0;0;0;0;1;0
205587;11;10;10100104;2018;9;13;1;3;0;3;0;1;1;0;0;0;0;1
205588;11;2;2400521;2018;9;12;1;3;2;2;0;0;1;0;0;0;0;0
205589;11;11;11400931;2018;9;12;1;2;5;3;0;1;1;0;0;0;0;0
205590;11;7;7200308;2018;9;16;4;3;2;6;0;0;1;0;0;0;0;0
205591;11;4;4400832;2018;9;11;1;3;3;6;0;1;1;0;0;0;0;0
205592;11;4;4400727;2018;9;5;1;2;6;4;2;0;1;1;0;0;0;0
205593;11;7;7100205;2018;9;20;3;3;5;2;2;1;1;0;0;0;0;0
205594;11;4;4501042;2018;9;3;1;2;9;1;2;0;1;0;0;0;0;0
205595;11;9;9200819;2018;9;15;6;3;5;3;0;1;1;0;0;0;0;0
205596;11;4;4501042;2018;9;23;6;3;0;7;2;0;1;0;0;0;0;0
205597;11;6;6100207;2018;9;19;3;3;5;2;1;1;1;0;0;0;0;0
205598;11;12;12601134;2018;9;0;1;2;2;2;2;0;0;0;0;0;1;1
205599;11;4;4300517;2018;9;17;5;3;5;3;0;0;1;0;0;0;0;0
205600;11;4;4300622;2018;9;8;1;3;5;3;0;1;1;0;0;0;0;0
205601;11;6;6200421;2018;9;19;4;3;5;3;2;0;1;0;0;0;0;0
205602;11;6;6200312;2018;9;18;1;3;0;1;1;0;0;0;1;0;0;1
205603;11;1;1100207;2018;9;22;1;3;5;3;2;0;1;0;0;0;1;1
205604;11;7;7200307;2018;9;18;3;3;5;3;0;1;1;0;0;0;0;0
205605;11;7;7501031;2018;9;16;7;3;5;7;0;0;1;0;0;0;0;0
205606;11;1;1100309;2018;9;14;6;3;6;4;0;1;0;1;0;0;0;0
205607;11;9;9200510;2018;9;8;5;2;3;6;0;1;1;0;0;0;0;0
205608;11;5;5300840;2018;9;7;3;3;2;6;0;0;1;0;0;0;0;0
205609;11;1;1401043;2018;9;15;7;3;6;4;0;0;1;1;0;0;0;0
205610;11;12;12200307;2018;9;12;3;3;2;6;0;0;1;0;1;0;0;0
205611;11;12;12400619;2018;9;15;7;3;5;3;0;0;1;0;0;0;0;0
205612;11;9;9200511;2018;9;15;6;3;5;2;0;1;1;0;0;0;0;0
205613;11;3;3500936;2018;9;14;5;3;1;5;0;1;0;0;0;0;1;0
205614;11;7;8200831;2018;9;5;3;3;6;2;2;0;1;1;0;0;0;0
205615;11;11;11200411;2018;9;14;7;3;5;3;0;0;1;0;0;0;0;0
205616;11;8;8100209;2018;9;11;5;3;5;3;0;1;1;0;0;0;0;0
205617;11;7;7400720;2018;9;17;1;3;5;3;0;0;1;0;1;0;0;0
205618;11;1;1401049;2018;9;13;7;3;5;2;0;0;1;0;0;0;0;0
205619;11;2;2500727;2018;9;12;4;3;0;5;0;1;0;0;0;0;1;0
205620;11;7;7300619;2018;9;12;7;3;3;6;0;1;1;0;0;0;0;1
205621;11;7;7100206;2018;9;17;1;3;6;4;0;0;1;1;0;0;0;0
205622;11;1;1200517;2018;9;12;7;2;5;3;0;0;1;0;1;0;0;0
205623;11;3;3300517;2018;9;17;3;3;4;1;0;0;1;0;0;0;0;0
205624;11;9;9200613;2018;9;11;7;3;2;6;0;0;1;0;0;0;0;0
205625;11;2;2500836;2018;9;16;1;3;4;6;0;1;1;0;0;0;0;0
205626;11;3;3501038;2018;9;20;5;2;0;3;2;1;1;0;0;0;0;0
205627;11;9;9401534;2018;9;12;1;3;2;6;0;0;1;0;0;0;1;0
205628;11;12;12500926;2018;9;9;7;3;5;3;0;0;1;0;0;0;0;1
205629;11;9;9501939;2018;9;15;1;3;2;6;0;1;0;0;0;0;0;0
205630;11;12;12601032;2018;9;19;5;2;0;1;1;0;0;0;1;0;0;0
205631;11;6;6300528;2018;9;14;1;3;5;3;0;0;1;0;1;0;0;0
205632;11;4;4501042;2018;9;8;7;3;5;3;0;1;1;0;0;0;0;0
205633;11;2;2200213;2018;9;13;1;3;3;6;0;0;1;0;1;0;0;0
205634;11;3;3400725;2018;9;12;5;2;5;3;0;1;1;0;0;0;0;0
205635;11;9;9200510;2018;9;11;1;2;0;7;0;1;0;0;0;0;0;0
205636;11;8;8100313;2018;9;2;7;3;1;1;2;0;1;0;0;0;0;0
205637;11;1;1100207;2018;9;9;4;3;2;6;0;0;1;0;1;0;0;0
205638;11;2;2300316;2018;9;1;7;3;6;4;2;0;1;1;0;0;0;0
205639;11;11;11401034;2018;9;19;1;2;5;3;2;0;1;0;0;0;0;0
205640;11;8;8100104;2018;9;2;7;3;6;7;2;0;1;1;0;0;0;1
205641;11;8;8100520;2018;9;16;3;3;6;4;0;0;1;1;0;0;0;0
205642;11;11;11400931;2018;9;21;7;2;5;2;2;0;1;0;1;0;0;0
205643;11;9;9401534;2018;9;15;1;2;1;1;0;0;1;0;0;0;0;0
205644;11;11;11300721;2018;9;18;5;2;5;2;0;0;1;0;1;0;0;0
205645;11;9;9501737;2018;9;18;1;2;8;1;0;0;0;0;1;0;0;0
205646;11;5;5200631;2018;9;21;7;3;2;6;2;0;1;0;0;0;0;1
205647;11;6;6400844;2018;9;14;1;3;0;1;0;0;0;0;1;0;0;0
205648;11;12;12601235;2018;9;17;4;2;5;2;0;0;1;0;0;0;1;0
205649;11;10;10200629;2018;9;20;7;3;5;2;2;0;1;0;0;0;0;0
205650;11;5;5200527;2018;9;23;1;3;5;3;2;0;0;0;0;0;1;0
205651;11;4;4200311;2018;9;18;7;2;5;3;0;1;1;0;0;0;0;0
205652;11;1;1100309;2018;9;19;3;3;0;2;0;1;1;0;0;0;0;0
205653;11;8;8100311;2018;9;17;7;3;6;4;0;0;1;1;0;0;0;0
205654;11;1;1200518;2018;9;1;7;2;8;1;2;0;1;0;0;0;0;0
205655;11;4;4300518;2018;9;16;3;3;5;2;0;1;0;0;0;1;0;0
205656;11;2;2100102;2018;9;1;7;2;5;3;2;0;1;0;0;0;0;0
205657;11;7;7400721;2018;9;7;4;3;5;2;0;1;1;0;0;0;0;0
205658;11;11;11300620;2018;9;22;7;3;5;2;2;0;1;0;0;0;0;1
205659;11;12;12200515;2018;9;16;7;3;5;2;0;0;1;0;0;0;0;0
205660;11;2;2100103;2018;9;10;3;3;3;6;0;0;1;0;0;0;1;0
205661;11;9;9401534;2018;9;11;6;3;5;7;0;0;1;0;0;0;0;0
205662;11;2;2200213;2018;9;15;7;2;6;7;0;0;1;1;0;0;0;0
205663;11;7;7400823;2018;9;6;5;2;2;2;2;0;1;0;1;1;0;0
205664;11;5;5200420;2018;9;15;7;3;5;3;0;0;1;0;1;0;0;0
205665;11;8;8100103;2018;9;7;6;3;5;3;0;1;1;0;0;0;0;0
205666;11;6;6300528;2018;9;15;7;3;0;1;0;0;0;0;1;0;0;0
205667;11;8;8100314;2018;9;15;4;3;5;2;0;1;1;0;0;0;0;0
205668;11;4;4300517;2018;9;22;6;3;6;4;2;1;0;1;0;0;0;1
205669;11;5;5100104;2018;9;22;7;3;1;1;2;0;1;0;0;0;0;0
205670;11;1;1300733;2018;9;7;6;3;5;3;0;1;1;0;0;0;0;0
205671;11;7;7501134;2018;9;13;3;3;1;5;0;1;1;0;0;0;0;0
205672;11;9;9100101;2018;9;7;6;3;5;7;0;1;1;0;0;0;0;0
205673;11;5;5300735;2018;9;21;7;3;2;6;2;0;1;0;0;0;0;0
205674;11;6;6100205;2018;9;15;6;3;2;6;0;0;1;0;0;0;0;0
205675;11;1;1100310;2018;9;0;6;3;0;1;2;1;0;0;0;0;0;0
205676;11;6;6300528;2018;9;13;7;3;5;2;0;1;1;0;0;0;0;0
205677;11;7;7200409;2018;9;16;3;2;5;3;0;1;1;0;0;0;0;0
205678;11;1;1100416;2018;9;7;6;3;4;6;0;1;0;0;0;0;0;0
205679;11;7;7501031;2018;9;19;7;3;5;7;2;0;1;0;1;0;0;0
205680;11;7;7501031;2018;9;14;5;3;5;7;0;1;1;0;0;0;0;0
205681;11;2;2200209;2018;9;18;7;3;0;6;1;0;1;0;1;0;0;0
205682;11;12;12200310;2018;9;22;6;3;2;6;2;0;1;0;0;0;1;1
205683;11;11;11400931;2018;9;14;4;2;2;6;0;0;1;0;0;0;1;0
205684;11;1;1401049;2018;9;21;6;3;9;1;2;0;1;0;0;0;0;1
205685;11;3;3601140;2018;9;17;5;3;5;2;0;1;0;0;0;0;1;0
205686;11;1;1300836;2018;9;13;7;3;6;4;0;0;1;1;0;0;0;0
205687;11;11;11200513;2018;9;20;6;3;5;3;2;0;1;0;1;0;0;1
205688;11;4;4200203;2018;9;15;4;2;0;7;0;1;0;0;0;0;0;1
205689;11;1;1100207;2018;9;20;6;3;5;3;2;0;1;0;1;0;0;1
205690;11;7;7100102;2018;9;17;7;3;5;3;0;1;1;0;0;0;0;0
205691;11;9;9200818;2018;9;17;6;3;5;3;1;0;1;0;0;0;0;1
205692;11;5;5300737;2018;9;10;3;3;3;6;0;0;1;0;1;0;0;0
205693;11;10;10200422;2018;9;7;6;3;2;6;0;0;1;0;0;0;0;0
205694;11;6;6400737;2018;9;13;7;3;5;3;0;0;1;0;0;0;0;0
205695;11;5;5200632;2018;9;14;6;3;3;6;0;0;1;0;0;0;0;0
205696;11;8;8401246;2018;9;17;5;3;5;3;0;1;0;0;0;0;0;0
205697;11;5;5200629;2018;9;16;7;2;6;4;0;0;1;1;0;0;0;0
205698;11;4;4200311;2018;9;16;3;3;0;2;0;1;0;0;0;1;0;0
205699;11;6;6400841;2018;9;9;6;3;5;3;0;0;1;0;0;0;0;0
205700;11;8;8100102;2018;9;13;7;3;1;5;0;1;1;0;0;0;0;0
205701;11;6;6300634;2018;9;18;5;2;1;1;0;0;1;0;0;0;0;0
205702;11;2;2200212;2018;9;16;7;2;0;7;0;0;0;0;1;0;0;0
205703;11;9;9300920;2018;9;19;6;3;6;2;2;0;1;1;0;0;0;1
205704;11;10;10300734;2018;9;11;4;3;5;2;0;0;1;0;0;0;0;0
205705;11;10;10300731;2018;9;16;6;2;5;2;0;1;1;0;0;0;0;0
205706;11;7;7300618;2018;9;12;7;2;1;5;0;0;1;0;0;0;0;0
205707;11;2;2100104;2018;9;19;6;2;5;3;2;1;1;0;0;0;0;1
205708;11;4;4200308;2018;9;16;3;3;5;2;0;0;1;0;0;0;0;0
205709;11;4;4400835;2018;9;18;6;3;0;1;0;0;0;0;1;0;0;1
205710;11;4;4501041;2018;9;11;7;3;0;1;0;0;0;0;1;0;0;0
205711;11;12;12400721;2018;9;9;7;3;5;3;0;0;1;0;0;0;0;0