OBJECTID;LAND;BEZ;LOR_ab_2021;UJAHR;UMONAT;USTUNDE;UWOCHENTAG;UKATEGORIE;UART;UTYP1;ULICHTVERH;IstRad;IstPKW;IstFuss;IstKrad;IstGkfz;IstSonstige;USTRZUSTAND
205712;11;7;7400822;2018;9;18;6;3;5;2;1;0;1;0;0;0;0;1
205713;11;4;4100101;2018;9;18;6;3;2;6;2;0;1;0;0;0;1;1
205714;11;8;8300934;2018;9;7;7;3;6;7;0;1;0;1;0;0;0;0
205715;11;2;2300314;2018;9;9;5;3;0;6;0;1;1;0;0;0;0;0
205716;11;1;1100313;2018;9;3;7;3;9;1;2;0;1;0;0;0;0;0
205717;11;11;11300721;2018;9;16;3;2;5;7;0;0;1;0;1;0;0;0
205718;11;12;12200515;2018;9;17;6;3;0;1;0;0;0;0;1;0;0;1
205719;11;11;11100102;2018;9;4;7;3;3;6;2;1;0;0;0;0;1;0
205720;11;5;5200423;2018;9;16;5;3;5;3;0;0;1;0;1;0;0;0
205721;11;6;6400844;2018;9;23;6;2;5;3;2;0;1;0;1;0;0;0
205722;11;11;11501238;2018;9;17;6;3;2;2;0;0;1;0;0;0;0;1
205723;11;3;3601346;2018;9;8;4;2;0;1;0;0;0;0;1;0;0;0
205724;11;5;5100316;2018;9;17;6;2;6;4;0;0;1;1;0;0;0;1
205725;11;4;4300414;2018;9;22;6;2;5;3;2;0;1;0;0;0;0;0
205726;11;4;4500937;2018;9;15;3;3;2;1;0;0;1;0;0;0;0;0
205727;11;6;6200315;2018;9;17;6;3;2;7;0;1;1;0;0;0;0;0
205728;11;1;1401048;2018;9;21;6;2;5;3;2;0;1;0;1;0;0;0
205729;11;1;1401045;2018;9;10;5;3;2;6;0;0;1;0;0;0;0;0
205730;11;12;12200515;2018;9;19;6;3;5;3;2;0;1;0;0;0;0;0
205731;11;1;1100310;2018;9;17;6;3;2;7;0;1;1;0;0;0;0;1
205732;11;3;3300413;2018;9;19;6;3;5;3;2;1;1;0;0;0;0;0
205733;11;4;4501146;2018;9;16;4;3;5;3;0;0;1;0;0;0;0;0
205734;11;5;5300736;2018;9;16;6;3;5;3;0;0;1;0;0;1;0;1
205735;11;11;11200410;2018;9;17;6;3;5;3;0;1;1;0;0;0;0;0
205736;11;1;1100313;2018;9;19;5;3;5;2;1;1;0;0;1;0;0;0
205737;11;2;2300316;2018;9;17;6;3;6;4;0;0;1;1;0;0;0;0
205738;11;2;2400624;2018;9;15;6;3;5;3;0;1;1;0;0;0;0;0
205739;11;1;1200629;2018;9;17;6;3;2;6;0;0;1;0;0;0;0;0
205740;11;9;9200512;2018;9;12;4;2;2;2;0;0;1;0;1;0;0;0
205741;11;5;5200420;2018;9;15;6;2;3;6;0;0;1;0;1;0;0;0
205742;11;9;9300920;2018;9;17;6;3;5;3;0;0;1;0;0;0;0;0
205743;11;1;1100206;2018;9;15;6;3;5;5;0;1;1;0;0;0;0;0
205744;11;10;10400941;2018;9;15;4;3;5;3;0;1;1;0;0;0;0;0
205745;11;12;12500824;2018;9;15;6;3;5;2;0;0;1;0;0;0;0;0
205746;11;3;3601346;2018;9;16;6;3;2;6;0;1;1;0;0;0;0;0
205747;11;11;11300620;2018;9;15;3;3;5;3;0;1;1;0;0;0;0;0
205748;11;1;1100311;2018;9;21;6;3;0;6;2;0;1;0;1;0;0;0
205749;11;8;8200623;2018;9;18;5;3;5;3;0;1;1;0;0;0;0;0
205750;11;2;2500833;2018;9;19;6;3;5;3;1;1;1;0;0;0;0;0
205751;11;10;10200421;2018;9;14;6;3;5;3;0;1;1;0;0;0;0;0
205752;11;5;5100313;2018;9;16;6;3;6;4;0;0;0;1;0;0;1;0
205753;11;12;12601236;2018;9;15;4;3;5;2;0;0;1;0;0;0;0;0
205754;11;7;7400927;2018;9;15;6;3;5;3;0;0;1;0;0;0;0;0
205755;11;1;1100205;2018;9;11;6;3;6;2;0;0;1;1;0;0;0;0
205756;11;11;11200410;2018;9;14;6;3;2;2;0;0;1;0;1;0;0;0
205757;11;5;5100316;2018;9;13;3;3;0;2;0;0;1;0;1;0;0;0
205758;11;3;3500933;2018;9;15;6;3;5;3;0;0;1;0;0;0;0;0
205759;11;11;11100309;2018;9;10;6;3;5;3;0;0;1;0;0;0;0;0
205760;11;1;1300733;2018;9;7;6;3;5;3;1;0;1;1;1;0;0;0
205761;11;9;9501737;2018;9;20;6;1;8;1;2;0;0;0;1;0;0;0
205762;11;2;2100102;2018;9;15;6;3;5;2;0;0;1;0;0;0;0;0
205763;11;9;9100407;2018;9;22;3;3;8;1;2;0;1;0;0;0;0;0
205764;11;2;2300418;2018;9;14;6;3;5;3;0;1;0;0;0;0;1;0
205765;11;7;7601547;2018;9;9;6;2;5;3;0;1;1;0;0;0;0;0
205766;11;1;1100206;2018;9;16;6;3;2;6;0;1;1;0;0;0;0;0
205767;11;1;1100206;2018;9;12;6;3;0;1;0;1;0;0;0;0;0;0
205768;11;5;5100316;2018;9;14;6;3;2;6;0;0;1;0;0;1;0;0
205769;11;5;5200524;2018;9;15;3;3;2;6;0;0;1;0;0;0;0;0
205770;11;4;4501042;2018;9;14;6;3;5;2;0;0;1;0;1;1;0;0
205771;11;7;7300517;2018;9;13;6;3;5;3;0;1;1;0;0;0;0;0
205772;11;3;3200309;2018;9;15;5;3;5;3;0;0;1;0;0;0;1;0
205773;11;12;12500926;2018;9;13;6;3;2;6;0;0;1;0;0;0;0;0
205774;11;4;4300624;2018;9;14;6;3;5;3;0;1;0;0;0;0;1;0
205775;11;8;8100419;2018;9;22;4;3;5;3;2;0;1;0;0;0;0;0
205776;11;5;5300736;2018;9;14;6;3;1;5;0;1;1;0;0;0;0;0
205777;11;1;1200517;2018;9;13;6;3;2;2;0;0;1;0;0;0;0;0
205778;11;8;8200832;2018;9;13;6;3;2;2;0;1;0;0;0;0;1;0
205779;11;6;6400737;2018;9;10;3;3;2;2;0;0;1;0;1;0;0;1
205780;11;2;2400522;2018;9;13;6;3;2;6;0;0;1;0;0;1;0;0
205781;11;9;9100304;2018;9;13;6;3;6;4;0;0;0;1;1;0;0;0
205782;11;1;1401049;2018;9;14;6;2;6;2;0;0;0;1;0;0;1;0
205783;11;4;4300518;2018;9;9;5;3;5;3;0;0;1;0;0;0;0;0
205784;11;6;6300527;2018;9;9;6;3;5;2;0;1;1;0;0;0;0;0
205785;11;11;11300620;2018;9;15;3;2;1;7;0;0;1;0;0;0;0;0
205786;11;5;5200633;2018;9;13;6;3;2;6;0;0;1;0;1;0;0;0
205787;11;11;11401137;2018;9;13;6;3;5;2;0;1;1;0;0;0;0;0
205788;11;6;6300528;2018;9;13;5;2;5;2;0;0;1;0;1;0;0;0
205789;11;1;1200520;2018;9;9;6;3;2;6;0;1;1;0;0;0;0;0
205790;11;4;4501043;2018;9;12;6;3;3;6;0;1;1;0;0;0;0;0
205791;11;12;12601235;2018;9;12;6;3;5;7;0;0;1;0;1;0;0;0
205792;11;10;10100311;2018;9;15;3;3;2;1;0;0;1;0;0;0;0;0
205793;11;1;1100102;2018;9;12;6;2;5;2;0;1;0;0;0;0;1;0
205794;11;1;1100207;2018;9;12;6;3;2;6;0;1;0;0;0;0;0;0
205795;11;6;6400735;2018;9;11;5;3;5;3;0;1;1;0;0;0;0;0
205796;11;12;12200414;2018;9;8;6;3;2;6;0;0;1;0;0;0;0;0
205797;11;6;6100206;2018;9;11;6;3;5;2;0;1;1;0;0;0;0;0
205798;11;2;2200211;2018;9;12;4;3;6;4;0;0;0;1;0;0;1;0
205799;11;12;12200515;2018;9;11;6;3;5;3;0;0;1;0;0;0;0;0
205800;11;7;7501135;2018;9;16;6;3;0;2;0;0;0;0;0;0;1;0
205801;11;10;10200421;2018;9;10;6;3;2;2;0;0;1;0;0;0;0;0
205802;11;5;5100315;2018;9;15;3;3;2;6;0;0;1;0;0;0;0;0
205803;11;8;8100311;2018;9;9;6;3;0;3;0;1;1;0;0;0;0;0
205804;11;7;7100205;2018;9;12;6;3;5;3;0;1;1;0;0;0;0;0
205805;11;2;2300315;2018;9;21;5;3;3;6;2;0;1;0;1;0;0;0
205806;11;4;4501045;2018;9;16;6;3;2;6;0;0;1;0;0;0;0;0
205807;11;3;3601245;2018;9;9;6;3;6;4;0;0;0;1;0;1;0;0
205808;11;7;7100102;2018;9;12;5;3;0;1;0;1;0;0;0;0;0;0
205809;11;11;11200514;2018;9;8;4;3;5;2;0;1;1;0;0;0;0;0
205810;11;4;4500939;2018;10;12;6;3;5;2;0;0;1;0;0;0;0;0
205811;11;8;8100209;2018;10;14;3;3;5;3;0;0;1;0;0;0;0;0
205812;11;2;2100106;2018;10;15;6;3;5;2;0;0;1;0;0;0;0;0
205813;11;8;8100312;2018;10;19;3;3;1;5;2;1;1;0;0;0;0;0
205814;11;9;9200715;2018;10;11;6;1;5;2;0;1;0;0;0;1;0;0
205815;11;6;6200422;2018;10;13;3;3;2;6;0;0;1;0;0;0;0;0
205816;11;11;11501238;2018;10;19;3;3;5;3;2;1;1;0;0;0;0;0
205817;11;1;1100207;2018;10;14;5;3;6;4;0;0;1;1;0;0;0;0
205818;11;2;2100106;2018;10;13;3;3;5;3;0;1;1;0;0;0;0;0
205819;11;6;6300525;2018;10;17;5;3;5;3;0;1;1;0;0;0;0;0
205820;11;1;1300733;2018;10;18;3;3;1;5;2;1;1;0;0;0;1;0
205821;11;7;7601546;2018;10;16;5;3;5;3;0;0;1;0;0;0;0;0
205822;11;5;5200528;2018;10;13;3;3;5;2;0;0;1;0;1;0;0;0
205823;11;11;11200411;2018;10;16;5;3;2;6;0;0;0;0;1;0;0;0
205824;11;8;8100311;2018;10;12;3;3;5;2;0;0;1;0;0;0;1;0
205825;11;3;3701660;2018;10;16;5;3;5;2;0;0;1;0;1;0;0;0
205826;11;3;3200205;2018;10;18;3;2;5;3;1;0;1;0;1;0;0;0
205827;11;12;12100101;2018;10;16;5;3;1;5;0;0;1;0;1;0;0;0
205828;11;10;10400940;2018;10;18;3;2;5;2;0;1;1;0;0;0;0;0
205829;11;1;1200522;2018;10;17;3;3;6;4;0;0;0;1;0;0;1;0
205830;11;1;1100310;2018;10;15;5;3;5;3;0;1;1;0;0;0;0;0
205831;11;4;4100101;2018;10;12;3;3;5;2;0;0;1;0;0;0;0;0
205832;11;4;4400728;2018;10;15;5;3;5;3;0;0;1;0;0;0;0;0
205833;11;9;9200511;2018;10;17;3;2;5;3;0;1;0;0;0;0;0;0
205834;11;8;8200728;2018;10;15;5;3;1;5;0;0;1;0;1;0;0;0
205835;11;6;6400841;2018;10;15;5;3;2;6;0;0;1;0;0;0;0;0
205836;11;8;8100419;2018;10;16;3;3;5;2;0;1;1;0;0;0;0;0
205837;11;1;1300733;2018;10;13;5;3;5;2;0;0;1;0;0;0;0;0
205838;11;1;1100205;2018;10;16;3;3;5;3;0;0;1;0;0;0;0;0
205839;11;2;2100106;2018;10;13;5;3;5;3;0;0;0;0;1;0;1;0
205840;11;2;2200207;2018;10;11;3;3;1;5;0;1;1;0;0;0;0;0
205841;11;10;10100313;2018;10;9;5;3;2;6;0;0;1;0;1;0;0;0
205842;11;10;10100311;2018;10;16;3;3;6;2;0;0;1;1;0;0;0;0
205843;11;2;2400623;2018;10;10;5;3;2;6;0;0;1;0;1;0;0;0
205844;11;4;4300620;2018;10;9;5;3;0;2;0;1;1;0;0;0;0;0
205845;11;9;9200512;2018;10;10;3;2;5;3;0;0;1;0;0;0;1;0
205846;11;5;5100317;2018;10;8;5;3;2;7;0;0;1;0;0;0;0;0
205847;11;10;10300731;2018;10;6;3;3;2;6;2;0;1;0;0;0;0;0
205848;11;1;1300836;2018;10;8;5;3;5;3;0;1;1;0;0;0;0;0
205849;11;3;3400826;2018;10;8;5;3;6;7;0;1;0;1;0;0;1;0
205850;11;6;6400838;2018;10;9;3;2;8;1;0;0;1;0;0;0;0;0
205851;11;8;8100310;2018;10;8;5;2;6;7;0;0;1;1;0;0;0;0
205852;11;6;6200423;2018;10;8;5;3;4;1;0;0;1;0;0;0;0;0
205853;11;11;11400929;2018;10;21;3;3;0;1;2;0;0;0;1;0;0;0
205854;11;10;10100206;2018;10;7;5;3;5;2;0;1;1;0;0;0;0;0
205855;11;7;7100101;2018;10;18;3;3;0;1;1;0;0;0;1;0;0;0
205856;11;5;5200423;2018;10;6;5;2;5;2;1;0;1;0;0;0;0;0
205857;11;1;1100207;2018;10;9;3;3;5;3;0;1;1;0;0;0;0;0
205858;11;8;8100103;2018;10;4;5;3;5;3;2;0;1;0;0;0;0;0
205859;11;5;5100314;2018;10;9;3;3;6;4;0;0;1;1;0;0;0;0
205860;11;4;4300622;2018;10;9;3;2;5;3;0;0;1;0;1;0;0;0
205861;11;2;2100102;2018;10;8;3;3;5;2;0;1;1;0;0;0;0;0
205862;11;6;6400838;2018;10;2;5;3;7;7;2;0;0;0;1;0;0;0
205863;11;7;7601341;2018;10;8;5;3;5;2;0;0;1;0;0;0;1;0
205864;11;1;1200623;2018;10;7;3;3;2;6;0;0;0;0;1;0;1;0
205865;11;5;5100317;2018;10;8;5;3;2;6;0;0;1;0;0;1;1;0
205866;11;5;5200631;2018;10;8;3;3;6;4;0;0;1;1;0;0;0;0
205867;11;8;8401242;2018;10;12;5;3;2;2;0;0;1;0;1;0;0;0
205868;11;6;6300633;2018;10;7;3;3;5;2;1;1;1;0;0;0;0;0
205869;11;8;8100418;2018;10;11;5;3;5;3;0;1;1;0;0;0;0;0
205870;11;2;2200212;2018;10;7;3;3;0;7;0;0;1;0;1;0;0;0
205871;11;6;6100204;2018;10;11;5;3;2;2;0;0;1;0;0;0;0;0
205872;11;1;1200628;2018;10;10;3;3;8;1;0;0;1;0;0;0;0;0
205873;11;1;1200629;2018;10;22;5;3;5;2;2;1;1;0;0;0;0;0
205874;11;4;4501148;2018;10;18;3;3;2;6;1;0;1;0;0;0;0;0
205875;11;2;2200210;2018;10;7;2;3;5;3;1;0;1;0;0;0;1;0
205876;11;2;2100102;2018;10;18;5;3;5;3;1;1;1;0;0;0;0;0
205877;11;7;7200308;2018;10;9;2;3;4;6;0;1;0;0;0;0;0;0
205878;11;1;2400623;2018;10;18;5;3;5;3;0;1;1;0;0;0;0;0
205879;11;12;12200309;2018;10;19;2;3;5;2;2;0;1;0;0;0;1;0
205880;11;4;4300414;2018;10;17;5;3;5;2;0;1;1;0;0;0;0;0
205881;11;1;1100310;2018;10;17;2;3;3;2;1;1;1;0;0;0;0;0
205882;11;1;1100310;2018;10;17;5;2;5;3;0;1;1;0;0;0;0;0
205883;11;8;8200624;2018;10;17;2;3;6;7;0;1;0;1;0;0;0;0
205884;11;9;9300920;2018;10;17;5;2;5;2;0;1;1;0;0;0;0;0
205885;11;10;10400939;2018;10;17;2;3;5;3;0;1;1;0;0;0;0;0
205886;11;3;3400723;2018;10;16;5;2;1;5;0;0;1;0;1;0;0;0
205887;11;11;11501340;2018;10;16;2;3;2;6;0;0;1;0;0;0;0;0
205888;11;1;1100415;2018;10;16;2;3;0;7;0;1;1;0;0;0;0;0
205889;11;3;3601142;2018;10;10;5;3;5;3;0;1;1;0;0;0;0;0
205890;11;12;12200310;2018;10;16;2;3;2;6;0;0;1;0;0;0;0;0
205891;11;8;8100314;2018;10;10;5;3;5;2;0;1;0;0;0;0;1;0
205892;11;9;9200512;2018;10;16;2;2;4;7;0;0;1;0;0;0;0;0
205893;11;11;11200514;2018;10;20;4;2;0;7;2;1;0;0;0;0;0;0
205894;11;2;2300314;2018;10;18;4;3;6;4;2;0;0;1;1;0;0;1
205895;11;8;8401241;2018;10;16;2;3;5;3;0;0;1;0;1;0;0;0
205896;11;1;1401045;2018;10;17;4;2;2;6;1;0;1;0;0;0;0;0
205897;11;12;12200309;2018;10;23;2;3;0;3;2;0;1;0;1;0;0;0
205898;11;11;11501238;2018;10;2;4;3;5;7;2;0;1;0;0;0;0;0
205899;11;4;4501153;2018;10;7;4;2;5;3;1;0;1;0;0;0;0;1
205900;11;3;3400721;2018;10;8;4;3;6;4;0;0;0;1;1;0;0;1
205901;11;2;2400521;2018;10;15;2;3;5;5;0;1;1;0;0;0;0;0
205902;11;3;3601142;2018;10;17;4;3;6;4;0;0;1;1;0;0;0;0
205903;11;1;1100311;2018;10;20;2;3;5;2;1;1;0;0;0;0;1;0
205904;11;4;4501041;2018;10;16;4;3;0;3;0;0;1;0;1;0;0;0
205905;11;1;1100309;2018;10;15;2;3;0;1;0;1;0;0;0;0;0;0
205906;11;6;6300633;2018;10;15;4;2;6;7;0;0;1;1;0;0;0;1
205907;11;4;4501149;2018;10;17;5;3;2;2;0;1;1;0;0;0;0;0
205908;11;3;3601244;2018;10;19;2;3;2;6;1;0;1;0;1;0;0;0
205909;11;1;1300732;2018;10;15;4;3;2;6;0;0;1;0;0;0;0;1
205910;11;6;6400843;2018;10;14;4;3;2;2;0;0;1;0;0;0;0;0
205911;11;1;1100102;2018;10;19;2;2;5;2;2;0;1;0;1;0;0;0
205912;11;1;1401045;2018;10;14;4;3;2;6;0;0;1;0;0;0;0;0
205913;11;12;12200309;2018;10;15;5;3;0;3;0;1;1;0;0;0;0;0
205914;11;5;5300737;2018;10;19;2;3;6;7;1;0;1;1;0;0;0;0
205915;11;6;6300526;2018;10;13;4;3;0;2;0;0;0;0;1;0;0;1
205916;11;2;2400623;2018;10;14;2;3;5;2;0;1;1;0;0;0;0;0
205917;11;4;4200311;2018;10;13;5;3;5;3;0;0;1;0;1;0;0;0
205918;11;1;1100415;2018;10;12;4;3;5;2;0;0;1;0;0;0;0;1
205919;11;4;4200310;2018;10;13;5;3;3;6;0;0;1;0;0;1;0;0
205920;11;1;1400938;2018;10;15;2;3;5;2;0;1;1;0;0;0;0;0
205921;11;4;4500937;2018;10;12;5;3;5;2;0;1;0;0;0;0;1;0
205922;11;1;1100101;2018;10;18;2;3;2;6;1;0;1;0;1;0;0;0
205923;11;3;3200308;2018;10;12;5;3;5;2;0;1;1;0;0;0;0;0
205924;11;3;3601244;2018;10;11;4;3;2;7;0;0;1;0;0;0;0;1
205925;11;2;2200209;2018;10;16;5;3;0;2;0;1;1;0;0;0;0;0
205926;11;4;4501149;2018;10;14;2;3;2;6;0;0;1;0;0;0;0;0
205927;11;4;4200311;2018;10;11;5;3;3;6;0;0;1;0;0;0;1;0
205928;11;12;12100204;2018;10;16;5;3;5;2;0;1;1;0;0;0;0;0
205929;11;2;2400623;2018;10;9;2;3;5;3;0;1;0;0;0;0;0;0
205930;11;9;9200510;2018;10;11;4;3;5;2;0;0;1;0;0;0;0;1
205931;11;4;4501045;2018;10;12;2;3;9;1;0;0;1;1;0;0;0;0
205932;11;1;1100206;2018;10;2;4;3;5;2;2;0;0;0;0;0;1;1
205933;11;6;6300631;2018;10;16;5;3;2;2;0;1;1;0;0;0;0;0
205934;11;4;4501045;2018;10;11;2;3;2;7;0;1;1;0;0;0;0;0
205935;11;4;4501147;2018;10;23;3;3;5;7;2;0;1;0;1;0;0;1
205936;11;11;11501340;2018;10;6;2;3;2;2;0;0;1;0;0;0;1;0
205937;11;9;9200715;2018;10;16;5;3;1;5;0;1;1;0;0;0;0;0
205938;11;7;7400822;2018;10;21;3;3;6;2;2;0;0;1;0;0;1;1
205939;11;9;9100101;2018;10;15;5;3;5;3;0;1;1;0;0;0;0;0
205940;11;9;9200512;2018;10;11;2;3;5;2;0;1;1;0;0;0;0;0
205941;11;2;2500832;2018;10;20;3;3;0;5;2;1;0;0;0;0;1;1
205942;11;4;4300416;2018;10;15;5;3;3;6;0;1;1;0;0;0;0;0
205943;11;6;6400838;2018;10;11;2;3;5;2;0;1;1;0;0;0;0;0
205944;11;4;4300416;2018;10;23;3;3;6;2;2;0;1;1;0;0;0;1
205945;11;12;12400722;2018;10;8;2;3;5;2;0;0;1;0;0;0;0;0
205946;11;7;7601340;2018;10;16;3;3;0;3;2;0;1;0;1;0;0;1
205947;11;7;7100101;2018;10;15;5;3;2;7;0;0;1;0;1;0;0;0
205948;11;1;1300733;2018;10;8;2;3;5;3;0;0;1;0;0;0;0;0
205949;11;4;4200308;2018;10;12;3;3;2;6;0;0;1;0;0;0;0;0
205950;11;8;8100206;2018;10;7;2;3;5;3;0;0;1;0;0;0;0;0
205951;11;10;10400940;2018;10;15;5;3;6;4;0;0;1;1;0;0;0;0
205952;11;7;7601238;2018;10;6;2;3;5;7;2;0;1;0;1;0;0;0
205953;11;3;3601142;2018;10;13;3;3;1;5;0;1;1;0;0;0;0;1
205954;11;1;1100311;2018;10;15;5;3;6;4;0;0;1;1;0;0;0;0
205955;11;4;4300517;2018;10;5;2;3;5;3;2;0;1;0;0;0;0;0
205956;11;8;8401241;2018;10;15;5;3;5;2;0;1;0;0;1;0;0;0
205957;11;1;1100310;2018;10;13;3;3;0;1;0;0;0;0;1;0;0;1
205958;11;4;4300623;2018;10;14;5;2;6;4;0;0;1;1;0;0;0;0
205959;11;2;2200208;2018;10;4;2;3;5;3;2;0;1;0;0;0;0;0
205960;11;3;3601452;2018;10;13;3;3;5;3;0;0;1;0;0;0;0;1
205961;11;8;8401243;2018;10;10;2;1;6;4;0;0;0;1;0;1;0;0
205962;11;4;4100102;2018;10;13;3;3;3;6;0;0;1;0;0;0;0;0
205963;11;2;2500833;2018;10;13;1;3;2;2;0;1;1;0;0;0;0;0
205964;11;9;9200717;2018;10;16;5;3;5;3;0;0;1;0;0;1;0;0
205965;11;6;6100102;2018;10;12;3;3;6;7;0;0;1;1;0;0;0;0
205966;11;5;5100317;2018;10;11;5;3;2;6;0;0;1;0;0;0;1;0
205967;11;12;12200308;2018;10;3;1;3;1;5;2;0;1;0;0;0;0;0
205968;11;5;5300838;2018;10;14;5;3;2;6;0;0;1;0;0;0;0;0
205969;11;9;9301025;2018;10;11;5;3;5;2;0;0;1;0;0;0;0;0
205970;11;10;10200417;2018;10;19;1;2;6;4;1;0;1;1;0;0;0;0
205971;11;12;12200412;2018;10;23;3;3;6;2;2;0;1;1;0;0;0;1
205972;11;3;3501038;2018;10;14;5;3;5;2;0;0;1;0;0;0;0;0
205973;11;10;10300734;2018;10;16;1;3;6;4;0;0;1;1;0;0;0;0
205974;11;3;3701657;2018;10;10;5;3;5;3;0;0;1;0;0;0;0;0
205975;11;5;5100316;2018;10;11;3;3;2;2;0;0;1;0;0;0;0;0
205976;11;9;9200510;2018;10;9;5;3;3;2;0;0;1;0;0;0;0;0
205977;11;7;7100206;2018;10;16;1;2;0;6;0;0;1;0;1;0;0;0
205978;11;4;4300623;2018;10;11;3;3;2;6;0;0;1;0;0;0;1;0
205979;11;11;11400929;2018;10;11;3;3;5;3;0;1;1;0;0;0;0;0
205980;11;4;4300622;2018;10;16;1;3;0;6;0;0;1;0;0;0;0;0
205981;11;11;11501238;2018;10;10;3;3;5;7;0;0;1;0;0;0;1;0
205982;11;5;5200631;2018;10;16;5;2;2;6;0;0;1;0;0;0;0;0
205983;11;2;2200208;2018;10;15;1;3;1;5;0;1;1;0;0;0;0;0
205984;11;1;1300732;2018;10;20;3;3;5;3;2;0;0;0;1;0;1;1
205985;11;2;2400625;2018;10;15;1;3;2;6;0;0;1;0;0;0;0;0
205986;11;11;11501238;2018;10;9;5;3;2;6;0;0;1;0;1;0;0;0
205987;11;8;8200726;2018;10;20;3;3;6;2;2;0;1;1;0;0;0;1
205988;11;7;7501133;2018;10;8;5;3;2;2;0;0;1;0;0;0;1;0
205989;11;7;7200308;2018;10;14;7;3;6;7;0;1;0;1;0;0;0;0
205990;11;2;2100104;2018;10;8;5;3;0;6;0;0;0;0;0;0;1;0
205991;11;4;4300619;2018;10;10;3;3;6;7;0;0;1;1;0;0;0;0
205992;11;1;1200626;2018;10;8;5;3;6;7;0;0;1;1;0;0;0;0
205993;11;1;1100206;2018;10;23;7;3;6;2;2;0;1;1;0;0;0;0
205994;11;5;5100316;2018;10;8;3;3;0;2;0;0;0;0;0;0;1;0
205995;11;4;4200311;2018;10;8;3;3;5;2;0;1;1;0;0;0;0;0
205996;11;1;1100308;2018;10;22;7;3;3;6;2;1;0;0;0;0;1;0
205997;11;5;5300737;2018;10;21;3;2;8;1;2;0;1;0;0;0;0;1
205998;11;8;8401241;2018;10;7;5;3;6;4;1;0;0;1;1;0;0;0
205999;11;4;4200310;2018;10;7;3;3;2;2;0;1;1;0;0;0;0;0
206000;11;5;5100316;2018;10;16;5;3;0;1;0;0;0;0;1;0;0;0
206001;11;7;7300619;2018;10;21;7;3;1;1;2;0;1;0;0;0;1;0
206002;11;9;9100304;2018;10;20;3;2;5;3;2;0;1;0;1;0;0;1
206003;11;2;2100101;2018;10;20;3;3;6;2;2;0;1;1;0;0;0;1
206004;11;11;11300722;2018;10;6;3;3;5;3;1;0;1;0;0;0;0;0
206005;11;9;9100409;2018;10;15;5;3;0;1;0;0;0;0;1;0;0;0
206006;11;1;1100205;2018;10;19;3;3;5;3;2;1;1;0;0;0;0;1
206007;11;6;6100207;2018;10;20;7;3;5;2;2;1;1;0;0;0;0;0
206008;11;7;7200308;2018;10;20;5;3;0;3;2;1;1;0;0;0;0;0
206009;11;3;3400830;2018;10;19;3;3;5;2;1;0;1;0;0;0;0;1
206010;11;4;4300416;2018;10;19;5;3;5;2;2;0;1;0;1;0;0;0
206011;11;4;4300416;2018;10;19;7;3;3;6;1;0;1;0;0;0;0;0
206012;11;1;1300733;2018;10;12;5;3;5;3;0;1;0;0;0;0;1;0
206013;11;2;2100102;2018;10;6;3;3;5;3;2;0;1;0;0;0;0;1
206014;11;8;8200624;2018;10;16;4;3;5;3;0;0;1;0;0;0;0;0
206015;11;12;12400618;2018;10;19;7;3;8;2;2;0;1;0;0;0;0;0
206016;11;1;1100313;2018;10;18;3;3;5;3;1;0;1;0;1;0;0;1
206017;11;1;1100309;2018;10;8;7;3;6;4;0;1;0;1;0;0;0;0
206018;11;6;6300634;2018;10;14;4;3;6;4;0;0;1;1;0;0;0;0
206019;11;8;8100209;2018;10;17;7;3;1;5;1;1;1;0;0;0;0;0
206020;11;2;2300315;2018;10;18;3;3;6;4;1;0;1;1;0;0;0;1
206021;11;4;4501042;2018;10;17;7;3;6;2;0;0;1;1;0;0;0;0
206022;11;5;5200629;2018;10;15;4;2;2;6;0;0;1;0;0;0;0;0
206023;11;1;1300836;2018;10;16;7;3;1;7;0;0;1;0;1;0;0;0
206024;11;12;12200411;2018;10;17;3;3;2;6;1;0;1;0;0;0;0;1
206025;11;11;11200411;2018;10;10;7;3;6;7;0;0;1;1;0;0;0;0
206026;11;2;2200209;2018;10;9;4;3;5;2;0;1;1;0;0;0;0;0
206027;11;1;1200520;2018;10;17;3;3;5;2;0;1;1;0;0;0;0;1
206028;11;11;11100308;2018;10;16;4;2;0;4;0;0;1;1;0;0;0;0
206029;11;12;12500929;2018;10;9;7;3;1;5;0;0;1;0;0;0;0;0
206030;11;11;11400931;2018;10;15;4;3;5;2;0;1;1;0;0;0;0;0
206031;11;5;5100103;2018;10;17;3;3;5;3;0;1;1;0;0;0;0;1
206032;11;3;3601141;2018;10;19;4;3;2;6;2;0;1;0;0;0;0;0
206033;11;1;1100102;2018;10;2;7;3;5;2;2;1;1;0;0;0;0;0
206034;11;5;5100316;2018;10;17;3;3;6;4;0;0;1;1;0;0;0;1
206035;11;10;10100316;2018;10;0;7;3;5;3;2;1;1;0;0;0;0;0
206036;11;1;1100309;2018;10;19;4;2;5;7;2;0;1;0;1;0;0;0
206037;11;7;7501031;2018;10;11;7;2;5;3;0;0;1;0;0;1;0;0