OBJECTID;LAND;BEZ;LOR_ab_2021;UJAHR;UMONAT;USTUNDE;UWOCHENTAG;UKATEGORIE;UART;UTYP1;ULICHTVERH;IstRad;IstPKW;IstFuss;IstKrad;IstGkfz;IstSonstige;USTRZUSTAND
206038;11;7;7400823;2018;10;17;3;3;2;6;0;0;1;0;1;0;0;1
206039;11;2;2500833;2018;10;18;4;3;3;6;1;1;0;0;0;0;1;0
206040;11;4;4300517;2018;10;11;7;2;2;6;0;0;1;0;0;0;0;0
206041;11;9;9200512;2018;10;19;4;3;6;6;2;0;1;1;0;0;0;0
206042;11;3;3300516;2018;10;16;3;3;5;2;0;1;0;0;0;0;1;1
206043;11;1;1100308;2018;10;19;4;2;6;4;2;0;1;1;0;0;0;0
206044;11;4;4500936;2018;10;16;7;3;5;3;0;1;1;0;0;0;0;0
206045;11;5;5300736;2018;10;16;3;3;2;6;0;0;1;0;1;0;0;1
206046;11;1;1100309;2018;10;15;7;3;6;4;0;0;0;1;0;0;1;0
206047;11;4;4200207;2018;10;14;3;2;4;1;0;0;1;0;0;0;1;1
206048;11;2;2300419;2018;10;19;4;3;0;7;1;1;1;0;0;0;0;0
206049;11;6;6100206;2018;10;15;7;3;5;2;0;0;1;0;0;0;0;0
206050;11;1;1401045;2018;10;15;3;3;2;6;0;0;1;0;1;0;0;1
206051;11;6;6200422;2018;10;18;4;3;5;3;1;0;1;0;0;0;1;0
206052;11;2;2500834;2018;10;15;7;3;6;4;0;1;0;1;0;0;0;0
206053;11;6;6300526;2018;10;14;3;3;5;2;0;1;1;0;0;0;0;1
206054;11;10;10400837;2018;10;14;7;3;2;6;0;0;1;0;0;0;0;0
206055;11;8;8100418;2018;10;18;4;3;1;5;2;1;1;0;0;0;0;0
206056;11;9;9401534;2018;10;14;7;3;3;6;0;1;0;0;0;0;0;0
206057;11;7;7601341;2018;10;14;3;2;5;2;0;0;1;0;0;0;0;1
206058;11;2;2200211;2018;10;18;4;3;2;6;1;1;0;0;0;0;0;0
206059;11;6;6200316;2018;10;14;7;3;5;2;0;0;1;0;0;0;0;0
206060;11;3;3500933;2018;10;17;4;3;0;1;0;1;0;0;0;0;0;0
206061;11;5;5300737;2018;10;0;3;2;1;5;2;0;1;0;0;1;1;0
206062;11;2;2400625;2018;10;17;4;3;5;2;0;1;1;0;0;0;0;0
206063;11;9;9501737;2018;10;13;7;3;5;3;0;1;0;0;0;0;0;0
206064;11;5;5100316;2018;10;18;3;3;0;1;1;0;1;0;1;0;0;1
206065;11;6;6200314;2018;10;16;3;3;0;1;0;0;0;0;1;0;0;1
206066;11;7;7400823;2018;10;13;7;3;2;6;0;0;1;0;0;1;0;0
206067;11;11;11200513;2018;10;9;3;3;5;3;0;0;1;0;0;0;0;0
206068;11;8;8100520;2018;10;17;4;3;0;6;0;0;1;0;1;0;0;0
206069;11;12;12200412;2018;10;12;7;3;5;2;0;1;1;0;0;0;0;0
206070;11;4;4500936;2018;10;13;2;3;6;2;0;0;1;1;0;0;0;0
206071;11;4;4501153;2018;10;11;7;2;2;1;0;0;1;0;0;0;1;0
206072;11;10;10100209;2018;10;17;4;3;2;7;0;0;1;0;1;0;0;0
206073;11;6;6100205;2018;10;16;2;3;0;2;0;1;1;0;0;0;0;1
206074;11;10;10100311;2018;10;17;4;3;2;6;0;0;1;0;0;0;0;0
206075;11;12;12100204;2018;10;17;2;3;5;3;0;1;1;0;0;0;0;0
206076;11;1;1100310;2018;10;20;6;3;5;3;2;1;1;0;0;0;0;0
206077;11;11;11501340;2018;10;16;4;3;2;2;0;1;1;0;0;0;0;0
206078;11;4;4501148;2018;10;17;2;3;0;2;0;1;1;0;0;0;0;1
206079;11;1;1300835;2018;10;16;4;3;6;7;0;0;1;1;0;0;0;0
206080;11;10;10400835;2018;10;19;6;3;5;2;2;1;1;0;0;0;0;0
206081;11;8;8401241;2018;10;15;4;3;2;6;0;0;1;0;0;0;1;0
206082;11;8;8100415;2018;10;22;2;3;6;4;2;1;0;1;0;0;0;0
206083;11;4;4200311;2018;10;15;4;3;2;6;0;0;1;0;1;0;1;0
206084;11;7;7601238;2018;10;18;6;3;5;3;2;0;1;0;1;0;0;0
206085;11;3;11300617;2018;10;20;2;3;5;3;2;1;1;0;0;0;0;0
206086;11;11;11401136;2018;10;17;2;2;5;3;0;1;1;0;0;0;0;1
206087;11;3;3400724;2018;10;18;6;3;5;3;0;1;1;0;0;0;0;0
206088;11;4;4200311;2018;10;17;2;2;2;2;0;1;1;0;0;0;0;0
206089;11;2;2300315;2018;10;15;4;3;6;4;0;0;0;1;1;0;0;0
206090;11;1;1200521;2018;10;18;6;3;6;4;1;0;1;1;0;0;0;0
206091;11;7;7400720;2018;10;15;2;3;5;2;0;1;1;0;0;0;0;0
206092;11;4;4100102;2018;10;17;6;3;0;2;0;0;1;0;1;0;0;0
206093;11;1;1200623;2018;10;15;4;3;3;6;0;0;1;0;0;0;1;0
206094;11;4;4501043;2018;10;22;2;3;5;2;2;0;1;0;1;0;0;0
206095;11;2;2500833;2018;10;15;4;3;5;2;0;1;1;0;0;0;0;0
206096;11;1;3701556;2018;10;23;6;3;6;4;2;0;1;1;0;0;0;0
206097;11;12;12400617;2018;10;22;4;3;5;3;2;0;1;0;0;0;0;0
206098;11;6;6100102;2018;10;15;2;3;6;4;0;0;1;1;0;0;0;0
206099;11;8;8300934;2018;10;21;4;2;5;3;2;0;1;0;1;0;0;0
206100;11;12;12200414;2018;10;22;6;2;6;4;2;0;1;1;0;0;0;0
206101;11;6;6200312;2018;10;21;6;3;5;3;2;1;1;0;0;0;0;0
206102;11;11;11501339;2018;10;20;4;3;3;6;2;0;1;0;0;1;0;0
206103;11;6;6300527;2018;10;12;4;2;5;3;0;1;1;0;0;0;0;0
206104;11;9;9200510;2018;10;17;6;2;5;2;1;1;1;0;0;0;0;0
206105;11;1;1300733;2018;10;14;2;3;6;7;0;0;1;1;0;0;0;0
206106;11;1;1300733;2018;10;17;6;3;5;7;1;0;0;0;1;0;0;0
206107;11;4;4501042;2018;10;14;2;3;0;4;0;0;0;1;1;0;0;1
206108;11;8;8401245;2018;10;14;4;3;6;4;0;0;1;1;0;0;0;0
206109;11;10;10400941;2018;10;15;6;3;5;3;0;1;1;0;0;0;0;0
206110;11;12;12200414;2018;10;14;2;3;2;6;0;0;1;0;0;0;0;0
206111;11;1;1300834;2018;10;15;6;3;2;6;0;0;1;0;0;0;0;0
206112;11;10;10100210;2018;10;14;4;3;5;3;0;0;0;0;0;0;1;0
206113;11;4;4501042;2018;10;13;2;3;1;5;0;1;1;0;0;0;1;1
206114;11;5;5200629;2018;10;13;4;3;5;3;0;0;1;0;1;0;0;0
206115;11;5;5400943;2018;10;15;6;3;5;7;0;1;1;0;0;0;0;0
206116;11;1;1200626;2018;10;13;2;3;6;3;0;0;1;1;0;0;0;0
206117;11;5;5100317;2018;10;13;4;3;2;6;0;0;1;0;0;1;0;0
206118;11;8;8401245;2018;10;18;6;3;6;4;0;0;1;1;0;0;0;0
206119;11;10;10200423;2018;10;7;2;3;5;3;0;1;1;0;0;0;0;0
206120;11;2;2400521;2018;10;7;6;3;5;3;0;1;0;0;0;0;1;0
206121;11;4;4500937;2018;10;13;4;3;3;6;0;1;1;0;0;0;0;0
206122;11;6;6100206;2018;10;15;6;3;0;2;0;1;1;0;0;0;0;0
206123;11;1;1100207;2018;10;17;2;3;5;2;0;1;0;0;1;0;0;1
206124;11;10;10400940;2018;10;12;4;3;5;3;0;0;1;0;1;0;0;0
206125;11;1;1100309;2018;10;16;6;3;6;4;0;1;0;1;0;0;0;0
206126;11;11;11300721;2018;10;17;2;2;0;3;0;0;1;0;0;0;1;0
206127;11;1;1100102;2018;10;16;6;2;5;3;0;0;1;1;0;0;1;0
206128;11;8;8100520;2018;10;12;4;3;5;3;0;1;0;0;0;0;1;0
206129;11;2;2500833;2018;10;15;6;3;6;4;0;0;1;1;0;0;0;0
206130;11;2;2300315;2018;10;15;2;3;2;6;0;0;1;0;0;0;0;1
206131;11;10;10400940;2018;10;12;4;3;5;3;0;1;1;0;0;0;0;0
206132;11;10;10200423;2018;10;16;6;3;2;6;0;0;1;0;0;0;0;0
206133;11;9;9200715;2018;10;11;4;3;5;3;0;1;1;0;0;0;0;0
206134;11;11;11300721;2018;10;16;2;3;3;6;0;0;1;0;0;0;1;0
206135;11;4;4501148;2018;10;10;4;3;5;3;0;0;1;0;0;0;0;0
206136;11;5;5100316;2018;10;9;6;3;5;2;0;0;1;0;0;0;0;0
206137;11;4;4400832;2018;10;13;2;3;1;5;0;1;1;0;0;0;1;0
206138;11;6;6300632;2018;10;16;6;2;0;1;0;1;0;0;0;0;0;0
206139;11;6;6400839;2018;10;8;2;3;0;3;0;1;0;0;0;0;1;0
206140;11;4;4300620;2018;10;12;6;2;4;7;0;0;1;1;0;0;1;0
206141;11;2;2300314;2018;10;9;4;3;3;6;0;1;1;0;0;0;0;0
206142;11;8;8300934;2018;10;17;6;3;1;5;0;0;1;0;0;0;0;0
206143;11;2;2500727;2018;10;7;2;3;0;7;0;1;0;0;0;0;1;0
206144;11;12;12400619;2018;10;9;4;3;5;3;0;1;1;0;0;0;0;0
206145;11;12;12500929;2018;10;16;6;3;5;3;0;0;1;0;1;0;0;0
206146;11;2;2400521;2018;10;9;4;3;5;2;0;1;0;0;0;0;1;0
206147;11;2;2200208;2018;10;7;2;2;5;2;0;1;1;0;0;0;0;0
206148;11;4;4200206;2018;10;15;4;3;0;2;0;1;1;0;0;0;0;0
206149;11;2;2400623;2018;10;13;6;3;1;5;0;1;1;0;0;0;1;0
206150;11;1;1400938;2018;10;8;2;3;2;6;0;0;1;0;0;0;0;0
206151;11;4;4400727;2018;10;8;2;2;0;2;0;1;1;0;0;0;0;0
206152;11;2;2500835;2018;10;18;4;3;0;6;1;0;1;0;1;0;0;0
206153;11;1;1200628;2018;10;9;2;3;6;4;0;1;0;1;0;0;0;0
206154;11;2;2100106;2018;10;8;4;3;3;6;0;1;1;0;0;0;0;0
206155;11;6;6100205;2018;10;13;6;2;5;3;0;0;1;0;1;0;0;0
206156;11;2;2100102;2018;10;10;2;3;2;6;0;0;1;0;0;0;0;0
206157;11;2;2400623;2018;10;11;2;3;5;3;0;1;1;0;0;0;0;0
206158;11;7;7100102;2018;10;11;6;2;6;4;0;0;1;1;0;0;0;0
206159;11;12;12100103;2018;10;7;2;3;5;2;0;1;0;0;0;0;1;0
206160;11;1;1200517;2018;10;8;4;2;3;6;0;1;0;0;0;0;1;0
206161;11;4;4100101;2018;10;11;6;3;2;6;0;0;1;0;0;0;0;0
206162;11;1;1400940;2018;10;13;2;3;5;3;0;0;1;0;0;0;0;0
206163;11;4;4501045;2018;10;13;6;3;5;3;0;0;1;0;1;0;0;0
206164;11;3;3300517;2018;10;7;4;3;5;2;0;1;1;0;0;0;0;0
206165;11;2;2100104;2018;10;7;2;2;0;7;0;1;0;0;0;0;0;0
206166;11;8;8100415;2018;10;7;4;3;5;3;0;1;1;0;0;0;0;0
206167;11;1;1100102;2018;10;10;6;3;2;6;0;0;1;0;0;0;1;0
206168;11;10;10200629;2018;10;12;4;3;6;7;0;0;1;1;0;0;0;0
206169;11;9;9301025;2018;10;7;2;3;8;1;0;0;1;0;0;0;0;0
206170;11;1;1100101;2018;10;19;4;3;5;2;2;1;0;0;0;0;1;0
206171;11;11;11401136;2018;10;10;6;3;5;2;0;1;1;0;0;0;0;0
206172;11;9;9401329;2018;9;17;1;3;5;3;1;0;1;0;0;0;0;0
206173;11;9;9401534;2018;9;20;1;2;3;6;2;0;1;0;1;0;0;0
206174;11;9;9501939;2018;10;13;6;3;5;2;0;1;1;0;0;0;0;0
206175;11;6;6300527;2018;9;12;1;3;6;4;0;1;0;1;0;0;0;0
206176;11;1;1100206;2018;10;8;3;3;0;2;0;0;0;0;1;0;1;0
206177;11;10;10100311;2018;10;9;6;3;2;1;0;1;1;0;0;0;0;0
206178;11;4;4500936;2018;9;10;1;3;0;7;0;0;0;0;1;0;0;0
206179;11;5;5100316;2018;10;12;6;2;5;2;0;0;1;0;0;0;0;1
206180;11;4;4501040;2018;10;15;3;3;1;5;0;1;1;0;0;0;0;0
206181;11;8;8100208;2018;10;9;6;3;2;2;0;1;1;0;0;0;0;0
206182;11;1;1100308;2018;9;10;1;3;3;2;0;0;1;0;0;0;0;0
206183;11;7;7100102;2018;10;16;3;3;1;5;0;1;1;0;0;0;0;0
206184;11;5;5200420;2018;10;12;6;3;0;7;0;0;1;0;1;0;0;1
206185;11;11;11100308;2018;9;7;1;3;1;5;0;0;1;0;0;1;0;0
206186;11;11;11300721;2018;10;9;6;2;5;3;0;0;1;0;1;0;0;0
206187;11;6;6300527;2018;10;16;3;2;1;5;0;0;1;0;0;0;0;0
206188;11;7;7100103;2018;9;0;1;3;0;1;2;1;1;0;0;0;0;0
206189;11;10;10400837;2018;10;15;3;3;0;2;0;1;1;0;0;0;0;0
206190;11;1;1100308;2018;10;9;6;3;3;2;0;1;1;0;0;0;0;0
206191;11;1;1100416;2018;10;22;3;3;5;2;2;1;1;0;0;0;0;0
206192;11;8;8100206;2018;9;20;1;3;5;3;2;1;1;0;0;0;0;0
206193;11;6;6100210;2018;10;11;3;2;0;7;0;0;1;0;0;0;0;0
206194;11;1;1100206;2018;10;8;6;3;5;3;0;1;1;0;0;0;0;0
206195;11;11;11200514;2018;9;18;1;3;5;7;0;0;1;0;1;0;0;0
206196;11;8;8300934;2018;10;12;6;3;0;6;0;0;1;0;0;0;1;0
206197;11;11;11100204;2018;10;20;3;2;6;4;2;0;1;1;0;0;0;0
206198;11;9;9401329;2018;9;18;1;3;5;2;0;1;1;0;0;0;0;0
206199;11;3;3400828;2018;10;16;5;3;6;7;0;0;1;1;0;0;0;0
206200;11;7;7601544;2018;10;7;2;3;3;6;0;1;1;0;0;0;1;0
206201;11;10;10200629;2018;10;7;2;3;5;2;0;0;1;0;1;0;0;0
206202;11;4;4501148;2018;10;8;5;3;5;2;0;1;1;0;0;0;0;0
206203;11;2;2500835;2018;10;5;2;3;2;6;2;0;1;0;1;0;0;0
206204;11;2;2500832;2018;10;16;5;3;5;2;0;1;1;0;0;0;0;0
206205;11;5;5100317;2018;10;4;2;2;4;6;2;0;1;0;0;1;0;0
206206;11;10;10300734;2018;10;10;3;3;5;3;0;0;1;0;0;1;0;1
206207;11;8;8100310;2018;10;8;5;3;5;7;0;1;1;0;0;0;0;0
206208;11;9;9301025;2018;10;14;2;2;5;3;0;1;1;0;0;0;0;0
206209;11;9;9401432;2018;10;6;3;3;5;3;2;1;1;0;0;0;0;0
206210;11;3;3701554;2018;10;14;2;3;0;1;0;1;0;0;0;0;0;0
206211;11;3;3601243;2018;10;15;5;3;5;3;0;1;1;0;0;0;0;0
206212;11;5;5100316;2018;10;13;2;3;5;3;0;1;1;0;0;0;0;0
206213;11;1;1100308;2018;10;12;3;3;0;1;0;1;0;0;0;0;0;1
206214;11;5;5200423;2018;10;15;5;2;5;7;1;1;1;0;0;0;0;0
206215;11;7;7300619;2018;10;18;2;3;7;7;2;1;0;0;0;0;0;1
206216;11;6;6200317;2018;10;14;5;2;5;3;0;1;1;0;0;0;0;0
206217;11;4;4501040;2018;10;13;2;3;5;3;0;1;0;0;0;0;1;1
206218;11;10;10400835;2018;10;13;2;3;3;6;0;0;1;0;0;0;1;0
206219;11;5;5300841;2018;10;14;5;3;6;2;0;0;1;1;0;0;0;0
206220;11;3;3601244;2018;10;14;2;3;5;3;0;1;1;0;0;0;0;0
206221;11;4;4501042;2018;10;12;2;3;2;6;0;0;1;0;0;0;0;1
206222;11;11;11400929;2018;10;14;5;2;1;5;0;0;1;0;0;0;1;0
206223;11;3;3200308;2018;10;11;2;3;6;7;0;0;1;1;0;0;0;1
206224;11;2;2400625;2018;10;12;2;3;5;3;0;0;1;0;0;0;1;0
206225;11;1;1100205;2018;10;11;2;3;5;2;0;1;1;0;0;0;0;1
206226;11;12;12200412;2018;10;18;5;3;0;1;2;0;0;0;1;0;0;1
206227;11;4;4501044;2018;10;11;2;2;5;2;0;0;1;0;1;0;0;0
206228;11;10;10200629;2018;10;11;2;3;0;1;0;0;0;0;1;0;0;1
206229;11;1;1100207;2018;10;11;2;3;0;6;0;0;1;0;0;0;1;0
206230;11;1;1100416;2018;10;10;5;3;0;1;0;1;0;0;0;0;0;0
206231;11;3;3601245;2018;10;11;2;3;5;7;0;1;1;0;0;0;0;0
206232;11;4;4400725;2018;10;10;2;2;5;3;0;1;1;0;0;0;0;0
206233;11;7;7501031;2018;10;20;5;3;0;1;2;0;0;0;1;0;0;1
206234;11;5;5200629;2018;10;8;5;2;5;3;0;0;1;0;0;0;0;0
206235;11;7;7400927;2018;10;17;2;3;5;3;1;0;1;0;0;0;1;0
206236;11;1;1200517;2018;10;8;5;3;5;3;0;1;0;0;0;0;1;0
206237;11;8;8100312;2018;10;11;2;3;5;3;0;1;1;0;0;0;0;0
206238;11;10;10100311;2018;10;16;2;3;2;6;0;0;1;0;0;0;0;0
206239;11;1;1400937;2018;10;8;5;3;1;5;0;1;1;0;0;0;0;0
206240;11;1;1100310;2018;10;8;2;3;0;1;0;0;0;0;1;0;0;0
206241;11;7;7601546;2018;10;11;2;3;5;3;0;0;1;0;0;0;1;0
206242;11;3;3500936;2018;10;8;5;3;5;3;0;0;1;0;0;0;0;0
206243;11;6;6300629;2018;10;11;2;2;5;2;0;0;1;0;1;0;0;0
206244;11;1;1100205;2018;10;16;2;3;5;3;0;0;1;0;1;0;0;1
206245;11;6;6400841;2018;10;10;2;3;5;2;0;1;1;0;0;0;0;0
206246;11;2;2200211;2018;10;8;5;3;6;7;0;0;1;1;0;0;0;0
206247;11;5;5300736;2018;10;10;2;3;2;6;0;0;1;0;0;0;0;0
206248;11;2;2200211;2018;10;7;5;3;3;6;0;1;1;0;0;0;0;0
206249;11;5;5100316;2018;10;9;2;3;5;3;0;1;1;0;0;0;0;0
206250;11;1;1200627;2018;10;8;2;3;5;1;0;0;1;0;1;0;0;0
206251;11;1;1300834;2018;10;9;2;3;5;2;0;0;1;0;0;0;0;0
206252;11;3;3601243;2018;10;6;5;2;0;3;0;0;1;0;1;0;0;0
206253;11;7;7300619;2018;10;9;2;3;5;3;0;1;0;0;0;0;0;0
206254;11;4;4200308;2018;10;16;2;3;5;2;0;0;1;0;0;0;0;1
206255;11;1;1100311;2018;10;6;5;2;5;3;2;0;1;0;1;0;0;0
206256;11;2;2400625;2018;10;18;5;3;3;6;1;0;0;0;1;1;0;0
206257;11;4;4100102;2018;10;16;2;3;2;6;0;0;1;0;0;0;0;1
206258;11;3;3601140;2018;10;15;5;3;5;2;2;1;1;0;0;0;0;0
206259;11;3;3500936;2018;10;9;2;3;4;2;0;1;1;0;0;0;0;0
206260;11;4;4300623;2018;10;11;5;3;2;3;0;0;1;0;0;0;0;0
206261;11;2;2200209;2018;10;15;2;3;5;3;0;1;1;0;0;0;0;1
206262;11;1;1100311;2018;10;9;2;3;6;4;0;1;0;1;0;0;0;0
206263;11;2;2200210;2018;10;12;4;3;5;2;0;1;1;0;0;0;0;0
206264;11;4;4200310;2018;10;9;2;3;1;5;0;1;1;0;0;0;0;0
206265;11;1;1100308;2018;10;8;2;3;0;3;0;1;1;0;0;0;0;0
206266;11;4;4300622;2018;10;12;2;3;2;6;0;1;1;0;0;0;0;0
206267;11;4;4300624;2018;10;18;4;3;1;5;1;1;1;0;0;0;0;0
206268;11;6;6200315;2018;10;14;2;2;5;3;0;1;0;0;0;0;1;0
206269;11;12;12200515;2018;10;15;2;3;2;6;0;0;1;0;0;0;0;1
206270;11;8;8100521;2018;10;9;4;3;2;2;0;0;1;0;0;0;0;0
206271;11;10;10400938;2018;10;6;2;2;2;6;1;0;1;0;0;0;0;0
206272;11;2;2100101;2018;10;16;1;3;5;2;0;0;1;0;0;0;0;0
206273;11;5;5300841;2018;10;15;2;2;0;6;0;0;1;0;1;0;0;1
206274;11;6;6100207;2018;10;14;2;2;5;3;0;0;1;0;1;0;0;1
206275;11;2;2400623;2018;10;17;4;3;5;3;0;1;0;0;1;0;0;0
206276;11;7;7400928;2018;10;16;4;3;5;2;0;1;1;0;0;0;0;0
206277;11;6;6100206;2018;10;14;2;3;2;6;0;0;1;0;0;0;0;1
206278;11;1;1100416;2018;10;16;4;3;6;4;0;0;1;1;0;0;0;0
206279;11;8;8301036;2018;10;13;1;2;5;2;0;1;1;0;0;0;0;0
206280;11;5;5100316;2018;10;15;2;2;2;6;0;0;1;0;0;0;0;1
206281;11;3;3601449;2018;10;18;4;3;5;3;1;1;1;0;0;0;0;0
206282;11;4;4400834;2018;10;14;2;3;2;6;0;0;1;0;0;0;0;1
206283;11;6;6300631;2018;10;11;1;2;1;7;0;0;1;0;1;0;0;0
206284;11;7;7601544;2018;10;18;4;2;5;2;1;0;1;0;0;0;0;0
206285;11;5;5100316;2018;10;11;1;2;5;2;0;1;1;0;0;0;0;0
206286;11;7;7501031;2018;10;14;2;3;2;6;0;0;0;0;0;1;1;1
206287;11;4;4300621;2018;10;11;1;3;1;5;0;1;1;0;0;0;0;0
206288;11;4;4300621;2018;10;18;4;3;5;2;2;1;1;0;0;0;0;0
206289;11;4;4500938;2018;10;11;1;2;5;2;0;0;1;0;1;0;0;0
206290;11;9;9200818;2018;10;5;2;3;2;6;2;0;1;0;0;0;0;0
206291;11;5;5300841;2018;10;19;4;3;1;5;2;0;1;0;0;1;0;0
206292;11;3;3400620;2018;10;5;2;2;5;2;2;0;1;0;1;0;0;0
206293;11;11;11100308;2018;10;9;1;3;5;3;0;1;1;0;0;0;0;0
206294;11;11;11300722;2018;10;13;2;3;2;6;0;0;1;0;0;1;0;1
206295;11;9;9501939;2018;10;16;4;3;0;6;0;0;0;0;1;0;0;0
206296;11;9;9401534;2018;10;9;1;2;6;4;0;1;0;1;0;0;0;0
206297;11;8;8200831;2018;10;14;2;2;2;6;0;0;1;0;0;0;1;1
206298;11;11;11300724;2018;10;8;1;3;5;3;0;0;1;0;0;0;0;0
206299;11;4;4501043;2018;10;15;4;3;6;4;0;0;1;1;0;0;0;0
206300;11;5;5300736;2018;10;6;1;3;1;1;1;0;1;0;0;0;0;0
206301;11;2;2400520;2018;10;17;2;2;6;4;1;0;1;1;0;0;0;0
206302;11;9;9401329;2018;10;16;4;3;0;1;0;1;0;0;0;0;0;0
206303;11;11;11100102;2018;10;23;1;3;4;6;2;0;0;0;0;0;1;0
206304;11;1;1100206;2018;10;16;2;3;0;1;0;0;0;0;1;0;0;0
206305;11;10;10200524;2018;10;20;1;3;0;6;2;0;1;0;1;0;0;0
206306;11;4;4200309;2018;10;16;4;3;5;3;0;0;1;0;0;0;0;0
206307;11;1;1100206;2018;10;5;1;3;5;3;2;0;1;0;0;0;0;0
206308;11;7;7601544;2018;10;20;2;3;6;4;2;0;0;1;0;0;1;0
206309;11;12;12500825;2018;10;15;4;3;0;1;0;1;0;0;0;0;0;1
206310;11;12;12200310;2018;10;19;1;2;0;7;2;0;1;0;1;0;0;1
206311;11;7;7400824;2018;10;19;2;2;5;2;2;1;0;0;0;0;1;0
206312;11;9;9401329;2018;10;15;4;3;5;3;0;0;1;0;0;0;0;0
206313;11;1;1100308;2018;10;19;2;3;6;2;2;0;1;1;0;0;0;0
206314;11;3;3400619;2018;10;19;1;3;1;5;2;0;1;0;0;0;0;0
206315;11;1;1300732;2018;10;19;2;3;5;7;2;0;1;0;0;0;0;0
206316;11;4;4501040;2018;10;14;4;3;2;6;0;0;1;0;0;0;0;0
206317;11;4;4501042;2018;10;18;1;3;0;7;1;1;0;0;0;0;1;1
206318;11;1;1200517;2018;10;19;2;3;5;3;2;0;1;0;0;0;1;0
206319;11;6;6200315;2018;10;18;1;2;6;4;1;0;1;1;0;0;0;0
206320;11;9;9401534;2018;10;14;4;2;5;2;0;1;1;0;0;0;0;0
206321;11;4;4400727;2018;10;15;1;3;2;2;0;0;1;0;0;0;0;0
206322;11;6;6300633;2018;10;18;2;3;1;5;1;1;1;0;0;0;0;0
206323;11;5;5100210;2018;10;13;4;3;2;7;0;1;1;0;0;0;0;0
206324;11;12;12500929;2018;10;9;4;3;5;2;0;0;1;0;0;0;0;0
206325;11;2;2400624;2018;10;17;2;3;0;1;1;1;0;0;0;0;0;1
206326;11;7;7400826;2018;10;8;4;3;5;2;0;1;1;0;0;0;0;0
206327;11;1;1100308;2018;10;13;1;3;0;7;0;1;1;0;0;0;0;0
206328;11;2;2300315;2018;10;17;2;3;1;5;0;1;0;0;0;0;1;1
206329;11;1;1100308;2018;10;8;4;3;5;7;0;0;1;0;1;0;0;0
206330;11;4;4501150;2018;10;7;4;3;4;6;0;1;0;0;0;0;0;0
206331;11;1;1100102;2018;10;13;4;3;5;3;0;1;0;0;0;0;0;0
206332;11;1;1200517;2018;10;11;1;3;2;6;0;0;1;0;0;0;0;0
206333;11;8;8100521;2018;10;7;4;3;5;3;0;0;1;0;0;0;0;0
206334;11;1;1100416;2018;10;5;1;2;1;1;2;1;1;0;0;0;0;0
206335;11;9;9100101;2018;10;14;7;3;1;5;0;1;1;0;0;0;0;0
206336;11;10;10100311;2018;10;6;4;3;5;3;1;1;1;0;0;0;0;0
206337;11;7;7400721;2018;10;20;7;3;3;6;2;0;1;0;0;0;0;0
206338;11;5;5200528;2018;10;14;1;3;3;6;0;0;1;0;1;0;0;0
206339;11;10;10400837;2018;10;18;7;3;5;3;2;0;1;0;0;0;1;0
206340;11;1;1100308;2018;10;12;4;3;5;2;0;1;1;0;0;0;0;0
206341;11;4;4501042;2018;10;18;7;3;2;7;1;0;1;0;1;0;0;0
206342;11;3;3400831;2018;10;0;1;3;5;2;2;0;1;0;0;0;0;0
206343;11;11;11300722;2018;10;11;4;3;1;5;0;1;1;0;0;0;0;0
206344;11;1;1300836;2018;10;6;4;3;5;2;1;1;1;0;0;0;0;0
206345;11;1;1100310;2018;10;21;1;2;6;4;2;0;1;1;0;0;0;0
206346;11;6;6300634;2018;10;11;4;3;5;2;0;0;1;0;0;0;0;0
206347;11;1;1200628;2018;10;18;7;3;6;7;1;0;1;1;0;0;0;0
206348;11;5;5100315;2018;10;21;1;2;6;4;2;0;1;1;0;0;0;0
206349;11;5;5100103;2018;10;11;4;3;6;4;0;0;1;1;0;0;0;0
206350;11;1;1401043;2018;10;19;1;3;5;3;2;0;1;0;1;0;0;0
206351;11;6;6200421;2018;10;18;7;3;2;6;2;0;1;0;1;0;0;0
206352;11;5;5200528;2018;10;10;4;3;5;2;0;0;1;0;1;0;0;0
206353;11;7;7100102;2018;10;17;7;2;5;2;0;1;0;0;0;0;1;0
206354;11;10;10200627;2018;10;18;1;3;9;1;1;0;0;0;1;0;0;0
206355;11;3;3200308;2018;10;17;7;3;5;2;0;0;1;0;1;0;0;0
206356;11;3;3300516;2018;10;17;1;3;5;3;0;1;1;0;0;0;0;0
206357;11;1;1100207;2018;10;16;7;3;5;2;0;0;1;0;0;0;1;0
206358;11;4;4200308;2018;10;10;4;2;5;2;0;0;1;0;0;0;1;0
206359;11;4;4200308;2018;10;2;7;3;2;6;2;0;1;0;0;0;0;0
206360;11;7;7400822;2018;10;14;1;3;2;2;0;0;1;0;1;0;0;0
206361;11;1;1401046;2018;10;16;7;2;5;2;0;1;1;0;0;0;0;0
206362;11;6;6100101;2018;10;16;7;3;5;2;0;1;1;0;0;0;0;0