OBJECTID;LAND;BEZ;LOR_ab_2021;UJAHR;UMONAT;USTUNDE;UWOCHENTAG;UKATEGORIE;UART;UTYP1;ULICHTVERH;IstRad;IstPKW;IstFuss;IstKrad;IstGkfz;IstSonstige;USTRZUSTAND
206363;11;2;2200210;2018;10;14;1;3;2;7;0;0;1;0;1;0;0;0
206364;11;1;1300732;2018;10;20;4;3;0;2;2;1;1;0;0;0;0;0
206365;11;2;2300417;2018;10;13;1;3;1;5;0;1;1;0;0;0;0;0
206366;11;4;4501042;2018;10;9;4;3;1;5;0;1;0;0;0;1;0;0
206367;11;9;9200510;2018;10;15;7;3;5;7;0;0;1;0;1;0;0;0
206368;11;2;2300316;2018;10;2;1;3;0;1;2;0;0;0;1;0;0;0
206369;11;4;4100101;2018;10;9;4;3;2;6;0;0;1;0;0;0;0;0
206370;11;1;1401043;2018;10;21;7;3;3;6;2;0;1;0;1;0;0;0
206371;11;4;4501153;2018;10;15;7;3;2;6;0;0;1;0;0;0;0;0
206372;11;1;1100206;2018;10;15;4;3;3;2;0;0;1;0;1;0;0;0
206373;11;4;4300414;2018;10;15;7;3;2;6;0;1;0;0;0;0;0;0
206374;11;9;9100409;2018;10;20;7;3;5;3;2;0;1;0;0;0;0;0
206375;11;11;11300721;2018;10;20;4;3;3;6;2;0;1;0;0;0;0;0
206376;11;1;1100101;2018;10;15;7;3;5;3;0;0;1;0;0;0;0;0
206377;11;12;12601236;2018;10;13;7;3;5;2;0;1;1;0;0;0;0;0
206378;11;2;2300419;2018;10;9;4;3;0;7;0;0;1;0;1;0;0;0
206379;11;7;7501029;2018;10;19;7;3;5;7;2;0;1;0;0;0;0;0
206380;11;9;9200716;2018;10;9;4;3;6;7;0;0;1;1;0;0;0;0
206381;11;5;5200524;2018;10;15;7;3;5;3;0;0;1;0;0;0;0;0
206382;11;6;6100102;2018;10;18;7;3;5;3;2;0;1;0;1;0;0;0
206383;11;2;2500830;2018;10;19;4;3;1;5;2;1;1;0;0;0;0;0
206384;11;2;2300314;2018;10;17;7;3;1;5;1;1;1;0;0;0;1;0
206385;11;2;2500832;2018;10;15;7;3;6;7;0;0;1;1;0;0;0;0
206386;11;8;8401242;2018;10;16;7;3;9;1;0;0;1;0;0;0;0;0
206387;11;12;12200515;2018;10;18;3;3;5;3;1;0;1;0;0;0;0;0
206388;11;10;10400835;2018;10;16;7;2;6;7;0;1;0;1;0;0;0;0
206389;11;6;6100103;2018;10;15;7;3;6;7;0;0;1;1;0;0;0;0
206390;11;2;2500835;2018;10;14;7;3;1;5;0;1;1;0;0;0;0;0
206391;11;1;1401045;2018;10;17;3;3;0;1;2;0;0;0;1;0;0;1
206392;11;1;1200522;2018;10;13;7;3;6;2;0;0;1;1;0;0;0;0
206393;11;6;6400736;2018;10;13;7;3;1;1;0;1;1;0;0;0;0;0
206394;11;4;4501152;2018;10;8;3;3;6;4;0;1;0;1;0;0;0;0
206395;11;9;9502043;2018;10;12;7;3;5;2;0;0;1;0;0;0;0;0
206396;11;2;2500726;2018;10;16;3;3;5;2;0;1;1;0;0;0;0;0
206397;11;7;7400823;2018;10;11;7;3;2;6;0;0;1;0;0;0;0;0
206398;11;7;7400822;2018;10;13;7;3;2;6;0;0;1;0;0;0;1;0
206399;11;4;4200310;2018;10;8;3;3;5;7;0;1;1;0;0;0;0;0
206400;11;6;6200422;2018;10;12;7;3;4;6;0;1;0;0;0;0;0;0
206401;11;3;3300412;2018;10;12;7;3;2;2;0;0;1;0;1;0;0;0
206402;11;5;5100317;2018;10;12;7;3;2;6;0;0;1;0;0;0;1;0
206403;11;1;1100310;2018;10;12;7;3;5;3;0;1;0;0;0;0;0;0
206404;11;9;9401635;2018;10;2;7;2;9;1;2;0;1;0;0;0;0;0
206405;11;2;2200210;2018;10;19;3;3;3;5;2;0;1;0;0;0;0;0
206406;11;10;10100311;2018;10;11;7;3;2;6;0;0;1;0;0;0;0;0
206407;11;9;9200510;2018;10;19;7;2;0;1;2;0;0;0;1;0;0;0
206408;11;7;7501134;2018;10;11;7;3;5;3;0;0;1;0;1;0;0;0
206409;11;2;2200208;2018;10;17;3;3;5;2;0;1;1;0;0;0;0;0
206410;11;2;2400521;2018;10;11;7;3;1;5;0;0;1;0;0;0;0;0
206411;11;7;7400826;2018;10;16;6;3;2;6;0;0;1;0;0;0;0;0
206412;11;9;9100409;2018;10;23;3;3;0;1;2;0;0;0;1;0;0;0
206413;11;2;2500833;2018;10;22;3;3;6;4;2;1;0;1;0;0;0;0
206414;11;1;1100309;2018;10;16;6;3;5;3;0;1;0;0;0;0;0;0
206415;11;2;2300315;2018;10;19;3;3;1;5;2;1;1;0;0;0;0;0
206416;11;8;8100419;2018;10;11;7;2;5;3;0;1;1;0;0;0;0;0
206417;11;8;8100314;2018;10;15;6;3;2;2;0;0;1;0;0;0;0;0
206418;11;7;7300517;2018;10;18;3;3;2;6;1;0;1;0;1;0;0;0
206419;11;7;7501029;2018;10;15;6;3;2;6;0;0;1;0;0;0;0;0
206420;11;1;1100102;2018;10;10;7;3;5;3;0;0;1;0;0;0;0;0
206421;11;9;9200510;2018;10;18;3;3;5;3;1;1;1;0;0;0;0;0
206422;11;9;9501838;2018;10;10;7;3;5;7;0;0;1;0;1;0;0;0
206423;11;4;4200203;2018;10;15;6;3;5;3;0;1;1;0;0;0;0;0
206424;11;10;10200421;2018;10;10;7;3;5;2;0;0;1;0;0;0;1;0
206425;11;1;1100310;2018;10;17;3;3;3;6;1;0;1;0;0;0;0;0
206426;11;3;3400725;2018;10;10;7;2;5;3;0;1;1;0;0;0;0;0
206427;11;9;9501737;2018;10;15;6;3;3;6;0;1;0;0;0;0;0;0
206428;11;3;3300411;2018;10;17;3;3;5;3;1;1;1;0;0;0;0;0
206429;11;4;4501041;2018;10;17;3;3;5;3;0;0;1;0;0;0;0;0
206430;11;8;8401242;2018;10;15;6;3;5;3;0;0;1;0;0;0;0;0
206431;11;3;3300517;2018;10;16;3;3;5;2;0;1;1;0;0;0;0;0
206432;11;1;1401048;2018;10;10;7;3;5;3;0;0;1;0;0;0;0;0
206433;11;1;1200626;2018;10;16;3;3;4;6;0;1;0;0;0;0;0;0
206434;11;3;3400619;2018;10;9;7;3;5;2;0;1;1;0;0;0;0;0
206435;11;8;8100311;2018;10;22;6;3;0;3;2;0;1;0;0;0;1;0
206436;11;3;3400618;2018;10;16;3;3;2;6;0;0;1;0;0;0;0;0
206437;11;9;9100408;2018;10;15;3;3;5;2;0;1;1;0;0;0;0;0
206438;11;5;5200526;2018;10;15;3;3;5;2;0;1;1;0;0;0;0;0
206439;11;8;8200726;2018;10;9;7;3;5;2;0;1;1;0;0;0;0;0
206440;11;6;6300524;2018;10;15;3;3;2;7;0;0;1;0;0;0;1;1
206441;11;8;8100521;2018;10;20;6;3;6;2;2;0;1;1;0;0;0;0
206442;11;11;11400929;2018;10;7;7;2;8;1;2;0;1;0;0;0;0;0
206443;11;7;7400720;2018;10;8;3;3;5;3;0;1;1;0;0;0;0;0
206444;11;2;2500835;2018;10;2;7;3;5;2;2;0;1;0;0;0;0;0
206445;11;1;1100415;2018;10;20;6;3;0;6;2;1;1;0;0;0;0;0
206446;11;1;1300731;2018;10;14;7;2;6;4;0;0;1;1;0;0;0;0
206447;11;1;1300836;2018;10;8;3;3;2;6;0;1;1;0;0;0;0;0
206448;11;7;7100205;2018;10;14;6;3;6;2;0;0;1;1;0;0;0;0
206449;11;11;11100204;2018;10;18;6;3;5;3;1;1;1;0;0;0;0;0
206450;11;2;2500832;2018;10;8;3;3;5;2;0;1;1;0;0;0;0;0
206451;11;2;2200208;2018;10;15;6;3;5;3;0;1;1;0;0;0;0;0
206452;11;6;6300634;2018;10;14;6;2;6;4;0;0;1;1;0;0;0;0
206453;11;4;4501041;2018;10;17;6;3;1;5;1;1;0;0;0;0;1;0
206454;11;1;1100207;2018;10;8;3;3;3;6;0;1;0;0;0;0;0;0
206455;11;9;9501939;2018;10;15;6;3;6;7;0;0;0;1;0;0;1;0
206456;11;5;5300840;2018;10;14;6;2;3;6;0;1;1;0;0;0;0;0
206457;11;4;4300620;2018;10;14;6;3;5;2;0;0;1;0;1;0;0;0
206458;11;1;1400937;2018;10;7;3;3;4;6;0;1;0;0;0;0;0;0
206459;11;4;4300413;2018;10;14;6;3;6;4;0;0;1;1;0;0;0;0
206460;11;4;4200309;2018;10;13;6;3;2;6;0;0;1;0;0;0;0;0
206461;11;3;3601449;2018;10;7;3;2;5;2;0;1;1;0;0;0;0;0
206462;11;4;4100101;2018;10;13;6;3;5;3;0;0;1;0;0;0;0;0
206463;11;1;1100311;2018;10;18;6;3;5;2;1;1;1;0;0;0;0;0
206464;11;9;9401534;2018;10;13;6;3;5;3;0;1;1;0;0;0;0;0
206465;11;4;4400726;2018;10;16;3;3;2;6;0;0;1;0;0;0;0;0
206466;11;4;4400834;2018;10;13;6;3;0;1;0;1;0;0;0;0;0;0
206467;11;7;7300619;2018;10;14;6;3;0;4;0;0;0;1;0;0;1;0
206468;11;3;3200206;2018;10;6;3;3;2;6;1;0;1;0;0;0;0;0
206469;11;2;2400522;2018;10;18;6;3;1;5;1;1;1;0;0;0;0;0
206470;11;4;4500939;2018;10;12;6;3;5;3;0;0;1;0;1;0;0;0
206471;11;4;4200310;2018;10;13;6;3;2;6;0;0;1;0;1;0;0;0
206472;11;5;5100210;2018;10;16;3;3;2;6;0;0;1;0;1;0;0;0
206473;11;11;11501238;2018;10;12;6;3;6;7;0;0;1;1;0;0;0;0
206474;11;7;7601340;2018;10;13;6;2;0;6;0;0;1;0;1;0;0;0
206475;11;2;2100102;2018;10;12;6;3;2;6;0;0;0;0;1;0;1;0
206476;11;2;2200211;2018;10;16;3;3;5;2;0;1;1;0;0;0;0;0
206477;11;1;1400937;2018;10;11;6;3;2;6;0;0;1;0;0;0;0;0
206478;11;4;4300416;2018;10;17;6;3;2;6;1;0;1;0;0;0;0;0
206479;11;5;5100314;2018;10;6;3;3;5;3;2;1;0;0;0;0;1;0
206480;11;1;1200623;2018;10;12;6;3;5;3;0;1;1;0;0;0;0;0
206481;11;1;1200517;2018;10;6;3;3;2;6;2;0;1;0;1;0;0;0
206482;11;11;11100309;2018;10;11;6;3;2;6;0;0;1;0;0;0;0;0
206483;11;3;3200310;2018;10;17;6;3;2;6;0;0;1;0;0;0;0;0
206484;11;6;6200314;2018;10;15;3;3;3;5;0;1;1;0;0;0;0;0
206485;11;1;1100310;2018;10;11;6;3;1;5;0;1;1;0;0;0;0;0
206486;11;3;3601346;2018;10;12;6;3;0;4;0;0;0;1;1;0;0;0
206487;11;4;4300622;2018;10;15;3;3;5;2;0;1;0;0;0;0;1;0
206488;11;1;1100310;2018;10;17;6;3;2;6;1;1;1;0;0;0;0;0
206489;11;11;11200411;2018;10;10;6;2;6;4;0;0;1;1;0;0;0;0
206490;11;1;1100416;2018;10;23;6;2;0;1;2;1;0;0;0;0;0;0
206491;11;2;2500834;2018;10;15;3;3;5;3;0;1;1;0;0;0;0;0
206492;11;4;4300623;2018;10;10;6;3;2;7;0;1;1;0;0;0;0;0
206493;11;1;1100312;2018;10;7;6;3;2;6;0;0;1;0;1;0;0;0
206494;11;11;11401137;2018;10;10;6;3;5;3;0;1;1;0;0;0;0;0
206495;11;3;3400620;2018;10;15;3;3;1;5;0;1;1;0;0;0;0;0
206496;11;4;4501042;2018;10;9;6;3;6;2;0;0;1;1;0;0;0;0
206497;11;2;2200210;2018;10;8;6;3;5;3;0;0;1;0;1;0;0;1
206498;11;3;3400725;2018;10;15;3;3;5;3;0;1;1;0;0;0;0;0
206499;11;6;6300524;2018;10;15;3;3;5;3;0;0;1;0;1;0;0;1
206500;11;2;2200208;2018;10;8;6;3;5;2;0;1;1;0;0;0;0;0
206501;11;6;6100209;2018;10;14;3;3;5;3;0;1;0;0;0;0;0;0
206502;11;7;7601544;2018;10;9;6;2;6;4;0;0;1;1;0;0;0;0
206503;11;2;2300316;2018;10;9;6;3;6;4;0;0;0;1;0;0;1;0
206504;11;8;8200725;2018;10;15;3;3;2;2;0;0;1;0;0;0;0;0
206505;11;4;4500936;2018;10;10;6;2;2;6;0;0;1;0;0;0;0;0
206506;11;2;2400625;2018;10;8;6;3;5;2;0;1;0;0;0;0;1;0
206507;11;12;12100204;2018;10;13;3;3;5;3;0;0;1;0;1;0;0;0
206508;11;1;1100205;2018;10;17;6;3;3;6;1;1;0;0;0;0;0;0
206509;11;8;8401243;2018;10;13;3;2;5;3;0;0;1;0;0;1;0;0
206510;11;3;3200207;2018;10;10;6;3;6;4;0;0;1;1;0;0;0;0
206511;11;3;3400723;2018;10;8;6;3;5;7;0;0;1;0;1;0;0;0
206512;11;5;5300736;2018;10;12;3;3;2;6;0;0;1;0;0;1;0;0
206513;11;12;12601236;2018;10;7;6;3;5;2;0;0;1;0;0;0;0;0
206514;11;6;6200317;2018;10;10;6;3;5;3;0;0;1;0;0;0;0;0
206515;11;3;3601142;2018;10;22;6;3;5;3;2;1;1;0;0;0;0;0
206516;11;6;6200314;2018;10;11;3;3;2;6;0;0;1;0;0;0;1;0
206517;11;3;3500932;2018;10;22;6;3;5;3;2;0;1;0;1;0;0;0
206518;11;1;1100416;2018;10;11;6;2;5;3;0;1;1;0;0;0;0;0
206519;11;8;8401242;2018;10;10;3;3;5;3;0;0;0;0;1;0;1;0
206520;11;4;4501146;2018;10;10;3;3;5;2;0;1;1;0;0;0;0;0
206521;11;1;1401045;2018;10;11;6;3;2;6;0;0;1;0;0;0;0;0
206522;11;8;8100209;2018;10;9;3;3;5;3;0;1;1;0;0;0;0;0
206523;11;3;3400828;2018;10;21;6;3;5;3;2;1;1;0;0;0;0;0
206524;11;8;8100312;2018;10;11;6;3;0;4;0;0;0;1;0;0;1;0
206525;11;2;2100104;2018;10;9;3;3;5;2;0;1;1;0;0;0;0;0
206526;11;2;2200211;2018;10;11;6;3;5;2;0;1;0;0;0;0;1;0
206527;11;12;12100102;2018;10;20;6;2;2;6;2;1;1;0;0;0;0;0
206528;11;6;6300634;2018;10;9;3;3;5;3;0;1;1;0;0;0;0;0
206529;11;8;8100312;2018;10;20;6;3;1;5;2;1;1;0;0;0;0;0
206530;11;1;1100206;2018;10;7;6;3;2;2;0;0;1;0;0;0;0;0
206531;11;11;11300620;2018;10;7;6;3;5;3;0;0;1;0;0;0;0;0
206532;11;9;9501737;2018;10;8;3;3;0;7;0;0;1;0;0;0;0;0
206533;11;12;12100205;2018;10;7;6;2;0;2;0;1;1;0;0;0;0;0
206534;11;1;1200517;2018;10;7;6;3;5;2;0;1;1;0;0;0;0;0
206535;11;10;10100311;2018;10;6;6;2;6;4;1;0;0;1;0;0;1;0
206536;11;1;1100313;2018;10;7;6;3;5;2;0;1;1;0;0;0;0;0
206537;11;1;1100311;2018;10;15;6;3;5;2;0;1;1;0;0;0;0;0
206538;11;11;11501238;2018;10;6;6;3;6;4;2;0;0;1;0;1;0;0
206539;11;4;4501042;2018;10;9;3;3;6;7;0;0;1;1;0;0;0;0
206540;11;12;12200515;2018;10;6;6;2;0;3;2;0;1;0;1;0;0;0
206541;11;3;3300516;2018;10;8;3;3;5;3;0;0;1;0;1;0;0;0
206542;11;12;12400721;2018;10;16;6;2;5;3;0;0;1;0;1;0;0;0
206543;11;3;3500934;2018;10;6;6;3;5;3;2;0;1;0;0;0;1;0
206544;11;2;2300315;2018;10;13;3;3;0;3;0;0;1;0;1;0;0;0
206545;11;1;1100309;2018;10;3;6;3;0;1;2;1;0;0;0;0;0;0
206546;11;8;8100209;2018;10;6;6;3;2;1;1;0;1;0;1;0;0;0
206547;11;7;7601339;2018;10;8;3;3;6;2;0;0;1;1;0;0;0;0
206548;11;4;4200309;2018;10;16;6;3;2;6;0;0;1;0;0;0;0;0
206549;11;1;1300834;2018;10;0;6;3;5;3;2;0;1;0;0;0;0;0
206550;11;4;4501044;2018;10;11;2;3;5;2;0;1;1;0;0;0;0;0
206551;11;2;2300314;2018;10;17;6;3;5;3;0;1;0;0;0;0;1;0
206552;11;12;12200310;2018;10;10;6;3;5;2;0;0;1;0;0;0;1;0
206553;11;3;3400829;2018;10;18;2;3;5;3;0;1;1;0;0;0;0;0
206554;11;7;7300517;2018;10;15;5;3;5;2;0;1;1;0;0;0;0;0
206555;11;1;1400938;2018;10;17;6;3;5;2;0;0;1;0;0;0;0;0
206556;11;1;1401048;2018;10;10;5;3;7;7;0;1;0;0;0;0;0;0
206557;11;7;7601236;2018;10;17;2;3;5;2;0;0;1;0;1;0;0;0
206558;11;12;12400618;2018;10;19;6;3;5;2;2;0;1;0;1;0;0;0
206559;11;12;12100205;2018;10;7;5;1;5;7;1;0;1;0;1;0;0;0
206560;11;4;4300414;2018;10;17;2;3;5;2;0;1;1;0;0;0;0;0
206561;11;11;11200513;2018;10;14;5;3;5;3;0;1;1;0;0;0;0;0
206562;11;11;11300721;2018;10;19;6;3;2;6;2;0;1;0;0;0;0;0
206563;11;4;4300517;2018;10;14;5;3;2;6;0;0;1;0;0;0;0;0
206564;11;3;3601245;2018;10;16;2;3;5;2;0;0;1;0;0;0;1;0
206565;11;1;1100206;2018;10;19;6;3;6;4;2;1;0;1;0;0;0;0
206566;11;4;4200205;2018;10;14;5;3;5;7;0;0;1;0;0;0;1;0
206567;11;4;4200311;2018;10;19;6;3;5;2;2;1;1;0;0;0;0;0
206568;11;4;4501146;2018;10;17;2;2;5;7;0;0;1;0;1;0;0;0
206569;11;1;1100104;2018;10;20;6;3;1;5;2;1;1;0;0;0;0;0
206570;11;1;1100310;2018;10;14;5;3;6;7;0;1;0;1;0;0;0;0
206571;11;11;11200514;2018;10;17;2;3;5;3;0;1;0;0;0;0;0;0
206572;11;10;10400837;2018;10;12;5;3;2;6;0;0;1;0;1;0;0;0
206573;11;5;5300838;2018;10;16;2;3;5;2;0;0;1;0;1;0;0;0
206574;11;5;5200527;2018;10;11;5;3;6;2;0;0;1;1;0;0;0;0
206575;11;7;7501135;2018;10;18;6;3;1;7;0;0;1;0;0;0;0;0
206576;11;3;3300516;2018;10;11;5;3;5;3;0;1;0;0;0;0;1;0
206577;11;3;3601244;2018;10;16;2;3;5;3;0;1;1;0;0;0;0;0
206578;11;6;6200420;2018;10;2;6;3;8;1;2;0;1;0;0;0;0;0
206579;11;11;11300722;2018;10;11;5;3;5;3;0;0;1;1;0;0;0;0
206580;11;2;2200210;2018;10;15;6;3;5;3;0;0;1;0;1;0;0;0
206581;11;11;11200411;2018;10;15;2;3;5;3;0;1;1;0;0;0;0;0
206582;11;4;4300620;2018;10;15;6;3;6;4;0;0;0;1;0;0;1;0
206583;11;7;7501031;2018;10;10;5;3;5;7;0;0;1;0;1;0;0;0
206584;11;8;8100418;2018;10;16;2;3;6;4;0;0;1;1;0;0;0;0
206585;11;4;4300518;2018;10;15;2;3;1;5;0;0;1;0;1;0;0;0
206586;11;5;5200629;2018;10;15;6;3;2;6;0;0;1;0;0;0;1;0
206587;11;1;1100309;2018;10;15;2;3;2;2;0;0;1;0;0;0;0;0
206588;11;12;12500930;2018;10;15;6;3;2;6;0;0;1;0;0;0;0;0
206589;11;4;4200311;2018;10;21;5;2;5;3;2;0;1;0;0;0;0;1
206590;11;12;12400720;2018;10;15;2;3;5;3;0;1;1;0;0;0;0;0
206591;11;1;1100416;2018;10;15;2;3;2;6;0;0;1;0;0;0;0;0
206592;11;1;1100207;2018;10;19;5;3;2;6;2;1;0;0;0;0;0;0
206593;11;2;2400522;2018;10;15;2;3;5;3;0;1;1;0;0;0;0;0
206594;11;1;1300733;2018;10;15;6;3;2;6;0;1;1;0;0;0;0;0
206595;11;5;5300737;2018;10;9;5;3;5;2;0;1;1;0;0;0;0;0
206596;11;2;2500834;2018;10;22;2;3;6;4;2;0;0;1;1;0;0;0
206597;11;4;4300414;2018;10;19;5;3;0;3;2;1;1;0;0;0;0;1
206598;11;11;11300620;2018;10;15;6;3;2;6;0;0;1;0;0;0;0;0
206599;11;9;9100407;2018;10;21;2;2;5;7;2;0;1;0;1;0;0;0
206600;11;1;1100103;2018;10;14;6;3;5;2;0;1;0;0;0;1;0;0
206601;11;11;11401136;2018;10;19;5;3;0;6;1;0;1;0;1;0;0;1
206602;11;9;9100409;2018;10;15;5;3;0;3;0;0;1;0;1;0;0;0
206603;11;1;1100104;2018;10;16;2;3;5;3;0;1;1;0;0;0;0;0
206604;11;3;3601141;2018;10;17;5;3;5;2;0;1;1;0;0;0;0;0
206605;11;2;11501238;2018;10;17;5;3;5;3;1;1;1;0;0;0;0;0
206606;11;2;2100101;2018;10;20;2;3;2;6;2;0;1;0;0;0;0;0
206607;11;7;7400823;2018;10;18;2;3;5;3;1;0;1;0;1;0;0;0
206608;11;4;4300623;2018;10;9;5;2;6;7;0;0;1;1;0;0;0;0
206609;11;12;12100103;2018;10;18;2;3;5;2;1;0;1;0;0;0;1;0
206610;11;6;6200313;2018;10;8;5;3;5;2;0;1;0;0;0;0;1;0
206611;11;1;1100308;2018;10;17;5;3;5;2;0;1;1;0;0;0;0;0
206612;11;7;7300517;2018;10;19;2;2;5;2;2;0;1;0;1;0;0;0
206613;11;2;2200207;2018;10;16;5;3;1;5;0;1;1;0;0;0;0;0
206614;11;5;5100210;2018;10;21;5;2;1;7;2;1;1;0;0;0;0;0
206615;11;9;9200819;2018;10;16;5;3;5;2;0;1;1;0;0;0;0;0
206616;11;2;2100106;2018;10;16;2;2;6;4;0;1;0;1;0;0;0;0
206617;11;12;12200414;2018;10;21;5;3;3;6;2;0;1;0;0;0;1;0
206618;11;8;8100521;2018;10;16;5;3;5;3;0;0;1;0;0;0;0;0
206619;11;2;2200208;2018;10;17;2;2;6;4;1;0;1;1;0;0;0;0
206620;11;7;7200307;2018;10;9;5;2;5;2;0;0;1;0;0;0;1;0
206621;11;3;3300411;2018;10;20;5;3;5;2;2;1;1;0;0;0;0;0
206622;11;10;10400837;2018;10;15;2;3;5;3;0;1;1;0;0;0;0;0
206623;11;2;2100101;2018;10;19;5;3;6;4;2;0;1;1;0;0;0;0
206624;11;11;11501341;2018;10;16;5;3;5;3;0;1;1;0;0;0;0;0
206625;11;8;8200833;2018;10;19;5;3;4;6;2;0;1;0;0;0;1;0
206626;11;6;6100205;2018;10;8;2;2;6;4;0;0;1;1;0;0;0;0
206627;11;12;12200515;2018;10;19;5;3;6;7;2;0;1;1;0;0;0;0
206628;11;6;6200312;2018;10;16;5;3;2;6;0;0;1;0;0;0;0;0
206629;11;7;7200307;2018;10;10;2;3;5;3;0;1;1;0;0;0;0;0
206630;11;1;1100102;2018;10;8;5;3;5;3;0;0;1;0;0;0;0;0
206631;11;1;1400937;2018;10;18;5;3;2;6;0;0;1;0;0;0;0;0
206632;11;1;1400938;2018;11;14;5;3;2;2;0;0;1;0;0;0;0;0
206633;11;7;7400927;2018;10;5;1;3;9;1;2;0;1;0;0;0;0;0
206634;11;1;1300836;2018;11;13;5;3;1;5;0;1;1;0;0;0;0;0
206635;11;3;3601140;2018;10;1;1;2;9;1;2;0;1;0;0;0;0;0
206636;11;3;3701554;2018;11;11;5;3;5;3;0;0;1;0;1;0;0;0
206637;11;12;12200309;2018;10;20;7;3;5;2;1;0;1;0;0;0;0;0
206638;11;10;10400940;2018;10;8;7;3;5;3;0;1;1;0;0;0;0;0
206639;11;7;7400927;2018;11;11;5;3;0;3;0;0;1;0;1;0;0;0
206640;11;3;3400620;2018;10;14;7;3;5;3;0;0;1;0;0;0;0;0
206641;11;1;1300733;2018;11;10;5;2;6;4;0;0;0;1;0;0;1;0
206642;11;12;12400721;2018;10;1;7;2;9;1;2;0;1;0;0;0;0;1
206643;11;8;8100313;2018;11;10;5;2;6;4;0;0;1;1;0;0;0;0
206644;11;8;8100314;2018;10;14;7;3;1;5;0;1;1;0;0;0;0;0
206645;11;4;4400729;2018;11;9;5;2;6;4;0;0;1;1;0;0;0;0
206646;11;2;2500726;2018;10;13;7;3;5;3;0;0;1;0;1;0;0;0
206647;11;9;9200715;2018;11;9;5;2;3;6;0;0;1;0;0;1;1;0
206648;11;12;12200310;2018;10;12;7;2;5;2;0;0;1;0;1;0;0;0
206649;11;4;4400833;2018;11;9;5;2;1;5;0;1;1;0;0;0;0;0
206650;11;10;10400940;2018;10;11;7;2;1;5;0;1;1;0;0;0;0;0
206651;11;12;12200515;2018;10;8;7;3;5;3;0;0;1;0;0;0;0;0
206652;11;1;1100309;2018;11;9;5;3;5;2;0;1;1;0;0;0;0;0
206653;11;10;10300734;2018;10;15;7;3;2;1;0;0;1;0;0;0;0;0
206654;11;6;6400844;2018;11;9;5;3;2;6;0;0;1;0;0;0;0;0
206655;11;2;2100102;2018;10;15;7;3;2;6;0;0;1;0;0;0;1;0
206656;11;1;1100207;2018;11;8;5;3;3;6;0;1;1;0;0;0;0;0
206657;11;4;4300416;2018;11;8;5;3;1;5;0;1;0;0;0;1;0;0
206658;11;5;5300737;2018;10;15;7;3;0;1;0;0;0;0;1;0;0;0
206659;11;12;12400722;2018;11;0;5;3;8;1;2;0;0;0;1;0;0;0
206660;11;7;7100102;2018;10;0;7;3;2;6;2;0;1;0;1;0;0;0
206661;11;10;10200629;2018;10;15;4;3;5;2;0;0;1;0;0;0;0;0
206662;11;1;1100310;2018;10;23;6;2;5;2;2;0;1;0;0;0;0;0
206663;11;4;4501045;2018;10;17;4;3;6;4;1;1;0;1;0;0;0;0
206664;11;5;5100316;2018;10;18;6;2;5;2;2;0;0;0;1;0;0;0
206665;11;1;1100308;2018;11;10;3;3;6;2;0;0;1;1;0;0;0;0
206666;11;1;1100310;2018;10;16;4;3;5;3;1;1;0;0;0;0;0;0
206667;11;1;1200521;2018;11;11;3;3;1;1;0;0;1;0;0;0;0;0
206668;11;1;1100308;2018;10;19;4;3;1;5;2;1;1;0;0;0;1;0
206669;11;11;11300618;2018;11;12;3;3;2;6;0;0;1;0;0;0;0;0
206670;11;11;11100204;2018;10;18;6;3;6;2;1;0;1;1;0;0;0;0
206671;11;1;1100310;2018;11;12;3;3;5;2;0;1;0;0;0;0;1;0
206672;11;7;7601340;2018;10;18;4;3;6;4;2;0;0;1;1;0;0;0
206673;11;6;6300633;2018;11;7;3;3;1;5;0;1;1;0;0;0;0;0
206674;11;1;1100309;2018;10;17;6;3;0;3;1;1;1;0;0;0;0;0
206675;11;12;12200309;2018;10;18;4;3;1;7;2;0;1;0;0;0;0;0
206676;11;1;1100205;2018;10;16;4;3;0;1;1;1;0;0;0;0;0;0
206677;11;6;6400844;2018;10;16;6;3;3;6;1;0;1;0;0;0;0;0
206678;11;5;5100210;2018;10;16;4;3;5;3;0;0;1;0;0;0;1;0
206679;11;9;9501737;2018;11;8;3;3;5;2;0;1;0;0;0;0;1;0
206680;11;3;3501038;2018;10;15;4;3;5;3;1;0;1;0;0;0;1;0
206681;11;11;11300721;2018;10;15;6;3;3;6;0;0;1;0;0;0;0;0
206682;11;4;4300619;2018;11;13;3;3;0;1;0;0;0;0;1;0;0;0
206683;11;11;11501238;2018;10;15;4;3;5;2;0;0;1;0;0;0;1;0
206684;11;4;4400831;2018;11;17;3;3;5;3;2;1;1;0;0;0;0;0
206685;11;4;4300624;2018;10;15;6;3;2;6;0;0;1;0;0;0;0;0
206686;11;1;1401047;2018;11;10;3;2;5;2;0;1;0;0;0;1;0;0