OBJECTID;LAND;BEZ;LOR_ab_2021;UJAHR;UMONAT;USTUNDE;UWOCHENTAG;UKATEGORIE;UART;UTYP1;ULICHTVERH;IstRad;IstPKW;IstFuss;IstKrad;IstGkfz;IstSonstige;USTRZUSTAND
206687;11;11;11200411;2018;10;15;4;3;0;1;0;1;0;0;0;0;0;0
206688;11;4;4400727;2018;11;17;3;2;5;2;2;1;1;0;0;0;0;0
206689;11;12;12100103;2018;10;14;6;3;5;2;0;1;1;0;0;0;0;1
206690;11;12;12500825;2018;10;14;4;3;2;6;0;0;1;0;0;0;0;0
206691;11;2;7100206;2018;10;12;6;2;5;3;0;1;1;0;0;0;0;1
206692;11;3;3601243;2018;11;9;3;3;6;4;0;0;1;1;0;0;0;0
206693;11;6;6400844;2018;10;10;6;2;6;2;0;0;1;1;0;0;0;0
206694;11;10;10400837;2018;10;10;6;3;5;3;0;0;1;0;0;0;0;0
206695;11;5;5100209;2018;10;14;4;3;5;2;0;0;1;0;0;0;0;0
206696;11;7;7300618;2018;10;14;4;3;6;4;0;0;1;1;0;0;0;0
206697;11;1;1100101;2018;10;8;6;3;5;2;0;1;1;0;0;0;1;0
206698;11;8;8401139;2018;10;14;4;3;5;2;0;1;1;0;0;0;0;0
206699;11;1;1100310;2018;11;9;3;3;1;5;0;1;1;0;0;0;1;0
206700;11;6;6200313;2018;10;7;6;3;1;5;0;1;1;0;0;0;0;0
206701;11;7;7300619;2018;10;12;4;3;2;6;0;0;1;0;0;0;0;0
206702;11;4;4200308;2018;10;6;6;3;5;3;2;1;1;0;0;0;0;0
206703;11;7;7400823;2018;11;17;3;3;5;3;2;0;0;0;1;0;1;0
206704;11;1;1200628;2018;10;12;4;2;5;2;0;1;1;0;0;0;0;0
206705;11;2;2200210;2018;11;9;3;3;5;3;0;1;1;0;0;0;0;0
206706;11;6;6400841;2018;10;19;5;3;6;7;2;0;1;1;0;0;0;1
206707;11;1;1300733;2018;11;15;3;3;5;3;0;1;1;0;0;0;0;0
206708;11;3;3200205;2018;10;11;4;3;1;5;0;0;1;0;0;0;0;0
206709;11;1;1100312;2018;11;8;3;3;5;2;0;0;1;0;1;0;1;0
206710;11;6;6300632;2018;10;13;5;3;5;2;0;1;1;0;0;0;0;1
206711;11;10;10100311;2018;10;11;4;3;3;6;0;0;1;0;0;1;0;0
206712;11;7;7100102;2018;10;0;5;3;6;2;2;0;1;1;0;0;0;0
206713;11;9;9200512;2018;11;15;3;3;3;6;0;1;0;0;0;0;0;0
206714;11;2;2200213;2018;10;19;5;3;0;2;2;0;1;0;0;0;1;0
206715;11;4;4100101;2018;10;17;4;2;8;1;2;0;1;0;0;0;0;0
206716;11;7;7601236;2018;11;8;3;2;5;3;0;0;1;0;1;0;0;0
206717;11;5;5200528;2018;10;19;5;3;0;6;2;0;1;0;0;0;0;0
206718;11;7;7200308;2018;11;0;3;2;5;3;2;0;1;0;0;0;0;0
206719;11;9;9200715;2018;10;18;4;3;2;6;2;0;1;0;0;0;0;0
206720;11;6;6200312;2018;11;15;3;3;6;4;0;0;1;1;0;0;0;0
206721;11;5;5100317;2018;10;17;5;3;5;2;1;1;1;0;0;0;0;1
206722;11;2;2200208;2018;10;17;4;3;5;3;2;1;1;0;0;0;0;0
206723;11;5;5100316;2018;11;15;3;3;0;2;0;0;1;0;1;0;0;0
206724;11;9;9100101;2018;10;16;5;3;5;3;0;1;1;0;0;0;0;1
206725;11;8;8200726;2018;11;8;3;3;2;6;0;0;1;0;0;0;0;0
206726;11;1;1200517;2018;10;16;4;3;5;7;0;0;1;0;1;0;0;0
206727;11;6;6300528;2018;11;8;3;3;5;3;0;0;1;0;0;0;0;0
206728;11;4;4501153;2018;10;15;5;3;3;6;0;1;1;0;0;0;0;1
206729;11;12;12500930;2018;10;11;4;3;6;4;0;0;0;1;0;1;0;0
206730;11;5;5200423;2018;11;7;3;3;2;2;0;0;1;0;0;0;0;0
206731;11;12;12400618;2018;10;15;5;2;5;2;0;1;1;0;0;0;0;0
206732;11;11;11400931;2018;10;9;4;3;2;6;0;0;1;0;0;0;0;0
206733;11;1;1300834;2018;10;15;5;3;5;7;0;0;1;0;0;0;0;0
206734;11;9;9300922;2018;11;7;3;3;6;4;0;0;1;1;0;0;0;0
206735;11;12;12400616;2018;10;15;5;3;5;3;0;0;1;0;0;0;0;1
206736;11;5;5300737;2018;10;9;4;3;0;6;0;0;1;0;1;0;0;0
206737;11;8;8100102;2018;11;7;3;3;5;3;0;1;1;0;0;0;0;0
206738;11;7;7400823;2018;10;14;5;3;5;3;0;0;1;0;0;0;0;1
206739;11;10;10300733;2018;11;7;3;2;5;3;0;1;1;0;0;0;0;0
206740;11;1;1200624;2018;10;14;4;3;6;7;0;1;0;1;0;0;0;0
206741;11;11;11100101;2018;11;6;3;3;2;6;1;1;1;0;0;0;0;0
206742;11;7;7100102;2018;10;14;5;3;5;3;0;1;1;0;0;0;0;1
206743;11;1;1100206;2018;10;7;4;2;0;2;0;1;1;0;0;0;0;0
206744;11;11;11300724;2018;10;7;4;3;5;2;0;1;1;0;0;0;0;0
206745;11;12;12200414;2018;10;14;5;3;2;6;0;0;1;0;0;0;0;1
206746;11;7;7501031;2018;10;6;4;3;5;3;0;1;1;0;0;0;0;0
206747;11;10;10300731;2018;11;14;3;3;0;7;0;0;0;0;0;0;1;0
206748;11;1;1401048;2018;10;14;5;3;3;6;0;0;1;0;0;0;0;1
206749;11;4;4501042;2018;10;19;4;3;1;6;2;1;1;0;0;0;0;0
206750;11;8;8100313;2018;10;9;4;3;0;3;0;0;0;0;1;0;1;0
206751;11;5;5100312;2018;10;2;4;3;1;5;2;0;1;0;0;0;1;0
206752;11;1;1200520;2018;10;13;5;3;5;2;0;0;1;0;0;0;0;1
206753;11;9;9200512;2018;10;18;3;3;5;2;2;0;1;0;0;0;1;1
206754;11;11;11300826;2018;10;13;5;3;5;3;0;0;1;0;0;0;1;0
206755;11;6;6400844;2018;11;14;3;3;1;5;0;1;0;0;0;0;1;0
206756;11;8;8100207;2018;10;17;3;2;5;3;1;0;1;0;0;1;0;1
206757;11;1;1100416;2018;11;17;3;3;2;6;2;0;1;0;0;0;1;0
206758;11;3;3701554;2018;10;13;5;3;1;1;0;1;1;0;0;0;0;1
206759;11;7;7601236;2018;11;6;2;3;5;3;2;1;1;0;0;0;0;0
206760;11;8;8401139;2018;10;16;3;3;5;3;0;0;1;0;0;0;0;1
206761;11;2;2300314;2018;11;23;2;3;1;5;2;1;1;0;0;0;0;0
206762;11;5;5300736;2018;10;13;5;3;5;2;0;1;1;0;0;0;0;1
206763;11;10;10100103;2018;10;16;3;3;5;3;1;0;1;0;1;0;0;0
206764;11;7;7400826;2018;10;15;3;3;1;5;0;0;1;0;0;0;0;0
206765;11;3;3601450;2018;10;13;5;3;2;6;0;0;1;0;0;0;0;1
206766;11;8;8100312;2018;10;15;3;3;5;2;0;1;1;0;0;0;0;1
206767;11;11;11501238;2018;11;20;2;3;6;4;2;1;0;1;0;0;0;0
206768;11;4;4300518;2018;10;12;5;3;5;2;0;1;0;0;0;0;1;1
206769;11;8;8100208;2018;10;15;3;3;1;5;0;1;1;0;0;0;0;1
206770;11;12;12500926;2018;10;12;5;3;0;4;0;0;0;1;1;0;0;1
206771;11;1;1100104;2018;11;15;2;3;6;7;0;0;1;1;0;0;0;0
206772;11;1;1200628;2018;10;14;3;3;2;6;0;0;1;0;0;0;0;0
206773;11;1;1100416;2018;11;19;2;3;1;5;2;1;0;0;0;0;1;0
206774;11;10;10100311;2018;10;12;5;2;3;6;0;1;1;0;0;0;0;1
206775;11;1;1300836;2018;11;18;2;3;2;6;1;0;1;0;0;0;0;0
206776;11;4;4300622;2018;10;11;5;3;6;2;0;0;1;1;0;0;0;1
206777;11;4;4300624;2018;11;9;2;3;3;6;0;0;1;0;0;0;0;0
206778;11;10;10200629;2018;10;14;3;3;6;4;0;0;1;1;0;0;0;0
206779;11;1;1100311;2018;11;9;2;3;3;6;0;1;1;0;0;0;0;0
206780;11;1;1100206;2018;10;10;5;3;6;4;0;0;1;1;0;0;0;1
206781;11;4;4501041;2018;11;9;2;3;1;5;0;1;1;0;0;0;0;0
206782;11;8;8100415;2018;11;9;2;3;2;6;0;0;1;0;0;0;0;0
206783;11;1;1401045;2018;10;12;5;3;3;6;0;0;1;0;0;1;0;1
206784;11;9;9200716;2018;10;14;3;3;2;2;0;0;1;0;0;0;0;0
206785;11;2;2500833;2018;10;12;5;3;0;1;0;1;0;0;0;0;0;1
206786;11;2;2200209;2018;10;13;3;3;1;5;0;1;1;0;0;0;0;0
206787;11;5;5100317;2018;11;10;2;3;2;5;0;0;1;0;0;0;0;0
206788;11;7;7300517;2018;10;11;5;3;5;7;0;0;1;0;1;0;0;1
206789;11;3;3300516;2018;10;13;3;3;5;1;0;0;0;0;0;0;1;0
206790;11;4;4501153;2018;10;8;5;3;5;7;0;0;1;0;1;0;0;1
206791;11;3;3601245;2018;11;11;2;3;1;7;0;1;1;0;0;0;0;0
206792;11;3;3200207;2018;10;13;3;3;5;2;0;0;0;0;0;1;1;0
206793;11;10;10400835;2018;11;11;2;3;5;3;0;0;1;0;0;0;0;0
206794;11;12;12500930;2018;10;8;5;3;5;2;0;0;1;0;0;1;0;1
206795;11;6;6200313;2018;10;13;3;3;2;6;0;0;1;0;0;0;0;0
206796;11;1;1100309;2018;11;12;2;3;5;7;0;0;1;0;0;0;0;0
206797;11;1;1200522;2018;10;8;5;3;5;2;0;1;1;0;0;0;0;1
206798;11;10;10400940;2018;10;13;3;3;5;2;0;1;1;0;0;0;0;0
206799;11;3;3400619;2018;10;8;5;3;5;2;0;1;0;0;0;0;1;1
206800;11;12;12200412;2018;10;12;3;3;5;3;0;0;1;0;0;0;0;0
206801;11;3;3601245;2018;11;14;2;3;6;4;0;0;1;1;0;0;0;0
206802;11;5;5300840;2018;10;8;5;2;5;7;0;0;1;0;1;0;0;0
206803;11;11;3601450;2018;10;12;3;3;5;7;0;0;1;0;0;0;1;0
206804;11;4;4300619;2018;10;8;5;3;0;3;0;1;1;0;0;0;0;1
206805;11;7;6200423;2018;11;14;2;3;8;1;0;0;1;0;0;0;0;0
206806;11;4;4200308;2018;10;8;5;2;2;2;0;0;1;0;0;0;1;1
206807;11;1;1200623;2018;10;12;3;3;5;3;0;0;1;0;0;0;0;0
206808;11;1;1401048;2018;11;15;2;2;5;3;0;1;0;0;0;0;0;0
206809;11;3;3300517;2018;10;8;5;3;4;1;0;0;1;0;0;0;0;1
206810;11;8;8100312;2018;11;16;2;3;0;3;1;0;1;0;0;0;1;0
206811;11;4;4501042;2018;10;11;3;3;5;7;0;0;1;0;1;0;0;0
206812;11;6;6200312;2018;11;18;2;3;0;2;2;0;0;0;0;0;1;0
206813;11;1;1401047;2018;10;7;5;3;5;2;0;1;1;0;0;0;0;1
206814;11;9;9100203;2018;10;11;3;3;1;5;0;0;1;0;0;0;1;0
206815;11;10;10100315;2018;10;6;5;3;6;2;1;0;1;1;0;0;0;1
206816;11;9;9100407;2018;10;10;3;3;3;6;0;1;0;0;0;1;0;0
206817;11;10;10400940;2018;10;6;5;3;0;3;1;0;1;0;1;0;0;1
206818;11;7;7601238;2018;11;17;2;2;6;4;2;0;1;1;0;0;0;0
206819;11;12;12100204;2018;10;10;3;3;3;6;0;0;1;0;0;0;1;0
206820;11;7;7200307;2018;11;17;2;3;2;6;2;0;1;0;0;0;0;0
206821;11;5;5100208;2018;10;6;5;3;5;2;2;0;1;0;0;0;0;1
206822;11;7;7601236;2018;11;17;2;3;2;6;2;0;1;0;0;0;0;0
206823;11;1;1100309;2018;11;17;2;3;3;2;2;0;1;0;1;0;0;0
206824;11;3;3200206;2018;10;5;5;3;5;2;2;1;1;0;0;0;0;1
206825;11;6;6300632;2018;10;10;3;3;5;3;0;1;0;0;0;1;0;0
206826;11;6;6400842;2018;11;9;2;3;5;7;0;0;1;0;0;0;0;0
206827;11;3;3300517;2018;10;10;5;3;0;1;0;0;0;0;1;0;0;1
206828;11;2;2100105;2018;11;8;2;3;5;3;0;0;1;0;0;0;0;0
206829;11;10;10200421;2018;10;10;3;3;2;6;0;0;1;0;0;0;1;0
206830;11;6;6200317;2018;11;7;2;2;6;4;0;0;1;1;0;0;0;0
206831;11;1;1100312;2018;10;18;4;3;1;5;0;1;1;0;0;0;0;0
206832;11;9;9100408;2018;10;9;3;3;5;3;0;1;1;0;0;0;0;0
206833;11;6;6100205;2018;10;9;3;3;2;6;0;0;1;0;0;0;0;0
206834;11;4;4501041;2018;10;10;4;3;5;2;0;1;1;0;0;0;0;0
206835;11;3;3100102;2018;10;7;3;3;5;3;0;1;0;0;1;0;0;0
206836;11;12;12400723;2018;11;6;2;3;6;7;0;1;1;1;0;0;0;0
206837;11;5;5100316;2018;10;16;4;3;1;5;0;0;1;0;0;0;0;0
206838;11;1;1400942;2018;10;9;3;2;2;6;0;0;0;0;1;1;0;0
206839;11;8;8100209;2018;10;9;4;3;5;3;0;0;1;0;1;0;0;0
206840;11;12;12200515;2018;11;16;2;3;6;2;0;0;1;1;0;0;0;0
206841;11;1;1100310;2018;10;8;3;3;0;5;0;1;0;0;0;0;1;1
206842;11;1;1100416;2018;11;7;2;3;3;6;0;0;1;0;0;1;0;0
206843;11;7;7100102;2018;10;10;4;2;6;2;0;0;1;1;0;0;0;0
206844;11;8;8100521;2018;11;9;2;2;5;3;0;0;1;1;0;0;1;0
206845;11;4;4501042;2018;10;7;3;3;6;4;0;0;1;1;0;0;0;0
206846;11;12;12400722;2018;11;19;1;2;3;6;1;1;1;0;0;0;0;0
206847;11;9;9501939;2018;10;10;4;3;2;6;0;0;1;0;0;0;0;1
206848;11;8;8401243;2018;10;7;3;3;6;2;0;0;0;1;0;0;1;1
206849;11;1;1200626;2018;10;7;3;3;5;3;0;0;1;0;1;0;0;1
206850;11;12;12200412;2018;10;10;4;3;3;2;0;1;0;0;0;0;1;1
206851;11;4;4300620;2018;10;6;3;3;0;5;2;0;1;0;1;0;0;1
206852;11;2;2500834;2018;11;17;1;3;3;6;1;0;1;0;0;0;0;0
206853;11;4;4501146;2018;10;23;3;3;5;3;2;0;1;0;0;0;0;1
206854;11;8;8100102;2018;11;17;1;2;6;4;1;0;1;1;0;0;0;0
206855;11;3;3200310;2018;10;18;4;3;5;2;1;1;1;0;0;0;0;0
206856;11;9;9200510;2018;10;6;3;3;5;3;1;1;1;0;0;0;0;1
206857;11;3;3701554;2018;10;8;3;3;3;6;0;1;1;0;0;0;0;1
206858;11;3;3500933;2018;10;21;3;3;4;6;2;0;1;0;0;0;1;0
206859;11;7;7501032;2018;11;16;1;3;5;2;0;0;1;0;0;0;1;0
206860;11;11;11401032;2018;10;20;3;3;6;7;1;0;1;1;0;0;0;0
206861;11;11;11100204;2018;10;18;4;3;2;6;1;0;1;0;0;0;0;0
206862;11;2;2400522;2018;11;14;1;2;5;3;0;1;1;0;0;0;0;0
206863;11;7;7601341;2018;10;19;3;3;2;6;2;0;1;0;0;0;0;1
206864;11;8;8100419;2018;11;13;1;3;5;3;0;1;1;0;0;0;0;0
206865;11;1;1300730;2018;10;18;4;2;5;3;1;0;1;0;1;0;0;0
206866;11;6;6400843;2018;11;11;1;2;1;5;0;0;1;0;0;0;0;0
206867;11;4;4501042;2018;10;19;3;3;5;7;2;0;1;0;0;0;0;1
206868;11;1;1100308;2018;11;17;1;3;9;1;1;0;0;0;1;0;0;0
206869;11;4;4501043;2018;10;18;4;2;6;4;1;0;1;1;0;0;0;0
206870;11;1;1100312;2018;10;19;3;3;5;7;2;1;1;0;0;0;0;1
206871;11;7;7601238;2018;10;18;4;3;1;5;1;1;1;0;0;0;1;0
206872;11;2;2200210;2018;11;6;1;3;9;1;1;0;1;0;0;0;0;1
206873;11;1;1401043;2018;10;17;4;3;6;2;0;0;1;1;0;0;0;0
206874;11;2;2200211;2018;10;19;3;3;0;4;2;1;0;1;0;0;0;1
206875;11;7;7501029;2018;10;17;4;3;2;6;0;0;1;0;0;0;1;0
206876;11;1;1100313;2018;11;4;1;3;0;1;2;1;0;0;0;0;0;0
206877;11;4;4300416;2018;10;17;4;3;2;6;0;0;1;0;0;0;0;0
206878;11;6;6200313;2018;10;19;3;3;1;7;2;0;1;0;0;0;1;1
206879;11;3;3400620;2018;10;16;4;3;5;3;0;1;1;0;0;0;0;0
206880;11;12;12500929;2018;11;3;1;3;9;1;2;0;1;0;0;0;0;0
206881;11;6;6100103;2018;10;18;3;2;6;4;2;1;0;1;0;0;0;1
206882;11;3;3601141;2018;11;15;7;3;2;6;0;0;1;0;0;0;0;0
206883;11;11;11300721;2018;10;15;4;3;5;7;0;0;1;0;0;0;0;0
206884;11;4;4300619;2018;11;20;7;2;5;3;2;0;1;0;1;0;0;0
206885;11;2;2500833;2018;10;18;3;3;5;2;2;0;1;0;0;0;0;1
206886;11;2;2100104;2018;11;15;7;3;5;3;0;0;1;0;1;0;0;0
206887;11;3;3400721;2018;10;14;4;3;2;6;0;0;1;0;0;0;0;0
206888;11;4;4501045;2018;10;17;3;3;5;2;2;1;1;0;0;0;0;1
206889;11;11;11300617;2018;10;14;4;3;3;6;0;0;1;0;0;1;0;0
206890;11;2;2500727;2018;11;14;7;2;0;1;0;1;0;0;0;0;0;0
206891;11;4;4501041;2018;10;14;4;2;6;4;0;0;1;1;0;0;0;0
206892;11;4;4400728;2018;10;18;3;3;2;6;2;1;1;0;0;0;0;1
206893;11;1;1100102;2018;11;13;7;3;5;3;0;1;1;0;0;0;0;0
206894;11;4;4300624;2018;10;13;4;3;6;7;0;0;1;1;0;0;0;0
206895;11;4;4300623;2018;11;13;7;3;5;7;0;1;1;0;0;0;0;0
206896;11;5;5100316;2018;10;18;3;3;5;3;2;0;1;0;0;0;0;1
206897;11;6;6400841;2018;11;11;7;3;5;3;0;1;1;0;0;0;0;0
206898;11;5;5100101;2018;10;13;4;3;5;3;0;1;1;0;0;0;0;0
206899;11;3;3200207;2018;10;10;3;2;5;2;0;0;1;0;1;0;0;0
206900;11;2;2300316;2018;10;12;4;2;6;2;0;0;1;1;0;0;0;0
206901;11;1;1300835;2018;10;18;3;3;2;6;0;0;1;0;0;0;0;1
206902;11;1;1100205;2018;11;11;7;3;5;2;0;1;1;0;0;0;0;0
206903;11;1;1100309;2018;10;12;4;3;5;2;0;1;1;0;0;0;0;0
206904;11;2;2300314;2018;10;18;3;3;5;3;2;1;1;0;0;0;0;0
206905;11;2;2100101;2018;11;10;7;3;5;2;0;1;1;0;0;0;0;0
206906;11;12;12400723;2018;10;12;4;3;6;7;0;1;0;1;0;0;0;0
206907;11;1;1400942;2018;10;18;3;3;6;4;2;0;1;1;0;0;0;1
206908;11;1;1400942;2018;10;12;4;3;6;4;0;0;1;1;0;0;0;0
206909;11;1;1300732;2018;11;8;7;3;1;5;0;0;1;0;0;0;1;0
206910;11;7;7100205;2018;10;10;4;3;3;6;0;0;1;0;1;0;0;1
206911;11;5;5200630;2018;10;12;3;3;2;6;0;0;1;0;1;0;0;0
206912;11;1;1401048;2018;11;12;7;3;5;7;0;1;0;0;0;0;1;0
206913;11;10;10400837;2018;10;11;4;3;5;3;0;0;1;0;0;0;1;1
206914;11;6;6200315;2018;11;12;6;3;0;7;0;0;0;0;0;0;1;0
206915;11;11;11300826;2018;10;5;3;3;6;2;2;0;1;1;0;0;0;1
206916;11;8;8100103;2018;11;17;6;2;5;2;0;0;1;0;1;0;0;0
206917;11;2;2400624;2018;10;11;4;2;1;5;0;0;1;0;1;0;0;0
206918;11;6;6400843;2018;10;10;3;3;2;6;0;0;1;0;0;0;0;0
206919;11;3;3200308;2018;10;8;3;3;5;3;0;0;1;0;0;0;1;1
206920;11;6;6300528;2018;10;8;4;3;0;3;0;0;0;0;1;1;0;1
206921;11;8;8100417;2018;10;7;3;3;0;4;0;1;0;1;0;0;0;1
206922;11;2;2200210;2018;11;20;6;3;2;6;2;0;1;0;0;0;0;0
206923;11;5;5100209;2018;10;7;4;3;6;2;0;0;1;1;0;0;0;1
206924;11;1;1300730;2018;10;14;3;3;5;2;0;1;0;0;0;1;0;0
206925;11;5;5300737;2018;10;7;4;3;6;2;1;0;1;1;0;0;0;1
206926;11;4;4300623;2018;11;17;6;3;5;2;2;0;1;0;0;0;0;0
206927;11;1;1401046;2018;10;12;3;3;2;6;0;0;1;0;0;0;0;0
206928;11;2;2400625;2018;11;22;6;3;2;6;2;0;1;0;0;0;0;0
206929;11;6;6300629;2018;10;16;2;3;1;5;0;1;1;0;0;0;0;0
206930;11;8;8200730;2018;10;6;4;3;6;2;2;0;1;1;0;0;0;1
206931;11;2;2200208;2018;11;19;6;2;6;4;1;0;1;1;0;0;0;0
206932;11;10;10400835;2018;10;5;2;3;5;2;2;1;1;0;0;0;0;0
206933;11;7;7501031;2018;11;16;6;3;5;2;0;0;1;0;0;0;0;0
206934;11;10;10400835;2018;10;5;4;2;5;3;2;1;1;0;0;0;0;1
206935;11;1;1200522;2018;11;15;6;3;2;6;0;0;1;0;0;0;0;0
206936;11;9;9502043;2018;10;17;2;3;6;2;2;0;1;1;0;0;0;1
206937;11;6;6100209;2018;11;15;6;3;5;2;0;1;1;0;0;0;0;0
206938;11;11;11300721;2018;10;4;4;3;5;2;2;0;1;0;0;0;0;1
206939;11;1;1401045;2018;10;21;2;3;6;4;2;0;1;1;0;0;0;0
206940;11;1;1100309;2018;10;20;2;3;0;5;2;1;1;0;0;0;0;1
206941;11;8;8100419;2018;10;9;3;3;5;3;0;1;0;0;0;0;0;0
206942;11;2;2200209;2018;10;20;2;3;1;5;2;0;1;0;0;0;0;1
206943;11;1;1401047;2018;11;15;6;3;5;3;0;0;1;0;0;0;0;0
206944;11;9;9200715;2018;10;20;3;3;5;2;2;1;1;0;0;0;0;1
206945;11;2;2300417;2018;10;18;2;3;5;3;1;0;1;0;0;0;0;1
206946;11;3;3500934;2018;10;20;3;3;5;7;2;1;1;0;0;0;0;1
206947;11;8;8200624;2018;11;14;6;3;2;6;0;0;1;0;0;0;0;0
206948;11;9;9501737;2018;10;18;2;2;5;2;2;0;1;0;0;0;1;1
206949;11;1;1400938;2018;11;14;6;3;2;6;0;0;1;0;0;0;0;0
206950;11;1;1200521;2018;10;22;3;3;5;7;2;0;1;0;1;0;0;1
206951;11;1;1200628;2018;11;19;6;3;5;3;2;0;1;0;0;0;0;0
206952;11;1;1200626;2018;10;18;2;3;3;6;1;0;1;0;0;1;0;1
206953;11;7;7100206;2018;11;9;6;3;0;2;0;1;0;0;1;0;0;0
206954;11;9;9200511;2018;10;22;3;3;5;3;2;0;1;0;0;0;0;1
206955;11;12;12400723;2018;10;21;3;3;2;6;2;0;1;0;0;0;0;1
206956;11;4;4300518;2018;11;8;6;3;2;6;0;0;1;0;1;0;0;0
206957;11;9;9100407;2018;11;8;6;3;5;3;0;1;1;0;0;0;0;0
206958;11;12;12400722;2018;10;20;3;3;8;1;2;0;1;0;0;0;0;1
206959;11;6;6100101;2018;10;18;2;3;2;6;1;0;1;0;0;0;0;1
206960;11;11;11100308;2018;10;20;3;3;6;2;2;0;1;1;0;0;0;1
206961;11;1;1300836;2018;10;18;2;3;0;5;1;0;1;0;1;0;0;1
206962;11;9;9100407;2018;11;3;6;3;9;1;2;0;1;0;0;0;0;1
206963;11;7;7501029;2018;10;19;3;3;5;7;2;0;1;0;0;0;0;1
206964;11;3;3300516;2018;10;17;2;3;2;6;1;0;1;0;0;0;0;1
206965;11;7;7601545;2018;10;18;3;3;6;2;2;0;1;1;0;0;0;1
206966;11;8;8301037;2018;11;13;6;3;5;3;0;1;1;0;0;0;0;0
206967;11;1;1401046;2018;10;17;2;3;5;7;1;0;1;0;1;0;0;1
206968;11;4;4501045;2018;11;12;6;2;2;6;0;0;1;0;0;0;0;0
206969;11;12;12100103;2018;10;18;3;2;6;4;2;0;1;1;0;0;0;1
206970;11;3;3400620;2018;10;16;2;3;2;6;2;0;1;0;0;0;0;1
206971;11;5;5100206;2018;11;11;6;3;5;7;0;1;1;0;0;0;0;0
206972;11;4;4400835;2018;10;18;3;3;5;2;2;1;1;0;0;0;0;1
206973;11;3;3601244;2018;10;14;2;2;6;4;0;0;1;1;0;0;0;0
206974;11;4;4400832;2018;10;18;3;3;6;2;2;0;1;1;0;0;0;1
206975;11;6;6100101;2018;11;10;6;3;6;2;0;0;0;1;0;0;1;0
206976;11;1;1100311;2018;10;17;3;3;5;2;1;1;1;0;0;0;0;1
206977;11;5;5300839;2018;10;14;2;2;5;3;0;1;1;0;0;0;0;0
206978;11;9;9200715;2018;11;10;6;2;5;2;0;0;1;0;0;0;0;0
206979;11;1;1300733;2018;10;16;3;3;6;4;1;0;1;1;0;0;0;1
206980;11;8;8100521;2018;10;14;2;3;5;3;0;1;1;0;0;0;0;0
206981;11;1;1100207;2018;10;16;3;3;5;3;2;0;1;0;0;0;0;1
206982;11;8;8100415;2018;11;20;6;3;0;2;2;0;0;1;0;0;1;0
206983;11;6;6200312;2018;10;16;3;3;5;3;0;0;1;0;1;0;0;1
206984;11;4;4100102;2018;10;13;2;2;2;6;0;0;1;0;1;0;0;0
206985;11;4;4300621;2018;11;9;6;3;2;2;0;0;1;0;0;0;0;0
206986;11;2;2500729;2018;10;14;3;3;2;6;0;1;0;0;0;0;0;1
206987;11;1;1100102;2018;11;9;6;3;2;6;0;0;1;0;0;0;0;0
206988;11;3;3601244;2018;10;13;2;3;5;3;0;0;1;0;1;0;0;0
206989;11;2;2300314;2018;11;8;6;3;2;6;0;1;1;0;0;0;0;0
206990;11;7;7400823;2018;10;11;3;3;0;1;0;0;0;0;1;0;0;1
206991;11;1;1100102;2018;10;12;2;3;2;6;0;0;1;0;0;0;1;0
206992;11;8;8200623;2018;10;15;3;2;2;6;0;0;1;0;0;0;0;1
206993;11;4;4400727;2018;10;9;2;3;5;3;0;0;1;0;0;0;0;0
206994;11;1;1401049;2018;10;15;3;3;1;5;0;0;1;0;0;0;1;1
206995;11;6;6100208;2018;11;23;5;3;1;1;2;0;1;0;0;0;1;0
206996;11;7;7601238;2018;10;14;3;3;5;3;0;1;1;0;0;0;0;1
206997;11;9;9300920;2018;10;21;2;2;8;1;2;0;1;0;0;0;0;1
206998;11;2;2500834;2018;11;23;5;3;6;7;2;1;0;1;0;0;0;0
206999;11;10;10300733;2018;10;14;3;3;5;3;0;0;1;0;1;0;0;1
207000;11;2;2500830;2018;11;22;5;3;5;3;2;1;0;0;0;0;1;0
207001;11;2;2500830;2018;10;17;2;3;0;1;1;1;0;0;0;0;0;1
207002;11;1;1100207;2018;11;19;5;3;1;5;2;1;1;0;0;0;0;0
207003;11;4;4400729;2018;10;14;3;3;1;3;0;0;1;0;0;0;0;1
207004;11;2;2500833;2018;10;8;2;3;5;3;0;0;1;0;1;0;0;0
207005;11;10;10400938;2018;10;6;2;2;5;3;1;0;1;0;1;0;0;0
207006;11;4;4501042;2018;11;19;5;3;5;3;2;0;1;0;0;0;0;0
207007;11;9;9401329;2018;10;2;2;2;7;7;2;0;1;0;0;0;0;1
207008;11;1;1100205;2018;11;18;5;2;5;3;2;0;1;0;1;0;0;0
207009;11;11;11200411;2018;10;13;3;3;5;3;0;0;0;0;0;0;1;1
207010;11;8;8200622;2018;10;19;1;3;5;7;1;0;1;0;1;0;0;1
207011;11;1;1401047;2018;10;17;1;3;1;5;1;1;1;0;0;0;0;0