OBJECTID;LAND;BEZ;LOR_ab_2021;UJAHR;UMONAT;USTUNDE;UWOCHENTAG;UKATEGORIE;UART;UTYP1;ULICHTVERH;IstRad;IstPKW;IstFuss;IstKrad;IstGkfz;IstSonstige;USTRZUSTAND
207012;11;7;7601341;2018;10;13;3;3;8;1;0;0;1;0;0;0;0;1
207013;11;6;6400737;2018;10;17;1;2;6;4;1;0;0;1;0;0;1;1
207014;11;4;4501041;2018;11;18;5;3;0;3;2;0;1;0;0;0;1;0
207015;11;8;8100104;2018;10;13;3;3;1;5;0;0;1;0;0;0;0;1
207016;11;8;8100312;2018;10;17;1;3;5;3;1;0;1;0;1;0;0;0
207017;11;2;2400521;2018;10;13;3;2;3;1;0;1;1;0;0;0;0;1
207018;11;6;6100102;2018;11;17;5;3;2;2;2;0;1;1;0;0;0;0
207019;11;1;1100205;2018;10;14;1;3;1;5;0;1;0;0;0;0;1;0
207020;11;11;11300617;2018;11;17;5;2;5;3;2;1;0;0;0;0;1;0
207021;11;10;10300731;2018;10;13;3;2;0;2;0;1;1;0;0;0;0;1
207022;11;4;4300416;2018;11;16;5;3;2;6;1;0;1;0;0;0;0;0
207023;11;8;8401242;2018;10;12;1;2;3;6;0;1;1;0;0;0;0;0
207024;11;3;3300517;2018;11;16;5;3;5;3;1;0;1;0;0;0;0;0
207025;11;8;8401242;2018;10;13;3;2;0;6;0;0;1;0;1;0;0;1
207026;11;1;1200628;2018;10;21;1;2;5;3;2;0;1;0;0;0;0;1
207027;11;4;4501040;2018;10;21;1;2;6;2;2;0;1;1;0;0;0;1
207028;11;12;12400722;2018;10;12;3;3;4;6;0;0;1;0;0;0;1;1
207029;11;3;3500934;2018;10;18;1;3;2;2;1;0;1;0;0;0;0;0
207030;11;7;7400825;2018;11;8;5;3;5;3;0;0;1;0;0;0;0;0
207031;11;12;12200309;2018;10;12;3;3;3;6;0;0;1;0;0;0;0;1
207032;11;1;1100309;2018;10;16;1;3;0;1;0;1;0;0;0;0;0;0
207033;11;3;3601140;2018;10;11;3;2;0;7;0;0;1;0;0;0;0;1
207034;11;1;1100308;2018;11;16;5;3;0;1;0;1;0;0;0;0;0;0
207035;11;1;1100308;2018;10;11;3;3;1;5;0;1;1;0;0;0;0;1
207036;11;7;7601238;2018;10;11;1;3;8;1;0;0;1;0;0;0;0;0
207037;11;9;9200715;2018;11;16;5;3;2;6;0;0;1;0;0;0;0;0
207038;11;4;4501146;2018;10;10;3;3;2;2;0;1;1;0;0;0;0;1
207039;11;12;12601134;2018;10;10;1;3;7;7;0;0;0;0;0;0;1;0
207040;11;6;6200421;2018;10;9;3;3;2;6;0;0;1;0;0;0;0;1
207041;11;3;3400826;2018;11;15;5;2;5;7;0;0;1;0;1;0;0;0
207042;11;1;1100313;2018;10;10;1;3;5;3;0;1;1;0;0;0;0;0
207043;11;7;7100102;2018;11;15;5;3;1;5;0;0;1;0;0;0;0;0
207044;11;4;4400727;2018;10;9;3;3;5;3;0;0;0;0;1;0;0;1
207045;11;8;8100207;2018;11;14;5;3;5;2;0;1;0;0;0;0;1;0
207046;11;2;2100103;2018;10;1;1;3;5;3;2;0;1;0;0;0;0;0
207047;11;7;7601442;2018;11;13;5;3;5;2;0;0;1;0;0;0;0;0
207048;11;11;11300620;2018;10;8;3;3;2;6;0;0;1;0;0;0;0;0
207049;11;8;8100310;2018;10;0;1;3;6;4;2;0;1;1;0;0;0;0
207050;11;10;10400835;2018;10;7;3;3;5;3;1;1;1;0;0;0;0;1
207051;11;10;10400938;2018;11;9;5;3;1;5;0;0;1;0;0;0;1;0
207052;11;4;4300622;2018;11;17;7;3;6;4;2;0;0;1;1;0;0;0
207053;11;4;4501152;2018;11;19;3;3;2;6;2;0;1;0;0;0;0;1
207054;11;8;8200727;2018;11;16;7;3;5;7;1;0;1;0;1;0;0;0
207055;11;6;6200421;2018;11;15;3;3;2;5;0;0;1;0;0;0;1;1
207056;11;9;9300923;2018;11;15;7;3;6;4;0;0;1;1;0;0;0;0
207057;11;3;3601245;2018;11;9;2;3;5;3;0;0;0;0;1;0;1;0
207058;11;8;8100419;2018;11;15;7;3;5;2;0;0;1;0;1;0;0;0
207059;11;5;5300736;2018;11;5;2;3;2;6;2;0;1;0;0;0;0;1
207060;11;1;1100101;2018;11;14;7;3;0;1;0;1;0;0;0;0;0;0
207061;11;5;5100105;2018;11;16;3;3;5;3;1;1;1;0;0;0;0;1
207062;11;3;3400725;2018;11;13;7;3;2;6;0;0;1;0;1;0;0;0
207063;11;7;7601339;2018;11;8;3;3;2;6;0;0;1;0;0;0;0;1
207064;11;3;3400725;2018;11;13;7;3;5;3;0;1;1;0;0;0;0;0
207065;11;12;12200515;2018;11;12;7;3;2;6;0;0;1;0;0;0;0;0
207066;11;10;10100206;2018;11;14;3;3;2;6;0;0;1;0;1;0;0;1
207067;11;1;1400941;2018;11;12;7;3;5;3;0;0;1;0;0;0;0;0
207068;11;5;5100312;2018;11;17;1;2;0;1;1;0;0;0;1;0;0;1
207069;11;2;2300314;2018;11;17;1;2;0;5;2;0;1;0;1;0;0;1
207070;11;12;12200414;2018;11;11;7;3;5;3;0;1;1;0;0;0;0;0
207071;11;7;7100101;2018;11;20;1;3;0;7;2;1;0;0;0;0;0;0
207072;11;12;12100204;2018;11;7;7;3;5;3;0;0;1;0;0;0;0;0
207073;11;3;3400830;2018;11;10;7;3;5;3;0;1;1;0;0;0;0;0
207074;11;8;8100417;2018;11;12;3;2;2;6;0;0;1;0;0;0;0;1
207075;11;8;8100520;2018;11;11;7;3;0;3;0;1;1;0;0;0;0;0
207076;11;9;9301025;2018;11;11;7;3;5;2;0;0;1;0;0;0;1;1
207077;11;2;2400521;2018;11;8;3;3;5;2;0;1;1;0;0;0;0;1
207078;11;1;1100102;2018;11;11;7;3;2;6;0;0;1;0;0;0;0;0
207079;11;2;2100102;2018;11;21;7;3;5;3;2;0;1;0;0;0;0;0
207080;11;6;6400840;2018;11;18;6;3;2;7;2;0;1;0;1;0;0;0
207081;11;3;3300411;2018;11;7;6;3;5;3;0;0;1;0;0;0;0;0
207082;11;1;7100102;2018;11;7;6;3;0;2;0;1;0;0;0;0;1;1
207083;11;4;4300416;2018;11;13;6;3;1;5;0;1;1;0;0;0;0;0
207084;11;2;2200210;2018;11;9;3;3;5;3;0;1;1;0;0;0;0;1
207085;11;1;1200520;2018;11;21;6;3;3;6;2;0;1;0;1;0;0;0
207086;11;9;9501939;2018;11;19;6;3;4;2;2;1;1;0;0;0;0;0
207087;11;4;4500937;2018;11;0;2;3;2;6;2;0;1;0;0;0;0;1
207088;11;2;2200208;2018;11;8;6;3;0;2;0;1;0;0;0;0;1;1
207089;11;8;8200730;2018;11;18;6;2;1;5;2;0;1;0;0;0;0;0
207090;11;4;4400832;2018;11;9;6;3;6;4;0;0;1;1;0;0;0;1
207091;11;1;1100206;2018;11;7;3;3;6;4;2;0;1;1;0;0;0;1
207092;11;2;2400521;2018;11;9;6;3;0;1;0;1;0;0;0;0;0;1
207093;11;1;1100207;2018;11;15;6;3;5;3;0;0;1;0;0;0;0;0
207094;11;7;7601236;2018;11;7;3;3;5;3;0;0;1;0;1;0;0;1
207095;11;4;4501153;2018;11;9;6;3;5;3;0;1;1;0;0;0;0;1
207096;11;7;7601544;2018;11;15;6;3;8;1;0;0;1;0;0;0;0;0
207097;11;3;3500934;2018;11;18;2;2;6;4;2;0;1;1;0;0;0;0
207098;11;6;6200420;2018;11;8;6;3;2;6;0;0;1;0;0;1;0;1
207099;11;1;1100415;2018;11;15;2;3;0;5;0;1;1;0;0;0;0;0
207100;11;11;11300721;2018;11;17;1;2;3;6;1;0;1;0;0;1;0;1
207101;11;8;8300934;2018;11;15;6;3;6;7;0;0;1;1;0;0;0;0
207102;11;7;7601339;2018;11;18;3;3;5;3;2;1;1;0;0;0;0;1
207103;11;4;4200310;2018;11;8;6;3;5;3;0;0;1;0;0;0;0;1
207104;11;4;4300517;2018;11;14;3;3;2;6;0;0;1;0;0;0;0;1
207105;11;11;11400929;2018;11;15;6;3;5;3;0;0;1;0;0;0;0;0
207106;11;11;11400929;2018;11;17;1;3;5;3;1;0;1;0;0;0;0;1
207107;11;8;8100208;2018;11;17;1;3;5;3;1;0;1;0;0;0;0;1
207108;11;6;6400838;2018;11;8;6;3;5;2;0;0;1;0;0;0;0;1
207109;11;7;7400720;2018;11;13;2;3;3;6;0;0;1;0;0;0;0;0
207110;11;3;3500935;2018;11;8;6;3;1;5;0;1;1;0;0;0;0;1
207111;11;4;4400728;2018;11;11;2;2;5;2;0;0;1;0;1;0;0;1
207112;11;2;2200211;2018;11;18;1;2;6;4;2;0;1;1;0;0;0;1
207113;11;11;11400929;2018;11;14;6;3;5;3;0;0;1;0;0;0;0;0
207114;11;9;9301126;2018;11;7;2;2;0;1;0;1;0;0;0;0;0;1
207115;11;2;2100106;2018;11;14;6;3;6;4;0;0;1;1;0;0;0;0
207116;11;12;12200309;2018;11;14;3;3;8;1;0;0;1;0;0;0;0;1
207117;11;7;7300517;2018;11;8;6;3;6;2;0;0;1;1;0;0;0;1
207118;11;3;3400724;2018;11;13;3;3;2;6;0;0;1;0;0;0;0;1
207119;11;8;8100312;2018;11;14;6;3;6;4;0;0;1;1;0;0;0;0
207120;11;1;1401047;2018;11;17;1;2;1;5;2;0;1;0;1;0;0;1
207121;11;11;11401136;2018;11;6;6;3;2;6;0;0;1;0;0;1;0;1
207122;11;4;4100101;2018;11;21;1;3;2;6;2;0;1;0;1;0;0;1
207123;11;1;1100206;2018;11;5;6;3;5;3;2;0;1;0;0;0;1;1
207124;11;4;4200311;2018;11;13;6;3;5;7;0;0;1;0;0;0;0;0
207125;11;5;5100206;2018;11;12;3;2;5;7;0;0;1;0;0;0;0;1
207126;11;4;4300622;2018;11;7;6;3;1;5;1;1;1;0;0;0;0;1
207127;11;4;4500936;2018;11;13;6;3;2;6;0;1;1;0;0;0;0;0
207128;11;8;8200623;2018;11;14;3;3;0;4;0;1;0;1;0;0;0;1
207129;11;4;4501041;2018;11;1;6;3;0;1;2;1;0;0;0;0;0;0
207130;11;5;5200630;2018;11;12;6;3;4;6;0;1;0;0;0;0;0;0
207131;11;3;3300516;2018;11;12;3;3;0;7;0;0;1;0;0;0;0;1
207132;11;1;1401048;2018;11;5;6;3;2;6;1;0;1;0;1;0;0;1
207133;11;5;5200629;2018;11;8;3;2;6;2;0;0;1;1;0;0;0;1
207134;11;4;4500939;2018;11;12;6;3;5;2;0;0;1;0;0;0;1;1
207135;11;4;4400728;2018;11;12;6;3;5;2;0;0;1;0;0;0;0;1
207136;11;8;8100208;2018;11;11;6;3;5;3;0;0;1;0;0;0;0;0
207137;11;9;9200715;2018;11;11;6;3;5;2;0;0;1;0;0;0;0;0
207138;11;6;6400839;2018;11;7;3;3;6;4;0;0;1;1;0;0;0;1
207139;11;3;3601453;2018;11;10;6;3;5;3;0;0;1;0;0;0;0;0
207140;11;2;2200207;2018;11;13;6;3;0;7;0;0;1;0;0;0;0;0
207141;11;8;8100102;2018;11;15;1;3;0;1;0;0;1;0;0;0;0;1
207142;11;7;7100102;2018;11;19;1;3;8;1;2;0;1;0;0;0;0;1
207143;11;5;5300737;2018;11;19;2;3;5;2;1;0;1;0;0;0;0;0
207144;11;1;1300733;2018;11;18;6;3;2;6;2;0;1;0;0;0;0;0
207145;11;5;5100316;2018;11;16;2;3;5;2;1;1;1;0;0;0;0;0
207146;11;1;1300733;2018;11;17;6;3;3;6;2;1;1;0;0;0;0;0
207147;11;10;10100311;2018;11;17;6;3;2;6;2;0;1;0;0;0;0;0
207148;11;1;1100104;2018;11;17;3;3;3;6;2;1;0;0;0;0;1;0
207149;11;2;2400521;2018;11;7;3;3;5;2;0;0;1;0;1;0;0;1
207150;11;8;8100105;2018;11;8;6;3;0;2;0;1;1;0;0;0;0;0
207151;11;7;7300619;2018;11;18;5;3;1;5;2;1;1;0;0;0;0;0
207152;11;1;1401049;2018;11;15;1;3;1;1;0;0;1;0;1;0;0;1
207153;11;7;7400927;2018;11;12;2;3;5;3;0;0;1;0;0;0;1;0
207154;11;11;11100309;2018;11;22;5;3;5;3;2;0;1;0;0;0;1;0
207155;11;6;6100102;2018;11;14;2;3;2;6;0;0;1;0;0;0;0;0
207156;11;12;12100101;2018;11;17;1;3;5;2;2;0;1;0;0;0;0;1
207157;11;8;8100102;2018;11;21;5;3;1;5;2;1;1;0;0;0;0;0
207158;11;6;6200313;2018;11;17;3;2;6;4;2;0;1;1;0;0;0;1
207159;11;4;4100101;2018;11;19;5;3;2;6;2;0;1;0;1;0;0;0
207160;11;1;1300733;2018;11;13;1;3;5;3;0;0;1;0;0;0;0;1
207161;11;7;7501031;2018;11;14;3;3;5;3;0;0;1;0;0;0;0;1
207162;11;8;8100417;2018;11;19;5;2;6;4;2;0;1;1;0;0;0;0
207163;11;8;8100313;2018;11;19;5;3;0;1;2;1;0;0;0;0;0;0
207164;11;2;2200209;2018;11;15;3;3;5;2;0;0;1;0;0;0;0;1
207165;11;2;2100102;2018;11;14;5;3;3;6;0;0;1;0;1;0;0;0
207166;11;2;2500831;2018;11;13;1;3;5;2;0;1;1;0;0;0;0;1
207167;11;4;4300414;2018;11;10;2;3;5;7;0;1;1;0;0;0;0;0
207168;11;8;8401243;2018;11;13;5;2;6;4;0;1;0;1;0;0;0;0
207169;11;6;6200420;2018;11;6;2;3;5;2;1;0;1;0;0;0;0;1
207170;11;9;9300920;2018;11;12;5;2;6;4;0;0;0;1;1;0;0;0
207171;11;1;1200522;2018;11;16;3;3;5;3;1;0;1;0;0;0;0;1
207172;11;1;1100207;2018;11;19;5;2;3;6;1;0;1;0;1;0;0;0
207173;11;12;12200515;2018;11;13;1;3;5;3;0;0;1;0;0;0;0;1
207174;11;2;2200208;2018;11;9;3;3;5;2;0;1;1;0;0;0;0;1
207175;11;7;7200307;2018;11;19;5;3;5;7;2;1;1;0;0;0;0;0
207176;11;4;4400728;2018;11;11;1;3;5;3;0;0;1;0;0;0;0;1
207177;11;4;4501043;2018;11;10;5;3;6;4;0;1;0;1;0;0;0;0
207178;11;3;3601453;2018;11;18;5;3;1;5;2;1;1;0;0;0;0;0
207179;11;3;3400724;2018;11;19;1;3;0;6;2;0;1;0;1;0;0;0
207180;11;3;3601141;2018;11;10;5;3;5;3;0;1;1;0;0;0;0;0
207181;11;2;2500727;2018;11;18;5;3;2;6;2;0;1;0;0;0;0;0
207182;11;7;7200409;2018;11;12;3;3;2;6;0;0;1;0;0;0;0;1
207183;11;5;5400942;2018;11;9;5;3;5;2;0;1;1;0;0;0;0;0
207184;11;5;5300737;2018;11;8;5;3;3;6;0;0;1;0;1;0;1;0
207185;11;5;5100316;2018;11;9;1;2;6;2;0;0;1;1;0;0;0;1
207186;11;1;1400938;2018;11;8;3;3;2;6;0;0;1;0;1;0;0;1
207187;11;1;1200520;2018;11;8;5;3;0;2;0;1;1;0;0;0;0;0
207188;11;1;1401045;2018;11;18;5;3;2;6;2;0;1;0;0;0;0;0
207189;11;5;5200528;2018;11;8;5;3;2;6;0;0;1;0;0;0;1;0
207190;11;4;4501148;2018;11;7;5;2;5;2;0;0;1;0;0;0;0;1
207191;11;12;12400618;2018;11;7;3;3;2;6;0;0;1;0;0;0;0;1
207192;11;7;7601545;2018;11;7;5;3;6;4;0;0;1;1;0;0;0;0
207193;11;5;5100316;2018;11;17;5;3;5;2;2;1;1;0;0;0;0;0
207194;11;8;8100206;2018;11;7;5;2;1;5;0;1;1;0;0;0;0;0
207195;11;5;5200629;2018;11;7;5;3;5;3;1;1;1;0;0;0;0;0
207196;11;3;3601450;2018;11;10;3;3;5;3;0;0;1;0;0;1;0;1
207197;11;9;9401534;2018;11;6;5;3;2;6;2;0;1;0;0;0;0;0
207198;11;6;6100208;2018;11;17;5;3;5;3;2;0;1;0;0;0;0;0
207199;11;9;9200715;2018;11;9;1;3;5;3;0;1;0;0;0;0;1;1
207200;11;2;2300418;2018;11;8;2;3;6;4;1;0;1;1;0;0;0;0
207201;11;3;3501038;2018;11;16;5;3;5;2;2;1;1;0;0;0;0;0
207202;11;4;4200311;2018;11;15;5;3;2;6;1;0;0;0;1;0;1;0
207203;11;10;10300734;2018;11;16;5;3;5;2;2;1;1;0;0;0;0;0
207204;11;9;9200717;2018;11;7;3;3;5;3;1;1;1;0;0;0;0;1
207205;11;4;4300416;2018;11;10;5;3;0;1;0;0;0;0;1;0;0;0
207206;11;4;4200206;2018;11;9;1;3;6;7;0;1;0;1;0;0;0;1
207207;11;4;4501042;2018;11;17;2;2;6;4;2;0;1;1;0;0;0;0
207208;11;6;6400840;2018;11;16;5;2;5;2;2;0;1;0;1;0;0;1
207209;11;6;6300526;2018;11;14;2;2;6;4;1;1;0;1;0;0;0;0
207210;11;2;2400625;2018;11;2;1;3;5;7;2;0;1;0;0;0;0;0
207211;11;4;4300414;2018;11;13;2;3;6;4;0;1;0;1;0;0;0;1
207212;11;2;2400625;2018;11;16;5;3;3;7;2;1;1;0;0;0;0;0
207213;11;11;11300620;2018;11;8;2;3;5;2;0;1;0;0;0;1;0;1
207214;11;10;10400939;2018;11;16;5;3;0;3;1;0;0;0;0;0;1;0
207215;11;4;4500938;2018;11;19;3;3;0;2;2;1;1;0;0;0;0;1
207216;11;12;12601032;2018;11;15;5;3;2;6;0;0;1;0;0;0;1;0
207217;11;4;4300412;2018;11;15;1;3;2;6;0;0;1;0;0;0;0;1
207218;11;12;12200307;2018;11;6;3;3;0;1;1;0;0;0;1;0;0;1
207219;11;1;1300730;2018;11;15;5;3;2;2;0;0;1;0;0;0;0;0
207220;11;7;7501133;2018;11;12;1;3;0;7;0;0;0;0;1;0;0;1
207221;11;11;11300723;2018;11;18;1;2;1;5;2;0;1;0;1;0;0;1
207222;11;11;11300721;2018;11;14;5;3;2;6;0;0;0;0;0;0;1;0
207223;11;7;7601547;2018;11;5;2;3;2;6;2;0;1;0;0;0;0;1
207224;11;3;3400725;2018;11;18;5;3;5;2;2;0;1;0;0;0;0;0
207225;11;2;2200213;2018;11;13;3;3;2;7;0;0;1;0;1;0;0;1
207226;11;2;2300314;2018;11;1;5;3;6;4;2;1;0;1;0;0;0;0
207227;11;2;2300316;2018;11;10;1;3;9;1;0;0;1;0;0;0;0;1
207228;11;5;5200629;2018;11;17;5;3;2;6;2;0;1;0;0;0;0;0
207229;11;4;4300412;2018;11;16;3;3;6;2;2;0;1;1;0;0;0;1
207230;11;6;6100207;2018;11;18;4;3;0;6;2;0;1;0;0;0;1;0
207231;11;11;11400927;2018;11;13;1;2;0;1;0;1;0;0;0;0;0;1
207232;11;1;1401049;2018;11;13;3;3;5;2;0;1;1;0;0;0;0;1
207233;11;2;2300419;2018;11;22;4;3;0;7;2;1;0;0;0;0;0;0
207234;11;7;7300619;2018;11;22;1;3;5;2;2;1;1;0;0;0;0;0
207235;11;11;11200411;2018;11;21;4;2;0;1;2;1;0;0;0;0;0;0
207236;11;5;5200526;2018;11;14;1;3;2;6;0;0;1;0;0;0;1;1
207237;11;11;11401034;2018;11;20;1;3;5;3;2;0;1;0;0;0;0;1
207238;11;8;8100311;2018;11;21;4;3;1;5;2;1;1;0;0;0;0;0
207239;11;6;6400843;2018;11;20;4;3;5;3;1;0;1;0;0;0;0;0
207240;11;7;7200413;2018;11;12;3;2;0;1;0;1;0;0;0;0;0;1
207241;11;6;6300527;2018;11;20;4;2;5;3;2;0;1;0;0;0;0;0
207242;11;6;6300629;2018;11;18;4;3;6;4;2;1;0;1;0;0;0;0
207243;11;9;9501940;2018;11;19;7;2;6;4;2;0;1;1;0;0;0;0
207244;11;7;7601442;2018;11;17;3;3;6;2;2;0;1;1;0;0;0;1
207245;11;5;5200631;2018;11;17;4;3;6;2;2;0;1;1;0;0;0;0
207246;11;7;7300619;2018;11;18;7;3;1;1;2;0;1;0;0;0;0;0
207247;11;5;5200629;2018;11;17;4;3;0;2;2;0;1;0;0;0;1;0
207248;11;3;3500932;2018;11;8;3;3;5;5;0;0;1;0;0;0;0;1
207249;11;4;4501045;2018;11;16;4;3;2;7;1;0;1;0;1;0;0;0
207250;11;9;9301126;2018;11;18;1;3;4;2;2;0;1;0;0;0;0;1
207251;11;7;7601547;2018;11;16;4;3;6;2;1;0;0;1;0;0;1;0
207252;11;1;1100310;2018;11;15;4;3;2;6;0;0;1;0;0;0;0;0
207253;11;9;9100101;2018;11;15;4;3;2;6;1;1;1;0;0;0;0;0
207254;11;8;8401139;2018;11;7;3;3;5;3;0;0;1;0;0;0;0;1
207255;11;4;4300620;2018;11;15;4;3;5;7;0;0;1;0;0;0;1;0
207256;11;1;1200629;2018;11;7;4;3;2;6;0;1;1;0;0;0;0;1
207257;11;9;9200717;2018;11;15;1;3;0;3;0;1;1;0;0;0;0;0
207258;11;4;4300623;2018;11;19;2;3;0;3;2;1;0;0;0;0;0;0
207259;11;7;7601443;2018;11;15;4;2;5;3;0;0;0;0;1;0;1;0
207260;11;2;2200208;2018;11;7;2;3;2;7;0;0;1;0;0;0;1;0
207261;11;6;6400844;2018;11;7;4;3;5;3;0;1;1;0;0;0;0;1
207262;11;7;7300515;2018;11;7;4;3;5;3;0;1;1;0;0;0;0;0
207263;11;7;7300619;2018;11;18;3;3;2;6;2;0;1;0;0;0;0;0
207264;11;1;1100103;2018;11;7;3;3;2;6;1;0;1;0;0;0;0;1
207265;11;11;11501238;2018;11;7;4;2;5;2;0;1;0;0;0;0;0;0
207266;11;4;4501148;2018;11;7;4;3;5;7;0;1;1;0;0;0;0;0
207267;11;1;1300733;2018;11;23;7;3;1;5;2;1;1;0;0;0;0;0
207268;11;1;1300836;2018;11;17;2;2;6;2;2;0;1;1;0;0;0;1
207269;11;6;6200422;2018;11;7;4;2;5;3;0;0;1;0;0;0;1;1
207270;11;9;9100407;2018;11;7;2;3;6;4;0;1;0;1;0;0;0;0
207271;11;1;1300834;2018;11;16;1;3;0;1;1;0;0;0;1;0;0;1
207272;11;7;7100204;2018;11;14;4;2;5;3;0;0;1;0;0;0;0;0
207273;11;5;5100316;2018;11;17;3;3;5;2;2;1;1;0;0;0;0;1
207274;11;10;10100311;2018;11;13;4;3;2;6;0;0;1;0;0;0;1;0
207275;11;1;1100309;2018;11;23;7;3;2;6;2;0;1;0;0;0;0;0
207276;11;4;4501148;2018;11;14;3;3;2;6;0;0;1;0;0;0;0;1
207277;11;4;4200203;2018;11;13;4;3;5;2;0;0;1;0;0;0;0;0
207278;11;8;8200624;2018;11;22;7;3;6;2;2;0;1;1;0;0;0;0
207279;11;1;1100206;2018;11;12;4;2;5;2;0;1;1;0;0;0;0;0
207280;11;11;11300721;2018;11;16;2;3;2;6;0;0;1;0;0;0;0;0
207281;11;6;6100205;2018;11;16;3;3;2;2;2;0;1;0;0;0;0;1
207282;11;1;1401045;2018;11;11;4;3;2;6;0;0;1;0;1;0;0;0
207283;11;4;4501041;2018;11;10;2;3;1;5;0;1;1;0;0;0;0;0
207284;11;11;11200410;2018;11;11;4;3;5;2;0;0;1;0;0;0;0;0
207285;11;5;5200528;2018;11;7;2;2;5;3;0;0;1;0;1;0;0;1
207286;11;12;12200307;2018;11;10;4;2;6;4;0;0;1;1;0;0;0;0
207287;11;7;7400927;2018;11;16;3;3;6;2;2;0;1;1;0;0;0;1
207288;11;3;3601449;2018;11;10;4;3;2;6;0;0;1;0;0;0;0;1
207289;11;4;4300619;2018;11;9;3;3;5;7;0;0;1;0;0;0;0;1
207290;11;1;1100308;2018;11;10;4;3;5;7;0;1;1;0;0;0;0;0
207291;11;4;4300517;2018;11;10;4;3;5;2;0;1;0;0;0;0;0;0
207292;11;4;4300416;2018;11;9;4;3;5;3;0;0;1;0;0;0;0;0
207293;11;4;4300416;2018;11;8;4;2;5;2;0;0;1;0;1;0;0;0
207294;11;3;3200309;2018;11;11;3;3;2;6;0;0;1;0;0;0;0;1
207295;11;1;1100207;2018;11;8;4;3;5;2;0;1;1;0;0;0;0;0
207296;11;4;4300619;2018;11;8;4;3;5;7;0;1;1;0;0;0;0;0
207297;11;4;4300622;2018;11;7;4;3;6;7;0;0;1;1;0;0;0;1
207298;11;5;5200632;2018;11;12;3;3;2;6;0;0;1;0;0;0;0;1
207299;11;9;9301025;2018;11;7;4;3;0;1;0;0;0;0;1;0;0;1
207300;11;2;2200210;2018;11;6;4;3;6;2;1;0;1;1;0;0;0;0
207301;11;6;6100204;2018;11;8;3;3;2;6;0;0;1;0;0;0;1;1
207302;11;9;9100101;2018;11;5;4;3;2;2;2;1;1;0;0;0;0;1
207303;11;2;2300315;2018;11;10;4;3;3;6;0;1;1;0;0;0;0;0
207304;11;4;4300416;2018;11;14;4;3;8;1;0;0;1;0;0;0;0;0
207305;11;4;7300515;2018;11;8;4;2;0;1;0;1;0;0;0;0;0;1
207306;11;12;12400722;2018;11;7;3;3;5;3;0;1;1;0;0;0;0;1
207307;11;5;5100105;2018;11;19;3;3;0;6;2;0;0;0;0;0;1;0
207308;11;10;10200524;2018;11;21;3;3;5;3;0;1;0;0;0;0;1;0
207309;11;10;10100312;2018;11;18;1;2;5;2;2;1;1;0;0;0;0;1
207310;11;11;11300721;2018;11;18;2;3;2;2;2;1;1;0;0;0;0;1
207311;11;11;11400927;2018;11;9;3;3;0;3;0;1;1;0;0;0;0;0
207312;11;1;1100309;2018;11;8;2;3;5;3;0;1;1;0;0;0;0;0
207313;11;1;1100310;2018;11;19;3;3;0;1;2;0;0;0;1;0;0;0
207314;11;1;1200517;2018;11;11;3;3;3;6;0;0;1;0;0;0;0;1
207315;11;8;8100206;2018;11;19;3;2;2;1;2;0;1;0;1;0;0;0
207316;11;5;5200632;2018;11;18;3;3;5;2;2;1;0;0;0;0;1;0
207317;11;4;4501042;2018;11;18;3;3;0;7;2;0;1;0;1;0;0;0
207318;11;2;2500835;2018;11;7;3;3;2;6;1;0;1;0;1;0;0;1
207319;11;1;1100103;2018;11;18;3;3;5;2;2;1;0;0;1;0;0;0
207320;11;11;11400931;2018;11;12;2;3;6;4;0;0;1;1;0;0;0;1
207321;11;5;5100105;2018;11;7;2;3;2;6;0;0;1;0;0;0;0;0
207322;11;1;1401048;2018;11;16;1;3;2;6;0;0;1;0;0;0;0;1
207323;11;11;11100309;2018;11;10;3;3;2;6;0;0;1;0;0;0;0;0
207324;11;5;5100316;2018;11;15;3;3;3;6;1;1;0;0;0;0;0;1
207325;11;6;6200421;2018;11;17;5;3;4;7;2;1;0;0;0;0;0;0
207326;11;10;10200526;2018;11;12;1;3;0;2;0;0;0;1;1;0;0;0
207327;11;2;2200213;2018;11;8;4;3;5;2;0;1;1;0;0;0;0;0
207328;11;1;1300835;2018;11;20;1;3;5;2;2;1;1;0;0;0;0;0
207329;11;4;4200310;2018;11;19;4;3;5;3;2;0;1;0;0;0;0;0
207330;11;4;4400833;2018;11;12;1;2;5;2;0;1;1;0;0;0;0;0
207331;11;11;11400928;2018;11;10;4;3;2;6;0;1;0;0;0;0;1;0
207332;11;9;9200510;2018;11;10;1;3;5;3;0;0;1;0;0;0;0;0
207333;11;1;1100308;2018;11;7;4;3;5;2;0;1;1;0;0;0;0;0
207334;11;2;2200210;2018;11;8;5;3;0;1;0;0;1;0;1;0;0;0
207335;11;11;11300620;2018;11;8;1;3;1;5;0;0;1;0;0;0;0;0
207336;11;6;6100102;2018;11;7;4;3;6;4;0;0;1;1;0;0;0;0