OBJECTID;LAND;BEZ;LOR_ab_2021;UJAHR;UMONAT;USTUNDE;UWOCHENTAG;UKATEGORIE;UART;UTYP1;ULICHTVERH;IstRad;IstPKW;IstFuss;IstKrad;IstGkfz;IstSonstige;USTRZUSTAND
207337;11;1;1100310;2018;11;1;1;3;6;4;2;0;1;1;0;0;0;0
207338;11;6;6300629;2018;11;6;4;3;2;2;0;0;1;0;0;0;0;0
207339;11;9;9401534;2018;11;22;1;3;1;5;2;0;1;0;0;0;0;1
207340;11;1;1300730;2018;11;13;6;3;2;6;0;0;1;0;0;0;1;0
207341;11;12;12200309;2018;11;22;1;3;5;2;2;0;1;0;0;0;1;1
207342;11;7;7601238;2018;11;6;4;2;1;1;0;0;1;0;1;0;0;0
207343;11;1;1200623;2018;11;17;1;3;5;3;1;0;1;0;1;0;0;1
207344;11;8;8100311;2018;11;18;1;3;1;5;2;1;1;0;0;0;0;1
207345;11;6;6200313;2018;11;11;4;3;0;2;0;0;1;0;0;0;1;0
207346;11;2;2400625;2018;11;4;5;2;5;2;2;0;1;0;0;0;0;0
207347;11;3;3601141;2018;11;18;1;3;2;2;2;1;1;0;0;0;0;1
207348;11;4;4400725;2018;11;19;1;3;3;6;2;0;1;0;0;0;0;0
207349;11;1;1100415;2018;11;20;3;3;1;5;2;1;1;0;0;0;0;0
207350;11;6;6400737;2018;11;20;1;2;0;1;2;0;1;0;0;0;0;1
207351;11;7;7200409;2018;11;3;7;2;3;6;2;1;0;0;0;0;1;0
207352;11;5;5200634;2018;11;15;3;3;5;2;0;0;1;0;0;0;0;0
207353;11;1;1200522;2018;11;17;7;3;2;5;2;0;1;0;0;0;0;0
207354;11;10;10200420;2018;11;7;6;2;6;4;1;0;1;1;0;0;0;1
207355;11;9;9200715;2018;11;7;7;3;5;3;1;1;1;0;0;0;0;0
207356;11;1;1300733;2018;11;17;4;3;5;2;2;0;1;0;0;0;0;0
207357;11;4;4300412;2018;11;20;7;2;9;1;2;0;1;0;0;0;0;0
207358;11;1;1401045;2018;11;20;7;2;6;2;2;0;1;1;0;0;0;0
207359;11;1;2100101;2018;11;19;4;3;2;2;2;1;1;0;0;0;0;1
207360;11;4;4501043;2018;11;12;7;3;1;5;0;1;1;0;0;0;1;0
207361;11;9;9502043;2018;11;11;7;3;2;2;0;0;1;0;0;0;0;0
207362;11;2;2500726;2018;11;17;3;1;6;4;2;0;0;1;0;0;1;0
207363;11;4;4300412;2018;11;11;7;3;5;2;0;1;1;0;0;0;0;0
207364;11;6;6200313;2018;11;11;7;3;0;7;0;0;1;0;0;0;1;0
207365;11;5;5200528;2018;11;22;3;2;5;2;2;0;1;0;0;0;0;0
207366;11;2;2100106;2018;11;10;7;3;5;3;0;0;0;0;1;0;1;0
207367;11;1;1100308;2018;11;19;5;3;1;5;2;0;1;0;0;0;0;0
207368;11;6;6400842;2018;11;10;7;3;5;3;0;0;1;0;0;0;0;0
207369;11;3;3701555;2018;11;9;4;3;2;6;0;1;0;0;0;0;0;0
207370;11;3;3200204;2018;11;6;7;3;0;7;2;0;1;0;0;0;0;0
207371;11;2;2200210;2018;11;21;3;3;5;2;2;1;1;0;0;0;0;0
207372;11;2;2500726;2018;11;0;7;3;1;1;2;0;1;0;1;0;0;0
207373;11;3;3400723;2018;11;20;7;3;5;3;2;1;1;0;0;0;0;0
207374;11;3;3200206;2018;11;21;3;2;6;2;2;0;1;1;0;0;0;0
207375;11;4;4501153;2018;11;18;7;3;9;1;2;0;1;0;0;0;0;0
207376;11;9;9100407;2018;11;15;7;3;3;6;0;0;1;0;0;0;1;0
207377;11;5;5300737;2018;11;21;3;3;5;3;2;0;1;0;0;0;0;0
207378;11;11;11200512;2018;11;15;7;3;1;5;0;0;1;0;0;1;0;0
207379;11;4;4300622;2018;11;21;3;3;9;1;1;0;0;0;1;0;0;0
207380;11;6;6100208;2018;11;16;5;3;5;3;2;1;1;0;0;0;0;0
207381;11;8;8200726;2018;11;14;7;3;2;6;0;0;1;0;0;0;0;0
207382;11;6;6400844;2018;11;19;3;3;0;3;2;0;1;0;1;0;0;0
207383;11;2;2200210;2018;11;13;7;3;5;3;0;0;1;0;0;0;0;0
207384;11;7;7501135;2018;11;18;3;3;5;3;2;0;1;0;1;0;0;0
207385;11;1;1400937;2018;11;13;7;3;5;7;0;0;1;0;0;0;0;1
207386;11;4;4200309;2018;11;13;6;3;4;6;0;1;1;0;0;0;0;0
207387;11;2;2200209;2018;11;18;3;3;6;2;2;0;0;1;0;0;1;0
207388;11;7;7601442;2018;11;7;5;3;5;3;0;0;1;0;0;0;0;0
207389;11;1;1300836;2018;11;17;6;3;2;6;2;0;1;0;0;0;1;0
207390;11;7;7400823;2018;11;17;3;3;2;6;2;0;1;0;0;0;1;0
207391;11;2;2100104;2018;11;19;6;3;5;3;2;1;1;0;0;0;0;0
207392;11;4;4501042;2018;11;17;3;3;0;3;2;0;1;0;0;0;1;1
207393;11;1;1401048;2018;11;9;5;2;3;6;0;0;0;0;1;1;0;0
207394;11;5;5300737;2018;11;16;6;3;5;2;1;0;1;0;1;0;0;0
207395;11;1;1100310;2018;11;17;3;3;2;6;2;0;1;0;1;0;0;0
207396;11;3;3400721;2018;11;8;6;3;1;5;0;1;1;0;0;0;0;0
207397;11;2;2500833;2018;11;17;3;3;1;5;2;1;1;0;0;0;0;0
207398;11;7;7100101;2018;11;18;6;3;6;2;2;0;1;1;0;0;0;0
207399;11;2;2500832;2018;11;14;6;3;5;3;0;1;0;0;0;0;1;0
207400;11;12;12400723;2018;11;17;6;2;5;3;2;0;1;0;1;0;0;0
207401;11;11;11300721;2018;11;8;3;3;3;6;0;1;0;0;0;1;0;0
207402;11;4;4100101;2018;11;20;4;2;0;1;2;1;0;0;0;0;0;1
207403;11;7;7601442;2018;11;17;6;2;1;7;2;0;1;0;0;0;0;0
207404;11;12;12200309;2018;11;16;6;3;1;5;2;1;1;0;0;0;1;0
207405;11;1;1400942;2018;11;7;3;3;3;6;0;0;1;0;0;0;0;0
207406;11;2;2100101;2018;11;15;6;3;0;4;1;0;1;1;0;0;0;0
207407;11;7;7501030;2018;11;16;6;3;2;7;1;0;1;0;0;0;0;0
207408;11;9;9100408;2018;11;7;3;3;5;2;1;1;1;0;0;0;0;0
207409;11;1;1100207;2018;11;8;6;3;1;5;0;1;1;0;0;0;0;0
207410;11;5;5200632;2018;11;12;6;3;8;1;0;0;1;0;0;0;0;0
207411;11;11;11100102;2018;11;6;3;2;6;4;2;0;1;1;0;0;0;1
207412;11;8;8200833;2018;11;11;6;3;2;6;0;0;1;0;0;0;1;0
207413;11;8;8100311;2018;11;21;3;3;5;2;2;1;1;0;0;0;0;0
207414;11;1;1401044;2018;11;11;6;3;5;3;0;1;1;0;0;0;0;0
207415;11;11;11300721;2018;11;20;6;3;0;6;2;0;1;0;0;0;0;0
207416;11;4;4501044;2018;11;15;6;3;4;6;0;1;0;0;0;0;0;0
207417;11;2;2200209;2018;11;17;4;3;5;2;2;1;1;0;0;0;0;0
207418;11;4;4501041;2018;11;11;6;3;2;6;0;0;1;0;0;0;1;0
207419;11;12;12400723;2018;11;11;6;3;5;3;0;0;1;0;0;0;0;0
207420;11;8;8100311;2018;11;16;3;3;2;6;1;0;1;0;1;0;0;1
207421;11;7;7400928;2018;11;10;6;2;6;4;0;0;1;1;0;0;0;0
207422;11;1;1200623;2018;11;10;6;3;0;2;0;1;0;0;1;0;0;1
207423;11;4;4300620;2018;11;16;3;3;6;4;1;1;0;1;0;0;0;0
207424;11;8;8100312;2018;11;9;6;3;3;6;0;0;0;0;1;0;1;0
207425;11;4;4300624;2018;11;13;3;3;1;5;0;1;1;0;0;0;0;0
207426;11;11;11300722;2018;11;18;5;2;6;2;2;0;1;1;0;0;0;0
207427;11;2;2400623;2018;11;9;6;3;5;2;0;0;1;0;0;0;1;0
207428;11;4;4100101;2018;11;23;5;2;5;3;2;0;1;0;0;0;0;0
207429;11;1;1100207;2018;11;8;6;3;5;2;0;1;0;0;0;0;1;0
207430;11;4;4400835;2018;11;16;4;2;5;2;1;0;1;0;0;0;0;0
207431;11;4;4501146;2018;11;8;6;3;2;2;0;1;1;0;0;0;0;0
207432;11;6;6200314;2018;11;12;3;3;6;2;0;0;1;1;0;0;0;0
207433;11;3;3400828;2018;11;7;6;2;3;2;0;1;1;0;0;0;0;0
207434;11;1;1200628;2018;11;7;6;2;6;4;0;0;1;1;0;0;0;0
207435;11;4;4200311;2018;11;12;3;3;5;3;0;1;1;0;0;0;0;0
207436;11;10;10300731;2018;11;7;6;3;0;2;0;1;1;0;0;0;0;0
207437;11;1;1100207;2018;11;11;3;3;5;7;0;1;1;0;0;0;0;0
207438;11;8;8100311;2018;11;13;5;3;5;3;0;1;0;0;0;0;1;0
207439;11;7;7300517;2018;11;18;5;3;1;5;2;1;1;0;0;0;0;0
207440;11;2;2100102;2018;11;10;3;3;3;6;0;1;1;0;0;0;0;0
207441;11;1;1100206;2018;11;18;5;3;5;3;2;1;1;0;0;0;0;0
207442;11;1;1200519;2018;11;8;3;3;5;2;0;1;1;0;0;0;0;0
207443;11;4;4300621;2018;11;17;5;3;0;1;2;1;0;0;0;0;0;0
207444;11;6;6300528;2018;11;17;5;2;1;5;2;0;1;0;0;0;0;0
207445;11;5;5100317;2018;11;8;3;3;5;2;0;0;1;0;0;0;0;0
207446;11;7;7601340;2018;11;16;5;3;5;2;1;1;1;0;0;0;0;0
207447;11;4;4300517;2018;11;8;3;3;4;6;0;1;1;0;0;0;0;0
207448;11;1;1100310;2018;11;15;5;3;5;3;0;1;0;0;0;0;1;0
207449;11;6;6200421;2018;11;8;3;3;2;7;0;0;1;0;0;0;1;0
207450;11;3;3601450;2018;11;9;5;2;1;5;0;1;1;0;0;0;1;0
207451;11;5;5200632;2018;11;15;5;3;5;2;0;0;1;0;0;0;1;0
207452;11;7;7300517;2018;11;19;2;3;5;2;2;1;1;0;0;0;0;0
207453;11;8;8200624;2018;11;15;5;2;5;2;0;0;1;0;1;0;0;1
207454;11;3;3100101;2018;11;19;2;3;6;6;2;0;1;1;0;0;0;1
207455;11;1;1200520;2018;11;17;5;3;5;2;1;1;1;0;0;0;0;0
207456;11;7;7400927;2018;11;14;6;2;6;4;0;0;1;1;0;0;0;0
207457;11;11;11501341;2018;11;14;5;2;6;4;0;0;0;1;0;0;1;0
207458;11;8;8100314;2018;11;19;4;3;5;7;2;1;1;0;0;0;0;0
207459;11;2;2300417;2018;11;22;5;3;0;7;2;0;1;0;1;0;0;0
207460;11;10;10300734;2018;11;19;2;3;6;4;2;1;0;1;0;0;0;1
207461;11;8;8200832;2018;11;7;5;3;2;2;1;0;1;0;0;0;0;0
207462;11;1;1100310;2018;11;12;5;3;6;4;0;0;1;1;0;0;0;0
207463;11;12;12500930;2018;11;19;5;3;5;2;2;0;1;0;0;0;0;0
207464;11;5;5300735;2018;11;18;2;3;4;1;1;0;1;0;0;0;0;1
207465;11;7;7400720;2018;11;12;5;3;1;5;0;1;1;0;0;0;0;0
207466;11;4;4300619;2018;11;12;5;3;5;3;0;1;1;0;0;0;0;0
207467;11;5;5200632;2018;11;18;2;3;2;6;2;0;1;0;0;0;0;1
207468;11;9;9200819;2018;11;12;5;3;2;6;0;0;1;0;0;0;0;0
207469;11;2;2300314;2018;11;7;6;3;5;2;0;1;0;0;0;1;0;0
207470;11;11;11401136;2018;11;18;5;2;6;4;2;0;1;1;0;0;0;0
207471;11;8;8100415;2018;11;17;4;2;6;7;2;0;1;1;0;0;0;0
207472;11;4;4300518;2018;11;17;5;3;5;2;2;0;1;0;1;0;0;0
207473;11;4;4500937;2018;11;12;5;3;1;5;0;1;1;0;0;0;0;0
207474;11;10;10200421;2018;11;16;2;3;5;3;2;0;1;0;0;0;0;1
207475;11;9;9301126;2018;11;11;5;3;0;7;0;1;1;0;0;0;0;0
207476;11;11;11300725;2018;11;10;5;3;5;3;0;0;1;0;0;0;1;0
207477;11;1;1100415;2018;11;9;5;3;0;1;0;0;0;0;1;0;0;0
207478;11;7;7100205;2018;11;9;5;3;2;2;0;0;1;0;0;0;0;0
207479;11;4;4400726;2018;11;15;2;3;5;2;0;0;1;0;0;0;1;1
207480;11;2;2100102;2018;11;9;5;3;5;3;0;1;1;0;0;0;0;0
207481;11;7;7100101;2018;11;8;5;3;2;6;0;0;1;0;0;0;0;0
207482;11;12;12500930;2018;11;14;2;3;6;4;0;0;1;1;0;0;0;1
207483;11;4;4501042;2018;11;8;5;3;1;5;0;1;1;0;0;0;0;0
207484;11;7;7200308;2018;11;19;5;3;2;6;2;1;1;0;0;0;0;0
207485;11;2;2500835;2018;11;8;5;3;5;2;0;1;1;0;0;0;0;0
207486;11;1;1200517;2018;11;16;4;2;5;3;2;0;1;0;1;0;0;0
207487;11;7;7300619;2018;11;8;5;3;0;2;0;1;0;0;0;0;1;0
207488;11;8;8200730;2018;11;14;2;3;5;7;0;0;1;0;0;0;0;1
207489;11;9;9301025;2018;11;7;5;3;5;3;0;1;1;0;0;0;0;1
207490;11;3;3400725;2018;11;14;2;3;5;2;0;1;1;0;0;0;0;1
207491;11;2;2200210;2018;11;6;5;3;2;3;1;1;1;0;0;0;0;0
207492;11;1;1100310;2018;11;13;2;2;0;1;0;1;0;0;0;0;0;1
207493;11;7;7601339;2018;11;12;5;3;2;7;0;0;1;0;1;0;0;0
207494;11;12;12200307;2018;11;13;2;3;5;3;0;0;1;0;0;0;0;1
207495;11;9;9200717;2018;11;5;5;3;8;1;2;0;1;0;0;0;0;1
207496;11;6;6200317;2018;11;13;2;3;5;3;0;1;1;0;0;0;0;1
207497;11;12;12400720;2018;11;17;5;3;6;7;2;1;0;1;0;0;0;0
207498;11;2;2300316;2018;11;0;5;3;2;6;2;0;1;0;0;0;0;0
207499;11;12;12500926;2018;11;13;2;3;5;2;0;1;1;0;0;0;0;1
207500;11;1;1200520;2018;11;21;4;2;2;6;2;0;1;0;0;0;0;0
207501;11;1;1200623;2018;11;12;2;3;1;5;0;0;1;0;0;0;1;0
207502;11;4;4501040;2018;11;20;4;2;0;7;2;0;1;0;1;0;0;0
207503;11;1;1100206;2018;11;19;4;3;6;4;2;0;1;1;0;0;0;0
207504;11;10;10400940;2018;11;13;2;3;2;6;0;0;1;0;0;0;0;1
207505;11;6;6100208;2018;11;8;5;3;5;3;0;1;1;0;0;0;0;0
207506;11;2;2500835;2018;11;19;4;3;3;6;2;1;1;0;0;0;0;0
207507;11;1;1100415;2018;11;12;2;3;0;6;0;0;1;0;0;0;1;1
207508;11;1;1100308;2018;11;7;4;3;0;6;2;1;0;0;0;0;1;0
207509;11;4;4501042;2018;11;19;4;3;1;5;2;1;1;0;0;0;0;1
207510;11;6;6100101;2018;11;12;2;3;0;7;0;0;1;0;0;0;0;1
207511;11;4;4300416;2018;11;17;4;3;3;6;2;0;1;0;1;0;0;0
207512;11;6;6100210;2018;11;9;2;3;2;6;0;0;1;0;0;0;0;0
207513;11;7;7501029;2018;11;17;4;2;1;5;2;0;1;0;1;0;0;0
207514;11;11;11100206;2018;11;17;4;3;5;2;2;0;0;0;1;0;0;1
207515;11;3;3400723;2018;11;9;2;2;2;6;0;0;1;0;1;0;1;1
207516;11;8;8100521;2018;11;8;4;3;1;5;0;1;1;0;0;0;0;0
207517;11;3;3701657;2018;11;17;4;3;5;3;2;1;1;0;0;0;0;0
207518;11;7;7300619;2018;11;16;4;2;1;5;2;0;1;0;1;0;0;1
207519;11;8;8100310;2018;11;9;2;3;0;5;0;0;1;0;0;0;0;1
207520;11;9;9502043;2018;11;18;4;3;0;1;2;1;0;0;0;0;0;1
207521;11;1;1100309;2018;11;16;4;3;5;3;1;1;0;0;0;0;1;0
207522;11;5;5100103;2018;11;9;2;3;2;2;0;0;1;0;0;0;1;0
207523;11;7;7601341;2018;11;15;4;2;5;3;0;1;1;0;0;0;0;0
207524;11;3;3601449;2018;11;19;5;3;6;2;2;0;1;1;0;0;0;0
207525;11;7;7100204;2018;11;14;4;3;5;3;0;1;1;0;0;0;0;0
207526;11;6;6300633;2018;11;8;2;2;0;3;0;1;0;0;0;0;1;0
207527;11;12;12500930;2018;11;18;4;2;2;2;1;0;1;0;0;0;0;0
207528;11;10;10400939;2018;11;12;6;3;5;3;0;0;1;0;0;0;0;1
207529;11;2;2200210;2018;11;18;4;3;2;6;0;0;1;0;0;0;0;0
207530;11;11;11501341;2018;11;18;4;2;0;1;2;0;1;0;0;0;0;1
207531;11;2;2500836;2018;11;15;4;3;5;7;1;1;1;0;0;0;0;1
207532;11;1;1100206;2018;11;17;4;3;5;7;1;1;1;0;0;0;0;0
207533;11;3;3701556;2018;11;9;2;3;5;2;0;1;0;0;0;0;1;1
207534;11;1;1100206;2018;11;12;4;3;1;5;0;1;0;0;0;0;1;0
207535;11;8;8401241;2018;11;7;4;3;2;2;0;0;1;0;0;0;0;1
207536;11;5;5200629;2018;11;17;2;3;0;7;2;0;0;0;1;0;0;1
207537;11;6;6400737;2018;11;7;4;3;5;2;0;0;1;0;0;0;0;1
207538;11;4;4501150;2018;11;17;2;3;2;6;2;1;1;0;0;0;0;0
207539;11;6;6200420;2018;11;18;5;3;1;5;2;1;1;0;0;0;0;0
207540;11;1;1200623;2018;11;6;4;3;1;5;1;1;1;0;0;0;0;0
207541;11;3;3601451;2018;11;9;4;3;6;4;0;0;0;1;1;0;0;0
207542;11;10;10100209;2018;11;5;4;3;3;6;2;0;1;0;1;0;0;1
207543;11;11;11501340;2018;11;17;4;3;5;2;2;1;1;0;0;0;0;0
207544;11;3;3601346;2018;11;13;4;3;5;2;0;0;0;0;1;0;1;0
207545;11;8;8401243;2018;11;7;2;3;5;3;1;1;1;0;0;0;0;0
207546;11;4;4501045;2018;11;14;4;3;2;6;0;0;1;0;0;0;0;0
207547;11;2;2200213;2018;11;11;4;3;5;3;0;1;1;0;0;0;0;0
207548;11;10;10400941;2018;11;7;2;3;5;3;1;1;1;0;0;0;0;0
207549;11;5;5300737;2018;11;10;4;3;3;6;0;0;1;0;0;0;0;1
207550;11;8;8100104;2018;11;17;2;3;6;4;2;1;0;1;0;0;1;0
207551;11;5;5100211;2018;11;15;5;3;5;2;0;0;1;0;0;0;0;0
207552;11;1;1100313;2018;11;10;4;3;5;5;0;1;1;0;0;0;0;1
207553;11;3;3300516;2018;11;6;2;3;0;3;2;0;0;0;1;0;1;0
207554;11;7;7100205;2018;11;9;4;3;5;3;0;1;1;0;0;0;0;1
207555;11;3;3501037;2018;11;5;2;3;5;3;2;0;1;0;0;0;0;1
207556;11;1;1100207;2018;11;6;4;2;6;2;2;0;1;1;0;0;0;1
207557;11;6;6400735;2018;11;8;4;3;2;6;0;0;1;0;0;0;0;1
207558;11;7;7200308;2018;11;17;2;3;2;6;2;0;1;0;0;0;0;1
207559;11;12;12200412;2018;11;4;2;2;5;7;2;0;1;0;1;0;0;1
207560;11;1;1300731;2018;11;8;4;3;2;6;0;0;1;0;0;0;0;1
207561;11;1;1300834;2018;11;3;2;3;0;3;2;0;1;0;1;0;0;1
207562;11;8;8301036;2018;11;8;4;3;2;6;0;0;1;0;0;0;0;1
207563;11;7;7601443;2018;11;3;2;3;1;7;2;0;1;0;0;0;0;1
207564;11;10;10200418;2018;11;9;5;3;5;2;0;0;1;0;0;0;0;1
207565;11;1;1400938;2018;11;8;4;3;0;7;0;1;1;0;0;0;0;1
207566;11;10;10400835;2018;11;16;2;3;2;6;2;0;1;0;0;0;0;1
207567;11;5;5200630;2018;11;12;4;2;2;6;0;0;1;0;0;0;0;0
207568;11;5;5200631;2018;11;2;2;3;1;1;2;0;1;0;0;0;1;1
207569;11;9;9501939;2018;11;9;4;2;5;3;0;1;0;0;1;0;0;1
207570;11;11;11200514;2018;11;15;6;3;6;4;0;0;1;1;0;0;0;0
207571;11;5;5300736;2018;11;8;4;2;5;2;0;1;1;0;0;0;0;1
207572;11;1;7100102;2018;11;20;4;3;2;6;2;0;1;0;1;0;0;1
207573;11;12;12601236;2018;11;8;4;3;2;6;0;0;1;0;0;0;0;1
207574;11;6;6300634;2018;11;13;4;3;5;2;0;0;1;0;0;0;0;0
207575;11;9;9502043;2018;11;16;2;3;2;2;2;0;1;0;0;0;0;1
207576;11;10;10400938;2018;11;14;4;3;0;7;0;0;0;0;0;0;1;0
207577;11;3;3200206;2018;11;7;5;3;4;6;0;1;1;0;0;0;0;0
207578;11;4;4300619;2018;11;15;4;3;0;2;0;1;1;0;0;0;0;1
207579;11;1;1401044;2018;11;19;4;3;6;7;2;1;0;1;0;0;0;0
207580;11;1;3701556;2018;11;0;2;2;6;4;2;1;0;1;0;0;0;1
207581;11;2;2200211;2018;11;21;4;3;1;5;2;1;1;0;0;0;0;0
207582;11;7;7400928;2018;11;22;4;3;5;2;2;1;1;0;0;0;0;0
207583;11;3;3500933;2018;11;16;2;3;6;4;2;0;1;1;0;0;0;1
207584;11;9;9200715;2018;11;9;4;3;2;6;0;0;1;0;0;0;0;0
207585;11;3;3500933;2018;11;9;6;3;6;4;0;1;0;1;0;0;0;0
207586;11;6;6400844;2018;11;6;4;2;0;3;2;0;1;0;1;0;0;1
207587;11;6;6400838;2018;11;17;4;3;5;3;2;0;1;0;0;0;1;0
207588;11;12;12200412;2018;11;2;4;1;0;6;2;0;1;0;0;0;0;1
207589;11;1;1100207;2018;11;16;3;3;6;4;0;0;0;1;0;0;1;0
207590;11;4;4501149;2018;11;16;2;3;5;3;0;0;1;0;1;0;0;0
207591;11;9;9501939;2018;11;6;3;3;0;2;2;1;1;0;0;0;0;0
207592;11;2;2100103;2018;11;17;3;3;0;7;2;1;0;0;0;0;0;1
207593;11;11;11200410;2018;11;15;2;2;6;4;1;0;1;1;0;0;0;1
207594;11;7;7400823;2018;11;17;3;3;6;2;2;0;1;1;0;0;0;0
207595;11;1;1300836;2018;11;15;2;3;5;2;1;0;1;0;0;0;0;1
207596;11;1;1100309;2018;11;9;3;3;6;2;0;0;1;1;0;0;0;1
207597;11;5;5100211;2018;11;15;2;3;5;2;0;1;1;0;0;0;0;1
207598;11;11;10100205;2018;11;7;3;3;5;2;0;0;1;0;0;0;1;1
207599;11;1;1100206;2018;11;20;5;3;2;6;2;1;1;0;0;0;0;0
207600;11;3;3701554;2018;11;21;3;3;5;3;2;1;1;0;0;0;0;1
207601;11;5;5300737;2018;11;16;4;3;2;6;2;0;1;0;1;0;0;0
207602;11;1;1200517;2018;11;21;3;3;5;3;2;0;1;0;0;0;0;1
207603;11;4;4200311;2018;11;14;2;3;1;5;0;0;1;0;0;0;0;0
207604;11;6;6200316;2018;11;20;3;3;1;3;2;0;1;0;1;0;0;1
207605;11;5;5100316;2018;11;15;2;3;6;2;0;0;1;1;0;0;0;1
207606;11;11;11400927;2018;11;14;2;3;0;1;0;0;0;0;1;0;0;1
207607;11;11;11400929;2018;11;13;5;3;0;3;0;0;1;0;1;0;0;0
207608;11;7;7601544;2018;11;8;3;3;6;4;2;0;1;1;0;0;0;1
207609;11;9;9501939;2018;11;13;4;2;5;2;0;0;0;0;1;0;1;0
207610;11;1;1100308;2018;12;21;2;3;1;5;2;1;1;0;0;0;1;0
207611;11;11;11100309;2018;11;12;4;3;5;3;0;1;1;0;0;0;0;0
207612;11;6;6100207;2018;12;17;2;3;2;6;2;0;1;0;0;0;0;1
207613;11;8;8200726;2018;11;12;4;2;6;2;0;0;1;1;0;0;0;0
207614;11;8;8200726;2018;12;16;2;3;5;3;2;0;1;0;0;0;0;0
207615;11;3;3701556;2018;11;14;4;3;3;6;0;1;1;0;0;0;0;0
207616;11;12;12100101;2018;11;11;4;3;2;6;0;0;1;0;0;1;0;0
207617;11;5;5200632;2018;12;18;2;3;3;6;2;0;1;0;0;0;0;1
207618;11;12;12200414;2018;11;11;4;3;2;6;0;0;1;0;0;0;0;0
207619;11;3;3200308;2018;11;11;4;3;5;3;0;0;1;0;0;0;0;0
207620;11;10;10300731;2018;12;19;2;2;5;3;2;0;1;0;0;0;1;1
207621;11;7;7300619;2018;11;18;4;2;2;7;2;0;1;0;0;0;1;0
207622;11;1;1400937;2018;12;18;2;3;2;6;2;0;1;0;0;0;0;0
207623;11;11;11300725;2018;11;18;4;3;3;6;2;1;1;0;0;0;0;0
207624;11;9;9100203;2018;12;17;2;3;5;2;2;1;1;0;0;0;0;1
207625;11;11;11400929;2018;11;18;4;3;5;7;2;0;1;0;0;0;0;0
207626;11;4;4300619;2018;12;9;2;3;5;3;0;1;1;0;0;0;0;1
207627;11;3;3601141;2018;11;1;4;3;6;2;2;0;1;1;0;0;0;0
207628;11;5;5300838;2018;12;8;2;2;0;6;0;0;0;0;1;0;1;1
207629;11;7;7400823;2018;12;8;2;3;5;3;1;1;1;0;0;0;0;1
207630;11;4;4501045;2018;11;17;4;3;5;3;2;1;1;0;0;0;0;0
207631;11;7;7200410;2018;11;18;4;3;6;7;2;0;1;1;0;0;0;0
207632;11;5;5200630;2018;12;8;2;3;6;4;0;0;1;1;0;0;0;1
207633;11;4;4200311;2018;12;8;2;3;0;6;0;0;1;0;1;0;0;1
207634;11;10;10400939;2018;11;17;4;3;5;2;2;0;1;0;1;0;0;0
207635;11;6;6200313;2018;12;7;2;3;5;3;1;1;1;0;0;0;0;1
207636;11;9;9200715;2018;12;7;2;3;5;3;1;1;1;0;0;0;0;1
207637;11;5;5400943;2018;11;17;4;3;6;4;2;0;1;1;0;0;0;0
207638;11;8;8200831;2018;12;7;2;2;5;3;1;1;1;0;0;0;0;1
207639;11;4;4300619;2018;11;17;4;3;6;4;2;0;0;1;0;0;1;0
207640;11;8;8200832;2018;12;7;2;3;6;4;1;0;1;1;0;0;0;1
207641;11;9;9502043;2018;11;10;4;3;5;3;0;0;1;0;0;0;0;0
207642;11;1;1401048;2018;12;11;2;2;5;3;0;1;1;0;0;0;0;1
207643;11;5;5300841;2018;12;7;2;3;6;2;2;0;1;1;0;0;0;1
207644;11;4;4300624;2018;11;10;4;3;2;2;0;1;1;0;0;0;0;0
207645;11;7;7400826;2018;12;6;2;3;5;3;2;0;1;0;0;0;1;1
207646;11;11;11100204;2018;12;6;2;3;6;2;2;0;0;1;0;0;1;1
207647;11;12;12400616;2018;11;10;4;2;2;2;0;1;1;0;0;0;0;0
207648;11;1;1100415;2018;12;5;2;2;0;1;2;1;0;0;0;0;0;1
207649;11;3;3400619;2018;12;21;1;3;6;2;2;0;1;1;0;0;0;1
207650;11;3;3400620;2018;11;10;4;3;1;5;0;0;1;0;0;0;0;0
207651;11;5;5200630;2018;12;20;1;2;6;4;2;0;0;1;0;0;1;1
207652;11;9;9200716;2018;11;9;4;3;5;3;0;1;1;0;0;0;0;0
207653;11;3;3501038;2018;12;19;1;3;5;2;2;1;1;0;0;0;0;1
207654;11;7;7100101;2018;11;9;4;3;2;6;0;0;1;0;0;1;0;0
207655;11;10;10200421;2018;12;19;1;3;6;4;2;0;1;1;0;0;0;1
207656;11;1;1401047;2018;11;9;4;3;6;4;0;0;1;1;0;0;0;0
207657;11;1;1100103;2018;12;19;1;3;6;2;2;0;1;1;0;0;0;1
207658;11;1;1100205;2018;11;6;4;3;6;2;1;0;1;1;0;0;0;0
207659;11;5;5100316;2018;12;19;1;3;1;5;2;0;1;0;0;0;1;1
207660;11;4;4400835;2018;11;8;4;3;6;2;1;0;0;1;0;0;1;0
207661;11;12;12200309;2018;12;18;1;3;2;6;2;0;1;0;0;0;0;1