OBJECTID;LAND;BEZ;LOR_ab_2021;UJAHR;UMONAT;USTUNDE;UWOCHENTAG;UKATEGORIE;UART;UTYP1;ULICHTVERH;IstRad;IstPKW;IstFuss;IstKrad;IstGkfz;IstSonstige;USTRZUSTAND
207662;11;6;6100209;2018;12;14;1;3;0;7;0;0;1;0;1;0;0;0
207663;11;1;1100308;2018;11;18;4;3;2;2;2;1;1;0;0;0;0;0
207664;11;8;8401246;2018;11;8;4;3;5;3;0;1;1;0;0;0;0;0
207665;11;11;11401032;2018;12;18;1;3;2;6;2;0;1;0;0;0;0;1
207666;11;8;8401241;2018;11;8;4;3;2;2;0;0;1;0;0;0;0;0
207667;11;2;2300315;2018;11;7;4;3;5;3;0;0;1;0;0;0;0;0
207668;11;1;1200522;2018;12;18;1;3;6;2;2;0;1;1;0;0;0;1
207669;11;7;7400721;2018;11;6;4;3;3;6;2;0;1;0;0;1;0;0
207670;11;2;2500833;2018;12;13;1;3;5;2;0;1;1;0;0;0;0;0
207671;11;3;3400830;2018;11;6;4;3;5;2;2;1;1;0;0;0;0;0
207672;11;4;4300622;2018;12;12;1;3;5;3;0;0;1;0;0;0;0;0
207673;11;2;2200212;2018;11;14;4;3;5;2;0;1;1;0;0;0;0;0
207674;11;11;11501238;2018;12;17;1;3;6;2;2;0;1;1;0;0;0;1
207675;11;3;3500932;2018;11;6;4;3;6;4;1;0;1;1;0;0;0;0
207676;11;12;12400619;2018;11;16;4;3;7;7;2;0;1;0;0;0;0;0
207677;11;11;11300618;2018;12;17;1;2;6;4;1;0;0;1;0;0;1;1
207678;11;3;3601453;2018;11;10;4;3;6;2;0;0;1;1;0;0;0;0
207679;11;7;7501029;2018;12;16;1;2;6;2;1;0;1;1;0;0;0;1
207680;11;3;3501038;2018;11;16;4;3;5;3;2;0;1;0;0;0;0;0
207681;11;3;3701554;2018;11;15;4;2;6;4;0;1;0;1;0;0;0;0
207682;11;1;1300834;2018;12;16;1;2;6;2;1;0;1;1;0;0;0;1
207683;11;2;2500835;2018;11;15;4;3;5;3;0;1;1;0;0;0;0;0
207684;11;5;5300736;2018;12;15;1;3;5;3;1;0;1;0;0;0;0;1
207685;11;4;4500936;2018;11;14;4;3;3;6;0;1;1;0;0;0;0;0
207686;11;1;1100415;2018;12;15;1;3;1;5;1;1;1;0;0;0;1;1
207687;11;1;1300733;2018;11;7;4;3;0;7;0;1;1;0;0;0;0;0
207688;11;3;3500932;2018;12;14;1;3;2;3;0;0;1;0;1;0;0;1
207689;11;1;1400942;2018;11;14;3;3;0;4;0;1;0;1;0;0;0;0
207690;11;5;5200630;2018;11;17;3;3;5;3;2;0;1;0;0;0;0;0
207691;11;2;2400521;2018;12;14;1;3;5;3;0;0;1;0;0;0;0;1
207692;11;2;2100101;2018;12;13;1;2;1;5;1;1;1;0;0;0;0;1
207693;11;7;7100102;2018;11;16;3;3;2;6;1;0;1;0;0;0;0;0
207694;11;8;8100102;2018;12;8;1;2;1;1;0;0;1;0;0;1;0;0
207695;11;7;7400721;2018;12;6;1;2;8;1;2;0;1;0;0;0;0;1
207696;11;2;2200210;2018;11;15;3;3;0;1;0;1;0;0;0;0;0;0
207697;11;10;10100311;2018;12;5;1;2;9;1;2;0;1;0;0;0;0;1
207698;11;8;8401242;2018;12;17;1;1;6;4;2;0;1;1;0;0;0;1
207699;11;8;8100417;2018;11;15;3;3;2;6;0;0;1;0;0;0;0;0
207700;11;10;10100103;2018;12;17;7;3;5;3;2;0;1;0;0;0;1;1
207701;11;7;7400927;2018;11;12;3;3;2;6;0;0;1;0;0;0;0;0
207702;11;7;7300516;2018;12;17;7;3;5;2;1;0;1;0;1;0;0;1
207703;11;2;2200209;2018;11;9;3;3;2;6;0;0;1;0;1;0;0;0
207704;11;8;8100207;2018;12;16;7;3;5;5;0;0;1;0;1;0;0;0
207705;11;6;6100209;2018;11;9;3;3;3;2;0;1;1;0;0;0;0;0
207706;11;7;7601236;2018;12;17;7;3;2;6;2;0;1;0;0;0;0;1
207707;11;3;3300515;2018;12;17;7;3;2;6;2;0;1;0;0;0;0;1
207708;11;1;1300834;2018;11;17;3;3;5;3;2;1;1;0;0;0;0;0
207709;11;4;4400835;2018;12;17;7;3;0;6;2;0;0;1;1;0;0;1
207710;11;8;8300935;2018;12;17;7;3;3;6;2;0;1;0;0;0;0;1
207711;11;1;1100101;2018;11;9;3;3;5;3;0;1;1;0;0;0;0;0
207712;11;3;3601450;2018;12;16;7;3;5;2;2;0;1;0;0;0;0;1
207713;11;8;8300934;2018;11;9;3;2;5;2;0;0;1;0;0;0;0;0
207714;11;11;11200514;2018;11;8;3;3;2;2;0;1;1;0;0;0;0;0
207715;11;12;12200515;2018;12;15;7;3;5;3;0;0;1;0;1;0;0;1
207716;11;2;2400623;2018;11;8;3;2;5;3;0;1;0;0;0;0;0;0
207717;11;6;6300525;2018;12;15;7;2;5;3;1;0;1;0;1;0;0;1
207718;11;7;7300517;2018;11;8;3;3;2;6;0;0;1;0;0;0;0;0
207719;11;4;4200310;2018;12;14;7;3;2;6;0;0;1;0;0;0;0;1
207720;11;8;8200831;2018;11;7;3;3;5;3;0;1;1;0;0;0;0;0
207721;11;6;6300528;2018;12;14;7;3;5;3;0;0;1;0;0;0;0;1
207722;11;12;12200515;2018;12;13;7;3;5;2;0;0;1;0;0;0;0;1
207723;11;11;11100101;2018;11;7;4;3;5;3;1;1;1;0;0;0;0;0
207724;11;10;10200417;2018;11;7;3;3;6;2;0;0;1;1;0;0;0;1
207725;11;9;9401635;2018;12;12;7;3;5;3;0;0;1;0;0;0;0;1
207726;11;4;4300517;2018;11;7;3;2;5;3;1;1;1;0;0;0;0;0
207727;11;3;3501038;2018;11;6;3;3;5;3;2;1;1;0;0;0;0;1
207728;11;6;6100102;2018;12;11;7;2;6;3;0;0;1;1;0;0;0;0
207729;11;10;10400938;2018;11;6;3;3;1;5;2;1;1;0;0;0;0;0
207730;11;10;10200417;2018;12;19;7;3;2;6;2;0;1;0;0;0;1;1
207731;11;6;6200311;2018;11;21;3;3;5;3;2;0;1;0;0;0;0;0
207732;11;2;2300314;2018;12;2;7;3;3;6;2;1;1;0;0;0;0;0
207733;11;6;6200421;2018;12;18;7;3;6;2;2;0;1;1;0;0;0;0
207734;11;2;2300315;2018;11;20;3;3;2;6;2;1;0;0;0;0;0;0
207735;11;2;2400625;2018;12;5;7;3;0;1;2;0;0;0;0;0;1;1
207736;11;9;9200512;2018;11;13;4;3;6;7;0;0;1;1;0;0;0;0
207737;11;8;8100418;2018;11;19;3;3;6;2;2;0;1;1;0;0;0;0
207738;11;4;4300415;2018;12;15;7;3;0;2;0;1;1;0;0;0;0;1
207739;11;1;1200628;2018;11;18;3;3;5;3;1;0;1;0;0;0;0;0
207740;11;12;12200412;2018;11;1;3;2;1;5;2;0;1;0;1;0;0;0
207741;11;2;2200209;2018;11;21;6;3;0;7;2;0;1;0;0;0;0;1
207742;11;6;6400843;2018;11;8;2;2;1;5;0;1;1;0;0;0;1;0
207743;11;2;2200210;2018;11;22;6;3;5;2;2;1;1;0;0;0;0;1
207744;11;12;12100102;2018;11;22;2;3;1;5;2;1;1;0;0;0;0;0
207745;11;5;5200629;2018;11;20;6;3;6;2;2;0;1;1;0;0;0;1
207746;11;7;7300517;2018;11;19;2;3;6;4;2;1;0;1;0;0;0;0
207747;11;12;12601235;2018;11;19;6;3;6;2;2;0;1;1;0;0;0;1
207748;11;4;4300621;2018;11;19;2;3;6;4;2;0;1;1;0;0;0;0
207749;11;4;4501045;2018;11;14;4;3;5;3;0;1;1;0;0;0;0;0
207750;11;1;1100205;2018;11;19;6;3;0;2;2;0;1;0;1;0;0;1
207751;11;7;7501031;2018;11;19;2;3;5;7;2;0;1;0;0;0;0;0
207752;11;6;6200317;2018;11;18;2;2;5;7;2;0;1;0;0;0;0;0
207753;11;1;1200623;2018;11;19;6;3;6;2;2;0;1;1;0;0;0;1
207754;11;9;9301126;2018;11;19;6;3;0;2;2;1;0;0;0;1;0;1
207755;11;1;1100309;2018;11;18;2;3;1;5;2;0;1;0;1;0;0;0
207756;11;12;12200515;2018;11;19;6;3;2;7;2;0;1;0;0;0;0;1
207757;11;6;6400841;2018;11;18;6;3;5;3;2;1;1;0;0;0;0;1
207758;11;6;6300524;2018;11;18;2;3;5;2;2;0;1;0;0;0;1;0
207759;11;8;8100311;2018;11;18;6;3;6;7;2;0;1;1;0;0;0;1
207760;11;12;12500824;2018;11;18;2;3;3;2;2;0;1;0;0;0;1;1
207761;11;1;1200520;2018;11;18;6;2;6;2;2;0;1;1;0;0;0;1
207762;11;5;5200632;2018;11;17;2;3;2;7;2;0;1;0;0;0;0;0
207763;11;9;9502043;2018;11;14;6;3;2;6;0;0;1;0;0;0;1;1
207764;11;10;10400939;2018;11;14;6;3;5;3;0;1;1;0;0;0;0;1
207765;11;3;3400829;2018;11;17;2;2;6;6;2;0;1;1;0;0;0;0
207766;11;11;11100307;2018;11;14;6;3;0;2;0;1;1;0;0;0;0;1
207767;11;6;6400841;2018;11;14;6;3;5;3;1;1;1;0;0;0;0;1
207768;11;1;1200627;2018;11;13;6;2;1;5;0;0;1;0;0;1;0;1
207769;11;1;1100102;2018;11;18;6;3;5;3;2;1;1;0;0;0;0;1
207770;11;10;10200421;2018;11;16;2;3;5;3;2;0;1;0;0;0;0;0
207771;11;2;2300417;2018;11;11;6;3;5;3;0;0;1;0;0;1;0;1
207772;11;4;4300624;2018;11;18;6;3;6;2;2;0;1;1;0;0;0;1
207773;11;11;11300620;2018;11;16;2;3;0;1;2;1;0;0;0;0;0;0
207774;11;3;3601450;2018;11;9;6;3;5;2;0;0;1;0;0;0;0;0
207775;11;11;11501238;2018;11;16;2;3;3;6;2;0;1;0;0;0;0;0
207776;11;1;1400942;2018;11;10;6;2;5;2;0;1;1;0;0;0;0;1
207777;11;7;7501030;2018;11;15;2;3;6;6;1;0;0;1;0;1;0;0
207778;11;12;12400720;2018;11;9;6;3;5;3;0;0;1;0;0;0;0;0
207779;11;11;11300618;2018;11;15;2;3;1;5;1;0;1;0;0;0;0;0
207780;11;3;3500933;2018;11;8;6;3;6;4;0;0;1;1;0;0;0;0
207781;11;2;2200209;2018;11;18;4;3;0;7;2;1;0;0;0;0;0;1
207782;11;7;7400822;2018;12;16;2;3;6;2;2;0;1;1;0;0;0;1
207783;11;8;8100102;2018;11;17;2;3;2;6;1;0;1;0;0;0;0;0
207784;11;5;5100315;2018;11;8;6;3;5;7;0;0;1;0;0;0;1;0
207785;11;1;1100310;2018;11;14;2;3;0;7;0;0;0;0;0;0;1;0
207786;11;2;2400521;2018;11;9;2;3;1;7;0;0;1;0;0;0;0;0
207787;11;9;9100408;2018;12;11;2;3;6;7;0;1;0;1;0;0;0;0
207788;11;4;4200308;2018;11;8;2;3;2;2;0;0;1;0;0;0;1;0
207789;11;6;6100209;2018;11;7;6;3;5;2;1;0;1;0;0;0;0;0
207790;11;2;2100106;2018;11;12;2;3;3;6;0;1;0;0;0;0;1;0
207791;11;12;12601235;2018;11;15;2;3;0;5;2;0;1;0;0;0;1;0
207792;11;1;1200517;2018;11;0;6;3;9;1;2;0;1;0;0;0;0;0
207793;11;11;11200410;2018;11;15;2;3;5;7;0;0;0;0;0;1;1;0
207794;11;9;9200613;2018;11;17;6;3;6;2;2;0;1;1;0;0;0;1
207795;11;1;1200623;2018;12;15;2;3;0;7;0;1;1;0;0;0;0;1
207796;11;1;1401045;2018;11;13;2;3;1;5;0;0;1;0;0;1;0;0
207797;11;2;2400623;2018;11;17;6;3;6;7;2;1;0;1;0;0;0;1
207798;11;3;3200205;2018;11;14;4;3;5;3;0;0;1;0;0;0;1;0
207799;11;6;6400844;2018;12;15;2;3;5;3;0;1;1;0;0;0;0;1
207800;11;3;3601449;2018;11;16;6;3;5;2;2;1;1;0;0;0;0;1
207801;11;4;4501042;2018;11;12;2;3;1;5;0;1;1;0;0;0;1;0
207802;11;4;4501045;2018;11;12;2;3;5;3;0;0;1;0;0;0;1;0
207803;11;1;1100102;2018;11;16;6;3;4;7;2;1;1;0;0;0;0;1
207804;11;4;4300412;2018;11;12;2;3;5;2;0;1;0;0;0;0;1;0
207805;11;1;1100103;2018;11;16;6;3;3;2;2;0;1;0;1;0;0;1
207806;11;12;12200307;2018;12;13;2;3;0;1;0;0;0;0;1;0;0;1
207807;11;7;7100103;2018;11;17;6;3;6;4;2;0;1;1;0;0;0;1
207808;11;3;3200308;2018;11;11;2;3;5;3;0;1;0;0;0;0;1;0
207809;11;6;6300525;2018;11;15;6;3;2;2;2;0;1;0;0;0;0;1
207810;11;8;8300934;2018;12;21;2;3;6;2;2;0;1;1;0;0;0;1
207811;11;12;12200412;2018;11;11;2;3;2;6;0;0;1;0;0;0;0;0
207812;11;8;8100418;2018;11;16;6;3;2;6;2;0;1;0;0;0;0;1
207813;11;9;9501737;2018;12;20;2;3;6;3;2;0;1;1;0;0;0;1
207814;11;12;12500930;2018;11;16;6;3;2;6;2;0;1;0;0;0;0;1
207815;11;10;10100316;2018;11;10;2;3;5;3;0;1;1;0;0;0;0;0
207816;11;4;4501045;2018;11;10;2;3;2;2;0;0;1;0;0;0;0;0
207817;11;4;4500937;2018;11;16;6;3;6;4;2;0;1;1;0;0;0;1
207818;11;11;11100309;2018;11;17;6;2;6;4;2;0;0;1;0;0;1;1
207819;11;11;11300618;2018;11;10;2;3;5;2;0;1;1;0;0;0;0;0
207820;11;4;4500939;2018;11;19;6;3;2;6;2;0;1;0;0;0;0;1
207821;11;7;7200410;2018;11;16;6;3;6;4;2;0;1;1;0;0;0;1
207822;11;7;7100101;2018;12;19;2;3;0;2;2;1;1;0;0;0;0;0
207823;11;7;7400824;2018;11;17;1;3;5;3;1;0;1;0;0;0;0;0
207824;11;12;12200515;2018;11;17;6;3;1;5;2;1;1;0;0;0;0;1
207825;11;12;12200414;2018;11;17;1;3;2;7;2;0;1;0;0;0;0;0
207826;11;4;4300622;2018;12;18;2;3;5;2;2;0;1;0;1;0;0;1
207827;11;3;3500932;2018;11;16;6;3;5;3;2;1;1;0;0;0;0;1
207828;11;1;1200520;2018;11;19;1;3;2;6;2;0;1;0;0;0;0;0
207829;11;1;1400938;2018;11;15;6;3;6;4;1;0;1;1;0;0;0;1
207830;11;12;12500926;2018;11;16;1;3;0;2;2;1;1;0;0;0;0;0
207831;11;9;9200717;2018;12;13;2;3;6;7;0;1;0;1;0;0;0;1
207832;11;12;12400723;2018;11;15;6;3;1;5;0;0;1;0;0;0;0;1
207833;11;1;1100416;2018;11;16;1;3;1;5;1;1;1;0;0;0;0;0
207834;11;8;8100419;2018;11;17;6;3;5;3;2;0;1;0;0;0;0;1
207835;11;1;1100310;2018;11;5;6;1;1;5;2;0;1;0;0;0;1;0
207836;11;5;5200528;2018;11;14;1;3;2;2;0;0;1;0;0;0;0;0
207837;11;2;2400625;2018;11;19;5;3;5;2;2;1;1;0;0;0;0;0
207838;11;1;1100308;2018;11;11;5;3;1;5;0;1;1;0;0;0;0;0
207839;11;12;12200309;2018;12;17;2;2;6;4;2;0;1;1;0;0;0;1
207840;11;1;1100205;2018;11;12;1;3;5;3;0;1;1;0;0;0;0;0
207841;11;1;1401047;2018;11;11;5;2;5;2;0;0;1;0;0;0;0;0
207842;11;3;3601243;2018;11;11;1;3;5;3;0;0;1;0;0;0;0;0
207843;11;11;11400927;2018;11;6;1;3;2;6;2;0;1;0;0;0;0;1
207844;11;7;7601442;2018;11;11;5;3;6;2;0;0;1;1;0;0;0;0
207845;11;2;2300316;2018;11;3;1;3;2;6;2;0;1;0;0;0;0;0
207846;11;4;4300621;2018;11;9;5;3;2;6;0;0;1;0;1;0;0;0
207847;11;4;4300619;2018;11;1;1;3;1;5;2;1;1;0;0;0;0;0
207848;11;1;1401045;2018;11;8;5;3;3;6;0;1;0;0;0;0;0;0
207849;11;6;6400839;2018;11;12;7;3;6;7;0;1;0;1;0;0;0;1
207850;11;4;4400832;2018;11;7;5;3;1;5;0;1;1;0;0;0;0;0
207851;11;12;12500824;2018;11;7;5;3;4;7;1;1;1;0;0;0;0;0
207852;11;12;12200412;2018;11;18;4;3;6;2;2;0;1;1;0;0;0;0
207853;11;11;2500835;2018;12;17;2;3;2;2;2;0;1;0;0;0;0;1
207854;11;9;9200510;2018;11;20;7;3;5;2;2;0;1;0;0;0;1;0
207855;11;10;10400837;2018;11;7;5;3;5;2;0;1;1;0;0;0;0;0
207856;11;2;2500727;2018;11;19;7;3;5;3;2;1;0;0;0;0;0;0
207857;11;1;1200522;2018;11;16;7;3;3;6;2;0;1;0;0;0;0;0
207858;11;6;6300633;2018;11;20;5;3;5;3;2;1;1;0;0;0;0;0
207859;11;3;3400831;2018;11;16;7;3;2;6;2;0;1;0;0;0;0;0
207860;11;12;12500926;2018;11;17;5;3;5;3;2;1;1;0;0;0;0;0
207861;11;1;1200522;2018;12;17;2;3;3;6;2;0;1;0;0;0;1;1
207862;11;8;8100521;2018;11;15;7;3;5;3;1;1;0;0;0;0;1;0
207863;11;10;10200629;2018;11;11;5;3;2;7;0;0;1;0;0;0;0;0
207864;11;4;4200308;2018;11;14;4;3;1;5;0;1;1;0;0;0;0;0
207865;11;10;10200417;2018;12;17;2;3;2;6;2;0;1;0;0;0;0;0
207866;11;1;1200626;2018;11;10;5;3;0;6;0;0;1;0;0;0;1;0
207867;11;12;12500825;2018;11;15;7;3;3;6;1;1;1;0;0;0;0;0
207868;11;4;4501041;2018;11;14;7;3;1;5;0;0;1;0;0;0;0;0
207869;11;10;10100316;2018;11;9;5;2;3;6;0;0;1;0;0;0;1;0
207870;11;6;6100103;2018;11;18;4;3;6;4;2;1;0;1;0;0;0;0
207871;11;7;7601544;2018;11;18;7;3;6;2;2;0;1;1;0;0;0;0
207872;11;11;11100206;2018;11;18;5;3;6;4;2;0;1;1;0;0;0;0
207873;11;7;7300515;2018;11;14;7;3;5;3;0;1;0;0;0;0;1;0
207874;11;1;1300733;2018;11;23;7;2;6;4;2;0;1;1;0;0;0;0
207875;11;4;4100102;2018;11;10;5;3;2;6;0;0;1;0;0;0;0;0
207876;11;8;8200730;2018;11;17;7;2;6;4;1;0;1;1;0;0;0;0
207877;11;2;2400521;2018;11;17;5;3;3;6;1;1;0;0;0;0;0;0
207878;11;7;7100103;2018;11;17;7;2;6;4;2;0;1;1;0;0;0;0
207879;11;8;8100101;2018;11;17;5;3;6;2;1;0;1;1;0;0;0;0
207880;11;4;4501041;2018;11;13;7;2;5;3;0;1;1;0;0;0;0;0
207881;11;10;10400939;2018;11;16;5;3;5;7;2;0;1;0;1;0;0;0
207882;11;1;1100309;2018;11;13;7;2;5;3;0;0;1;0;1;0;0;0
207883;11;4;4501044;2018;11;15;5;3;5;2;1;1;1;0;0;0;0;0
207884;11;12;12200307;2018;11;15;5;3;5;3;1;0;1;0;0;0;0;0
207885;11;9;9100203;2018;11;21;7;3;6;2;2;0;1;1;0;0;0;1
207886;11;4;4300619;2018;11;15;5;3;0;3;1;0;1;0;0;0;1;0
207887;11;4;4300518;2018;11;12;7;3;5;2;0;0;1;0;0;0;1;0
207888;11;5;5100211;2018;11;14;5;3;2;6;0;0;1;0;0;0;0;0
207889;11;4;4300620;2018;11;14;5;3;6;2;0;0;1;1;0;0;0;0
207890;11;2;2400521;2018;11;11;7;3;1;5;0;1;1;0;0;0;0;0
207891;11;12;12200308;2018;11;13;5;3;5;3;0;1;1;0;0;0;0;0
207892;11;9;9100408;2018;11;13;5;3;5;3;0;1;1;0;0;0;0;0
207893;11;4;4501146;2018;11;10;7;3;5;7;0;0;1;0;1;0;0;0
207894;11;6;6200312;2018;11;13;5;2;5;2;0;0;1;0;0;0;0;0
207895;11;1;1100308;2018;11;1;7;3;0;1;2;1;0;0;0;0;0;0
207896;11;2;2400521;2018;11;13;5;3;5;2;0;1;0;0;0;0;0;0
207897;11;1;1100313;2018;11;3;7;3;5;3;2;0;1;0;0;0;0;1
207898;11;8;8200730;2018;11;12;5;2;5;3;0;0;1;0;1;0;0;0
207899;11;8;8100521;2018;11;12;5;3;5;2;0;0;1;0;0;0;0;0
207900;11;4;4300619;2018;11;15;7;3;5;3;1;1;0;0;1;0;0;0
207901;11;4;4501041;2018;11;0;5;3;9;1;2;0;1;0;0;0;0;0
207902;11;3;3601141;2018;11;13;5;2;5;3;0;0;1;0;0;0;1;0
207903;11;5;5100316;2018;11;19;6;3;2;6;2;0;1;0;0;0;0;0
207904;11;10;10400837;2018;11;15;4;3;6;4;1;0;1;1;0;0;0;1
207905;11;9;9301126;2018;11;21;6;3;1;5;2;1;1;0;0;0;0;1
207906;11;1;1100309;2018;11;9;4;3;2;7;0;1;0;0;0;0;1;1
207907;11;8;8100209;2018;11;21;6;3;3;6;2;0;1;0;0;1;0;0
207908;11;4;4300412;2018;11;12;4;3;6;4;0;0;1;1;0;0;0;0
207909;11;5;5100210;2018;11;20;6;2;6;4;2;0;1;1;0;0;0;0
207910;11;1;1100308;2018;11;20;4;3;2;6;0;0;1;0;0;0;0;0
207911;11;4;4100101;2018;11;20;6;2;6;4;2;0;1;1;0;0;0;0
207912;11;2;2300316;2018;11;19;4;3;1;5;2;0;1;0;0;0;1;0
207913;11;1;1100309;2018;11;19;6;3;5;2;2;0;1;0;0;0;0;0
207914;11;3;3701554;2018;11;19;4;3;1;5;2;1;1;0;0;0;0;0
207915;11;2;2100106;2018;11;23;4;3;5;2;2;0;1;0;0;0;0;0
207916;11;1;1100415;2018;11;18;6;3;2;6;1;1;1;0;0;0;0;0
207917;11;8;8300934;2018;11;16;6;2;5;7;2;0;1;0;1;0;0;1
207918;11;12;12200307;2018;11;16;6;3;1;5;2;1;1;0;0;0;0;0
207919;11;5;5200528;2018;12;12;6;3;2;6;0;0;1;0;0;0;0;1
207920;11;11;11300620;2018;12;15;4;3;5;3;0;1;1;0;0;0;0;0
207921;11;5;5200629;2018;12;13;6;3;5;3;0;0;1;0;1;0;0;1
207922;11;3;3200207;2018;12;14;4;3;5;2;0;0;1;0;1;0;0;0
207923;11;10;10400940;2018;12;12;6;3;5;2;0;0;1;0;0;0;1;1
207924;11;8;8200832;2018;12;17;4;3;2;2;2;0;1;0;0;0;0;0
207925;11;4;4300619;2018;12;11;6;3;5;7;0;1;1;0;0;0;0;1
207926;11;5;5100316;2018;12;10;6;2;6;4;0;0;0;1;0;1;0;1
207927;11;10;10100313;2018;12;13;4;3;2;6;0;0;1;0;0;0;0;0
207928;11;10;10200524;2018;12;11;6;3;5;3;0;1;1;0;0;0;0;1
207929;11;3;3400724;2018;12;9;6;3;5;3;0;0;1;0;0;0;0;1
207930;11;6;6400842;2018;12;12;4;3;2;6;0;0;1;0;0;0;0;1
207931;11;2;2400521;2018;12;9;6;2;5;3;0;1;1;0;0;0;0;1
207932;11;3;3601245;2018;12;11;4;3;2;6;0;0;1;0;0;0;0;1
207933;11;11;11200410;2018;12;7;6;2;5;3;0;1;1;0;0;0;0;1
207934;11;8;8401243;2018;12;6;4;3;5;2;1;0;1;0;0;0;0;1
207935;11;8;8100521;2018;12;7;6;3;2;6;1;0;1;0;0;0;0;1
207936;11;10;10400938;2018;12;6;4;3;5;3;2;1;1;0;0;0;0;1
207937;11;6;6200315;2018;12;7;6;3;6;2;1;0;1;1;0;0;0;1
207938;11;8;8200624;2018;12;10;4;3;3;6;0;0;1;0;0;0;1;0
207939;11;4;4501042;2018;12;11;4;3;1;5;0;1;1;0;0;0;0;1
207940;11;11;11100204;2018;12;7;6;3;6;7;1;0;1;1;0;0;0;1
207941;11;4;4200311;2018;12;6;6;3;6;7;2;0;1;1;0;0;0;1
207942;11;9;9501939;2018;12;10;4;3;3;2;0;0;1;0;1;0;0;0
207943;11;1;1100313;2018;12;10;4;3;5;3;0;1;1;0;0;0;0;1
207944;11;5;5300737;2018;12;5;6;3;6;2;2;0;0;1;0;1;0;1
207945;11;1;1100312;2018;12;9;4;3;2;2;0;1;1;0;0;0;0;1
207946;11;12;12100103;2018;12;9;4;3;5;7;0;0;1;0;1;0;0;1
207947;11;3;3400619;2018;12;5;6;3;2;6;2;0;1;0;1;0;0;1
207948;11;11;11501340;2018;12;8;4;3;5;3;0;0;1;0;1;0;0;1
207949;11;2;2400522;2018;12;3;6;2;5;2;2;1;0;0;0;0;0;1
207950;11;5;5100314;2018;12;7;4;3;6;4;0;0;1;1;0;0;0;1
207951;11;4;4300517;2018;12;13;6;3;0;1;0;0;0;0;1;0;0;1
207952;11;3;3501038;2018;12;7;4;3;6;4;0;0;0;1;0;0;1;0
207953;11;1;1100308;2018;12;6;4;3;6;2;2;0;1;1;0;0;0;1
207954;11;8;8100521;2018;12;15;5;3;5;3;0;1;1;0;0;0;0;1
207955;11;7;7601236;2018;12;7;4;2;6;4;1;0;1;1;0;0;0;1
207956;11;1;1100102;2018;12;6;3;3;2;2;2;0;1;0;0;1;0;1
207957;11;2;2100102;2018;12;0;5;3;0;3;2;1;1;0;0;0;0;0
207958;11;8;8100520;2018;12;6;3;3;6;2;2;0;1;1;0;0;0;1
207959;11;3;3100102;2018;12;6;3;3;6;4;2;0;0;1;0;0;1;1
207960;11;7;7601341;2018;12;15;5;3;3;6;1;0;1;0;0;1;0;0
207961;11;8;8401139;2018;12;16;3;2;6;4;2;0;1;1;0;0;0;1
207962;11;3;3100102;2018;12;16;5;3;3;6;1;0;1;0;1;0;0;1
207963;11;12;12200309;2018;12;12;3;3;0;4;0;0;0;1;1;0;0;1
207964;11;11;11300616;2018;12;16;5;3;6;4;2;0;1;1;0;0;0;1
207965;11;4;4501042;2018;12;15;3;3;3;6;0;0;0;0;1;0;1;0
207966;11;2;2400623;2018;12;17;5;2;6;2;2;0;1;1;0;0;0;1
207967;11;5;5100104;2018;12;19;3;3;2;3;2;0;1;0;0;0;0;1
207968;11;12;12200309;2018;12;20;5;3;6;4;2;0;1;1;0;0;0;1
207969;11;2;2500833;2018;12;19;3;3;5;7;2;1;1;0;0;0;0;1
207970;11;6;6100207;2018;12;19;5;3;0;6;2;0;1;0;1;0;0;1
207971;11;2;2100104;2018;12;18;3;3;5;3;2;1;1;0;0;0;0;1
207972;11;3;3400725;2018;12;15;3;3;1;5;1;1;1;0;0;0;0;1
207973;11;10;10200524;2018;12;17;5;3;2;6;2;0;1;0;0;0;0;1
207974;11;3;3701554;2018;12;19;5;3;2;3;2;0;1;0;1;0;0;1
207975;11;4;4500936;2018;12;17;3;3;5;7;2;0;1;0;0;0;1;1
207976;11;8;8401243;2018;12;17;5;3;1;5;2;1;1;0;0;0;0;1
207977;11;4;4500937;2018;12;18;5;3;2;6;2;0;1;0;0;0;0;1
207978;11;8;8401246;2018;12;16;3;3;6;2;2;0;1;1;0;0;0;1
207979;11;3;3200310;2018;12;16;5;3;5;3;2;1;1;0;0;0;0;1
207980;11;8;8100520;2018;12;16;3;3;6;4;2;0;1;1;0;0;0;1
207981;11;3;3701556;2018;12;16;5;3;0;1;2;0;0;0;1;0;0;1
207982;11;12;12400723;2018;12;16;3;3;1;5;2;0;1;0;0;0;1;1
207983;11;12;12500926;2018;12;16;5;3;5;3;2;0;1;0;1;0;0;1
207984;11;7;7501029;2018;12;18;4;3;5;2;2;0;1;0;1;0;0;0
207985;11;3;3200206;2018;12;16;3;3;5;2;2;1;1;0;0;0;0;1