OBJECTID;LAND;BEZ;LOR_ab_2021;UJAHR;UMONAT;USTUNDE;UWOCHENTAG;UKATEGORIE;UART;UTYP1;ULICHTVERH;IstRad;IstPKW;IstFuss;IstKrad;IstGkfz;IstSonstige;USTRZUSTAND
207986;11;7;7400824;2018;12;17;5;3;5;2;2;1;1;0;0;0;0;0
207987;11;12;12100101;2018;12;16;5;3;6;4;2;0;1;1;0;0;0;1
207988;11;1;1400942;2018;12;15;3;3;5;2;2;1;1;0;0;0;0;1
207989;11;1;1100310;2018;12;17;5;3;6;2;2;0;1;1;0;0;0;1
207990;11;11;11401136;2018;12;15;3;3;5;7;1;0;1;0;0;0;0;1
207991;11;11;11300617;2018;12;17;5;3;0;2;2;0;1;1;0;0;0;1
207992;11;6;6200420;2018;12;18;5;2;6;4;2;0;1;1;0;0;0;0
207993;11;2;2100105;2018;12;15;3;3;5;3;1;0;1;0;0;0;0;1
207994;11;12;12500929;2018;12;18;5;2;6;2;2;0;1;1;0;0;0;1
207995;11;6;6200423;2018;12;14;3;3;0;7;0;0;1;0;1;0;0;1
207996;11;2;2400521;2018;12;18;5;2;6;2;2;0;1;1;0;0;0;1
207997;11;1;1200628;2018;12;14;3;3;6;2;0;0;1;1;0;0;0;1
207998;11;1;1300834;2018;12;16;5;3;1;5;2;0;0;0;0;0;1;1
207999;11;11;11100308;2018;12;8;3;3;2;6;0;0;1;0;0;0;1;1
208000;11;9;9200614;2018;12;17;5;2;6;4;2;0;1;1;0;0;0;1
208001;11;1;1100102;2018;12;19;5;2;3;6;2;0;1;0;1;0;0;1
208002;11;2;2100102;2018;12;9;3;3;6;4;0;0;0;1;0;0;1;1
208003;11;11;11300721;2018;12;14;3;3;0;1;0;0;0;0;1;0;0;1
208004;11;11;11200514;2018;12;15;5;3;5;3;1;0;1;0;0;0;0;0
208005;11;1;1200517;2018;12;9;3;3;6;4;0;0;1;1;0;0;0;1
208006;11;9;9501737;2018;12;14;3;3;2;6;0;0;1;0;0;0;0;1
208007;11;7;7400927;2018;12;20;5;2;5;2;2;0;1;0;1;0;0;1
208008;11;1;1100309;2018;12;9;3;3;1;5;0;1;1;0;0;0;0;1
208009;11;11;11401135;2018;12;9;3;3;5;3;0;1;1;0;0;0;0;1
208010;11;6;6300525;2018;12;17;5;3;2;6;2;0;1;0;0;0;0;1
208011;11;4;4501042;2018;12;10;3;3;6;7;0;0;1;1;0;0;0;1
208012;11;12;12500927;2018;12;17;5;3;1;5;2;0;1;0;0;0;0;1
208013;11;9;9501941;2018;12;12;3;3;2;6;0;0;1;0;0;0;0;1
208014;11;10;10100315;2018;12;19;5;3;2;6;2;0;1;0;0;0;0;1
208015;11;7;7300619;2018;12;13;3;2;5;3;0;0;1;0;0;0;0;1
208016;11;8;8100102;2018;12;15;5;3;2;6;1;0;1;0;0;0;0;0
208017;11;2;2400625;2018;12;13;3;3;2;6;0;1;0;0;0;0;1;1
208018;11;3;3400830;2018;12;14;3;3;5;2;0;0;1;0;0;0;0;1
208019;11;8;8200623;2018;12;18;5;3;2;6;2;0;1;0;0;0;1;1
208020;11;1;1300730;2018;12;14;3;3;5;3;0;0;1;0;0;0;0;1
208021;11;10;10400837;2018;12;7;3;3;6;4;1;0;1;1;0;0;0;1
208022;11;5;5200528;2018;12;21;6;3;5;3;2;0;1;0;0;0;0;1
208023;11;1;1200628;2018;12;18;5;3;0;7;2;0;1;0;0;0;1;0
208024;11;3;3501037;2018;12;7;3;3;6;2;1;0;1;1;0;0;0;1
208025;11;11;11200512;2018;12;13;5;3;5;3;0;1;0;0;0;0;1;0
208026;11;3;3701554;2018;12;19;5;3;0;4;2;0;0;1;0;0;1;1
208027;11;12;12100205;2018;12;6;3;3;6;2;2;0;1;1;0;0;0;1
208028;11;1;1100310;2018;12;21;5;3;5;2;2;0;1;0;0;0;0;1
208029;11;3;3500934;2018;12;7;3;3;6;4;1;0;1;1;0;0;0;1
208030;11;3;3300412;2018;12;12;5;3;5;3;0;0;1;0;0;0;0;0
208031;11;11;11300725;2018;12;7;3;3;1;5;2;0;1;0;0;0;0;1
208032;11;4;4501043;2018;12;12;5;3;6;2;0;0;1;1;0;0;0;0
208033;11;12;12200307;2018;12;14;3;3;6;2;0;0;1;1;0;0;0;1
208034;11;2;2300316;2018;12;17;3;3;1;5;2;1;1;0;0;0;0;1
208035;11;8;8200832;2018;12;10;5;3;5;3;0;0;1;0;0;0;1;0
208036;11;4;4300416;2018;12;16;6;3;2;2;2;0;1;0;0;0;1;1
208037;11;1;1200626;2018;12;13;5;3;3;6;0;0;1;0;0;0;1;0
208038;11;12;12200309;2018;12;17;3;3;3;6;2;0;1;0;0;1;0;1
208039;11;5;5300737;2018;12;10;5;3;6;4;0;0;1;1;0;0;0;1
208040;11;2;2300316;2018;12;10;5;3;1;5;0;1;1;0;0;0;0;0
208041;11;3;3601244;2018;12;17;4;3;5;3;2;0;1;0;0;0;0;0
208042;11;1;1100308;2018;12;17;3;3;6;4;2;0;1;1;0;0;0;1
208043;11;1;1100309;2018;12;9;5;3;6;2;0;1;0;1;0;0;0;0
208044;11;11;11300722;2018;12;18;3;3;1;5;2;1;0;0;0;1;1;1
208045;11;7;7100206;2018;12;16;6;3;6;4;2;0;1;1;0;0;0;1
208046;11;1;1100207;2018;12;8;5;3;2;6;0;1;1;0;0;0;0;0
208047;11;10;10200418;2018;12;17;3;3;6;4;2;0;1;1;0;0;0;1
208048;11;6;6100209;2018;12;18;2;3;1;5;2;1;1;0;0;0;0;0
208049;11;2;2400623;2018;12;8;5;3;0;3;0;1;1;0;0;0;0;0
208050;11;1;1100205;2018;12;18;2;3;5;3;2;0;1;0;1;0;0;1
208051;11;7;7300619;2018;12;7;5;2;5;2;0;0;1;0;0;0;0;0
208052;11;10;10100209;2018;12;7;6;3;6;6;2;1;1;1;0;0;0;1
208053;11;3;3601245;2018;12;5;4;3;5;2;2;1;1;0;0;0;0;0
208054;11;7;7100205;2018;12;18;2;3;5;2;2;1;1;0;0;0;0;1
208055;11;10;10300731;2018;12;13;4;3;2;6;0;0;1;0;0;0;0;0
208056;11;9;9200717;2018;12;15;4;3;0;2;0;1;1;0;0;0;0;0
208057;11;1;1100205;2018;12;18;2;3;0;2;2;1;1;0;0;0;0;1
208058;11;11;11501341;2018;12;15;4;3;5;7;0;0;1;0;0;0;1;0
208059;11;1;1200520;2018;12;18;2;3;3;6;2;0;1;0;1;0;0;1
208060;11;11;11501238;2018;12;16;6;2;6;4;2;0;0;1;0;0;1;1
208061;11;4;4200311;2018;12;15;4;3;2;6;0;0;1;0;1;0;0;0
208062;11;4;4501045;2018;12;16;2;3;6;3;1;0;1;1;0;0;0;1
208063;11;1;1100205;2018;12;14;4;2;1;5;0;0;1;0;0;0;1;0
208064;11;12;12400720;2018;12;16;6;3;0;3;2;0;0;0;0;0;1;1
208065;11;8;8100104;2018;12;16;2;3;2;6;2;0;1;0;0;0;0;0
208066;11;1;1100205;2018;12;14;4;3;6;4;0;1;0;1;0;0;0;0
208067;11;10;10400940;2018;12;13;4;3;5;3;0;1;1;0;0;0;0;0
208068;11;12;12100102;2018;12;16;2;3;5;3;2;0;1;0;0;0;0;1
208069;11;8;8200624;2018;12;12;4;3;3;6;0;0;1;0;1;0;0;0
208070;11;4;4100101;2018;12;12;4;2;5;3;0;0;1;0;1;0;0;0
208071;11;12;12200310;2018;12;15;2;3;2;2;0;0;1;0;0;0;0;0
208072;11;11;11400927;2018;12;15;2;3;6;4;1;1;0;1;0;0;0;1
208073;11;3;3300413;2018;12;12;4;3;1;5;0;1;1;0;0;0;0;0
208074;11;7;7400720;2018;12;15;2;2;6;4;2;0;1;1;0;0;0;0
208075;11;9;9200511;2018;12;17;2;2;6;4;2;0;1;1;0;0;0;1
208076;11;10;10100210;2018;12;11;4;3;6;3;0;0;1;1;0;0;0;0
208077;11;12;12601235;2018;12;18;2;3;0;3;2;0;1;0;0;0;1;1
208078;11;5;5200631;2018;12;10;4;3;1;5;0;0;1;0;0;0;0;0
208079;11;1;1300733;2018;12;16;2;3;2;2;0;0;1;0;0;0;0;1
208080;11;7;7200308;2018;12;10;4;3;6;7;0;0;1;1;0;0;0;0
208081;11;7;7300515;2018;12;16;2;3;2;6;2;0;1;0;0;0;0;1
208082;11;6;6200312;2018;12;14;2;3;5;3;0;0;1;0;0;0;1;0
208083;11;12;12400721;2018;12;10;4;3;5;3;0;1;1;0;0;0;0;1
208084;11;8;8100312;2018;12;13;2;3;5;7;0;0;1;0;0;0;0;0
208085;11;2;2300314;2018;12;19;2;3;5;3;2;1;0;0;0;0;0;1
208086;11;2;2100106;2018;12;22;2;3;5;3;2;0;1;0;0;0;0;1
208087;11;7;7100102;2018;12;14;2;2;5;3;0;0;1;0;0;0;0;1
208088;11;2;2200210;2018;12;22;4;3;1;5;2;1;1;0;0;0;0;0
208089;11;5;5300737;2018;12;12;2;3;3;6;0;0;1;0;1;0;0;1
208090;11;3;3601245;2018;12;12;2;3;5;3;0;1;1;0;0;0;0;0
208091;11;4;4500936;2018;12;20;4;2;5;3;2;1;1;0;0;0;0;0
208092;11;4;4500938;2018;12;12;2;3;5;2;0;1;1;0;0;0;0;0
208093;11;9;9300921;2018;12;10;4;3;1;5;0;0;1;0;0;0;0;0
208094;11;8;8100418;2018;12;10;2;3;1;5;0;1;1;0;0;0;0;0
208095;11;4;4200311;2018;12;9;4;2;5;2;0;0;1;0;1;0;0;0
208096;11;4;4300518;2018;12;10;2;3;2;7;0;0;1;0;0;0;0;0
208097;11;2;2100103;2018;12;18;4;3;0;1;2;0;0;0;1;0;0;1
208098;11;1;1100310;2018;12;10;2;3;5;3;0;1;0;0;0;0;1;0
208099;11;1;1200628;2018;12;9;4;3;5;2;0;1;1;0;0;0;0;0
208100;11;9;9200613;2018;12;16;6;3;6;2;2;0;1;1;0;0;0;1
208101;11;7;7400824;2018;12;18;4;3;0;2;2;0;1;0;1;0;0;0
208102;11;1;1100206;2018;12;9;2;3;6;7;0;0;0;1;1;0;0;1
208103;11;8;8100419;2018;12;9;4;3;1;5;0;1;1;0;0;0;0;0
208104;11;1;1100206;2018;12;18;4;3;3;2;2;0;1;0;0;0;1;0
208105;11;3;3400723;2018;12;15;6;3;5;2;2;1;1;0;0;0;0;1
208106;11;4;4200309;2018;12;9;4;3;2;6;0;0;1;0;0;0;0;0
208107;11;1;1100312;2018;12;9;2;3;1;5;0;1;0;0;0;1;0;0
208108;11;11;11200411;2018;12;9;4;3;5;2;0;1;0;0;0;1;0;0
208109;11;11;11100203;2018;12;9;4;3;5;3;0;1;1;0;0;0;0;0
208110;11;2;2400623;2018;12;9;2;3;5;2;0;1;0;0;0;0;1;0
208111;11;1;1100313;2018;12;18;4;3;2;6;2;0;1;0;0;0;0;1
208112;11;12;12400723;2018;12;8;2;3;2;6;0;0;1;0;0;0;0;0
208113;11;2;2200213;2018;12;15;6;3;1;5;1;1;1;0;0;0;0;1
208114;11;10;10400835;2018;12;8;4;3;5;3;0;1;1;0;0;0;0;1
208115;11;1;1100103;2018;12;7;2;2;5;2;0;1;1;0;0;0;0;0
208116;11;9;9200715;2018;12;8;4;3;5;3;0;1;1;0;0;0;0;0
208117;11;4;4501148;2018;12;15;6;3;2;2;0;0;1;0;0;0;0;1
208118;11;12;12100102;2018;12;7;2;1;6;4;2;0;1;1;0;0;0;0
208119;11;12;12100205;2018;12;8;4;3;5;2;0;1;1;0;0;0;0;1
208120;11;1;1400942;2018;12;7;4;3;5;3;0;0;1;0;0;0;1;0
208121;11;8;8100206;2018;12;6;2;3;2;6;2;0;1;0;0;0;0;0
208122;11;4;4300619;2018;12;17;4;3;5;2;2;0;1;0;0;0;0;0
208123;11;1;1100310;2018;12;23;1;3;2;6;2;0;1;0;0;0;0;0
208124;11;4;4501042;2018;12;14;6;3;5;2;0;1;1;0;0;0;0;1
208125;11;3;3601449;2018;12;16;1;3;5;2;2;0;1;0;0;0;0;1
208126;11;1;1100313;2018;12;17;4;3;5;2;2;1;0;0;0;0;1;0
208127;11;7;7300619;2018;12;22;1;3;1;5;2;0;1;0;0;1;0;1
208128;11;1;1100102;2018;12;14;6;2;8;1;0;0;0;0;0;0;1;1
208129;11;7;7601442;2018;12;7;4;3;0;1;0;0;1;0;1;0;0;1
208130;11;2;2100104;2018;12;20;1;3;5;3;2;1;0;0;0;0;1;1
208131;11;1;1401045;2018;12;13;6;3;3;6;0;1;1;0;0;0;0;1
208132;11;4;4501150;2018;12;18;1;2;6;4;2;0;1;1;0;0;0;1
208133;11;3;3601141;2018;12;16;4;2;6;4;1;1;0;1;0;0;0;0
208134;11;2;2300314;2018;12;4;4;2;6;2;2;0;1;1;0;0;0;0
208135;11;3;3701556;2018;12;18;1;2;2;6;1;0;1;0;1;0;0;1
208136;11;1;1100103;2018;12;17;1;3;3;2;2;0;1;0;0;0;0;1
208137;11;7;7601341;2018;12;15;4;3;5;2;1;0;1;0;0;0;0;0
208138;11;7;7601341;2018;12;15;1;3;5;3;1;0;1;0;0;0;0;1
208139;11;11;11200514;2018;12;14;1;3;6;7;0;0;0;1;0;0;1;0
208140;11;2;2400625;2018;12;19;6;3;5;7;2;0;1;0;0;0;0;1
208141;11;12;12100204;2018;12;16;4;3;6;4;1;0;1;1;0;0;0;0
208142;11;1;1400938;2018;12;11;1;2;6;4;0;0;1;1;0;0;0;1
208143;11;7;7501031;2018;12;9;4;3;2;6;0;0;1;0;0;0;0;1
208144;11;12;12100204;2018;12;13;6;2;2;4;0;0;1;1;1;0;0;1
208145;11;10;10300734;2018;12;5;1;3;0;7;2;0;1;0;0;0;0;1
208146;11;4;4501147;2018;12;16;4;3;1;5;0;1;1;0;0;0;0;0
208147;11;8;8200833;2018;12;4;1;3;5;3;2;0;1;0;0;0;0;1
208148;11;3;3601245;2018;12;7;4;3;5;2;1;1;1;0;0;0;0;0
208149;11;9;9100407;2018;12;13;6;2;9;1;0;0;1;0;0;0;0;1
208150;11;5;5300736;2018;12;1;1;2;6;4;2;0;1;1;0;0;0;1
208151;11;11;11100204;2018;12;7;4;3;5;2;2;1;1;0;0;0;0;1
208152;11;9;9200717;2018;12;1;1;3;1;5;2;0;1;0;0;0;0;1
208153;11;2;2200210;2018;12;0;1;3;5;3;2;0;1;0;0;0;0;1
208154;11;6;6300634;2018;12;6;4;2;6;2;2;0;1;1;0;0;0;1
208155;11;9;9100203;2018;12;5;1;3;5;3;2;0;1;0;0;0;0;1
208156;11;4;4500937;2018;12;20;7;3;6;4;2;0;1;1;0;0;0;1
208157;11;10;10100311;2018;12;12;6;3;0;3;0;1;0;0;0;1;0;1
208158;11;4;4100102;2018;12;15;3;3;5;3;0;0;1;0;0;0;0;0
208159;11;12;12200414;2018;12;16;7;3;6;2;1;0;1;1;0;0;0;1
208160;11;6;6300633;2018;12;21;3;2;6;4;2;0;1;1;0;0;0;0
208161;11;3;3601142;2018;12;19;3;3;0;5;2;0;1;0;0;0;1;0
208162;11;2;2200210;2018;12;23;7;3;2;6;2;0;1;0;0;0;0;1
208163;11;8;8100105;2018;12;17;3;3;6;2;2;0;1;1;0;0;0;0
208164;11;4;4200311;2018;12;21;7;3;3;6;2;0;1;0;0;0;0;1
208165;11;1;1100308;2018;12;18;3;3;5;2;2;1;1;0;0;0;0;0
208166;11;6;6300526;2018;12;18;7;3;6;4;1;0;0;1;0;0;1;0
208167;11;8;8100206;2018;12;17;3;3;2;6;2;1;1;0;0;0;0;0
208168;11;2;2100106;2018;12;18;7;3;5;2;2;0;1;0;0;0;0;1
208169;11;1;12100101;2018;12;18;7;3;2;6;2;0;1;0;0;0;0;1
208170;11;8;8401243;2018;12;21;3;3;5;3;2;0;1;0;0;0;0;0
208171;11;1;1400938;2018;12;13;6;3;2;6;1;0;1;0;0;0;0;1
208172;11;1;1100205;2018;12;21;3;2;6;7;2;1;0;1;0;0;0;0
208173;11;12;12400723;2018;12;18;7;2;6;4;2;0;1;1;0;0;0;1
208174;11;3;3601453;2018;12;15;3;3;6;4;0;0;1;1;0;0;0;0
208175;11;7;7601544;2018;12;14;3;3;5;7;0;0;1;0;0;0;0;1
208176;11;12;12400618;2018;12;17;4;3;0;3;2;0;1;0;0;0;1;1
208177;11;12;12200412;2018;12;16;7;3;6;2;1;0;1;1;0;0;0;1
208178;11;12;12500927;2018;12;14;3;3;5;3;0;0;1;0;0;0;0;1
208179;11;9;9300920;2018;12;13;7;3;2;2;0;1;1;0;0;0;0;0
208180;11;8;8100521;2018;12;18;6;3;2;6;2;0;1;0;0;0;0;1
208181;11;7;7300517;2018;12;14;3;2;5;2;0;0;1;0;1;0;0;0
208182;11;5;5100316;2018;12;7;7;3;2;6;2;0;1;0;0;0;0;1
208183;11;8;8200727;2018;12;14;3;3;2;6;0;0;1;0;0;0;0;1
208184;11;4;4200308;2018;12;16;6;3;6;2;2;0;1;1;0;0;0;1
208185;11;7;7100101;2018;12;14;7;3;1;6;0;1;1;0;0;0;1;1
208186;11;6;6200420;2018;12;14;3;3;5;3;0;1;0;0;0;0;1;1
208187;11;2;2200208;2018;12;12;3;3;5;2;0;1;1;0;0;0;0;0
208188;11;9;9200819;2018;12;13;7;2;6;4;0;0;0;1;0;0;1;0
208189;11;3;3601141;2018;12;11;3;3;2;1;0;0;1;0;0;0;0;0
208190;11;9;9200715;2018;12;11;3;3;1;5;0;0;1;0;0;0;0;0
208191;11;7;7100102;2018;12;9;7;2;8;1;0;0;1;0;0;0;0;1
208192;11;2;2500835;2018;12;11;3;3;2;1;0;0;1;0;0;0;0;0
208193;11;1;1400940;2018;12;9;3;3;6;7;0;0;1;1;0;0;0;0
208194;11;1;1100309;2018;12;6;7;3;2;6;2;0;1;0;0;0;0;0
208195;11;1;1100206;2018;12;9;3;3;6;4;0;1;0;1;0;0;0;1
208196;11;8;8200622;2018;12;11;7;3;1;5;0;0;1;0;0;0;1;0
208197;11;8;8100102;2018;12;8;3;3;2;6;1;0;1;0;0;0;0;1
208198;11;6;6400844;2018;12;2;7;2;9;1;2;0;1;0;0;0;0;1
208199;11;3;3300514;2018;12;5;3;3;4;6;2;0;1;0;0;0;0;1
208200;11;10;10200629;2018;12;2;7;3;0;6;2;0;1;0;0;0;1;1
208201;11;11;11501238;2018;12;8;3;3;5;2;0;1;1;0;0;0;0;1
208202;11;3;3300516;2018;12;7;6;3;6;4;2;1;0;1;0;0;0;1
208203;11;12;12200412;2018;12;19;6;3;6;7;2;0;1;1;0;0;0;1
208204;11;5;5400942;2018;12;8;3;3;6;7;0;1;0;1;0;0;0;0
208205;11;6;6200422;2018;12;16;6;3;5;2;2;1;1;0;0;0;0;1
208206;11;12;12500928;2018;12;7;3;3;5;3;0;1;1;0;0;0;0;1
208207;11;2;2300315;2018;12;18;6;3;5;3;2;1;1;0;0;0;0;1
208208;11;1;1300836;2018;12;18;6;3;5;3;2;0;1;0;0;0;0;1
208209;11;6;6200421;2018;12;6;3;2;6;2;2;0;1;1;0;0;0;1
208210;11;1;1300835;2018;12;17;6;3;3;6;2;1;1;0;0;0;0;1
208211;11;4;4500936;2018;12;18;6;3;3;6;2;1;1;0;0;0;0;1
208212;11;3;3400830;2018;12;6;3;3;5;3;2;1;1;0;0;0;0;0
208213;11;7;7601547;2018;12;16;6;3;6;2;1;0;1;1;0;0;0;0
208214;11;10;10300734;2018;12;8;3;3;5;3;0;1;1;0;0;0;0;0
208215;11;1;1100206;2018;12;20;6;3;5;2;2;1;1;0;0;0;0;1
208216;11;1;1200517;2018;12;12;2;3;2;6;0;0;1;0;0;0;0;1
208217;11;1;1401047;2018;12;19;6;3;6;4;2;1;0;1;0;0;0;1
208218;11;1;1100309;2018;12;19;6;3;6;2;2;0;1;1;0;0;0;1
208219;11;1;1300733;2018;12;12;2;3;5;2;0;1;0;0;0;1;0;1
208220;11;9;9200715;2018;12;16;6;3;5;3;1;1;1;0;0;0;0;1
208221;11;2;2500833;2018;12;17;6;3;5;2;2;1;1;0;0;0;0;1
208222;11;8;8100206;2018;12;11;2;2;6;2;0;0;1;1;0;0;0;1
208223;11;6;6200313;2018;12;17;6;2;6;2;2;0;0;1;0;0;1;1
208224;11;11;11401135;2018;12;10;2;3;5;3;0;0;1;0;0;0;0;1
208225;11;12;12200515;2018;12;17;6;3;6;6;2;0;1;1;0;0;0;1
208226;11;1;1200628;2018;12;9;2;3;3;6;0;0;1;0;0;1;0;1
208227;11;11;11300725;2018;12;17;6;3;0;2;2;0;1;1;0;0;0;1
208228;11;4;4300624;2018;12;8;2;2;6;2;0;0;1;1;0;0;0;1
208229;11;4;4300623;2018;12;19;6;2;6;4;2;0;0;1;0;0;1;1
208230;11;6;6300633;2018;12;10;2;2;5;3;0;0;1;0;0;0;1;1
208231;11;1;1100207;2018;12;21;6;3;6;2;2;0;1;1;0;0;0;1
208232;11;3;3601245;2018;12;11;2;3;5;2;0;0;1;0;0;0;1;1
208233;11;6;6400844;2018;12;17;6;2;6;2;2;0;1;1;0;0;0;1
208234;11;2;2200209;2018;12;23;2;3;5;3;2;0;1;0;0;0;1;0
208235;11;6;6300634;2018;12;10;2;3;6;7;0;0;1;1;0;0;0;0
208236;11;9;9200613;2018;12;16;2;3;1;5;2;1;1;0;0;0;0;1
208237;11;12;12200308;2018;12;16;4;2;2;6;2;0;1;0;1;0;0;1
208238;11;1;1200520;2018;12;17;4;3;6;7;1;1;0;1;0;0;0;0
208239;11;10;10200629;2018;12;17;1;3;5;3;2;0;1;0;0;0;0;1
208240;11;1;1100102;2018;12;20;5;3;2;6;2;0;1;0;0;0;0;0
208241;11;1;1100206;2018;12;18;4;3;5;3;1;1;0;0;0;0;1;0
208242;11;12;12500825;2018;12;15;1;3;5;7;1;0;1;0;0;0;1;1
208243;11;4;4501148;2018;12;17;4;2;6;4;1;0;1;1;0;0;0;0
208244;11;7;7400927;2018;12;15;1;3;0;7;0;0;1;0;0;0;0;1
208245;11;12;12500825;2018;12;19;4;3;0;3;2;0;1;0;1;0;0;0
208246;11;3;3601244;2018;12;19;4;3;5;3;2;1;1;0;0;0;0;0
208247;11;1;1100205;2018;12;14;1;3;5;3;0;0;1;0;0;0;1;1
208248;11;2;2500835;2018;12;19;4;3;5;3;2;1;1;0;0;0;0;0
208249;11;2;2500830;2018;12;19;4;3;5;3;2;0;1;0;1;0;0;0
208250;11;8;8401241;2018;12;7;1;3;4;6;0;0;1;0;0;0;1;1
208251;11;11;11400927;2018;12;20;4;3;2;6;2;0;1;0;0;0;0;1
208252;11;1;1100308;2018;12;20;4;3;1;5;2;1;1;0;0;0;0;0
208253;11;2;2100106;2018;12;3;1;2;5;2;2;0;1;0;0;0;0;1
208254;11;12;12200515;2018;12;17;4;3;4;6;1;0;1;0;0;0;0;0
208255;11;2;2100101;2018;12;0;1;3;0;1;2;0;0;0;1;0;0;1
208256;11;5;5300737;2018;12;16;4;3;8;1;2;0;1;0;0;0;0;1
208257;11;1;1100206;2018;12;17;1;3;6;4;2;0;1;1;0;0;0;0
208258;11;2;2500832;2018;12;18;4;3;0;1;2;0;0;0;1;0;0;1
208259;11;2;2100104;2018;12;23;7;3;5;3;2;1;1;0;0;0;0;1
208260;11;1;1100310;2018;12;13;4;3;0;1;0;1;0;0;0;0;0;1
208261;11;12;12100205;2018;12;16;4;3;2;6;1;0;1;0;0;0;0;1
208262;11;6;6300631;2018;12;16;7;3;0;4;2;0;0;1;0;0;1;0
208263;11;4;4501149;2018;12;19;3;3;2;6;2;0;1;0;0;0;0;0
208264;11;8;8200730;2018;12;18;3;2;1;5;2;0;1;0;0;0;0;0
208265;11;7;7601339;2018;12;21;7;3;6;2;2;0;1;1;0;0;0;1
208266;11;8;8100104;2018;12;16;4;3;6;4;2;0;1;1;0;0;0;1
208267;11;11;11400927;2018;12;21;7;2;6;6;2;0;1;1;0;0;0;1
208268;11;4;4200311;2018;12;22;3;2;6;4;2;0;0;1;0;1;0;0
208269;11;1;1300836;2018;12;21;7;3;5;3;2;0;1;0;0;0;1;1
208270;11;2;2200208;2018;12;21;7;3;5;3;2;0;1;0;0;0;0;1
208271;11;8;8100103;2018;12;21;3;2;6;7;2;0;1;1;0;0;0;0
208272;11;2;2100102;2018;12;20;7;3;6;2;2;0;1;1;0;0;0;1
208273;11;10;10100210;2018;12;5;3;3;0;3;2;1;1;0;0;0;0;1
208274;11;1;1200629;2018;12;19;7;3;2;6;2;0;1;0;0;0;0;1
208275;11;9;9200510;2018;12;19;3;3;0;1;2;1;0;0;0;0;0;0
208276;11;12;12200309;2018;12;19;7;3;5;2;2;0;1;0;0;0;0;1
208277;11;2;2400521;2018;12;22;7;3;2;2;2;0;1;0;0;0;0;1
208278;11;12;12601031;2018;12;19;3;3;2;2;2;0;1;0;0;0;0;1
208279;11;1;1300733;2018;12;22;7;3;6;2;2;0;1;1;0;0;0;1
208280;11;5;5100316;2018;12;19;7;3;1;5;2;0;1;0;0;0;0;1
208281;11;7;7501134;2018;12;11;3;3;2;6;0;0;1;0;0;0;0;0
208282;11;5;5400942;2018;12;18;7;3;1;5;2;0;1;0;0;0;0;1
208283;11;12;12200309;2018;12;18;7;3;6;2;2;0;1;1;0;0;0;1
208284;11;3;3501038;2018;12;17;3;3;6;2;2;0;1;1;0;0;0;1
208285;11;4;4300619;2018;12;17;7;3;2;6;1;0;1;0;0;0;0;1
208286;11;9;9501838;2018;12;17;3;2;6;6;2;0;1;1;0;0;0;1
208287;11;12;12200310;2018;12;16;7;3;3;6;2;0;1;0;0;0;0;0
208288;11;4;4100102;2018;12;5;6;3;9;1;2;0;1;0;0;0;0;1
208289;11;1;1300730;2018;12;16;3;3;0;2;2;0;1;1;0;0;0;0
208290;11;8;8100314;2018;12;15;7;3;0;1;1;1;0;0;0;0;0;0
208291;11;8;8200622;2018;12;16;3;3;5;3;2;0;1;0;0;0;0;1
208292;11;9;9200819;2018;12;13;7;3;0;7;0;0;1;0;0;0;0;0
208293;11;8;8200622;2018;12;16;3;2;4;6;2;0;1;0;0;0;0;0
208294;11;6;6300525;2018;12;13;7;3;1;5;0;0;1;0;0;0;0;0
208295;11;1;1100308;2018;12;16;3;3;2;6;0;1;1;0;0;0;0;0
208296;11;5;5100208;2018;12;13;7;2;5;3;0;1;1;0;0;0;0;0
208297;11;4;4501042;2018;12;12;7;3;6;4;0;0;1;1;0;0;0;0
208298;11;4;4501044;2018;12;15;3;3;3;6;1;0;1;0;1;0;1;0
208299;11;11;11300722;2018;12;15;3;3;5;3;1;1;1;0;0;0;0;0
208300;11;12;12500825;2018;12;10;7;3;5;3;0;0;1;0;1;0;0;1
208301;11;5;5400944;2018;12;13;3;3;5;3;0;0;0;0;1;0;1;0
208302;11;4;4200207;2018;12;10;3;3;0;7;0;0;1;0;0;0;0;0
208303;11;5;5400942;2018;12;4;7;2;8;1;2;0;1;0;0;0;0;1
208304;11;5;5200632;2018;12;16;5;3;6;2;2;0;1;1;0;0;0;1
208305;11;1;1300733;2018;12;9;3;3;5;2;0;0;1;0;0;0;0;1
208306;11;11;11400928;2018;12;1;7;3;5;3;2;0;1;0;0;0;1;1
208307;11;11;11400927;2018;12;8;3;3;3;6;0;0;1;0;0;0;0;1
208308;11;12;12500930;2018;12;6;6;3;1;5;2;0;1;0;0;0;1;1
208309;11;2;2100104;2018;12;10;4;3;5;3;0;0;1;0;0;0;0;1