OBJECTID;LAND;BEZ;LOR_ab_2021;UJAHR;UMONAT;USTUNDE;UWOCHENTAG;UKATEGORIE;UART;UTYP1;ULICHTVERH;IstRad;IstPKW;IstFuss;IstKrad;IstGkfz;IstSonstige;USTRZUSTAND
208310;11;5;5400942;2018;12;8;3;3;6;2;0;0;1;1;0;0;0;1
208311;11;8;8200725;2018;12;11;4;3;8;1;0;0;1;0;0;0;0;0
208312;11;1;1300732;2018;12;18;6;3;6;2;2;0;1;1;0;0;0;1
208313;11;8;8200624;2018;12;7;3;2;5;3;0;0;1;0;0;0;0;1
208314;11;2;2500834;2018;12;7;3;3;6;4;1;0;1;1;0;0;0;1
208315;11;4;4501148;2018;12;23;6;2;9;1;2;0;1;0;0;0;0;1
208316;11;8;8100521;2018;12;18;4;2;4;1;2;0;1;0;0;0;0;1
208317;11;4;4300620;2018;12;7;3;3;6;2;2;0;1;1;0;0;0;1
208318;11;1;1401045;2018;12;14;4;3;2;6;0;0;1;0;0;0;0;1
208319;11;10;10300731;2018;12;16;6;3;6;4;2;0;1;1;0;0;0;1
208320;11;9;9501737;2018;12;7;3;3;5;2;2;1;1;0;0;0;0;1
208321;11;5;5100104;2018;12;6;3;3;2;2;2;0;1;0;0;0;0;1
208322;11;1;1100101;2018;12;16;6;3;6;4;2;0;1;1;0;0;0;1
208323;11;7;7601442;2018;12;0;5;3;5;3;2;0;1;0;0;0;0;1
208324;11;8;8100521;2018;12;6;3;3;2;4;2;0;1;1;0;1;0;1
208325;11;1;1200629;2018;12;16;6;3;5;2;2;1;1;0;0;0;0;1
208326;11;8;8401139;2018;12;6;3;3;5;3;2;1;1;0;0;0;0;1
208327;11;11;11300617;2018;12;16;6;3;5;2;1;0;1;0;0;0;1;1
208328;11;3;3601142;2018;12;3;4;3;5;3;2;0;1;0;0;0;0;0
208329;11;3;3200207;2018;12;15;3;3;2;6;0;0;1;0;0;0;0;1
208330;11;1;1401047;2018;12;17;6;3;6;4;2;0;1;1;0;0;0;1
208331;11;3;3601245;2018;12;15;3;3;0;2;0;1;1;0;0;0;0;0
208332;11;3;3400723;2018;12;15;3;2;0;1;0;1;0;0;0;0;0;1
208333;11;2;2300316;2018;12;17;6;3;2;6;2;1;1;0;0;0;0;1
208334;11;1;1100309;2018;12;17;6;3;5;3;2;1;1;0;0;0;0;1
208335;11;9;9200510;2018;12;13;3;2;5;2;0;1;1;0;0;0;0;1
208336;11;2;2200210;2018;12;17;6;3;5;3;2;0;1;0;0;0;0;1
208337;11;10;10400836;2018;12;17;6;3;5;2;2;1;1;0;0;0;0;1
208338;11;8;8300935;2018;12;12;3;3;6;7;0;0;1;1;0;0;0;0
208339;11;5;5100317;2018;12;17;6;3;6;2;2;0;1;1;0;0;0;1
208340;11;2;2100102;2018;12;18;6;3;6;2;2;0;1;1;0;0;0;1
208341;11;10;10100104;2018;12;12;3;3;6;4;0;0;1;1;0;0;0;0
208342;11;12;12200310;2018;12;18;6;3;1;5;2;0;1;0;0;0;1;1
208343;11;1;1100308;2018;12;12;3;3;6;7;0;0;0;1;1;0;0;0
208344;11;9;9200715;2018;12;19;6;3;5;7;2;0;1;0;0;0;1;1
208345;11;1;1100312;2018;12;11;3;3;5;2;0;1;1;0;0;0;0;0
208346;11;6;6200423;2018;12;19;6;3;5;3;2;0;1;0;0;0;0;1
208347;11;6;6400843;2018;12;11;3;3;5;2;0;1;1;0;0;0;0;0
208348;11;3;3701660;2018;12;19;6;3;9;1;2;0;1;0;0;0;0;1
208349;11;9;9401329;2018;12;20;6;3;5;7;2;0;1;0;0;0;0;1
208350;11;7;7400824;2018;12;11;3;3;3;6;0;0;1;0;0;0;1;1
208351;11;1;1100102;2018;12;22;6;3;5;2;2;0;1;0;1;0;0;1
208352;11;4;4300621;2018;12;23;6;3;6;7;2;1;0;1;0;0;0;1
208353;11;1;1300730;2018;12;22;3;2;2;6;2;0;1;0;0;0;0;0
208354;11;1;1300836;2018;12;15;4;3;5;3;0;0;1;0;0;0;0;1
208355;11;9;9100306;2018;12;10;3;2;2;6;0;0;1;0;0;1;0;1
208356;11;11;11501238;2018;12;22;6;3;6;2;2;0;1;1;0;0;0;1
208357;11;1;1100308;2018;12;12;2;3;2;6;0;1;0;0;0;0;0;1
208358;11;1;1100206;2018;12;14;2;3;2;7;0;1;1;0;0;0;0;0
208359;11;2;2500831;2018;12;11;6;3;5;3;0;0;1;0;0;0;0;1
208360;11;4;4100101;2018;12;22;5;3;6;2;2;0;1;1;0;0;0;1
208361;11;4;4400728;2018;12;17;2;2;6;2;2;0;1;1;0;0;0;0
208362;11;1;1401046;2018;12;10;6;3;5;3;0;0;1;0;0;0;0;1
208363;11;4;4500936;2018;12;17;2;3;2;6;2;0;1;0;0;0;0;0
208364;11;1;1401046;2018;12;9;6;3;5;2;0;1;0;0;0;0;1;1
208365;11;1;1100205;2018;12;17;2;3;5;2;2;1;1;0;0;0;0;0
208366;11;1;1200628;2018;12;15;6;3;6;4;2;0;1;1;0;0;0;1
208367;11;9;9200511;2018;12;14;6;3;5;3;0;1;1;0;0;0;0;1
208368;11;3;3400725;2018;12;17;2;3;2;6;2;0;1;0;0;0;1;0
208369;11;3;3400725;2018;12;22;3;3;9;1;2;0;1;0;0;0;0;0
208370;11;10;10100315;2018;12;16;2;3;2;6;2;0;1;0;0;0;0;1
208371;11;8;8200726;2018;12;14;6;3;6;4;0;1;0;1;0;0;0;1
208372;11;8;8200833;2018;12;16;2;3;1;5;2;0;1;0;0;0;0;0
208373;11;6;6400844;2018;12;16;2;3;6;2;1;0;1;1;0;0;0;0
208374;11;11;11300722;2018;12;13;4;3;0;1;0;0;0;0;1;0;0;1
208375;11;3;3400620;2018;12;13;6;3;5;2;0;1;0;0;0;0;1;1
208376;11;6;6200423;2018;12;14;5;3;6;4;0;0;1;1;0;0;0;0
208377;11;1;1100311;2018;12;16;2;3;2;6;1;0;1;0;0;0;0;1
208378;11;8;8200623;2018;12;16;6;3;6;4;2;0;1;1;0;0;0;1
208379;11;1;1100309;2018;12;11;3;3;0;7;0;1;0;0;0;0;0;1
208380;11;8;8100418;2018;12;16;2;3;3;6;2;1;1;0;0;0;0;0
208381;11;3;3400725;2018;12;14;6;2;6;4;0;0;1;1;0;0;0;1
208382;11;3;3601244;2018;12;13;6;3;0;3;0;0;1;0;1;0;0;1
208383;11;2;2400623;2018;12;16;2;3;2;6;2;0;1;0;0;0;1;0
208384;11;2;2200213;2018;12;8;6;3;6;2;0;0;1;1;0;0;0;1
208385;11;9;9100101;2018;12;15;2;3;5;3;0;1;1;0;0;0;0;0
208386;11;3;3400830;2018;12;10;3;3;5;3;0;1;1;0;0;0;0;1
208387;11;2;2500831;2018;12;15;2;3;2;2;0;0;1;0;0;0;0;1
208388;11;4;4500939;2018;12;12;6;3;5;3;0;0;1;0;0;0;0;1
208389;11;4;4501042;2018;12;14;2;3;5;2;0;0;1;0;0;0;0;0
208390;11;11;11300721;2018;12;13;2;3;1;3;0;0;1;0;0;0;1;1
208391;11;3;3500934;2018;12;7;6;3;5;2;0;1;1;0;0;0;0;1
208392;11;9;9501838;2018;12;21;4;3;5;2;2;0;1;0;0;0;0;1
208393;11;9;9300922;2018;12;13;2;2;5;3;0;0;1;0;1;0;0;1
208394;11;2;2500835;2018;12;12;6;3;5;3;0;1;1;0;0;0;0;0
208395;11;1;1300836;2018;12;1;3;3;2;6;2;0;1;0;0;0;0;1
208396;11;1;1200625;2018;12;18;2;3;2;6;2;0;1;0;1;0;0;0
208397;11;6;6100204;2018;12;11;6;3;2;6;0;0;1;0;0;0;0;1
208398;11;10;10100313;2018;12;22;2;3;6;7;2;0;1;1;0;0;0;0
208399;11;2;2100106;2018;12;12;2;3;5;3;0;1;0;0;0;0;0;1
208400;11;12;12100102;2018;12;11;6;2;5;7;0;0;1;0;1;0;0;0
208401;11;4;4500937;2018;12;23;2;2;3;6;2;0;1;0;1;0;0;0
208402;11;1;1200519;2018;12;6;2;3;6;7;2;1;0;1;0;0;0;0
208403;11;3;3701554;2018;12;7;6;3;6;2;2;0;1;1;0;0;0;1
208404;11;1;1300835;2018;12;7;2;3;6;4;0;0;1;1;0;0;0;0
208405;11;4;4501153;2018;12;9;2;3;5;2;0;1;0;0;0;0;1;0
208406;11;5;5100316;2018;12;11;6;3;2;6;0;0;1;0;0;0;0;0
208407;11;12;12400723;2018;12;16;4;3;1;1;2;0;1;0;0;0;0;1
208408;11;6;6200422;2018;12;11;6;3;1;5;0;0;1;0;0;0;1;1
208409;11;1;1100101;2018;12;10;2;3;1;5;0;1;1;0;0;0;1;0
208410;11;2;2100101;2018;12;13;6;3;5;7;0;0;1;0;0;0;0;1
208411;11;10;10400940;2018;12;7;6;2;6;4;2;0;1;1;0;0;0;1
208412;11;2;2100102;2018;12;8;2;3;8;1;0;0;1;0;0;0;0;0
208413;11;11;11300617;2018;12;14;6;2;6;4;0;0;1;1;0;0;0;1
208414;11;4;4501153;2018;12;0;1;3;5;3;2;0;1;0;0;0;0;0
208415;11;2;2100104;2018;12;7;6;3;5;3;2;1;1;0;0;0;0;1
208416;11;2;2400623;2018;12;6;1;3;6;4;2;0;1;1;0;0;0;0
208417;11;3;3300412;2018;12;13;6;3;5;3;0;0;1;0;0;0;0;1
208418;11;9;9200819;2018;12;6;6;3;6;4;2;0;0;1;0;0;1;1
208419;11;6;6200312;2018;12;9;1;3;0;7;0;1;0;0;0;0;0;1
208420;11;3;3400721;2018;12;13;6;2;0;7;0;0;1;0;0;0;1;1
208421;11;8;8200624;2018;12;15;6;3;0;7;1;0;1;1;0;0;0;1
208422;11;8;8100418;2018;12;2;6;2;1;5;2;1;1;0;0;0;0;0
208423;11;1;1100102;2018;12;16;5;3;2;6;2;0;1;0;0;0;0;0
208424;11;4;4400833;2018;12;10;1;3;1;7;0;0;1;0;0;0;0;0
208425;11;6;6100103;2018;12;7;5;3;6;4;2;0;1;1;0;0;0;0
208426;11;1;1300732;2018;12;22;5;3;5;3;2;0;1;0;0;0;0;1
208427;11;4;4100101;2018;12;11;1;3;5;2;0;0;1;0;1;0;0;0
208428;11;9;9300920;2018;12;21;5;3;0;1;2;0;1;0;0;0;0;1
208429;11;7;7200412;2018;12;13;1;3;1;5;0;1;1;0;0;0;1;0
208430;11;1;1100309;2018;12;19;5;3;5;2;2;1;1;0;0;0;0;1
208431;11;11;11200513;2018;12;5;6;3;5;3;2;1;1;0;0;0;0;1
208432;11;3;3601244;2018;12;17;1;2;2;6;1;0;1;0;0;0;0;0
208433;11;7;7100205;2018;12;19;5;3;5;3;2;1;1;0;0;0;0;1
208434;11;12;12601133;2018;12;21;1;3;5;7;2;0;1;0;0;0;1;0
208435;11;9;9501737;2018;12;10;5;3;6;7;0;1;0;1;0;0;0;0
208436;11;3;3601245;2018;12;20;1;3;5;3;2;0;1;0;0;0;0;1
208437;11;2;2300314;2018;12;21;2;3;0;3;2;0;1;0;0;0;1;1
208438;11;1;1300834;2018;12;18;7;3;5;2;2;0;1;0;0;0;0;1
208439;11;8;8300934;2018;12;9;5;3;5;7;0;0;1;0;0;0;0;0
208440;11;2;2500833;2018;12;20;7;3;4;1;2;1;1;0;0;0;0;0
208441;11;1;1100104;2018;12;20;7;3;2;6;2;0;1;0;0;0;0;0
208442;11;1;1100313;2018;12;22;2;3;5;3;2;0;1;0;0;0;0;1
208443;11;5;5100210;2018;12;20;7;3;2;6;2;0;1;0;0;0;0;0
208444;11;8;8100208;2018;12;9;5;3;3;6;0;0;1;0;1;0;0;0
208445;11;10;10200419;2018;12;22;7;3;5;1;2;0;1;0;0;0;1;0
208446;11;5;5300736;2018;12;18;7;3;2;6;2;0;1;0;0;0;0;1
208447;11;1;1100104;2018;12;9;5;2;0;1;0;1;0;0;0;0;0;0
208448;11;11;11200411;2018;12;18;5;3;5;3;2;0;1;0;0;0;0;1
208449;11;4;4500939;2018;12;16;7;3;2;2;1;0;1;0;0;0;0;0
208450;11;1;1100207;2018;12;9;5;3;5;3;0;0;1;0;0;0;0;0
208451;11;3;3400827;2018;12;17;2;3;1;5;2;1;1;0;0;0;0;0
208452;11;10;10100208;2018;12;13;7;2;6;7;0;0;1;1;0;0;0;0
208453;11;5;5100316;2018;12;9;5;3;2;6;0;0;1;0;0;0;0;0
208454;11;1;1100206;2018;12;9;7;2;0;1;0;1;0;0;0;0;0;0
208455;11;7;7100102;2018;12;14;2;3;1;5;0;0;1;0;0;0;0;0
208456;11;3;3200205;2018;12;14;4;3;5;3;0;0;1;0;0;0;0;1
208457;11;1;1100207;2018;12;8;5;3;0;3;0;1;0;0;1;0;0;0
208458;11;2;2500835;2018;12;1;7;3;8;1;2;1;0;0;0;0;0;0
208459;11;7;7400823;2018;12;14;7;3;0;1;0;0;0;0;1;0;0;1
208460;11;7;7400720;2018;12;7;5;3;2;6;0;0;1;0;0;0;0;1
208461;11;12;12500927;2018;12;19;4;3;8;1;2;0;1;0;0;0;0;1
208462;11;7;7300517;2018;12;15;6;3;6;7;0;0;1;1;0;0;0;0
208463;11;2;2200213;2018;12;7;5;2;3;6;0;0;1;0;0;0;0;0
208464;11;6;6100102;2018;12;13;2;3;1;5;0;0;1;0;0;0;0;0
208465;11;6;6400844;2018;12;7;5;3;2;7;1;0;1;0;0;0;0;0
208466;11;8;8100415;2018;12;11;5;3;2;6;0;0;1;0;0;0;1;0
208467;11;10;10200421;2018;12;17;6;3;0;4;2;0;0;1;0;0;1;0
208468;11;5;5100104;2018;12;6;5;2;5;3;2;1;0;0;0;1;0;0
208469;11;10;10100315;2018;12;12;2;3;2;6;0;0;1;0;0;0;0;0
208470;11;4;4300413;2018;12;18;6;3;6;6;2;0;1;1;0;0;0;0
208471;11;11;11300826;2018;12;6;5;3;2;6;2;0;1;0;0;0;0;0
208472;11;9;9401431;2018;12;10;2;3;6;2;0;0;1;1;0;0;0;1
208473;11;8;8100207;2018;12;5;5;3;5;3;2;0;1;0;0;0;0;1
208474;11;7;7100102;2018;12;16;6;3;6;2;2;0;1;1;0;0;0;0
208475;11;1;1200626;2018;12;17;6;3;2;6;2;0;1;0;1;0;0;0
208476;11;4;4300412;2018;12;15;4;3;2;6;1;0;1;0;0;0;0;1
208477;11;7;7200410;2018;12;1;5;3;2;2;2;1;0;0;0;0;0;1
208478;11;10;10100312;2018;12;16;5;3;0;1;1;0;0;0;1;0;0;1
208479;11;2;2500831;2018;12;17;6;2;6;4;1;0;1;1;0;0;0;0
208480;11;4;4500936;2018;12;12;5;3;5;2;0;1;1;0;0;0;0;0
208481;11;4;4501151;2018;12;16;5;3;0;2;1;1;1;0;0;0;0;0
208482;11;12;12100103;2018;12;9;1;3;5;3;0;1;1;0;0;0;0;0
208483;11;4;4501042;2018;12;16;6;3;2;2;2;0;1;0;0;0;0;0
208484;11;11;11100307;2018;12;16;5;2;6;4;1;0;0;1;0;0;1;0
208485;11;9;9100409;2018;12;16;6;3;2;6;2;0;1;0;0;0;0;0
208486;11;7;7400720;2018;12;22;1;3;5;2;2;0;1;0;0;0;0;1
208487;11;12;12400723;2018;12;17;5;3;2;6;2;0;1;0;0;0;0;1
208488;11;4;4501148;2018;12;14;6;3;6;6;0;1;0;1;0;0;0;0
208489;11;1;1200519;2018;12;15;5;3;5;2;0;0;1;1;0;0;0;0
208490;11;11;11300619;2018;12;13;6;2;6;7;0;0;0;1;0;0;1;0
208491;11;2;2100102;2018;12;21;1;3;5;2;2;0;1;0;0;0;0;1
208492;11;3;3300411;2018;12;15;5;3;6;4;1;0;1;1;0;0;0;0
208493;11;5;5300840;2018;12;12;6;3;8;1;0;0;1;0;0;0;0;0
208494;11;4;4200311;2018;12;15;5;3;2;7;0;0;1;0;0;0;0;0
208495;11;12;12400618;2018;12;14;5;3;5;2;0;0;1;0;1;0;0;1
208496;11;1;1401046;2018;12;11;6;3;5;2;0;1;0;0;0;0;1;0
208497;11;1;1100205;2018;12;13;5;3;5;3;0;1;1;0;0;0;0;1
208498;11;4;4300624;2018;12;13;5;3;5;3;0;1;1;0;0;0;0;0
208499;11;5;5100316;2018;12;21;1;3;6;2;2;0;1;1;0;0;0;1
208500;11;8;8200623;2018;12;11;6;2;5;2;0;1;1;0;0;0;0;0
208501;11;3;3400725;2018;12;13;5;3;2;6;0;0;1;0;0;0;1;0
208502;11;10;10400837;2018;12;11;6;2;5;3;0;1;1;0;0;0;0;0
208503;11;3;3701660;2018;12;8;6;3;6;7;0;1;0;1;0;0;0;0
208504;11;6;6100103;2018;12;13;5;3;5;3;0;0;1;0;0;0;0;0
208505;11;5;5200629;2018;12;7;6;3;6;2;2;0;1;1;0;0;0;1
208506;11;4;4400728;2018;12;9;6;3;2;6;0;0;1;0;0;0;0;0
208507;11;10;10200524;2018;12;10;5;3;5;3;0;1;1;0;0;0;0;0
208508;11;3;3300412;2018;12;9;6;3;5;3;0;1;1;0;0;0;0;0
208509;11;9;9200715;2018;12;15;5;3;6;2;2;0;1;1;0;0;0;0
208510;11;1;1200628;2018;12;9;6;3;5;2;0;1;1;0;0;0;0;0
208511;11;3;3701554;2018;12;18;5;3;1;5;2;1;1;0;0;0;0;1
208512;11;1;1100310;2018;12;18;5;3;5;2;2;1;1;0;0;0;0;0
208513;11;2;2400623;2018;12;7;6;3;5;2;2;1;1;0;0;0;0;0
208514;11;4;4501045;2018;12;20;1;2;6;4;2;0;1;1;0;0;0;1
208515;11;5;5300841;2018;12;15;5;3;5;3;0;0;1;0;0;0;0;0
208516;11;11;11501339;2018;12;17;5;3;5;3;2;1;1;0;0;0;0;0
208517;11;3;3501038;2018;12;7;5;3;0;3;2;1;1;0;0;0;0;0
208518;11;2;2500834;2018;12;21;5;3;6;2;2;0;0;1;0;0;1;0
208519;11;7;7400721;2018;12;17;4;3;2;2;1;0;1;0;0;0;0;1
208520;11;10;10100311;2018;12;17;5;2;6;4;2;0;0;1;0;0;1;1
208521;11;4;4200308;2018;12;15;5;3;1;6;2;0;1;0;0;1;0;1
208522;11;3;3601449;2018;12;20;5;2;6;7;2;0;1;1;0;0;0;1
208523;11;3;3200310;2018;12;17;5;3;5;3;2;0;1;0;0;0;0;1
208524;11;8;8300934;2018;12;19;1;3;5;3;2;0;1;0;0;0;0;1
208525;11;9;9200511;2018;12;20;5;3;6;7;2;0;1;1;0;0;0;1
208526;11;9;9200512;2018;12;17;5;2;8;1;2;0;0;0;1;0;0;0
208527;11;3;3701555;2018;12;19;5;3;6;7;2;0;1;1;0;0;0;1
208528;11;9;9200715;2018;12;18;1;3;5;3;2;0;1;0;0;0;0;1
208529;11;1;1400938;2018;12;17;5;3;6;2;2;0;1;1;0;0;0;0
208530;11;5;5100316;2018;12;19;5;2;6;2;2;0;1;1;0;0;0;1
208531;11;1;1100312;2018;12;19;5;3;2;6;2;0;1;0;0;0;0;1
208532;11;1;1401043;2018;12;16;5;3;6;2;2;0;0;1;0;0;1;1
208533;11;11;11300721;2018;12;18;5;3;2;6;2;0;1;0;0;0;1;1
208534;11;11;11300620;2018;12;18;5;3;2;6;2;0;1;0;0;0;0;1
208535;11;2;2100102;2018;12;7;4;3;5;2;1;1;1;0;0;0;0;0
208536;11;2;2400521;2018;12;18;5;3;5;3;2;1;1;0;0;0;0;0
208537;11;1;1300834;2018;12;5;5;3;5;2;2;1;1;0;0;0;0;0
208538;11;9;9401329;2018;12;9;4;3;5;3;0;0;1;0;0;0;0;1
208539;11;10;10400835;2018;12;22;4;3;0;1;2;0;0;0;1;0;0;1
208540;11;9;9200715;2018;12;6;5;3;5;3;1;1;1;0;0;0;0;0
208541;11;4;4500936;2018;12;20;4;2;6;4;2;1;0;1;0;0;0;0
208542;11;9;9502043;2018;12;6;5;3;5;2;1;1;1;0;0;0;0;0
208543;11;6;6100103;2018;12;16;4;3;6;2;1;0;1;1;0;0;0;1
208544;11;8;8401243;2018;12;8;5;3;2;6;0;0;1;0;0;0;0;0
208545;11;8;8100208;2018;12;15;4;3;5;3;0;0;1;0;0;0;0;1
208546;11;1;1200628;2018;12;8;5;3;0;2;1;0;1;0;0;0;1;0
208547;11;4;4200311;2018;12;9;4;3;2;6;0;1;1;0;0;0;0;1
208548;11;6;6400841;2018;12;11;4;3;5;3;0;1;1;0;0;0;0;0
208549;11;5;5100211;2018;12;9;5;3;5;3;0;1;1;0;0;0;0;1
208550;11;4;4501042;2018;12;11;4;3;6;4;0;0;1;1;0;0;0;0
208551;11;5;5400944;2018;12;11;5;3;2;6;0;0;1;0;0;0;0;0
208552;11;1;1401049;2018;12;12;4;3;5;2;0;1;0;0;0;0;1;0
208553;11;7;7100205;2018;12;16;4;3;6;2;2;0;1;1;0;0;0;1
208554;11;4;4400726;2018;12;12;4;3;6;4;0;0;1;1;0;0;0;0
208555;11;1;1100205;2018;12;13;5;2;6;4;0;0;1;1;0;0;0;0
208556;11;1;1100207;2018;12;13;4;3;6;4;0;0;1;1;0;0;0;0
208557;11;4;4200308;2018;12;0;4;3;2;6;2;0;1;0;0;0;0;0
208558;11;2;2100103;2018;12;13;5;3;3;6;0;0;1;0;0;0;0;0
208559;11;2;2200209;2018;12;9;4;3;5;2;0;1;1;0;0;0;0;0
208560;11;12;12500930;2018;12;14;5;3;6;4;0;0;0;1;1;0;0;1
208561;11;4;4200310;2018;12;13;4;2;2;6;0;0;1;0;0;0;0;0
208562;11;2;2200209;2018;12;12;5;3;0;7;0;1;1;0;0;0;0;0
208563;11;12;12601031;2018;12;14;4;3;5;3;0;1;1;0;0;0;0;1
208564;11;11;11100204;2018;12;6;4;3;0;1;2;0;0;0;1;0;0;2
208565;11;5;5400943;2018;12;15;5;3;6;2;0;0;1;1;0;0;0;1
208566;11;10;10200629;2018;12;9;4;2;0;1;0;1;0;0;0;0;0;2
208567;11;6;6200313;2018;12;15;4;3;1;5;0;0;1;0;1;0;0;1
208568;11;8;8100313;2018;12;15;4;3;5;2;1;0;1;0;0;0;0;1
208569;11;5;5100314;2018;12;15;5;3;6;4;1;0;1;1;0;0;0;0
208570;11;6;6100210;2018;12;8;4;2;0;1;0;1;0;0;0;0;0;2
208571;11;4;4300518;2018;12;15;5;3;1;5;0;1;1;0;0;0;0;1
208572;11;7;7200412;2018;12;6;4;2;0;1;2;0;0;0;1;0;0;2
208573;11;6;6100210;2018;12;16;5;2;3;6;1;0;1;0;1;0;0;1
208574;11;8;8100102;2018;12;5;4;3;9;1;2;0;1;0;0;0;0;2
208575;11;4;4300622;2018;12;17;5;2;2;1;1;0;1;0;0;0;0;1
208576;11;3;3400830;2018;12;13;4;2;6;4;0;0;1;1;0;0;0;1
208577;11;7;7400825;2018;12;2;6;3;1;1;2;0;1;0;0;0;0;1
208578;11;8;8100417;2018;12;17;5;3;5;3;1;0;1;0;0;0;1;0
208579;11;5;5100105;2018;12;16;4;3;5;2;1;1;1;0;0;0;0;1
208580;11;1;1100309;2018;12;21;4;3;1;5;2;0;1;0;0;0;0;0
208581;11;3;3300412;2018;12;9;4;3;5;3;0;0;1;0;0;0;0;0
208582;11;5;5100105;2018;12;20;4;3;0;1;2;0;0;0;1;0;0;1
208583;11;1;1100102;2018;12;18;4;3;5;3;2;1;1;0;0;0;0;1
208584;11;9;9200613;2018;12;18;4;3;5;3;2;1;1;0;0;0;0;0
208585;11;6;6400841;2018;12;12;5;3;5;2;0;1;1;0;0;0;0;1
208765;11;9;9200715;2018;12;18;2;3;2;2;2;0;1;0;0;0;0;1
208768;11;8;8100102;2018;12;18;2;2;5;3;2;1;1;0;0;0;0;1
208769;11;8;8100521;2018;12;23;2;3;5;3;2;0;1;0;0;0;0;1
208771;11;1;1300733;2018;12;22;2;3;2;6;2;0;1;0;0;0;0;0
208773;11;2;2100101;2018;12;20;2;3;2;3;2;0;1;0;0;0;0;1
208775;11;3;3601347;2018;12;19;2;3;5;3;2;0;1;0;0;0;0;1
208776;11;1;1401049;2018;12;18;2;3;0;6;2;0;1;0;1;0;0;1
208778;11;1;1300733;2018;12;14;2;3;6;4;0;1;1;1;0;0;0;0
208780;11;5;5200630;2018;12;14;2;3;2;6;0;0;1;0;0;0;0;0
208782;11;6;6100101;2018;12;14;2;2;0;1;0;1;0;0;0;0;0;0
208784;11;6;6400844;2018;12;13;2;3;5;3;0;1;1;0;0;0;0;0
208786;11;3;3300516;2018;12;13;2;3;5;2;0;1;1;0;0;0;0;0
208787;11;7;7400927;2018;12;12;2;2;5;3;0;0;1;0;0;0;0;0
208789;11;5;5100211;2018;12;12;2;3;6;2;0;0;1;1;0;0;0;0
208792;11;1;1401047;2018;12;11;2;3;3;6;0;1;1;0;0;0;0;0
208794;11;4;1200522;2018;12;11;2;3;2;6;0;0;1;0;0;0;0;0
208796;11;9;9501736;2018;12;16;1;3;5;3;1;0;1;0;0;0;1;0
208797;11;12;12601031;2018;12;23;1;2;6;2;2;0;1;1;0;0;0;0
208799;11;1;1300730;2018;12;22;1;3;5;3;2;0;1;0;0;0;0;0
208800;11;2;2500833;2018;12;1;1;3;0;1;2;1;0;0;0;0;0;1
208802;11;2;2100105;2018;12;1;7;3;5;2;2;1;1;0;0;0;0;0
208804;11;12;12400618;2018;12;0;7;3;2;6;2;0;1;0;0;0;0;0
208806;11;9;9200512;2018;12;15;7;3;5;7;0;0;1;0;0;0;0;1
208808;11;6;6100101;2018;12;11;7;3;8;1;0;0;1;0;0;0;0;1
208809;11;9;9501838;2018;12;10;7;3;8;7;0;0;1;0;0;0;0;1
208811;11;10;10100311;2018;12;23;7;2;6;6;2;0;1;1;0;0;0;1
208812;11;7;7100102;2018;12;23;7;3;6;2;2;0;1;1;0;0;0;1
208814;11;8;8200832;2018;12;21;7;3;6;4;2;0;1;1;0;0;0;1
208815;11;11;11200411;2018;12;21;7;3;6;4;2;0;1;1;0;0;0;1
208817;11;11;11501238;2018;12;20;7;2;1;7;2;1;0;0;0;0;0;1
208819;11;1;1300836;2018;12;20;7;3;2;6;2;0;1;0;0;0;0;1
208821;11;1;1300836;2018;12;20;7;2;6;4;2;0;1;1;0;0;0;1
208823;11;8;8100207;2018;12;19;7;2;5;3;2;1;1;0;0;0;0;0
208825;11;11;11400930;2018;12;10;7;2;0;1;0;1;0;0;0;0;0;1
208826;11;4;4300620;2018;12;10;7;3;5;7;0;1;1;0;0;0;0;1
208828;11;1;1300733;2018;12;2;7;1;8;1;2;0;1;1;0;0;0;1
208830;11;10;10200421;2018;12;17;6;3;6;2;2;0;1;1;0;0;0;1
208832;11;11;11200512;2018;12;14;6;2;5;2;1;0;1;0;0;0;0;0
208834;11;1;1401046;2018;12;14;6;3;2;4;0;0;1;1;0;0;0;1
208836;11;6;6300525;2018;12;13;6;3;5;3;0;0;1;0;0;0;0;0
208838;11;1;1100206;2018;12;12;6;3;3;6;0;0;1;0;0;0;0;1
208840;11;8;8100102;2018;12;12;6;3;5;3;0;0;1;0;0;0;0;1
208842;11;2;2100102;2018;12;10;6;3;5;3;0;0;1;0;0;0;0;1
208844;11;11;11100308;2018;12;10;6;3;9;7;0;0;1;0;0;0;0;1
208846;11;4;4200310;2018;12;10;6;3;5;3;0;0;1;0;0;0;0;0
208848;11;3;3501037;2018;12;10;6;3;5;7;0;1;1;0;0;0;0;1
208850;11;2;2500726;2018;12;9;6;3;2;6;0;0;1;0;0;0;0;1
208851;11;11;11300618;2018;12;9;6;2;0;7;1;1;0;0;0;0;0;1
208853;11;7;7400927;2018;12;7;6;3;5;3;1;0;1;0;0;0;0;1